action_id,action_name,action_type,hazard_name,sector_names,subsector_names,primary_purpose,description,cobenefits_airquality,cobenefits_waterquality,cobenefits_habitat,cobenefits_costofliving,cobenefits_housing,cobenefits_mobility,cobenefits_stakeholderengagement,equity_and_inclusion_considerations,ghgreduction_stationary_energy,ghgreduction_transportation,ghgreduction_waste,ghgreduction_ippu,ghgreduction_afolu,adaptation_effectiveness,cost_investment_needed,timeline_for_implementation,dependencies,key_performance_indicators,powers_and_mandates,adaptation_effectiveness_droughts,adaptation_effectiveness_heatwaves,adaptation_effectiveness_floods,adaptation_effectiveness_sealevelrise,adaptation_effectiveness_landslides,adaptation_effectiveness_storms,adaptation_effectiveness_wildfires,adaptation_effectiveness_diseases,biome
c40_0009,Novos Padrões de Construção,{mitigation},,{stationary_energy},{all},{ghg_reduction},"""Novos Padrões de Construção"" estabelecem diretrizes para a construção ambientalmente responsável, garantindo que novas estruturas sigam práticas de eficiência energética, reduzindo assim as emissões de carbono e promovendo o desenvolvimento urbano sustentável.",1,0,0,0,-1,0,0,"Os ""Novos Padrões de Construção"" promovem equidade e inclusão ao garantir que todas as novas construções, incluindo aquelas em comunidades vulneráveis ou carentes, sigam práticas de eficiência energética. Isso ajuda a reduzir os custos de energia para os residentes, tornando a habitação mais acessível e disponível. Além disso, ao priorizar o desenvolvimento urbano sustentável, esses padrões podem levar a melhores condições de vida e resultados de saúde nessas comunidades, que muitas vezes enfrentam encargos ambientais desproporcionais. Ademais, a implementação desses padrões pode criar oportunidades de emprego na construção verde, beneficiando os trabalhadores locais e promovendo o empoderamento econômico em áreas carentes. No geral, a ação considera as necessidades das populações vulneráveis ao promover práticas sustentáveis que melhoram sua qualidade de vida e estabilidade econômica.",0-19,,,,,,low,<5 years,"['Quadro regulatório para aplicar normas de construção', 'Disponibilidade de materiais de construção sustentáveis', 'Treinamento e educação para construtores e arquitetos sobre práticas de eficiência energética', 'Sistemas de monitoramento e avaliação para verificar a conformidade com as normas', 'Conscientização pública e apoio para práticas de construção sustentáveis']","['Redução nas emissões de carbono de novos edifícios', 'Percentagem de novos edifícios que cumprem os padrões de eficiência energética', 'Aumento no uso de materiais sustentáveis na construção', 'Número de edifícios certificados sob padrões de construção verde', 'Redução do consumo de energia em novas construções', 'Percentagem de projetos de desenvolvimento urbano que incorporam espaços verdes']",,,,,,,,,,none
c40_0010,Novos Padrões de Construção,{mitigation},,{stationary_energy},{residential_buildings},{ghg_reduction},"""Novos Padrões de Construção, Edifícios Residenciais"" estabelecem diretrizes para a construção ambientalmente responsável, garantindo que novas estruturas sigam práticas de eficiência energética, reduzindo assim as emissões de carbono e promovendo o desenvolvimento urbano sustentável.",1,0,0,0,-1,0,0,"A ação ""Novos Padrões de Construção, Edifícios Residenciais"" promove equidade e inclusão de várias maneiras:

1. **Acesso à Habitação Sustentável**: Ao estabelecer diretrizes para práticas energeticamente eficientes, a ação garante que todos os novos edifícios residenciais, incluindo aqueles em comunidades carentes, sejam construídos de forma ambientalmente responsável. Isso pode levar a custos de serviços públicos mais acessíveis para os residentes, beneficiando famílias de baixa renda.

2. **Ambientes de Vida Mais Saudáveis**: O foco no desenvolvimento urbano sustentável contribui para condições de vida mais saudáveis, o que é particularmente importante para populações vulneráveis que podem ser desproporcionalmente afetadas pela má qualidade da habitação e riscos ambientais.

3. **Criação de Empregos em Áreas Carentes**: A implementação de novos padrões de construção pode criar oportunidades de emprego na construção e em áreas relacionadas, especialmente em comunidades que podem carecer de recursos econômicos. Isso pode ajudar a impulsionar as economias locais e fornecer emprego para os residentes.

4. **Resiliência Comunitária**: Ao promover a eficiência energética e práticas sustentáveis, a ação aumenta a resiliência das comunidades aos impactos climáticos, o que é crucial para populações vulneráveis que podem ser mais suscetíveis a desafios relacionados ao clima.

5. **Desenvolvimento de Políticas Inclusivas**: O estabelecimento de padrões de construção muitas vezes envolve o engajamento de partes interessadas, o que pode incluir a contribuição de membros da comunidade, particularmente aqueles de origens carentes, garantindo que suas necessidades e perspectivas sejam consideradas no processo de desenvolvimento.

No geral, a ação integra equidade e inclusão ao garantir que todas as comunidades, especialmente aquelas que são vulneráveis ou carentes, se beneficiem de práticas de construção sustentáveis e condições de vida melhoradas.",20-39,,,,,,low,<5 years,"['Quadro regulatório para aplicar normas de construção', 'Disponibilidade de materiais de construção sustentáveis', 'Treinamento e educação para construtores e arquitetos sobre práticas de eficiência energética', 'Incentivos para desenvolvedores adotarem práticas de construção verde', 'Mecanismos de monitoramento e avaliação para verificar a conformidade com as normas']","['Redução do consumo de energia', 'Redução das emissões de carbono', 'Percentagem de edifícios que cumprem os padrões', 'Economia de custos com eficiência energética', 'Redução do uso de água', 'Uso de materiais sustentáveis', 'Satisfação dos ocupantes', 'Taxa de conformidade com os padrões de construção']",,,,,,,,,,none
c40_0012,Novos Padrões de Construção,{mitigation},,{stationary_energy},{commercial_and_institutional_buildings_and_facilities},{ghg_reduction},"""Novos Padrões de Construção, Edifícios Institucionais"" estabelecem diretrizes para a construção ambientalmente responsável, garantindo que novas estruturas sigam práticas de eficiência energética, reduzindo assim as emissões de carbono e promovendo o desenvolvimento urbano sustentável.",1,0,0,0,-1,0,0,"A ação ""Novos Padrões de Construção, Edifícios Institucionais"" promove equidade e inclusão de várias maneiras:

1. **Acesso a Ambientes Saudáveis**: Ao garantir que novos edifícios institucionais sejam construídos com práticas eficientes em termos de energia, a ação contribui para ambientes de vida e trabalho mais saudáveis para todos os membros da comunidade, beneficiando particularmente populações vulneráveis que podem ser mais suscetíveis a riscos ambientais.

2. **Criação de Empregos e Oportunidades Econômicas**: A implementação desses padrões de construção pode criar oportunidades de emprego na construção e em áreas relacionadas, especialmente para comunidades carentes. Isso pode ajudar a impulsionar economias locais e fornecer caminhos para empregos estáveis.

3. **Engajamento Comunitário**: O desenvolvimento de novos padrões de construção frequentemente envolve a participação da comunidade, garantindo que as vozes das populações carentes sejam ouvidas e consideradas no processo de tomada de decisão, promovendo um senso de propriedade e inclusão.

4. **Economia de Custos a Longo Prazo**: Edifícios eficientes em termos de energia podem levar a custos de serviços públicos mais baixos, o que é particularmente benéfico para famílias e comunidades de baixa renda. Esse alívio financeiro pode ajudar a reduzir disparidades econômicas e melhorar a qualidade de vida geral.

5. **Resiliência aos Impactos Climáticos**: Ao promover o desenvolvimento urbano sustentável, a ação ajuda a construir resiliência em comunidades que são frequentemente as mais afetadas pelas mudanças climáticas, garantindo que populações vulneráveis estejam melhor equipadas para lidar com desafios ambientais.

No geral, a ação integra equidade e inclusão ao abordar as necessidades de comunidades carentes, promover oportunidades econômicas e fomentar ambientes mais saudáveis.",20-39,,,,,,low,<5 years,"['Conformidade das empresas de construção com os novos padrões', 'Apoio de agências governamentais para fiscalização e monitoramento', 'Disponibilidade de programas de treinamento para construtores e arquitetos sobre práticas de eficiência energética', 'Conscientização e aceitação pública de práticas de construção sustentável', 'Acesso a financiamento ou incentivos para implementação de tecnologias de eficiência energética']","['Redução do consumo de energia', 'Redução das emissões de carbono', 'Percentagem de edifícios que atendem aos novos padrões', 'Economia de custos com eficiência energética', 'Redução do uso de água', 'Uso de materiais sustentáveis', 'Taxas de ocupação de edifícios', 'Taxa de conformidade com os códigos de construção', 'Redução do efeito de ilha de calor urbana', 'Feedback dos ocupantes dos edifícios sobre conforto e sustentabilidade']",,,,,,,,,,none
c40_0013,Novos Padrões de Construção,{mitigation},,{stationary_energy},{manufacturing_industries_and_construction},{ghg_reduction},"""Novos Padrões de Construção, Industrial"" estabelecem diretrizes para a construção ambientalmente responsável, garantindo que novas estruturas sigam práticas de eficiência energética, reduzindo assim as emissões de carbono e promovendo o desenvolvimento urbano sustentável.",1,0,0,0,-1,0,0,"A ação ""Novos Padrões de Construção, Industrial"" promove equidade e inclusão ao garantir que todas as novas estruturas, incluindo aquelas em comunidades vulneráveis ou carentes, sigam práticas de eficiência energética. Isso ajuda a reduzir os custos de energia para residentes e empresas nessas áreas, tornando a vida sustentável mais acessível. Além disso, ao priorizar a construção ambientalmente responsável, a ação apoia condições de vida mais saudáveis, o que pode beneficiar desproporcionalmente populações carentes que podem enfrentar maior exposição a riscos ambientais. Além disso, a implementação desses padrões pode criar oportunidades de emprego na construção verde, proporcionando benefícios econômicos para comunidades locais que podem ter sido historicamente marginalizadas. No geral, a ação promove um cenário de desenvolvimento urbano mais equitativo ao integrar a sustentabilidade na estrutura de todos os novos edifícios, elevando assim as comunidades vulneráveis.",20-39,,,,,,low,<5 years,"['Quadro regulatório para aplicar normas de construção', 'Disponibilidade de materiais de construção sustentáveis', 'Programas de formação e certificação para construtores e arquitetos', 'Mecanismos de monitoramento e conformidade para garantir a adesão às normas', 'Conscientização pública e apoio a práticas de construção sustentáveis']","['Redução nas emissões de carbono (toneladas/ano)', 'Percentual de novos edifícios que atendem aos padrões de eficiência energética', 'Consumo de energia por metro quadrado de novos edifícios', 'Percentual de materiais sustentáveis utilizados na construção', 'Número de novos edifícios certificados sob padrões de construção verde', 'Redução nos custos de energia para novos edifícios', 'Aumento no uso de energia renovável em novas construções', 'Taxa de conformidade com os padrões de construção']",,,,,,,,,,none
c40_0014,Normas de Edifícios Existentes,{mitigation},,{stationary_energy},{all},{ghg_reduction},"""Normas de Edifícios Existentes"" envolvem intervenções para melhorar o desempenho ambiental das estruturas atuais, visando aumentar a eficiência energética, reduzir emissões e melhorar a sustentabilidade geral dentro de uma cidade.",1,0,0,0,-1,0,0,"A ação climática ""Padrões de Edifícios Existentes"" promove equidade e inclusão ao focar nos seguintes aspectos:

1. **Foco em Comunidades Vulneráveis**: Ao melhorar o desempenho ambiental de edifícios existentes, a ação atende às necessidades de comunidades carentes que frequentemente residem em estruturas mais antigas e menos eficientes. Essas comunidades geralmente enfrentam custos de energia mais altos e condições de vida piores.

2. **Benefícios da Eficiência Energética**: Melhorar a eficiência energética em edifícios pode levar a contas de serviços públicos mais baixas, beneficiando diretamente as famílias de baixa renda. Esse alívio financeiro ajuda a aliviar os encargos econômicos sobre populações vulneráveis.

3. **Melhorias na Saúde**: Atualizar os padrões de construção pode levar a uma melhor qualidade do ar interno e condições de vida em geral, o que é particularmente benéfico para grupos marginalizados que podem ser mais suscetíveis a problemas de saúde relacionados a condições habitacionais precárias.

4. **Criação de Empregos e Treinamento**: A implementação desses padrões pode criar oportunidades de emprego na comunidade local, especialmente para indivíduos de origens carentes. Isso pode incluir programas de treinamento que equipam os residentes com habilidades necessárias para empregos verdes.

5. **Engajamento Comunitário**: O desenvolvimento e a implementação de padrões de construção frequentemente envolvem a participação da comunidade, garantindo que as vozes daqueles em comunidades vulneráveis sejam ouvidas e consideradas nos processos de tomada de decisão.

6. **Resiliência aos Impactos Climáticos**: Ao melhorar a sustentabilidade dos edifícios existentes, a ação ajuda as comunidades vulneráveis a se tornarem mais resilientes aos impactos das mudanças climáticas, como eventos climáticos extremos, promovendo assim a equidade a longo prazo.

No geral, a iniciativa ""Padrões de Edifícios Existentes"" considera inerentemente a equidade e a inclusão ao abordar as necessidades e desafios específicos enfrentados por comunidades carentes, promovendo, em última análise, um ambiente urbano mais sustentável e equitativo.",0-19,,,,,,low,<5 years,"['Disponibilidade de financiamento para reformas e atualizações', 'Acesso a mão de obra qualificada e empreiteiros para implementação', 'Conformidade com os códigos e regulamentos de construção locais', 'Disponibilidade de tecnologia e materiais para melhorias de eficiência energética', 'Apoio do governo local e partes interessadas para mudanças de políticas', 'Conscientização e aceitação pública dos padrões de construção e práticas de sustentabilidade']","['Redução do consumo de energia', 'Redução das emissões de gases de efeito estufa', 'Percentagem de edifícios que atendem aos novos padrões', 'Economia de custos com melhorias na eficiência energética', 'Aumento no uso de energia renovável', 'Satisfação e níveis de conforto dos ocupantes', 'Redução no uso de água', 'Melhoria na qualidade do ar interior', 'Taxa de conclusão de retrofit de edifícios', 'Taxa de conformidade com os padrões de construção existentes']",,,,,,,,,,none
c40_0015,Normas de Edifícios Existentes,{mitigation},,{stationary_energy},{residential_buildings},{ghg_reduction},"""Normas de Edifícios Existentes, Edifícios Residenciais"" envolvem intervenções para melhorar o desempenho ambiental das estruturas atuais, visando aumentar a eficiência energética, diminuir as emissões e melhorar a sustentabilidade geral dentro de uma cidade.",1,0,0,0,-1,0,0,"A ação climática ""Padrões de Edifícios Existentes, Edifícios Residenciais"" promove equidade e inclusão de várias maneiras:

1. **Focando em Comunidades Vulneráveis**: Ao concentrar-se em melhorar o desempenho ambiental de edifícios residenciais existentes, a ação atende às necessidades de comunidades de baixa renda e desatendidas que frequentemente residem em habitações mais antigas e menos eficientes. Essas populações geralmente enfrentam custos de energia mais altos e podem não ter recursos para fazer melhorias por conta própria.

2. **Benefícios da Eficiência Energética**: Melhorar a eficiência energética em edifícios residenciais pode levar a contas de serviços públicos mais baixas, o que beneficia diretamente as famílias de baixa renda. Esse alívio financeiro pode ajudar a aliviar os encargos econômicos e melhorar a qualidade de vida geral.

3. **Melhorias na Saúde**: Atualizar os padrões de construção pode levar a uma melhor qualidade do ar interno e reduzir a exposição a riscos ambientais, que afetam desproporcionalmente as populações vulneráveis. Isso contribui para melhores resultados de saúde para essas comunidades.

4. **Criação de Empregos e Oportunidades Econômicas**: A implementação de padrões de construção muitas vezes envolve trabalhos de retrofit e renovação, que podem criar oportunidades de emprego em comunidades locais, particularmente para aqueles que podem enfrentar barreiras ao emprego. Isso pode ajudar a estimular as economias locais e fornecer caminhos para o avanço econômico.

5. **Engajamento Comunitário**: O desenvolvimento e a implementação de padrões de construção podem envolver a participação da comunidade, garantindo que as vozes das populações desatendidas sejam ouvidas e consideradas nos processos de tomada de decisão. Isso promove um senso de propriedade e inclusão nos esforços de ação climática.

6. **Sustentabilidade a Longo Prazo**: Ao melhorar a sustentabilidade dos edifícios residenciais, a ação contribui para a resiliência das comunidades que são frequentemente as mais vulneráveis aos impactos climáticos, garantindo que estejam melhor equipadas para suportar mudanças ambientais.

No geral, a ação integra equidade e inclusão ao atender às necessidades específicas das comunidades desatendidas, promovendo benefícios de saúde e econômicos e garantindo a participação da comunidade no processo.",20-39,,,,,,low,<5 years,"['Disponibilidade de financiamento para reformas e atualizações', 'Acesso a mão de obra qualificada para implementar melhorias em edifícios', 'Conformidade com os códigos e regulamentos de construção locais', 'Disponibilidade de tecnologias e materiais energeticamente eficientes', 'Apoio do governo local e das partes interessadas para a implementação de políticas', 'Conscientização e aceitação pública das práticas de sustentabilidade']","['Redução do consumo de energia', 'Redução das emissões de gases de efeito estufa', 'Percentagem de edifícios que atendem aos novos padrões', 'Economia de custos com melhorias na eficiência energética', 'Aumento no uso de energia renovável', 'Satisfação e níveis de conforto dos ocupantes', 'Redução no uso de água', 'Melhoria na qualidade do ar interior', 'Taxa de edifícios reformados', 'Tempo necessário para conformidade com os padrões']",,,,,,,,,,none
c40_0016,Normas de Edifícios Existentes,{mitigation},,{stationary_energy},{commercial_and_institutional_buildings_and_facilities},{ghg_reduction},"Os ""Existing Building Standards, Commercial buildings"" envolvem intervenções para melhorar o desempenho ambiental das estruturas atuais, visando aumentar a eficiência energética, diminuir as emissões e melhorar a sustentabilidade geral dentro de uma cidade.",1,0,0,0,-1,0,0,"A ação climática ""Padrões de Edifícios Existentes, Edifícios Comerciais"" promove equidade e inclusão de várias maneiras:

1. **Acesso a Recursos**: Ao melhorar o desempenho ambiental de edifícios comerciais existentes, a ação pode ajudar a garantir que comunidades carentes tenham acesso a espaços mais eficientes em termos de energia, o que pode reduzir os custos de serviços públicos e melhorar as condições de vida em geral.

2. **Criação de Empregos**: As intervenções necessárias para modernizar edifícios frequentemente criam oportunidades de emprego, especialmente na construção e retrofit, o que pode beneficiar trabalhadores locais de comunidades vulneráveis, proporcionando-lhes emprego estável e desenvolvimento de habilidades.

3. **Benefícios para a Saúde**: Melhorar a sustentabilidade dos edifícios comerciais pode levar a uma melhor qualidade do ar e a uma redução dos riscos à saúde para os residentes em áreas carentes próximas, abordando preocupações de justiça ambiental.

4. **Engajamento Comunitário**: A implementação desses padrões pode envolver a colaboração com partes interessadas locais, garantindo que as vozes das comunidades vulneráveis sejam ouvidas e consideradas no processo de tomada de decisão.

5. **Resiliência a Longo Prazo**: Ao focar na eficiência energética e sustentabilidade, a ação ajuda a construir resiliência em comunidades carentes contra impactos climáticos, garantindo que estejam melhor preparadas para lidar com mudanças ambientais.

No geral, a ação integra equidade e inclusão ao atender às necessidades de populações vulneráveis, criar oportunidades econômicas e promover ambientes de vida mais saudáveis.",20-39,,,,,,low,<5 years,"['Disponibilidade de financiamento e incentivos financeiros para melhorias em edifícios', 'Acesso a mão de obra qualificada e empreiteiros para implementar melhorias', 'Conformidade com os códigos e regulamentos locais de construção', 'Disponibilidade de tecnologia e materiais para melhorias de eficiência energética', 'Envolvimento e apoio de proprietários e inquilinos de edifícios', 'Dados sobre o desempenho atual dos edifícios e uso de energia para avaliação']","['Redução do consumo de energia', 'Redução das emissões de gases de efeito estufa', 'Percentagem de edifícios que atendem aos padrões de eficiência energética', 'Economia de custos com melhorias de eficiência energética', 'Aumento no uso de energia renovável', 'Satisfação e níveis de conforto dos ocupantes', 'Taxa de conclusão de retrofit', 'Redução do uso de água', 'Níveis de certificação de edifícios (por exemplo, LEED, BREEAM)', 'Redução nos custos operacionais']",,,,,,,,,,none
c40_0017,Normas de Edifícios Existentes,{mitigation},,{stationary_energy},{commercial_and_institutional_buildings_and_facilities},{ghg_reduction},"""Normas de Edifícios Existentes, Edifícios Institucionais"" envolvem intervenções para melhorar o desempenho ambiental das estruturas atuais, visando aumentar a eficiência energética, reduzir emissões e melhorar a sustentabilidade geral dentro de uma cidade.",1,0,0,0,-1,0,0,"A ação climática ""Padrões de Edifícios Existentes, Edifícios Institucionais"" promove equidade e inclusão de várias maneiras:

1. **Foco em Edifícios Institucionais**: Ao concentrar-se em edifícios institucionais, que muitas vezes atendem comunidades vulneráveis ou carentes (como escolas, centros comunitários e instalações de saúde), a ação garante que esses espaços sejam melhorados, beneficiando aqueles que dependem deles para serviços essenciais.

2. **Eficiência Energética e Economia de Custos**: Melhorar a eficiência energética em edifícios existentes pode levar à redução dos custos de serviços públicos. Isso é particularmente benéfico para comunidades de baixa renda que podem ter dificuldades com contas de energia altas, aliviando assim os encargos financeiros e promovendo a equidade econômica.

3. **Saúde e Bem-estar**: Melhorar o desempenho ambiental dos edifícios pode levar a uma melhor qualidade do ar interno e a melhores resultados de saúde. Populações vulneráveis, que podem ser mais suscetíveis a problemas de saúde, têm muito a ganhar com ambientes de vida e trabalho mais saudáveis.

4. **Engajamento Comunitário**: A implementação de padrões de construção muitas vezes envolve a participação e o engajamento da comunidade, garantindo que as vozes das populações carentes sejam ouvidas e consideradas no processo de tomada de decisão.

5. **Criação de Empregos e Treinamento**: A modernização de edifícios existentes pode criar oportunidades de emprego na comunidade local, especialmente para aqueles de origens carentes. Isso pode incluir programas de treinamento que equipam indivíduos com habilidades necessárias para empregos verdes, promovendo a inclusão econômica.

6. **Resiliência aos Impactos Climáticos**: Ao melhorar a sustentabilidade dos edifícios institucionais, a ação aumenta a resiliência das comunidades que muitas vezes são desproporcionalmente afetadas pelas mudanças climáticas, garantindo que estejam melhor preparadas para os desafios ambientais.

No geral, esta ação climática integra equidade e inclusão ao abordar diretamente as necessidades das comunidades vulneráveis, promovendo saúde, benefícios econômicos e resiliência.",20-39,,,,,,low,<5 years,"['Disponibilidade de financiamento para reformas e atualizações', 'Acesso a mão de obra qualificada e empreiteiros para implementação', 'Conformidade com os códigos e regulamentos de construção locais', 'Disponibilidade de tecnologia e materiais para melhorias de eficiência energética', 'Apoio do governo local e partes interessadas para mudanças de políticas', 'Conscientização e aceitação pública de iniciativas de sustentabilidade']","['Redução do consumo de energia', 'Redução das emissões de gases de efeito estufa', 'Percentagem de edifícios que atendem aos padrões de eficiência energética', 'Economia de custos com melhorias de eficiência energética', 'Aumento no uso de energia renovável', 'Satisfação e níveis de conforto dos ocupantes', 'Redução do uso de água', 'Níveis de certificação de edifícios (por exemplo, LEED, BREEAM)', 'Taxa de conclusão de retrofit', 'Período médio de retorno sobre investimentos em eficiência energética']",,,,,,,,,,none
c40_0018,Normas de Edifícios Existentes,{mitigation},,{stationary_energy},{manufacturing_industries_and_construction},{ghg_reduction},"""Normas de Edifícios Existentes, Edifícios Industriais"" envolvem intervenções para melhorar o desempenho ambiental das estruturas atuais, visando aumentar a eficiência energética, diminuir as emissões e melhorar a sustentabilidade geral dentro de uma cidade.",1,0,0,0,-1,0,0,"A ação climática ""Padrões de Edifícios Existentes, Edifícios Industriais"" promove equidade e inclusão de várias maneiras:

1. **Foco em Comunidades Vulneráveis**: Ao melhorar o desempenho ambiental de edifícios existentes, a ação beneficia diretamente comunidades carentes que frequentemente residem em estruturas mais antigas e menos eficientes. Essas comunidades geralmente enfrentam custos de energia mais altos e pior qualidade do ar, portanto, melhorar os padrões de construção pode aliviar esses fardos.

2. **Criação de Empregos e Oportunidades Econômicas**: As intervenções necessárias para modernizar edifícios podem criar oportunidades de emprego, especialmente para trabalhadores locais em comunidades vulneráveis. Isso pode levar ao empoderamento econômico e ao desenvolvimento de habilidades para indivíduos que podem ter acesso limitado ao emprego em outros setores.

3. **Benefícios para a Saúde**: Melhorar a eficiência energética e reduzir as emissões em edifícios industriais pode levar a uma melhor qualidade do ar e a riscos reduzidos à saúde para os residentes próximos, muitos dos quais podem pertencer a populações carentes. Esta ação aborda a justiça ambiental ao mitigar disparidades de saúde ligadas à poluição.

4. **Engajamento Comunitário**: A implementação de padrões de construção frequentemente envolve a participação e o engajamento da comunidade, garantindo que as vozes das populações vulneráveis sejam ouvidas no processo de tomada de decisão. Isso promove um senso de propriedade e inclusão nos esforços de ação climática.

5. **Sustentabilidade a Longo Prazo**: Ao focar em estruturas existentes, a ação promove o desenvolvimento sustentável que beneficia todos os membros da comunidade, garantindo que as melhorias não sejam apenas para áreas afluentes, mas também para aquelas que historicamente foram negligenciadas.

No geral, a ação climática integra equidade e inclusão ao abordar as necessidades específicas de comunidades vulneráveis, criar oportunidades econômicas e melhorar os resultados de saúde por meio de padrões de construção aprimorados.",20-39,,,,,,low,<5 years,"['Disponibilidade de financiamento para reformas e atualizações', 'Acesso a mão de obra qualificada para a implementação de melhorias', 'Conformidade com os códigos e regulamentos de construção locais', 'Disponibilidade de tecnologia e materiais para melhorias de eficiência energética', 'Apoio do governo local e partes interessadas para mudanças de políticas', 'Dados sobre o desempenho atual dos edifícios e emissões para avaliação de referência']","['Redução do consumo de energia', 'Redução das emissões de gases de efeito estufa', 'Percentagem de edifícios que atendem aos novos padrões', 'Economia de custos com melhorias na eficiência energética', 'Aumento no uso de energia renovável', 'Satisfação e níveis de conforto dos ocupantes', 'Redução do uso de água', 'Taxas de redução e reciclagem de resíduos', 'Níveis de certificação de edifícios (por exemplo, LEED, BREEAM)', 'Retorno sobre o investimento (ROI) para projetos de retrofit']",,,,,,,,,,none
c40_0021,Redes de Calor,{mitigation},,{stationary_energy},{all},{ghg_reduction},"""Redes de Calor"" envolvem o desenvolvimento de sistemas eficientes para a distribuição de calor, promovendo a conservação de energia e reduzindo a pegada de carbono em áreas urbanas. Esta iniciativa visa melhorar a sustentabilidade da infraestrutura de aquecimento dentro da cidade.",1,0,0,1,0,0,0,"A iniciativa ""Redes de Calor"" promove equidade e inclusão ao focar nos seguintes aspectos:

1. **Acesso a Aquecimento Acessível**: Ao desenvolver sistemas de aquecimento eficientes, a iniciativa visa reduzir os custos de energia, beneficiando particularmente as famílias de baixa renda que podem ter dificuldades com despesas elevadas de aquecimento.

2. **Melhoria nos Resultados de Saúde**: Comunidades vulneráveis frequentemente enfrentam riscos de saúde associados ao aquecimento inadequado. A iniciativa aborda isso garantindo que todos os residentes tenham acesso a aquecimento confiável e suficiente, melhorando assim a saúde pública em geral.

3. **Engajamento Comunitário**: O planejamento e a implementação de redes de calor podem envolver comunidades locais, garantindo que as vozes de populações desatendidas sejam ouvidas e consideradas nos processos de tomada de decisão.

4. **Criação de Empregos**: O desenvolvimento e a manutenção de redes de calor podem criar oportunidades de emprego em áreas desatendidas, contribuindo para a equidade econômica e proporcionando treinamento para os residentes locais.

5. **Justiça Ambiental**: Ao reduzir pegadas de carbono e promover a conservação de energia, a iniciativa ajuda a mitigar os impactos das mudanças climáticas que afetam desproporcionalmente as comunidades vulneráveis, promovendo assim a equidade ambiental.

6. **Investimento em Infraestrutura**: O foco em melhorar a infraestrutura de aquecimento em áreas urbanas pode levar a serviços aprimorados em bairros historicamente negligenciados, promovendo uma maior inclusão nos esforços de desenvolvimento urbano.",40-59,,,,,,high,5-10 years,"['Investimento em infraestrutura para construir e manter redes de calor', 'Colaboração com o governo local e partes interessadas para planejamento e implementação', 'Acesso a fontes de energia renovável para fornecer calor', 'Conscientização e aceitação pública das redes de calor', 'Estruturas regulatórias que apoiam iniciativas de eficiência energética e sustentabilidade']","['Redução nas emissões de carbono (toneladas/ano)', 'Melhoria na eficiência energética (% de aumento)', 'Percentagem de edifícios conectados a redes de aquecimento (%)', 'Economia de custos para os consumidores ($/ano)', 'Redução de perda de calor no sistema de distribuição (% de diminuição)', 'Aumento no uso de fontes de energia renovável (%)', 'Taxa de satisfação do usuário (%)', 'Confiabilidade operacional das redes de aquecimento (% de tempo de atividade)', 'Investimento em infraestrutura ($)', 'Redução no consumo de energia (MWh/ano)']",,,,,,,,,,none
c40_0023,Emissões de Ônibus,{mitigation},,{transportation},{on-road},{ghg_reduction},"A mitigação das ""Emissões de Ônibus"" foca na redução do impacto ambiental das frotas de ônibus. A implementação de tecnologias e combustíveis mais limpos ajuda a minimizar as emissões, contribuindo para a melhoria da qualidade do ar e para um transporte urbano sustentável.",1,0,0,0,0,0,0,"A ação de mitigação ""Emissões de Ônibus"" promove equidade e inclusão ao focar em melhorias na qualidade do ar, beneficiando diretamente comunidades vulneráveis e desatendidas que muitas vezes são desproporcionalmente afetadas pela poluição. Ao implementar tecnologias e combustíveis mais limpos nas frotas de ônibus, a ação reduz emissões nocivas em áreas onde residem populações de baixa renda e grupos marginalizados, abordando assim preocupações de justiça ambiental. Além disso, melhorar o transporte urbano por meio de ônibus mais limpos garante que todos os membros da comunidade, incluindo aqueles que dependem do transporte público, tenham acesso a opções de transporte mais saudáveis e sustentáveis. Essa abordagem promove a inclusão ao priorizar as necessidades daqueles que podem ter mobilidade ou recursos financeiros limitados, garantindo que os benefícios de um ar mais limpo e de um transporte melhorado sejam distribuídos de forma equitativa.",,20-39,,,,,medium,<5 years,"['Disponibilidade de tecnologias e combustíveis mais limpos para frotas de ônibus', 'Investimento em infraestrutura para apoiar operações de ônibus mais limpos', 'Apoio regulatório e incentivos para a adoção de ônibus de baixa emissão', 'Conscientização pública e aceitação de opções de transporte mais limpas', 'Colaboração entre governo, autoridades de trânsito e fabricantes']","['Redução nas emissões de CO2 (toneladas)', 'Percentual da frota de ônibus utilizando tecnologias limpas', 'Eficiência de combustível da frota de ônibus (milhas por galão)', 'Número de ônibus reformados ou substituídos por modelos mais limpos', 'Métricas de melhoria da qualidade do ar (por exemplo, níveis de PM2.5)', 'Taxas de utilização do transporte público', 'Economia de custos com melhorias na eficiência de combustível', 'Percentual de redução nas emissões de óxidos de nitrogênio (NOx)']",,,,,,,,,,none
c40_0024,Emissões de Ferry,{mitigation},,{transportation},{waterborne_navigation},{ghg_reduction},"As estratégias de redução de ""Ferry Emissions"" visam diminuir a pegada ambiental do transporte aquático. A implementação de combustíveis mais limpos e tecnologias de controle de emissões melhora a sustentabilidade das operações de ferry, preservando os ecossistemas marinhos.",1,1,0,0,0,0,0,"As estratégias de redução de ""Emissões de Ferry"" promovem equidade e inclusão ao priorizar a saúde e o bem-estar de comunidades vulneráveis ou carentes que dependem dos serviços de ferry para transporte. Ao implementar combustíveis mais limpos e tecnologias de controle de emissões, a ação aborda diretamente os problemas de qualidade do ar que afetam desproporcionalmente bairros de baixa renda e comunidades de cor localizadas perto das rotas de ferry.

Além disso, melhorar a sustentabilidade das operações de ferry ajuda a garantir que essas comunidades tenham acesso a opções de transporte confiáveis e ecologicamente corretas, o que pode melhorar a mobilidade e as oportunidades econômicas. O foco na preservação dos ecossistemas marinhos também beneficia essas comunidades, pois muitas vezes dependem de vias navegáveis saudáveis para pesca, recreação e turismo, apoiando assim seus meios de subsistência e práticas culturais. No geral, a ação reconhece e aborda as necessidades específicas das populações carentes, promovendo um sistema de transporte mais equitativo.",,20-39,,,,,medium,5-10 years,"['Disponibilidade de alternativas de combustíveis mais limpos para operações de ferry', 'Desenvolvimento e implementação de tecnologias de controle de emissões', 'Estruturas regulatórias que apoiam a redução de emissões', 'Investimento em infraestrutura para distribuição de combustíveis mais limpos', 'Colaboração com operadores de ferry e partes interessadas para adoção de práticas sustentáveis', 'Pesquisa e desenvolvimento de soluções inovadoras no transporte marítimo']","['Redução nas emissões de CO2 (toneladas)', 'Percentual de balsas usando combustíveis mais limpos', 'Redução nas emissões de material particulado (toneladas)', 'Número de balsas equipadas com tecnologias de controle de emissões', 'Consumo de combustível por milha por passageiro', 'Percentual de redução nas emissões totais das balsas', 'Taxa de conformidade com as regulamentações ambientais', 'Indicadores de saúde do ecossistema marinho']",,,,,,,,,,coastal_marine
c40_0025,Emissões de Caminhões,{mitigation},,{transportation},{on-road},{ghg_reduction},"A mitigação das ""Emissões de Caminhões"" envolve a adoção de combustíveis e tecnologias mais limpas para reduzir o impacto ambiental do transporte de carga. Esta iniciativa visa diminuir a poluição do ar, promover a sustentabilidade e melhorar a eficiência geral da logística urbana.",1,0,0,0,0,0,0,"A iniciativa de mitigação ""Emissões de Caminhões"" promove equidade e inclusão ao abordar o impacto desproporcional da poluição do ar em comunidades vulneráveis e carentes, muitas vezes localizadas perto de corredores de carga. Ao adotar combustíveis e tecnologias mais limpas, a ação beneficia diretamente essas comunidades ao melhorar a qualidade do ar, o que é crucial para a saúde pública, especialmente para populações de baixa renda e comunidades de cor que podem ter acesso limitado a recursos de saúde.

Além disso, a iniciativa melhora a sustentabilidade e a eficiência da logística urbana, o que pode levar a oportunidades econômicas e criação de empregos nessas áreas carentes. Ao priorizar métodos de transporte mais limpos, a ação apoia uma distribuição mais equitativa dos benefícios ambientais, garantindo que comunidades marginalizadas não sejam deixadas para trás na transição para uma economia mais verde. No geral, o foco na redução de emissões está alinhado com o objetivo de fomentar comunidades mais saudáveis e resilientes, que muitas vezes são as mais afetadas pela degradação ambiental.",,20-39,,,,,medium,<5 years,"['Disponibilidade de alternativas de combustíveis mais limpos', 'Desenvolvimento e adoção de tecnologias avançadas de redução de emissões', 'Estruturas regulatórias e políticas de apoio', 'Investimento em infraestrutura para opções de frete mais limpas', 'Colaboração entre as partes interessadas nos setores de logística e transporte']","['Redução nas emissões de CO2 (toneladas)', 'Percentual de caminhões usando combustíveis mais limpos', 'Melhoria na eficiência de combustível (milhas por galão)', 'Redução nas emissões de material particulado (PM2.5)', 'Aumento no número de caminhões elétricos ou híbridos', 'Economia de custos com melhorias na eficiência de combustível', 'Percentual de redução nos níveis de poluição do ar urbano', 'Número de empresas de logística adotando práticas sustentáveis']",,,,,,,,,,none
c40_0026,Emissões de Veículos,{mitigation},,{transportation},{on-road},{ghg_reduction},"As estratégias de redução de ""Vehicle Emissions"" concentram-se em minimizar o impacto ambiental de todos os tipos de veículos. A implementação de tecnologias mais limpas e a promoção de combustíveis alternativos contribuem para a redução das emissões, promovendo um transporte sustentável e ecológico.",1,0,0,0,0,0,0,"As estratégias de redução de ""Emissões de Veículos"" promovem inerentemente a equidade e a inclusão ao abordar os impactos ambientais que afetam desproporcionalmente comunidades vulneráveis e carentes. Essas comunidades frequentemente enfrentam níveis mais altos de poluição do ar e problemas de saúde relacionados devido à proximidade com áreas de tráfego intenso e zonas industriais. Ao implementar tecnologias mais limpas e promover combustíveis alternativos, a ação beneficia diretamente essas populações ao melhorar a qualidade do ar e reduzir os riscos à saúde.

Além disso, o foco em transporte sustentável e ecológico pode melhorar o acesso a opções de transporte acessíveis e eficientes para comunidades carentes, que podem não ter transporte público confiável. Essa inclusão garante que todos os membros da comunidade, independentemente do status socioeconômico, possam se beneficiar de um ar mais limpo e melhores resultados de saúde pública. No geral, a ação reconhece e aborda as necessidades específicas das populações vulneráveis, promovendo uma abordagem mais equitativa para a ação climática.",,80-100,,,,,medium,<5 years,"['Desenvolvimento e disponibilidade de tecnologias de veículos mais limpos', 'Infraestrutura para distribuição de combustíveis alternativos', 'Políticas e regulamentações governamentais que apoiam a redução de emissões', 'Conscientização pública e aceitação de opções de transporte ecológicas', 'Investimento em pesquisa e desenvolvimento de soluções de transporte sustentável']","['Redução nas emissões de veículos (CO2, NOx, PM)', 'Percentagem de veículos utilizando combustíveis alternativos', 'Número de veículos elétricos nas estradas', 'Melhorias na eficiência de combustível (milhas por galão)', 'Taxa de adoção de tecnologias mais limpas', 'Redução no consumo de combustíveis fósseis', 'Taxas de uso de transporte público', 'Melhorias no índice de qualidade do ar', 'Percentagem de zonas de baixa emissão estabelecidas', 'Investimento em infraestrutura de transporte sustentável']",,,,,,,,,,none
c40_0027,Melhorias Ferroviárias,{mitigation},,{transportation},{railways},{ghg_reduction},"""Melhorias Ferroviárias"" envolvem aprimorar a eficiência e sustentabilidade dos sistemas ferroviários. Ao investir em modernização e práticas ecológicas, as cidades visam promover o transporte ferroviário como um modo de transporte de baixa emissão e eficiente em termos de energia.",1,0,0,0,0,0,0,"A ação climática ""Melhorias Ferroviárias"" promove equidade e inclusão de várias maneiras:

1. **Acessibilidade para Comunidades Desfavorecidas**: Ao melhorar os sistemas ferroviários, a ação visa proporcionar melhor acesso ao transporte público para populações vulneráveis, incluindo indivíduos de baixa renda e comunidades que podem não ter opções de transporte confiáveis.

2. **Transporte Acessível**: Sistemas ferroviários modernizados e eficientes podem levar a custos operacionais mais baixos, o que pode se traduzir em tarifas mais acessíveis para os passageiros, beneficiando aqueles que são economicamente desfavorecidos.

3. **Criação de Empregos**: O investimento em melhorias ferroviárias pode criar oportunidades de emprego na construção, manutenção e operação, beneficiando particularmente as comunidades locais que podem enfrentar taxas de desemprego mais altas.

4. **Redução do Impacto Ambiental**: Ao promover o transporte ferroviário de baixa emissão, a ação aborda preocupações de justiça ambiental, já que comunidades desfavorecidas muitas vezes sofrem mais com a poluição e os impactos das mudanças climáticas.

5. **Engajamento Comunitário**: O planejamento e a implementação das melhorias ferroviárias podem envolver a participação das comunidades locais, garantindo que as necessidades e preferências de populações diversas sejam consideradas no processo de desenvolvimento.

6. **Benefícios para a Saúde**: Sistemas ferroviários melhorados podem levar à redução da poluição do ar e do congestionamento do tráfego, contribuindo para melhores resultados de saúde para comunidades vulneráveis que são desproporcionalmente afetadas por riscos ambientais.

No geral, a iniciativa ""Melhorias Ferroviárias"" é projetada para melhorar a equidade no transporte e apoiar a inclusão de comunidades desfavorecidas nos esforços de desenvolvimento sustentável.",,40-59,,,,,high,5-10 years,"['Investimento em infraestrutura e tecnologia para sistemas ferroviários', 'Políticas e regulamentos governamentais que apoiam o transporte sustentável', 'Parcerias públicas e privadas para financiamento e implementação', 'Apoio da comunidade e conscientização pública sobre os benefícios ferroviários', 'Disponibilidade de materiais e práticas ecológicas para modernização']","['Redução nas emissões de gases de efeito estufa do transporte ferroviário', 'Aumento no número de passageiros de trem', 'Percentagem de trens utilizando fontes de energia renovável', 'Melhoria na eficiência energética dos sistemas ferroviários', 'Redução no tempo de viagem para passageiros de trem', 'Aumento no transporte de carga por ferrovia', 'Avaliações de satisfação dos clientes para os serviços ferroviários', 'Investimento em melhorias na infraestrutura ferroviária', 'Redução nos custos de manutenção dos sistemas ferroviários', 'Percentagem da rede ferroviária eletrificada']",,,,,,,,,,none
c40_0028,Ônibus de Emissão Zero,{mitigation},,{transportation},{on-road},{ghg_reduction},"Iniciativas de ""Ônibus de Emissão Zero"" focam na integração de tecnologias elétricas ou outras tecnologias de emissão zero nas frotas de transporte público. Esta estratégia visa eliminar as emissões dos ônibus tradicionais, contribuindo para um ar mais limpo e um sistema de transporte urbano mais sustentável.",2,0,0,0,0,0,0,"A iniciativa ""Ônibus de Emissão Zero"" promove equidade e inclusão ao priorizar ar mais limpo em áreas urbanas, que muitas vezes incluem comunidades vulneráveis ou carentes que são desproporcionalmente afetadas pela poluição do ar. Ao fazer a transição para ônibus elétricos ou de emissão zero, a iniciativa aborda diretamente as disparidades de saúde enfrentadas por essas populações, melhorando sua qualidade de vida geral.

Além disso, a integração de tecnologias de emissão zero no transporte público melhora a acessibilidade a opções de transporte confiáveis e sustentáveis para indivíduos de baixa renda que podem depender do transporte público para seus deslocamentos diários. Isso garante que todos os membros da comunidade, independentemente do status socioeconômico, tenham acesso equitativo a transporte limpo.

Além disso, a iniciativa pode criar oportunidades de emprego na manutenção e operação de ônibus de emissão zero, particularmente em comunidades que historicamente enfrentaram desvantagens econômicas. Isso pode ajudar a fomentar a inclusão econômica e apoiar o desenvolvimento da força de trabalho local.

No geral, o foco da iniciativa na redução de emissões e na melhoria do transporte público está alinhado com as necessidades das comunidades carentes, promovendo justiça ambiental e acesso equitativo a soluções de transporte limpo.",,20-39,,,,,high,<5 years,"['Disponibilidade de tecnologia de ônibus elétrico ou de emissão zero', 'Investimento em infraestrutura de carregamento para ônibus elétricos', 'Políticas e regulamentos governamentais de apoio que promovem o transporte de emissão zero', 'Financiamento público ou incentivos financeiros para agências de trânsito', 'Treinamento e desenvolvimento de força de trabalho para manutenção e operação de novas tecnologias', 'Aceitação pública e demanda por opções de transporte público mais limpas']","['Número de ônibus de emissão zero implantados', 'Redução nas emissões de gases de efeito estufa', 'Percentual da frota de transporte público que é de emissão zero', 'Métricas de melhoria da qualidade do ar', 'Economia de custos operacionais com ônibus de emissão zero', 'Níveis de utilização pública', 'Consumo de energia por milha', 'Custos de manutenção de ônibus de emissão zero', 'Avaliações de satisfação dos usuários', 'Redução na poluição sonora']",,,,,,,,,,none
c40_0029,Frota de VE,{mitigation},,{transportation},{on-road},{ghg_reduction},"Iniciativas de ""EV Fleet"" envolvem a transição de frotas de veículos municipais para veículos elétricos (EVs). Ao adotar o transporte elétrico, as cidades reduzem emissões, diminuem a poluição do ar e contribuem para a adoção geral de soluções de mobilidade sustentáveis e ecológicas.",1,0,0,0,0,0,0,"As iniciativas de ""Frota de VE"" promovem equidade e inclusão de várias maneiras:

1. **Melhoria da Qualidade do Ar**: Ao reduzir as emissões e diminuir a poluição do ar, essas iniciativas beneficiam diretamente comunidades vulneráveis e carentes que muitas vezes estão localizadas perto de áreas de tráfego intenso e são desproporcionalmente afetadas pela má qualidade do ar.

2. **Acesso a Transporte Limpo**: A transição para veículos elétricos pode melhorar o acesso a opções de transporte mais limpas para todos os membros da comunidade, incluindo aqueles em bairros de baixa renda que podem depender de serviços municipais para mobilidade.

3. **Criação de Empregos e Oportunidades Econômicas**: A implementação de frotas de VE pode criar oportunidades de emprego na manutenção, operação e desenvolvimento de infraestrutura de veículos elétricos, proporcionando benefícios econômicos para populações carentes.

4. **Engajamento Comunitário**: Essas iniciativas frequentemente envolvem a participação e o engajamento da comunidade, garantindo que as vozes de grupos marginalizados sejam ouvidas e consideradas no planejamento e execução de soluções de transporte.

5. **Economia de Custos a Longo Prazo**: Ao investir em veículos elétricos, os municípios podem reduzir os custos operacionais ao longo do tempo, permitindo potencialmente o reinvestimento em serviços comunitários que beneficiam os residentes de baixa renda.

No geral, as iniciativas de ""Frota de VE"" são projetadas para abordar a justiça ambiental, priorizando a saúde e o bem-estar econômico de comunidades vulneráveis enquanto promovem soluções de transporte sustentáveis.",,0-19,,,,,high,5-10 years,"['Disponibilidade de infraestrutura de carregamento para veículos elétricos', 'Acesso a financiamento e incentivos financeiros para a compra de VEs', 'Apoio do governo local e estruturas políticas que promovem a adoção de VEs', 'Conscientização e aceitação pública de veículos elétricos', 'Disponibilidade de uma cadeia de suprimentos confiável para VEs e componentes relacionados', 'Treinamento e recursos para o pessoal municipal sobre manutenção e operação de VEs']","['Número de veículos elétricos na frota', 'Redução nas emissões de gases de efeito estufa', 'Diminuição nos níveis de poluição do ar', 'Economia de custos com combustível e manutenção', 'Percentual da frota que foi convertida para elétrica', 'Aumento na conscientização e aceitação pública dos VEs', 'Redução no consumo de combustíveis fósseis', 'Milhas percorridas por veículos elétricos', 'Disponibilidade de infraestrutura de carregamento', 'Melhorias na eficiência operacional']",,,,,,,,,,none
c40_0031,Trânsito Inteligente,{mitigation},,{transportation},{all},{ghg_reduction},"""Smart Transit"" envolve a integração de tecnologias avançadas e soluções baseadas em dados para aumentar a eficiência e a eficácia dos sistemas de transporte público. Ao incorporar tecnologias inteligentes, as cidades visam otimizar as rotas de trânsito, melhorar a confiabilidade do serviço e proporcionar uma experiência de deslocamento mais fluida e sustentável para os residentes.",1,0,0,1,0,2,0,"A iniciativa ""Smart Transit"" promove equidade e inclusão ao aprimorar os sistemas de transporte público que são cruciais para comunidades vulneráveis e carentes. Ao otimizar as rotas de trânsito e melhorar a confiabilidade do serviço, a ação garante que essas comunidades tenham melhor acesso a serviços essenciais, oportunidades de emprego e atividades sociais.

Além disso, a integração de tecnologias avançadas pode ajudar a identificar e atender às necessidades específicas de populações carentes, como aquelas com deficiência ou indivíduos de baixa renda, garantindo que o sistema de transporte seja responsivo às suas necessidades. O foco em uma experiência de deslocamento contínua e sustentável também contribui para a redução dos custos de transporte e dos impactos ambientais, que afetam desproporcionalmente os grupos marginalizados. No geral, a iniciativa visa criar um cenário de transporte mais equitativo que beneficie todos os residentes, particularmente aqueles que historicamente enfrentaram barreiras à mobilidade.",,0-19,,,,,medium,5-10 years,"['Disponibilidade de tecnologias avançadas para coleta e análise de dados', 'Investimento em infraestrutura para apoiar sistemas de trânsito inteligentes', 'Colaboração entre agências governamentais, autoridades de trânsito e fornecedores de tecnologia', 'Aceitação pública e engajamento dos usuários com soluções de trânsito inteligentes', 'Acesso a dados em tempo real para otimização de rotas e confiabilidade do serviço', 'Modelos de financiamento sustentáveis para manter e expandir iniciativas de trânsito inteligentes']","['Redução nas emissões de gases de efeito estufa', 'Aumento no número de passageiros do transporte público', 'Tempo médio de espera para transporte público', 'Percentual de pontualidade', 'Índice de satisfação do cliente', 'Economia de custos com rotas otimizadas', 'Percentual de rotas utilizando tecnologia inteligente', 'Redução nos custos operacionais de transporte', 'Aumento nas opções de transporte multimodal', 'Frequência de melhorias no serviço']",,,,,,,,,,none
c40_0032,Acesso ao Transporte Público,{mitigation},,{transportation},{all},{ghg_reduction},"As iniciativas de ""Acesso ao Trânsito"" concentram-se em melhorar o acesso a pé, de bicicleta e ao trânsito integrado para criar uma rede de transporte urbano mais interconectada e sustentável. Isso envolve o aprimoramento da infraestrutura e a promoção de opções multimodais para reduzir a dependência de veículos individuais.",1,0,0,1,0,2,0,"As iniciativas de ""Acesso ao Trânsito"" promovem equidade e inclusão por meio de:

1. **Melhorar a Acessibilidade**: Ao aprimorar a infraestrutura para pedestres e ciclistas, as iniciativas garantem que indivíduos em comunidades carentes, que podem não ter acesso a veículos particulares, possam navegar pelas áreas urbanas de forma mais fácil e segura.

2. **Opções Multimodais**: A promoção de opções de trânsito integradas oferece diversas escolhas de transporte, atendendo às necessidades variadas de populações vulneráveis, incluindo indivíduos de baixa renda, idosos e pessoas com deficiência.

3. **Reduzir Barreiras de Transporte**: Ao focar no transporte urbano sustentável, as iniciativas visam reduzir o ônus financeiro associado à posse e manutenção de automóveis, tornando a mobilidade mais acessível para comunidades carentes.

4. **Incentivar o Transporte Ativo**: Ao promover a caminhada e o ciclismo, as iniciativas apoiam estilos de vida mais saudáveis, o que pode ser particularmente benéfico para comunidades que podem não ter acesso a instalações recreativas ou recursos de saúde.

5. **Engajamento Comunitário**: O desenvolvimento de redes de trânsito interconectadas frequentemente envolve a participação das comunidades locais, garantindo que as vozes das populações vulneráveis sejam ouvidas e consideradas no planejamento de transporte.

6. **Justiça Ambiental**: Ao reduzir a dependência de veículos individuais, as iniciativas contribuem para um ar mais limpo e um ambiente mais saudável, beneficiando desproporcionalmente comunidades carentes que podem estar localizadas perto de áreas de tráfego intenso e são mais vulneráveis à poluição.",,20-39,,,,,medium,5-10 years,"['Investimento em melhorias de infraestrutura para caminhos de pedestres e ciclovias', 'Colaboração com governos locais e autoridades de trânsito para planejamento integrado de transporte', 'Campanhas de conscientização pública para promover os benefícios do transporte multimodal', 'Financiamento e recursos para projetos de transporte sustentável', 'Coleta e análise de dados para avaliar as necessidades de transporte e padrões de uso']","['Aumento no uso do transporte público', 'Redução nas viagens de veículos de ocupação única', 'Percentual da população a uma distância a pé do transporte público', 'Aumento na quilometragem da infraestrutura cicloviária', 'Satisfação dos usuários com os serviços de transporte', 'Redução nas emissões de gases de efeito estufa do transporte', 'Aumento nas viagens multimodais', 'Percentual de ruas com instalações para pedestres melhoradas', 'Aumento no uso do programa de compartilhamento de bicicletas', 'Redução nos níveis de congestionamento de tráfego']",,,,,,,,,,none
c40_0033,Áreas de 15/30 Minutos,{mitigation},,{transportation},{all},{ghg_reduction},"""Áreas de 15/30 Minutos"" referem-se ao desenvolvimento de bairros completos onde serviços essenciais, comodidades e transporte público são facilmente acessíveis a uma caminhada ou passeio de bicicleta de 15 ou 30 minutos. Esta abordagem de planejamento urbano promove a sustentabilidade ao reduzir a necessidade de viagens de longa distância e fomentar a resiliência comunitária.",1,0,0,0,0,2,0,"A ação climática ""Áreas de 15/30 Minutos"" promove equidade e inclusão ao garantir que serviços e comodidades essenciais sejam acessíveis a todos os membros da comunidade, beneficiando particularmente populações vulneráveis ou desatendidas que podem não ter transporte confiável. Ao projetar bairros onde recursos chave estão a uma curta distância a pé ou de bicicleta, essa abordagem reduz barreiras de acesso para indivíduos de baixa renda, idosos e pessoas com deficiência.

Além disso, o foco na integração do transporte público melhora as opções de mobilidade para aqueles que podem não possuir um veículo, apoiando ainda mais o acesso equitativo a empregos, educação e saúde. O desenvolvimento de bairros completos fomenta um senso de comunidade e pertencimento, incentivando interações sociais entre grupos diversos e promovendo a inclusão. No geral, essa estratégia de planejamento urbano aborda ativamente as necessidades de comunidades marginalizadas, garantindo que não sejam deixadas para trás na transição para uma vida sustentável.",,0-19,,,,,medium,<5 years,"['Disponibilidade de serviços e comodidades essenciais a uma distância que pode ser percorrida a pé ou de bicicleta', 'Investimento em infraestrutura de transporte público', 'Envolvimento da comunidade e apoio a iniciativas de planejamento local', 'Regulamentações de zoneamento que promovem o desenvolvimento de uso misto', 'Princípios de design urbano sustentável que priorizam a caminhabilidade e a ciclabilidade', 'Colaboração entre o governo local, planejadores urbanos e residentes']","['Percentagem de residentes a 15/30 minutos de serviços essenciais', 'Redução na distância média de deslocamento', 'Aumento nas taxas de transporte ativo (caminhada/bicicleta)', 'Taxas de uso de transporte público', 'Redução nas emissões de gases de efeito estufa do transporte', 'Satisfação da comunidade com as comodidades locais', 'Número de novos negócios estabelecidos em áreas de 15/30 minutos', 'Aumento de espaços verdes per capita', 'Frequência de eventos comunitários e atividades de engajamento', 'Mudança nos valores de propriedades em áreas de 15/30 minutos']",,,,,,,,,,none
c40_0034,Proibições de Materiais,{mitigation},,{waste},{disposal_of_solid_waste_generated_in_the_city},{ghg_reduction},"""As Proibições de Materiais"" envolvem a imposição de restrições a materiais descartáveis ou não recicláveis para reduzir o impacto ambiental. Ao proibir certos materiais, as cidades visam promover o uso de alternativas sustentáveis, contribuindo para a redução de resíduos e a conservação ambiental geral.",0,1,0,0,0,0,0,"A ação climática ""Proibição de Materiais"" promove equidade e inclusão ao abordar o impacto desproporcional do lixo e da poluição em comunidades vulneráveis e carentes. Ao reduzir materiais de uso único e não recicláveis, a ação ajuda a melhorar a saúde ambiental em áreas que frequentemente são mais afetadas por problemas de gestão de resíduos.

Além disso, a promoção de alternativas sustentáveis pode criar oportunidades econômicas para negócios locais, especialmente aqueles em áreas carentes, ao incentivar o desenvolvimento e a distribuição de produtos ecológicos. Isso pode levar à criação de empregos e ao apoio às economias locais.

Além do mais, a implementação de proibições de materiais frequentemente envolve engajamento e educação comunitária, garantindo que as vozes de grupos marginalizados sejam ouvidas e consideradas no processo de tomada de decisão. Essa abordagem participativa promove um senso de pertencimento e empoderamento entre os membros da comunidade, aumentando a equidade social.

No geral, a ação não só visa reduzir o impacto ambiental, mas também considera ativamente as necessidades e contribuições das populações vulneráveis, promovendo uma transição para a sustentabilidade mais inclusiva e equitativa.",,,0-19,,,,low,<5 years,"['Consciência pública e apoio para questões ambientais', 'Disponibilidade de alternativas sustentáveis para materiais proibidos', 'Mecanismos de fiscalização eficazes para garantir o cumprimento das proibições', 'Colaboração com empresas para a transição para práticas ecológicas', 'Programas de educação e divulgação para informar a comunidade sobre as mudanças']","['Redução no consumo de materiais descartáveis', 'Aumento nas taxas de reciclagem', 'Quantidade de resíduos desviados de aterros sanitários', 'Número de alternativas sustentáveis adotadas', 'Níveis de conscientização e engajamento público', 'Taxa de conformidade entre as empresas', 'Redução de lixo em espaços públicos', 'Redução da pegada de carbono associada a proibições de materiais']",,,,,,,,,,none
c40_0035,Eficiência de Resíduos,{mitigation},,{waste},{all},{ghg_reduction},"As iniciativas de ""Eficiência de Resíduos"" visam melhorar a eficiência dos processos de coleta de resíduos, reduzindo o consumo de recursos e minimizando o impacto ambiental. Isso inclui a otimização dos sistemas de gestão de resíduos para aumentar a eficiência energética e promover práticas sustentáveis de descarte de resíduos.",0,1,0,0,0,0,0,"As iniciativas de ""Eficiência de Resíduos"" promovem equidade e inclusão ao focar em comunidades carentes que muitas vezes sofrem com sistemas de gestão de resíduos ineficientes. Ao otimizar os processos de coleta de resíduos, essas iniciativas podem reduzir o fardo ambiental sobre populações vulneráveis, que podem viver em áreas desproporcionalmente afetadas por resíduos e poluição.

Além disso, melhorar a eficiência energética na gestão de resíduos pode levar a economias de custos, que podem ser reinvestidas em serviços comunitários ou infraestrutura que beneficiem bairros de baixa renda. A promoção de práticas sustentáveis de descarte de resíduos também garante que todos os membros da comunidade, independentemente do status socioeconômico, tenham acesso a opções ambientalmente responsáveis, promovendo um senso de responsabilidade compartilhada e inclusão nos esforços de ação climática.

No geral, essas iniciativas reconhecem os desafios únicos enfrentados por comunidades carentes e visam criar um sistema de gestão de resíduos mais equitativo que beneficie todos os residentes.",,,80-100,,,,medium,<5 years,"['Infraestrutura e tecnologia eficazes de gestão de resíduos', 'Colaboração com governos locais e autoridades de gestão de resíduos', 'Conscientização pública e educação sobre práticas de descarte de resíduos', 'Acesso a dados para monitorar e otimizar processos de coleta de resíduos', 'Investimento em instalações sustentáveis de processamento de resíduos']","['Redução nos custos de coleta de resíduos', 'Percentual de redução de resíduos enviados para aterros sanitários', 'Aumento nas taxas de reciclagem', 'Consumo de energia por tonelada de resíduos coletados', 'Redução de emissões de carbono na gestão de resíduos', 'Satisfação do cliente com os serviços de coleta de resíduos', 'Volume de resíduos processados por métodos sustentáveis', 'Eficiência operacional das rotas de coleta de resíduos']",,,,,,,,,,none
c40_0036,Gestão de Aterros Sanitários,{mitigation},,{waste},{all},{ghg_reduction},"Estratégias de ""Gestão de Aterros Sanitários"" focam em práticas responsáveis e sustentáveis de aterros para minimizar a degradação ambiental. Ao adotar técnicas de gestão eficazes, as cidades visam reduzir a pegada ecológica associada aos locais de aterro e incentivar a redução de resíduos.",1,1,0,0,0,0,0,"As estratégias de ""Gestão de Aterros Sanitários"" promovem equidade e inclusão ao abordar os impactos ambientais dos locais de aterro, que muitas vezes afetam desproporcionalmente comunidades vulneráveis e carentes. Essas comunidades frequentemente residem perto de aterros e são mais suscetíveis a riscos de saúde associados à poluição e à degradação ambiental. Ao implementar práticas de aterro responsáveis e sustentáveis, a ação visa reduzir esses impactos negativos, melhorando assim a qualidade de vida dos residentes nessas áreas.

Além disso, técnicas eficazes de redução de resíduos podem criar oportunidades para o engajamento e a participação da comunidade, permitindo que populações carentes tenham voz nas decisões ambientais locais. Essa inclusão promove um senso de pertencimento e empoderamento entre os membros da comunidade, garantindo que suas necessidades e preocupações sejam consideradas na gestão dos locais de aterro. No geral, a ação reconhece e busca mitigar as desigualdades enfrentadas por comunidades marginalizadas em relação à gestão de resíduos e à saúde ambiental.",,,60-79,,,,medium,<5 years,"['Práticas eficazes de segregação de resíduos para garantir o descarte e reciclagem adequados', 'Investimento em tecnologia para tratamento de resíduos e monitoramento de aterros sanitários', 'Envolvimento e educação da comunidade sobre redução de resíduos e reciclagem', 'Estruturas regulatórias e políticas que apoiam práticas sustentáveis de aterros sanitários', 'Colaboração com governos locais e organizações para compartilhamento de recursos e melhores práticas']","['Redução do volume de resíduos em aterros', 'Percentagem de resíduos desviados de aterros', 'Taxa de captura de gás de aterro', 'Qualidade do solo e da água ao redor dos locais de aterro', 'Frequência das inspeções de aterros', 'Níveis de conscientização e engajamento público', 'Economia de custos com práticas aprimoradas de gestão de aterros', 'Conformidade com as regulamentações ambientais']",,,,,,,,,,none
c40_0037,Separação na Fonte,{mitigation},,{waste},{all},{ghg_reduction},"As políticas de ""Source Separation"" envolvem a adoção de práticas como a coleta separada de recicláveis secos e resíduos orgânicos compostáveis. Ao incentivar os residentes a separar seus resíduos na fonte, as cidades promovem a reciclagem, reduzem a contaminação e contribuem para a eficiência geral da gestão de resíduos.",0,0,0,0,0,0,0,"As políticas de ""Separação na Fonte"" promovem equidade e inclusão por meio de:

1. **Acessibilidade**: Ao implementar sistemas de coleta separados, as cidades podem garantir que todos os residentes, incluindo aqueles em comunidades vulneráveis ou desatendidas, tenham acesso a serviços de reciclagem e compostagem. Isso ajuda a abordar disparidades nos serviços de gestão de resíduos.

2. **Engajamento Comunitário**: Essas políticas frequentemente envolvem esforços de divulgação e educação adaptados a comunidades diversas, garantindo que todos os residentes compreendam a importância da separação de resíduos e como participar efetivamente, promovendo assim um senso de inclusão.

3. **Criação de Empregos**: A implementação da separação na fonte pode criar oportunidades de emprego nos setores de gestão de resíduos e reciclagem, beneficiando particularmente comunidades desatendidas que podem enfrentar taxas de desemprego mais altas.

4. **Benefícios para a Saúde**: Ao reduzir a contaminação e melhorar a gestão de resíduos, essas políticas podem levar a ambientes mais limpos em áreas desatendidas, que frequentemente enfrentam níveis mais altos de poluição e riscos à saúde associados.

5. **Empoderamento**: Incentivar os residentes a participar ativamente da separação de resíduos os capacita a assumir a responsabilidade pela saúde ambiental de sua comunidade, promovendo um senso de agência e responsabilidade entre todos os membros da comunidade, particularmente aqueles de origens marginalizadas.

No geral, as políticas de ""Separação na Fonte"" são projetadas para serem inclusivas e equitativas, garantindo que todos os membros da comunidade possam participar e se beneficiar de práticas de gestão de resíduos aprimoradas.",,,0-19,,,,medium,<5 years,"['Conscientização pública e educação sobre a importância da separação de resíduos', 'Disponibilidade de infraestrutura de coleta adequada para diferentes tipos de resíduos', 'Apoio do governo local e estruturas políticas', 'Envolvimento e participação da comunidade em programas de gestão de resíduos', 'Acesso a instalações de reciclagem e compostagem', 'Mecanismos de monitoramento e fiscalização para garantir a conformidade']","['Percentagem de resíduos desviados de aterros', 'Taxa de participação em programas de separação na fonte', 'Volume de recicláveis coletados', 'Volume de resíduos orgânicos compostados', 'Taxa de contaminação de recicláveis', 'Níveis de conscientização e educação pública', 'Economia de custos com a redução do uso de aterros', 'Redução das emissões de gases de efeito estufa na gestão de resíduos']",,,,,,,,,,none
c40_0039,Gestão de Gases,{mitigation},,{waste},{all},{ghg_reduction},"A ""Gestão de Gases"" em aterros sanitários envolve a captura de lixiviados e a gestão de gases de aterro para mitigar riscos ambientais. A implementação de sistemas eficazes de gestão de gases contribui para a redução das emissões de gases de efeito estufa e melhora a sustentabilidade geral da gestão de resíduos.",1,0,0,0,0,0,0,"A ação ""Gestão de Gases"" em aterros sanitários promove equidade e inclusão ao abordar riscos ambientais que afetam desproporcionalmente comunidades vulneráveis ou carentes. Ao capturar lixiviados e gerenciar gases de aterro, essa ação reduz emissões nocivas que podem levar a problemas de saúde, especialmente em bairros de baixa renda frequentemente localizados perto de aterros.

Além disso, sistemas eficazes de gestão de gases contribuem para a melhoria da qualidade do ar e da saúde pública, beneficiando todos os membros da comunidade, especialmente aqueles que podem não ter acesso a recursos de saúde. A implementação desses sistemas também pode criar oportunidades de emprego na área local, proporcionando benefícios econômicos para populações carentes. No geral, esta ação climática reconhece e aborda as necessidades específicas das comunidades vulneráveis, garantindo que recebam as proteções ambientais e de saúde necessárias para condições de vida equitativas.",,,60-79,,,,high,5-10 years,"['Disponibilidade de tecnologia para captura de gás e gestão de lixiviados', 'Estruturas regulatórias que apoiam práticas de gestão de gás de aterro', 'Investimento em infraestrutura para sistemas eficazes de gestão de gás', 'Treinamento e expertise do pessoal em operações de aterro', 'Conscientização pública e apoio da comunidade para iniciativas de gestão de aterros']","['Redução nas emissões de gases de efeito estufa (equivalente de CO2)', 'Volume de gás de aterro capturado', 'Percentagem de lixiviado tratado', 'Energia gerada a partir do gás de aterro capturado', 'Economia de custos com sistemas de gestão de gás', 'Taxa de conformidade com regulamentos ambientais', 'Redução nas reclamações de odor', 'Aumento na vida útil do aterro']",,,,,,,,,,none
c40_0040,Coleta Baseada em Volume,{mitigation},,{waste},{all},{ghg_reduction},"As políticas de ""Coleta Baseada em Volume"" incentivam a redução de resíduos ao implementar taxas ou incentivos com base na quantidade de resíduos gerados. Essa abordagem encoraja os residentes a minimizar a produção de resíduos, contribuindo para as metas gerais de redução de resíduos.",0,0,0,0,0,0,0,"As políticas de ""Coleta Baseada em Volume"" promovem equidade e inclusão ao:

1. **Incentivar a Participação**: Ao vincular taxas ou incentivos à quantidade de resíduos gerados, a política encoraja todos os residentes, incluindo aqueles de comunidades vulneráveis ou carentes, a participarem ativamente nos esforços de redução de resíduos. Isso pode capacitar essas comunidades a assumirem a responsabilidade por suas práticas de gestão de resíduos.

2. **Alívio Financeiro para Geradores de Baixo Volume**: Famílias que produzem menos resíduos, frequentemente encontradas em comunidades carentes, podem se beneficiar de taxas mais baixas, proporcionando-lhes alívio financeiro e incentivando práticas sustentáveis sem impor um fardo desproporcional.

3. **Conscientização e Educação**: A implementação de políticas baseadas em volume frequentemente inclui componentes educacionais que informam os residentes sobre estratégias de redução de resíduos. Isso pode beneficiar particularmente as comunidades carentes, fornecendo-lhes conhecimento e recursos para reduzir efetivamente os resíduos.

4. **Engajamento Comunitário**: A política pode fomentar o engajamento comunitário ao envolver os residentes em discussões sobre gestão e estratégias de redução de resíduos, garantindo que as vozes das populações vulneráveis sejam ouvidas e consideradas no processo de tomada de decisão.

5. **Alocação Equitativa de Recursos**: Ao focar na redução de resíduos, a política pode levar a uma alocação mais equitativa de recursos para serviços de gestão de resíduos, garantindo que as comunidades carentes recebam suporte e infraestrutura adequados para gerenciar seus resíduos de forma eficaz.",,,80-100,,,,low,5-10 years,"['Programas eficazes de comunicação e educação para informar os residentes sobre os benefícios da redução de resíduos', 'Um sistema confiável de medição de resíduos para rastrear com precisão o volume de resíduos gerados', 'Apoio do governo local e dos formuladores de políticas para implementar e fazer cumprir as políticas de coleta baseadas em volume', 'Disponibilidade de opções alternativas de gestão de resíduos, como instalações de reciclagem e compostagem', 'Envolvimento e participação da comunidade para fomentar uma cultura de sustentabilidade e redução de resíduos']","['Redução no total de resíduos gerados', 'Aumento nas taxas de reciclagem', 'Taxa de participação no programa de coleta baseado em volume', 'Média de resíduos por domicílio', 'Economia de custos com a redução do descarte de resíduos', 'Níveis de conscientização e engajamento público', 'Mudança nas taxas de compostagem']",,,,,,,,,,none
c40_0042,Expansão da Biodiversidade,{mitigation},,{afolu},,{ghg_reduction},"As iniciativas de ""Expansão da Biodiversidade"" visam preservar e expandir os espaços verdes, promovendo a biodiversidade dentro das áreas urbanas. Ao preservar habitats naturais, as cidades melhoram os serviços ecossistêmicos e criam ambientes resilientes que apoiam uma flora e fauna diversificadas.",1,1,1,0,0,0,0,"As iniciativas de ""Expansão da Biodiversidade"" promovem equidade e inclusão ao garantir que comunidades carentes tenham acesso a espaços verdes preservados, que muitas vezes são escassos em áreas urbanas. Ao focar no aumento da biodiversidade nesses bairros, a ação aborda a justiça ambiental ao melhorar a qualidade de vida de populações vulneráveis que podem enfrentar maior exposição à poluição e acesso limitado à natureza. Além disso, a criação de ambientes resilientes apoia uma flora e fauna diversificadas, o que pode melhorar os ecossistemas locais dos quais essas comunidades dependem para benefícios recreativos, culturais e econômicos. No geral, a iniciativa promove um senso de propriedade comunitária e envolvimento na preservação de habitats naturais, garantindo que as vozes de grupos marginalizados sejam incluídas no planejamento urbano e na gestão ambiental.",,,,,40-59,,low,5-10 years,"['Disponibilidade de financiamento para projetos de espaços verdes', 'Envolvimento e apoio da comunidade para iniciativas de biodiversidade', 'Colaboração com governos locais e organizações ambientais', 'Acesso a pesquisas científicas sobre ecossistemas locais', 'Estruturas regulatórias que apoiam a conservação de terras e o planejamento urbano']","['Aumento na área de espaços verdes (hectares)', 'Número de espécies nativas introduzidas', 'Melhoria no índice de biodiversidade', 'Percentagem de áreas urbanas com espaços verdes acessíveis', 'Envolvimento da comunidade em programas de biodiversidade', 'Redução no efeito de ilha de calor urbano', 'Aumento nas populações de polinizadores', 'Melhoria nas métricas de qualidade do ar', 'Número de parcerias com organizações locais de conservação', 'Métricas de conscientização e educação pública']",,,,,,,,,,none
c40_0046,Proteção Costeira,{adaptation},{floods},,,{climate_resilience},"As estratégias de ""Proteção Costeira"" incluem a construção de muros marítimos e estruturas de proteção para mitigar o impacto do aumento do nível do mar e da erosão costeira. Esta medida de adaptação aumenta a resiliência das áreas costeiras e protege as comunidades dos impactos das mudanças climáticas.",0,0,1,0,0,0,0,"As estratégias de ""Proteção Costeira"" promovem inerentemente a equidade e a inclusão ao focar na proteção de comunidades costeiras vulneráveis que são frequentemente as mais afetadas pelos impactos das mudanças climáticas, como a elevação do nível do mar e a erosão. Essas comunidades frequentemente incluem populações de baixa renda, grupos marginalizados e aqueles com recursos limitados para se adaptar às mudanças ambientais.

Ao construir muros marítimos e estruturas de proteção, a ação aborda diretamente as necessidades dessas populações desatendidas, garantindo sua segurança e estabilidade diante das ameaças climáticas. Além disso, a implementação de tais estratégias frequentemente envolve o engajamento e a participação da comunidade, permitindo que os residentes afetados tenham voz no processo de tomada de decisão, o que promove um senso de pertencimento e inclusão.

Além disso, o foco em aumentar a resiliência nessas áreas ajuda a proteger não apenas a infraestrutura física, mas também o bem-estar social e econômico das comunidades, promovendo assim o acesso equitativo a recursos e oportunidades no contexto da adaptação climática.",,,,,,high,high,5-10 years,"['Disponibilidade de financiamento e recursos para a construção e manutenção de estruturas de proteção', 'Acesso a expertise em engenharia para projetar muros de contenção e defesas costeiras eficazes', 'Colaboração com comunidades locais e partes interessadas para planejamento e implementação', 'Aprovações regulatórias e conformidade com leis e políticas ambientais', 'Pesquisa e dados sobre padrões de erosão costeira e projeções de aumento do nível do mar']","['Redução na taxa de erosão costeira', 'Aumento no valor das propriedades costeiras', 'Número de comunidades protegidas', 'Extensão da área protegida por muros de contenção', 'Frequência de eventos de inundação', 'Níveis de conscientização e preparação da comunidade', 'Custo-efetividade das medidas de proteção', 'Saúde da biodiversidade em áreas costeiras']",,,,"""high""",,,,,,coastal_marine
c40_0047,Armazenamento de Água,{adaptation},{droughts},,,{climate_resilience},"""Soluções de Armazenamento de Água"" e armazenamento por bombeamento melhoram a gestão dos recursos hídricos, garantindo disponibilidade durante períodos de escassez. Esta estratégia de adaptação contribui para o uso sustentável da água e resiliência aos desafios relacionados ao clima.",0,1,0,0,0,0,0,"As soluções de ""Armazenamento de Água"" e armazenamento por bombeamento promovem diretamente a equidade e a inclusão, garantindo que comunidades vulneráveis ou carentes tenham acesso confiável a recursos hídricos, especialmente em tempos de escassez. Ao aprimorar a gestão de recursos hídricos, essas soluções ajudam a mitigar os impactos desproporcionais das mudanças climáticas nessas comunidades, que muitas vezes enfrentam maiores desafios para acessar água limpa e suficiente.

Além disso, o foco no uso sustentável da água apoia a resiliência a longo prazo dessas comunidades, permitindo que lidem melhor com os desafios relacionados ao clima. Esta ação reconhece as necessidades específicas das populações carentes, garantindo que não sejam deixadas para trás diante da escassez de água e dos impactos climáticos. No geral, a implementação dessas estratégias de gestão da água promove uma distribuição mais equitativa dos recursos, capacitando comunidades vulneráveis a prosperar apesar dos desafios ambientais.",,,,,,high,medium,5-10 years,"['Disponibilidade de locais adequados para infraestrutura de armazenamento de água', 'Acesso à tecnologia para sistemas de armazenamento por bombeamento eficientes', 'Investimento e financiamento para construção e manutenção de instalações de armazenamento de água', 'Colaboração com comunidades locais para práticas sustentáveis de gestão da água', 'Estruturas regulatórias que apoiam a gestão de recursos hídricos e estratégias de adaptação climática']","['Volume de água armazenada', 'Percentual de redução em incidentes de escassez de água', 'Taxa de eficiência no uso da água', 'Número de comunidades beneficiadas por soluções de armazenamento de água', 'Economia de custos com a melhoria da gestão da água', 'Aumento da produtividade agrícola devido ao fornecimento de água confiável', 'Índice de resiliência dos ecossistemas locais', 'Frequência de interrupções no fornecimento de água', 'Satisfação dos usuários com a disponibilidade de água', 'Redução de conflitos relacionados à água']",,"""high""",,,,,,,,none
c40_0048,Melhoria da Drenagem,{adaptation},{floods},,,{climate_resilience},"""Sistemas de Drenagem Melhorados"" envolve soluções de ecoengenharia para aprimorar os sistemas de drenagem, mitigando o risco de inundações. Esta medida de adaptação visa melhorar a resiliência urbana, minimizando o impacto de eventos climáticos extremos.",0,0,0,0,0,0,0,"A ação climática ""Melhoria da Drenagem"" promove equidade e inclusão ao direcionar especificamente comunidades vulneráveis ou carentes que muitas vezes são desproporcionalmente afetadas por inundações e eventos climáticos extremos. Ao implementar soluções de ecoengenharia, a ação atende às necessidades dessas comunidades, garantindo que elas se beneficiem de uma resiliência urbana aprimorada.

Além disso, o foco na melhoria dos sistemas de drenagem ajuda a proteger bairros de baixa renda, que podem carecer de infraestrutura adequada, reduzindo assim o risco de inundações e danos associados. Essa abordagem proativa não só protege o ambiente físico, mas também apoia a estabilidade social e econômica dessas comunidades, promovendo um cenário urbano mais equitativo.

No geral, a ação reconhece os desafios únicos enfrentados por populações carentes e visa criar um ambiente urbano mais inclusivo, priorizando sua segurança e bem-estar diante das mudanças climáticas.",,,,,,high,medium,5-10 years,"['Disponibilidade de financiamento para projetos de ecoengenharia', 'Colaboração com governos locais e partes interessadas para planejamento e implementação', 'Acesso a tecnologia avançada e materiais para melhorias de drenagem', 'Dados sobre padrões climáticos históricos e riscos de inundação para um design eficaz', 'Envolvimento e apoio da comunidade para medidas de adaptação']","['Redução de incidentes de inundação', 'Melhoria na capacidade de drenagem', 'Tempo de resposta a eventos de inundação', 'Satisfação da comunidade com os sistemas de drenagem', 'Economia de custos com a redução de danos por inundações', 'Aumento de elementos de infraestrutura verde', 'Melhoria da biodiversidade em áreas de drenagem', 'Conscientização e educação pública sobre questões de drenagem']",,,,"""high""",,,,,,none
c40_0051,Sombreamento Público,{adaptation},{heatwaves},,,{climate_resilience},"""Ação de Sombreamento Público"" envolve a implementação de estruturas de sombra em espaços públicos, contribuindo para os esforços de ecoengenharia. Esta medida de adaptação melhora o conforto ao ar livre, reduz o estresse térmico e promove o design urbano sustentável.",0,0,0,0,0,0,0,"A ação climática ""Sombreamento Público"" promove equidade e inclusão por meio de:

1. **Acessibilidade para Populações Vulneráveis**: Ao fornecer sombra em espaços públicos, a ação beneficia diretamente comunidades vulneráveis, incluindo indivíduos de baixa renda, idosos e aqueles com condições de saúde que os tornam mais suscetíveis ao estresse térmico.

2. **Conforto Externo Aprimorado**: A implementação de estruturas de sombra melhora o conforto externo para todos os membros da comunidade, incentivando um maior uso dos espaços públicos por populações desatendidas que, de outra forma, poderiam evitá-los devido ao calor extremo.

3. **Design Urbano Sustentável**: O foco na ecoengenharia e no design sustentável garante que os benefícios da ação climática sejam integrados ao ambiente urbano, promovendo espaços inclusivos que atendem às diversas necessidades da comunidade.

4. **Engajamento Comunitário**: O desenvolvimento de iniciativas de sombreamento público muitas vezes envolve a participação da comunidade, garantindo que as vozes das populações desatendidas sejam ouvidas e consideradas no processo de planejamento.

5. **Benefícios para a Saúde**: Ao reduzir o estresse térmico, a ação contribui para melhores resultados de saúde para grupos marginalizados que podem não ter acesso a ar condicionado ou outros recursos de resfriamento, promovendo assim a equidade em saúde.

No geral, a iniciativa ""Sombreamento Público"" atende às necessidades das comunidades vulneráveis, garantindo que as medidas de adaptação climática sejam inclusivas e equitativas.",,,,,,high,low,<5 years,"['Disponibilidade de financiamento para a construção e manutenção de estruturas de sombra', 'Colaboração com planejadores urbanos e arquitetos para integração de design', 'Envolvimento da comunidade para garantir apoio e uso público', 'Avaliação das condições climáticas locais para determinar soluções de sombreamento ideais', 'Conformidade com regulamentos locais e leis de zoneamento em relação a modificações de espaços públicos']","['Redução na temperatura média da superfície em áreas sombreadas', 'Aumento no uso de espaços públicos durante as horas de pico de calor', 'Número de estruturas de sombra instaladas', 'Avaliações de satisfação dos usuários das áreas sombreadas', 'Diminuição nos incidentes de saúde relacionados ao calor', 'Aumento da biodiversidade em áreas sombreadas', 'Economia de energia em edifícios próximos devido à redução de calor', 'Envolvimento e participação da comunidade em iniciativas de sombreamento']",,,"""high""",,,,,,,none
c40_0053,Economia de Água,{adaptation},{droughts},,,{climate_resilience},"Tecnologias de ""Economia de Água"", incluindo a captação de água da chuva, visam conservar os recursos hídricos. Esta medida de adaptação envolve ações tecnológicas para aprimorar os esforços de ecoengenharia, garantindo o uso sustentável da água diante das condições climáticas em mudança.",0,1,0,0,0,0,0,"As tecnologias de ""Economia de Água"", como a captação de água da chuva, promovem equidade e inclusão ao abordar diretamente as necessidades de comunidades vulneráveis e desatendidas que frequentemente enfrentam escassez de água e acesso limitado a recursos hídricos limpos. Ao implementar essas tecnologias, a ação garante que populações marginalizadas possam se beneficiar de práticas sustentáveis de uso da água, que são cruciais para sua saúde e meios de subsistência.

Além disso, o foco nos esforços de ecoengenharia na medida de adaptação destaca um compromisso com soluções ambientalmente sustentáveis que podem ser acessíveis a todos os membros da comunidade, independentemente do status socioeconômico. Essa abordagem promove o engajamento e o empoderamento da comunidade, permitindo que grupos desatendidos participem dos processos de tomada de decisão relacionados à gestão da água.

Além disso, ao melhorar a conservação da água diante das mudanças climáticas, a ação ajuda a mitigar os impactos desproporcionais das escassezes de água relacionadas ao clima em populações vulneráveis, promovendo assim resiliência e equidade na distribuição de recursos. No geral, a iniciativa reconhece e aborda os desafios específicos enfrentados por comunidades desatendidas, garantindo que elas sejam incluídas nos benefícios das estratégias de adaptação climática.",,,,,,high,high,<5 years,"['Disponibilidade de tecnologia adequada para captação de água da chuva', 'Acesso a financiamento e recursos financeiros para implementação', 'Conscientização e educação da comunidade sobre práticas de conservação de água', 'Políticas e regulamentos governamentais de apoio que promovem tecnologias de economia de água', 'Colaboração com partes interessadas locais e organizações para implementação eficaz']","['Volume de água economizada (litros)', 'Número de sistemas de captação de água da chuva instalados', 'Percentual de redução no consumo de água', 'Economia de custos com a redução do uso de água', 'Envolvimento e taxa de participação da comunidade', 'Aumento nos níveis de água subterrânea', 'Frequência de manutenção e eficiência operacional dos sistemas']",,"""high""",,,,,,,,none
c40_0054,Reciclagem de Água,{adaptation},{droughts},,,{climate_resilience},"""Reciclagem de Água"" ou recuperação envolve ações tecnológicas para tratar e reutilizar recursos hídricos. Esta medida de adaptação contribui para a sustentabilidade e resiliência dos recursos hídricos, particularmente no contexto de padrões climáticos em mudança.",0,1,0,0,0,0,0,"A ação ""Reciclagem de Água"" promove equidade e inclusão ao garantir que comunidades vulneráveis ou carentes tenham acesso a recursos hídricos sustentáveis. Ao tratar e reutilizar a água, esta iniciativa atende às necessidades de populações que podem enfrentar escassez ou contaminação de água, o que muitas vezes afeta desproporcionalmente grupos de baixa renda e marginalizados.

Além disso, a implementação de tecnologias de reciclagem de água pode criar oportunidades de emprego e treinamento de habilidades para os residentes locais, particularmente em áreas carentes, promovendo o empoderamento econômico. A ação também considera a distribuição equitativa dos recursos hídricos, garantindo que todos os membros da comunidade, independentemente do status socioeconômico, se beneficiem da melhoria na disponibilidade e qualidade da água.

No geral, esta ação climática apoia ativamente a resiliência das comunidades vulneráveis ao priorizar suas necessidades específicas diante dos impactos das mudanças climáticas.",,,,,,high,high,<5 years,"['Acesso a tecnologias avançadas de tratamento de água', 'Disponibilidade de infraestrutura para coleta e distribuição de água', 'Estruturas regulatórias que apoiam iniciativas de reciclagem de água', 'Conscientização pública e aceitação das práticas de reutilização de água', 'Financiamento e investimento em projetos de reciclagem de água', 'Colaboração entre organizações governamentais e não governamentais']","['Volume de água reciclada', 'Percentual de redução no consumo de água doce', 'Economia de custos com reutilização de água', 'Número de instalações implementando reciclagem de água', 'Redução na descarga de águas residuais', 'Melhoria nos padrões de qualidade da água', 'Níveis de conscientização e engajamento público', 'Conformidade com os padrões regulatórios', 'Impacto nos ecossistemas locais', 'Redução em incidentes de escassez de água']",,"""high""",,,,,,,,none
c40_0058,Preparação,{adaptation},{storms},,,{climate_resilience},"""Preparação"" refere-se a medidas abrangentes de planejamento e prontidão para antecipar e responder aos impactos de eventos relacionados ao clima. Esta estratégia garante que as comunidades estejam equipadas para lidar com emergências e aumentar a resiliência geral.",0,0,0,0,0,0,0,"A ação climática de ""Preparação"" promove equidade e inclusão ao garantir que medidas abrangentes de planejamento e prontidão abordem especificamente as necessidades de comunidades vulneráveis ou carentes. Essa abordagem reconhece que essas comunidades frequentemente enfrentam maiores riscos de eventos relacionados ao clima devido a disparidades sociais, econômicas e ambientais existentes. Ao priorizar seus desafios únicos e incorporar suas vozes no processo de planejamento, a ação promove uma distribuição mais equitativa de recursos e apoio.

Além disso, a ênfase em melhorar a resiliência geral significa que os esforços de preparação são projetados para capacitar essas comunidades, fornecendo-lhes as ferramentas e o conhecimento necessários para responder efetivamente a emergências. Isso não apenas ajuda a mitigar os impactos dos eventos climáticos, mas também promove a coesão social e o engajamento comunitário, garantindo que todos os membros, particularmente aqueles que estão mais em risco, sejam incluídos nos processos de tomada de decisão que afetam suas vidas.",,,,,,high,low,5-10 years,"['Acesso a dados climáticos precisos e previsões para informar o planejamento', 'Colaboração entre governos locais, organizações e comunidades para uma resposta eficaz', 'Disponibilidade de recursos e financiamento para iniciativas de preparação', 'Programas de treinamento e educação para membros da comunidade sobre resposta a emergências', 'Resiliência da infraestrutura para suportar eventos relacionados ao clima', 'Campanhas de conscientização pública para promover medidas de preparação']","['Número de comunidades com planos de resposta a emergências atualizados', 'Percentagem da população treinada em preparação para emergências', 'Frequência de exercícios e simulações relacionados ao clima realizados', 'Disponibilidade de recursos e suprimentos para resposta a emergências', 'Níveis de conscientização e engajamento da comunidade em relação à preparação para o clima', 'Tempo necessário para mobilizar recursos durante uma emergência climática', 'Número de parcerias estabelecidas com organizações locais para iniciativas de preparação', 'Pontuações de avaliação da resiliência da comunidade antes e depois das medidas de preparação']",,,,,,,"""high""",,,none
c40_0059,Alerta Precoce,{adaptation},{storms},,,{climate_resilience},"Sistemas de ""Early Warning"" envolvem a detecção e comunicação oportuna de potenciais perigos relacionados ao clima, permitindo respostas proativas para mitigar riscos. Esta iniciativa melhora a preparação da comunidade e reduz o impacto de eventos adversos.",0,0,0,0,0,0,0,"A iniciativa dos sistemas de ""Alerta Precoce"" promove equidade e inclusão ao garantir que comunidades vulneráveis ou desatendidas recebam informações oportunas e acessíveis sobre perigos relacionados ao clima. Ao focar na comunicação proativa, a ação ajuda a capacitar essas comunidades, que muitas vezes carecem de recursos para se preparar e responder a ameaças climáticas.

Além disso, a iniciativa pode ser projetada para alcançar populações diversas, incluindo aquelas com barreiras linguísticas ou deficiências, garantindo que todos os membros da comunidade possam entender e agir sobre os alertas. Essa inclusão ajuda a reduzir disparidades de risco e melhora a resiliência geral da comunidade, já que todos estão mais bem preparados para responder a potenciais perigos.

No geral, a ação reconhece os desafios únicos enfrentados por comunidades desatendidas e visa fornecer-lhes as ferramentas e informações necessárias para se protegerem dos impactos climáticos, promovendo assim uma abordagem mais equitativa à resiliência climática.",,,,,,high,high,5-10 years,"['Acesso a dados climáticos confiáveis e modelos de previsão', 'Infraestrutura de comunicação eficaz para disseminação de alertas', 'Envolvimento e educação da comunidade sobre riscos climáticos', 'Colaboração com agências de resposta a emergências locais e nacionais', 'Financiamento e recursos para manutenção de tecnologia e sistemas']","['Número de alertas precoces emitidos', 'Tempo de resposta aos alertas', 'Níveis de conscientização e preparação da comunidade', 'Redução de danos relacionados a desastres', 'Número de sessões de treinamento realizadas', 'Envolvimento e taxas de participação das partes interessadas', 'Feedback da comunidade sobre a eficácia dos alertas', 'Frequência de exercícios e simulações realizados']",,,,,,,"""high""",,,none
c40_0060,Retirada Gerida,{adaptation},{storms},,,{climate_resilience},"Estratégias de ""Retirada Gerenciada"" envolvem a realocação planejada para longe de áreas de alto risco vulneráveis aos impactos das mudanças climáticas. Esta medida de adaptação visa proteger comunidades da elevação do nível do mar, inundações e outros riscos ambientais.",0,0,0,0,0,0,0,"As estratégias de ""Retirada Gerida"" promovem inerentemente a equidade e a inclusão ao priorizar a segurança e o bem-estar de comunidades vulneráveis ou carentes que estão mais em risco devido aos impactos das mudanças climáticas. Ao focar na realocação planejada, essas estratégias visam proteger populações marginalizadas que muitas vezes não têm recursos para se adaptar às mudanças ambientais por conta própria.

Além disso, a implementação da retirada gerida envolve o engajamento das comunidades afetadas no processo de tomada de decisão, garantindo que suas vozes e necessidades sejam consideradas. Essa abordagem participativa ajuda a abordar desigualdades históricas e capacita os residentes a terem voz em seu futuro.

Além disso, a retirada gerida pode proporcionar oportunidades de acesso equitativo a habitações e infraestruturas mais seguras, reduzindo o fardo desproporcional dos riscos climáticos enfrentados por grupos de baixa renda e marginalizados. No geral, esta ação climática reconhece e aborda os desafios únicos enfrentados por comunidades carentes, promovendo uma abordagem mais inclusiva para a adaptação climática.",,,,,,medium,high,<5 years,"['Avaliação de áreas de alto risco para identificar comunidades que precisam de realocação', 'Disponibilidade de financiamento e recursos para apoiar os esforços de realocação', 'Envolvimento e apoio da comunidade para os planos de realocação', 'Desenvolvimento de nova infraestrutura em áreas mais seguras', 'Políticas e estruturas regulatórias que facilitem a retirada planejada', 'Coordenação entre agências governamentais e partes interessadas envolvidas no processo de realocação']","['Número de comunidades relocadas com sucesso', 'Redução na exposição da população a áreas de alto risco', 'Percentual de residentes afetados envolvidos no processo de planejamento', 'Custo-efetividade das estratégias de relocação', 'Melhoria nas métricas de resiliência comunitária', 'Tempo necessário para implementar planos de relocação', 'Níveis de satisfação dos residentes relocados', 'Avaliações de impacto ambiental pós-relocação']",,,,,,,"""medium""",,,coastal_marine
c40_0066,Regras de Eficiência,{adaptation},{droughts},,,{climate_resilience},"""Regras de Eficiência"" englobam regulamentos e normas destinadas a melhorar o uso de recursos e reduzir o desperdício em vários setores. Esta iniciativa contribui para a eficiência geral dos recursos, sustentabilidade ambiental e mitigação climática.",0,1,0,0,0,0,0,"A iniciativa ""Regras de Eficiência"" promove equidade e inclusão ao garantir que regulamentos e padrões para o uso de recursos e redução de resíduos sejam aplicados de forma uniforme em todos os setores, incluindo aqueles que atendem comunidades vulneráveis ou carentes. Ao melhorar a eficiência dos recursos, a iniciativa ajuda a reduzir os custos dos serviços essenciais, tornando-os mais acessíveis para famílias de baixa renda. Além disso, o foco na sustentabilidade ambiental beneficia diretamente comunidades que muitas vezes são desproporcionalmente afetadas pela poluição e esgotamento de recursos, abordando assim desigualdades históricas. Ademais, a iniciativa pode criar oportunidades de emprego em setores focados em melhorias de eficiência, proporcionando benefícios econômicos para populações carentes. No geral, as ""Regras de Eficiência"" contribuem para uma distribuição mais equitativa dos benefícios e recursos ambientais, promovendo a inclusão nos esforços de ação climática.",,,,,,medium,low,5-10 years,"['Quadros regulatórios que apoiam a implementação de padrões de eficiência', 'Avanços tecnológicos que permitem um uso melhorado dos recursos', 'Envolvimento e colaboração de partes interessadas em todos os setores', 'Coleta e análise de dados para monitoramento da eficiência dos recursos', 'Conscientização pública e educação sobre práticas de sustentabilidade']","['Eficiência no uso de recursos', 'Percentual de redução de resíduos', 'Redução de emissões de carbono', 'Consumo de energia por unidade de produção', 'Eficiência no uso da água', 'Percentual de materiais reciclados utilizados', 'Taxa de conformidade com padrões de eficiência', 'Economia de custos com melhorias de eficiência', 'Níveis de conscientização e engajamento público', 'Redução em avaliações de impacto ambiental']",,"""medium""",,,,,,,,none
c40_0011,Novos Padrões de Construção,{mitigation},,{stationary_energy},{commercial_and_institutional_buildings_and_facilities},{ghg_reduction},"""Novos Padrões de Construção, Edifícios Comerciais"" estabelecem diretrizes para a construção ambientalmente responsável, garantindo que novas estruturas sigam práticas de eficiência energética, reduzindo assim as emissões de carbono e promovendo o desenvolvimento urbano sustentável.",1,0,0,0,-1,0,0,"A ação ""Novos Padrões de Construção, Edifícios Comerciais"" promove equidade e inclusão de várias maneiras:

1. **Acesso à Infraestrutura Sustentável**: Ao estabelecer diretrizes para práticas eficientes em termos de energia, a ação garante que todos os novos edifícios comerciais, incluindo aqueles em comunidades carentes, sejam construídos com características sustentáveis. Isso pode levar a um melhor acesso à energia limpa e a uma redução nos custos de serviços públicos para empresas locais e residentes.

2. **Criação de Empregos e Oportunidades Econômicas**: A implementação de novos padrões de construção pode criar oportunidades de emprego na construção e em indústrias relacionadas, beneficiando particularmente indivíduos de comunidades vulneráveis que podem enfrentar barreiras ao emprego. Isso pode ajudar a estimular as economias locais e fornecer caminhos para um emprego estável.

3. **Benefícios para a Saúde**: A construção ambientalmente responsável muitas vezes inclui uma melhor qualidade do ar interno e uma redução na exposição a poluentes nocivos. Isso é particularmente benéfico para comunidades carentes que já podem enfrentar disparidades de saúde, promovendo assim o bem-estar geral da comunidade.

4. **Resiliência Comunitária**: Ao promover o desenvolvimento urbano sustentável, a ação ajuda a construir resiliência em comunidades vulneráveis contra os impactos climáticos. Isso inclui uma melhor infraestrutura que pode suportar eventos climáticos extremos, protegendo assim essas comunidades de danos desproporcionais.

5. **Acesso Equitativo aos Recursos**: Os padrões podem incentivar a inclusão da contribuição da comunidade no processo de planejamento e desenvolvimento, garantindo que as necessidades e vozes das populações carentes sejam consideradas na construção de novos edifícios comerciais.

No geral, a ação integra equidade e inclusão ao garantir que os benefícios das práticas de construção sustentável sejam acessíveis a todas as comunidades, particularmente aquelas que são frequentemente marginalizadas.",20-39,,,,,,low,<5 years,"['Quadro regulatório para aplicar normas de construção', 'Disponibilidade de materiais de construção sustentáveis', 'Programas de formação e certificação para construtores e arquitetos', 'Incentivos para adoção de tecnologias energeticamente eficientes', 'Conscientização pública e apoio a práticas sustentáveis']","['Redução do consumo de energia', 'Redução das emissões de carbono', 'Percentagem de edifícios que cumprem os padrões', 'Economia de custos com eficiência energética', 'Redução do uso de água', 'Uso de materiais sustentáveis', 'Taxas de ocupação de edifícios', 'Taxa de conformidade com novos padrões', 'Redução do efeito de ilha de calor urbana', 'Melhoria na qualidade do ar interior']",,,,,,,,,,none
c40_0022,Aquecimento/arrefecimento limpo,{mitigation},,{stationary_energy},{all},{ghg_reduction},"""Aumentar o uso de fontes de energia limpa para aquecimento e resfriamento de edifícios"" enfatiza a transição para sistemas de energia renovável e de baixo carbono nos setores de aquecimento e resfriamento da infraestrutura urbana. Ao promover a adoção de tecnologias sustentáveis, como sistemas de energia solar, geotérmica ou de energia distrital, as cidades visam reduzir as emissões de carbono, melhorar a eficiência energética e criar uma abordagem mais ecológica para o controle climático dos edifícios.",1,0,0,1,0,0,0,"A ação climática para aumentar o uso de fontes de energia limpa para aquecimento e resfriamento de edifícios promove equidade e inclusão de várias maneiras:

1. **Acesso à Energia Limpa**: Ao focar em fontes de energia renovável, a ação visa fornecer às comunidades carentes acesso a opções de energia mais limpas e acessíveis, reduzindo sua dependência de combustíveis fósseis que muitas vezes contribuem para custos de energia mais altos e riscos à saúde.

2. **Criação de Empregos**: A transição para tecnologias sustentáveis pode criar oportunidades de emprego na instalação, manutenção e gestão de sistemas de energia limpa, beneficiando particularmente indivíduos de comunidades vulneráveis que podem enfrentar barreiras ao emprego.

3. **Benefícios para a Saúde**: Reduzir as emissões de carbono e melhorar a eficiência energética pode levar a uma melhor qualidade do ar, o que afeta desproporcionalmente bairros de baixa renda. Esta ação aborda diretamente as disparidades de saúde ao mitigar problemas de saúde relacionados à poluição.

4. **Engajamento Comunitário**: A implementação de soluções de energia limpa muitas vezes envolve o engajamento das comunidades locais nos processos de planejamento e tomada de decisão, garantindo que as vozes das populações carentes sejam ouvidas e consideradas.

5. **Construção de Resiliência**: Ao investir em infraestrutura de energia renovável, a ação aumenta a resiliência das comunidades vulneráveis aos impactos climáticos, como calor extremo ou escassez de energia, promovendo assim a equidade social nos esforços de adaptação climática.

No geral, esta ação climática integra equidade e inclusão ao garantir que os benefícios da transição para energia limpa sejam acessíveis a todos, particularmente àqueles que historicamente foram marginalizados.",40-59,,,,,,high,5-10 years,"['Disponibilidade de tecnologias de energia renovável, como painéis solares e sistemas geotérmicos', 'Investimento em infraestrutura para apoiar sistemas de energia distrital', 'Políticas governamentais e incentivos que promovem a adoção de energia limpa', 'Conscientização e aceitação pública de soluções sustentáveis de aquecimento e resfriamento', 'Acesso a opções de financiamento para proprietários de edifícios implementarem sistemas de energia limpa', 'Colaboração entre governos locais, fornecedores de energia e desenvolvedores de tecnologia']","['Percentual de aumento no uso de energia limpa para aquecimento e resfriamento', 'Redução nas emissões de carbono de sistemas de aquecimento e resfriamento', 'Melhorias na eficiência energética em edifícios', 'Número de edifícios usando fontes de energia renovável', 'Economia de custos com medidas de eficiência energética', 'Aumento na conscientização pública e adoção de tecnologias de energia limpa', 'Redução no consumo de energia para aquecimento e resfriamento', 'Número de novas instalações de sistemas solares, geotérmicos ou de energia distrital']",,,,,,,,,,none
c40_0049,Abrigos para Ciclones,{adaptation},{floods},,,{climate_resilience},"""Abrigos para Ciclones"" oferecem refúgios seguros durante eventos de inundações e ciclones, aumentando a resiliência da comunidade. Esta adaptação de ecoengenharia garante a segurança dos residentes em áreas vulneráveis durante condições climáticas extremas.",0,0,0,0,0,0,0,"A iniciativa ""Abrigos para Ciclones"" promove equidade e inclusão ao direcionar especificamente comunidades vulneráveis que estão mais em risco durante eventos climáticos extremos. Ao fornecer refúgios seguros, a ação garante que populações marginalizadas, que muitas vezes não têm recursos para evacuar ou se proteger durante ciclones e inundações, tenham acesso a um abrigo seguro. Esta iniciativa reconhece os desafios únicos enfrentados por comunidades desassistidas, como mobilidade limitada, restrições econômicas e habitação inadequada, priorizando assim sua segurança e resiliência. Além disso, o aspecto de ecoengenharia dos abrigos pode incorporar materiais e mão de obra locais, promovendo o envolvimento da comunidade e oportunidades econômicas para os residentes. No geral, a ação é projetada para melhorar a segurança e o bem-estar daqueles que são desproporcionalmente afetados pelas mudanças climáticas, promovendo assim a equidade social e a inclusão.",,,,,,high,low,<5 years,"['Disponibilidade de terrenos adequados para a construção de abrigos contra ciclones', 'Financiamento e recursos financeiros para construir e manter abrigos', 'Envolvimento e apoio da comunidade para a iniciativa', 'Acesso a materiais e tecnologia para soluções de ecoengenharia', 'Colaboração com o governo local e agências de gestão de desastres', 'Programas de treinamento e preparação para os residentes sobre o uso dos abrigos']","['Número de abrigos contra ciclones construídos', 'Capacidade dos abrigos (número de pessoas acomodadas)', 'Frequência de uso durante eventos climáticos extremos', 'Sessões de treinamento de conscientização e preparação da comunidade realizadas', 'Redução de vítimas durante eventos de ciclones', 'Feedback dos usuários dos abrigos sobre segurança e acessibilidade', 'Estado de manutenção e operacional dos abrigos', 'Parcerias com organizações locais para gestão dos abrigos']",,,,"""high""",,,,,,coastal_marine
c40_0052,Pavimento Fresco,{adaptation},{heatwaves},,,{climate_resilience},"Iniciativas de ""Cool Pavement"" envolvem o uso de materiais refletivos para reduzir a absorção de calor do pavimento. Esta estratégia de adaptação contribui para mitigar desafios relacionados ao calor, aumentando a resiliência urbana no contexto de aquecimento e resfriamento.",0,0,0,0,0,0,0,"As iniciativas de ""Pavimento Fresco"" promovem equidade e inclusão ao direcionar especificamente áreas urbanas onde comunidades vulneráveis ou carentes frequentemente residem. Essas comunidades são tipicamente mais afetadas por desafios relacionados ao calor devido a fatores como acesso limitado a espaços verdes e maior exposição a ilhas de calor urbanas. Ao implementar materiais reflexivos nesses bairros, a iniciativa aborda diretamente o impacto desproporcional do calor extremo nessas populações, aumentando assim sua resiliência.

Além disso, a iniciativa pode criar oportunidades de emprego locais na instalação e manutenção de pavimentos frescos, beneficiando os membros da comunidade e promovendo a inclusão econômica. Ao priorizar áreas com maior necessidade, a ação garante que as vozes e necessidades das comunidades carentes sejam consideradas nas estratégias de adaptação climática, promovendo uma abordagem mais equitativa ao planejamento urbano e à resiliência climática.",,,,,,high,low,5-10 years,"['Disponibilidade de materiais reflexivos adequados para infraestrutura urbana', 'Apoio do governo local e dos planejadores urbanos para a implementação', 'Financiamento e recursos financeiros para instalação e manutenção', 'Conscientização pública e engajamento da comunidade em iniciativas de ação climática', 'Pesquisa e dados sobre ilhas de calor urbanas e seus impactos']","['Redução na temperatura da superfície dos pavimentos', 'Percentagem da área coberta por pavimentos frios', 'Diminuição do efeito de ilha de calor urbana', 'Economia de energia em edifícios próximos', 'Redução de incidentes de saúde relacionados ao calor', 'Aumento da conscientização e envolvimento público', 'Custo-efetividade da implementação', 'Longevidade e durabilidade dos materiais utilizados']",,,"""high""",,,,,,,none
c40_0062,Tarifas de Água,{adaptation},{droughts},,,{climate_resilience},"""Tarifas de Água"" envolvem estruturas de preços para o uso da água, incentivando a conservação e o uso eficiente dos recursos hídricos. Esta iniciativa visa promover o consumo responsável de água e contribuir para a gestão sustentável da água.",0,1,0,0,0,0,0,"A iniciativa ""Tarifas de Água"" promove equidade e inclusão ao implementar estruturas de preços que podem ser projetadas para proteger comunidades vulneráveis e carentes. Ao incentivar o consumo responsável de água, a iniciativa pode ajudar a garantir que todos os membros da comunidade, independentemente de seu status econômico, tenham acesso aos recursos hídricos essenciais.

Além disso, modelos de preços escalonados podem ser estabelecidos, onde taxas mais baixas são aplicadas às necessidades básicas de água, garantindo que as famílias de baixa renda não sejam desproporcionalmente sobrecarregadas pelos custos. Essa abordagem pode ajudar a prevenir a insegurança hídrica entre populações carentes, promovendo uma distribuição mais equitativa dos recursos hídricos.

Além disso, a iniciativa pode incluir componentes educacionais voltados para aumentar a conscientização em comunidades vulneráveis sobre práticas de conservação de água, capacitando-as a tomar decisões informadas sobre o uso da água. No geral, a ação ""Tarifas de Água"" considera as necessidades das comunidades carentes promovendo a gestão sustentável da água, ao mesmo tempo em que garante acesso e acessibilidade.",,,,,,high,low,5-10 years,"['Monitoramento e medição eficaz do uso da água para informar as estruturas tarifárias', 'Conscientização pública e educação sobre a importância da conservação da água', 'Apoio de governos locais e órgãos reguladores para implementar e aplicar tarifas', 'Disponibilidade de fontes alternativas de água para reduzir a dependência do abastecimento tradicional', 'Infraestrutura tecnológica para faturamento e rastreamento do consumo de água']","['Percentual de redução do consumo de água', 'Percentual de usuários adotando práticas de conservação', 'Receita gerada a partir de tarifas de água', 'Mudança no uso de água per capita', 'Satisfação do cliente com a precificação da água', 'Taxa de perda de água no sistema de distribuição', 'Percentual de residências usando aparelhos eficientes em termos de água', 'Impacto na sustentabilidade dos recursos hídricos locais']",,"""high""",,,,,,,,none
c40_0071,Culinária Sustentável,{mitigation},,{stationary_energy},,{ghg_reduction},"Iniciativas de ""Cozinha Sustentável"" incentivam práticas de culinária ecologicamente corretas, incluindo o uso de eletrodomésticos eficientes em termos de energia e métodos de cozimento sustentáveis. Esta estratégia promove a conservação de recursos e contribui para a sustentabilidade geral na preparação de alimentos.",0,0,0,0,0,0,0,"As iniciativas de ""Cozinha Sustentável"" promovem equidade e inclusão ao direcionar-se para comunidades vulneráveis ou carentes que podem não ter acesso a eletrodomésticos eficientes em termos de energia e métodos de cozimento sustentáveis. Ao fornecer educação e recursos sobre práticas de cozimento ecologicamente corretas, essas iniciativas capacitam os indivíduos nessas comunidades a adotar hábitos sustentáveis que podem levar a economias de custos e melhores resultados de saúde. Além disso, o foco na conservação de recursos está alinhado com as necessidades das populações carentes, que muitas vezes enfrentam custos de energia mais altos e insegurança alimentar. Ao promover o acesso a práticas de cozimento sustentáveis, a iniciativa ajuda a nivelar o campo de atuação, garantindo que todos os membros da comunidade possam se beneficiar de soluções ecologicamente corretas.",0-19,,,,,,low,5-10 years,"['Disponibilidade de eletrodomésticos energeticamente eficientes', 'Acesso a informações sobre métodos de cozimento sustentáveis', 'Apoio de governos locais e organizações para práticas sustentáveis', 'Conscientização e educação do consumidor sobre os benefícios do cozimento sustentável', 'Disponibilidade de recursos para treinamento e workshops sobre técnicas de cozimento sustentável']","['Redução no consumo de energia', 'Aumento no uso de eletrodomésticos eficientes em termos de energia', 'Diminuição nas emissões de carbono provenientes do cozimento', 'Número de participantes em programas de culinária sustentável', 'Quantidade de recursos conservados (água, eletricidade)', 'Satisfação do usuário com práticas de culinária sustentável', 'Redução no desperdício de alimentos', 'Aumento na conscientização sobre métodos de culinária sustentável']",,,,,,,,,,none
c40_0019,Edifícios Municipais,{mitigation},,{stationary_energy},{commercial_and_institutional_buildings_and_facilities},{ghg_reduction},"""Edifícios Municipais"" focam na implementação de práticas e padrões ecológicos em estruturas de propriedade do governo, demonstrando o compromisso da cidade com a sustentabilidade enquanto servem como modelo para a construção ambientalmente responsável.",1,0,0,0,-1,0,0,"A ação climática ""Edifícios Municipais"" promove equidade e inclusão ao garantir que as estruturas de propriedade do governo sejam projetadas e construídas com práticas ecológicas que beneficiem todos os membros da comunidade, particularmente populações vulneráveis ou carentes. Ao priorizar padrões de construção sustentáveis, a iniciativa pode levar a uma melhor qualidade do ar e a uma redução nos custos de energia, que afetam desproporcionalmente as comunidades de baixa renda. Além disso, apresentar esses edifícios como modelos de sustentabilidade pode inspirar e capacitar os residentes locais, incluindo aqueles de origens carentes, a defender práticas semelhantes em seus próprios bairros. Além disso, a implementação de práticas ecológicas pode criar oportunidades de emprego na construção e manutenção verdes, proporcionando benefícios econômicos a grupos marginalizados. No geral, esta ação reflete um compromisso com a criação de ambientes mais saudáveis e sustentáveis que sejam acessíveis e benéficos para todos os membros da comunidade.",20-39,,,,,,high,5-10 years,"['Disponibilidade de financiamento para a reforma e construção de edifícios ecológicos', 'Acesso a materiais e tecnologias de construção sustentáveis', 'Colaboração com arquitetos e engenheiros especializados em design verde', 'Conformidade com regulamentos ambientais locais, estaduais e federais', 'Envolvimento e apoio da comunidade e das partes interessadas locais', 'Treinamento e educação para o pessoal municipal sobre práticas sustentáveis']","['Redução do consumo de energia', 'Redução do uso de água', 'Certificações de construção sustentável obtidas', 'Percentagem de materiais sustentáveis utilizados', 'Redução da pegada de carbono', 'Economia de custos com eficiência energética', 'Satisfação dos funcionários com o ambiente do edifício', 'Níveis de envolvimento e conscientização pública', 'Redução dos custos de manutenção', 'Número de iniciativas ecológicas implementadas']",,,,,,,,,,none
c40_0056,Preservação de Bacias Hidrográficas,{adaptation},{droughts},,,{climate_resilience},"""Preservação de Bacias Hidrográficas"" envolve a proteção e conservação de áreas naturais de bacias hidrográficas para salvaguardar a qualidade da água, a biodiversidade e os serviços ecossistêmicos. Esta iniciativa visa garantir a gestão sustentável da água e a resiliência aos impactos das mudanças climáticas.",0,1,0,0,0,0,0,"A iniciativa ""Preservação de Bacias Hidrográficas"" promove equidade e inclusão ao priorizar a proteção de recursos naturais que são vitais para comunidades vulneráveis e desatendidas. Essas comunidades muitas vezes dependem das bacias hidrográficas locais para sua água potável, agricultura e meios de subsistência, tornando sua preservação essencial para seu bem-estar.

Ao salvaguardar a qualidade da água e os serviços ecossistêmicos, a ação beneficia diretamente aqueles que podem não ter acesso a água limpa e ambientes saudáveis, abordando assim as disparidades no acesso aos recursos. Além disso, a iniciativa pode envolver o engajamento e a participação da comunidade, garantindo que as vozes de grupos marginalizados sejam ouvidas nos processos de tomada de decisão relacionados à gestão de bacias hidrográficas. Essa abordagem inclusiva promove um senso de propriedade e empoderamento entre essas comunidades, aumentando sua resiliência aos impactos das mudanças climáticas.

No geral, o foco na gestão sustentável da água por meio da preservação de bacias hidrográficas apoia inerentemente as necessidades e direitos das populações vulneráveis, promovendo equidade social e justiça ambiental.",,,,,,high,low,<5 years,"['Planejamento eficaz do uso da terra para prevenir a expansão urbana e a destruição de habitats', 'Envolvimento e educação da comunidade para promover a conscientização e a participação na conservação de bacias hidrográficas', 'Colaboração com governos locais e organizações para apoio a políticas e alocação de recursos', 'Monitoramento e avaliação da qualidade da água e da saúde dos ecossistemas para informar práticas de gestão', 'Financiamento e recursos financeiros para apoiar projetos e iniciativas de conservação']","['Índice de qualidade da água', 'Índice de biodiversidade', 'Área da bacia hidrográfica preservada', 'Número de projetos de conservação implementados', 'Nível de engajamento da comunidade', 'Redução nos incidentes de poluição da água', 'Valoração dos serviços ecossistêmicos', 'Pontuação de avaliação de resiliência', 'Eficiência do uso da água', 'Frequência de monitoramento e relatório']",,"""high""",,,,,,,,none
