action_id,global_mitigation_option,action_mapping_strength,option_family,feasibility_dimension,global_indicator,global_verdict_code,global_verdict_description,city_indicator,country_code,city_indicator_direction,city_family_scope,interpretation
c40_0010,Low/zero-energy buildings,direct,buildings,economic,cost-effectiveness,C,supportive,median_household_income,CL,positive,all,Cities with higher median_household_income have stronger feasibility for 'cost-effectiveness' (economic dimension). Bridge applies to 'all' sector. IPCC base verdict: supportive.
c40_0010,Low/zero-energy buildings,direct,buildings,economic,cost-effectiveness,C,supportive,poverty_rate,CL,negative,all,Cities with higher poverty_rate have weaker feasibility for 'cost-effectiveness' (economic dimension). Bridge applies to 'all' sector. IPCC base verdict: supportive.
c40_0010,Low/zero-energy buildings,direct,buildings,economic,distributional_effects,C,supportive,poverty_rate,CL,negative,all,Cities with higher poverty_rate have weaker feasibility for 'distributional_effects' (economic dimension). Bridge applies to 'all' sector. IPCC base verdict: supportive.
c40_0010,Low/zero-energy buildings,direct,buildings,economic,distributional_effects,C,supportive,home_ownership,CL,positive,buildings,Cities with higher home_ownership have stronger feasibility for 'distributional_effects' (economic dimension). Bridge applies to 'buildings' sector. IPCC base verdict: supportive.
c40_0010,Low/zero-energy buildings,direct,buildings,economic,distributional_effects,C,supportive,renter_share,CL,negative,buildings,Cities with higher renter_share have weaker feasibility for 'distributional_effects' (economic dimension). Bridge applies to 'buildings' sector. IPCC base verdict: supportive.
c40_0010,Low/zero-energy buildings,direct,buildings,economic,employment_productivity,C,supportive,unemployment_rate,CL,positive,all,Cities with higher unemployment_rate have stronger feasibility for 'employment_productivity' (economic dimension). Bridge applies to 'all' sector. IPCC base verdict: supportive.
c40_0010,Low/zero-energy buildings,direct,buildings,economic,employment_productivity,C,supportive,industry_construction_employment,CL,positive,buildings,Cities with higher industry_construction_employment have stronger feasibility for 'employment_productivity' (economic dimension). Bridge applies to 'buildings' sector. IPCC base verdict: supportive.
c40_0010,Low/zero-energy buildings,direct,buildings,technological,technical_scalability,C,supportive,electricity_access_rate,CL,positive,buildings,Cities with higher electricity_access_rate have stronger feasibility for 'technical_scalability' (technological dimension). Bridge applies to 'buildings' sector. IPCC base verdict: supportive.
c40_0010,Low/zero-energy buildings,direct,buildings,technological,technical_scalability,C,supportive,fixed_internet_household_share,CL,positive,buildings,Cities with higher fixed_internet_household_share have stronger feasibility for 'technical_scalability' (technological dimension). Bridge applies to 'buildings' sector. IPCC base verdict: supportive.
c40_0010,Low/zero-energy buildings,direct,buildings,technological,maturity,B,neutral,,CL,,,IPCC verdict is 'neutral' for this indicator — provides no directional evidence; the cell contributes 0 to the dimension score.
c40_0010,Low/zero-energy buildings,direct,buildings,institutional,political_acceptability,C,supportive,,CL,,,IPCC verdict is 'supportive' but no city-level data bridge is defined for 'political_acceptability' at sector scope 'buildings'; the IPCC prior is used unmodified.
c40_0010,Low/zero-energy buildings,direct,buildings,institutional,institutional_capacity,B,neutral,,CL,,,IPCC verdict is 'neutral' for this indicator — provides no directional evidence; the cell contributes 0 to the dimension score.
c40_0010,Low/zero-energy buildings,direct,buildings,socio_cultural,social_co_benefits,B,neutral,,CL,,,IPCC verdict is 'neutral' for this indicator — provides no directional evidence; the cell contributes 0 to the dimension score.
c40_0010,Low/zero-energy buildings,direct,buildings,technological,simplicity,LE,limited evidence,,CL,,,IPCC verdict is 'limited evidence' for this indicator — provides no directional evidence; the cell contributes 0 to the dimension score.
c40_0010,Low/zero-energy buildings,direct,buildings,technological,absence_of_risk,NE,no evidence,,CL,,,IPCC verdict is 'no evidence' for this indicator — provides no directional evidence; the cell contributes 0 to the dimension score.
c40_0010,Low/zero-energy buildings,direct,buildings,institutional,transparency_accountability,LE,limited evidence,,CL,,,IPCC verdict is 'limited evidence' for this indicator — provides no directional evidence; the cell contributes 0 to the dimension score.
c40_0010,Low/zero-energy buildings,direct,buildings,environmental,air_pollution,B,neutral,,CL,,,IPCC verdict is 'neutral' for this indicator — provides no directional evidence; the cell contributes 0 to the dimension score.
c40_0010,Low/zero-energy buildings,direct,buildings,environmental,toxic_waste,C,supportive,,CL,,,IPCC verdict is 'supportive' but no city-level data bridge is defined for 'toxic_waste' at sector scope 'buildings'; the IPCC prior is used unmodified.
c40_0010,Low/zero-energy buildings,direct,buildings,environmental,water_use,C,supportive,,CL,,,IPCC verdict is 'supportive' but no city-level data bridge is defined for 'water_use' at sector scope 'buildings'; the IPCC prior is used unmodified.
c40_0010,Low/zero-energy buildings,direct,buildings,geophysical,physical_feasibility,C,supportive,urban_built_share,CL,positive,buildings,Cities with higher urban_built_share have stronger feasibility for 'physical_feasibility' (geophysical dimension). Bridge applies to 'buildings' sector. IPCC base verdict: supportive.
c40_0010,Low/zero-energy buildings,direct,buildings,socio_cultural,public_acceptance,NE,no evidence,,CL,,,IPCC verdict is 'no evidence' for this indicator — provides no directional evidence; the cell contributes 0 to the dimension score.
c40_0010,Low/zero-energy buildings,direct,buildings,socio_cultural,inclusiveness,NE,no evidence,,CL,,,IPCC verdict is 'no evidence' for this indicator — provides no directional evidence; the cell contributes 0 to the dimension score.
c40_0010,Low/zero-energy buildings,direct,buildings,socio_cultural,human_capabilities,NE,no evidence,,CL,,,IPCC verdict is 'no evidence' for this indicator — provides no directional evidence; the cell contributes 0 to the dimension score.
c40_0012,Low/zero-energy buildings,direct,buildings,economic,cost-effectiveness,C,supportive,median_household_income,CL,positive,all,Cities with higher median_household_income have stronger feasibility for 'cost-effectiveness' (economic dimension). Bridge applies to 'all' sector. IPCC base verdict: supportive.
c40_0012,Low/zero-energy buildings,direct,buildings,economic,cost-effectiveness,C,supportive,poverty_rate,CL,negative,all,Cities with higher poverty_rate have weaker feasibility for 'cost-effectiveness' (economic dimension). Bridge applies to 'all' sector. IPCC base verdict: supportive.
c40_0012,Low/zero-energy buildings,direct,buildings,economic,distributional_effects,C,supportive,poverty_rate,CL,negative,all,Cities with higher poverty_rate have weaker feasibility for 'distributional_effects' (economic dimension). Bridge applies to 'all' sector. IPCC base verdict: supportive.
c40_0012,Low/zero-energy buildings,direct,buildings,economic,distributional_effects,C,supportive,home_ownership,CL,positive,buildings,Cities with higher home_ownership have stronger feasibility for 'distributional_effects' (economic dimension). Bridge applies to 'buildings' sector. IPCC base verdict: supportive.
c40_0012,Low/zero-energy buildings,direct,buildings,economic,distributional_effects,C,supportive,renter_share,CL,negative,buildings,Cities with higher renter_share have weaker feasibility for 'distributional_effects' (economic dimension). Bridge applies to 'buildings' sector. IPCC base verdict: supportive.
c40_0012,Low/zero-energy buildings,direct,buildings,economic,employment_productivity,C,supportive,unemployment_rate,CL,positive,all,Cities with higher unemployment_rate have stronger feasibility for 'employment_productivity' (economic dimension). Bridge applies to 'all' sector. IPCC base verdict: supportive.
c40_0012,Low/zero-energy buildings,direct,buildings,economic,employment_productivity,C,supportive,industry_construction_employment,CL,positive,buildings,Cities with higher industry_construction_employment have stronger feasibility for 'employment_productivity' (economic dimension). Bridge applies to 'buildings' sector. IPCC base verdict: supportive.
c40_0012,Low/zero-energy buildings,direct,buildings,technological,technical_scalability,C,supportive,electricity_access_rate,CL,positive,buildings,Cities with higher electricity_access_rate have stronger feasibility for 'technical_scalability' (technological dimension). Bridge applies to 'buildings' sector. IPCC base verdict: supportive.
c40_0012,Low/zero-energy buildings,direct,buildings,technological,technical_scalability,C,supportive,fixed_internet_household_share,CL,positive,buildings,Cities with higher fixed_internet_household_share have stronger feasibility for 'technical_scalability' (technological dimension). Bridge applies to 'buildings' sector. IPCC base verdict: supportive.
c40_0012,Low/zero-energy buildings,direct,buildings,technological,maturity,B,neutral,,CL,,,IPCC verdict is 'neutral' for this indicator — provides no directional evidence; the cell contributes 0 to the dimension score.
c40_0012,Low/zero-energy buildings,direct,buildings,institutional,political_acceptability,C,supportive,,CL,,,IPCC verdict is 'supportive' but no city-level data bridge is defined for 'political_acceptability' at sector scope 'buildings'; the IPCC prior is used unmodified.
c40_0012,Low/zero-energy buildings,direct,buildings,institutional,institutional_capacity,B,neutral,,CL,,,IPCC verdict is 'neutral' for this indicator — provides no directional evidence; the cell contributes 0 to the dimension score.
c40_0012,Low/zero-energy buildings,direct,buildings,socio_cultural,social_co_benefits,B,neutral,,CL,,,IPCC verdict is 'neutral' for this indicator — provides no directional evidence; the cell contributes 0 to the dimension score.
c40_0012,Low/zero-energy buildings,direct,buildings,technological,simplicity,LE,limited evidence,,CL,,,IPCC verdict is 'limited evidence' for this indicator — provides no directional evidence; the cell contributes 0 to the dimension score.
c40_0012,Low/zero-energy buildings,direct,buildings,technological,absence_of_risk,NE,no evidence,,CL,,,IPCC verdict is 'no evidence' for this indicator — provides no directional evidence; the cell contributes 0 to the dimension score.
c40_0012,Low/zero-energy buildings,direct,buildings,institutional,transparency_accountability,LE,limited evidence,,CL,,,IPCC verdict is 'limited evidence' for this indicator — provides no directional evidence; the cell contributes 0 to the dimension score.
c40_0012,Low/zero-energy buildings,direct,buildings,environmental,air_pollution,B,neutral,,CL,,,IPCC verdict is 'neutral' for this indicator — provides no directional evidence; the cell contributes 0 to the dimension score.
c40_0012,Low/zero-energy buildings,direct,buildings,environmental,toxic_waste,C,supportive,,CL,,,IPCC verdict is 'supportive' but no city-level data bridge is defined for 'toxic_waste' at sector scope 'buildings'; the IPCC prior is used unmodified.
c40_0012,Low/zero-energy buildings,direct,buildings,environmental,water_use,C,supportive,,CL,,,IPCC verdict is 'supportive' but no city-level data bridge is defined for 'water_use' at sector scope 'buildings'; the IPCC prior is used unmodified.
c40_0012,Low/zero-energy buildings,direct,buildings,geophysical,physical_feasibility,C,supportive,urban_built_share,CL,positive,buildings,Cities with higher urban_built_share have stronger feasibility for 'physical_feasibility' (geophysical dimension). Bridge applies to 'buildings' sector. IPCC base verdict: supportive.
c40_0012,Low/zero-energy buildings,direct,buildings,socio_cultural,public_acceptance,NE,no evidence,,CL,,,IPCC verdict is 'no evidence' for this indicator — provides no directional evidence; the cell contributes 0 to the dimension score.
c40_0012,Low/zero-energy buildings,direct,buildings,socio_cultural,inclusiveness,NE,no evidence,,CL,,,IPCC verdict is 'no evidence' for this indicator — provides no directional evidence; the cell contributes 0 to the dimension score.
c40_0012,Low/zero-energy buildings,direct,buildings,socio_cultural,human_capabilities,NE,no evidence,,CL,,,IPCC verdict is 'no evidence' for this indicator — provides no directional evidence; the cell contributes 0 to the dimension score.
c40_0013,Low/zero-energy buildings,direct,buildings,economic,cost-effectiveness,C,supportive,median_household_income,CL,positive,all,Cities with higher median_household_income have stronger feasibility for 'cost-effectiveness' (economic dimension). Bridge applies to 'all' sector. IPCC base verdict: supportive.
c40_0013,Low/zero-energy buildings,direct,buildings,economic,cost-effectiveness,C,supportive,poverty_rate,CL,negative,all,Cities with higher poverty_rate have weaker feasibility for 'cost-effectiveness' (economic dimension). Bridge applies to 'all' sector. IPCC base verdict: supportive.
c40_0013,Low/zero-energy buildings,direct,buildings,economic,distributional_effects,C,supportive,poverty_rate,CL,negative,all,Cities with higher poverty_rate have weaker feasibility for 'distributional_effects' (economic dimension). Bridge applies to 'all' sector. IPCC base verdict: supportive.
c40_0013,Low/zero-energy buildings,direct,buildings,economic,distributional_effects,C,supportive,home_ownership,CL,positive,buildings,Cities with higher home_ownership have stronger feasibility for 'distributional_effects' (economic dimension). Bridge applies to 'buildings' sector. IPCC base verdict: supportive.
c40_0013,Low/zero-energy buildings,direct,buildings,economic,distributional_effects,C,supportive,renter_share,CL,negative,buildings,Cities with higher renter_share have weaker feasibility for 'distributional_effects' (economic dimension). Bridge applies to 'buildings' sector. IPCC base verdict: supportive.
c40_0013,Low/zero-energy buildings,direct,buildings,economic,employment_productivity,C,supportive,unemployment_rate,CL,positive,all,Cities with higher unemployment_rate have stronger feasibility for 'employment_productivity' (economic dimension). Bridge applies to 'all' sector. IPCC base verdict: supportive.
c40_0013,Low/zero-energy buildings,direct,buildings,economic,employment_productivity,C,supportive,industry_construction_employment,CL,positive,buildings,Cities with higher industry_construction_employment have stronger feasibility for 'employment_productivity' (economic dimension). Bridge applies to 'buildings' sector. IPCC base verdict: supportive.
c40_0013,Low/zero-energy buildings,direct,buildings,technological,technical_scalability,C,supportive,electricity_access_rate,CL,positive,buildings,Cities with higher electricity_access_rate have stronger feasibility for 'technical_scalability' (technological dimension). Bridge applies to 'buildings' sector. IPCC base verdict: supportive.
c40_0013,Low/zero-energy buildings,direct,buildings,technological,technical_scalability,C,supportive,fixed_internet_household_share,CL,positive,buildings,Cities with higher fixed_internet_household_share have stronger feasibility for 'technical_scalability' (technological dimension). Bridge applies to 'buildings' sector. IPCC base verdict: supportive.
c40_0013,Low/zero-energy buildings,direct,buildings,technological,maturity,B,neutral,,CL,,,IPCC verdict is 'neutral' for this indicator — provides no directional evidence; the cell contributes 0 to the dimension score.
c40_0013,Low/zero-energy buildings,direct,buildings,institutional,political_acceptability,C,supportive,,CL,,,IPCC verdict is 'supportive' but no city-level data bridge is defined for 'political_acceptability' at sector scope 'buildings'; the IPCC prior is used unmodified.
c40_0013,Low/zero-energy buildings,direct,buildings,institutional,institutional_capacity,B,neutral,,CL,,,IPCC verdict is 'neutral' for this indicator — provides no directional evidence; the cell contributes 0 to the dimension score.
c40_0013,Low/zero-energy buildings,direct,buildings,socio_cultural,social_co_benefits,B,neutral,,CL,,,IPCC verdict is 'neutral' for this indicator — provides no directional evidence; the cell contributes 0 to the dimension score.
c40_0013,Low/zero-energy buildings,direct,buildings,technological,simplicity,LE,limited evidence,,CL,,,IPCC verdict is 'limited evidence' for this indicator — provides no directional evidence; the cell contributes 0 to the dimension score.
c40_0013,Low/zero-energy buildings,direct,buildings,technological,absence_of_risk,NE,no evidence,,CL,,,IPCC verdict is 'no evidence' for this indicator — provides no directional evidence; the cell contributes 0 to the dimension score.
c40_0013,Low/zero-energy buildings,direct,buildings,institutional,transparency_accountability,LE,limited evidence,,CL,,,IPCC verdict is 'limited evidence' for this indicator — provides no directional evidence; the cell contributes 0 to the dimension score.
c40_0013,Low/zero-energy buildings,direct,buildings,environmental,air_pollution,B,neutral,,CL,,,IPCC verdict is 'neutral' for this indicator — provides no directional evidence; the cell contributes 0 to the dimension score.
c40_0013,Low/zero-energy buildings,direct,buildings,environmental,toxic_waste,C,supportive,,CL,,,IPCC verdict is 'supportive' but no city-level data bridge is defined for 'toxic_waste' at sector scope 'buildings'; the IPCC prior is used unmodified.
c40_0013,Low/zero-energy buildings,direct,buildings,environmental,water_use,C,supportive,,CL,,,IPCC verdict is 'supportive' but no city-level data bridge is defined for 'water_use' at sector scope 'buildings'; the IPCC prior is used unmodified.
c40_0013,Low/zero-energy buildings,direct,buildings,geophysical,physical_feasibility,C,supportive,urban_built_share,CL,positive,buildings,Cities with higher urban_built_share have stronger feasibility for 'physical_feasibility' (geophysical dimension). Bridge applies to 'buildings' sector. IPCC base verdict: supportive.
c40_0013,Low/zero-energy buildings,direct,buildings,socio_cultural,public_acceptance,NE,no evidence,,CL,,,IPCC verdict is 'no evidence' for this indicator — provides no directional evidence; the cell contributes 0 to the dimension score.
c40_0013,Low/zero-energy buildings,direct,buildings,socio_cultural,inclusiveness,NE,no evidence,,CL,,,IPCC verdict is 'no evidence' for this indicator — provides no directional evidence; the cell contributes 0 to the dimension score.
c40_0013,Low/zero-energy buildings,direct,buildings,socio_cultural,human_capabilities,NE,no evidence,,CL,,,IPCC verdict is 'no evidence' for this indicator — provides no directional evidence; the cell contributes 0 to the dimension score.
c40_0015,Efficient appliances,direct,buildings,economic,cost-effectiveness,C,supportive,median_household_income,CL,positive,all,Cities with higher median_household_income have stronger feasibility for 'cost-effectiveness' (economic dimension). Bridge applies to 'all' sector. IPCC base verdict: supportive.
c40_0015,Efficient appliances,direct,buildings,economic,cost-effectiveness,C,supportive,poverty_rate,CL,negative,all,Cities with higher poverty_rate have weaker feasibility for 'cost-effectiveness' (economic dimension). Bridge applies to 'all' sector. IPCC base verdict: supportive.
c40_0015,Efficient appliances,direct,buildings,economic,distributional_effects,B,neutral,,CL,,,IPCC verdict is 'neutral' for this indicator — provides no directional evidence; the cell contributes 0 to the dimension score.
c40_0015,Efficient appliances,direct,buildings,economic,employment_productivity,B,neutral,,CL,,,IPCC verdict is 'neutral' for this indicator — provides no directional evidence; the cell contributes 0 to the dimension score.
c40_0015,Efficient appliances,direct,buildings,technological,technical_scalability,C,supportive,electricity_access_rate,CL,positive,buildings,Cities with higher electricity_access_rate have stronger feasibility for 'technical_scalability' (technological dimension). Bridge applies to 'buildings' sector. IPCC base verdict: supportive.
c40_0015,Efficient appliances,direct,buildings,technological,technical_scalability,C,supportive,fixed_internet_household_share,CL,positive,buildings,Cities with higher fixed_internet_household_share have stronger feasibility for 'technical_scalability' (technological dimension). Bridge applies to 'buildings' sector. IPCC base verdict: supportive.
c40_0015,Efficient appliances,direct,buildings,technological,maturity,C,supportive,,CL,,,IPCC verdict is 'supportive' but no city-level data bridge is defined for 'maturity' at sector scope 'buildings'; the IPCC prior is used unmodified.
c40_0015,Efficient appliances,direct,buildings,technological,simplicity,C,supportive,,CL,,,IPCC verdict is 'supportive' but no city-level data bridge is defined for 'simplicity' at sector scope 'buildings'; the IPCC prior is used unmodified.
c40_0015,Efficient appliances,direct,buildings,institutional,political_acceptability,C,supportive,,CL,,,IPCC verdict is 'supportive' but no city-level data bridge is defined for 'political_acceptability' at sector scope 'buildings'; the IPCC prior is used unmodified.
c40_0015,Efficient appliances,direct,buildings,institutional,institutional_capacity,B,neutral,,CL,,,IPCC verdict is 'neutral' for this indicator — provides no directional evidence; the cell contributes 0 to the dimension score.
c40_0015,Efficient appliances,direct,buildings,socio_cultural,social_co_benefits,C,supportive,,CL,,,IPCC verdict is 'supportive' but no city-level data bridge is defined for 'social_co_benefits' at sector scope 'buildings'; the IPCC prior is used unmodified.
c40_0015,Efficient appliances,direct,buildings,technological,absence_of_risk,NE,no evidence,,CL,,,IPCC verdict is 'no evidence' for this indicator — provides no directional evidence; the cell contributes 0 to the dimension score.
c40_0015,Efficient appliances,direct,buildings,institutional,transparency_accountability,LE,limited evidence,,CL,,,IPCC verdict is 'limited evidence' for this indicator — provides no directional evidence; the cell contributes 0 to the dimension score.
c40_0015,Efficient appliances,direct,buildings,socio_cultural,public_acceptance,C,supportive,home_ownership,CL,positive,buildings,Cities with higher home_ownership have stronger feasibility for 'public_acceptance' (socio_cultural dimension). Bridge applies to 'buildings' sector. IPCC base verdict: supportive.
c40_0015,Efficient appliances,direct,buildings,socio_cultural,public_acceptance,C,supportive,renter_share,CL,negative,buildings,Cities with higher renter_share have weaker feasibility for 'public_acceptance' (socio_cultural dimension). Bridge applies to 'buildings' sector. IPCC base verdict: supportive.
c40_0015,Efficient appliances,direct,buildings,socio_cultural,inclusiveness,B,neutral,,CL,,,IPCC verdict is 'neutral' for this indicator — provides no directional evidence; the cell contributes 0 to the dimension score.
c40_0015,Efficient appliances,direct,buildings,environmental,air_pollution,C,supportive,,CL,,,IPCC verdict is 'supportive' but no city-level data bridge is defined for 'air_pollution' at sector scope 'buildings'; the IPCC prior is used unmodified.
c40_0015,Efficient appliances,direct,buildings,environmental,toxic_waste,C,supportive,,CL,,,IPCC verdict is 'supportive' but no city-level data bridge is defined for 'toxic_waste' at sector scope 'buildings'; the IPCC prior is used unmodified.
c40_0015,Efficient appliances,direct,buildings,environmental,water_use,C,supportive,,CL,,,IPCC verdict is 'supportive' but no city-level data bridge is defined for 'water_use' at sector scope 'buildings'; the IPCC prior is used unmodified.
c40_0015,Efficient appliances,direct,buildings,geophysical,physical_feasibility,C,supportive,urban_built_share,CL,positive,buildings,Cities with higher urban_built_share have stronger feasibility for 'physical_feasibility' (geophysical dimension). Bridge applies to 'buildings' sector. IPCC base verdict: supportive.
c40_0015,Efficient appliances,direct,buildings,geophysical,limited_scarce_resources,LE,limited evidence,,CL,,,IPCC verdict is 'limited evidence' for this indicator — provides no directional evidence; the cell contributes 0 to the dimension score.
c40_0016,Low/zero-energy buildings,direct,buildings,economic,cost-effectiveness,C,supportive,median_household_income,CL,positive,all,Cities with higher median_household_income have stronger feasibility for 'cost-effectiveness' (economic dimension). Bridge applies to 'all' sector. IPCC base verdict: supportive.
c40_0016,Low/zero-energy buildings,direct,buildings,economic,cost-effectiveness,C,supportive,poverty_rate,CL,negative,all,Cities with higher poverty_rate have weaker feasibility for 'cost-effectiveness' (economic dimension). Bridge applies to 'all' sector. IPCC base verdict: supportive.
c40_0016,Low/zero-energy buildings,direct,buildings,economic,distributional_effects,C,supportive,poverty_rate,CL,negative,all,Cities with higher poverty_rate have weaker feasibility for 'distributional_effects' (economic dimension). Bridge applies to 'all' sector. IPCC base verdict: supportive.
c40_0016,Low/zero-energy buildings,direct,buildings,economic,distributional_effects,C,supportive,home_ownership,CL,positive,buildings,Cities with higher home_ownership have stronger feasibility for 'distributional_effects' (economic dimension). Bridge applies to 'buildings' sector. IPCC base verdict: supportive.
c40_0016,Low/zero-energy buildings,direct,buildings,economic,distributional_effects,C,supportive,renter_share,CL,negative,buildings,Cities with higher renter_share have weaker feasibility for 'distributional_effects' (economic dimension). Bridge applies to 'buildings' sector. IPCC base verdict: supportive.
c40_0016,Low/zero-energy buildings,direct,buildings,economic,employment_productivity,C,supportive,unemployment_rate,CL,positive,all,Cities with higher unemployment_rate have stronger feasibility for 'employment_productivity' (economic dimension). Bridge applies to 'all' sector. IPCC base verdict: supportive.
c40_0016,Low/zero-energy buildings,direct,buildings,economic,employment_productivity,C,supportive,industry_construction_employment,CL,positive,buildings,Cities with higher industry_construction_employment have stronger feasibility for 'employment_productivity' (economic dimension). Bridge applies to 'buildings' sector. IPCC base verdict: supportive.
c40_0016,Low/zero-energy buildings,direct,buildings,technological,technical_scalability,C,supportive,electricity_access_rate,CL,positive,buildings,Cities with higher electricity_access_rate have stronger feasibility for 'technical_scalability' (technological dimension). Bridge applies to 'buildings' sector. IPCC base verdict: supportive.
c40_0016,Low/zero-energy buildings,direct,buildings,technological,technical_scalability,C,supportive,fixed_internet_household_share,CL,positive,buildings,Cities with higher fixed_internet_household_share have stronger feasibility for 'technical_scalability' (technological dimension). Bridge applies to 'buildings' sector. IPCC base verdict: supportive.
c40_0016,Low/zero-energy buildings,direct,buildings,technological,maturity,B,neutral,,CL,,,IPCC verdict is 'neutral' for this indicator — provides no directional evidence; the cell contributes 0 to the dimension score.
c40_0016,Low/zero-energy buildings,direct,buildings,institutional,political_acceptability,C,supportive,,CL,,,IPCC verdict is 'supportive' but no city-level data bridge is defined for 'political_acceptability' at sector scope 'buildings'; the IPCC prior is used unmodified.
c40_0016,Low/zero-energy buildings,direct,buildings,institutional,institutional_capacity,B,neutral,,CL,,,IPCC verdict is 'neutral' for this indicator — provides no directional evidence; the cell contributes 0 to the dimension score.
c40_0016,Low/zero-energy buildings,direct,buildings,socio_cultural,social_co_benefits,B,neutral,,CL,,,IPCC verdict is 'neutral' for this indicator — provides no directional evidence; the cell contributes 0 to the dimension score.
c40_0016,Low/zero-energy buildings,direct,buildings,technological,simplicity,LE,limited evidence,,CL,,,IPCC verdict is 'limited evidence' for this indicator — provides no directional evidence; the cell contributes 0 to the dimension score.
c40_0016,Low/zero-energy buildings,direct,buildings,technological,absence_of_risk,NE,no evidence,,CL,,,IPCC verdict is 'no evidence' for this indicator — provides no directional evidence; the cell contributes 0 to the dimension score.
c40_0016,Low/zero-energy buildings,direct,buildings,institutional,transparency_accountability,LE,limited evidence,,CL,,,IPCC verdict is 'limited evidence' for this indicator — provides no directional evidence; the cell contributes 0 to the dimension score.
c40_0016,Low/zero-energy buildings,direct,buildings,environmental,air_pollution,B,neutral,,CL,,,IPCC verdict is 'neutral' for this indicator — provides no directional evidence; the cell contributes 0 to the dimension score.
c40_0016,Low/zero-energy buildings,direct,buildings,environmental,toxic_waste,C,supportive,,CL,,,IPCC verdict is 'supportive' but no city-level data bridge is defined for 'toxic_waste' at sector scope 'buildings'; the IPCC prior is used unmodified.
c40_0016,Low/zero-energy buildings,direct,buildings,environmental,water_use,C,supportive,,CL,,,IPCC verdict is 'supportive' but no city-level data bridge is defined for 'water_use' at sector scope 'buildings'; the IPCC prior is used unmodified.
c40_0016,Low/zero-energy buildings,direct,buildings,geophysical,physical_feasibility,C,supportive,urban_built_share,CL,positive,buildings,Cities with higher urban_built_share have stronger feasibility for 'physical_feasibility' (geophysical dimension). Bridge applies to 'buildings' sector. IPCC base verdict: supportive.
c40_0016,Low/zero-energy buildings,direct,buildings,socio_cultural,public_acceptance,NE,no evidence,,CL,,,IPCC verdict is 'no evidence' for this indicator — provides no directional evidence; the cell contributes 0 to the dimension score.
c40_0016,Low/zero-energy buildings,direct,buildings,socio_cultural,inclusiveness,NE,no evidence,,CL,,,IPCC verdict is 'no evidence' for this indicator — provides no directional evidence; the cell contributes 0 to the dimension score.
c40_0016,Low/zero-energy buildings,direct,buildings,socio_cultural,human_capabilities,NE,no evidence,,CL,,,IPCC verdict is 'no evidence' for this indicator — provides no directional evidence; the cell contributes 0 to the dimension score.
c40_0017,Low/zero-energy buildings,direct,buildings,economic,cost-effectiveness,C,supportive,median_household_income,CL,positive,all,Cities with higher median_household_income have stronger feasibility for 'cost-effectiveness' (economic dimension). Bridge applies to 'all' sector. IPCC base verdict: supportive.
c40_0017,Low/zero-energy buildings,direct,buildings,economic,cost-effectiveness,C,supportive,poverty_rate,CL,negative,all,Cities with higher poverty_rate have weaker feasibility for 'cost-effectiveness' (economic dimension). Bridge applies to 'all' sector. IPCC base verdict: supportive.
c40_0017,Low/zero-energy buildings,direct,buildings,economic,distributional_effects,C,supportive,poverty_rate,CL,negative,all,Cities with higher poverty_rate have weaker feasibility for 'distributional_effects' (economic dimension). Bridge applies to 'all' sector. IPCC base verdict: supportive.
c40_0017,Low/zero-energy buildings,direct,buildings,economic,distributional_effects,C,supportive,home_ownership,CL,positive,buildings,Cities with higher home_ownership have stronger feasibility for 'distributional_effects' (economic dimension). Bridge applies to 'buildings' sector. IPCC base verdict: supportive.
c40_0017,Low/zero-energy buildings,direct,buildings,economic,distributional_effects,C,supportive,renter_share,CL,negative,buildings,Cities with higher renter_share have weaker feasibility for 'distributional_effects' (economic dimension). Bridge applies to 'buildings' sector. IPCC base verdict: supportive.
c40_0017,Low/zero-energy buildings,direct,buildings,economic,employment_productivity,C,supportive,unemployment_rate,CL,positive,all,Cities with higher unemployment_rate have stronger feasibility for 'employment_productivity' (economic dimension). Bridge applies to 'all' sector. IPCC base verdict: supportive.
c40_0017,Low/zero-energy buildings,direct,buildings,economic,employment_productivity,C,supportive,industry_construction_employment,CL,positive,buildings,Cities with higher industry_construction_employment have stronger feasibility for 'employment_productivity' (economic dimension). Bridge applies to 'buildings' sector. IPCC base verdict: supportive.
c40_0017,Low/zero-energy buildings,direct,buildings,technological,technical_scalability,C,supportive,electricity_access_rate,CL,positive,buildings,Cities with higher electricity_access_rate have stronger feasibility for 'technical_scalability' (technological dimension). Bridge applies to 'buildings' sector. IPCC base verdict: supportive.
c40_0017,Low/zero-energy buildings,direct,buildings,technological,technical_scalability,C,supportive,fixed_internet_household_share,CL,positive,buildings,Cities with higher fixed_internet_household_share have stronger feasibility for 'technical_scalability' (technological dimension). Bridge applies to 'buildings' sector. IPCC base verdict: supportive.
c40_0017,Low/zero-energy buildings,direct,buildings,technological,maturity,B,neutral,,CL,,,IPCC verdict is 'neutral' for this indicator — provides no directional evidence; the cell contributes 0 to the dimension score.
c40_0017,Low/zero-energy buildings,direct,buildings,institutional,political_acceptability,C,supportive,,CL,,,IPCC verdict is 'supportive' but no city-level data bridge is defined for 'political_acceptability' at sector scope 'buildings'; the IPCC prior is used unmodified.
c40_0017,Low/zero-energy buildings,direct,buildings,institutional,institutional_capacity,B,neutral,,CL,,,IPCC verdict is 'neutral' for this indicator — provides no directional evidence; the cell contributes 0 to the dimension score.
c40_0017,Low/zero-energy buildings,direct,buildings,socio_cultural,social_co_benefits,B,neutral,,CL,,,IPCC verdict is 'neutral' for this indicator — provides no directional evidence; the cell contributes 0 to the dimension score.
c40_0017,Low/zero-energy buildings,direct,buildings,technological,simplicity,LE,limited evidence,,CL,,,IPCC verdict is 'limited evidence' for this indicator — provides no directional evidence; the cell contributes 0 to the dimension score.
c40_0017,Low/zero-energy buildings,direct,buildings,technological,absence_of_risk,NE,no evidence,,CL,,,IPCC verdict is 'no evidence' for this indicator — provides no directional evidence; the cell contributes 0 to the dimension score.
c40_0017,Low/zero-energy buildings,direct,buildings,institutional,transparency_accountability,LE,limited evidence,,CL,,,IPCC verdict is 'limited evidence' for this indicator — provides no directional evidence; the cell contributes 0 to the dimension score.
c40_0017,Low/zero-energy buildings,direct,buildings,environmental,air_pollution,B,neutral,,CL,,,IPCC verdict is 'neutral' for this indicator — provides no directional evidence; the cell contributes 0 to the dimension score.
c40_0017,Low/zero-energy buildings,direct,buildings,environmental,toxic_waste,C,supportive,,CL,,,IPCC verdict is 'supportive' but no city-level data bridge is defined for 'toxic_waste' at sector scope 'buildings'; the IPCC prior is used unmodified.
c40_0017,Low/zero-energy buildings,direct,buildings,environmental,water_use,C,supportive,,CL,,,IPCC verdict is 'supportive' but no city-level data bridge is defined for 'water_use' at sector scope 'buildings'; the IPCC prior is used unmodified.
c40_0017,Low/zero-energy buildings,direct,buildings,geophysical,physical_feasibility,C,supportive,urban_built_share,CL,positive,buildings,Cities with higher urban_built_share have stronger feasibility for 'physical_feasibility' (geophysical dimension). Bridge applies to 'buildings' sector. IPCC base verdict: supportive.
c40_0017,Low/zero-energy buildings,direct,buildings,socio_cultural,public_acceptance,NE,no evidence,,CL,,,IPCC verdict is 'no evidence' for this indicator — provides no directional evidence; the cell contributes 0 to the dimension score.
c40_0017,Low/zero-energy buildings,direct,buildings,socio_cultural,inclusiveness,NE,no evidence,,CL,,,IPCC verdict is 'no evidence' for this indicator — provides no directional evidence; the cell contributes 0 to the dimension score.
c40_0017,Low/zero-energy buildings,direct,buildings,socio_cultural,human_capabilities,NE,no evidence,,CL,,,IPCC verdict is 'no evidence' for this indicator — provides no directional evidence; the cell contributes 0 to the dimension score.
c40_0018,Low/zero-energy buildings,direct,buildings,economic,cost-effectiveness,C,supportive,median_household_income,CL,positive,all,Cities with higher median_household_income have stronger feasibility for 'cost-effectiveness' (economic dimension). Bridge applies to 'all' sector. IPCC base verdict: supportive.
c40_0018,Low/zero-energy buildings,direct,buildings,economic,cost-effectiveness,C,supportive,poverty_rate,CL,negative,all,Cities with higher poverty_rate have weaker feasibility for 'cost-effectiveness' (economic dimension). Bridge applies to 'all' sector. IPCC base verdict: supportive.
c40_0018,Low/zero-energy buildings,direct,buildings,economic,distributional_effects,C,supportive,poverty_rate,CL,negative,all,Cities with higher poverty_rate have weaker feasibility for 'distributional_effects' (economic dimension). Bridge applies to 'all' sector. IPCC base verdict: supportive.
c40_0018,Low/zero-energy buildings,direct,buildings,economic,distributional_effects,C,supportive,home_ownership,CL,positive,buildings,Cities with higher home_ownership have stronger feasibility for 'distributional_effects' (economic dimension). Bridge applies to 'buildings' sector. IPCC base verdict: supportive.
c40_0018,Low/zero-energy buildings,direct,buildings,economic,distributional_effects,C,supportive,renter_share,CL,negative,buildings,Cities with higher renter_share have weaker feasibility for 'distributional_effects' (economic dimension). Bridge applies to 'buildings' sector. IPCC base verdict: supportive.
c40_0018,Low/zero-energy buildings,direct,buildings,economic,employment_productivity,C,supportive,unemployment_rate,CL,positive,all,Cities with higher unemployment_rate have stronger feasibility for 'employment_productivity' (economic dimension). Bridge applies to 'all' sector. IPCC base verdict: supportive.
c40_0018,Low/zero-energy buildings,direct,buildings,economic,employment_productivity,C,supportive,industry_construction_employment,CL,positive,buildings,Cities with higher industry_construction_employment have stronger feasibility for 'employment_productivity' (economic dimension). Bridge applies to 'buildings' sector. IPCC base verdict: supportive.
c40_0018,Low/zero-energy buildings,direct,buildings,technological,technical_scalability,C,supportive,electricity_access_rate,CL,positive,buildings,Cities with higher electricity_access_rate have stronger feasibility for 'technical_scalability' (technological dimension). Bridge applies to 'buildings' sector. IPCC base verdict: supportive.
c40_0018,Low/zero-energy buildings,direct,buildings,technological,technical_scalability,C,supportive,fixed_internet_household_share,CL,positive,buildings,Cities with higher fixed_internet_household_share have stronger feasibility for 'technical_scalability' (technological dimension). Bridge applies to 'buildings' sector. IPCC base verdict: supportive.
c40_0018,Low/zero-energy buildings,direct,buildings,technological,maturity,B,neutral,,CL,,,IPCC verdict is 'neutral' for this indicator — provides no directional evidence; the cell contributes 0 to the dimension score.
c40_0018,Low/zero-energy buildings,direct,buildings,institutional,political_acceptability,C,supportive,,CL,,,IPCC verdict is 'supportive' but no city-level data bridge is defined for 'political_acceptability' at sector scope 'buildings'; the IPCC prior is used unmodified.
c40_0018,Low/zero-energy buildings,direct,buildings,institutional,institutional_capacity,B,neutral,,CL,,,IPCC verdict is 'neutral' for this indicator — provides no directional evidence; the cell contributes 0 to the dimension score.
c40_0018,Low/zero-energy buildings,direct,buildings,socio_cultural,social_co_benefits,B,neutral,,CL,,,IPCC verdict is 'neutral' for this indicator — provides no directional evidence; the cell contributes 0 to the dimension score.
c40_0018,Low/zero-energy buildings,direct,buildings,technological,simplicity,LE,limited evidence,,CL,,,IPCC verdict is 'limited evidence' for this indicator — provides no directional evidence; the cell contributes 0 to the dimension score.
c40_0018,Low/zero-energy buildings,direct,buildings,technological,absence_of_risk,NE,no evidence,,CL,,,IPCC verdict is 'no evidence' for this indicator — provides no directional evidence; the cell contributes 0 to the dimension score.
c40_0018,Low/zero-energy buildings,direct,buildings,institutional,transparency_accountability,LE,limited evidence,,CL,,,IPCC verdict is 'limited evidence' for this indicator — provides no directional evidence; the cell contributes 0 to the dimension score.
c40_0018,Low/zero-energy buildings,direct,buildings,environmental,air_pollution,B,neutral,,CL,,,IPCC verdict is 'neutral' for this indicator — provides no directional evidence; the cell contributes 0 to the dimension score.
c40_0018,Low/zero-energy buildings,direct,buildings,environmental,toxic_waste,C,supportive,,CL,,,IPCC verdict is 'supportive' but no city-level data bridge is defined for 'toxic_waste' at sector scope 'buildings'; the IPCC prior is used unmodified.
c40_0018,Low/zero-energy buildings,direct,buildings,environmental,water_use,C,supportive,,CL,,,IPCC verdict is 'supportive' but no city-level data bridge is defined for 'water_use' at sector scope 'buildings'; the IPCC prior is used unmodified.
c40_0018,Low/zero-energy buildings,direct,buildings,geophysical,physical_feasibility,C,supportive,urban_built_share,CL,positive,buildings,Cities with higher urban_built_share have stronger feasibility for 'physical_feasibility' (geophysical dimension). Bridge applies to 'buildings' sector. IPCC base verdict: supportive.
c40_0018,Low/zero-energy buildings,direct,buildings,socio_cultural,public_acceptance,NE,no evidence,,CL,,,IPCC verdict is 'no evidence' for this indicator — provides no directional evidence; the cell contributes 0 to the dimension score.
c40_0018,Low/zero-energy buildings,direct,buildings,socio_cultural,inclusiveness,NE,no evidence,,CL,,,IPCC verdict is 'no evidence' for this indicator — provides no directional evidence; the cell contributes 0 to the dimension score.
c40_0018,Low/zero-energy buildings,direct,buildings,socio_cultural,human_capabilities,NE,no evidence,,CL,,,IPCC verdict is 'no evidence' for this indicator — provides no directional evidence; the cell contributes 0 to the dimension score.
c40_0023,Electric cars and buses,direct,transport,economic,cost-effectiveness,B,neutral,,CL,,,IPCC verdict is 'neutral' for this indicator — provides no directional evidence; the cell contributes 0 to the dimension score.
c40_0023,Electric cars and buses,direct,transport,economic,distributional_effects,A,barrier,poverty_rate,CL,negative,all,Cities with higher poverty_rate have weaker feasibility for 'distributional_effects' (economic dimension). Bridge applies to 'all' sector. IPCC base verdict: barrier.
c40_0023,Electric cars and buses,direct,transport,economic,employment_productivity,B,neutral,,CL,,,IPCC verdict is 'neutral' for this indicator — provides no directional evidence; the cell contributes 0 to the dimension score.
c40_0023,Electric cars and buses,direct,transport,technological,technical_scalability,C,supportive,fixed_internet_household_share,CL,positive,transport,Cities with higher fixed_internet_household_share have stronger feasibility for 'technical_scalability' (technological dimension). Bridge applies to 'transport' sector. IPCC base verdict: supportive.
c40_0023,Electric cars and buses,direct,transport,technological,maturity,B,neutral,,CL,,,IPCC verdict is 'neutral' for this indicator — provides no directional evidence; the cell contributes 0 to the dimension score.
c40_0023,Electric cars and buses,direct,transport,technological,simplicity,B,neutral,,CL,,,IPCC verdict is 'neutral' for this indicator — provides no directional evidence; the cell contributes 0 to the dimension score.
c40_0023,Electric cars and buses,direct,transport,technological,absence_of_risk,C,supportive,,CL,,,IPCC verdict is 'supportive' but no city-level data bridge is defined for 'absence_of_risk' at sector scope 'transport'; the IPCC prior is used unmodified.
c40_0023,Electric cars and buses,direct,transport,institutional,political_acceptability,B,neutral,,CL,,,IPCC verdict is 'neutral' for this indicator — provides no directional evidence; the cell contributes 0 to the dimension score.
c40_0023,Electric cars and buses,direct,transport,institutional,institutional_capacity,C,supportive,employment_in_transport_and_logistics,CL,positive,transport,Cities with higher employment_in_transport_and_logistics have stronger feasibility for 'institutional_capacity' (institutional dimension). Bridge applies to 'transport' sector. IPCC base verdict: supportive.
c40_0023,Electric cars and buses,direct,transport,institutional,transparency_accountability,C,supportive,,CL,,,IPCC verdict is 'supportive' but no city-level data bridge is defined for 'transparency_accountability' at sector scope 'transport'; the IPCC prior is used unmodified.
c40_0023,Electric cars and buses,direct,transport,socio_cultural,social_co_benefits,C,supportive,,CL,,,IPCC verdict is 'supportive' but no city-level data bridge is defined for 'social_co_benefits' at sector scope 'transport'; the IPCC prior is used unmodified.
c40_0023,Electric cars and buses,direct,transport,socio_cultural,public_acceptance,B,neutral,,CL,,,IPCC verdict is 'neutral' for this indicator — provides no directional evidence; the cell contributes 0 to the dimension score.
c40_0023,Electric cars and buses,direct,transport,socio_cultural,intergenerational_equity,C,supportive,,CL,,,IPCC verdict is 'supportive' but no city-level data bridge is defined for 'intergenerational_equity' at sector scope 'transport'; the IPCC prior is used unmodified.
c40_0023,Electric cars and buses,direct,transport,socio_cultural,human_capabilities,B,neutral,,CL,,,IPCC verdict is 'neutral' for this indicator — provides no directional evidence; the cell contributes 0 to the dimension score.
c40_0023,Electric cars and buses,direct,transport,environmental,air_pollution,C,supportive,,CL,,,IPCC verdict is 'supportive' but no city-level data bridge is defined for 'air_pollution' at sector scope 'transport'; the IPCC prior is used unmodified.
c40_0023,Electric cars and buses,direct,transport,socio_cultural,inclusiveness,LE,limited evidence,,CL,,,IPCC verdict is 'limited evidence' for this indicator — provides no directional evidence; the cell contributes 0 to the dimension score.
c40_0023,Electric cars and buses,direct,transport,environmental,toxic_waste,LE,limited evidence,,CL,,,IPCC verdict is 'limited evidence' for this indicator — provides no directional evidence; the cell contributes 0 to the dimension score.
c40_0023,Electric cars and buses,direct,transport,geophysical,physical_feasibility,C,supportive,urban_built_share,CL,positive,transport,Cities with higher urban_built_share have stronger feasibility for 'physical_feasibility' (geophysical dimension). Bridge applies to 'transport' sector. IPCC base verdict: supportive.
c40_0023,Electric cars and buses,direct,transport,geophysical,limited_land_use,A,barrier,,CL,,,IPCC verdict is 'barrier' but no city-level data bridge is defined for 'limited_land_use' at sector scope 'transport'; the IPCC prior is used unmodified.
c40_0023,Electric cars and buses,direct,transport,geophysical,limited_scarce_resources,A,barrier,,CL,,,IPCC verdict is 'barrier' but no city-level data bridge is defined for 'limited_scarce_resources' at sector scope 'transport'; the IPCC prior is used unmodified.
c40_0023,Electric cars and buses,direct,transport,geophysical,global_spread,C,supportive,,CL,,,IPCC verdict is 'supportive' but no city-level data bridge is defined for 'global_spread' at sector scope 'transport'; the IPCC prior is used unmodified.
c40_0023,Electric cars and buses,direct,transport,environmental,water_use,LE,limited evidence,,CL,,,IPCC verdict is 'limited evidence' for this indicator — provides no directional evidence; the cell contributes 0 to the dimension score.
c40_0023,Electric cars and buses,direct,transport,environmental,biodiversity,LE,limited evidence,,CL,,,IPCC verdict is 'limited evidence' for this indicator — provides no directional evidence; the cell contributes 0 to the dimension score.
c40_0025,Electric cars and buses,direct,transport,economic,cost-effectiveness,B,neutral,,CL,,,IPCC verdict is 'neutral' for this indicator — provides no directional evidence; the cell contributes 0 to the dimension score.
c40_0025,Electric cars and buses,direct,transport,economic,distributional_effects,A,barrier,poverty_rate,CL,negative,all,Cities with higher poverty_rate have weaker feasibility for 'distributional_effects' (economic dimension). Bridge applies to 'all' sector. IPCC base verdict: barrier.
c40_0025,Electric cars and buses,direct,transport,economic,employment_productivity,B,neutral,,CL,,,IPCC verdict is 'neutral' for this indicator — provides no directional evidence; the cell contributes 0 to the dimension score.
c40_0025,Electric cars and buses,direct,transport,technological,technical_scalability,C,supportive,fixed_internet_household_share,CL,positive,transport,Cities with higher fixed_internet_household_share have stronger feasibility for 'technical_scalability' (technological dimension). Bridge applies to 'transport' sector. IPCC base verdict: supportive.
c40_0025,Electric cars and buses,direct,transport,technological,maturity,B,neutral,,CL,,,IPCC verdict is 'neutral' for this indicator — provides no directional evidence; the cell contributes 0 to the dimension score.
c40_0025,Electric cars and buses,direct,transport,technological,simplicity,B,neutral,,CL,,,IPCC verdict is 'neutral' for this indicator — provides no directional evidence; the cell contributes 0 to the dimension score.
c40_0025,Electric cars and buses,direct,transport,technological,absence_of_risk,C,supportive,,CL,,,IPCC verdict is 'supportive' but no city-level data bridge is defined for 'absence_of_risk' at sector scope 'transport'; the IPCC prior is used unmodified.
c40_0025,Electric cars and buses,direct,transport,institutional,political_acceptability,B,neutral,,CL,,,IPCC verdict is 'neutral' for this indicator — provides no directional evidence; the cell contributes 0 to the dimension score.
c40_0025,Electric cars and buses,direct,transport,institutional,institutional_capacity,C,supportive,employment_in_transport_and_logistics,CL,positive,transport,Cities with higher employment_in_transport_and_logistics have stronger feasibility for 'institutional_capacity' (institutional dimension). Bridge applies to 'transport' sector. IPCC base verdict: supportive.
c40_0025,Electric cars and buses,direct,transport,institutional,transparency_accountability,C,supportive,,CL,,,IPCC verdict is 'supportive' but no city-level data bridge is defined for 'transparency_accountability' at sector scope 'transport'; the IPCC prior is used unmodified.
c40_0025,Electric cars and buses,direct,transport,socio_cultural,social_co_benefits,C,supportive,,CL,,,IPCC verdict is 'supportive' but no city-level data bridge is defined for 'social_co_benefits' at sector scope 'transport'; the IPCC prior is used unmodified.
c40_0025,Electric cars and buses,direct,transport,socio_cultural,public_acceptance,B,neutral,,CL,,,IPCC verdict is 'neutral' for this indicator — provides no directional evidence; the cell contributes 0 to the dimension score.
c40_0025,Electric cars and buses,direct,transport,socio_cultural,intergenerational_equity,C,supportive,,CL,,,IPCC verdict is 'supportive' but no city-level data bridge is defined for 'intergenerational_equity' at sector scope 'transport'; the IPCC prior is used unmodified.
c40_0025,Electric cars and buses,direct,transport,socio_cultural,human_capabilities,B,neutral,,CL,,,IPCC verdict is 'neutral' for this indicator — provides no directional evidence; the cell contributes 0 to the dimension score.
c40_0025,Electric cars and buses,direct,transport,environmental,air_pollution,C,supportive,,CL,,,IPCC verdict is 'supportive' but no city-level data bridge is defined for 'air_pollution' at sector scope 'transport'; the IPCC prior is used unmodified.
c40_0025,Electric cars and buses,direct,transport,socio_cultural,inclusiveness,LE,limited evidence,,CL,,,IPCC verdict is 'limited evidence' for this indicator — provides no directional evidence; the cell contributes 0 to the dimension score.
c40_0025,Electric cars and buses,direct,transport,environmental,toxic_waste,LE,limited evidence,,CL,,,IPCC verdict is 'limited evidence' for this indicator — provides no directional evidence; the cell contributes 0 to the dimension score.
c40_0025,Electric cars and buses,direct,transport,geophysical,physical_feasibility,C,supportive,urban_built_share,CL,positive,transport,Cities with higher urban_built_share have stronger feasibility for 'physical_feasibility' (geophysical dimension). Bridge applies to 'transport' sector. IPCC base verdict: supportive.
c40_0025,Electric cars and buses,direct,transport,geophysical,limited_land_use,A,barrier,,CL,,,IPCC verdict is 'barrier' but no city-level data bridge is defined for 'limited_land_use' at sector scope 'transport'; the IPCC prior is used unmodified.
c40_0025,Electric cars and buses,direct,transport,geophysical,limited_scarce_resources,A,barrier,,CL,,,IPCC verdict is 'barrier' but no city-level data bridge is defined for 'limited_scarce_resources' at sector scope 'transport'; the IPCC prior is used unmodified.
c40_0025,Electric cars and buses,direct,transport,geophysical,global_spread,C,supportive,,CL,,,IPCC verdict is 'supportive' but no city-level data bridge is defined for 'global_spread' at sector scope 'transport'; the IPCC prior is used unmodified.
c40_0025,Electric cars and buses,direct,transport,environmental,water_use,LE,limited evidence,,CL,,,IPCC verdict is 'limited evidence' for this indicator — provides no directional evidence; the cell contributes 0 to the dimension score.
c40_0025,Electric cars and buses,direct,transport,environmental,biodiversity,LE,limited evidence,,CL,,,IPCC verdict is 'limited evidence' for this indicator — provides no directional evidence; the cell contributes 0 to the dimension score.
c40_0029,Electric cars and buses,direct,transport,economic,cost-effectiveness,B,neutral,,CL,,,IPCC verdict is 'neutral' for this indicator — provides no directional evidence; the cell contributes 0 to the dimension score.
c40_0029,Electric cars and buses,direct,transport,economic,distributional_effects,A,barrier,poverty_rate,CL,negative,all,Cities with higher poverty_rate have weaker feasibility for 'distributional_effects' (economic dimension). Bridge applies to 'all' sector. IPCC base verdict: barrier.
c40_0029,Electric cars and buses,direct,transport,economic,employment_productivity,B,neutral,,CL,,,IPCC verdict is 'neutral' for this indicator — provides no directional evidence; the cell contributes 0 to the dimension score.
c40_0029,Electric cars and buses,direct,transport,technological,technical_scalability,C,supportive,fixed_internet_household_share,CL,positive,transport,Cities with higher fixed_internet_household_share have stronger feasibility for 'technical_scalability' (technological dimension). Bridge applies to 'transport' sector. IPCC base verdict: supportive.
c40_0029,Electric cars and buses,direct,transport,technological,maturity,B,neutral,,CL,,,IPCC verdict is 'neutral' for this indicator — provides no directional evidence; the cell contributes 0 to the dimension score.
c40_0029,Electric cars and buses,direct,transport,technological,simplicity,B,neutral,,CL,,,IPCC verdict is 'neutral' for this indicator — provides no directional evidence; the cell contributes 0 to the dimension score.
c40_0029,Electric cars and buses,direct,transport,technological,absence_of_risk,C,supportive,,CL,,,IPCC verdict is 'supportive' but no city-level data bridge is defined for 'absence_of_risk' at sector scope 'transport'; the IPCC prior is used unmodified.
c40_0029,Electric cars and buses,direct,transport,institutional,political_acceptability,B,neutral,,CL,,,IPCC verdict is 'neutral' for this indicator — provides no directional evidence; the cell contributes 0 to the dimension score.
c40_0029,Electric cars and buses,direct,transport,institutional,institutional_capacity,C,supportive,employment_in_transport_and_logistics,CL,positive,transport,Cities with higher employment_in_transport_and_logistics have stronger feasibility for 'institutional_capacity' (institutional dimension). Bridge applies to 'transport' sector. IPCC base verdict: supportive.
c40_0029,Electric cars and buses,direct,transport,institutional,transparency_accountability,C,supportive,,CL,,,IPCC verdict is 'supportive' but no city-level data bridge is defined for 'transparency_accountability' at sector scope 'transport'; the IPCC prior is used unmodified.
c40_0029,Electric cars and buses,direct,transport,socio_cultural,social_co_benefits,C,supportive,,CL,,,IPCC verdict is 'supportive' but no city-level data bridge is defined for 'social_co_benefits' at sector scope 'transport'; the IPCC prior is used unmodified.
c40_0029,Electric cars and buses,direct,transport,socio_cultural,public_acceptance,B,neutral,,CL,,,IPCC verdict is 'neutral' for this indicator — provides no directional evidence; the cell contributes 0 to the dimension score.
c40_0029,Electric cars and buses,direct,transport,socio_cultural,intergenerational_equity,C,supportive,,CL,,,IPCC verdict is 'supportive' but no city-level data bridge is defined for 'intergenerational_equity' at sector scope 'transport'; the IPCC prior is used unmodified.
c40_0029,Electric cars and buses,direct,transport,socio_cultural,human_capabilities,B,neutral,,CL,,,IPCC verdict is 'neutral' for this indicator — provides no directional evidence; the cell contributes 0 to the dimension score.
c40_0029,Electric cars and buses,direct,transport,environmental,air_pollution,C,supportive,,CL,,,IPCC verdict is 'supportive' but no city-level data bridge is defined for 'air_pollution' at sector scope 'transport'; the IPCC prior is used unmodified.
c40_0029,Electric cars and buses,direct,transport,socio_cultural,inclusiveness,LE,limited evidence,,CL,,,IPCC verdict is 'limited evidence' for this indicator — provides no directional evidence; the cell contributes 0 to the dimension score.
c40_0029,Electric cars and buses,direct,transport,environmental,toxic_waste,LE,limited evidence,,CL,,,IPCC verdict is 'limited evidence' for this indicator — provides no directional evidence; the cell contributes 0 to the dimension score.
c40_0029,Electric cars and buses,direct,transport,geophysical,physical_feasibility,C,supportive,urban_built_share,CL,positive,transport,Cities with higher urban_built_share have stronger feasibility for 'physical_feasibility' (geophysical dimension). Bridge applies to 'transport' sector. IPCC base verdict: supportive.
c40_0029,Electric cars and buses,direct,transport,geophysical,limited_land_use,A,barrier,,CL,,,IPCC verdict is 'barrier' but no city-level data bridge is defined for 'limited_land_use' at sector scope 'transport'; the IPCC prior is used unmodified.
c40_0029,Electric cars and buses,direct,transport,geophysical,limited_scarce_resources,A,barrier,,CL,,,IPCC verdict is 'barrier' but no city-level data bridge is defined for 'limited_scarce_resources' at sector scope 'transport'; the IPCC prior is used unmodified.
c40_0029,Electric cars and buses,direct,transport,geophysical,global_spread,C,supportive,,CL,,,IPCC verdict is 'supportive' but no city-level data bridge is defined for 'global_spread' at sector scope 'transport'; the IPCC prior is used unmodified.
c40_0029,Electric cars and buses,direct,transport,environmental,water_use,LE,limited evidence,,CL,,,IPCC verdict is 'limited evidence' for this indicator — provides no directional evidence; the cell contributes 0 to the dimension score.
c40_0029,Electric cars and buses,direct,transport,environmental,biodiversity,LE,limited evidence,,CL,,,IPCC verdict is 'limited evidence' for this indicator — provides no directional evidence; the cell contributes 0 to the dimension score.
c40_0034,Reduced food wastage,weak,waste,economic,cost-effectiveness,C,supportive,median_household_income,CL,positive,all,Cities with higher median_household_income have stronger feasibility for 'cost-effectiveness' (economic dimension). Bridge applies to 'all' sector. IPCC base verdict: supportive.
c40_0034,Reduced food wastage,weak,waste,economic,cost-effectiveness,C,supportive,poverty_rate,CL,negative,all,Cities with higher poverty_rate have weaker feasibility for 'cost-effectiveness' (economic dimension). Bridge applies to 'all' sector. IPCC base verdict: supportive.
c40_0034,Reduced food wastage,weak,waste,economic,distributional_effects,B,neutral,,CL,,,IPCC verdict is 'neutral' for this indicator — provides no directional evidence; the cell contributes 0 to the dimension score.
c40_0034,Reduced food wastage,weak,waste,economic,employment_productivity,B,neutral,,CL,,,IPCC verdict is 'neutral' for this indicator — provides no directional evidence; the cell contributes 0 to the dimension score.
c40_0034,Reduced food wastage,weak,waste,technological,technical_scalability,B,neutral,,CL,,,IPCC verdict is 'neutral' for this indicator — provides no directional evidence; the cell contributes 0 to the dimension score.
c40_0034,Reduced food wastage,weak,waste,technological,absence_of_risk,C,supportive,,CL,,,IPCC verdict is 'supportive' but no city-level data bridge is defined for 'absence_of_risk' at sector scope 'waste'; the IPCC prior is used unmodified.
c40_0034,Reduced food wastage,weak,waste,institutional,political_acceptability,C,supportive,,CL,,,IPCC verdict is 'supportive' but no city-level data bridge is defined for 'political_acceptability' at sector scope 'waste'; the IPCC prior is used unmodified.
c40_0034,Reduced food wastage,weak,waste,technological,maturity,NE,no evidence,,CL,,,IPCC verdict is 'no evidence' for this indicator — provides no directional evidence; the cell contributes 0 to the dimension score.
c40_0034,Reduced food wastage,weak,waste,technological,simplicity,NE,no evidence,,CL,,,IPCC verdict is 'no evidence' for this indicator — provides no directional evidence; the cell contributes 0 to the dimension score.
c40_0034,Reduced food wastage,weak,waste,institutional,institutional_capacity,C,supportive,,CL,,,IPCC verdict is 'supportive' but no city-level data bridge is defined for 'institutional_capacity' at sector scope 'waste'; the IPCC prior is used unmodified.
c40_0034,Reduced food wastage,weak,waste,institutional,transparency_accountability,C,supportive,,CL,,,IPCC verdict is 'supportive' but no city-level data bridge is defined for 'transparency_accountability' at sector scope 'waste'; the IPCC prior is used unmodified.
c40_0034,Reduced food wastage,weak,waste,socio_cultural,social_co_benefits,C,supportive,,CL,,,IPCC verdict is 'supportive' but no city-level data bridge is defined for 'social_co_benefits' at sector scope 'waste'; the IPCC prior is used unmodified.
c40_0034,Reduced food wastage,weak,waste,socio_cultural,public_acceptance,B,neutral,,CL,,,IPCC verdict is 'neutral' for this indicator — provides no directional evidence; the cell contributes 0 to the dimension score.
c40_0034,Reduced food wastage,weak,waste,socio_cultural,inclusiveness,B,neutral,,CL,,,IPCC verdict is 'neutral' for this indicator — provides no directional evidence; the cell contributes 0 to the dimension score.
c40_0034,Reduced food wastage,weak,waste,socio_cultural,intergenerational_equity,B,neutral,,CL,,,IPCC verdict is 'neutral' for this indicator — provides no directional evidence; the cell contributes 0 to the dimension score.
c40_0034,Reduced food wastage,weak,waste,socio_cultural,human_capabilities,C,supportive,mean_years_schooling,CL,positive,all,Cities with higher mean_years_schooling have stronger feasibility for 'human_capabilities' (socio_cultural dimension). Bridge applies to 'all' sector. IPCC base verdict: supportive.
c40_0034,Reduced food wastage,weak,waste,socio_cultural,human_capabilities,C,supportive,literacy_rate,CL,positive,all,Cities with higher literacy_rate have stronger feasibility for 'human_capabilities' (socio_cultural dimension). Bridge applies to 'all' sector. IPCC base verdict: supportive.
c40_0034,Reduced food wastage,weak,waste,environmental,air_pollution,C,supportive,,CL,,,IPCC verdict is 'supportive' but no city-level data bridge is defined for 'air_pollution' at sector scope 'waste'; the IPCC prior is used unmodified.
c40_0034,Reduced food wastage,weak,waste,environmental,water_use,C,supportive,,CL,,,IPCC verdict is 'supportive' but no city-level data bridge is defined for 'water_use' at sector scope 'waste'; the IPCC prior is used unmodified.
c40_0034,Reduced food wastage,weak,waste,environmental,biodiversity,C,supportive,,CL,,,IPCC verdict is 'supportive' but no city-level data bridge is defined for 'biodiversity' at sector scope 'waste'; the IPCC prior is used unmodified.
c40_0034,Reduced food wastage,weak,waste,geophysical,physical_feasibility,C,supportive,,CL,,,IPCC verdict is 'supportive' but no city-level data bridge is defined for 'physical_feasibility' at sector scope 'waste'; the IPCC prior is used unmodified.
c40_0034,Reduced food wastage,weak,waste,environmental,toxic_waste,NE,no evidence,,CL,,,IPCC verdict is 'no evidence' for this indicator — provides no directional evidence; the cell contributes 0 to the dimension score.
c40_0034,Reduced food wastage,weak,waste,geophysical,limited_land_use,C,supportive,,CL,,,IPCC verdict is 'supportive' but no city-level data bridge is defined for 'limited_land_use' at sector scope 'waste'; the IPCC prior is used unmodified.
c40_0034,Reduced food wastage,weak,waste,geophysical,global_spread,LE,limited evidence,,CL,,,IPCC verdict is 'limited evidence' for this indicator — provides no directional evidence; the cell contributes 0 to the dimension score.
c40_0035,Reduced food wastage,weak,waste,economic,cost-effectiveness,C,supportive,median_household_income,CL,positive,all,Cities with higher median_household_income have stronger feasibility for 'cost-effectiveness' (economic dimension). Bridge applies to 'all' sector. IPCC base verdict: supportive.
c40_0035,Reduced food wastage,weak,waste,economic,cost-effectiveness,C,supportive,poverty_rate,CL,negative,all,Cities with higher poverty_rate have weaker feasibility for 'cost-effectiveness' (economic dimension). Bridge applies to 'all' sector. IPCC base verdict: supportive.
c40_0035,Reduced food wastage,weak,waste,economic,distributional_effects,B,neutral,,CL,,,IPCC verdict is 'neutral' for this indicator — provides no directional evidence; the cell contributes 0 to the dimension score.
c40_0035,Reduced food wastage,weak,waste,economic,employment_productivity,B,neutral,,CL,,,IPCC verdict is 'neutral' for this indicator — provides no directional evidence; the cell contributes 0 to the dimension score.
c40_0035,Reduced food wastage,weak,waste,technological,technical_scalability,B,neutral,,CL,,,IPCC verdict is 'neutral' for this indicator — provides no directional evidence; the cell contributes 0 to the dimension score.
c40_0035,Reduced food wastage,weak,waste,technological,absence_of_risk,C,supportive,,CL,,,IPCC verdict is 'supportive' but no city-level data bridge is defined for 'absence_of_risk' at sector scope 'waste'; the IPCC prior is used unmodified.
c40_0035,Reduced food wastage,weak,waste,institutional,political_acceptability,C,supportive,,CL,,,IPCC verdict is 'supportive' but no city-level data bridge is defined for 'political_acceptability' at sector scope 'waste'; the IPCC prior is used unmodified.
c40_0035,Reduced food wastage,weak,waste,technological,maturity,NE,no evidence,,CL,,,IPCC verdict is 'no evidence' for this indicator — provides no directional evidence; the cell contributes 0 to the dimension score.
c40_0035,Reduced food wastage,weak,waste,technological,simplicity,NE,no evidence,,CL,,,IPCC verdict is 'no evidence' for this indicator — provides no directional evidence; the cell contributes 0 to the dimension score.
c40_0035,Reduced food wastage,weak,waste,institutional,institutional_capacity,C,supportive,,CL,,,IPCC verdict is 'supportive' but no city-level data bridge is defined for 'institutional_capacity' at sector scope 'waste'; the IPCC prior is used unmodified.
c40_0035,Reduced food wastage,weak,waste,institutional,transparency_accountability,C,supportive,,CL,,,IPCC verdict is 'supportive' but no city-level data bridge is defined for 'transparency_accountability' at sector scope 'waste'; the IPCC prior is used unmodified.
c40_0035,Reduced food wastage,weak,waste,socio_cultural,social_co_benefits,C,supportive,,CL,,,IPCC verdict is 'supportive' but no city-level data bridge is defined for 'social_co_benefits' at sector scope 'waste'; the IPCC prior is used unmodified.
c40_0035,Reduced food wastage,weak,waste,socio_cultural,public_acceptance,B,neutral,,CL,,,IPCC verdict is 'neutral' for this indicator — provides no directional evidence; the cell contributes 0 to the dimension score.
c40_0035,Reduced food wastage,weak,waste,socio_cultural,inclusiveness,B,neutral,,CL,,,IPCC verdict is 'neutral' for this indicator — provides no directional evidence; the cell contributes 0 to the dimension score.
c40_0035,Reduced food wastage,weak,waste,socio_cultural,intergenerational_equity,B,neutral,,CL,,,IPCC verdict is 'neutral' for this indicator — provides no directional evidence; the cell contributes 0 to the dimension score.
c40_0035,Reduced food wastage,weak,waste,socio_cultural,human_capabilities,C,supportive,mean_years_schooling,CL,positive,all,Cities with higher mean_years_schooling have stronger feasibility for 'human_capabilities' (socio_cultural dimension). Bridge applies to 'all' sector. IPCC base verdict: supportive.
c40_0035,Reduced food wastage,weak,waste,socio_cultural,human_capabilities,C,supportive,literacy_rate,CL,positive,all,Cities with higher literacy_rate have stronger feasibility for 'human_capabilities' (socio_cultural dimension). Bridge applies to 'all' sector. IPCC base verdict: supportive.
c40_0035,Reduced food wastage,weak,waste,environmental,air_pollution,C,supportive,,CL,,,IPCC verdict is 'supportive' but no city-level data bridge is defined for 'air_pollution' at sector scope 'waste'; the IPCC prior is used unmodified.
c40_0035,Reduced food wastage,weak,waste,environmental,water_use,C,supportive,,CL,,,IPCC verdict is 'supportive' but no city-level data bridge is defined for 'water_use' at sector scope 'waste'; the IPCC prior is used unmodified.
c40_0035,Reduced food wastage,weak,waste,environmental,biodiversity,C,supportive,,CL,,,IPCC verdict is 'supportive' but no city-level data bridge is defined for 'biodiversity' at sector scope 'waste'; the IPCC prior is used unmodified.
c40_0035,Reduced food wastage,weak,waste,geophysical,physical_feasibility,C,supportive,,CL,,,IPCC verdict is 'supportive' but no city-level data bridge is defined for 'physical_feasibility' at sector scope 'waste'; the IPCC prior is used unmodified.
c40_0035,Reduced food wastage,weak,waste,environmental,toxic_waste,NE,no evidence,,CL,,,IPCC verdict is 'no evidence' for this indicator — provides no directional evidence; the cell contributes 0 to the dimension score.
c40_0035,Reduced food wastage,weak,waste,geophysical,limited_land_use,C,supportive,,CL,,,IPCC verdict is 'supportive' but no city-level data bridge is defined for 'limited_land_use' at sector scope 'waste'; the IPCC prior is used unmodified.
c40_0035,Reduced food wastage,weak,waste,geophysical,global_spread,LE,limited evidence,,CL,,,IPCC verdict is 'limited evidence' for this indicator — provides no directional evidence; the cell contributes 0 to the dimension score.
c40_0036,Reduced food wastage,weak,waste,economic,cost-effectiveness,C,supportive,median_household_income,CL,positive,all,Cities with higher median_household_income have stronger feasibility for 'cost-effectiveness' (economic dimension). Bridge applies to 'all' sector. IPCC base verdict: supportive.
c40_0036,Reduced food wastage,weak,waste,economic,cost-effectiveness,C,supportive,poverty_rate,CL,negative,all,Cities with higher poverty_rate have weaker feasibility for 'cost-effectiveness' (economic dimension). Bridge applies to 'all' sector. IPCC base verdict: supportive.
c40_0036,Reduced food wastage,weak,waste,economic,distributional_effects,B,neutral,,CL,,,IPCC verdict is 'neutral' for this indicator — provides no directional evidence; the cell contributes 0 to the dimension score.
c40_0036,Reduced food wastage,weak,waste,economic,employment_productivity,B,neutral,,CL,,,IPCC verdict is 'neutral' for this indicator — provides no directional evidence; the cell contributes 0 to the dimension score.
c40_0036,Reduced food wastage,weak,waste,technological,technical_scalability,B,neutral,,CL,,,IPCC verdict is 'neutral' for this indicator — provides no directional evidence; the cell contributes 0 to the dimension score.
c40_0036,Reduced food wastage,weak,waste,technological,absence_of_risk,C,supportive,,CL,,,IPCC verdict is 'supportive' but no city-level data bridge is defined for 'absence_of_risk' at sector scope 'waste'; the IPCC prior is used unmodified.
c40_0036,Reduced food wastage,weak,waste,institutional,political_acceptability,C,supportive,,CL,,,IPCC verdict is 'supportive' but no city-level data bridge is defined for 'political_acceptability' at sector scope 'waste'; the IPCC prior is used unmodified.
c40_0036,Reduced food wastage,weak,waste,technological,maturity,NE,no evidence,,CL,,,IPCC verdict is 'no evidence' for this indicator — provides no directional evidence; the cell contributes 0 to the dimension score.
c40_0036,Reduced food wastage,weak,waste,technological,simplicity,NE,no evidence,,CL,,,IPCC verdict is 'no evidence' for this indicator — provides no directional evidence; the cell contributes 0 to the dimension score.
c40_0036,Reduced food wastage,weak,waste,institutional,institutional_capacity,C,supportive,,CL,,,IPCC verdict is 'supportive' but no city-level data bridge is defined for 'institutional_capacity' at sector scope 'waste'; the IPCC prior is used unmodified.
c40_0036,Reduced food wastage,weak,waste,institutional,transparency_accountability,C,supportive,,CL,,,IPCC verdict is 'supportive' but no city-level data bridge is defined for 'transparency_accountability' at sector scope 'waste'; the IPCC prior is used unmodified.
c40_0036,Reduced food wastage,weak,waste,socio_cultural,social_co_benefits,C,supportive,,CL,,,IPCC verdict is 'supportive' but no city-level data bridge is defined for 'social_co_benefits' at sector scope 'waste'; the IPCC prior is used unmodified.
c40_0036,Reduced food wastage,weak,waste,socio_cultural,public_acceptance,B,neutral,,CL,,,IPCC verdict is 'neutral' for this indicator — provides no directional evidence; the cell contributes 0 to the dimension score.
c40_0036,Reduced food wastage,weak,waste,socio_cultural,inclusiveness,B,neutral,,CL,,,IPCC verdict is 'neutral' for this indicator — provides no directional evidence; the cell contributes 0 to the dimension score.
c40_0036,Reduced food wastage,weak,waste,socio_cultural,intergenerational_equity,B,neutral,,CL,,,IPCC verdict is 'neutral' for this indicator — provides no directional evidence; the cell contributes 0 to the dimension score.
c40_0036,Reduced food wastage,weak,waste,socio_cultural,human_capabilities,C,supportive,mean_years_schooling,CL,positive,all,Cities with higher mean_years_schooling have stronger feasibility for 'human_capabilities' (socio_cultural dimension). Bridge applies to 'all' sector. IPCC base verdict: supportive.
c40_0036,Reduced food wastage,weak,waste,socio_cultural,human_capabilities,C,supportive,literacy_rate,CL,positive,all,Cities with higher literacy_rate have stronger feasibility for 'human_capabilities' (socio_cultural dimension). Bridge applies to 'all' sector. IPCC base verdict: supportive.
c40_0036,Reduced food wastage,weak,waste,environmental,air_pollution,C,supportive,,CL,,,IPCC verdict is 'supportive' but no city-level data bridge is defined for 'air_pollution' at sector scope 'waste'; the IPCC prior is used unmodified.
c40_0036,Reduced food wastage,weak,waste,environmental,water_use,C,supportive,,CL,,,IPCC verdict is 'supportive' but no city-level data bridge is defined for 'water_use' at sector scope 'waste'; the IPCC prior is used unmodified.
c40_0036,Reduced food wastage,weak,waste,environmental,biodiversity,C,supportive,,CL,,,IPCC verdict is 'supportive' but no city-level data bridge is defined for 'biodiversity' at sector scope 'waste'; the IPCC prior is used unmodified.
c40_0036,Reduced food wastage,weak,waste,geophysical,physical_feasibility,C,supportive,,CL,,,IPCC verdict is 'supportive' but no city-level data bridge is defined for 'physical_feasibility' at sector scope 'waste'; the IPCC prior is used unmodified.
c40_0036,Reduced food wastage,weak,waste,environmental,toxic_waste,NE,no evidence,,CL,,,IPCC verdict is 'no evidence' for this indicator — provides no directional evidence; the cell contributes 0 to the dimension score.
c40_0036,Reduced food wastage,weak,waste,geophysical,limited_land_use,C,supportive,,CL,,,IPCC verdict is 'supportive' but no city-level data bridge is defined for 'limited_land_use' at sector scope 'waste'; the IPCC prior is used unmodified.
c40_0036,Reduced food wastage,weak,waste,geophysical,global_spread,LE,limited evidence,,CL,,,IPCC verdict is 'limited evidence' for this indicator — provides no directional evidence; the cell contributes 0 to the dimension score.
c40_0037,Reduced food wastage,direct,waste,economic,cost-effectiveness,C,supportive,median_household_income,CL,positive,all,Cities with higher median_household_income have stronger feasibility for 'cost-effectiveness' (economic dimension). Bridge applies to 'all' sector. IPCC base verdict: supportive.
c40_0037,Reduced food wastage,direct,waste,economic,cost-effectiveness,C,supportive,poverty_rate,CL,negative,all,Cities with higher poverty_rate have weaker feasibility for 'cost-effectiveness' (economic dimension). Bridge applies to 'all' sector. IPCC base verdict: supportive.
c40_0037,Reduced food wastage,direct,waste,economic,distributional_effects,B,neutral,,CL,,,IPCC verdict is 'neutral' for this indicator — provides no directional evidence; the cell contributes 0 to the dimension score.
c40_0037,Reduced food wastage,direct,waste,economic,employment_productivity,B,neutral,,CL,,,IPCC verdict is 'neutral' for this indicator — provides no directional evidence; the cell contributes 0 to the dimension score.
c40_0037,Reduced food wastage,direct,waste,technological,technical_scalability,B,neutral,,CL,,,IPCC verdict is 'neutral' for this indicator — provides no directional evidence; the cell contributes 0 to the dimension score.
c40_0037,Reduced food wastage,direct,waste,technological,absence_of_risk,C,supportive,,CL,,,IPCC verdict is 'supportive' but no city-level data bridge is defined for 'absence_of_risk' at sector scope 'waste'; the IPCC prior is used unmodified.
c40_0037,Reduced food wastage,direct,waste,institutional,political_acceptability,C,supportive,,CL,,,IPCC verdict is 'supportive' but no city-level data bridge is defined for 'political_acceptability' at sector scope 'waste'; the IPCC prior is used unmodified.
c40_0037,Reduced food wastage,direct,waste,technological,maturity,NE,no evidence,,CL,,,IPCC verdict is 'no evidence' for this indicator — provides no directional evidence; the cell contributes 0 to the dimension score.
c40_0037,Reduced food wastage,direct,waste,technological,simplicity,NE,no evidence,,CL,,,IPCC verdict is 'no evidence' for this indicator — provides no directional evidence; the cell contributes 0 to the dimension score.
c40_0037,Reduced food wastage,direct,waste,institutional,institutional_capacity,C,supportive,,CL,,,IPCC verdict is 'supportive' but no city-level data bridge is defined for 'institutional_capacity' at sector scope 'waste'; the IPCC prior is used unmodified.
c40_0037,Reduced food wastage,direct,waste,institutional,transparency_accountability,C,supportive,,CL,,,IPCC verdict is 'supportive' but no city-level data bridge is defined for 'transparency_accountability' at sector scope 'waste'; the IPCC prior is used unmodified.
c40_0037,Reduced food wastage,direct,waste,socio_cultural,social_co_benefits,C,supportive,,CL,,,IPCC verdict is 'supportive' but no city-level data bridge is defined for 'social_co_benefits' at sector scope 'waste'; the IPCC prior is used unmodified.
c40_0037,Reduced food wastage,direct,waste,socio_cultural,public_acceptance,B,neutral,,CL,,,IPCC verdict is 'neutral' for this indicator — provides no directional evidence; the cell contributes 0 to the dimension score.
c40_0037,Reduced food wastage,direct,waste,socio_cultural,inclusiveness,B,neutral,,CL,,,IPCC verdict is 'neutral' for this indicator — provides no directional evidence; the cell contributes 0 to the dimension score.
c40_0037,Reduced food wastage,direct,waste,socio_cultural,intergenerational_equity,B,neutral,,CL,,,IPCC verdict is 'neutral' for this indicator — provides no directional evidence; the cell contributes 0 to the dimension score.
c40_0037,Reduced food wastage,direct,waste,socio_cultural,human_capabilities,C,supportive,mean_years_schooling,CL,positive,all,Cities with higher mean_years_schooling have stronger feasibility for 'human_capabilities' (socio_cultural dimension). Bridge applies to 'all' sector. IPCC base verdict: supportive.
c40_0037,Reduced food wastage,direct,waste,socio_cultural,human_capabilities,C,supportive,literacy_rate,CL,positive,all,Cities with higher literacy_rate have stronger feasibility for 'human_capabilities' (socio_cultural dimension). Bridge applies to 'all' sector. IPCC base verdict: supportive.
c40_0037,Reduced food wastage,direct,waste,environmental,air_pollution,C,supportive,,CL,,,IPCC verdict is 'supportive' but no city-level data bridge is defined for 'air_pollution' at sector scope 'waste'; the IPCC prior is used unmodified.
c40_0037,Reduced food wastage,direct,waste,environmental,water_use,C,supportive,,CL,,,IPCC verdict is 'supportive' but no city-level data bridge is defined for 'water_use' at sector scope 'waste'; the IPCC prior is used unmodified.
c40_0037,Reduced food wastage,direct,waste,environmental,biodiversity,C,supportive,,CL,,,IPCC verdict is 'supportive' but no city-level data bridge is defined for 'biodiversity' at sector scope 'waste'; the IPCC prior is used unmodified.
c40_0037,Reduced food wastage,direct,waste,geophysical,physical_feasibility,C,supportive,,CL,,,IPCC verdict is 'supportive' but no city-level data bridge is defined for 'physical_feasibility' at sector scope 'waste'; the IPCC prior is used unmodified.
c40_0037,Reduced food wastage,direct,waste,environmental,toxic_waste,NE,no evidence,,CL,,,IPCC verdict is 'no evidence' for this indicator — provides no directional evidence; the cell contributes 0 to the dimension score.
c40_0037,Reduced food wastage,direct,waste,geophysical,limited_land_use,C,supportive,,CL,,,IPCC verdict is 'supportive' but no city-level data bridge is defined for 'limited_land_use' at sector scope 'waste'; the IPCC prior is used unmodified.
c40_0037,Reduced food wastage,direct,waste,geophysical,global_spread,LE,limited evidence,,CL,,,IPCC verdict is 'limited evidence' for this indicator — provides no directional evidence; the cell contributes 0 to the dimension score.
c40_0040,Reduced food wastage,weak,waste,economic,cost-effectiveness,C,supportive,median_household_income,CL,positive,all,Cities with higher median_household_income have stronger feasibility for 'cost-effectiveness' (economic dimension). Bridge applies to 'all' sector. IPCC base verdict: supportive.
c40_0040,Reduced food wastage,weak,waste,economic,cost-effectiveness,C,supportive,poverty_rate,CL,negative,all,Cities with higher poverty_rate have weaker feasibility for 'cost-effectiveness' (economic dimension). Bridge applies to 'all' sector. IPCC base verdict: supportive.
c40_0040,Reduced food wastage,weak,waste,economic,distributional_effects,B,neutral,,CL,,,IPCC verdict is 'neutral' for this indicator — provides no directional evidence; the cell contributes 0 to the dimension score.
c40_0040,Reduced food wastage,weak,waste,economic,employment_productivity,B,neutral,,CL,,,IPCC verdict is 'neutral' for this indicator — provides no directional evidence; the cell contributes 0 to the dimension score.
c40_0040,Reduced food wastage,weak,waste,technological,technical_scalability,B,neutral,,CL,,,IPCC verdict is 'neutral' for this indicator — provides no directional evidence; the cell contributes 0 to the dimension score.
c40_0040,Reduced food wastage,weak,waste,technological,absence_of_risk,C,supportive,,CL,,,IPCC verdict is 'supportive' but no city-level data bridge is defined for 'absence_of_risk' at sector scope 'waste'; the IPCC prior is used unmodified.
c40_0040,Reduced food wastage,weak,waste,institutional,political_acceptability,C,supportive,,CL,,,IPCC verdict is 'supportive' but no city-level data bridge is defined for 'political_acceptability' at sector scope 'waste'; the IPCC prior is used unmodified.
c40_0040,Reduced food wastage,weak,waste,technological,maturity,NE,no evidence,,CL,,,IPCC verdict is 'no evidence' for this indicator — provides no directional evidence; the cell contributes 0 to the dimension score.
c40_0040,Reduced food wastage,weak,waste,technological,simplicity,NE,no evidence,,CL,,,IPCC verdict is 'no evidence' for this indicator — provides no directional evidence; the cell contributes 0 to the dimension score.
c40_0040,Reduced food wastage,weak,waste,institutional,institutional_capacity,C,supportive,,CL,,,IPCC verdict is 'supportive' but no city-level data bridge is defined for 'institutional_capacity' at sector scope 'waste'; the IPCC prior is used unmodified.
c40_0040,Reduced food wastage,weak,waste,institutional,transparency_accountability,C,supportive,,CL,,,IPCC verdict is 'supportive' but no city-level data bridge is defined for 'transparency_accountability' at sector scope 'waste'; the IPCC prior is used unmodified.
c40_0040,Reduced food wastage,weak,waste,socio_cultural,social_co_benefits,C,supportive,,CL,,,IPCC verdict is 'supportive' but no city-level data bridge is defined for 'social_co_benefits' at sector scope 'waste'; the IPCC prior is used unmodified.
c40_0040,Reduced food wastage,weak,waste,socio_cultural,public_acceptance,B,neutral,,CL,,,IPCC verdict is 'neutral' for this indicator — provides no directional evidence; the cell contributes 0 to the dimension score.
c40_0040,Reduced food wastage,weak,waste,socio_cultural,inclusiveness,B,neutral,,CL,,,IPCC verdict is 'neutral' for this indicator — provides no directional evidence; the cell contributes 0 to the dimension score.
c40_0040,Reduced food wastage,weak,waste,socio_cultural,intergenerational_equity,B,neutral,,CL,,,IPCC verdict is 'neutral' for this indicator — provides no directional evidence; the cell contributes 0 to the dimension score.
c40_0040,Reduced food wastage,weak,waste,socio_cultural,human_capabilities,C,supportive,mean_years_schooling,CL,positive,all,Cities with higher mean_years_schooling have stronger feasibility for 'human_capabilities' (socio_cultural dimension). Bridge applies to 'all' sector. IPCC base verdict: supportive.
c40_0040,Reduced food wastage,weak,waste,socio_cultural,human_capabilities,C,supportive,literacy_rate,CL,positive,all,Cities with higher literacy_rate have stronger feasibility for 'human_capabilities' (socio_cultural dimension). Bridge applies to 'all' sector. IPCC base verdict: supportive.
c40_0040,Reduced food wastage,weak,waste,environmental,air_pollution,C,supportive,,CL,,,IPCC verdict is 'supportive' but no city-level data bridge is defined for 'air_pollution' at sector scope 'waste'; the IPCC prior is used unmodified.
c40_0040,Reduced food wastage,weak,waste,environmental,water_use,C,supportive,,CL,,,IPCC verdict is 'supportive' but no city-level data bridge is defined for 'water_use' at sector scope 'waste'; the IPCC prior is used unmodified.
c40_0040,Reduced food wastage,weak,waste,environmental,biodiversity,C,supportive,,CL,,,IPCC verdict is 'supportive' but no city-level data bridge is defined for 'biodiversity' at sector scope 'waste'; the IPCC prior is used unmodified.
c40_0040,Reduced food wastage,weak,waste,geophysical,physical_feasibility,C,supportive,,CL,,,IPCC verdict is 'supportive' but no city-level data bridge is defined for 'physical_feasibility' at sector scope 'waste'; the IPCC prior is used unmodified.
c40_0040,Reduced food wastage,weak,waste,environmental,toxic_waste,NE,no evidence,,CL,,,IPCC verdict is 'no evidence' for this indicator — provides no directional evidence; the cell contributes 0 to the dimension score.
c40_0040,Reduced food wastage,weak,waste,geophysical,limited_land_use,C,supportive,,CL,,,IPCC verdict is 'supportive' but no city-level data bridge is defined for 'limited_land_use' at sector scope 'waste'; the IPCC prior is used unmodified.
c40_0040,Reduced food wastage,weak,waste,geophysical,global_spread,LE,limited evidence,,CL,,,IPCC verdict is 'limited evidence' for this indicator — provides no directional evidence; the cell contributes 0 to the dimension score.
c40_0042,Afforestation & reforestation,weak,nbs,economic,cost-effectiveness,C,supportive,median_household_income,CL,positive,all,Cities with higher median_household_income have stronger feasibility for 'cost-effectiveness' (economic dimension). Bridge applies to 'all' sector. IPCC base verdict: supportive.
c40_0042,Afforestation & reforestation,weak,nbs,economic,cost-effectiveness,C,supportive,poverty_rate,CL,negative,all,Cities with higher poverty_rate have weaker feasibility for 'cost-effectiveness' (economic dimension). Bridge applies to 'all' sector. IPCC base verdict: supportive.
c40_0042,Afforestation & reforestation,weak,nbs,economic,distributional_effects,B,neutral,,CL,,,IPCC verdict is 'neutral' for this indicator — provides no directional evidence; the cell contributes 0 to the dimension score.
c40_0042,Afforestation & reforestation,weak,nbs,economic,employment_productivity,B,neutral,,CL,,,IPCC verdict is 'neutral' for this indicator — provides no directional evidence; the cell contributes 0 to the dimension score.
c40_0042,Afforestation & reforestation,weak,nbs,technological,technical_scalability,C,supportive,,CL,,,IPCC verdict is 'supportive' but no city-level data bridge is defined for 'technical_scalability' at sector scope 'nbs'; the IPCC prior is used unmodified.
c40_0042,Afforestation & reforestation,weak,nbs,technological,maturity,C,supportive,,CL,,,IPCC verdict is 'supportive' but no city-level data bridge is defined for 'maturity' at sector scope 'nbs'; the IPCC prior is used unmodified.
c40_0042,Afforestation & reforestation,weak,nbs,institutional,institutional_capacity,B,neutral,,CL,,,IPCC verdict is 'neutral' for this indicator — provides no directional evidence; the cell contributes 0 to the dimension score.
c40_0042,Afforestation & reforestation,weak,nbs,socio_cultural,social_co_benefits,C,supportive,,CL,,,IPCC verdict is 'supportive' but no city-level data bridge is defined for 'social_co_benefits' at sector scope 'nbs'; the IPCC prior is used unmodified.
c40_0042,Afforestation & reforestation,weak,nbs,socio_cultural,public_acceptance,B,neutral,,CL,,,IPCC verdict is 'neutral' for this indicator — provides no directional evidence; the cell contributes 0 to the dimension score.
c40_0042,Afforestation & reforestation,weak,nbs,socio_cultural,inclusiveness,B,neutral,,CL,,,IPCC verdict is 'neutral' for this indicator — provides no directional evidence; the cell contributes 0 to the dimension score.
c40_0042,Afforestation & reforestation,weak,nbs,technological,simplicity,NE,no evidence,,CL,,,IPCC verdict is 'no evidence' for this indicator — provides no directional evidence; the cell contributes 0 to the dimension score.
c40_0042,Afforestation & reforestation,weak,nbs,technological,absence_of_risk,NE,no evidence,,CL,,,IPCC verdict is 'no evidence' for this indicator — provides no directional evidence; the cell contributes 0 to the dimension score.
c40_0042,Afforestation & reforestation,weak,nbs,institutional,political_acceptability,NE,no evidence,,CL,,,IPCC verdict is 'no evidence' for this indicator — provides no directional evidence; the cell contributes 0 to the dimension score.
c40_0042,Afforestation & reforestation,weak,nbs,institutional,transparency_accountability,LE,limited evidence,,CL,,,IPCC verdict is 'limited evidence' for this indicator — provides no directional evidence; the cell contributes 0 to the dimension score.
c40_0042,Afforestation & reforestation,weak,nbs,environmental,water_use,B,neutral,,CL,,,IPCC verdict is 'neutral' for this indicator — provides no directional evidence; the cell contributes 0 to the dimension score.
c40_0042,Afforestation & reforestation,weak,nbs,environmental,biodiversity,B,neutral,,CL,,,IPCC verdict is 'neutral' for this indicator — provides no directional evidence; the cell contributes 0 to the dimension score.
c40_0042,Afforestation & reforestation,weak,nbs,geophysical,physical_feasibility,B,neutral,,CL,,,IPCC verdict is 'neutral' for this indicator — provides no directional evidence; the cell contributes 0 to the dimension score.
c40_0042,Afforestation & reforestation,weak,nbs,socio_cultural,human_capabilities,LE,limited evidence,,CL,,,IPCC verdict is 'limited evidence' for this indicator — provides no directional evidence; the cell contributes 0 to the dimension score.
c40_0042,Afforestation & reforestation,weak,nbs,geophysical,limited_land_use,A,barrier,primary_forest_share,CL,positive,nbs,Cities with higher primary_forest_share have stronger feasibility for 'limited_land_use' (geophysical dimension). Bridge applies to 'nbs' sector. IPCC base verdict: barrier.
c40_0042,Afforestation & reforestation,weak,nbs,geophysical,global_spread,B,neutral,,CL,,,IPCC verdict is 'neutral' for this indicator — provides no directional evidence; the cell contributes 0 to the dimension score.
c40_0042,Afforestation & reforestation,weak,nbs,geophysical,limited_scarce_resources,LE,limited evidence,,CL,,,IPCC verdict is 'limited evidence' for this indicator — provides no directional evidence; the cell contributes 0 to the dimension score.
icare_0001,Energy efficiency,direct,industrial,economic,cost-effectiveness,C,supportive,median_household_income,CL,positive,all,Cities with higher median_household_income have stronger feasibility for 'cost-effectiveness' (economic dimension). Bridge applies to 'all' sector. IPCC base verdict: supportive.
icare_0001,Energy efficiency,direct,industrial,economic,cost-effectiveness,C,supportive,poverty_rate,CL,negative,all,Cities with higher poverty_rate have weaker feasibility for 'cost-effectiveness' (economic dimension). Bridge applies to 'all' sector. IPCC base verdict: supportive.
icare_0001,Energy efficiency,direct,industrial,economic,employment_productivity,B,neutral,,CL,,,IPCC verdict is 'neutral' for this indicator — provides no directional evidence; the cell contributes 0 to the dimension score.
icare_0001,Energy efficiency,direct,industrial,technological,technical_scalability,C,supportive,,CL,,,IPCC verdict is 'supportive' but no city-level data bridge is defined for 'technical_scalability' at sector scope 'industrial'; the IPCC prior is used unmodified.
icare_0001,Energy efficiency,direct,industrial,technological,maturity,C,supportive,,CL,,,IPCC verdict is 'supportive' but no city-level data bridge is defined for 'maturity' at sector scope 'industrial'; the IPCC prior is used unmodified.
icare_0001,Energy efficiency,direct,industrial,technological,simplicity,B,neutral,,CL,,,IPCC verdict is 'neutral' for this indicator — provides no directional evidence; the cell contributes 0 to the dimension score.
icare_0001,Energy efficiency,direct,industrial,economic,distributional_effects,LE,limited evidence,,CL,,,IPCC verdict is 'limited evidence' for this indicator — provides no directional evidence; the cell contributes 0 to the dimension score.
icare_0001,Energy efficiency,direct,industrial,institutional,political_acceptability,C,supportive,,CL,,,IPCC verdict is 'supportive' but no city-level data bridge is defined for 'political_acceptability' at sector scope 'industrial'; the IPCC prior is used unmodified.
icare_0001,Energy efficiency,direct,industrial,institutional,legal_admin_acceptability,C,supportive,,CL,,,IPCC verdict is 'supportive' but no city-level data bridge is defined for 'legal_admin_acceptability' at sector scope 'industrial'; the IPCC prior is used unmodified.
icare_0001,Energy efficiency,direct,industrial,institutional,institutional_capacity,B,neutral,,CL,,,IPCC verdict is 'neutral' for this indicator — provides no directional evidence; the cell contributes 0 to the dimension score.
icare_0001,Energy efficiency,direct,industrial,socio_cultural,public_acceptance,C,supportive,,CL,,,IPCC verdict is 'supportive' but no city-level data bridge is defined for 'public_acceptance' at sector scope 'industrial'; the IPCC prior is used unmodified.
icare_0001,Energy efficiency,direct,industrial,socio_cultural,human_capabilities,B,neutral,,CL,,,IPCC verdict is 'neutral' for this indicator — provides no directional evidence; the cell contributes 0 to the dimension score.
icare_0001,Energy efficiency,direct,industrial,environmental,air_pollution,C,supportive,,CL,,,IPCC verdict is 'supportive' but no city-level data bridge is defined for 'air_pollution' at sector scope 'industrial'; the IPCC prior is used unmodified.
icare_0001,Energy efficiency,direct,industrial,environmental,water_use,B,neutral,,CL,,,IPCC verdict is 'neutral' for this indicator — provides no directional evidence; the cell contributes 0 to the dimension score.
icare_0001,Energy efficiency,direct,industrial,geophysical,physical_feasibility,B,neutral,,CL,,,IPCC verdict is 'neutral' for this indicator — provides no directional evidence; the cell contributes 0 to the dimension score.
icare_0001,Energy efficiency,direct,industrial,environmental,toxic_waste,NE,no evidence,,CL,,,IPCC verdict is 'no evidence' for this indicator — provides no directional evidence; the cell contributes 0 to the dimension score.
icare_0001,Energy efficiency,direct,industrial,environmental,biodiversity,NE,no evidence,,CL,,,IPCC verdict is 'no evidence' for this indicator — provides no directional evidence; the cell contributes 0 to the dimension score.
icare_0001,Energy efficiency,direct,industrial,geophysical,global_spread,C,supportive,urban_built_share,CL,positive,industrial,Cities with higher urban_built_share have stronger feasibility for 'global_spread' (geophysical dimension). Bridge applies to 'industrial' sector. IPCC base verdict: supportive.
icare_0002,Low/zero-energy buildings,direct,buildings,economic,cost-effectiveness,C,supportive,median_household_income,CL,positive,all,Cities with higher median_household_income have stronger feasibility for 'cost-effectiveness' (economic dimension). Bridge applies to 'all' sector. IPCC base verdict: supportive.
icare_0002,Low/zero-energy buildings,direct,buildings,economic,cost-effectiveness,C,supportive,poverty_rate,CL,negative,all,Cities with higher poverty_rate have weaker feasibility for 'cost-effectiveness' (economic dimension). Bridge applies to 'all' sector. IPCC base verdict: supportive.
icare_0002,Low/zero-energy buildings,direct,buildings,economic,distributional_effects,C,supportive,poverty_rate,CL,negative,all,Cities with higher poverty_rate have weaker feasibility for 'distributional_effects' (economic dimension). Bridge applies to 'all' sector. IPCC base verdict: supportive.
icare_0002,Low/zero-energy buildings,direct,buildings,economic,distributional_effects,C,supportive,home_ownership,CL,positive,buildings,Cities with higher home_ownership have stronger feasibility for 'distributional_effects' (economic dimension). Bridge applies to 'buildings' sector. IPCC base verdict: supportive.
icare_0002,Low/zero-energy buildings,direct,buildings,economic,distributional_effects,C,supportive,renter_share,CL,negative,buildings,Cities with higher renter_share have weaker feasibility for 'distributional_effects' (economic dimension). Bridge applies to 'buildings' sector. IPCC base verdict: supportive.
icare_0002,Low/zero-energy buildings,direct,buildings,economic,employment_productivity,C,supportive,unemployment_rate,CL,positive,all,Cities with higher unemployment_rate have stronger feasibility for 'employment_productivity' (economic dimension). Bridge applies to 'all' sector. IPCC base verdict: supportive.
icare_0002,Low/zero-energy buildings,direct,buildings,economic,employment_productivity,C,supportive,industry_construction_employment,CL,positive,buildings,Cities with higher industry_construction_employment have stronger feasibility for 'employment_productivity' (economic dimension). Bridge applies to 'buildings' sector. IPCC base verdict: supportive.
icare_0002,Low/zero-energy buildings,direct,buildings,technological,technical_scalability,C,supportive,electricity_access_rate,CL,positive,buildings,Cities with higher electricity_access_rate have stronger feasibility for 'technical_scalability' (technological dimension). Bridge applies to 'buildings' sector. IPCC base verdict: supportive.
icare_0002,Low/zero-energy buildings,direct,buildings,technological,technical_scalability,C,supportive,fixed_internet_household_share,CL,positive,buildings,Cities with higher fixed_internet_household_share have stronger feasibility for 'technical_scalability' (technological dimension). Bridge applies to 'buildings' sector. IPCC base verdict: supportive.
icare_0002,Low/zero-energy buildings,direct,buildings,technological,maturity,B,neutral,,CL,,,IPCC verdict is 'neutral' for this indicator — provides no directional evidence; the cell contributes 0 to the dimension score.
icare_0002,Low/zero-energy buildings,direct,buildings,institutional,political_acceptability,C,supportive,,CL,,,IPCC verdict is 'supportive' but no city-level data bridge is defined for 'political_acceptability' at sector scope 'buildings'; the IPCC prior is used unmodified.
icare_0002,Low/zero-energy buildings,direct,buildings,institutional,institutional_capacity,B,neutral,,CL,,,IPCC verdict is 'neutral' for this indicator — provides no directional evidence; the cell contributes 0 to the dimension score.
icare_0002,Low/zero-energy buildings,direct,buildings,socio_cultural,social_co_benefits,B,neutral,,CL,,,IPCC verdict is 'neutral' for this indicator — provides no directional evidence; the cell contributes 0 to the dimension score.
icare_0002,Low/zero-energy buildings,direct,buildings,technological,simplicity,LE,limited evidence,,CL,,,IPCC verdict is 'limited evidence' for this indicator — provides no directional evidence; the cell contributes 0 to the dimension score.
icare_0002,Low/zero-energy buildings,direct,buildings,technological,absence_of_risk,NE,no evidence,,CL,,,IPCC verdict is 'no evidence' for this indicator — provides no directional evidence; the cell contributes 0 to the dimension score.
icare_0002,Low/zero-energy buildings,direct,buildings,institutional,transparency_accountability,LE,limited evidence,,CL,,,IPCC verdict is 'limited evidence' for this indicator — provides no directional evidence; the cell contributes 0 to the dimension score.
icare_0002,Low/zero-energy buildings,direct,buildings,environmental,air_pollution,B,neutral,,CL,,,IPCC verdict is 'neutral' for this indicator — provides no directional evidence; the cell contributes 0 to the dimension score.
icare_0002,Low/zero-energy buildings,direct,buildings,environmental,toxic_waste,C,supportive,,CL,,,IPCC verdict is 'supportive' but no city-level data bridge is defined for 'toxic_waste' at sector scope 'buildings'; the IPCC prior is used unmodified.
icare_0002,Low/zero-energy buildings,direct,buildings,environmental,water_use,C,supportive,,CL,,,IPCC verdict is 'supportive' but no city-level data bridge is defined for 'water_use' at sector scope 'buildings'; the IPCC prior is used unmodified.
icare_0002,Low/zero-energy buildings,direct,buildings,geophysical,physical_feasibility,C,supportive,urban_built_share,CL,positive,buildings,Cities with higher urban_built_share have stronger feasibility for 'physical_feasibility' (geophysical dimension). Bridge applies to 'buildings' sector. IPCC base verdict: supportive.
icare_0002,Low/zero-energy buildings,direct,buildings,socio_cultural,public_acceptance,NE,no evidence,,CL,,,IPCC verdict is 'no evidence' for this indicator — provides no directional evidence; the cell contributes 0 to the dimension score.
icare_0002,Low/zero-energy buildings,direct,buildings,socio_cultural,inclusiveness,NE,no evidence,,CL,,,IPCC verdict is 'no evidence' for this indicator — provides no directional evidence; the cell contributes 0 to the dimension score.
icare_0002,Low/zero-energy buildings,direct,buildings,socio_cultural,human_capabilities,NE,no evidence,,CL,,,IPCC verdict is 'no evidence' for this indicator — provides no directional evidence; the cell contributes 0 to the dimension score.
icare_0006,Solar PV,direct,energy_supply,economic,cost-effectiveness,C,supportive,median_household_income,CL,positive,all,Cities with higher median_household_income have stronger feasibility for 'cost-effectiveness' (economic dimension). Bridge applies to 'all' sector. IPCC base verdict: supportive.
icare_0006,Solar PV,direct,energy_supply,economic,cost-effectiveness,C,supportive,poverty_rate,CL,negative,all,Cities with higher poverty_rate have weaker feasibility for 'cost-effectiveness' (economic dimension). Bridge applies to 'all' sector. IPCC base verdict: supportive.
icare_0006,Solar PV,direct,energy_supply,economic,distributional_effects,C,supportive,poverty_rate,CL,negative,all,Cities with higher poverty_rate have weaker feasibility for 'distributional_effects' (economic dimension). Bridge applies to 'all' sector. IPCC base verdict: supportive.
icare_0006,Solar PV,direct,energy_supply,economic,employment_productivity,C,supportive,unemployment_rate,CL,positive,all,Cities with higher unemployment_rate have stronger feasibility for 'employment_productivity' (economic dimension). Bridge applies to 'all' sector. IPCC base verdict: supportive.
icare_0006,Solar PV,direct,energy_supply,technological,maturity,C,supportive,,CL,,,IPCC verdict is 'supportive' but no city-level data bridge is defined for 'maturity' at sector scope 'energy_supply'; the IPCC prior is used unmodified.
icare_0006,Solar PV,direct,energy_supply,technological,simplicity,C,supportive,,CL,,,IPCC verdict is 'supportive' but no city-level data bridge is defined for 'simplicity' at sector scope 'energy_supply'; the IPCC prior is used unmodified.
icare_0006,Solar PV,direct,energy_supply,technological,absence_of_risk,C,supportive,,CL,,,IPCC verdict is 'supportive' but no city-level data bridge is defined for 'absence_of_risk' at sector scope 'energy_supply'; the IPCC prior is used unmodified.
icare_0006,Solar PV,direct,energy_supply,institutional,political_acceptability,B,neutral,,CL,,,IPCC verdict is 'neutral' for this indicator — provides no directional evidence; the cell contributes 0 to the dimension score.
icare_0006,Solar PV,direct,energy_supply,institutional,institutional_capacity,B,neutral,,CL,,,IPCC verdict is 'neutral' for this indicator — provides no directional evidence; the cell contributes 0 to the dimension score.
icare_0006,Solar PV,direct,energy_supply,institutional,transparency_accountability,C,supportive,,CL,,,IPCC verdict is 'supportive' but no city-level data bridge is defined for 'transparency_accountability' at sector scope 'energy_supply'; the IPCC prior is used unmodified.
icare_0006,Solar PV,direct,energy_supply,socio_cultural,social_co_benefits,C,supportive,,CL,,,IPCC verdict is 'supportive' but no city-level data bridge is defined for 'social_co_benefits' at sector scope 'energy_supply'; the IPCC prior is used unmodified.
icare_0006,Solar PV,direct,energy_supply,socio_cultural,public_acceptance,C,supportive,,CL,,,IPCC verdict is 'supportive' but no city-level data bridge is defined for 'public_acceptance' at sector scope 'energy_supply'; the IPCC prior is used unmodified.
icare_0006,Solar PV,direct,energy_supply,socio_cultural,inclusiveness,B,neutral,,CL,,,IPCC verdict is 'neutral' for this indicator — provides no directional evidence; the cell contributes 0 to the dimension score.
icare_0006,Solar PV,direct,energy_supply,socio_cultural,intergenerational_equity,C,supportive,,CL,,,IPCC verdict is 'supportive' but no city-level data bridge is defined for 'intergenerational_equity' at sector scope 'energy_supply'; the IPCC prior is used unmodified.
icare_0006,Solar PV,direct,energy_supply,socio_cultural,human_capabilities,B,neutral,,CL,,,IPCC verdict is 'neutral' for this indicator — provides no directional evidence; the cell contributes 0 to the dimension score.
icare_0006,Solar PV,direct,energy_supply,environmental,air_pollution,C,supportive,,CL,,,IPCC verdict is 'supportive' but no city-level data bridge is defined for 'air_pollution' at sector scope 'energy_supply'; the IPCC prior is used unmodified.
icare_0006,Solar PV,direct,energy_supply,environmental,toxic_waste,B,neutral,,CL,,,IPCC verdict is 'neutral' for this indicator — provides no directional evidence; the cell contributes 0 to the dimension score.
icare_0006,Solar PV,direct,energy_supply,environmental,water_use,C,supportive,,CL,,,IPCC verdict is 'supportive' but no city-level data bridge is defined for 'water_use' at sector scope 'energy_supply'; the IPCC prior is used unmodified.
icare_0006,Solar PV,direct,energy_supply,environmental,biodiversity,C,supportive,,CL,,,IPCC verdict is 'supportive' but no city-level data bridge is defined for 'biodiversity' at sector scope 'energy_supply'; the IPCC prior is used unmodified.
icare_0006,Solar PV,direct,energy_supply,geophysical,physical_feasibility,C,supportive,silviculture_share,CL,positive,energy_supply,Cities with higher silviculture_share have stronger feasibility for 'physical_feasibility' (geophysical dimension). Bridge applies to 'energy_supply' sector. IPCC base verdict: supportive.
icare_0006,Solar PV,direct,energy_supply,geophysical,physical_feasibility,C,supportive,urban_built_share,CL,positive,energy_supply,Cities with higher urban_built_share have stronger feasibility for 'physical_feasibility' (geophysical dimension). Bridge applies to 'energy_supply' sector. IPCC base verdict: supportive.
icare_0006,Solar PV,direct,energy_supply,geophysical,limited_land_use,B,neutral,,CL,,,IPCC verdict is 'neutral' for this indicator — provides no directional evidence; the cell contributes 0 to the dimension score.
icare_0006,Solar PV,direct,energy_supply,geophysical,limited_scarce_resources,B,neutral,,CL,,,IPCC verdict is 'neutral' for this indicator — provides no directional evidence; the cell contributes 0 to the dimension score.
icare_0008,Smart grids,direct,energy_supply,economic,cost-effectiveness,B,neutral,,CL,,,IPCC verdict is 'neutral' for this indicator — provides no directional evidence; the cell contributes 0 to the dimension score.
icare_0008,Smart grids,direct,energy_supply,economic,distributional_effects,B,neutral,,CL,,,IPCC verdict is 'neutral' for this indicator — provides no directional evidence; the cell contributes 0 to the dimension score.
icare_0008,Smart grids,direct,energy_supply,economic,employment_productivity,C,supportive,unemployment_rate,CL,positive,all,Cities with higher unemployment_rate have stronger feasibility for 'employment_productivity' (economic dimension). Bridge applies to 'all' sector. IPCC base verdict: supportive.
icare_0008,Smart grids,direct,energy_supply,technological,technical_scalability,C,supportive,electricity_access_rate,CL,positive,energy_supply,Cities with higher electricity_access_rate have stronger feasibility for 'technical_scalability' (technological dimension). Bridge applies to 'energy_supply' sector. IPCC base verdict: supportive.
icare_0008,Smart grids,direct,energy_supply,technological,technical_scalability,C,supportive,fixed_internet_household_share,CL,positive,energy_supply,Cities with higher fixed_internet_household_share have stronger feasibility for 'technical_scalability' (technological dimension). Bridge applies to 'energy_supply' sector. IPCC base verdict: supportive.
icare_0008,Smart grids,direct,energy_supply,technological,maturity,B,neutral,,CL,,,IPCC verdict is 'neutral' for this indicator — provides no directional evidence; the cell contributes 0 to the dimension score.
icare_0008,Smart grids,direct,energy_supply,technological,simplicity,A,barrier,,CL,,,IPCC verdict is 'barrier' but no city-level data bridge is defined for 'simplicity' at sector scope 'energy_supply'; the IPCC prior is used unmodified.
icare_0008,Smart grids,direct,energy_supply,technological,absence_of_risk,B,neutral,,CL,,,IPCC verdict is 'neutral' for this indicator — provides no directional evidence; the cell contributes 0 to the dimension score.
icare_0008,Smart grids,direct,energy_supply,institutional,political_acceptability,B,neutral,,CL,,,IPCC verdict is 'neutral' for this indicator — provides no directional evidence; the cell contributes 0 to the dimension score.
icare_0008,Smart grids,direct,energy_supply,institutional,institutional_capacity,A,barrier,employment_agriculture_utilities,CL,positive,energy_supply,Cities with higher employment_agriculture_utilities have stronger feasibility for 'institutional_capacity' (institutional dimension). Bridge applies to 'energy_supply' sector. IPCC base verdict: barrier.
icare_0008,Smart grids,direct,energy_supply,institutional,transparency_accountability,A,barrier,,CL,,,IPCC verdict is 'barrier' but no city-level data bridge is defined for 'transparency_accountability' at sector scope 'energy_supply'; the IPCC prior is used unmodified.
icare_0008,Smart grids,direct,energy_supply,socio_cultural,social_co_benefits,C,supportive,,CL,,,IPCC verdict is 'supportive' but no city-level data bridge is defined for 'social_co_benefits' at sector scope 'energy_supply'; the IPCC prior is used unmodified.
icare_0008,Smart grids,direct,energy_supply,socio_cultural,public_acceptance,B,neutral,,CL,,,IPCC verdict is 'neutral' for this indicator — provides no directional evidence; the cell contributes 0 to the dimension score.
icare_0008,Smart grids,direct,energy_supply,socio_cultural,inclusiveness,C,supportive,poverty_rate,CL,negative,all,Cities with higher poverty_rate have weaker feasibility for 'inclusiveness' (socio_cultural dimension). Bridge applies to 'all' sector. IPCC base verdict: supportive.
icare_0008,Smart grids,direct,energy_supply,socio_cultural,inclusiveness,C,supportive,disability_prevalence,CL,negative,all,Cities with higher disability_prevalence have weaker feasibility for 'inclusiveness' (socio_cultural dimension). Bridge applies to 'all' sector. IPCC base verdict: supportive.
icare_0008,Smart grids,direct,energy_supply,socio_cultural,inclusiveness,C,supportive,indigenous_identification_rate,CL,negative,all,Cities with higher indigenous_identification_rate have weaker feasibility for 'inclusiveness' (socio_cultural dimension). Bridge applies to 'all' sector. IPCC base verdict: supportive.
icare_0008,Smart grids,direct,energy_supply,socio_cultural,intergenerational_equity,C,supportive,,CL,,,IPCC verdict is 'supportive' but no city-level data bridge is defined for 'intergenerational_equity' at sector scope 'energy_supply'; the IPCC prior is used unmodified.
icare_0008,Smart grids,direct,energy_supply,socio_cultural,human_capabilities,A,barrier,mean_years_schooling,CL,positive,all,Cities with higher mean_years_schooling have stronger feasibility for 'human_capabilities' (socio_cultural dimension). Bridge applies to 'all' sector. IPCC base verdict: barrier.
icare_0008,Smart grids,direct,energy_supply,socio_cultural,human_capabilities,A,barrier,literacy_rate,CL,positive,all,Cities with higher literacy_rate have stronger feasibility for 'human_capabilities' (socio_cultural dimension). Bridge applies to 'all' sector. IPCC base verdict: barrier.
icare_0008,Smart grids,direct,energy_supply,environmental,air_pollution,C,supportive,,CL,,,IPCC verdict is 'supportive' but no city-level data bridge is defined for 'air_pollution' at sector scope 'energy_supply'; the IPCC prior is used unmodified.
icare_0008,Smart grids,direct,energy_supply,environmental,toxic_waste,B,neutral,,CL,,,IPCC verdict is 'neutral' for this indicator — provides no directional evidence; the cell contributes 0 to the dimension score.
icare_0008,Smart grids,direct,energy_supply,environmental,water_use,C,supportive,,CL,,,IPCC verdict is 'supportive' but no city-level data bridge is defined for 'water_use' at sector scope 'energy_supply'; the IPCC prior is used unmodified.
icare_0008,Smart grids,direct,energy_supply,environmental,biodiversity,C,supportive,,CL,,,IPCC verdict is 'supportive' but no city-level data bridge is defined for 'biodiversity' at sector scope 'energy_supply'; the IPCC prior is used unmodified.
icare_0008,Smart grids,direct,energy_supply,geophysical,physical_feasibility,C,supportive,silviculture_share,CL,positive,energy_supply,Cities with higher silviculture_share have stronger feasibility for 'physical_feasibility' (geophysical dimension). Bridge applies to 'energy_supply' sector. IPCC base verdict: supportive.
icare_0008,Smart grids,direct,energy_supply,geophysical,physical_feasibility,C,supportive,urban_built_share,CL,positive,energy_supply,Cities with higher urban_built_share have stronger feasibility for 'physical_feasibility' (geophysical dimension). Bridge applies to 'energy_supply' sector. IPCC base verdict: supportive.
icare_0008,Smart grids,direct,energy_supply,geophysical,limited_scarce_resources,B,neutral,,CL,,,IPCC verdict is 'neutral' for this indicator — provides no directional evidence; the cell contributes 0 to the dimension score.
icare_0008,Smart grids,direct,energy_supply,geophysical,global_spread,B,neutral,,CL,,,IPCC verdict is 'neutral' for this indicator — provides no directional evidence; the cell contributes 0 to the dimension score.
icare_0009,Energy efficiency,direct,industrial,economic,cost-effectiveness,C,supportive,median_household_income,CL,positive,all,Cities with higher median_household_income have stronger feasibility for 'cost-effectiveness' (economic dimension). Bridge applies to 'all' sector. IPCC base verdict: supportive.
icare_0009,Energy efficiency,direct,industrial,economic,cost-effectiveness,C,supportive,poverty_rate,CL,negative,all,Cities with higher poverty_rate have weaker feasibility for 'cost-effectiveness' (economic dimension). Bridge applies to 'all' sector. IPCC base verdict: supportive.
icare_0009,Energy efficiency,direct,industrial,economic,employment_productivity,B,neutral,,CL,,,IPCC verdict is 'neutral' for this indicator — provides no directional evidence; the cell contributes 0 to the dimension score.
icare_0009,Energy efficiency,direct,industrial,technological,technical_scalability,C,supportive,,CL,,,IPCC verdict is 'supportive' but no city-level data bridge is defined for 'technical_scalability' at sector scope 'industrial'; the IPCC prior is used unmodified.
icare_0009,Energy efficiency,direct,industrial,technological,maturity,C,supportive,,CL,,,IPCC verdict is 'supportive' but no city-level data bridge is defined for 'maturity' at sector scope 'industrial'; the IPCC prior is used unmodified.
icare_0009,Energy efficiency,direct,industrial,technological,simplicity,B,neutral,,CL,,,IPCC verdict is 'neutral' for this indicator — provides no directional evidence; the cell contributes 0 to the dimension score.
icare_0009,Energy efficiency,direct,industrial,economic,distributional_effects,LE,limited evidence,,CL,,,IPCC verdict is 'limited evidence' for this indicator — provides no directional evidence; the cell contributes 0 to the dimension score.
icare_0009,Energy efficiency,direct,industrial,institutional,political_acceptability,C,supportive,,CL,,,IPCC verdict is 'supportive' but no city-level data bridge is defined for 'political_acceptability' at sector scope 'industrial'; the IPCC prior is used unmodified.
icare_0009,Energy efficiency,direct,industrial,institutional,legal_admin_acceptability,C,supportive,,CL,,,IPCC verdict is 'supportive' but no city-level data bridge is defined for 'legal_admin_acceptability' at sector scope 'industrial'; the IPCC prior is used unmodified.
icare_0009,Energy efficiency,direct,industrial,institutional,institutional_capacity,B,neutral,,CL,,,IPCC verdict is 'neutral' for this indicator — provides no directional evidence; the cell contributes 0 to the dimension score.
icare_0009,Energy efficiency,direct,industrial,socio_cultural,public_acceptance,C,supportive,,CL,,,IPCC verdict is 'supportive' but no city-level data bridge is defined for 'public_acceptance' at sector scope 'industrial'; the IPCC prior is used unmodified.
icare_0009,Energy efficiency,direct,industrial,socio_cultural,human_capabilities,B,neutral,,CL,,,IPCC verdict is 'neutral' for this indicator — provides no directional evidence; the cell contributes 0 to the dimension score.
icare_0009,Energy efficiency,direct,industrial,environmental,air_pollution,C,supportive,,CL,,,IPCC verdict is 'supportive' but no city-level data bridge is defined for 'air_pollution' at sector scope 'industrial'; the IPCC prior is used unmodified.
icare_0009,Energy efficiency,direct,industrial,environmental,water_use,B,neutral,,CL,,,IPCC verdict is 'neutral' for this indicator — provides no directional evidence; the cell contributes 0 to the dimension score.
icare_0009,Energy efficiency,direct,industrial,geophysical,physical_feasibility,B,neutral,,CL,,,IPCC verdict is 'neutral' for this indicator — provides no directional evidence; the cell contributes 0 to the dimension score.
icare_0009,Energy efficiency,direct,industrial,environmental,toxic_waste,NE,no evidence,,CL,,,IPCC verdict is 'no evidence' for this indicator — provides no directional evidence; the cell contributes 0 to the dimension score.
icare_0009,Energy efficiency,direct,industrial,environmental,biodiversity,NE,no evidence,,CL,,,IPCC verdict is 'no evidence' for this indicator — provides no directional evidence; the cell contributes 0 to the dimension score.
icare_0009,Energy efficiency,direct,industrial,geophysical,global_spread,C,supportive,urban_built_share,CL,positive,industrial,Cities with higher urban_built_share have stronger feasibility for 'global_spread' (geophysical dimension). Bridge applies to 'industrial' sector. IPCC base verdict: supportive.
icare_0010,Low/zero-energy buildings,direct,buildings,economic,cost-effectiveness,C,supportive,median_household_income,CL,positive,all,Cities with higher median_household_income have stronger feasibility for 'cost-effectiveness' (economic dimension). Bridge applies to 'all' sector. IPCC base verdict: supportive.
icare_0010,Low/zero-energy buildings,direct,buildings,economic,cost-effectiveness,C,supportive,poverty_rate,CL,negative,all,Cities with higher poverty_rate have weaker feasibility for 'cost-effectiveness' (economic dimension). Bridge applies to 'all' sector. IPCC base verdict: supportive.
icare_0010,Low/zero-energy buildings,direct,buildings,economic,distributional_effects,C,supportive,poverty_rate,CL,negative,all,Cities with higher poverty_rate have weaker feasibility for 'distributional_effects' (economic dimension). Bridge applies to 'all' sector. IPCC base verdict: supportive.
icare_0010,Low/zero-energy buildings,direct,buildings,economic,distributional_effects,C,supportive,home_ownership,CL,positive,buildings,Cities with higher home_ownership have stronger feasibility for 'distributional_effects' (economic dimension). Bridge applies to 'buildings' sector. IPCC base verdict: supportive.
icare_0010,Low/zero-energy buildings,direct,buildings,economic,distributional_effects,C,supportive,renter_share,CL,negative,buildings,Cities with higher renter_share have weaker feasibility for 'distributional_effects' (economic dimension). Bridge applies to 'buildings' sector. IPCC base verdict: supportive.
icare_0010,Low/zero-energy buildings,direct,buildings,economic,employment_productivity,C,supportive,unemployment_rate,CL,positive,all,Cities with higher unemployment_rate have stronger feasibility for 'employment_productivity' (economic dimension). Bridge applies to 'all' sector. IPCC base verdict: supportive.
icare_0010,Low/zero-energy buildings,direct,buildings,economic,employment_productivity,C,supportive,industry_construction_employment,CL,positive,buildings,Cities with higher industry_construction_employment have stronger feasibility for 'employment_productivity' (economic dimension). Bridge applies to 'buildings' sector. IPCC base verdict: supportive.
icare_0010,Low/zero-energy buildings,direct,buildings,technological,technical_scalability,C,supportive,electricity_access_rate,CL,positive,buildings,Cities with higher electricity_access_rate have stronger feasibility for 'technical_scalability' (technological dimension). Bridge applies to 'buildings' sector. IPCC base verdict: supportive.
icare_0010,Low/zero-energy buildings,direct,buildings,technological,technical_scalability,C,supportive,fixed_internet_household_share,CL,positive,buildings,Cities with higher fixed_internet_household_share have stronger feasibility for 'technical_scalability' (technological dimension). Bridge applies to 'buildings' sector. IPCC base verdict: supportive.
icare_0010,Low/zero-energy buildings,direct,buildings,technological,maturity,B,neutral,,CL,,,IPCC verdict is 'neutral' for this indicator — provides no directional evidence; the cell contributes 0 to the dimension score.
icare_0010,Low/zero-energy buildings,direct,buildings,institutional,political_acceptability,C,supportive,,CL,,,IPCC verdict is 'supportive' but no city-level data bridge is defined for 'political_acceptability' at sector scope 'buildings'; the IPCC prior is used unmodified.
icare_0010,Low/zero-energy buildings,direct,buildings,institutional,institutional_capacity,B,neutral,,CL,,,IPCC verdict is 'neutral' for this indicator — provides no directional evidence; the cell contributes 0 to the dimension score.
icare_0010,Low/zero-energy buildings,direct,buildings,socio_cultural,social_co_benefits,B,neutral,,CL,,,IPCC verdict is 'neutral' for this indicator — provides no directional evidence; the cell contributes 0 to the dimension score.
icare_0010,Low/zero-energy buildings,direct,buildings,technological,simplicity,LE,limited evidence,,CL,,,IPCC verdict is 'limited evidence' for this indicator — provides no directional evidence; the cell contributes 0 to the dimension score.
icare_0010,Low/zero-energy buildings,direct,buildings,technological,absence_of_risk,NE,no evidence,,CL,,,IPCC verdict is 'no evidence' for this indicator — provides no directional evidence; the cell contributes 0 to the dimension score.
icare_0010,Low/zero-energy buildings,direct,buildings,institutional,transparency_accountability,LE,limited evidence,,CL,,,IPCC verdict is 'limited evidence' for this indicator — provides no directional evidence; the cell contributes 0 to the dimension score.
icare_0010,Low/zero-energy buildings,direct,buildings,environmental,air_pollution,B,neutral,,CL,,,IPCC verdict is 'neutral' for this indicator — provides no directional evidence; the cell contributes 0 to the dimension score.
icare_0010,Low/zero-energy buildings,direct,buildings,environmental,toxic_waste,C,supportive,,CL,,,IPCC verdict is 'supportive' but no city-level data bridge is defined for 'toxic_waste' at sector scope 'buildings'; the IPCC prior is used unmodified.
icare_0010,Low/zero-energy buildings,direct,buildings,environmental,water_use,C,supportive,,CL,,,IPCC verdict is 'supportive' but no city-level data bridge is defined for 'water_use' at sector scope 'buildings'; the IPCC prior is used unmodified.
icare_0010,Low/zero-energy buildings,direct,buildings,geophysical,physical_feasibility,C,supportive,urban_built_share,CL,positive,buildings,Cities with higher urban_built_share have stronger feasibility for 'physical_feasibility' (geophysical dimension). Bridge applies to 'buildings' sector. IPCC base verdict: supportive.
icare_0010,Low/zero-energy buildings,direct,buildings,socio_cultural,public_acceptance,NE,no evidence,,CL,,,IPCC verdict is 'no evidence' for this indicator — provides no directional evidence; the cell contributes 0 to the dimension score.
icare_0010,Low/zero-energy buildings,direct,buildings,socio_cultural,inclusiveness,NE,no evidence,,CL,,,IPCC verdict is 'no evidence' for this indicator — provides no directional evidence; the cell contributes 0 to the dimension score.
icare_0010,Low/zero-energy buildings,direct,buildings,socio_cultural,human_capabilities,NE,no evidence,,CL,,,IPCC verdict is 'no evidence' for this indicator — provides no directional evidence; the cell contributes 0 to the dimension score.
icare_0012,Solar PV,direct,energy_supply,economic,cost-effectiveness,C,supportive,median_household_income,CL,positive,all,Cities with higher median_household_income have stronger feasibility for 'cost-effectiveness' (economic dimension). Bridge applies to 'all' sector. IPCC base verdict: supportive.
icare_0012,Solar PV,direct,energy_supply,economic,cost-effectiveness,C,supportive,poverty_rate,CL,negative,all,Cities with higher poverty_rate have weaker feasibility for 'cost-effectiveness' (economic dimension). Bridge applies to 'all' sector. IPCC base verdict: supportive.
icare_0012,Solar PV,direct,energy_supply,economic,distributional_effects,C,supportive,poverty_rate,CL,negative,all,Cities with higher poverty_rate have weaker feasibility for 'distributional_effects' (economic dimension). Bridge applies to 'all' sector. IPCC base verdict: supportive.
icare_0012,Solar PV,direct,energy_supply,economic,employment_productivity,C,supportive,unemployment_rate,CL,positive,all,Cities with higher unemployment_rate have stronger feasibility for 'employment_productivity' (economic dimension). Bridge applies to 'all' sector. IPCC base verdict: supportive.
icare_0012,Solar PV,direct,energy_supply,technological,maturity,C,supportive,,CL,,,IPCC verdict is 'supportive' but no city-level data bridge is defined for 'maturity' at sector scope 'energy_supply'; the IPCC prior is used unmodified.
icare_0012,Solar PV,direct,energy_supply,technological,simplicity,C,supportive,,CL,,,IPCC verdict is 'supportive' but no city-level data bridge is defined for 'simplicity' at sector scope 'energy_supply'; the IPCC prior is used unmodified.
icare_0012,Solar PV,direct,energy_supply,technological,absence_of_risk,C,supportive,,CL,,,IPCC verdict is 'supportive' but no city-level data bridge is defined for 'absence_of_risk' at sector scope 'energy_supply'; the IPCC prior is used unmodified.
icare_0012,Solar PV,direct,energy_supply,institutional,political_acceptability,B,neutral,,CL,,,IPCC verdict is 'neutral' for this indicator — provides no directional evidence; the cell contributes 0 to the dimension score.
icare_0012,Solar PV,direct,energy_supply,institutional,institutional_capacity,B,neutral,,CL,,,IPCC verdict is 'neutral' for this indicator — provides no directional evidence; the cell contributes 0 to the dimension score.
icare_0012,Solar PV,direct,energy_supply,institutional,transparency_accountability,C,supportive,,CL,,,IPCC verdict is 'supportive' but no city-level data bridge is defined for 'transparency_accountability' at sector scope 'energy_supply'; the IPCC prior is used unmodified.
icare_0012,Solar PV,direct,energy_supply,socio_cultural,social_co_benefits,C,supportive,,CL,,,IPCC verdict is 'supportive' but no city-level data bridge is defined for 'social_co_benefits' at sector scope 'energy_supply'; the IPCC prior is used unmodified.
icare_0012,Solar PV,direct,energy_supply,socio_cultural,public_acceptance,C,supportive,,CL,,,IPCC verdict is 'supportive' but no city-level data bridge is defined for 'public_acceptance' at sector scope 'energy_supply'; the IPCC prior is used unmodified.
icare_0012,Solar PV,direct,energy_supply,socio_cultural,inclusiveness,B,neutral,,CL,,,IPCC verdict is 'neutral' for this indicator — provides no directional evidence; the cell contributes 0 to the dimension score.
icare_0012,Solar PV,direct,energy_supply,socio_cultural,intergenerational_equity,C,supportive,,CL,,,IPCC verdict is 'supportive' but no city-level data bridge is defined for 'intergenerational_equity' at sector scope 'energy_supply'; the IPCC prior is used unmodified.
icare_0012,Solar PV,direct,energy_supply,socio_cultural,human_capabilities,B,neutral,,CL,,,IPCC verdict is 'neutral' for this indicator — provides no directional evidence; the cell contributes 0 to the dimension score.
icare_0012,Solar PV,direct,energy_supply,environmental,air_pollution,C,supportive,,CL,,,IPCC verdict is 'supportive' but no city-level data bridge is defined for 'air_pollution' at sector scope 'energy_supply'; the IPCC prior is used unmodified.
icare_0012,Solar PV,direct,energy_supply,environmental,toxic_waste,B,neutral,,CL,,,IPCC verdict is 'neutral' for this indicator — provides no directional evidence; the cell contributes 0 to the dimension score.
icare_0012,Solar PV,direct,energy_supply,environmental,water_use,C,supportive,,CL,,,IPCC verdict is 'supportive' but no city-level data bridge is defined for 'water_use' at sector scope 'energy_supply'; the IPCC prior is used unmodified.
icare_0012,Solar PV,direct,energy_supply,environmental,biodiversity,C,supportive,,CL,,,IPCC verdict is 'supportive' but no city-level data bridge is defined for 'biodiversity' at sector scope 'energy_supply'; the IPCC prior is used unmodified.
icare_0012,Solar PV,direct,energy_supply,geophysical,physical_feasibility,C,supportive,silviculture_share,CL,positive,energy_supply,Cities with higher silviculture_share have stronger feasibility for 'physical_feasibility' (geophysical dimension). Bridge applies to 'energy_supply' sector. IPCC base verdict: supportive.
icare_0012,Solar PV,direct,energy_supply,geophysical,physical_feasibility,C,supportive,urban_built_share,CL,positive,energy_supply,Cities with higher urban_built_share have stronger feasibility for 'physical_feasibility' (geophysical dimension). Bridge applies to 'energy_supply' sector. IPCC base verdict: supportive.
icare_0012,Solar PV,direct,energy_supply,geophysical,limited_land_use,B,neutral,,CL,,,IPCC verdict is 'neutral' for this indicator — provides no directional evidence; the cell contributes 0 to the dimension score.
icare_0012,Solar PV,direct,energy_supply,geophysical,limited_scarce_resources,B,neutral,,CL,,,IPCC verdict is 'neutral' for this indicator — provides no directional evidence; the cell contributes 0 to the dimension score.
icare_0016,Efficient appliances,direct,buildings,economic,cost-effectiveness,C,supportive,median_household_income,CL,positive,all,Cities with higher median_household_income have stronger feasibility for 'cost-effectiveness' (economic dimension). Bridge applies to 'all' sector. IPCC base verdict: supportive.
icare_0016,Efficient appliances,direct,buildings,economic,cost-effectiveness,C,supportive,poverty_rate,CL,negative,all,Cities with higher poverty_rate have weaker feasibility for 'cost-effectiveness' (economic dimension). Bridge applies to 'all' sector. IPCC base verdict: supportive.
icare_0016,Efficient appliances,direct,buildings,economic,distributional_effects,B,neutral,,CL,,,IPCC verdict is 'neutral' for this indicator — provides no directional evidence; the cell contributes 0 to the dimension score.
icare_0016,Efficient appliances,direct,buildings,economic,employment_productivity,B,neutral,,CL,,,IPCC verdict is 'neutral' for this indicator — provides no directional evidence; the cell contributes 0 to the dimension score.
icare_0016,Efficient appliances,direct,buildings,technological,technical_scalability,C,supportive,electricity_access_rate,CL,positive,buildings,Cities with higher electricity_access_rate have stronger feasibility for 'technical_scalability' (technological dimension). Bridge applies to 'buildings' sector. IPCC base verdict: supportive.
icare_0016,Efficient appliances,direct,buildings,technological,technical_scalability,C,supportive,fixed_internet_household_share,CL,positive,buildings,Cities with higher fixed_internet_household_share have stronger feasibility for 'technical_scalability' (technological dimension). Bridge applies to 'buildings' sector. IPCC base verdict: supportive.
icare_0016,Efficient appliances,direct,buildings,technological,maturity,C,supportive,,CL,,,IPCC verdict is 'supportive' but no city-level data bridge is defined for 'maturity' at sector scope 'buildings'; the IPCC prior is used unmodified.
icare_0016,Efficient appliances,direct,buildings,technological,simplicity,C,supportive,,CL,,,IPCC verdict is 'supportive' but no city-level data bridge is defined for 'simplicity' at sector scope 'buildings'; the IPCC prior is used unmodified.
icare_0016,Efficient appliances,direct,buildings,institutional,political_acceptability,C,supportive,,CL,,,IPCC verdict is 'supportive' but no city-level data bridge is defined for 'political_acceptability' at sector scope 'buildings'; the IPCC prior is used unmodified.
icare_0016,Efficient appliances,direct,buildings,institutional,institutional_capacity,B,neutral,,CL,,,IPCC verdict is 'neutral' for this indicator — provides no directional evidence; the cell contributes 0 to the dimension score.
icare_0016,Efficient appliances,direct,buildings,socio_cultural,social_co_benefits,C,supportive,,CL,,,IPCC verdict is 'supportive' but no city-level data bridge is defined for 'social_co_benefits' at sector scope 'buildings'; the IPCC prior is used unmodified.
icare_0016,Efficient appliances,direct,buildings,technological,absence_of_risk,NE,no evidence,,CL,,,IPCC verdict is 'no evidence' for this indicator — provides no directional evidence; the cell contributes 0 to the dimension score.
icare_0016,Efficient appliances,direct,buildings,institutional,transparency_accountability,LE,limited evidence,,CL,,,IPCC verdict is 'limited evidence' for this indicator — provides no directional evidence; the cell contributes 0 to the dimension score.
icare_0016,Efficient appliances,direct,buildings,socio_cultural,public_acceptance,C,supportive,home_ownership,CL,positive,buildings,Cities with higher home_ownership have stronger feasibility for 'public_acceptance' (socio_cultural dimension). Bridge applies to 'buildings' sector. IPCC base verdict: supportive.
icare_0016,Efficient appliances,direct,buildings,socio_cultural,public_acceptance,C,supportive,renter_share,CL,negative,buildings,Cities with higher renter_share have weaker feasibility for 'public_acceptance' (socio_cultural dimension). Bridge applies to 'buildings' sector. IPCC base verdict: supportive.
icare_0016,Efficient appliances,direct,buildings,socio_cultural,inclusiveness,B,neutral,,CL,,,IPCC verdict is 'neutral' for this indicator — provides no directional evidence; the cell contributes 0 to the dimension score.
icare_0016,Efficient appliances,direct,buildings,environmental,air_pollution,C,supportive,,CL,,,IPCC verdict is 'supportive' but no city-level data bridge is defined for 'air_pollution' at sector scope 'buildings'; the IPCC prior is used unmodified.
icare_0016,Efficient appliances,direct,buildings,environmental,toxic_waste,C,supportive,,CL,,,IPCC verdict is 'supportive' but no city-level data bridge is defined for 'toxic_waste' at sector scope 'buildings'; the IPCC prior is used unmodified.
icare_0016,Efficient appliances,direct,buildings,environmental,water_use,C,supportive,,CL,,,IPCC verdict is 'supportive' but no city-level data bridge is defined for 'water_use' at sector scope 'buildings'; the IPCC prior is used unmodified.
icare_0016,Efficient appliances,direct,buildings,geophysical,physical_feasibility,C,supportive,urban_built_share,CL,positive,buildings,Cities with higher urban_built_share have stronger feasibility for 'physical_feasibility' (geophysical dimension). Bridge applies to 'buildings' sector. IPCC base verdict: supportive.
icare_0016,Efficient appliances,direct,buildings,geophysical,limited_scarce_resources,LE,limited evidence,,CL,,,IPCC verdict is 'limited evidence' for this indicator — provides no directional evidence; the cell contributes 0 to the dimension score.
icare_0023,Smart grids,direct,energy_supply,economic,cost-effectiveness,B,neutral,,CL,,,IPCC verdict is 'neutral' for this indicator — provides no directional evidence; the cell contributes 0 to the dimension score.
icare_0023,Smart grids,direct,energy_supply,economic,distributional_effects,B,neutral,,CL,,,IPCC verdict is 'neutral' for this indicator — provides no directional evidence; the cell contributes 0 to the dimension score.
icare_0023,Smart grids,direct,energy_supply,economic,employment_productivity,C,supportive,unemployment_rate,CL,positive,all,Cities with higher unemployment_rate have stronger feasibility for 'employment_productivity' (economic dimension). Bridge applies to 'all' sector. IPCC base verdict: supportive.
icare_0023,Smart grids,direct,energy_supply,technological,technical_scalability,C,supportive,electricity_access_rate,CL,positive,energy_supply,Cities with higher electricity_access_rate have stronger feasibility for 'technical_scalability' (technological dimension). Bridge applies to 'energy_supply' sector. IPCC base verdict: supportive.
icare_0023,Smart grids,direct,energy_supply,technological,technical_scalability,C,supportive,fixed_internet_household_share,CL,positive,energy_supply,Cities with higher fixed_internet_household_share have stronger feasibility for 'technical_scalability' (technological dimension). Bridge applies to 'energy_supply' sector. IPCC base verdict: supportive.
icare_0023,Smart grids,direct,energy_supply,technological,maturity,B,neutral,,CL,,,IPCC verdict is 'neutral' for this indicator — provides no directional evidence; the cell contributes 0 to the dimension score.
icare_0023,Smart grids,direct,energy_supply,technological,simplicity,A,barrier,,CL,,,IPCC verdict is 'barrier' but no city-level data bridge is defined for 'simplicity' at sector scope 'energy_supply'; the IPCC prior is used unmodified.
icare_0023,Smart grids,direct,energy_supply,technological,absence_of_risk,B,neutral,,CL,,,IPCC verdict is 'neutral' for this indicator — provides no directional evidence; the cell contributes 0 to the dimension score.
icare_0023,Smart grids,direct,energy_supply,institutional,political_acceptability,B,neutral,,CL,,,IPCC verdict is 'neutral' for this indicator — provides no directional evidence; the cell contributes 0 to the dimension score.
icare_0023,Smart grids,direct,energy_supply,institutional,institutional_capacity,A,barrier,employment_agriculture_utilities,CL,positive,energy_supply,Cities with higher employment_agriculture_utilities have stronger feasibility for 'institutional_capacity' (institutional dimension). Bridge applies to 'energy_supply' sector. IPCC base verdict: barrier.
icare_0023,Smart grids,direct,energy_supply,institutional,transparency_accountability,A,barrier,,CL,,,IPCC verdict is 'barrier' but no city-level data bridge is defined for 'transparency_accountability' at sector scope 'energy_supply'; the IPCC prior is used unmodified.
icare_0023,Smart grids,direct,energy_supply,socio_cultural,social_co_benefits,C,supportive,,CL,,,IPCC verdict is 'supportive' but no city-level data bridge is defined for 'social_co_benefits' at sector scope 'energy_supply'; the IPCC prior is used unmodified.
icare_0023,Smart grids,direct,energy_supply,socio_cultural,public_acceptance,B,neutral,,CL,,,IPCC verdict is 'neutral' for this indicator — provides no directional evidence; the cell contributes 0 to the dimension score.
icare_0023,Smart grids,direct,energy_supply,socio_cultural,inclusiveness,C,supportive,poverty_rate,CL,negative,all,Cities with higher poverty_rate have weaker feasibility for 'inclusiveness' (socio_cultural dimension). Bridge applies to 'all' sector. IPCC base verdict: supportive.
icare_0023,Smart grids,direct,energy_supply,socio_cultural,inclusiveness,C,supportive,disability_prevalence,CL,negative,all,Cities with higher disability_prevalence have weaker feasibility for 'inclusiveness' (socio_cultural dimension). Bridge applies to 'all' sector. IPCC base verdict: supportive.
icare_0023,Smart grids,direct,energy_supply,socio_cultural,inclusiveness,C,supportive,indigenous_identification_rate,CL,negative,all,Cities with higher indigenous_identification_rate have weaker feasibility for 'inclusiveness' (socio_cultural dimension). Bridge applies to 'all' sector. IPCC base verdict: supportive.
icare_0023,Smart grids,direct,energy_supply,socio_cultural,intergenerational_equity,C,supportive,,CL,,,IPCC verdict is 'supportive' but no city-level data bridge is defined for 'intergenerational_equity' at sector scope 'energy_supply'; the IPCC prior is used unmodified.
icare_0023,Smart grids,direct,energy_supply,socio_cultural,human_capabilities,A,barrier,mean_years_schooling,CL,positive,all,Cities with higher mean_years_schooling have stronger feasibility for 'human_capabilities' (socio_cultural dimension). Bridge applies to 'all' sector. IPCC base verdict: barrier.
icare_0023,Smart grids,direct,energy_supply,socio_cultural,human_capabilities,A,barrier,literacy_rate,CL,positive,all,Cities with higher literacy_rate have stronger feasibility for 'human_capabilities' (socio_cultural dimension). Bridge applies to 'all' sector. IPCC base verdict: barrier.
icare_0023,Smart grids,direct,energy_supply,environmental,air_pollution,C,supportive,,CL,,,IPCC verdict is 'supportive' but no city-level data bridge is defined for 'air_pollution' at sector scope 'energy_supply'; the IPCC prior is used unmodified.
icare_0023,Smart grids,direct,energy_supply,environmental,toxic_waste,B,neutral,,CL,,,IPCC verdict is 'neutral' for this indicator — provides no directional evidence; the cell contributes 0 to the dimension score.
icare_0023,Smart grids,direct,energy_supply,environmental,water_use,C,supportive,,CL,,,IPCC verdict is 'supportive' but no city-level data bridge is defined for 'water_use' at sector scope 'energy_supply'; the IPCC prior is used unmodified.
icare_0023,Smart grids,direct,energy_supply,environmental,biodiversity,C,supportive,,CL,,,IPCC verdict is 'supportive' but no city-level data bridge is defined for 'biodiversity' at sector scope 'energy_supply'; the IPCC prior is used unmodified.
icare_0023,Smart grids,direct,energy_supply,geophysical,physical_feasibility,C,supportive,silviculture_share,CL,positive,energy_supply,Cities with higher silviculture_share have stronger feasibility for 'physical_feasibility' (geophysical dimension). Bridge applies to 'energy_supply' sector. IPCC base verdict: supportive.
icare_0023,Smart grids,direct,energy_supply,geophysical,physical_feasibility,C,supportive,urban_built_share,CL,positive,energy_supply,Cities with higher urban_built_share have stronger feasibility for 'physical_feasibility' (geophysical dimension). Bridge applies to 'energy_supply' sector. IPCC base verdict: supportive.
icare_0023,Smart grids,direct,energy_supply,geophysical,limited_scarce_resources,B,neutral,,CL,,,IPCC verdict is 'neutral' for this indicator — provides no directional evidence; the cell contributes 0 to the dimension score.
icare_0023,Smart grids,direct,energy_supply,geophysical,global_spread,B,neutral,,CL,,,IPCC verdict is 'neutral' for this indicator — provides no directional evidence; the cell contributes 0 to the dimension score.
icare_0024,Solar PV,weak,energy_supply,economic,cost-effectiveness,C,supportive,median_household_income,CL,positive,all,Cities with higher median_household_income have stronger feasibility for 'cost-effectiveness' (economic dimension). Bridge applies to 'all' sector. IPCC base verdict: supportive.
icare_0024,Solar PV,weak,energy_supply,economic,cost-effectiveness,C,supportive,poverty_rate,CL,negative,all,Cities with higher poverty_rate have weaker feasibility for 'cost-effectiveness' (economic dimension). Bridge applies to 'all' sector. IPCC base verdict: supportive.
icare_0024,Solar PV,weak,energy_supply,economic,distributional_effects,C,supportive,poverty_rate,CL,negative,all,Cities with higher poverty_rate have weaker feasibility for 'distributional_effects' (economic dimension). Bridge applies to 'all' sector. IPCC base verdict: supportive.
icare_0024,Solar PV,weak,energy_supply,economic,employment_productivity,C,supportive,unemployment_rate,CL,positive,all,Cities with higher unemployment_rate have stronger feasibility for 'employment_productivity' (economic dimension). Bridge applies to 'all' sector. IPCC base verdict: supportive.
icare_0024,Solar PV,weak,energy_supply,technological,maturity,C,supportive,,CL,,,IPCC verdict is 'supportive' but no city-level data bridge is defined for 'maturity' at sector scope 'energy_supply'; the IPCC prior is used unmodified.
icare_0024,Solar PV,weak,energy_supply,technological,simplicity,C,supportive,,CL,,,IPCC verdict is 'supportive' but no city-level data bridge is defined for 'simplicity' at sector scope 'energy_supply'; the IPCC prior is used unmodified.
icare_0024,Solar PV,weak,energy_supply,technological,absence_of_risk,C,supportive,,CL,,,IPCC verdict is 'supportive' but no city-level data bridge is defined for 'absence_of_risk' at sector scope 'energy_supply'; the IPCC prior is used unmodified.
icare_0024,Solar PV,weak,energy_supply,institutional,political_acceptability,B,neutral,,CL,,,IPCC verdict is 'neutral' for this indicator — provides no directional evidence; the cell contributes 0 to the dimension score.
icare_0024,Solar PV,weak,energy_supply,institutional,institutional_capacity,B,neutral,,CL,,,IPCC verdict is 'neutral' for this indicator — provides no directional evidence; the cell contributes 0 to the dimension score.
icare_0024,Solar PV,weak,energy_supply,institutional,transparency_accountability,C,supportive,,CL,,,IPCC verdict is 'supportive' but no city-level data bridge is defined for 'transparency_accountability' at sector scope 'energy_supply'; the IPCC prior is used unmodified.
icare_0024,Solar PV,weak,energy_supply,socio_cultural,social_co_benefits,C,supportive,,CL,,,IPCC verdict is 'supportive' but no city-level data bridge is defined for 'social_co_benefits' at sector scope 'energy_supply'; the IPCC prior is used unmodified.
icare_0024,Solar PV,weak,energy_supply,socio_cultural,public_acceptance,C,supportive,,CL,,,IPCC verdict is 'supportive' but no city-level data bridge is defined for 'public_acceptance' at sector scope 'energy_supply'; the IPCC prior is used unmodified.
icare_0024,Solar PV,weak,energy_supply,socio_cultural,inclusiveness,B,neutral,,CL,,,IPCC verdict is 'neutral' for this indicator — provides no directional evidence; the cell contributes 0 to the dimension score.
icare_0024,Solar PV,weak,energy_supply,socio_cultural,intergenerational_equity,C,supportive,,CL,,,IPCC verdict is 'supportive' but no city-level data bridge is defined for 'intergenerational_equity' at sector scope 'energy_supply'; the IPCC prior is used unmodified.
icare_0024,Solar PV,weak,energy_supply,socio_cultural,human_capabilities,B,neutral,,CL,,,IPCC verdict is 'neutral' for this indicator — provides no directional evidence; the cell contributes 0 to the dimension score.
icare_0024,Solar PV,weak,energy_supply,environmental,air_pollution,C,supportive,,CL,,,IPCC verdict is 'supportive' but no city-level data bridge is defined for 'air_pollution' at sector scope 'energy_supply'; the IPCC prior is used unmodified.
icare_0024,Solar PV,weak,energy_supply,environmental,toxic_waste,B,neutral,,CL,,,IPCC verdict is 'neutral' for this indicator — provides no directional evidence; the cell contributes 0 to the dimension score.
icare_0024,Solar PV,weak,energy_supply,environmental,water_use,C,supportive,,CL,,,IPCC verdict is 'supportive' but no city-level data bridge is defined for 'water_use' at sector scope 'energy_supply'; the IPCC prior is used unmodified.
icare_0024,Solar PV,weak,energy_supply,environmental,biodiversity,C,supportive,,CL,,,IPCC verdict is 'supportive' but no city-level data bridge is defined for 'biodiversity' at sector scope 'energy_supply'; the IPCC prior is used unmodified.
icare_0024,Solar PV,weak,energy_supply,geophysical,physical_feasibility,C,supportive,silviculture_share,CL,positive,energy_supply,Cities with higher silviculture_share have stronger feasibility for 'physical_feasibility' (geophysical dimension). Bridge applies to 'energy_supply' sector. IPCC base verdict: supportive.
icare_0024,Solar PV,weak,energy_supply,geophysical,physical_feasibility,C,supportive,urban_built_share,CL,positive,energy_supply,Cities with higher urban_built_share have stronger feasibility for 'physical_feasibility' (geophysical dimension). Bridge applies to 'energy_supply' sector. IPCC base verdict: supportive.
icare_0024,Solar PV,weak,energy_supply,geophysical,limited_land_use,B,neutral,,CL,,,IPCC verdict is 'neutral' for this indicator — provides no directional evidence; the cell contributes 0 to the dimension score.
icare_0024,Solar PV,weak,energy_supply,geophysical,limited_scarce_resources,B,neutral,,CL,,,IPCC verdict is 'neutral' for this indicator — provides no directional evidence; the cell contributes 0 to the dimension score.
icare_0025,Efficient appliances,direct,buildings,economic,cost-effectiveness,C,supportive,median_household_income,CL,positive,all,Cities with higher median_household_income have stronger feasibility for 'cost-effectiveness' (economic dimension). Bridge applies to 'all' sector. IPCC base verdict: supportive.
icare_0025,Efficient appliances,direct,buildings,economic,cost-effectiveness,C,supportive,poverty_rate,CL,negative,all,Cities with higher poverty_rate have weaker feasibility for 'cost-effectiveness' (economic dimension). Bridge applies to 'all' sector. IPCC base verdict: supportive.
icare_0025,Efficient appliances,direct,buildings,economic,distributional_effects,B,neutral,,CL,,,IPCC verdict is 'neutral' for this indicator — provides no directional evidence; the cell contributes 0 to the dimension score.
icare_0025,Efficient appliances,direct,buildings,economic,employment_productivity,B,neutral,,CL,,,IPCC verdict is 'neutral' for this indicator — provides no directional evidence; the cell contributes 0 to the dimension score.
icare_0025,Efficient appliances,direct,buildings,technological,technical_scalability,C,supportive,electricity_access_rate,CL,positive,buildings,Cities with higher electricity_access_rate have stronger feasibility for 'technical_scalability' (technological dimension). Bridge applies to 'buildings' sector. IPCC base verdict: supportive.
icare_0025,Efficient appliances,direct,buildings,technological,technical_scalability,C,supportive,fixed_internet_household_share,CL,positive,buildings,Cities with higher fixed_internet_household_share have stronger feasibility for 'technical_scalability' (technological dimension). Bridge applies to 'buildings' sector. IPCC base verdict: supportive.
icare_0025,Efficient appliances,direct,buildings,technological,maturity,C,supportive,,CL,,,IPCC verdict is 'supportive' but no city-level data bridge is defined for 'maturity' at sector scope 'buildings'; the IPCC prior is used unmodified.
icare_0025,Efficient appliances,direct,buildings,technological,simplicity,C,supportive,,CL,,,IPCC verdict is 'supportive' but no city-level data bridge is defined for 'simplicity' at sector scope 'buildings'; the IPCC prior is used unmodified.
icare_0025,Efficient appliances,direct,buildings,institutional,political_acceptability,C,supportive,,CL,,,IPCC verdict is 'supportive' but no city-level data bridge is defined for 'political_acceptability' at sector scope 'buildings'; the IPCC prior is used unmodified.
icare_0025,Efficient appliances,direct,buildings,institutional,institutional_capacity,B,neutral,,CL,,,IPCC verdict is 'neutral' for this indicator — provides no directional evidence; the cell contributes 0 to the dimension score.
icare_0025,Efficient appliances,direct,buildings,socio_cultural,social_co_benefits,C,supportive,,CL,,,IPCC verdict is 'supportive' but no city-level data bridge is defined for 'social_co_benefits' at sector scope 'buildings'; the IPCC prior is used unmodified.
icare_0025,Efficient appliances,direct,buildings,technological,absence_of_risk,NE,no evidence,,CL,,,IPCC verdict is 'no evidence' for this indicator — provides no directional evidence; the cell contributes 0 to the dimension score.
icare_0025,Efficient appliances,direct,buildings,institutional,transparency_accountability,LE,limited evidence,,CL,,,IPCC verdict is 'limited evidence' for this indicator — provides no directional evidence; the cell contributes 0 to the dimension score.
icare_0025,Efficient appliances,direct,buildings,socio_cultural,public_acceptance,C,supportive,home_ownership,CL,positive,buildings,Cities with higher home_ownership have stronger feasibility for 'public_acceptance' (socio_cultural dimension). Bridge applies to 'buildings' sector. IPCC base verdict: supportive.
icare_0025,Efficient appliances,direct,buildings,socio_cultural,public_acceptance,C,supportive,renter_share,CL,negative,buildings,Cities with higher renter_share have weaker feasibility for 'public_acceptance' (socio_cultural dimension). Bridge applies to 'buildings' sector. IPCC base verdict: supportive.
icare_0025,Efficient appliances,direct,buildings,socio_cultural,inclusiveness,B,neutral,,CL,,,IPCC verdict is 'neutral' for this indicator — provides no directional evidence; the cell contributes 0 to the dimension score.
icare_0025,Efficient appliances,direct,buildings,environmental,air_pollution,C,supportive,,CL,,,IPCC verdict is 'supportive' but no city-level data bridge is defined for 'air_pollution' at sector scope 'buildings'; the IPCC prior is used unmodified.
icare_0025,Efficient appliances,direct,buildings,environmental,toxic_waste,C,supportive,,CL,,,IPCC verdict is 'supportive' but no city-level data bridge is defined for 'toxic_waste' at sector scope 'buildings'; the IPCC prior is used unmodified.
icare_0025,Efficient appliances,direct,buildings,environmental,water_use,C,supportive,,CL,,,IPCC verdict is 'supportive' but no city-level data bridge is defined for 'water_use' at sector scope 'buildings'; the IPCC prior is used unmodified.
icare_0025,Efficient appliances,direct,buildings,geophysical,physical_feasibility,C,supportive,urban_built_share,CL,positive,buildings,Cities with higher urban_built_share have stronger feasibility for 'physical_feasibility' (geophysical dimension). Bridge applies to 'buildings' sector. IPCC base verdict: supportive.
icare_0025,Efficient appliances,direct,buildings,geophysical,limited_scarce_resources,LE,limited evidence,,CL,,,IPCC verdict is 'limited evidence' for this indicator — provides no directional evidence; the cell contributes 0 to the dimension score.
icare_0028,Low/zero-energy buildings,direct,buildings,economic,cost-effectiveness,C,supportive,median_household_income,CL,positive,all,Cities with higher median_household_income have stronger feasibility for 'cost-effectiveness' (economic dimension). Bridge applies to 'all' sector. IPCC base verdict: supportive.
icare_0028,Low/zero-energy buildings,direct,buildings,economic,cost-effectiveness,C,supportive,poverty_rate,CL,negative,all,Cities with higher poverty_rate have weaker feasibility for 'cost-effectiveness' (economic dimension). Bridge applies to 'all' sector. IPCC base verdict: supportive.
icare_0028,Low/zero-energy buildings,direct,buildings,economic,distributional_effects,C,supportive,poverty_rate,CL,negative,all,Cities with higher poverty_rate have weaker feasibility for 'distributional_effects' (economic dimension). Bridge applies to 'all' sector. IPCC base verdict: supportive.
icare_0028,Low/zero-energy buildings,direct,buildings,economic,distributional_effects,C,supportive,home_ownership,CL,positive,buildings,Cities with higher home_ownership have stronger feasibility for 'distributional_effects' (economic dimension). Bridge applies to 'buildings' sector. IPCC base verdict: supportive.
icare_0028,Low/zero-energy buildings,direct,buildings,economic,distributional_effects,C,supportive,renter_share,CL,negative,buildings,Cities with higher renter_share have weaker feasibility for 'distributional_effects' (economic dimension). Bridge applies to 'buildings' sector. IPCC base verdict: supportive.
icare_0028,Low/zero-energy buildings,direct,buildings,economic,employment_productivity,C,supportive,unemployment_rate,CL,positive,all,Cities with higher unemployment_rate have stronger feasibility for 'employment_productivity' (economic dimension). Bridge applies to 'all' sector. IPCC base verdict: supportive.
icare_0028,Low/zero-energy buildings,direct,buildings,economic,employment_productivity,C,supportive,industry_construction_employment,CL,positive,buildings,Cities with higher industry_construction_employment have stronger feasibility for 'employment_productivity' (economic dimension). Bridge applies to 'buildings' sector. IPCC base verdict: supportive.
icare_0028,Low/zero-energy buildings,direct,buildings,technological,technical_scalability,C,supportive,electricity_access_rate,CL,positive,buildings,Cities with higher electricity_access_rate have stronger feasibility for 'technical_scalability' (technological dimension). Bridge applies to 'buildings' sector. IPCC base verdict: supportive.
icare_0028,Low/zero-energy buildings,direct,buildings,technological,technical_scalability,C,supportive,fixed_internet_household_share,CL,positive,buildings,Cities with higher fixed_internet_household_share have stronger feasibility for 'technical_scalability' (technological dimension). Bridge applies to 'buildings' sector. IPCC base verdict: supportive.
icare_0028,Low/zero-energy buildings,direct,buildings,technological,maturity,B,neutral,,CL,,,IPCC verdict is 'neutral' for this indicator — provides no directional evidence; the cell contributes 0 to the dimension score.
icare_0028,Low/zero-energy buildings,direct,buildings,institutional,political_acceptability,C,supportive,,CL,,,IPCC verdict is 'supportive' but no city-level data bridge is defined for 'political_acceptability' at sector scope 'buildings'; the IPCC prior is used unmodified.
icare_0028,Low/zero-energy buildings,direct,buildings,institutional,institutional_capacity,B,neutral,,CL,,,IPCC verdict is 'neutral' for this indicator — provides no directional evidence; the cell contributes 0 to the dimension score.
icare_0028,Low/zero-energy buildings,direct,buildings,socio_cultural,social_co_benefits,B,neutral,,CL,,,IPCC verdict is 'neutral' for this indicator — provides no directional evidence; the cell contributes 0 to the dimension score.
icare_0028,Low/zero-energy buildings,direct,buildings,technological,simplicity,LE,limited evidence,,CL,,,IPCC verdict is 'limited evidence' for this indicator — provides no directional evidence; the cell contributes 0 to the dimension score.
icare_0028,Low/zero-energy buildings,direct,buildings,technological,absence_of_risk,NE,no evidence,,CL,,,IPCC verdict is 'no evidence' for this indicator — provides no directional evidence; the cell contributes 0 to the dimension score.
icare_0028,Low/zero-energy buildings,direct,buildings,institutional,transparency_accountability,LE,limited evidence,,CL,,,IPCC verdict is 'limited evidence' for this indicator — provides no directional evidence; the cell contributes 0 to the dimension score.
icare_0028,Low/zero-energy buildings,direct,buildings,environmental,air_pollution,B,neutral,,CL,,,IPCC verdict is 'neutral' for this indicator — provides no directional evidence; the cell contributes 0 to the dimension score.
icare_0028,Low/zero-energy buildings,direct,buildings,environmental,toxic_waste,C,supportive,,CL,,,IPCC verdict is 'supportive' but no city-level data bridge is defined for 'toxic_waste' at sector scope 'buildings'; the IPCC prior is used unmodified.
icare_0028,Low/zero-energy buildings,direct,buildings,environmental,water_use,C,supportive,,CL,,,IPCC verdict is 'supportive' but no city-level data bridge is defined for 'water_use' at sector scope 'buildings'; the IPCC prior is used unmodified.
icare_0028,Low/zero-energy buildings,direct,buildings,geophysical,physical_feasibility,C,supportive,urban_built_share,CL,positive,buildings,Cities with higher urban_built_share have stronger feasibility for 'physical_feasibility' (geophysical dimension). Bridge applies to 'buildings' sector. IPCC base verdict: supportive.
icare_0028,Low/zero-energy buildings,direct,buildings,socio_cultural,public_acceptance,NE,no evidence,,CL,,,IPCC verdict is 'no evidence' for this indicator — provides no directional evidence; the cell contributes 0 to the dimension score.
icare_0028,Low/zero-energy buildings,direct,buildings,socio_cultural,inclusiveness,NE,no evidence,,CL,,,IPCC verdict is 'no evidence' for this indicator — provides no directional evidence; the cell contributes 0 to the dimension score.
icare_0028,Low/zero-energy buildings,direct,buildings,socio_cultural,human_capabilities,NE,no evidence,,CL,,,IPCC verdict is 'no evidence' for this indicator — provides no directional evidence; the cell contributes 0 to the dimension score.
icare_0031,Reduced food wastage,direct,waste,economic,cost-effectiveness,C,supportive,median_household_income,CL,positive,all,Cities with higher median_household_income have stronger feasibility for 'cost-effectiveness' (economic dimension). Bridge applies to 'all' sector. IPCC base verdict: supportive.
icare_0031,Reduced food wastage,direct,waste,economic,cost-effectiveness,C,supportive,poverty_rate,CL,negative,all,Cities with higher poverty_rate have weaker feasibility for 'cost-effectiveness' (economic dimension). Bridge applies to 'all' sector. IPCC base verdict: supportive.
icare_0031,Reduced food wastage,direct,waste,economic,distributional_effects,B,neutral,,CL,,,IPCC verdict is 'neutral' for this indicator — provides no directional evidence; the cell contributes 0 to the dimension score.
icare_0031,Reduced food wastage,direct,waste,economic,employment_productivity,B,neutral,,CL,,,IPCC verdict is 'neutral' for this indicator — provides no directional evidence; the cell contributes 0 to the dimension score.
icare_0031,Reduced food wastage,direct,waste,technological,technical_scalability,B,neutral,,CL,,,IPCC verdict is 'neutral' for this indicator — provides no directional evidence; the cell contributes 0 to the dimension score.
icare_0031,Reduced food wastage,direct,waste,technological,absence_of_risk,C,supportive,,CL,,,IPCC verdict is 'supportive' but no city-level data bridge is defined for 'absence_of_risk' at sector scope 'waste'; the IPCC prior is used unmodified.
icare_0031,Reduced food wastage,direct,waste,institutional,political_acceptability,C,supportive,,CL,,,IPCC verdict is 'supportive' but no city-level data bridge is defined for 'political_acceptability' at sector scope 'waste'; the IPCC prior is used unmodified.
icare_0031,Reduced food wastage,direct,waste,technological,maturity,NE,no evidence,,CL,,,IPCC verdict is 'no evidence' for this indicator — provides no directional evidence; the cell contributes 0 to the dimension score.
icare_0031,Reduced food wastage,direct,waste,technological,simplicity,NE,no evidence,,CL,,,IPCC verdict is 'no evidence' for this indicator — provides no directional evidence; the cell contributes 0 to the dimension score.
icare_0031,Reduced food wastage,direct,waste,institutional,institutional_capacity,C,supportive,,CL,,,IPCC verdict is 'supportive' but no city-level data bridge is defined for 'institutional_capacity' at sector scope 'waste'; the IPCC prior is used unmodified.
icare_0031,Reduced food wastage,direct,waste,institutional,transparency_accountability,C,supportive,,CL,,,IPCC verdict is 'supportive' but no city-level data bridge is defined for 'transparency_accountability' at sector scope 'waste'; the IPCC prior is used unmodified.
icare_0031,Reduced food wastage,direct,waste,socio_cultural,social_co_benefits,C,supportive,,CL,,,IPCC verdict is 'supportive' but no city-level data bridge is defined for 'social_co_benefits' at sector scope 'waste'; the IPCC prior is used unmodified.
icare_0031,Reduced food wastage,direct,waste,socio_cultural,public_acceptance,B,neutral,,CL,,,IPCC verdict is 'neutral' for this indicator — provides no directional evidence; the cell contributes 0 to the dimension score.
icare_0031,Reduced food wastage,direct,waste,socio_cultural,inclusiveness,B,neutral,,CL,,,IPCC verdict is 'neutral' for this indicator — provides no directional evidence; the cell contributes 0 to the dimension score.
icare_0031,Reduced food wastage,direct,waste,socio_cultural,intergenerational_equity,B,neutral,,CL,,,IPCC verdict is 'neutral' for this indicator — provides no directional evidence; the cell contributes 0 to the dimension score.
icare_0031,Reduced food wastage,direct,waste,socio_cultural,human_capabilities,C,supportive,mean_years_schooling,CL,positive,all,Cities with higher mean_years_schooling have stronger feasibility for 'human_capabilities' (socio_cultural dimension). Bridge applies to 'all' sector. IPCC base verdict: supportive.
icare_0031,Reduced food wastage,direct,waste,socio_cultural,human_capabilities,C,supportive,literacy_rate,CL,positive,all,Cities with higher literacy_rate have stronger feasibility for 'human_capabilities' (socio_cultural dimension). Bridge applies to 'all' sector. IPCC base verdict: supportive.
icare_0031,Reduced food wastage,direct,waste,environmental,air_pollution,C,supportive,,CL,,,IPCC verdict is 'supportive' but no city-level data bridge is defined for 'air_pollution' at sector scope 'waste'; the IPCC prior is used unmodified.
icare_0031,Reduced food wastage,direct,waste,environmental,water_use,C,supportive,,CL,,,IPCC verdict is 'supportive' but no city-level data bridge is defined for 'water_use' at sector scope 'waste'; the IPCC prior is used unmodified.
icare_0031,Reduced food wastage,direct,waste,environmental,biodiversity,C,supportive,,CL,,,IPCC verdict is 'supportive' but no city-level data bridge is defined for 'biodiversity' at sector scope 'waste'; the IPCC prior is used unmodified.
icare_0031,Reduced food wastage,direct,waste,geophysical,physical_feasibility,C,supportive,,CL,,,IPCC verdict is 'supportive' but no city-level data bridge is defined for 'physical_feasibility' at sector scope 'waste'; the IPCC prior is used unmodified.
icare_0031,Reduced food wastage,direct,waste,environmental,toxic_waste,NE,no evidence,,CL,,,IPCC verdict is 'no evidence' for this indicator — provides no directional evidence; the cell contributes 0 to the dimension score.
icare_0031,Reduced food wastage,direct,waste,geophysical,limited_land_use,C,supportive,,CL,,,IPCC verdict is 'supportive' but no city-level data bridge is defined for 'limited_land_use' at sector scope 'waste'; the IPCC prior is used unmodified.
icare_0031,Reduced food wastage,direct,waste,geophysical,global_spread,LE,limited evidence,,CL,,,IPCC verdict is 'limited evidence' for this indicator — provides no directional evidence; the cell contributes 0 to the dimension score.
icare_0033,Bioenergy,weak,energy_supply,economic,cost-effectiveness,B,neutral,,CL,,,IPCC verdict is 'neutral' for this indicator — provides no directional evidence; the cell contributes 0 to the dimension score.
icare_0033,Bioenergy,weak,energy_supply,economic,distributional_effects,B,neutral,,CL,,,IPCC verdict is 'neutral' for this indicator — provides no directional evidence; the cell contributes 0 to the dimension score.
icare_0033,Bioenergy,weak,energy_supply,economic,employment_productivity,C,supportive,unemployment_rate,CL,positive,all,Cities with higher unemployment_rate have stronger feasibility for 'employment_productivity' (economic dimension). Bridge applies to 'all' sector. IPCC base verdict: supportive.
icare_0033,Bioenergy,weak,energy_supply,technological,maturity,C,supportive,,CL,,,IPCC verdict is 'supportive' but no city-level data bridge is defined for 'maturity' at sector scope 'energy_supply'; the IPCC prior is used unmodified.
icare_0033,Bioenergy,weak,energy_supply,technological,simplicity,C,supportive,,CL,,,IPCC verdict is 'supportive' but no city-level data bridge is defined for 'simplicity' at sector scope 'energy_supply'; the IPCC prior is used unmodified.
icare_0033,Bioenergy,weak,energy_supply,technological,absence_of_risk,C,supportive,,CL,,,IPCC verdict is 'supportive' but no city-level data bridge is defined for 'absence_of_risk' at sector scope 'energy_supply'; the IPCC prior is used unmodified.
icare_0033,Bioenergy,weak,energy_supply,institutional,political_acceptability,B,neutral,,CL,,,IPCC verdict is 'neutral' for this indicator — provides no directional evidence; the cell contributes 0 to the dimension score.
icare_0033,Bioenergy,weak,energy_supply,institutional,transparency_accountability,A,barrier,,CL,,,IPCC verdict is 'barrier' but no city-level data bridge is defined for 'transparency_accountability' at sector scope 'energy_supply'; the IPCC prior is used unmodified.
icare_0033,Bioenergy,weak,energy_supply,institutional,institutional_capacity,LE,limited evidence,,CL,,,IPCC verdict is 'limited evidence' for this indicator — provides no directional evidence; the cell contributes 0 to the dimension score.
icare_0033,Bioenergy,weak,energy_supply,socio_cultural,social_co_benefits,B,neutral,,CL,,,IPCC verdict is 'neutral' for this indicator — provides no directional evidence; the cell contributes 0 to the dimension score.
icare_0033,Bioenergy,weak,energy_supply,socio_cultural,public_acceptance,A,barrier,,CL,,,IPCC verdict is 'barrier' but no city-level data bridge is defined for 'public_acceptance' at sector scope 'energy_supply'; the IPCC prior is used unmodified.
icare_0033,Bioenergy,weak,energy_supply,socio_cultural,inclusiveness,B,neutral,,CL,,,IPCC verdict is 'neutral' for this indicator — provides no directional evidence; the cell contributes 0 to the dimension score.
icare_0033,Bioenergy,weak,energy_supply,socio_cultural,intergenerational_equity,NE,no evidence,,CL,,,IPCC verdict is 'no evidence' for this indicator — provides no directional evidence; the cell contributes 0 to the dimension score.
icare_0033,Bioenergy,weak,energy_supply,socio_cultural,human_capabilities,NE,no evidence,,CL,,,IPCC verdict is 'no evidence' for this indicator — provides no directional evidence; the cell contributes 0 to the dimension score.
icare_0033,Bioenergy,weak,energy_supply,environmental,air_pollution,LE,limited evidence,,CL,,,IPCC verdict is 'limited evidence' for this indicator — provides no directional evidence; the cell contributes 0 to the dimension score.
icare_0033,Bioenergy,weak,energy_supply,environmental,toxic_waste,NE,no evidence,,CL,,,IPCC verdict is 'no evidence' for this indicator — provides no directional evidence; the cell contributes 0 to the dimension score.
icare_0033,Bioenergy,weak,energy_supply,environmental,water_use,A,barrier,,CL,,,IPCC verdict is 'barrier' but no city-level data bridge is defined for 'water_use' at sector scope 'energy_supply'; the IPCC prior is used unmodified.
icare_0033,Bioenergy,weak,energy_supply,environmental,biodiversity,B,neutral,,CL,,,IPCC verdict is 'neutral' for this indicator — provides no directional evidence; the cell contributes 0 to the dimension score.
icare_0033,Bioenergy,weak,energy_supply,geophysical,physical_feasibility,B,neutral,,CL,,,IPCC verdict is 'neutral' for this indicator — provides no directional evidence; the cell contributes 0 to the dimension score.
icare_0033,Bioenergy,weak,energy_supply,geophysical,limited_land_use,A,barrier,,CL,,,IPCC verdict is 'barrier' but no city-level data bridge is defined for 'limited_land_use' at sector scope 'energy_supply'; the IPCC prior is used unmodified.
icare_0034,Energy efficiency,direct,industrial,economic,cost-effectiveness,C,supportive,median_household_income,CL,positive,all,Cities with higher median_household_income have stronger feasibility for 'cost-effectiveness' (economic dimension). Bridge applies to 'all' sector. IPCC base verdict: supportive.
icare_0034,Energy efficiency,direct,industrial,economic,cost-effectiveness,C,supportive,poverty_rate,CL,negative,all,Cities with higher poverty_rate have weaker feasibility for 'cost-effectiveness' (economic dimension). Bridge applies to 'all' sector. IPCC base verdict: supportive.
icare_0034,Energy efficiency,direct,industrial,economic,employment_productivity,B,neutral,,CL,,,IPCC verdict is 'neutral' for this indicator — provides no directional evidence; the cell contributes 0 to the dimension score.
icare_0034,Energy efficiency,direct,industrial,technological,technical_scalability,C,supportive,,CL,,,IPCC verdict is 'supportive' but no city-level data bridge is defined for 'technical_scalability' at sector scope 'industrial'; the IPCC prior is used unmodified.
icare_0034,Energy efficiency,direct,industrial,technological,maturity,C,supportive,,CL,,,IPCC verdict is 'supportive' but no city-level data bridge is defined for 'maturity' at sector scope 'industrial'; the IPCC prior is used unmodified.
icare_0034,Energy efficiency,direct,industrial,technological,simplicity,B,neutral,,CL,,,IPCC verdict is 'neutral' for this indicator — provides no directional evidence; the cell contributes 0 to the dimension score.
icare_0034,Energy efficiency,direct,industrial,economic,distributional_effects,LE,limited evidence,,CL,,,IPCC verdict is 'limited evidence' for this indicator — provides no directional evidence; the cell contributes 0 to the dimension score.
icare_0034,Energy efficiency,direct,industrial,institutional,political_acceptability,C,supportive,,CL,,,IPCC verdict is 'supportive' but no city-level data bridge is defined for 'political_acceptability' at sector scope 'industrial'; the IPCC prior is used unmodified.
icare_0034,Energy efficiency,direct,industrial,institutional,legal_admin_acceptability,C,supportive,,CL,,,IPCC verdict is 'supportive' but no city-level data bridge is defined for 'legal_admin_acceptability' at sector scope 'industrial'; the IPCC prior is used unmodified.
icare_0034,Energy efficiency,direct,industrial,institutional,institutional_capacity,B,neutral,,CL,,,IPCC verdict is 'neutral' for this indicator — provides no directional evidence; the cell contributes 0 to the dimension score.
icare_0034,Energy efficiency,direct,industrial,socio_cultural,public_acceptance,C,supportive,,CL,,,IPCC verdict is 'supportive' but no city-level data bridge is defined for 'public_acceptance' at sector scope 'industrial'; the IPCC prior is used unmodified.
icare_0034,Energy efficiency,direct,industrial,socio_cultural,human_capabilities,B,neutral,,CL,,,IPCC verdict is 'neutral' for this indicator — provides no directional evidence; the cell contributes 0 to the dimension score.
icare_0034,Energy efficiency,direct,industrial,environmental,air_pollution,C,supportive,,CL,,,IPCC verdict is 'supportive' but no city-level data bridge is defined for 'air_pollution' at sector scope 'industrial'; the IPCC prior is used unmodified.
icare_0034,Energy efficiency,direct,industrial,environmental,water_use,B,neutral,,CL,,,IPCC verdict is 'neutral' for this indicator — provides no directional evidence; the cell contributes 0 to the dimension score.
icare_0034,Energy efficiency,direct,industrial,geophysical,physical_feasibility,B,neutral,,CL,,,IPCC verdict is 'neutral' for this indicator — provides no directional evidence; the cell contributes 0 to the dimension score.
icare_0034,Energy efficiency,direct,industrial,environmental,toxic_waste,NE,no evidence,,CL,,,IPCC verdict is 'no evidence' for this indicator — provides no directional evidence; the cell contributes 0 to the dimension score.
icare_0034,Energy efficiency,direct,industrial,environmental,biodiversity,NE,no evidence,,CL,,,IPCC verdict is 'no evidence' for this indicator — provides no directional evidence; the cell contributes 0 to the dimension score.
icare_0034,Energy efficiency,direct,industrial,geophysical,global_spread,C,supportive,urban_built_share,CL,positive,industrial,Cities with higher urban_built_share have stronger feasibility for 'global_spread' (geophysical dimension). Bridge applies to 'industrial' sector. IPCC base verdict: supportive.
icare_0035,Energy efficiency,direct,industrial,economic,cost-effectiveness,C,supportive,median_household_income,CL,positive,all,Cities with higher median_household_income have stronger feasibility for 'cost-effectiveness' (economic dimension). Bridge applies to 'all' sector. IPCC base verdict: supportive.
icare_0035,Energy efficiency,direct,industrial,economic,cost-effectiveness,C,supportive,poverty_rate,CL,negative,all,Cities with higher poverty_rate have weaker feasibility for 'cost-effectiveness' (economic dimension). Bridge applies to 'all' sector. IPCC base verdict: supportive.
icare_0035,Energy efficiency,direct,industrial,economic,employment_productivity,B,neutral,,CL,,,IPCC verdict is 'neutral' for this indicator — provides no directional evidence; the cell contributes 0 to the dimension score.
icare_0035,Energy efficiency,direct,industrial,technological,technical_scalability,C,supportive,,CL,,,IPCC verdict is 'supportive' but no city-level data bridge is defined for 'technical_scalability' at sector scope 'industrial'; the IPCC prior is used unmodified.
icare_0035,Energy efficiency,direct,industrial,technological,maturity,C,supportive,,CL,,,IPCC verdict is 'supportive' but no city-level data bridge is defined for 'maturity' at sector scope 'industrial'; the IPCC prior is used unmodified.
icare_0035,Energy efficiency,direct,industrial,technological,simplicity,B,neutral,,CL,,,IPCC verdict is 'neutral' for this indicator — provides no directional evidence; the cell contributes 0 to the dimension score.
icare_0035,Energy efficiency,direct,industrial,economic,distributional_effects,LE,limited evidence,,CL,,,IPCC verdict is 'limited evidence' for this indicator — provides no directional evidence; the cell contributes 0 to the dimension score.
icare_0035,Energy efficiency,direct,industrial,institutional,political_acceptability,C,supportive,,CL,,,IPCC verdict is 'supportive' but no city-level data bridge is defined for 'political_acceptability' at sector scope 'industrial'; the IPCC prior is used unmodified.
icare_0035,Energy efficiency,direct,industrial,institutional,legal_admin_acceptability,C,supportive,,CL,,,IPCC verdict is 'supportive' but no city-level data bridge is defined for 'legal_admin_acceptability' at sector scope 'industrial'; the IPCC prior is used unmodified.
icare_0035,Energy efficiency,direct,industrial,institutional,institutional_capacity,B,neutral,,CL,,,IPCC verdict is 'neutral' for this indicator — provides no directional evidence; the cell contributes 0 to the dimension score.
icare_0035,Energy efficiency,direct,industrial,socio_cultural,public_acceptance,C,supportive,,CL,,,IPCC verdict is 'supportive' but no city-level data bridge is defined for 'public_acceptance' at sector scope 'industrial'; the IPCC prior is used unmodified.
icare_0035,Energy efficiency,direct,industrial,socio_cultural,human_capabilities,B,neutral,,CL,,,IPCC verdict is 'neutral' for this indicator — provides no directional evidence; the cell contributes 0 to the dimension score.
icare_0035,Energy efficiency,direct,industrial,environmental,air_pollution,C,supportive,,CL,,,IPCC verdict is 'supportive' but no city-level data bridge is defined for 'air_pollution' at sector scope 'industrial'; the IPCC prior is used unmodified.
icare_0035,Energy efficiency,direct,industrial,environmental,water_use,B,neutral,,CL,,,IPCC verdict is 'neutral' for this indicator — provides no directional evidence; the cell contributes 0 to the dimension score.
icare_0035,Energy efficiency,direct,industrial,geophysical,physical_feasibility,B,neutral,,CL,,,IPCC verdict is 'neutral' for this indicator — provides no directional evidence; the cell contributes 0 to the dimension score.
icare_0035,Energy efficiency,direct,industrial,environmental,toxic_waste,NE,no evidence,,CL,,,IPCC verdict is 'no evidence' for this indicator — provides no directional evidence; the cell contributes 0 to the dimension score.
icare_0035,Energy efficiency,direct,industrial,environmental,biodiversity,NE,no evidence,,CL,,,IPCC verdict is 'no evidence' for this indicator — provides no directional evidence; the cell contributes 0 to the dimension score.
icare_0035,Energy efficiency,direct,industrial,geophysical,global_spread,C,supportive,urban_built_share,CL,positive,industrial,Cities with higher urban_built_share have stronger feasibility for 'global_spread' (geophysical dimension). Bridge applies to 'industrial' sector. IPCC base verdict: supportive.
icare_0040,Efficient appliances,direct,buildings,economic,cost-effectiveness,C,supportive,median_household_income,CL,positive,all,Cities with higher median_household_income have stronger feasibility for 'cost-effectiveness' (economic dimension). Bridge applies to 'all' sector. IPCC base verdict: supportive.
icare_0040,Efficient appliances,direct,buildings,economic,cost-effectiveness,C,supportive,poverty_rate,CL,negative,all,Cities with higher poverty_rate have weaker feasibility for 'cost-effectiveness' (economic dimension). Bridge applies to 'all' sector. IPCC base verdict: supportive.
icare_0040,Efficient appliances,direct,buildings,economic,distributional_effects,B,neutral,,CL,,,IPCC verdict is 'neutral' for this indicator — provides no directional evidence; the cell contributes 0 to the dimension score.
icare_0040,Efficient appliances,direct,buildings,economic,employment_productivity,B,neutral,,CL,,,IPCC verdict is 'neutral' for this indicator — provides no directional evidence; the cell contributes 0 to the dimension score.
icare_0040,Efficient appliances,direct,buildings,technological,technical_scalability,C,supportive,electricity_access_rate,CL,positive,buildings,Cities with higher electricity_access_rate have stronger feasibility for 'technical_scalability' (technological dimension). Bridge applies to 'buildings' sector. IPCC base verdict: supportive.
icare_0040,Efficient appliances,direct,buildings,technological,technical_scalability,C,supportive,fixed_internet_household_share,CL,positive,buildings,Cities with higher fixed_internet_household_share have stronger feasibility for 'technical_scalability' (technological dimension). Bridge applies to 'buildings' sector. IPCC base verdict: supportive.
icare_0040,Efficient appliances,direct,buildings,technological,maturity,C,supportive,,CL,,,IPCC verdict is 'supportive' but no city-level data bridge is defined for 'maturity' at sector scope 'buildings'; the IPCC prior is used unmodified.
icare_0040,Efficient appliances,direct,buildings,technological,simplicity,C,supportive,,CL,,,IPCC verdict is 'supportive' but no city-level data bridge is defined for 'simplicity' at sector scope 'buildings'; the IPCC prior is used unmodified.
icare_0040,Efficient appliances,direct,buildings,institutional,political_acceptability,C,supportive,,CL,,,IPCC verdict is 'supportive' but no city-level data bridge is defined for 'political_acceptability' at sector scope 'buildings'; the IPCC prior is used unmodified.
icare_0040,Efficient appliances,direct,buildings,institutional,institutional_capacity,B,neutral,,CL,,,IPCC verdict is 'neutral' for this indicator — provides no directional evidence; the cell contributes 0 to the dimension score.
icare_0040,Efficient appliances,direct,buildings,socio_cultural,social_co_benefits,C,supportive,,CL,,,IPCC verdict is 'supportive' but no city-level data bridge is defined for 'social_co_benefits' at sector scope 'buildings'; the IPCC prior is used unmodified.
icare_0040,Efficient appliances,direct,buildings,technological,absence_of_risk,NE,no evidence,,CL,,,IPCC verdict is 'no evidence' for this indicator — provides no directional evidence; the cell contributes 0 to the dimension score.
icare_0040,Efficient appliances,direct,buildings,institutional,transparency_accountability,LE,limited evidence,,CL,,,IPCC verdict is 'limited evidence' for this indicator — provides no directional evidence; the cell contributes 0 to the dimension score.
icare_0040,Efficient appliances,direct,buildings,socio_cultural,public_acceptance,C,supportive,home_ownership,CL,positive,buildings,Cities with higher home_ownership have stronger feasibility for 'public_acceptance' (socio_cultural dimension). Bridge applies to 'buildings' sector. IPCC base verdict: supportive.
icare_0040,Efficient appliances,direct,buildings,socio_cultural,public_acceptance,C,supportive,renter_share,CL,negative,buildings,Cities with higher renter_share have weaker feasibility for 'public_acceptance' (socio_cultural dimension). Bridge applies to 'buildings' sector. IPCC base verdict: supportive.
icare_0040,Efficient appliances,direct,buildings,socio_cultural,inclusiveness,B,neutral,,CL,,,IPCC verdict is 'neutral' for this indicator — provides no directional evidence; the cell contributes 0 to the dimension score.
icare_0040,Efficient appliances,direct,buildings,environmental,air_pollution,C,supportive,,CL,,,IPCC verdict is 'supportive' but no city-level data bridge is defined for 'air_pollution' at sector scope 'buildings'; the IPCC prior is used unmodified.
icare_0040,Efficient appliances,direct,buildings,environmental,toxic_waste,C,supportive,,CL,,,IPCC verdict is 'supportive' but no city-level data bridge is defined for 'toxic_waste' at sector scope 'buildings'; the IPCC prior is used unmodified.
icare_0040,Efficient appliances,direct,buildings,environmental,water_use,C,supportive,,CL,,,IPCC verdict is 'supportive' but no city-level data bridge is defined for 'water_use' at sector scope 'buildings'; the IPCC prior is used unmodified.
icare_0040,Efficient appliances,direct,buildings,geophysical,physical_feasibility,C,supportive,urban_built_share,CL,positive,buildings,Cities with higher urban_built_share have stronger feasibility for 'physical_feasibility' (geophysical dimension). Bridge applies to 'buildings' sector. IPCC base verdict: supportive.
icare_0040,Efficient appliances,direct,buildings,geophysical,limited_scarce_resources,LE,limited evidence,,CL,,,IPCC verdict is 'limited evidence' for this indicator — provides no directional evidence; the cell contributes 0 to the dimension score.
icare_0045,Soil carbon sequestration & biochar,direct,nbs,economic,cost-effectiveness,C,supportive,median_household_income,CL,positive,all,Cities with higher median_household_income have stronger feasibility for 'cost-effectiveness' (economic dimension). Bridge applies to 'all' sector. IPCC base verdict: supportive.
icare_0045,Soil carbon sequestration & biochar,direct,nbs,economic,cost-effectiveness,C,supportive,poverty_rate,CL,negative,all,Cities with higher poverty_rate have weaker feasibility for 'cost-effectiveness' (economic dimension). Bridge applies to 'all' sector. IPCC base verdict: supportive.
icare_0045,Soil carbon sequestration & biochar,direct,nbs,economic,distributional_effects,C,supportive,poverty_rate,CL,negative,all,Cities with higher poverty_rate have weaker feasibility for 'distributional_effects' (economic dimension). Bridge applies to 'all' sector. IPCC base verdict: supportive.
icare_0045,Soil carbon sequestration & biochar,direct,nbs,economic,employment_productivity,C,supportive,unemployment_rate,CL,positive,all,Cities with higher unemployment_rate have stronger feasibility for 'employment_productivity' (economic dimension). Bridge applies to 'all' sector. IPCC base verdict: supportive.
icare_0045,Soil carbon sequestration & biochar,direct,nbs,technological,technical_scalability,B,neutral,,CL,,,IPCC verdict is 'neutral' for this indicator — provides no directional evidence; the cell contributes 0 to the dimension score.
icare_0045,Soil carbon sequestration & biochar,direct,nbs,technological,maturity,C,supportive,,CL,,,IPCC verdict is 'supportive' but no city-level data bridge is defined for 'maturity' at sector scope 'nbs'; the IPCC prior is used unmodified.
icare_0045,Soil carbon sequestration & biochar,direct,nbs,institutional,transparency_accountability,B,neutral,,CL,,,IPCC verdict is 'neutral' for this indicator — provides no directional evidence; the cell contributes 0 to the dimension score.
icare_0045,Soil carbon sequestration & biochar,direct,nbs,socio_cultural,public_acceptance,C,supportive,indigenous_identification_rate,CL,positive,nbs,Cities with higher indigenous_identification_rate have stronger feasibility for 'public_acceptance' (socio_cultural dimension). Bridge applies to 'nbs' sector. IPCC base verdict: supportive.
icare_0045,Soil carbon sequestration & biochar,direct,nbs,technological,simplicity,NE,no evidence,,CL,,,IPCC verdict is 'no evidence' for this indicator — provides no directional evidence; the cell contributes 0 to the dimension score.
icare_0045,Soil carbon sequestration & biochar,direct,nbs,technological,absence_of_risk,NE,no evidence,,CL,,,IPCC verdict is 'no evidence' for this indicator — provides no directional evidence; the cell contributes 0 to the dimension score.
icare_0045,Soil carbon sequestration & biochar,direct,nbs,institutional,political_acceptability,NE,no evidence,,CL,,,IPCC verdict is 'no evidence' for this indicator — provides no directional evidence; the cell contributes 0 to the dimension score.
icare_0045,Soil carbon sequestration & biochar,direct,nbs,institutional,institutional_capacity,LE,limited evidence,,CL,,,IPCC verdict is 'limited evidence' for this indicator — provides no directional evidence; the cell contributes 0 to the dimension score.
icare_0045,Soil carbon sequestration & biochar,direct,nbs,socio_cultural,social_co_benefits,NE,no evidence,,CL,,,IPCC verdict is 'no evidence' for this indicator — provides no directional evidence; the cell contributes 0 to the dimension score.
icare_0045,Soil carbon sequestration & biochar,direct,nbs,socio_cultural,inclusiveness,NE,no evidence,,CL,,,IPCC verdict is 'no evidence' for this indicator — provides no directional evidence; the cell contributes 0 to the dimension score.
icare_0045,Soil carbon sequestration & biochar,direct,nbs,environmental,water_use,C,supportive,,CL,,,IPCC verdict is 'supportive' but no city-level data bridge is defined for 'water_use' at sector scope 'nbs'; the IPCC prior is used unmodified.
icare_0045,Soil carbon sequestration & biochar,direct,nbs,geophysical,physical_feasibility,B,neutral,,CL,,,IPCC verdict is 'neutral' for this indicator — provides no directional evidence; the cell contributes 0 to the dimension score.
icare_0045,Soil carbon sequestration & biochar,direct,nbs,socio_cultural,human_capabilities,NE,no evidence,,CL,,,IPCC verdict is 'no evidence' for this indicator — provides no directional evidence; the cell contributes 0 to the dimension score.
icare_0045,Soil carbon sequestration & biochar,direct,nbs,environmental,toxic_waste,NE,no evidence,,CL,,,IPCC verdict is 'no evidence' for this indicator — provides no directional evidence; the cell contributes 0 to the dimension score.
icare_0045,Soil carbon sequestration & biochar,direct,nbs,environmental,biodiversity,NE,no evidence,,CL,,,IPCC verdict is 'no evidence' for this indicator — provides no directional evidence; the cell contributes 0 to the dimension score.
icare_0045,Soil carbon sequestration & biochar,direct,nbs,geophysical,limited_land_use,C,supportive,primary_forest_share,CL,positive,nbs,Cities with higher primary_forest_share have stronger feasibility for 'limited_land_use' (geophysical dimension). Bridge applies to 'nbs' sector. IPCC base verdict: supportive.
icare_0045,Soil carbon sequestration & biochar,direct,nbs,geophysical,global_spread,B,neutral,,CL,,,IPCC verdict is 'neutral' for this indicator — provides no directional evidence; the cell contributes 0 to the dimension score.
icare_0049,Solar PV,weak,energy_supply,economic,cost-effectiveness,C,supportive,median_household_income,CL,positive,all,Cities with higher median_household_income have stronger feasibility for 'cost-effectiveness' (economic dimension). Bridge applies to 'all' sector. IPCC base verdict: supportive.
icare_0049,Solar PV,weak,energy_supply,economic,cost-effectiveness,C,supportive,poverty_rate,CL,negative,all,Cities with higher poverty_rate have weaker feasibility for 'cost-effectiveness' (economic dimension). Bridge applies to 'all' sector. IPCC base verdict: supportive.
icare_0049,Solar PV,weak,energy_supply,economic,distributional_effects,C,supportive,poverty_rate,CL,negative,all,Cities with higher poverty_rate have weaker feasibility for 'distributional_effects' (economic dimension). Bridge applies to 'all' sector. IPCC base verdict: supportive.
icare_0049,Solar PV,weak,energy_supply,economic,employment_productivity,C,supportive,unemployment_rate,CL,positive,all,Cities with higher unemployment_rate have stronger feasibility for 'employment_productivity' (economic dimension). Bridge applies to 'all' sector. IPCC base verdict: supportive.
icare_0049,Solar PV,weak,energy_supply,technological,maturity,C,supportive,,CL,,,IPCC verdict is 'supportive' but no city-level data bridge is defined for 'maturity' at sector scope 'energy_supply'; the IPCC prior is used unmodified.
icare_0049,Solar PV,weak,energy_supply,technological,simplicity,C,supportive,,CL,,,IPCC verdict is 'supportive' but no city-level data bridge is defined for 'simplicity' at sector scope 'energy_supply'; the IPCC prior is used unmodified.
icare_0049,Solar PV,weak,energy_supply,technological,absence_of_risk,C,supportive,,CL,,,IPCC verdict is 'supportive' but no city-level data bridge is defined for 'absence_of_risk' at sector scope 'energy_supply'; the IPCC prior is used unmodified.
icare_0049,Solar PV,weak,energy_supply,institutional,political_acceptability,B,neutral,,CL,,,IPCC verdict is 'neutral' for this indicator — provides no directional evidence; the cell contributes 0 to the dimension score.
icare_0049,Solar PV,weak,energy_supply,institutional,institutional_capacity,B,neutral,,CL,,,IPCC verdict is 'neutral' for this indicator — provides no directional evidence; the cell contributes 0 to the dimension score.
icare_0049,Solar PV,weak,energy_supply,institutional,transparency_accountability,C,supportive,,CL,,,IPCC verdict is 'supportive' but no city-level data bridge is defined for 'transparency_accountability' at sector scope 'energy_supply'; the IPCC prior is used unmodified.
icare_0049,Solar PV,weak,energy_supply,socio_cultural,social_co_benefits,C,supportive,,CL,,,IPCC verdict is 'supportive' but no city-level data bridge is defined for 'social_co_benefits' at sector scope 'energy_supply'; the IPCC prior is used unmodified.
icare_0049,Solar PV,weak,energy_supply,socio_cultural,public_acceptance,C,supportive,,CL,,,IPCC verdict is 'supportive' but no city-level data bridge is defined for 'public_acceptance' at sector scope 'energy_supply'; the IPCC prior is used unmodified.
icare_0049,Solar PV,weak,energy_supply,socio_cultural,inclusiveness,B,neutral,,CL,,,IPCC verdict is 'neutral' for this indicator — provides no directional evidence; the cell contributes 0 to the dimension score.
icare_0049,Solar PV,weak,energy_supply,socio_cultural,intergenerational_equity,C,supportive,,CL,,,IPCC verdict is 'supportive' but no city-level data bridge is defined for 'intergenerational_equity' at sector scope 'energy_supply'; the IPCC prior is used unmodified.
icare_0049,Solar PV,weak,energy_supply,socio_cultural,human_capabilities,B,neutral,,CL,,,IPCC verdict is 'neutral' for this indicator — provides no directional evidence; the cell contributes 0 to the dimension score.
icare_0049,Solar PV,weak,energy_supply,environmental,air_pollution,C,supportive,,CL,,,IPCC verdict is 'supportive' but no city-level data bridge is defined for 'air_pollution' at sector scope 'energy_supply'; the IPCC prior is used unmodified.
icare_0049,Solar PV,weak,energy_supply,environmental,toxic_waste,B,neutral,,CL,,,IPCC verdict is 'neutral' for this indicator — provides no directional evidence; the cell contributes 0 to the dimension score.
icare_0049,Solar PV,weak,energy_supply,environmental,water_use,C,supportive,,CL,,,IPCC verdict is 'supportive' but no city-level data bridge is defined for 'water_use' at sector scope 'energy_supply'; the IPCC prior is used unmodified.
icare_0049,Solar PV,weak,energy_supply,environmental,biodiversity,C,supportive,,CL,,,IPCC verdict is 'supportive' but no city-level data bridge is defined for 'biodiversity' at sector scope 'energy_supply'; the IPCC prior is used unmodified.
icare_0049,Solar PV,weak,energy_supply,geophysical,physical_feasibility,C,supportive,silviculture_share,CL,positive,energy_supply,Cities with higher silviculture_share have stronger feasibility for 'physical_feasibility' (geophysical dimension). Bridge applies to 'energy_supply' sector. IPCC base verdict: supportive.
icare_0049,Solar PV,weak,energy_supply,geophysical,physical_feasibility,C,supportive,urban_built_share,CL,positive,energy_supply,Cities with higher urban_built_share have stronger feasibility for 'physical_feasibility' (geophysical dimension). Bridge applies to 'energy_supply' sector. IPCC base verdict: supportive.
icare_0049,Solar PV,weak,energy_supply,geophysical,limited_land_use,B,neutral,,CL,,,IPCC verdict is 'neutral' for this indicator — provides no directional evidence; the cell contributes 0 to the dimension score.
icare_0049,Solar PV,weak,energy_supply,geophysical,limited_scarce_resources,B,neutral,,CL,,,IPCC verdict is 'neutral' for this indicator — provides no directional evidence; the cell contributes 0 to the dimension score.
icare_0050,Soil carbon sequestration & biochar,direct,nbs,economic,cost-effectiveness,C,supportive,median_household_income,CL,positive,all,Cities with higher median_household_income have stronger feasibility for 'cost-effectiveness' (economic dimension). Bridge applies to 'all' sector. IPCC base verdict: supportive.
icare_0050,Soil carbon sequestration & biochar,direct,nbs,economic,cost-effectiveness,C,supportive,poverty_rate,CL,negative,all,Cities with higher poverty_rate have weaker feasibility for 'cost-effectiveness' (economic dimension). Bridge applies to 'all' sector. IPCC base verdict: supportive.
icare_0050,Soil carbon sequestration & biochar,direct,nbs,economic,distributional_effects,C,supportive,poverty_rate,CL,negative,all,Cities with higher poverty_rate have weaker feasibility for 'distributional_effects' (economic dimension). Bridge applies to 'all' sector. IPCC base verdict: supportive.
icare_0050,Soil carbon sequestration & biochar,direct,nbs,economic,employment_productivity,C,supportive,unemployment_rate,CL,positive,all,Cities with higher unemployment_rate have stronger feasibility for 'employment_productivity' (economic dimension). Bridge applies to 'all' sector. IPCC base verdict: supportive.
icare_0050,Soil carbon sequestration & biochar,direct,nbs,technological,technical_scalability,B,neutral,,CL,,,IPCC verdict is 'neutral' for this indicator — provides no directional evidence; the cell contributes 0 to the dimension score.
icare_0050,Soil carbon sequestration & biochar,direct,nbs,technological,maturity,C,supportive,,CL,,,IPCC verdict is 'supportive' but no city-level data bridge is defined for 'maturity' at sector scope 'nbs'; the IPCC prior is used unmodified.
icare_0050,Soil carbon sequestration & biochar,direct,nbs,institutional,transparency_accountability,B,neutral,,CL,,,IPCC verdict is 'neutral' for this indicator — provides no directional evidence; the cell contributes 0 to the dimension score.
icare_0050,Soil carbon sequestration & biochar,direct,nbs,socio_cultural,public_acceptance,C,supportive,indigenous_identification_rate,CL,positive,nbs,Cities with higher indigenous_identification_rate have stronger feasibility for 'public_acceptance' (socio_cultural dimension). Bridge applies to 'nbs' sector. IPCC base verdict: supportive.
icare_0050,Soil carbon sequestration & biochar,direct,nbs,technological,simplicity,NE,no evidence,,CL,,,IPCC verdict is 'no evidence' for this indicator — provides no directional evidence; the cell contributes 0 to the dimension score.
icare_0050,Soil carbon sequestration & biochar,direct,nbs,technological,absence_of_risk,NE,no evidence,,CL,,,IPCC verdict is 'no evidence' for this indicator — provides no directional evidence; the cell contributes 0 to the dimension score.
icare_0050,Soil carbon sequestration & biochar,direct,nbs,institutional,political_acceptability,NE,no evidence,,CL,,,IPCC verdict is 'no evidence' for this indicator — provides no directional evidence; the cell contributes 0 to the dimension score.
icare_0050,Soil carbon sequestration & biochar,direct,nbs,institutional,institutional_capacity,LE,limited evidence,,CL,,,IPCC verdict is 'limited evidence' for this indicator — provides no directional evidence; the cell contributes 0 to the dimension score.
icare_0050,Soil carbon sequestration & biochar,direct,nbs,socio_cultural,social_co_benefits,NE,no evidence,,CL,,,IPCC verdict is 'no evidence' for this indicator — provides no directional evidence; the cell contributes 0 to the dimension score.
icare_0050,Soil carbon sequestration & biochar,direct,nbs,socio_cultural,inclusiveness,NE,no evidence,,CL,,,IPCC verdict is 'no evidence' for this indicator — provides no directional evidence; the cell contributes 0 to the dimension score.
icare_0050,Soil carbon sequestration & biochar,direct,nbs,environmental,water_use,C,supportive,,CL,,,IPCC verdict is 'supportive' but no city-level data bridge is defined for 'water_use' at sector scope 'nbs'; the IPCC prior is used unmodified.
icare_0050,Soil carbon sequestration & biochar,direct,nbs,geophysical,physical_feasibility,B,neutral,,CL,,,IPCC verdict is 'neutral' for this indicator — provides no directional evidence; the cell contributes 0 to the dimension score.
icare_0050,Soil carbon sequestration & biochar,direct,nbs,socio_cultural,human_capabilities,NE,no evidence,,CL,,,IPCC verdict is 'no evidence' for this indicator — provides no directional evidence; the cell contributes 0 to the dimension score.
icare_0050,Soil carbon sequestration & biochar,direct,nbs,environmental,toxic_waste,NE,no evidence,,CL,,,IPCC verdict is 'no evidence' for this indicator — provides no directional evidence; the cell contributes 0 to the dimension score.
icare_0050,Soil carbon sequestration & biochar,direct,nbs,environmental,biodiversity,NE,no evidence,,CL,,,IPCC verdict is 'no evidence' for this indicator — provides no directional evidence; the cell contributes 0 to the dimension score.
icare_0050,Soil carbon sequestration & biochar,direct,nbs,geophysical,limited_land_use,C,supportive,primary_forest_share,CL,positive,nbs,Cities with higher primary_forest_share have stronger feasibility for 'limited_land_use' (geophysical dimension). Bridge applies to 'nbs' sector. IPCC base verdict: supportive.
icare_0050,Soil carbon sequestration & biochar,direct,nbs,geophysical,global_spread,B,neutral,,CL,,,IPCC verdict is 'neutral' for this indicator — provides no directional evidence; the cell contributes 0 to the dimension score.
icare_0053,Reduced food wastage,direct,waste,economic,cost-effectiveness,C,supportive,median_household_income,CL,positive,all,Cities with higher median_household_income have stronger feasibility for 'cost-effectiveness' (economic dimension). Bridge applies to 'all' sector. IPCC base verdict: supportive.
icare_0053,Reduced food wastage,direct,waste,economic,cost-effectiveness,C,supportive,poverty_rate,CL,negative,all,Cities with higher poverty_rate have weaker feasibility for 'cost-effectiveness' (economic dimension). Bridge applies to 'all' sector. IPCC base verdict: supportive.
icare_0053,Reduced food wastage,direct,waste,economic,distributional_effects,B,neutral,,CL,,,IPCC verdict is 'neutral' for this indicator — provides no directional evidence; the cell contributes 0 to the dimension score.
icare_0053,Reduced food wastage,direct,waste,economic,employment_productivity,B,neutral,,CL,,,IPCC verdict is 'neutral' for this indicator — provides no directional evidence; the cell contributes 0 to the dimension score.
icare_0053,Reduced food wastage,direct,waste,technological,technical_scalability,B,neutral,,CL,,,IPCC verdict is 'neutral' for this indicator — provides no directional evidence; the cell contributes 0 to the dimension score.
icare_0053,Reduced food wastage,direct,waste,technological,absence_of_risk,C,supportive,,CL,,,IPCC verdict is 'supportive' but no city-level data bridge is defined for 'absence_of_risk' at sector scope 'waste'; the IPCC prior is used unmodified.
icare_0053,Reduced food wastage,direct,waste,institutional,political_acceptability,C,supportive,,CL,,,IPCC verdict is 'supportive' but no city-level data bridge is defined for 'political_acceptability' at sector scope 'waste'; the IPCC prior is used unmodified.
icare_0053,Reduced food wastage,direct,waste,technological,maturity,NE,no evidence,,CL,,,IPCC verdict is 'no evidence' for this indicator — provides no directional evidence; the cell contributes 0 to the dimension score.
icare_0053,Reduced food wastage,direct,waste,technological,simplicity,NE,no evidence,,CL,,,IPCC verdict is 'no evidence' for this indicator — provides no directional evidence; the cell contributes 0 to the dimension score.
icare_0053,Reduced food wastage,direct,waste,institutional,institutional_capacity,C,supportive,,CL,,,IPCC verdict is 'supportive' but no city-level data bridge is defined for 'institutional_capacity' at sector scope 'waste'; the IPCC prior is used unmodified.
icare_0053,Reduced food wastage,direct,waste,institutional,transparency_accountability,C,supportive,,CL,,,IPCC verdict is 'supportive' but no city-level data bridge is defined for 'transparency_accountability' at sector scope 'waste'; the IPCC prior is used unmodified.
icare_0053,Reduced food wastage,direct,waste,socio_cultural,social_co_benefits,C,supportive,,CL,,,IPCC verdict is 'supportive' but no city-level data bridge is defined for 'social_co_benefits' at sector scope 'waste'; the IPCC prior is used unmodified.
icare_0053,Reduced food wastage,direct,waste,socio_cultural,public_acceptance,B,neutral,,CL,,,IPCC verdict is 'neutral' for this indicator — provides no directional evidence; the cell contributes 0 to the dimension score.
icare_0053,Reduced food wastage,direct,waste,socio_cultural,inclusiveness,B,neutral,,CL,,,IPCC verdict is 'neutral' for this indicator — provides no directional evidence; the cell contributes 0 to the dimension score.
icare_0053,Reduced food wastage,direct,waste,socio_cultural,intergenerational_equity,B,neutral,,CL,,,IPCC verdict is 'neutral' for this indicator — provides no directional evidence; the cell contributes 0 to the dimension score.
icare_0053,Reduced food wastage,direct,waste,socio_cultural,human_capabilities,C,supportive,mean_years_schooling,CL,positive,all,Cities with higher mean_years_schooling have stronger feasibility for 'human_capabilities' (socio_cultural dimension). Bridge applies to 'all' sector. IPCC base verdict: supportive.
icare_0053,Reduced food wastage,direct,waste,socio_cultural,human_capabilities,C,supportive,literacy_rate,CL,positive,all,Cities with higher literacy_rate have stronger feasibility for 'human_capabilities' (socio_cultural dimension). Bridge applies to 'all' sector. IPCC base verdict: supportive.
icare_0053,Reduced food wastage,direct,waste,environmental,air_pollution,C,supportive,,CL,,,IPCC verdict is 'supportive' but no city-level data bridge is defined for 'air_pollution' at sector scope 'waste'; the IPCC prior is used unmodified.
icare_0053,Reduced food wastage,direct,waste,environmental,water_use,C,supportive,,CL,,,IPCC verdict is 'supportive' but no city-level data bridge is defined for 'water_use' at sector scope 'waste'; the IPCC prior is used unmodified.
icare_0053,Reduced food wastage,direct,waste,environmental,biodiversity,C,supportive,,CL,,,IPCC verdict is 'supportive' but no city-level data bridge is defined for 'biodiversity' at sector scope 'waste'; the IPCC prior is used unmodified.
icare_0053,Reduced food wastage,direct,waste,geophysical,physical_feasibility,C,supportive,,CL,,,IPCC verdict is 'supportive' but no city-level data bridge is defined for 'physical_feasibility' at sector scope 'waste'; the IPCC prior is used unmodified.
icare_0053,Reduced food wastage,direct,waste,environmental,toxic_waste,NE,no evidence,,CL,,,IPCC verdict is 'no evidence' for this indicator — provides no directional evidence; the cell contributes 0 to the dimension score.
icare_0053,Reduced food wastage,direct,waste,geophysical,limited_land_use,C,supportive,,CL,,,IPCC verdict is 'supportive' but no city-level data bridge is defined for 'limited_land_use' at sector scope 'waste'; the IPCC prior is used unmodified.
icare_0053,Reduced food wastage,direct,waste,geophysical,global_spread,LE,limited evidence,,CL,,,IPCC verdict is 'limited evidence' for this indicator — provides no directional evidence; the cell contributes 0 to the dimension score.
icare_0064,Reduced food wastage,direct,waste,economic,cost-effectiveness,C,supportive,median_household_income,CL,positive,all,Cities with higher median_household_income have stronger feasibility for 'cost-effectiveness' (economic dimension). Bridge applies to 'all' sector. IPCC base verdict: supportive.
icare_0064,Reduced food wastage,direct,waste,economic,cost-effectiveness,C,supportive,poverty_rate,CL,negative,all,Cities with higher poverty_rate have weaker feasibility for 'cost-effectiveness' (economic dimension). Bridge applies to 'all' sector. IPCC base verdict: supportive.
icare_0064,Reduced food wastage,direct,waste,economic,distributional_effects,B,neutral,,CL,,,IPCC verdict is 'neutral' for this indicator — provides no directional evidence; the cell contributes 0 to the dimension score.
icare_0064,Reduced food wastage,direct,waste,economic,employment_productivity,B,neutral,,CL,,,IPCC verdict is 'neutral' for this indicator — provides no directional evidence; the cell contributes 0 to the dimension score.
icare_0064,Reduced food wastage,direct,waste,technological,technical_scalability,B,neutral,,CL,,,IPCC verdict is 'neutral' for this indicator — provides no directional evidence; the cell contributes 0 to the dimension score.
icare_0064,Reduced food wastage,direct,waste,technological,absence_of_risk,C,supportive,,CL,,,IPCC verdict is 'supportive' but no city-level data bridge is defined for 'absence_of_risk' at sector scope 'waste'; the IPCC prior is used unmodified.
icare_0064,Reduced food wastage,direct,waste,institutional,political_acceptability,C,supportive,,CL,,,IPCC verdict is 'supportive' but no city-level data bridge is defined for 'political_acceptability' at sector scope 'waste'; the IPCC prior is used unmodified.
icare_0064,Reduced food wastage,direct,waste,technological,maturity,NE,no evidence,,CL,,,IPCC verdict is 'no evidence' for this indicator — provides no directional evidence; the cell contributes 0 to the dimension score.
icare_0064,Reduced food wastage,direct,waste,technological,simplicity,NE,no evidence,,CL,,,IPCC verdict is 'no evidence' for this indicator — provides no directional evidence; the cell contributes 0 to the dimension score.
icare_0064,Reduced food wastage,direct,waste,institutional,institutional_capacity,C,supportive,,CL,,,IPCC verdict is 'supportive' but no city-level data bridge is defined for 'institutional_capacity' at sector scope 'waste'; the IPCC prior is used unmodified.
icare_0064,Reduced food wastage,direct,waste,institutional,transparency_accountability,C,supportive,,CL,,,IPCC verdict is 'supportive' but no city-level data bridge is defined for 'transparency_accountability' at sector scope 'waste'; the IPCC prior is used unmodified.
icare_0064,Reduced food wastage,direct,waste,socio_cultural,social_co_benefits,C,supportive,,CL,,,IPCC verdict is 'supportive' but no city-level data bridge is defined for 'social_co_benefits' at sector scope 'waste'; the IPCC prior is used unmodified.
icare_0064,Reduced food wastage,direct,waste,socio_cultural,public_acceptance,B,neutral,,CL,,,IPCC verdict is 'neutral' for this indicator — provides no directional evidence; the cell contributes 0 to the dimension score.
icare_0064,Reduced food wastage,direct,waste,socio_cultural,inclusiveness,B,neutral,,CL,,,IPCC verdict is 'neutral' for this indicator — provides no directional evidence; the cell contributes 0 to the dimension score.
icare_0064,Reduced food wastage,direct,waste,socio_cultural,intergenerational_equity,B,neutral,,CL,,,IPCC verdict is 'neutral' for this indicator — provides no directional evidence; the cell contributes 0 to the dimension score.
icare_0064,Reduced food wastage,direct,waste,socio_cultural,human_capabilities,C,supportive,mean_years_schooling,CL,positive,all,Cities with higher mean_years_schooling have stronger feasibility for 'human_capabilities' (socio_cultural dimension). Bridge applies to 'all' sector. IPCC base verdict: supportive.
icare_0064,Reduced food wastage,direct,waste,socio_cultural,human_capabilities,C,supportive,literacy_rate,CL,positive,all,Cities with higher literacy_rate have stronger feasibility for 'human_capabilities' (socio_cultural dimension). Bridge applies to 'all' sector. IPCC base verdict: supportive.
icare_0064,Reduced food wastage,direct,waste,environmental,air_pollution,C,supportive,,CL,,,IPCC verdict is 'supportive' but no city-level data bridge is defined for 'air_pollution' at sector scope 'waste'; the IPCC prior is used unmodified.
icare_0064,Reduced food wastage,direct,waste,environmental,water_use,C,supportive,,CL,,,IPCC verdict is 'supportive' but no city-level data bridge is defined for 'water_use' at sector scope 'waste'; the IPCC prior is used unmodified.
icare_0064,Reduced food wastage,direct,waste,environmental,biodiversity,C,supportive,,CL,,,IPCC verdict is 'supportive' but no city-level data bridge is defined for 'biodiversity' at sector scope 'waste'; the IPCC prior is used unmodified.
icare_0064,Reduced food wastage,direct,waste,geophysical,physical_feasibility,C,supportive,,CL,,,IPCC verdict is 'supportive' but no city-level data bridge is defined for 'physical_feasibility' at sector scope 'waste'; the IPCC prior is used unmodified.
icare_0064,Reduced food wastage,direct,waste,environmental,toxic_waste,NE,no evidence,,CL,,,IPCC verdict is 'no evidence' for this indicator — provides no directional evidence; the cell contributes 0 to the dimension score.
icare_0064,Reduced food wastage,direct,waste,geophysical,limited_land_use,C,supportive,,CL,,,IPCC verdict is 'supportive' but no city-level data bridge is defined for 'limited_land_use' at sector scope 'waste'; the IPCC prior is used unmodified.
icare_0064,Reduced food wastage,direct,waste,geophysical,global_spread,LE,limited evidence,,CL,,,IPCC verdict is 'limited evidence' for this indicator — provides no directional evidence; the cell contributes 0 to the dimension score.
icare_0069,Land-use & urban planning,direct,cross_cutting,economic,cost-effectiveness,C,supportive,median_household_income,CL,positive,all,Cities with higher median_household_income have stronger feasibility for 'cost-effectiveness' (economic dimension). Bridge applies to 'all' sector. IPCC base verdict: supportive.
icare_0069,Land-use & urban planning,direct,cross_cutting,economic,cost-effectiveness,C,supportive,poverty_rate,CL,negative,all,Cities with higher poverty_rate have weaker feasibility for 'cost-effectiveness' (economic dimension). Bridge applies to 'all' sector. IPCC base verdict: supportive.
icare_0069,Land-use & urban planning,direct,cross_cutting,economic,distributional_effects,B,neutral,,CL,,,IPCC verdict is 'neutral' for this indicator — provides no directional evidence; the cell contributes 0 to the dimension score.
icare_0069,Land-use & urban planning,direct,cross_cutting,economic,employment_productivity,B,neutral,,CL,,,IPCC verdict is 'neutral' for this indicator — provides no directional evidence; the cell contributes 0 to the dimension score.
icare_0069,Land-use & urban planning,direct,cross_cutting,technological,technical_scalability,C,supportive,,CL,,,IPCC verdict is 'supportive' but no city-level data bridge is defined for 'technical_scalability' at sector scope 'cross_cutting'; the IPCC prior is used unmodified.
icare_0069,Land-use & urban planning,direct,cross_cutting,technological,maturity,B,neutral,,CL,,,IPCC verdict is 'neutral' for this indicator — provides no directional evidence; the cell contributes 0 to the dimension score.
icare_0069,Land-use & urban planning,direct,cross_cutting,technological,simplicity,A,barrier,,CL,,,IPCC verdict is 'barrier' but no city-level data bridge is defined for 'simplicity' at sector scope 'cross_cutting'; the IPCC prior is used unmodified.
icare_0069,Land-use & urban planning,direct,cross_cutting,institutional,political_acceptability,B,neutral,,CL,,,IPCC verdict is 'neutral' for this indicator — provides no directional evidence; the cell contributes 0 to the dimension score.
icare_0069,Land-use & urban planning,direct,cross_cutting,technological,absence_of_risk,LE,limited evidence,,CL,,,IPCC verdict is 'limited evidence' for this indicator — provides no directional evidence; the cell contributes 0 to the dimension score.
icare_0069,Land-use & urban planning,direct,cross_cutting,institutional,institutional_capacity,B,neutral,,CL,,,IPCC verdict is 'neutral' for this indicator — provides no directional evidence; the cell contributes 0 to the dimension score.
icare_0069,Land-use & urban planning,direct,cross_cutting,institutional,transparency_accountability,C,supportive,,CL,,,IPCC verdict is 'supportive' but no city-level data bridge is defined for 'transparency_accountability' at sector scope 'cross_cutting'; the IPCC prior is used unmodified.
icare_0069,Land-use & urban planning,direct,cross_cutting,socio_cultural,social_co_benefits,C,supportive,,CL,,,IPCC verdict is 'supportive' but no city-level data bridge is defined for 'social_co_benefits' at sector scope 'cross_cutting'; the IPCC prior is used unmodified.
icare_0069,Land-use & urban planning,direct,cross_cutting,socio_cultural,public_acceptance,B,neutral,,CL,,,IPCC verdict is 'neutral' for this indicator — provides no directional evidence; the cell contributes 0 to the dimension score.
icare_0069,Land-use & urban planning,direct,cross_cutting,socio_cultural,inclusiveness,B,neutral,,CL,,,IPCC verdict is 'neutral' for this indicator — provides no directional evidence; the cell contributes 0 to the dimension score.
icare_0069,Land-use & urban planning,direct,cross_cutting,socio_cultural,human_capabilities,B,neutral,,CL,,,IPCC verdict is 'neutral' for this indicator — provides no directional evidence; the cell contributes 0 to the dimension score.
icare_0069,Land-use & urban planning,direct,cross_cutting,environmental,air_pollution,C,supportive,,CL,,,IPCC verdict is 'supportive' but no city-level data bridge is defined for 'air_pollution' at sector scope 'cross_cutting'; the IPCC prior is used unmodified.
icare_0069,Land-use & urban planning,direct,cross_cutting,socio_cultural,intergenerational_equity,LE,limited evidence,,CL,,,IPCC verdict is 'limited evidence' for this indicator — provides no directional evidence; the cell contributes 0 to the dimension score.
icare_0069,Land-use & urban planning,direct,cross_cutting,environmental,toxic_waste,LE,limited evidence,,CL,,,IPCC verdict is 'limited evidence' for this indicator — provides no directional evidence; the cell contributes 0 to the dimension score.
icare_0069,Land-use & urban planning,direct,cross_cutting,environmental,water_use,C,supportive,,CL,,,IPCC verdict is 'supportive' but no city-level data bridge is defined for 'water_use' at sector scope 'cross_cutting'; the IPCC prior is used unmodified.
icare_0069,Land-use & urban planning,direct,cross_cutting,environmental,biodiversity,C,supportive,,CL,,,IPCC verdict is 'supportive' but no city-level data bridge is defined for 'biodiversity' at sector scope 'cross_cutting'; the IPCC prior is used unmodified.
icare_0069,Land-use & urban planning,direct,cross_cutting,geophysical,physical_feasibility,C,supportive,,CL,,,IPCC verdict is 'supportive' but no city-level data bridge is defined for 'physical_feasibility' at sector scope 'cross_cutting'; the IPCC prior is used unmodified.
icare_0069,Land-use & urban planning,direct,cross_cutting,geophysical,limited_land_use,C,supportive,,CL,,,IPCC verdict is 'supportive' but no city-level data bridge is defined for 'limited_land_use' at sector scope 'cross_cutting'; the IPCC prior is used unmodified.
icare_0069,Land-use & urban planning,direct,cross_cutting,geophysical,global_spread,C,supportive,,CL,,,IPCC verdict is 'supportive' but no city-level data bridge is defined for 'global_spread' at sector scope 'cross_cutting'; the IPCC prior is used unmodified.
icare_0069,Land-use & urban planning,direct,cross_cutting,geophysical,limited_scarce_resources,LE,limited evidence,,CL,,,IPCC verdict is 'limited evidence' for this indicator — provides no directional evidence; the cell contributes 0 to the dimension score.
icare_0071,Energy efficiency,direct,industrial,economic,cost-effectiveness,C,supportive,median_household_income,CL,positive,all,Cities with higher median_household_income have stronger feasibility for 'cost-effectiveness' (economic dimension). Bridge applies to 'all' sector. IPCC base verdict: supportive.
icare_0071,Energy efficiency,direct,industrial,economic,cost-effectiveness,C,supportive,poverty_rate,CL,negative,all,Cities with higher poverty_rate have weaker feasibility for 'cost-effectiveness' (economic dimension). Bridge applies to 'all' sector. IPCC base verdict: supportive.
icare_0071,Energy efficiency,direct,industrial,economic,employment_productivity,B,neutral,,CL,,,IPCC verdict is 'neutral' for this indicator — provides no directional evidence; the cell contributes 0 to the dimension score.
icare_0071,Energy efficiency,direct,industrial,technological,technical_scalability,C,supportive,,CL,,,IPCC verdict is 'supportive' but no city-level data bridge is defined for 'technical_scalability' at sector scope 'industrial'; the IPCC prior is used unmodified.
icare_0071,Energy efficiency,direct,industrial,technological,maturity,C,supportive,,CL,,,IPCC verdict is 'supportive' but no city-level data bridge is defined for 'maturity' at sector scope 'industrial'; the IPCC prior is used unmodified.
icare_0071,Energy efficiency,direct,industrial,technological,simplicity,B,neutral,,CL,,,IPCC verdict is 'neutral' for this indicator — provides no directional evidence; the cell contributes 0 to the dimension score.
icare_0071,Energy efficiency,direct,industrial,economic,distributional_effects,LE,limited evidence,,CL,,,IPCC verdict is 'limited evidence' for this indicator — provides no directional evidence; the cell contributes 0 to the dimension score.
icare_0071,Energy efficiency,direct,industrial,institutional,political_acceptability,C,supportive,,CL,,,IPCC verdict is 'supportive' but no city-level data bridge is defined for 'political_acceptability' at sector scope 'industrial'; the IPCC prior is used unmodified.
icare_0071,Energy efficiency,direct,industrial,institutional,legal_admin_acceptability,C,supportive,,CL,,,IPCC verdict is 'supportive' but no city-level data bridge is defined for 'legal_admin_acceptability' at sector scope 'industrial'; the IPCC prior is used unmodified.
icare_0071,Energy efficiency,direct,industrial,institutional,institutional_capacity,B,neutral,,CL,,,IPCC verdict is 'neutral' for this indicator — provides no directional evidence; the cell contributes 0 to the dimension score.
icare_0071,Energy efficiency,direct,industrial,socio_cultural,public_acceptance,C,supportive,,CL,,,IPCC verdict is 'supportive' but no city-level data bridge is defined for 'public_acceptance' at sector scope 'industrial'; the IPCC prior is used unmodified.
icare_0071,Energy efficiency,direct,industrial,socio_cultural,human_capabilities,B,neutral,,CL,,,IPCC verdict is 'neutral' for this indicator — provides no directional evidence; the cell contributes 0 to the dimension score.
icare_0071,Energy efficiency,direct,industrial,environmental,air_pollution,C,supportive,,CL,,,IPCC verdict is 'supportive' but no city-level data bridge is defined for 'air_pollution' at sector scope 'industrial'; the IPCC prior is used unmodified.
icare_0071,Energy efficiency,direct,industrial,environmental,water_use,B,neutral,,CL,,,IPCC verdict is 'neutral' for this indicator — provides no directional evidence; the cell contributes 0 to the dimension score.
icare_0071,Energy efficiency,direct,industrial,geophysical,physical_feasibility,B,neutral,,CL,,,IPCC verdict is 'neutral' for this indicator — provides no directional evidence; the cell contributes 0 to the dimension score.
icare_0071,Energy efficiency,direct,industrial,environmental,toxic_waste,NE,no evidence,,CL,,,IPCC verdict is 'no evidence' for this indicator — provides no directional evidence; the cell contributes 0 to the dimension score.
icare_0071,Energy efficiency,direct,industrial,environmental,biodiversity,NE,no evidence,,CL,,,IPCC verdict is 'no evidence' for this indicator — provides no directional evidence; the cell contributes 0 to the dimension score.
icare_0071,Energy efficiency,direct,industrial,geophysical,global_spread,C,supportive,urban_built_share,CL,positive,industrial,Cities with higher urban_built_share have stronger feasibility for 'global_spread' (geophysical dimension). Bridge applies to 'industrial' sector. IPCC base verdict: supportive.
icare_0072,Energy efficiency,direct,industrial,economic,cost-effectiveness,C,supportive,median_household_income,CL,positive,all,Cities with higher median_household_income have stronger feasibility for 'cost-effectiveness' (economic dimension). Bridge applies to 'all' sector. IPCC base verdict: supportive.
icare_0072,Energy efficiency,direct,industrial,economic,cost-effectiveness,C,supportive,poverty_rate,CL,negative,all,Cities with higher poverty_rate have weaker feasibility for 'cost-effectiveness' (economic dimension). Bridge applies to 'all' sector. IPCC base verdict: supportive.
icare_0072,Energy efficiency,direct,industrial,economic,employment_productivity,B,neutral,,CL,,,IPCC verdict is 'neutral' for this indicator — provides no directional evidence; the cell contributes 0 to the dimension score.
icare_0072,Energy efficiency,direct,industrial,technological,technical_scalability,C,supportive,,CL,,,IPCC verdict is 'supportive' but no city-level data bridge is defined for 'technical_scalability' at sector scope 'industrial'; the IPCC prior is used unmodified.
icare_0072,Energy efficiency,direct,industrial,technological,maturity,C,supportive,,CL,,,IPCC verdict is 'supportive' but no city-level data bridge is defined for 'maturity' at sector scope 'industrial'; the IPCC prior is used unmodified.
icare_0072,Energy efficiency,direct,industrial,technological,simplicity,B,neutral,,CL,,,IPCC verdict is 'neutral' for this indicator — provides no directional evidence; the cell contributes 0 to the dimension score.
icare_0072,Energy efficiency,direct,industrial,economic,distributional_effects,LE,limited evidence,,CL,,,IPCC verdict is 'limited evidence' for this indicator — provides no directional evidence; the cell contributes 0 to the dimension score.
icare_0072,Energy efficiency,direct,industrial,institutional,political_acceptability,C,supportive,,CL,,,IPCC verdict is 'supportive' but no city-level data bridge is defined for 'political_acceptability' at sector scope 'industrial'; the IPCC prior is used unmodified.
icare_0072,Energy efficiency,direct,industrial,institutional,legal_admin_acceptability,C,supportive,,CL,,,IPCC verdict is 'supportive' but no city-level data bridge is defined for 'legal_admin_acceptability' at sector scope 'industrial'; the IPCC prior is used unmodified.
icare_0072,Energy efficiency,direct,industrial,institutional,institutional_capacity,B,neutral,,CL,,,IPCC verdict is 'neutral' for this indicator — provides no directional evidence; the cell contributes 0 to the dimension score.
icare_0072,Energy efficiency,direct,industrial,socio_cultural,public_acceptance,C,supportive,,CL,,,IPCC verdict is 'supportive' but no city-level data bridge is defined for 'public_acceptance' at sector scope 'industrial'; the IPCC prior is used unmodified.
icare_0072,Energy efficiency,direct,industrial,socio_cultural,human_capabilities,B,neutral,,CL,,,IPCC verdict is 'neutral' for this indicator — provides no directional evidence; the cell contributes 0 to the dimension score.
icare_0072,Energy efficiency,direct,industrial,environmental,air_pollution,C,supportive,,CL,,,IPCC verdict is 'supportive' but no city-level data bridge is defined for 'air_pollution' at sector scope 'industrial'; the IPCC prior is used unmodified.
icare_0072,Energy efficiency,direct,industrial,environmental,water_use,B,neutral,,CL,,,IPCC verdict is 'neutral' for this indicator — provides no directional evidence; the cell contributes 0 to the dimension score.
icare_0072,Energy efficiency,direct,industrial,geophysical,physical_feasibility,B,neutral,,CL,,,IPCC verdict is 'neutral' for this indicator — provides no directional evidence; the cell contributes 0 to the dimension score.
icare_0072,Energy efficiency,direct,industrial,environmental,toxic_waste,NE,no evidence,,CL,,,IPCC verdict is 'no evidence' for this indicator — provides no directional evidence; the cell contributes 0 to the dimension score.
icare_0072,Energy efficiency,direct,industrial,environmental,biodiversity,NE,no evidence,,CL,,,IPCC verdict is 'no evidence' for this indicator — provides no directional evidence; the cell contributes 0 to the dimension score.
icare_0072,Energy efficiency,direct,industrial,geophysical,global_spread,C,supportive,urban_built_share,CL,positive,industrial,Cities with higher urban_built_share have stronger feasibility for 'global_spread' (geophysical dimension). Bridge applies to 'industrial' sector. IPCC base verdict: supportive.
icare_0074,Energy efficiency,direct,industrial,economic,cost-effectiveness,C,supportive,median_household_income,CL,positive,all,Cities with higher median_household_income have stronger feasibility for 'cost-effectiveness' (economic dimension). Bridge applies to 'all' sector. IPCC base verdict: supportive.
icare_0074,Energy efficiency,direct,industrial,economic,cost-effectiveness,C,supportive,poverty_rate,CL,negative,all,Cities with higher poverty_rate have weaker feasibility for 'cost-effectiveness' (economic dimension). Bridge applies to 'all' sector. IPCC base verdict: supportive.
icare_0074,Energy efficiency,direct,industrial,economic,employment_productivity,B,neutral,,CL,,,IPCC verdict is 'neutral' for this indicator — provides no directional evidence; the cell contributes 0 to the dimension score.
icare_0074,Energy efficiency,direct,industrial,technological,technical_scalability,C,supportive,,CL,,,IPCC verdict is 'supportive' but no city-level data bridge is defined for 'technical_scalability' at sector scope 'industrial'; the IPCC prior is used unmodified.
icare_0074,Energy efficiency,direct,industrial,technological,maturity,C,supportive,,CL,,,IPCC verdict is 'supportive' but no city-level data bridge is defined for 'maturity' at sector scope 'industrial'; the IPCC prior is used unmodified.
icare_0074,Energy efficiency,direct,industrial,technological,simplicity,B,neutral,,CL,,,IPCC verdict is 'neutral' for this indicator — provides no directional evidence; the cell contributes 0 to the dimension score.
icare_0074,Energy efficiency,direct,industrial,economic,distributional_effects,LE,limited evidence,,CL,,,IPCC verdict is 'limited evidence' for this indicator — provides no directional evidence; the cell contributes 0 to the dimension score.
icare_0074,Energy efficiency,direct,industrial,institutional,political_acceptability,C,supportive,,CL,,,IPCC verdict is 'supportive' but no city-level data bridge is defined for 'political_acceptability' at sector scope 'industrial'; the IPCC prior is used unmodified.
icare_0074,Energy efficiency,direct,industrial,institutional,legal_admin_acceptability,C,supportive,,CL,,,IPCC verdict is 'supportive' but no city-level data bridge is defined for 'legal_admin_acceptability' at sector scope 'industrial'; the IPCC prior is used unmodified.
icare_0074,Energy efficiency,direct,industrial,institutional,institutional_capacity,B,neutral,,CL,,,IPCC verdict is 'neutral' for this indicator — provides no directional evidence; the cell contributes 0 to the dimension score.
icare_0074,Energy efficiency,direct,industrial,socio_cultural,public_acceptance,C,supportive,,CL,,,IPCC verdict is 'supportive' but no city-level data bridge is defined for 'public_acceptance' at sector scope 'industrial'; the IPCC prior is used unmodified.
icare_0074,Energy efficiency,direct,industrial,socio_cultural,human_capabilities,B,neutral,,CL,,,IPCC verdict is 'neutral' for this indicator — provides no directional evidence; the cell contributes 0 to the dimension score.
icare_0074,Energy efficiency,direct,industrial,environmental,air_pollution,C,supportive,,CL,,,IPCC verdict is 'supportive' but no city-level data bridge is defined for 'air_pollution' at sector scope 'industrial'; the IPCC prior is used unmodified.
icare_0074,Energy efficiency,direct,industrial,environmental,water_use,B,neutral,,CL,,,IPCC verdict is 'neutral' for this indicator — provides no directional evidence; the cell contributes 0 to the dimension score.
icare_0074,Energy efficiency,direct,industrial,geophysical,physical_feasibility,B,neutral,,CL,,,IPCC verdict is 'neutral' for this indicator — provides no directional evidence; the cell contributes 0 to the dimension score.
icare_0074,Energy efficiency,direct,industrial,environmental,toxic_waste,NE,no evidence,,CL,,,IPCC verdict is 'no evidence' for this indicator — provides no directional evidence; the cell contributes 0 to the dimension score.
icare_0074,Energy efficiency,direct,industrial,environmental,biodiversity,NE,no evidence,,CL,,,IPCC verdict is 'no evidence' for this indicator — provides no directional evidence; the cell contributes 0 to the dimension score.
icare_0074,Energy efficiency,direct,industrial,geophysical,global_spread,C,supportive,urban_built_share,CL,positive,industrial,Cities with higher urban_built_share have stronger feasibility for 'global_spread' (geophysical dimension). Bridge applies to 'industrial' sector. IPCC base verdict: supportive.
icare_0076,Electrification & hydrogen,direct,industrial,economic,cost-effectiveness,A,barrier,median_household_income,CL,positive,all,Cities with higher median_household_income have stronger feasibility for 'cost-effectiveness' (economic dimension). Bridge applies to 'all' sector. IPCC base verdict: barrier.
icare_0076,Electrification & hydrogen,direct,industrial,economic,cost-effectiveness,A,barrier,poverty_rate,CL,negative,all,Cities with higher poverty_rate have weaker feasibility for 'cost-effectiveness' (economic dimension). Bridge applies to 'all' sector. IPCC base verdict: barrier.
icare_0076,Electrification & hydrogen,direct,industrial,technological,technical_scalability,C,supportive,,CL,,,IPCC verdict is 'supportive' but no city-level data bridge is defined for 'technical_scalability' at sector scope 'industrial'; the IPCC prior is used unmodified.
icare_0076,Electrification & hydrogen,direct,industrial,technological,maturity,A,barrier,,CL,,,IPCC verdict is 'barrier' but no city-level data bridge is defined for 'maturity' at sector scope 'industrial'; the IPCC prior is used unmodified.
icare_0076,Electrification & hydrogen,direct,industrial,economic,distributional_effects,LE,limited evidence,,CL,,,IPCC verdict is 'limited evidence' for this indicator — provides no directional evidence; the cell contributes 0 to the dimension score.
icare_0076,Electrification & hydrogen,direct,industrial,economic,employment_productivity,LE,limited evidence,,CL,,,IPCC verdict is 'limited evidence' for this indicator — provides no directional evidence; the cell contributes 0 to the dimension score.
icare_0076,Electrification & hydrogen,direct,industrial,technological,simplicity,NE,no evidence,,CL,,,IPCC verdict is 'no evidence' for this indicator — provides no directional evidence; the cell contributes 0 to the dimension score.
icare_0076,Electrification & hydrogen,direct,industrial,institutional,political_acceptability,C,supportive,,CL,,,IPCC verdict is 'supportive' but no city-level data bridge is defined for 'political_acceptability' at sector scope 'industrial'; the IPCC prior is used unmodified.
icare_0076,Electrification & hydrogen,direct,industrial,technological,absence_of_risk,NE,no evidence,,CL,,,IPCC verdict is 'no evidence' for this indicator — provides no directional evidence; the cell contributes 0 to the dimension score.
icare_0076,Electrification & hydrogen,direct,industrial,institutional,legal_admin_acceptability,NE,no evidence,,CL,,,IPCC verdict is 'no evidence' for this indicator — provides no directional evidence; the cell contributes 0 to the dimension score.
icare_0076,Electrification & hydrogen,direct,industrial,institutional,institutional_capacity,NE,no evidence,,CL,,,IPCC verdict is 'no evidence' for this indicator — provides no directional evidence; the cell contributes 0 to the dimension score.
icare_0076,Electrification & hydrogen,direct,industrial,socio_cultural,public_acceptance,LE,limited evidence,,CL,,,IPCC verdict is 'limited evidence' for this indicator — provides no directional evidence; the cell contributes 0 to the dimension score.
icare_0076,Electrification & hydrogen,direct,industrial,geophysical,physical_feasibility,B,neutral,,CL,,,IPCC verdict is 'neutral' for this indicator — provides no directional evidence; the cell contributes 0 to the dimension score.
icare_0076,Electrification & hydrogen,direct,industrial,socio_cultural,human_capabilities,NE,no evidence,,CL,,,IPCC verdict is 'no evidence' for this indicator — provides no directional evidence; the cell contributes 0 to the dimension score.
icare_0076,Electrification & hydrogen,direct,industrial,environmental,air_pollution,NE,no evidence,,CL,,,IPCC verdict is 'no evidence' for this indicator — provides no directional evidence; the cell contributes 0 to the dimension score.
icare_0076,Electrification & hydrogen,direct,industrial,environmental,toxic_waste,NE,no evidence,,CL,,,IPCC verdict is 'no evidence' for this indicator — provides no directional evidence; the cell contributes 0 to the dimension score.
icare_0076,Electrification & hydrogen,direct,industrial,environmental,water_use,NE,no evidence,,CL,,,IPCC verdict is 'no evidence' for this indicator — provides no directional evidence; the cell contributes 0 to the dimension score.
icare_0076,Electrification & hydrogen,direct,industrial,environmental,biodiversity,NE,no evidence,,CL,,,IPCC verdict is 'no evidence' for this indicator — provides no directional evidence; the cell contributes 0 to the dimension score.
icare_0076,Electrification & hydrogen,direct,industrial,geophysical,limited_land_use,NE,no evidence,,CL,,,IPCC verdict is 'no evidence' for this indicator — provides no directional evidence; the cell contributes 0 to the dimension score.
icare_0076,Electrification & hydrogen,direct,industrial,geophysical,global_spread,C,supportive,urban_built_share,CL,positive,industrial,Cities with higher urban_built_share have stronger feasibility for 'global_spread' (geophysical dimension). Bridge applies to 'industrial' sector. IPCC base verdict: supportive.
icare_0078,Electrification & hydrogen,direct,industrial,economic,cost-effectiveness,A,barrier,median_household_income,CL,positive,all,Cities with higher median_household_income have stronger feasibility for 'cost-effectiveness' (economic dimension). Bridge applies to 'all' sector. IPCC base verdict: barrier.
icare_0078,Electrification & hydrogen,direct,industrial,economic,cost-effectiveness,A,barrier,poverty_rate,CL,negative,all,Cities with higher poverty_rate have weaker feasibility for 'cost-effectiveness' (economic dimension). Bridge applies to 'all' sector. IPCC base verdict: barrier.
icare_0078,Electrification & hydrogen,direct,industrial,technological,technical_scalability,C,supportive,,CL,,,IPCC verdict is 'supportive' but no city-level data bridge is defined for 'technical_scalability' at sector scope 'industrial'; the IPCC prior is used unmodified.
icare_0078,Electrification & hydrogen,direct,industrial,technological,maturity,A,barrier,,CL,,,IPCC verdict is 'barrier' but no city-level data bridge is defined for 'maturity' at sector scope 'industrial'; the IPCC prior is used unmodified.
icare_0078,Electrification & hydrogen,direct,industrial,economic,distributional_effects,LE,limited evidence,,CL,,,IPCC verdict is 'limited evidence' for this indicator — provides no directional evidence; the cell contributes 0 to the dimension score.
icare_0078,Electrification & hydrogen,direct,industrial,economic,employment_productivity,LE,limited evidence,,CL,,,IPCC verdict is 'limited evidence' for this indicator — provides no directional evidence; the cell contributes 0 to the dimension score.
icare_0078,Electrification & hydrogen,direct,industrial,technological,simplicity,NE,no evidence,,CL,,,IPCC verdict is 'no evidence' for this indicator — provides no directional evidence; the cell contributes 0 to the dimension score.
icare_0078,Electrification & hydrogen,direct,industrial,institutional,political_acceptability,C,supportive,,CL,,,IPCC verdict is 'supportive' but no city-level data bridge is defined for 'political_acceptability' at sector scope 'industrial'; the IPCC prior is used unmodified.
icare_0078,Electrification & hydrogen,direct,industrial,technological,absence_of_risk,NE,no evidence,,CL,,,IPCC verdict is 'no evidence' for this indicator — provides no directional evidence; the cell contributes 0 to the dimension score.
icare_0078,Electrification & hydrogen,direct,industrial,institutional,legal_admin_acceptability,NE,no evidence,,CL,,,IPCC verdict is 'no evidence' for this indicator — provides no directional evidence; the cell contributes 0 to the dimension score.
icare_0078,Electrification & hydrogen,direct,industrial,institutional,institutional_capacity,NE,no evidence,,CL,,,IPCC verdict is 'no evidence' for this indicator — provides no directional evidence; the cell contributes 0 to the dimension score.
icare_0078,Electrification & hydrogen,direct,industrial,socio_cultural,public_acceptance,LE,limited evidence,,CL,,,IPCC verdict is 'limited evidence' for this indicator — provides no directional evidence; the cell contributes 0 to the dimension score.
icare_0078,Electrification & hydrogen,direct,industrial,geophysical,physical_feasibility,B,neutral,,CL,,,IPCC verdict is 'neutral' for this indicator — provides no directional evidence; the cell contributes 0 to the dimension score.
icare_0078,Electrification & hydrogen,direct,industrial,socio_cultural,human_capabilities,NE,no evidence,,CL,,,IPCC verdict is 'no evidence' for this indicator — provides no directional evidence; the cell contributes 0 to the dimension score.
icare_0078,Electrification & hydrogen,direct,industrial,environmental,air_pollution,NE,no evidence,,CL,,,IPCC verdict is 'no evidence' for this indicator — provides no directional evidence; the cell contributes 0 to the dimension score.
icare_0078,Electrification & hydrogen,direct,industrial,environmental,toxic_waste,NE,no evidence,,CL,,,IPCC verdict is 'no evidence' for this indicator — provides no directional evidence; the cell contributes 0 to the dimension score.
icare_0078,Electrification & hydrogen,direct,industrial,environmental,water_use,NE,no evidence,,CL,,,IPCC verdict is 'no evidence' for this indicator — provides no directional evidence; the cell contributes 0 to the dimension score.
icare_0078,Electrification & hydrogen,direct,industrial,environmental,biodiversity,NE,no evidence,,CL,,,IPCC verdict is 'no evidence' for this indicator — provides no directional evidence; the cell contributes 0 to the dimension score.
icare_0078,Electrification & hydrogen,direct,industrial,geophysical,limited_land_use,NE,no evidence,,CL,,,IPCC verdict is 'no evidence' for this indicator — provides no directional evidence; the cell contributes 0 to the dimension score.
icare_0078,Electrification & hydrogen,direct,industrial,geophysical,global_spread,C,supportive,urban_built_share,CL,positive,industrial,Cities with higher urban_built_share have stronger feasibility for 'global_spread' (geophysical dimension). Bridge applies to 'industrial' sector. IPCC base verdict: supportive.
icare_0079,Electrification & hydrogen,direct,industrial,economic,cost-effectiveness,A,barrier,median_household_income,CL,positive,all,Cities with higher median_household_income have stronger feasibility for 'cost-effectiveness' (economic dimension). Bridge applies to 'all' sector. IPCC base verdict: barrier.
icare_0079,Electrification & hydrogen,direct,industrial,economic,cost-effectiveness,A,barrier,poverty_rate,CL,negative,all,Cities with higher poverty_rate have weaker feasibility for 'cost-effectiveness' (economic dimension). Bridge applies to 'all' sector. IPCC base verdict: barrier.
icare_0079,Electrification & hydrogen,direct,industrial,technological,technical_scalability,C,supportive,,CL,,,IPCC verdict is 'supportive' but no city-level data bridge is defined for 'technical_scalability' at sector scope 'industrial'; the IPCC prior is used unmodified.
icare_0079,Electrification & hydrogen,direct,industrial,technological,maturity,A,barrier,,CL,,,IPCC verdict is 'barrier' but no city-level data bridge is defined for 'maturity' at sector scope 'industrial'; the IPCC prior is used unmodified.
icare_0079,Electrification & hydrogen,direct,industrial,economic,distributional_effects,LE,limited evidence,,CL,,,IPCC verdict is 'limited evidence' for this indicator — provides no directional evidence; the cell contributes 0 to the dimension score.
icare_0079,Electrification & hydrogen,direct,industrial,economic,employment_productivity,LE,limited evidence,,CL,,,IPCC verdict is 'limited evidence' for this indicator — provides no directional evidence; the cell contributes 0 to the dimension score.
icare_0079,Electrification & hydrogen,direct,industrial,technological,simplicity,NE,no evidence,,CL,,,IPCC verdict is 'no evidence' for this indicator — provides no directional evidence; the cell contributes 0 to the dimension score.
icare_0079,Electrification & hydrogen,direct,industrial,institutional,political_acceptability,C,supportive,,CL,,,IPCC verdict is 'supportive' but no city-level data bridge is defined for 'political_acceptability' at sector scope 'industrial'; the IPCC prior is used unmodified.
icare_0079,Electrification & hydrogen,direct,industrial,technological,absence_of_risk,NE,no evidence,,CL,,,IPCC verdict is 'no evidence' for this indicator — provides no directional evidence; the cell contributes 0 to the dimension score.
icare_0079,Electrification & hydrogen,direct,industrial,institutional,legal_admin_acceptability,NE,no evidence,,CL,,,IPCC verdict is 'no evidence' for this indicator — provides no directional evidence; the cell contributes 0 to the dimension score.
icare_0079,Electrification & hydrogen,direct,industrial,institutional,institutional_capacity,NE,no evidence,,CL,,,IPCC verdict is 'no evidence' for this indicator — provides no directional evidence; the cell contributes 0 to the dimension score.
icare_0079,Electrification & hydrogen,direct,industrial,socio_cultural,public_acceptance,LE,limited evidence,,CL,,,IPCC verdict is 'limited evidence' for this indicator — provides no directional evidence; the cell contributes 0 to the dimension score.
icare_0079,Electrification & hydrogen,direct,industrial,geophysical,physical_feasibility,B,neutral,,CL,,,IPCC verdict is 'neutral' for this indicator — provides no directional evidence; the cell contributes 0 to the dimension score.
icare_0079,Electrification & hydrogen,direct,industrial,socio_cultural,human_capabilities,NE,no evidence,,CL,,,IPCC verdict is 'no evidence' for this indicator — provides no directional evidence; the cell contributes 0 to the dimension score.
icare_0079,Electrification & hydrogen,direct,industrial,environmental,air_pollution,NE,no evidence,,CL,,,IPCC verdict is 'no evidence' for this indicator — provides no directional evidence; the cell contributes 0 to the dimension score.
icare_0079,Electrification & hydrogen,direct,industrial,environmental,toxic_waste,NE,no evidence,,CL,,,IPCC verdict is 'no evidence' for this indicator — provides no directional evidence; the cell contributes 0 to the dimension score.
icare_0079,Electrification & hydrogen,direct,industrial,environmental,water_use,NE,no evidence,,CL,,,IPCC verdict is 'no evidence' for this indicator — provides no directional evidence; the cell contributes 0 to the dimension score.
icare_0079,Electrification & hydrogen,direct,industrial,environmental,biodiversity,NE,no evidence,,CL,,,IPCC verdict is 'no evidence' for this indicator — provides no directional evidence; the cell contributes 0 to the dimension score.
icare_0079,Electrification & hydrogen,direct,industrial,geophysical,limited_land_use,NE,no evidence,,CL,,,IPCC verdict is 'no evidence' for this indicator — provides no directional evidence; the cell contributes 0 to the dimension score.
icare_0079,Electrification & hydrogen,direct,industrial,geophysical,global_spread,C,supportive,urban_built_share,CL,positive,industrial,Cities with higher urban_built_share have stronger feasibility for 'global_spread' (geophysical dimension). Bridge applies to 'industrial' sector. IPCC base verdict: supportive.
icare_0082,Bioenergy,weak,energy_supply,economic,cost-effectiveness,B,neutral,,CL,,,IPCC verdict is 'neutral' for this indicator — provides no directional evidence; the cell contributes 0 to the dimension score.
icare_0082,Bioenergy,weak,energy_supply,economic,distributional_effects,B,neutral,,CL,,,IPCC verdict is 'neutral' for this indicator — provides no directional evidence; the cell contributes 0 to the dimension score.
icare_0082,Bioenergy,weak,energy_supply,economic,employment_productivity,C,supportive,unemployment_rate,CL,positive,all,Cities with higher unemployment_rate have stronger feasibility for 'employment_productivity' (economic dimension). Bridge applies to 'all' sector. IPCC base verdict: supportive.
icare_0082,Bioenergy,weak,energy_supply,technological,maturity,C,supportive,,CL,,,IPCC verdict is 'supportive' but no city-level data bridge is defined for 'maturity' at sector scope 'energy_supply'; the IPCC prior is used unmodified.
icare_0082,Bioenergy,weak,energy_supply,technological,simplicity,C,supportive,,CL,,,IPCC verdict is 'supportive' but no city-level data bridge is defined for 'simplicity' at sector scope 'energy_supply'; the IPCC prior is used unmodified.
icare_0082,Bioenergy,weak,energy_supply,technological,absence_of_risk,C,supportive,,CL,,,IPCC verdict is 'supportive' but no city-level data bridge is defined for 'absence_of_risk' at sector scope 'energy_supply'; the IPCC prior is used unmodified.
icare_0082,Bioenergy,weak,energy_supply,institutional,political_acceptability,B,neutral,,CL,,,IPCC verdict is 'neutral' for this indicator — provides no directional evidence; the cell contributes 0 to the dimension score.
icare_0082,Bioenergy,weak,energy_supply,institutional,transparency_accountability,A,barrier,,CL,,,IPCC verdict is 'barrier' but no city-level data bridge is defined for 'transparency_accountability' at sector scope 'energy_supply'; the IPCC prior is used unmodified.
icare_0082,Bioenergy,weak,energy_supply,institutional,institutional_capacity,LE,limited evidence,,CL,,,IPCC verdict is 'limited evidence' for this indicator — provides no directional evidence; the cell contributes 0 to the dimension score.
icare_0082,Bioenergy,weak,energy_supply,socio_cultural,social_co_benefits,B,neutral,,CL,,,IPCC verdict is 'neutral' for this indicator — provides no directional evidence; the cell contributes 0 to the dimension score.
icare_0082,Bioenergy,weak,energy_supply,socio_cultural,public_acceptance,A,barrier,,CL,,,IPCC verdict is 'barrier' but no city-level data bridge is defined for 'public_acceptance' at sector scope 'energy_supply'; the IPCC prior is used unmodified.
icare_0082,Bioenergy,weak,energy_supply,socio_cultural,inclusiveness,B,neutral,,CL,,,IPCC verdict is 'neutral' for this indicator — provides no directional evidence; the cell contributes 0 to the dimension score.
icare_0082,Bioenergy,weak,energy_supply,socio_cultural,intergenerational_equity,NE,no evidence,,CL,,,IPCC verdict is 'no evidence' for this indicator — provides no directional evidence; the cell contributes 0 to the dimension score.
icare_0082,Bioenergy,weak,energy_supply,socio_cultural,human_capabilities,NE,no evidence,,CL,,,IPCC verdict is 'no evidence' for this indicator — provides no directional evidence; the cell contributes 0 to the dimension score.
icare_0082,Bioenergy,weak,energy_supply,environmental,air_pollution,LE,limited evidence,,CL,,,IPCC verdict is 'limited evidence' for this indicator — provides no directional evidence; the cell contributes 0 to the dimension score.
icare_0082,Bioenergy,weak,energy_supply,environmental,toxic_waste,NE,no evidence,,CL,,,IPCC verdict is 'no evidence' for this indicator — provides no directional evidence; the cell contributes 0 to the dimension score.
icare_0082,Bioenergy,weak,energy_supply,environmental,water_use,A,barrier,,CL,,,IPCC verdict is 'barrier' but no city-level data bridge is defined for 'water_use' at sector scope 'energy_supply'; the IPCC prior is used unmodified.
icare_0082,Bioenergy,weak,energy_supply,environmental,biodiversity,B,neutral,,CL,,,IPCC verdict is 'neutral' for this indicator — provides no directional evidence; the cell contributes 0 to the dimension score.
icare_0082,Bioenergy,weak,energy_supply,geophysical,physical_feasibility,B,neutral,,CL,,,IPCC verdict is 'neutral' for this indicator — provides no directional evidence; the cell contributes 0 to the dimension score.
icare_0082,Bioenergy,weak,energy_supply,geophysical,limited_land_use,A,barrier,,CL,,,IPCC verdict is 'barrier' but no city-level data bridge is defined for 'limited_land_use' at sector scope 'energy_supply'; the IPCC prior is used unmodified.
icare_0099,Sustainable intensification,partial,sustainable_intensification,economic,cost-effectiveness,C,supportive,median_household_income,CL,positive,all,Cities with higher median_household_income have stronger feasibility for 'cost-effectiveness' (economic dimension). Bridge applies to 'all' sector. IPCC base verdict: supportive.
icare_0099,Sustainable intensification,partial,sustainable_intensification,economic,cost-effectiveness,C,supportive,poverty_rate,CL,negative,all,Cities with higher poverty_rate have weaker feasibility for 'cost-effectiveness' (economic dimension). Bridge applies to 'all' sector. IPCC base verdict: supportive.
icare_0099,Sustainable intensification,partial,sustainable_intensification,economic,distributional_effects,B,neutral,,CL,,,IPCC verdict is 'neutral' for this indicator — provides no directional evidence; the cell contributes 0 to the dimension score.
icare_0099,Sustainable intensification,partial,sustainable_intensification,economic,employment_productivity,B,neutral,,CL,,,IPCC verdict is 'neutral' for this indicator — provides no directional evidence; the cell contributes 0 to the dimension score.
icare_0099,Sustainable intensification,partial,sustainable_intensification,technological,technical_scalability,C,supportive,,CL,,,IPCC verdict is 'supportive' but no city-level data bridge is defined for 'technical_scalability' at sector scope 'sustainable_intensification'; the IPCC prior is used unmodified.
icare_0099,Sustainable intensification,partial,sustainable_intensification,technological,maturity,C,supportive,,CL,,,IPCC verdict is 'supportive' but no city-level data bridge is defined for 'maturity' at sector scope 'sustainable_intensification'; the IPCC prior is used unmodified.
icare_0099,Sustainable intensification,partial,sustainable_intensification,technological,simplicity,C,supportive,,CL,,,IPCC verdict is 'supportive' but no city-level data bridge is defined for 'simplicity' at sector scope 'sustainable_intensification'; the IPCC prior is used unmodified.
icare_0099,Sustainable intensification,partial,sustainable_intensification,technological,absence_of_risk,C,supportive,,CL,,,IPCC verdict is 'supportive' but no city-level data bridge is defined for 'absence_of_risk' at sector scope 'sustainable_intensification'; the IPCC prior is used unmodified.
icare_0099,Sustainable intensification,partial,sustainable_intensification,institutional,political_acceptability,C,supportive,,CL,,,IPCC verdict is 'supportive' but no city-level data bridge is defined for 'political_acceptability' at sector scope 'sustainable_intensification'; the IPCC prior is used unmodified.
icare_0099,Sustainable intensification,partial,sustainable_intensification,institutional,institutional_capacity,B,neutral,,CL,,,IPCC verdict is 'neutral' for this indicator — provides no directional evidence; the cell contributes 0 to the dimension score.
icare_0099,Sustainable intensification,partial,sustainable_intensification,institutional,transparency_accountability,B,neutral,,CL,,,IPCC verdict is 'neutral' for this indicator — provides no directional evidence; the cell contributes 0 to the dimension score.
icare_0099,Sustainable intensification,partial,sustainable_intensification,socio_cultural,social_co_benefits,C,supportive,,CL,,,IPCC verdict is 'supportive' but no city-level data bridge is defined for 'social_co_benefits' at sector scope 'sustainable_intensification'; the IPCC prior is used unmodified.
icare_0099,Sustainable intensification,partial,sustainable_intensification,socio_cultural,public_acceptance,C,supportive,,CL,,,IPCC verdict is 'supportive' but no city-level data bridge is defined for 'public_acceptance' at sector scope 'sustainable_intensification'; the IPCC prior is used unmodified.
icare_0099,Sustainable intensification,partial,sustainable_intensification,socio_cultural,inclusiveness,B,neutral,,CL,,,IPCC verdict is 'neutral' for this indicator — provides no directional evidence; the cell contributes 0 to the dimension score.
icare_0099,Sustainable intensification,partial,sustainable_intensification,socio_cultural,intergenerational_equity,B,neutral,,CL,,,IPCC verdict is 'neutral' for this indicator — provides no directional evidence; the cell contributes 0 to the dimension score.
icare_0099,Sustainable intensification,partial,sustainable_intensification,environmental,water_use,C,supportive,,CL,,,IPCC verdict is 'supportive' but no city-level data bridge is defined for 'water_use' at sector scope 'sustainable_intensification'; the IPCC prior is used unmodified.
icare_0099,Sustainable intensification,partial,sustainable_intensification,environmental,biodiversity,C,supportive,,CL,,,IPCC verdict is 'supportive' but no city-level data bridge is defined for 'biodiversity' at sector scope 'sustainable_intensification'; the IPCC prior is used unmodified.
icare_0099,Sustainable intensification,partial,sustainable_intensification,geophysical,physical_feasibility,C,supportive,pasture_share,CL,positive,sustainable_intensification,Cities with higher pasture_share have stronger feasibility for 'physical_feasibility' (geophysical dimension). Bridge applies to 'sustainable_intensification' sector. IPCC base verdict: supportive.
icare_0099,Sustainable intensification,partial,sustainable_intensification,geophysical,physical_feasibility,C,supportive,cropland_share,CL,positive,sustainable_intensification,Cities with higher cropland_share have stronger feasibility for 'physical_feasibility' (geophysical dimension). Bridge applies to 'sustainable_intensification' sector. IPCC base verdict: supportive.
icare_0099,Sustainable intensification,partial,sustainable_intensification,socio_cultural,human_capabilities,LE,limited evidence,,CL,,,IPCC verdict is 'limited evidence' for this indicator — provides no directional evidence; the cell contributes 0 to the dimension score.
icare_0099,Sustainable intensification,partial,sustainable_intensification,environmental,air_pollution,NE,no evidence,,CL,,,IPCC verdict is 'no evidence' for this indicator — provides no directional evidence; the cell contributes 0 to the dimension score.
icare_0099,Sustainable intensification,partial,sustainable_intensification,environmental,toxic_waste,NE,no evidence,,CL,,,IPCC verdict is 'no evidence' for this indicator — provides no directional evidence; the cell contributes 0 to the dimension score.
icare_0099,Sustainable intensification,partial,sustainable_intensification,geophysical,limited_land_use,B,neutral,,CL,,,IPCC verdict is 'neutral' for this indicator — provides no directional evidence; the cell contributes 0 to the dimension score.
icare_0099,Sustainable intensification,partial,sustainable_intensification,geophysical,global_spread,C,supportive,,CL,,,IPCC verdict is 'supportive' but no city-level data bridge is defined for 'global_spread' at sector scope 'sustainable_intensification'; the IPCC prior is used unmodified.
icare_0104,Solar PV,partial,energy_supply,economic,cost-effectiveness,C,supportive,median_household_income,CL,positive,all,Cities with higher median_household_income have stronger feasibility for 'cost-effectiveness' (economic dimension). Bridge applies to 'all' sector. IPCC base verdict: supportive.
icare_0104,Solar PV,partial,energy_supply,economic,cost-effectiveness,C,supportive,poverty_rate,CL,negative,all,Cities with higher poverty_rate have weaker feasibility for 'cost-effectiveness' (economic dimension). Bridge applies to 'all' sector. IPCC base verdict: supportive.
icare_0104,Solar PV,partial,energy_supply,economic,distributional_effects,C,supportive,poverty_rate,CL,negative,all,Cities with higher poverty_rate have weaker feasibility for 'distributional_effects' (economic dimension). Bridge applies to 'all' sector. IPCC base verdict: supportive.
icare_0104,Solar PV,partial,energy_supply,economic,employment_productivity,C,supportive,unemployment_rate,CL,positive,all,Cities with higher unemployment_rate have stronger feasibility for 'employment_productivity' (economic dimension). Bridge applies to 'all' sector. IPCC base verdict: supportive.
icare_0104,Solar PV,partial,energy_supply,technological,maturity,C,supportive,,CL,,,IPCC verdict is 'supportive' but no city-level data bridge is defined for 'maturity' at sector scope 'energy_supply'; the IPCC prior is used unmodified.
icare_0104,Solar PV,partial,energy_supply,technological,simplicity,C,supportive,,CL,,,IPCC verdict is 'supportive' but no city-level data bridge is defined for 'simplicity' at sector scope 'energy_supply'; the IPCC prior is used unmodified.
icare_0104,Solar PV,partial,energy_supply,technological,absence_of_risk,C,supportive,,CL,,,IPCC verdict is 'supportive' but no city-level data bridge is defined for 'absence_of_risk' at sector scope 'energy_supply'; the IPCC prior is used unmodified.
icare_0104,Solar PV,partial,energy_supply,institutional,political_acceptability,B,neutral,,CL,,,IPCC verdict is 'neutral' for this indicator — provides no directional evidence; the cell contributes 0 to the dimension score.
icare_0104,Solar PV,partial,energy_supply,institutional,institutional_capacity,B,neutral,,CL,,,IPCC verdict is 'neutral' for this indicator — provides no directional evidence; the cell contributes 0 to the dimension score.
icare_0104,Solar PV,partial,energy_supply,institutional,transparency_accountability,C,supportive,,CL,,,IPCC verdict is 'supportive' but no city-level data bridge is defined for 'transparency_accountability' at sector scope 'energy_supply'; the IPCC prior is used unmodified.
icare_0104,Solar PV,partial,energy_supply,socio_cultural,social_co_benefits,C,supportive,,CL,,,IPCC verdict is 'supportive' but no city-level data bridge is defined for 'social_co_benefits' at sector scope 'energy_supply'; the IPCC prior is used unmodified.
icare_0104,Solar PV,partial,energy_supply,socio_cultural,public_acceptance,C,supportive,,CL,,,IPCC verdict is 'supportive' but no city-level data bridge is defined for 'public_acceptance' at sector scope 'energy_supply'; the IPCC prior is used unmodified.
icare_0104,Solar PV,partial,energy_supply,socio_cultural,inclusiveness,B,neutral,,CL,,,IPCC verdict is 'neutral' for this indicator — provides no directional evidence; the cell contributes 0 to the dimension score.
icare_0104,Solar PV,partial,energy_supply,socio_cultural,intergenerational_equity,C,supportive,,CL,,,IPCC verdict is 'supportive' but no city-level data bridge is defined for 'intergenerational_equity' at sector scope 'energy_supply'; the IPCC prior is used unmodified.
icare_0104,Solar PV,partial,energy_supply,socio_cultural,human_capabilities,B,neutral,,CL,,,IPCC verdict is 'neutral' for this indicator — provides no directional evidence; the cell contributes 0 to the dimension score.
icare_0104,Solar PV,partial,energy_supply,environmental,air_pollution,C,supportive,,CL,,,IPCC verdict is 'supportive' but no city-level data bridge is defined for 'air_pollution' at sector scope 'energy_supply'; the IPCC prior is used unmodified.
icare_0104,Solar PV,partial,energy_supply,environmental,toxic_waste,B,neutral,,CL,,,IPCC verdict is 'neutral' for this indicator — provides no directional evidence; the cell contributes 0 to the dimension score.
icare_0104,Solar PV,partial,energy_supply,environmental,water_use,C,supportive,,CL,,,IPCC verdict is 'supportive' but no city-level data bridge is defined for 'water_use' at sector scope 'energy_supply'; the IPCC prior is used unmodified.
icare_0104,Solar PV,partial,energy_supply,environmental,biodiversity,C,supportive,,CL,,,IPCC verdict is 'supportive' but no city-level data bridge is defined for 'biodiversity' at sector scope 'energy_supply'; the IPCC prior is used unmodified.
icare_0104,Solar PV,partial,energy_supply,geophysical,physical_feasibility,C,supportive,silviculture_share,CL,positive,energy_supply,Cities with higher silviculture_share have stronger feasibility for 'physical_feasibility' (geophysical dimension). Bridge applies to 'energy_supply' sector. IPCC base verdict: supportive.
icare_0104,Solar PV,partial,energy_supply,geophysical,physical_feasibility,C,supportive,urban_built_share,CL,positive,energy_supply,Cities with higher urban_built_share have stronger feasibility for 'physical_feasibility' (geophysical dimension). Bridge applies to 'energy_supply' sector. IPCC base verdict: supportive.
icare_0104,Solar PV,partial,energy_supply,geophysical,limited_land_use,B,neutral,,CL,,,IPCC verdict is 'neutral' for this indicator — provides no directional evidence; the cell contributes 0 to the dimension score.
icare_0104,Solar PV,partial,energy_supply,geophysical,limited_scarce_resources,B,neutral,,CL,,,IPCC verdict is 'neutral' for this indicator — provides no directional evidence; the cell contributes 0 to the dimension score.
icare_0105,Smart grids,direct,energy_supply,economic,cost-effectiveness,B,neutral,,CL,,,IPCC verdict is 'neutral' for this indicator — provides no directional evidence; the cell contributes 0 to the dimension score.
icare_0105,Smart grids,direct,energy_supply,economic,distributional_effects,B,neutral,,CL,,,IPCC verdict is 'neutral' for this indicator — provides no directional evidence; the cell contributes 0 to the dimension score.
icare_0105,Smart grids,direct,energy_supply,economic,employment_productivity,C,supportive,unemployment_rate,CL,positive,all,Cities with higher unemployment_rate have stronger feasibility for 'employment_productivity' (economic dimension). Bridge applies to 'all' sector. IPCC base verdict: supportive.
icare_0105,Smart grids,direct,energy_supply,technological,technical_scalability,C,supportive,electricity_access_rate,CL,positive,energy_supply,Cities with higher electricity_access_rate have stronger feasibility for 'technical_scalability' (technological dimension). Bridge applies to 'energy_supply' sector. IPCC base verdict: supportive.
icare_0105,Smart grids,direct,energy_supply,technological,technical_scalability,C,supportive,fixed_internet_household_share,CL,positive,energy_supply,Cities with higher fixed_internet_household_share have stronger feasibility for 'technical_scalability' (technological dimension). Bridge applies to 'energy_supply' sector. IPCC base verdict: supportive.
icare_0105,Smart grids,direct,energy_supply,technological,maturity,B,neutral,,CL,,,IPCC verdict is 'neutral' for this indicator — provides no directional evidence; the cell contributes 0 to the dimension score.
icare_0105,Smart grids,direct,energy_supply,technological,simplicity,A,barrier,,CL,,,IPCC verdict is 'barrier' but no city-level data bridge is defined for 'simplicity' at sector scope 'energy_supply'; the IPCC prior is used unmodified.
icare_0105,Smart grids,direct,energy_supply,technological,absence_of_risk,B,neutral,,CL,,,IPCC verdict is 'neutral' for this indicator — provides no directional evidence; the cell contributes 0 to the dimension score.
icare_0105,Smart grids,direct,energy_supply,institutional,political_acceptability,B,neutral,,CL,,,IPCC verdict is 'neutral' for this indicator — provides no directional evidence; the cell contributes 0 to the dimension score.
icare_0105,Smart grids,direct,energy_supply,institutional,institutional_capacity,A,barrier,employment_agriculture_utilities,CL,positive,energy_supply,Cities with higher employment_agriculture_utilities have stronger feasibility for 'institutional_capacity' (institutional dimension). Bridge applies to 'energy_supply' sector. IPCC base verdict: barrier.
icare_0105,Smart grids,direct,energy_supply,institutional,transparency_accountability,A,barrier,,CL,,,IPCC verdict is 'barrier' but no city-level data bridge is defined for 'transparency_accountability' at sector scope 'energy_supply'; the IPCC prior is used unmodified.
icare_0105,Smart grids,direct,energy_supply,socio_cultural,social_co_benefits,C,supportive,,CL,,,IPCC verdict is 'supportive' but no city-level data bridge is defined for 'social_co_benefits' at sector scope 'energy_supply'; the IPCC prior is used unmodified.
icare_0105,Smart grids,direct,energy_supply,socio_cultural,public_acceptance,B,neutral,,CL,,,IPCC verdict is 'neutral' for this indicator — provides no directional evidence; the cell contributes 0 to the dimension score.
icare_0105,Smart grids,direct,energy_supply,socio_cultural,inclusiveness,C,supportive,poverty_rate,CL,negative,all,Cities with higher poverty_rate have weaker feasibility for 'inclusiveness' (socio_cultural dimension). Bridge applies to 'all' sector. IPCC base verdict: supportive.
icare_0105,Smart grids,direct,energy_supply,socio_cultural,inclusiveness,C,supportive,disability_prevalence,CL,negative,all,Cities with higher disability_prevalence have weaker feasibility for 'inclusiveness' (socio_cultural dimension). Bridge applies to 'all' sector. IPCC base verdict: supportive.
icare_0105,Smart grids,direct,energy_supply,socio_cultural,inclusiveness,C,supportive,indigenous_identification_rate,CL,negative,all,Cities with higher indigenous_identification_rate have weaker feasibility for 'inclusiveness' (socio_cultural dimension). Bridge applies to 'all' sector. IPCC base verdict: supportive.
icare_0105,Smart grids,direct,energy_supply,socio_cultural,intergenerational_equity,C,supportive,,CL,,,IPCC verdict is 'supportive' but no city-level data bridge is defined for 'intergenerational_equity' at sector scope 'energy_supply'; the IPCC prior is used unmodified.
icare_0105,Smart grids,direct,energy_supply,socio_cultural,human_capabilities,A,barrier,mean_years_schooling,CL,positive,all,Cities with higher mean_years_schooling have stronger feasibility for 'human_capabilities' (socio_cultural dimension). Bridge applies to 'all' sector. IPCC base verdict: barrier.
icare_0105,Smart grids,direct,energy_supply,socio_cultural,human_capabilities,A,barrier,literacy_rate,CL,positive,all,Cities with higher literacy_rate have stronger feasibility for 'human_capabilities' (socio_cultural dimension). Bridge applies to 'all' sector. IPCC base verdict: barrier.
icare_0105,Smart grids,direct,energy_supply,environmental,air_pollution,C,supportive,,CL,,,IPCC verdict is 'supportive' but no city-level data bridge is defined for 'air_pollution' at sector scope 'energy_supply'; the IPCC prior is used unmodified.
icare_0105,Smart grids,direct,energy_supply,environmental,toxic_waste,B,neutral,,CL,,,IPCC verdict is 'neutral' for this indicator — provides no directional evidence; the cell contributes 0 to the dimension score.
icare_0105,Smart grids,direct,energy_supply,environmental,water_use,C,supportive,,CL,,,IPCC verdict is 'supportive' but no city-level data bridge is defined for 'water_use' at sector scope 'energy_supply'; the IPCC prior is used unmodified.
icare_0105,Smart grids,direct,energy_supply,environmental,biodiversity,C,supportive,,CL,,,IPCC verdict is 'supportive' but no city-level data bridge is defined for 'biodiversity' at sector scope 'energy_supply'; the IPCC prior is used unmodified.
icare_0105,Smart grids,direct,energy_supply,geophysical,physical_feasibility,C,supportive,silviculture_share,CL,positive,energy_supply,Cities with higher silviculture_share have stronger feasibility for 'physical_feasibility' (geophysical dimension). Bridge applies to 'energy_supply' sector. IPCC base verdict: supportive.
icare_0105,Smart grids,direct,energy_supply,geophysical,physical_feasibility,C,supportive,urban_built_share,CL,positive,energy_supply,Cities with higher urban_built_share have stronger feasibility for 'physical_feasibility' (geophysical dimension). Bridge applies to 'energy_supply' sector. IPCC base verdict: supportive.
icare_0105,Smart grids,direct,energy_supply,geophysical,limited_scarce_resources,B,neutral,,CL,,,IPCC verdict is 'neutral' for this indicator — provides no directional evidence; the cell contributes 0 to the dimension score.
icare_0105,Smart grids,direct,energy_supply,geophysical,global_spread,B,neutral,,CL,,,IPCC verdict is 'neutral' for this indicator — provides no directional evidence; the cell contributes 0 to the dimension score.
icare_0110,Bio-based & circularity,weak,industrial,economic,cost-effectiveness,B,neutral,,CL,,,IPCC verdict is 'neutral' for this indicator — provides no directional evidence; the cell contributes 0 to the dimension score.
icare_0110,Bio-based & circularity,weak,industrial,economic,employment_productivity,B,neutral,,CL,,,IPCC verdict is 'neutral' for this indicator — provides no directional evidence; the cell contributes 0 to the dimension score.
icare_0110,Bio-based & circularity,weak,industrial,technological,technical_scalability,C,supportive,,CL,,,IPCC verdict is 'supportive' but no city-level data bridge is defined for 'technical_scalability' at sector scope 'industrial'; the IPCC prior is used unmodified.
icare_0110,Bio-based & circularity,weak,industrial,technological,maturity,B,neutral,,CL,,,IPCC verdict is 'neutral' for this indicator — provides no directional evidence; the cell contributes 0 to the dimension score.
icare_0110,Bio-based & circularity,weak,industrial,technological,simplicity,A,barrier,,CL,,,IPCC verdict is 'barrier' but no city-level data bridge is defined for 'simplicity' at sector scope 'industrial'; the IPCC prior is used unmodified.
icare_0110,Bio-based & circularity,weak,industrial,economic,distributional_effects,NE,no evidence,,CL,,,IPCC verdict is 'no evidence' for this indicator — provides no directional evidence; the cell contributes 0 to the dimension score.
icare_0110,Bio-based & circularity,weak,industrial,institutional,legal_admin_acceptability,A,barrier,,CL,,,IPCC verdict is 'barrier' but no city-level data bridge is defined for 'legal_admin_acceptability' at sector scope 'industrial'; the IPCC prior is used unmodified.
icare_0110,Bio-based & circularity,weak,industrial,institutional,institutional_capacity,A,barrier,industry_construction_employment,CL,positive,industrial,Cities with higher industry_construction_employment have stronger feasibility for 'institutional_capacity' (institutional dimension). Bridge applies to 'industrial' sector. IPCC base verdict: barrier.
icare_0110,Bio-based & circularity,weak,industrial,socio_cultural,public_acceptance,A,barrier,,CL,,,IPCC verdict is 'barrier' but no city-level data bridge is defined for 'public_acceptance' at sector scope 'industrial'; the IPCC prior is used unmodified.
icare_0110,Bio-based & circularity,weak,industrial,technological,absence_of_risk,LE,limited evidence,,CL,,,IPCC verdict is 'limited evidence' for this indicator — provides no directional evidence; the cell contributes 0 to the dimension score.
icare_0110,Bio-based & circularity,weak,industrial,institutional,political_acceptability,LE,limited evidence,,CL,,,IPCC verdict is 'limited evidence' for this indicator — provides no directional evidence; the cell contributes 0 to the dimension score.
icare_0110,Bio-based & circularity,weak,industrial,institutional,transparency_accountability,LE,limited evidence,,CL,,,IPCC verdict is 'limited evidence' for this indicator — provides no directional evidence; the cell contributes 0 to the dimension score.
icare_0110,Bio-based & circularity,weak,industrial,socio_cultural,social_co_benefits,NE,no evidence,,CL,,,IPCC verdict is 'no evidence' for this indicator — provides no directional evidence; the cell contributes 0 to the dimension score.
icare_0110,Bio-based & circularity,weak,industrial,socio_cultural,inclusiveness,B,neutral,,CL,,,IPCC verdict is 'neutral' for this indicator — provides no directional evidence; the cell contributes 0 to the dimension score.
icare_0110,Bio-based & circularity,weak,industrial,geophysical,physical_feasibility,A,barrier,urban_built_share,CL,positive,industrial,Cities with higher urban_built_share have stronger feasibility for 'physical_feasibility' (geophysical dimension). Bridge applies to 'industrial' sector. IPCC base verdict: barrier.
icare_0110,Bio-based & circularity,weak,industrial,geophysical,limited_land_use,A,barrier,,CL,,,IPCC verdict is 'barrier' but no city-level data bridge is defined for 'limited_land_use' at sector scope 'industrial'; the IPCC prior is used unmodified.
icare_0110,Bio-based & circularity,weak,industrial,socio_cultural,intergenerational_equity,NE,no evidence,,CL,,,IPCC verdict is 'no evidence' for this indicator — provides no directional evidence; the cell contributes 0 to the dimension score.
icare_0110,Bio-based & circularity,weak,industrial,socio_cultural,human_capabilities,LE,limited evidence,,CL,,,IPCC verdict is 'limited evidence' for this indicator — provides no directional evidence; the cell contributes 0 to the dimension score.
icare_0110,Bio-based & circularity,weak,industrial,environmental,air_pollution,NE,no evidence,,CL,,,IPCC verdict is 'no evidence' for this indicator — provides no directional evidence; the cell contributes 0 to the dimension score.
icare_0110,Bio-based & circularity,weak,industrial,environmental,toxic_waste,NE,no evidence,,CL,,,IPCC verdict is 'no evidence' for this indicator — provides no directional evidence; the cell contributes 0 to the dimension score.
icare_0110,Bio-based & circularity,weak,industrial,environmental,water_use,NE,no evidence,,CL,,,IPCC verdict is 'no evidence' for this indicator — provides no directional evidence; the cell contributes 0 to the dimension score.
icare_0110,Bio-based & circularity,weak,industrial,environmental,biodiversity,NE,no evidence,,CL,,,IPCC verdict is 'no evidence' for this indicator — provides no directional evidence; the cell contributes 0 to the dimension score.
icare_0110,Bio-based & circularity,weak,industrial,geophysical,global_spread,C,supportive,urban_built_share,CL,positive,industrial,Cities with higher urban_built_share have stronger feasibility for 'global_spread' (geophysical dimension). Bridge applies to 'industrial' sector. IPCC base verdict: supportive.
icare_0111,Reduced food wastage,weak,waste,economic,cost-effectiveness,C,supportive,median_household_income,CL,positive,all,Cities with higher median_household_income have stronger feasibility for 'cost-effectiveness' (economic dimension). Bridge applies to 'all' sector. IPCC base verdict: supportive.
icare_0111,Reduced food wastage,weak,waste,economic,cost-effectiveness,C,supportive,poverty_rate,CL,negative,all,Cities with higher poverty_rate have weaker feasibility for 'cost-effectiveness' (economic dimension). Bridge applies to 'all' sector. IPCC base verdict: supportive.
icare_0111,Reduced food wastage,weak,waste,economic,distributional_effects,B,neutral,,CL,,,IPCC verdict is 'neutral' for this indicator — provides no directional evidence; the cell contributes 0 to the dimension score.
icare_0111,Reduced food wastage,weak,waste,economic,employment_productivity,B,neutral,,CL,,,IPCC verdict is 'neutral' for this indicator — provides no directional evidence; the cell contributes 0 to the dimension score.
icare_0111,Reduced food wastage,weak,waste,technological,technical_scalability,B,neutral,,CL,,,IPCC verdict is 'neutral' for this indicator — provides no directional evidence; the cell contributes 0 to the dimension score.
icare_0111,Reduced food wastage,weak,waste,technological,absence_of_risk,C,supportive,,CL,,,IPCC verdict is 'supportive' but no city-level data bridge is defined for 'absence_of_risk' at sector scope 'waste'; the IPCC prior is used unmodified.
icare_0111,Reduced food wastage,weak,waste,institutional,political_acceptability,C,supportive,,CL,,,IPCC verdict is 'supportive' but no city-level data bridge is defined for 'political_acceptability' at sector scope 'waste'; the IPCC prior is used unmodified.
icare_0111,Reduced food wastage,weak,waste,technological,maturity,NE,no evidence,,CL,,,IPCC verdict is 'no evidence' for this indicator — provides no directional evidence; the cell contributes 0 to the dimension score.
icare_0111,Reduced food wastage,weak,waste,technological,simplicity,NE,no evidence,,CL,,,IPCC verdict is 'no evidence' for this indicator — provides no directional evidence; the cell contributes 0 to the dimension score.
icare_0111,Reduced food wastage,weak,waste,institutional,institutional_capacity,C,supportive,,CL,,,IPCC verdict is 'supportive' but no city-level data bridge is defined for 'institutional_capacity' at sector scope 'waste'; the IPCC prior is used unmodified.
icare_0111,Reduced food wastage,weak,waste,institutional,transparency_accountability,C,supportive,,CL,,,IPCC verdict is 'supportive' but no city-level data bridge is defined for 'transparency_accountability' at sector scope 'waste'; the IPCC prior is used unmodified.
icare_0111,Reduced food wastage,weak,waste,socio_cultural,social_co_benefits,C,supportive,,CL,,,IPCC verdict is 'supportive' but no city-level data bridge is defined for 'social_co_benefits' at sector scope 'waste'; the IPCC prior is used unmodified.
icare_0111,Reduced food wastage,weak,waste,socio_cultural,public_acceptance,B,neutral,,CL,,,IPCC verdict is 'neutral' for this indicator — provides no directional evidence; the cell contributes 0 to the dimension score.
icare_0111,Reduced food wastage,weak,waste,socio_cultural,inclusiveness,B,neutral,,CL,,,IPCC verdict is 'neutral' for this indicator — provides no directional evidence; the cell contributes 0 to the dimension score.
icare_0111,Reduced food wastage,weak,waste,socio_cultural,intergenerational_equity,B,neutral,,CL,,,IPCC verdict is 'neutral' for this indicator — provides no directional evidence; the cell contributes 0 to the dimension score.
icare_0111,Reduced food wastage,weak,waste,socio_cultural,human_capabilities,C,supportive,mean_years_schooling,CL,positive,all,Cities with higher mean_years_schooling have stronger feasibility for 'human_capabilities' (socio_cultural dimension). Bridge applies to 'all' sector. IPCC base verdict: supportive.
icare_0111,Reduced food wastage,weak,waste,socio_cultural,human_capabilities,C,supportive,literacy_rate,CL,positive,all,Cities with higher literacy_rate have stronger feasibility for 'human_capabilities' (socio_cultural dimension). Bridge applies to 'all' sector. IPCC base verdict: supportive.
icare_0111,Reduced food wastage,weak,waste,environmental,air_pollution,C,supportive,,CL,,,IPCC verdict is 'supportive' but no city-level data bridge is defined for 'air_pollution' at sector scope 'waste'; the IPCC prior is used unmodified.
icare_0111,Reduced food wastage,weak,waste,environmental,water_use,C,supportive,,CL,,,IPCC verdict is 'supportive' but no city-level data bridge is defined for 'water_use' at sector scope 'waste'; the IPCC prior is used unmodified.
icare_0111,Reduced food wastage,weak,waste,environmental,biodiversity,C,supportive,,CL,,,IPCC verdict is 'supportive' but no city-level data bridge is defined for 'biodiversity' at sector scope 'waste'; the IPCC prior is used unmodified.
icare_0111,Reduced food wastage,weak,waste,geophysical,physical_feasibility,C,supportive,,CL,,,IPCC verdict is 'supportive' but no city-level data bridge is defined for 'physical_feasibility' at sector scope 'waste'; the IPCC prior is used unmodified.
icare_0111,Reduced food wastage,weak,waste,environmental,toxic_waste,NE,no evidence,,CL,,,IPCC verdict is 'no evidence' for this indicator — provides no directional evidence; the cell contributes 0 to the dimension score.
icare_0111,Reduced food wastage,weak,waste,geophysical,limited_land_use,C,supportive,,CL,,,IPCC verdict is 'supportive' but no city-level data bridge is defined for 'limited_land_use' at sector scope 'waste'; the IPCC prior is used unmodified.
icare_0111,Reduced food wastage,weak,waste,geophysical,global_spread,LE,limited evidence,,CL,,,IPCC verdict is 'limited evidence' for this indicator — provides no directional evidence; the cell contributes 0 to the dimension score.
icare_0117,Public transport,direct,transport,economic,cost-effectiveness,C,supportive,median_household_income,CL,positive,all,Cities with higher median_household_income have stronger feasibility for 'cost-effectiveness' (economic dimension). Bridge applies to 'all' sector. IPCC base verdict: supportive.
icare_0117,Public transport,direct,transport,economic,cost-effectiveness,C,supportive,poverty_rate,CL,negative,all,Cities with higher poverty_rate have weaker feasibility for 'cost-effectiveness' (economic dimension). Bridge applies to 'all' sector. IPCC base verdict: supportive.
icare_0117,Public transport,direct,transport,economic,distributional_effects,C,supportive,poverty_rate,CL,negative,all,Cities with higher poverty_rate have weaker feasibility for 'distributional_effects' (economic dimension). Bridge applies to 'all' sector. IPCC base verdict: supportive.
icare_0117,Public transport,direct,transport,economic,employment_productivity,C,supportive,unemployment_rate,CL,positive,all,Cities with higher unemployment_rate have stronger feasibility for 'employment_productivity' (economic dimension). Bridge applies to 'all' sector. IPCC base verdict: supportive.
icare_0117,Public transport,direct,transport,economic,employment_productivity,C,supportive,employment_in_transport_and_logistics,CL,positive,transport,Cities with higher employment_in_transport_and_logistics have stronger feasibility for 'employment_productivity' (economic dimension). Bridge applies to 'transport' sector. IPCC base verdict: supportive.
icare_0117,Public transport,direct,transport,technological,technical_scalability,C,supportive,fixed_internet_household_share,CL,positive,transport,Cities with higher fixed_internet_household_share have stronger feasibility for 'technical_scalability' (technological dimension). Bridge applies to 'transport' sector. IPCC base verdict: supportive.
icare_0117,Public transport,direct,transport,technological,maturity,C,supportive,,CL,,,IPCC verdict is 'supportive' but no city-level data bridge is defined for 'maturity' at sector scope 'transport'; the IPCC prior is used unmodified.
icare_0117,Public transport,direct,transport,technological,simplicity,B,neutral,,CL,,,IPCC verdict is 'neutral' for this indicator — provides no directional evidence; the cell contributes 0 to the dimension score.
icare_0117,Public transport,direct,transport,technological,absence_of_risk,C,supportive,,CL,,,IPCC verdict is 'supportive' but no city-level data bridge is defined for 'absence_of_risk' at sector scope 'transport'; the IPCC prior is used unmodified.
icare_0117,Public transport,direct,transport,institutional,political_acceptability,C,supportive,,CL,,,IPCC verdict is 'supportive' but no city-level data bridge is defined for 'political_acceptability' at sector scope 'transport'; the IPCC prior is used unmodified.
icare_0117,Public transport,direct,transport,institutional,institutional_capacity,C,supportive,employment_in_transport_and_logistics,CL,positive,transport,Cities with higher employment_in_transport_and_logistics have stronger feasibility for 'institutional_capacity' (institutional dimension). Bridge applies to 'transport' sector. IPCC base verdict: supportive.
icare_0117,Public transport,direct,transport,socio_cultural,social_co_benefits,C,supportive,,CL,,,IPCC verdict is 'supportive' but no city-level data bridge is defined for 'social_co_benefits' at sector scope 'transport'; the IPCC prior is used unmodified.
icare_0117,Public transport,direct,transport,socio_cultural,public_acceptance,B,neutral,,CL,,,IPCC verdict is 'neutral' for this indicator — provides no directional evidence; the cell contributes 0 to the dimension score.
icare_0117,Public transport,direct,transport,institutional,transparency_accountability,LE,limited evidence,,CL,,,IPCC verdict is 'limited evidence' for this indicator — provides no directional evidence; the cell contributes 0 to the dimension score.
icare_0117,Public transport,direct,transport,socio_cultural,inclusiveness,C,supportive,poverty_rate,CL,negative,all,Cities with higher poverty_rate have weaker feasibility for 'inclusiveness' (socio_cultural dimension). Bridge applies to 'all' sector. IPCC base verdict: supportive.
icare_0117,Public transport,direct,transport,socio_cultural,inclusiveness,C,supportive,disability_prevalence,CL,negative,all,Cities with higher disability_prevalence have weaker feasibility for 'inclusiveness' (socio_cultural dimension). Bridge applies to 'all' sector. IPCC base verdict: supportive.
icare_0117,Public transport,direct,transport,socio_cultural,inclusiveness,C,supportive,indigenous_identification_rate,CL,negative,all,Cities with higher indigenous_identification_rate have weaker feasibility for 'inclusiveness' (socio_cultural dimension). Bridge applies to 'all' sector. IPCC base verdict: supportive.
icare_0117,Public transport,direct,transport,socio_cultural,intergenerational_equity,C,supportive,,CL,,,IPCC verdict is 'supportive' but no city-level data bridge is defined for 'intergenerational_equity' at sector scope 'transport'; the IPCC prior is used unmodified.
icare_0117,Public transport,direct,transport,socio_cultural,human_capabilities,C,supportive,mean_years_schooling,CL,positive,all,Cities with higher mean_years_schooling have stronger feasibility for 'human_capabilities' (socio_cultural dimension). Bridge applies to 'all' sector. IPCC base verdict: supportive.
icare_0117,Public transport,direct,transport,socio_cultural,human_capabilities,C,supportive,literacy_rate,CL,positive,all,Cities with higher literacy_rate have stronger feasibility for 'human_capabilities' (socio_cultural dimension). Bridge applies to 'all' sector. IPCC base verdict: supportive.
icare_0117,Public transport,direct,transport,environmental,air_pollution,C,supportive,,CL,,,IPCC verdict is 'supportive' but no city-level data bridge is defined for 'air_pollution' at sector scope 'transport'; the IPCC prior is used unmodified.
icare_0117,Public transport,direct,transport,environmental,biodiversity,C,supportive,,CL,,,IPCC verdict is 'supportive' but no city-level data bridge is defined for 'biodiversity' at sector scope 'transport'; the IPCC prior is used unmodified.
icare_0117,Public transport,direct,transport,geophysical,physical_feasibility,C,supportive,urban_built_share,CL,positive,transport,Cities with higher urban_built_share have stronger feasibility for 'physical_feasibility' (geophysical dimension). Bridge applies to 'transport' sector. IPCC base verdict: supportive.
icare_0117,Public transport,direct,transport,geophysical,limited_land_use,C,supportive,,CL,,,IPCC verdict is 'supportive' but no city-level data bridge is defined for 'limited_land_use' at sector scope 'transport'; the IPCC prior is used unmodified.
icare_0117,Public transport,direct,transport,geophysical,limited_scarce_resources,C,supportive,,CL,,,IPCC verdict is 'supportive' but no city-level data bridge is defined for 'limited_scarce_resources' at sector scope 'transport'; the IPCC prior is used unmodified.
icare_0117,Public transport,direct,transport,geophysical,global_spread,C,supportive,,CL,,,IPCC verdict is 'supportive' but no city-level data bridge is defined for 'global_spread' at sector scope 'transport'; the IPCC prior is used unmodified.
icare_0117,Public transport,direct,transport,environmental,toxic_waste,LE,limited evidence,,CL,,,IPCC verdict is 'limited evidence' for this indicator — provides no directional evidence; the cell contributes 0 to the dimension score.
icare_0117,Public transport,direct,transport,environmental,water_use,LE,limited evidence,,CL,,,IPCC verdict is 'limited evidence' for this indicator — provides no directional evidence; the cell contributes 0 to the dimension score.
icare_0120,Low/zero-energy buildings,direct,buildings,economic,cost-effectiveness,C,supportive,median_household_income,CL,positive,all,Cities with higher median_household_income have stronger feasibility for 'cost-effectiveness' (economic dimension). Bridge applies to 'all' sector. IPCC base verdict: supportive.
icare_0120,Low/zero-energy buildings,direct,buildings,economic,cost-effectiveness,C,supportive,poverty_rate,CL,negative,all,Cities with higher poverty_rate have weaker feasibility for 'cost-effectiveness' (economic dimension). Bridge applies to 'all' sector. IPCC base verdict: supportive.
icare_0120,Low/zero-energy buildings,direct,buildings,economic,distributional_effects,C,supportive,poverty_rate,CL,negative,all,Cities with higher poverty_rate have weaker feasibility for 'distributional_effects' (economic dimension). Bridge applies to 'all' sector. IPCC base verdict: supportive.
icare_0120,Low/zero-energy buildings,direct,buildings,economic,distributional_effects,C,supportive,home_ownership,CL,positive,buildings,Cities with higher home_ownership have stronger feasibility for 'distributional_effects' (economic dimension). Bridge applies to 'buildings' sector. IPCC base verdict: supportive.
icare_0120,Low/zero-energy buildings,direct,buildings,economic,distributional_effects,C,supportive,renter_share,CL,negative,buildings,Cities with higher renter_share have weaker feasibility for 'distributional_effects' (economic dimension). Bridge applies to 'buildings' sector. IPCC base verdict: supportive.
icare_0120,Low/zero-energy buildings,direct,buildings,economic,employment_productivity,C,supportive,unemployment_rate,CL,positive,all,Cities with higher unemployment_rate have stronger feasibility for 'employment_productivity' (economic dimension). Bridge applies to 'all' sector. IPCC base verdict: supportive.
icare_0120,Low/zero-energy buildings,direct,buildings,economic,employment_productivity,C,supportive,industry_construction_employment,CL,positive,buildings,Cities with higher industry_construction_employment have stronger feasibility for 'employment_productivity' (economic dimension). Bridge applies to 'buildings' sector. IPCC base verdict: supportive.
icare_0120,Low/zero-energy buildings,direct,buildings,technological,technical_scalability,C,supportive,electricity_access_rate,CL,positive,buildings,Cities with higher electricity_access_rate have stronger feasibility for 'technical_scalability' (technological dimension). Bridge applies to 'buildings' sector. IPCC base verdict: supportive.
icare_0120,Low/zero-energy buildings,direct,buildings,technological,technical_scalability,C,supportive,fixed_internet_household_share,CL,positive,buildings,Cities with higher fixed_internet_household_share have stronger feasibility for 'technical_scalability' (technological dimension). Bridge applies to 'buildings' sector. IPCC base verdict: supportive.
icare_0120,Low/zero-energy buildings,direct,buildings,technological,maturity,B,neutral,,CL,,,IPCC verdict is 'neutral' for this indicator — provides no directional evidence; the cell contributes 0 to the dimension score.
icare_0120,Low/zero-energy buildings,direct,buildings,institutional,political_acceptability,C,supportive,,CL,,,IPCC verdict is 'supportive' but no city-level data bridge is defined for 'political_acceptability' at sector scope 'buildings'; the IPCC prior is used unmodified.
icare_0120,Low/zero-energy buildings,direct,buildings,institutional,institutional_capacity,B,neutral,,CL,,,IPCC verdict is 'neutral' for this indicator — provides no directional evidence; the cell contributes 0 to the dimension score.
icare_0120,Low/zero-energy buildings,direct,buildings,socio_cultural,social_co_benefits,B,neutral,,CL,,,IPCC verdict is 'neutral' for this indicator — provides no directional evidence; the cell contributes 0 to the dimension score.
icare_0120,Low/zero-energy buildings,direct,buildings,technological,simplicity,LE,limited evidence,,CL,,,IPCC verdict is 'limited evidence' for this indicator — provides no directional evidence; the cell contributes 0 to the dimension score.
icare_0120,Low/zero-energy buildings,direct,buildings,technological,absence_of_risk,NE,no evidence,,CL,,,IPCC verdict is 'no evidence' for this indicator — provides no directional evidence; the cell contributes 0 to the dimension score.
icare_0120,Low/zero-energy buildings,direct,buildings,institutional,transparency_accountability,LE,limited evidence,,CL,,,IPCC verdict is 'limited evidence' for this indicator — provides no directional evidence; the cell contributes 0 to the dimension score.
icare_0120,Low/zero-energy buildings,direct,buildings,environmental,air_pollution,B,neutral,,CL,,,IPCC verdict is 'neutral' for this indicator — provides no directional evidence; the cell contributes 0 to the dimension score.
icare_0120,Low/zero-energy buildings,direct,buildings,environmental,toxic_waste,C,supportive,,CL,,,IPCC verdict is 'supportive' but no city-level data bridge is defined for 'toxic_waste' at sector scope 'buildings'; the IPCC prior is used unmodified.
icare_0120,Low/zero-energy buildings,direct,buildings,environmental,water_use,C,supportive,,CL,,,IPCC verdict is 'supportive' but no city-level data bridge is defined for 'water_use' at sector scope 'buildings'; the IPCC prior is used unmodified.
icare_0120,Low/zero-energy buildings,direct,buildings,geophysical,physical_feasibility,C,supportive,urban_built_share,CL,positive,buildings,Cities with higher urban_built_share have stronger feasibility for 'physical_feasibility' (geophysical dimension). Bridge applies to 'buildings' sector. IPCC base verdict: supportive.
icare_0120,Low/zero-energy buildings,direct,buildings,socio_cultural,public_acceptance,NE,no evidence,,CL,,,IPCC verdict is 'no evidence' for this indicator — provides no directional evidence; the cell contributes 0 to the dimension score.
icare_0120,Low/zero-energy buildings,direct,buildings,socio_cultural,inclusiveness,NE,no evidence,,CL,,,IPCC verdict is 'no evidence' for this indicator — provides no directional evidence; the cell contributes 0 to the dimension score.
icare_0120,Low/zero-energy buildings,direct,buildings,socio_cultural,human_capabilities,NE,no evidence,,CL,,,IPCC verdict is 'no evidence' for this indicator — provides no directional evidence; the cell contributes 0 to the dimension score.
icare_0121,Non-motorised transport,direct,transport,economic,cost-effectiveness,C,supportive,median_household_income,CL,positive,all,Cities with higher median_household_income have stronger feasibility for 'cost-effectiveness' (economic dimension). Bridge applies to 'all' sector. IPCC base verdict: supportive.
icare_0121,Non-motorised transport,direct,transport,economic,cost-effectiveness,C,supportive,poverty_rate,CL,negative,all,Cities with higher poverty_rate have weaker feasibility for 'cost-effectiveness' (economic dimension). Bridge applies to 'all' sector. IPCC base verdict: supportive.
icare_0121,Non-motorised transport,direct,transport,economic,distributional_effects,C,supportive,poverty_rate,CL,negative,all,Cities with higher poverty_rate have weaker feasibility for 'distributional_effects' (economic dimension). Bridge applies to 'all' sector. IPCC base verdict: supportive.
icare_0121,Non-motorised transport,direct,transport,economic,employment_productivity,B,neutral,,CL,,,IPCC verdict is 'neutral' for this indicator — provides no directional evidence; the cell contributes 0 to the dimension score.
icare_0121,Non-motorised transport,direct,transport,technological,technical_scalability,C,supportive,fixed_internet_household_share,CL,positive,transport,Cities with higher fixed_internet_household_share have stronger feasibility for 'technical_scalability' (technological dimension). Bridge applies to 'transport' sector. IPCC base verdict: supportive.
icare_0121,Non-motorised transport,direct,transport,technological,maturity,C,supportive,,CL,,,IPCC verdict is 'supportive' but no city-level data bridge is defined for 'maturity' at sector scope 'transport'; the IPCC prior is used unmodified.
icare_0121,Non-motorised transport,direct,transport,technological,simplicity,C,supportive,,CL,,,IPCC verdict is 'supportive' but no city-level data bridge is defined for 'simplicity' at sector scope 'transport'; the IPCC prior is used unmodified.
icare_0121,Non-motorised transport,direct,transport,technological,absence_of_risk,C,supportive,,CL,,,IPCC verdict is 'supportive' but no city-level data bridge is defined for 'absence_of_risk' at sector scope 'transport'; the IPCC prior is used unmodified.
icare_0121,Non-motorised transport,direct,transport,institutional,political_acceptability,C,supportive,,CL,,,IPCC verdict is 'supportive' but no city-level data bridge is defined for 'political_acceptability' at sector scope 'transport'; the IPCC prior is used unmodified.
icare_0121,Non-motorised transport,direct,transport,institutional,institutional_capacity,B,neutral,,CL,,,IPCC verdict is 'neutral' for this indicator — provides no directional evidence; the cell contributes 0 to the dimension score.
icare_0121,Non-motorised transport,direct,transport,institutional,transparency_accountability,C,supportive,,CL,,,IPCC verdict is 'supportive' but no city-level data bridge is defined for 'transparency_accountability' at sector scope 'transport'; the IPCC prior is used unmodified.
icare_0121,Non-motorised transport,direct,transport,socio_cultural,social_co_benefits,C,supportive,,CL,,,IPCC verdict is 'supportive' but no city-level data bridge is defined for 'social_co_benefits' at sector scope 'transport'; the IPCC prior is used unmodified.
icare_0121,Non-motorised transport,direct,transport,socio_cultural,public_acceptance,B,neutral,,CL,,,IPCC verdict is 'neutral' for this indicator — provides no directional evidence; the cell contributes 0 to the dimension score.
icare_0121,Non-motorised transport,direct,transport,socio_cultural,inclusiveness,C,supportive,poverty_rate,CL,negative,all,Cities with higher poverty_rate have weaker feasibility for 'inclusiveness' (socio_cultural dimension). Bridge applies to 'all' sector. IPCC base verdict: supportive.
icare_0121,Non-motorised transport,direct,transport,socio_cultural,inclusiveness,C,supportive,disability_prevalence,CL,negative,all,Cities with higher disability_prevalence have weaker feasibility for 'inclusiveness' (socio_cultural dimension). Bridge applies to 'all' sector. IPCC base verdict: supportive.
icare_0121,Non-motorised transport,direct,transport,socio_cultural,inclusiveness,C,supportive,indigenous_identification_rate,CL,negative,all,Cities with higher indigenous_identification_rate have weaker feasibility for 'inclusiveness' (socio_cultural dimension). Bridge applies to 'all' sector. IPCC base verdict: supportive.
icare_0121,Non-motorised transport,direct,transport,socio_cultural,intergenerational_equity,C,supportive,,CL,,,IPCC verdict is 'supportive' but no city-level data bridge is defined for 'intergenerational_equity' at sector scope 'transport'; the IPCC prior is used unmodified.
icare_0121,Non-motorised transport,direct,transport,socio_cultural,human_capabilities,C,supportive,mean_years_schooling,CL,positive,all,Cities with higher mean_years_schooling have stronger feasibility for 'human_capabilities' (socio_cultural dimension). Bridge applies to 'all' sector. IPCC base verdict: supportive.
icare_0121,Non-motorised transport,direct,transport,socio_cultural,human_capabilities,C,supportive,literacy_rate,CL,positive,all,Cities with higher literacy_rate have stronger feasibility for 'human_capabilities' (socio_cultural dimension). Bridge applies to 'all' sector. IPCC base verdict: supportive.
icare_0121,Non-motorised transport,direct,transport,environmental,air_pollution,C,supportive,,CL,,,IPCC verdict is 'supportive' but no city-level data bridge is defined for 'air_pollution' at sector scope 'transport'; the IPCC prior is used unmodified.
icare_0121,Non-motorised transport,direct,transport,geophysical,physical_feasibility,C,supportive,urban_built_share,CL,positive,transport,Cities with higher urban_built_share have stronger feasibility for 'physical_feasibility' (geophysical dimension). Bridge applies to 'transport' sector. IPCC base verdict: supportive.
icare_0121,Non-motorised transport,direct,transport,geophysical,limited_land_use,C,supportive,,CL,,,IPCC verdict is 'supportive' but no city-level data bridge is defined for 'limited_land_use' at sector scope 'transport'; the IPCC prior is used unmodified.
icare_0121,Non-motorised transport,direct,transport,geophysical,limited_scarce_resources,C,supportive,,CL,,,IPCC verdict is 'supportive' but no city-level data bridge is defined for 'limited_scarce_resources' at sector scope 'transport'; the IPCC prior is used unmodified.
icare_0121,Non-motorised transport,direct,transport,geophysical,global_spread,C,supportive,,CL,,,IPCC verdict is 'supportive' but no city-level data bridge is defined for 'global_spread' at sector scope 'transport'; the IPCC prior is used unmodified.
icare_0121,Non-motorised transport,direct,transport,environmental,toxic_waste,LE,limited evidence,,CL,,,IPCC verdict is 'limited evidence' for this indicator — provides no directional evidence; the cell contributes 0 to the dimension score.
icare_0121,Non-motorised transport,direct,transport,environmental,water_use,LE,limited evidence,,CL,,,IPCC verdict is 'limited evidence' for this indicator — provides no directional evidence; the cell contributes 0 to the dimension score.
icare_0121,Non-motorised transport,direct,transport,environmental,biodiversity,LE,limited evidence,,CL,,,IPCC verdict is 'limited evidence' for this indicator — provides no directional evidence; the cell contributes 0 to the dimension score.
icare_0122,Reduced food wastage,direct,waste,economic,cost-effectiveness,C,supportive,median_household_income,CL,positive,all,Cities with higher median_household_income have stronger feasibility for 'cost-effectiveness' (economic dimension). Bridge applies to 'all' sector. IPCC base verdict: supportive.
icare_0122,Reduced food wastage,direct,waste,economic,cost-effectiveness,C,supportive,poverty_rate,CL,negative,all,Cities with higher poverty_rate have weaker feasibility for 'cost-effectiveness' (economic dimension). Bridge applies to 'all' sector. IPCC base verdict: supportive.
icare_0122,Reduced food wastage,direct,waste,economic,distributional_effects,B,neutral,,CL,,,IPCC verdict is 'neutral' for this indicator — provides no directional evidence; the cell contributes 0 to the dimension score.
icare_0122,Reduced food wastage,direct,waste,economic,employment_productivity,B,neutral,,CL,,,IPCC verdict is 'neutral' for this indicator — provides no directional evidence; the cell contributes 0 to the dimension score.
icare_0122,Reduced food wastage,direct,waste,technological,technical_scalability,B,neutral,,CL,,,IPCC verdict is 'neutral' for this indicator — provides no directional evidence; the cell contributes 0 to the dimension score.
icare_0122,Reduced food wastage,direct,waste,technological,absence_of_risk,C,supportive,,CL,,,IPCC verdict is 'supportive' but no city-level data bridge is defined for 'absence_of_risk' at sector scope 'waste'; the IPCC prior is used unmodified.
icare_0122,Reduced food wastage,direct,waste,institutional,political_acceptability,C,supportive,,CL,,,IPCC verdict is 'supportive' but no city-level data bridge is defined for 'political_acceptability' at sector scope 'waste'; the IPCC prior is used unmodified.
icare_0122,Reduced food wastage,direct,waste,technological,maturity,NE,no evidence,,CL,,,IPCC verdict is 'no evidence' for this indicator — provides no directional evidence; the cell contributes 0 to the dimension score.
icare_0122,Reduced food wastage,direct,waste,technological,simplicity,NE,no evidence,,CL,,,IPCC verdict is 'no evidence' for this indicator — provides no directional evidence; the cell contributes 0 to the dimension score.
icare_0122,Reduced food wastage,direct,waste,institutional,institutional_capacity,C,supportive,,CL,,,IPCC verdict is 'supportive' but no city-level data bridge is defined for 'institutional_capacity' at sector scope 'waste'; the IPCC prior is used unmodified.
icare_0122,Reduced food wastage,direct,waste,institutional,transparency_accountability,C,supportive,,CL,,,IPCC verdict is 'supportive' but no city-level data bridge is defined for 'transparency_accountability' at sector scope 'waste'; the IPCC prior is used unmodified.
icare_0122,Reduced food wastage,direct,waste,socio_cultural,social_co_benefits,C,supportive,,CL,,,IPCC verdict is 'supportive' but no city-level data bridge is defined for 'social_co_benefits' at sector scope 'waste'; the IPCC prior is used unmodified.
icare_0122,Reduced food wastage,direct,waste,socio_cultural,public_acceptance,B,neutral,,CL,,,IPCC verdict is 'neutral' for this indicator — provides no directional evidence; the cell contributes 0 to the dimension score.
icare_0122,Reduced food wastage,direct,waste,socio_cultural,inclusiveness,B,neutral,,CL,,,IPCC verdict is 'neutral' for this indicator — provides no directional evidence; the cell contributes 0 to the dimension score.
icare_0122,Reduced food wastage,direct,waste,socio_cultural,intergenerational_equity,B,neutral,,CL,,,IPCC verdict is 'neutral' for this indicator — provides no directional evidence; the cell contributes 0 to the dimension score.
icare_0122,Reduced food wastage,direct,waste,socio_cultural,human_capabilities,C,supportive,mean_years_schooling,CL,positive,all,Cities with higher mean_years_schooling have stronger feasibility for 'human_capabilities' (socio_cultural dimension). Bridge applies to 'all' sector. IPCC base verdict: supportive.
icare_0122,Reduced food wastage,direct,waste,socio_cultural,human_capabilities,C,supportive,literacy_rate,CL,positive,all,Cities with higher literacy_rate have stronger feasibility for 'human_capabilities' (socio_cultural dimension). Bridge applies to 'all' sector. IPCC base verdict: supportive.
icare_0122,Reduced food wastage,direct,waste,environmental,air_pollution,C,supportive,,CL,,,IPCC verdict is 'supportive' but no city-level data bridge is defined for 'air_pollution' at sector scope 'waste'; the IPCC prior is used unmodified.
icare_0122,Reduced food wastage,direct,waste,environmental,water_use,C,supportive,,CL,,,IPCC verdict is 'supportive' but no city-level data bridge is defined for 'water_use' at sector scope 'waste'; the IPCC prior is used unmodified.
icare_0122,Reduced food wastage,direct,waste,environmental,biodiversity,C,supportive,,CL,,,IPCC verdict is 'supportive' but no city-level data bridge is defined for 'biodiversity' at sector scope 'waste'; the IPCC prior is used unmodified.
icare_0122,Reduced food wastage,direct,waste,geophysical,physical_feasibility,C,supportive,,CL,,,IPCC verdict is 'supportive' but no city-level data bridge is defined for 'physical_feasibility' at sector scope 'waste'; the IPCC prior is used unmodified.
icare_0122,Reduced food wastage,direct,waste,environmental,toxic_waste,NE,no evidence,,CL,,,IPCC verdict is 'no evidence' for this indicator — provides no directional evidence; the cell contributes 0 to the dimension score.
icare_0122,Reduced food wastage,direct,waste,geophysical,limited_land_use,C,supportive,,CL,,,IPCC verdict is 'supportive' but no city-level data bridge is defined for 'limited_land_use' at sector scope 'waste'; the IPCC prior is used unmodified.
icare_0122,Reduced food wastage,direct,waste,geophysical,global_spread,LE,limited evidence,,CL,,,IPCC verdict is 'limited evidence' for this indicator — provides no directional evidence; the cell contributes 0 to the dimension score.
icare_0132,Sustainable intensification,partial,sustainable_intensification,economic,cost-effectiveness,C,supportive,median_household_income,CL,positive,all,Cities with higher median_household_income have stronger feasibility for 'cost-effectiveness' (economic dimension). Bridge applies to 'all' sector. IPCC base verdict: supportive.
icare_0132,Sustainable intensification,partial,sustainable_intensification,economic,cost-effectiveness,C,supportive,poverty_rate,CL,negative,all,Cities with higher poverty_rate have weaker feasibility for 'cost-effectiveness' (economic dimension). Bridge applies to 'all' sector. IPCC base verdict: supportive.
icare_0132,Sustainable intensification,partial,sustainable_intensification,economic,distributional_effects,B,neutral,,CL,,,IPCC verdict is 'neutral' for this indicator — provides no directional evidence; the cell contributes 0 to the dimension score.
icare_0132,Sustainable intensification,partial,sustainable_intensification,economic,employment_productivity,B,neutral,,CL,,,IPCC verdict is 'neutral' for this indicator — provides no directional evidence; the cell contributes 0 to the dimension score.
icare_0132,Sustainable intensification,partial,sustainable_intensification,technological,technical_scalability,C,supportive,,CL,,,IPCC verdict is 'supportive' but no city-level data bridge is defined for 'technical_scalability' at sector scope 'sustainable_intensification'; the IPCC prior is used unmodified.
icare_0132,Sustainable intensification,partial,sustainable_intensification,technological,maturity,C,supportive,,CL,,,IPCC verdict is 'supportive' but no city-level data bridge is defined for 'maturity' at sector scope 'sustainable_intensification'; the IPCC prior is used unmodified.
icare_0132,Sustainable intensification,partial,sustainable_intensification,technological,simplicity,C,supportive,,CL,,,IPCC verdict is 'supportive' but no city-level data bridge is defined for 'simplicity' at sector scope 'sustainable_intensification'; the IPCC prior is used unmodified.
icare_0132,Sustainable intensification,partial,sustainable_intensification,technological,absence_of_risk,C,supportive,,CL,,,IPCC verdict is 'supportive' but no city-level data bridge is defined for 'absence_of_risk' at sector scope 'sustainable_intensification'; the IPCC prior is used unmodified.
icare_0132,Sustainable intensification,partial,sustainable_intensification,institutional,political_acceptability,C,supportive,,CL,,,IPCC verdict is 'supportive' but no city-level data bridge is defined for 'political_acceptability' at sector scope 'sustainable_intensification'; the IPCC prior is used unmodified.
icare_0132,Sustainable intensification,partial,sustainable_intensification,institutional,institutional_capacity,B,neutral,,CL,,,IPCC verdict is 'neutral' for this indicator — provides no directional evidence; the cell contributes 0 to the dimension score.
icare_0132,Sustainable intensification,partial,sustainable_intensification,institutional,transparency_accountability,B,neutral,,CL,,,IPCC verdict is 'neutral' for this indicator — provides no directional evidence; the cell contributes 0 to the dimension score.
icare_0132,Sustainable intensification,partial,sustainable_intensification,socio_cultural,social_co_benefits,C,supportive,,CL,,,IPCC verdict is 'supportive' but no city-level data bridge is defined for 'social_co_benefits' at sector scope 'sustainable_intensification'; the IPCC prior is used unmodified.
icare_0132,Sustainable intensification,partial,sustainable_intensification,socio_cultural,public_acceptance,C,supportive,,CL,,,IPCC verdict is 'supportive' but no city-level data bridge is defined for 'public_acceptance' at sector scope 'sustainable_intensification'; the IPCC prior is used unmodified.
icare_0132,Sustainable intensification,partial,sustainable_intensification,socio_cultural,inclusiveness,B,neutral,,CL,,,IPCC verdict is 'neutral' for this indicator — provides no directional evidence; the cell contributes 0 to the dimension score.
icare_0132,Sustainable intensification,partial,sustainable_intensification,socio_cultural,intergenerational_equity,B,neutral,,CL,,,IPCC verdict is 'neutral' for this indicator — provides no directional evidence; the cell contributes 0 to the dimension score.
icare_0132,Sustainable intensification,partial,sustainable_intensification,environmental,water_use,C,supportive,,CL,,,IPCC verdict is 'supportive' but no city-level data bridge is defined for 'water_use' at sector scope 'sustainable_intensification'; the IPCC prior is used unmodified.
icare_0132,Sustainable intensification,partial,sustainable_intensification,environmental,biodiversity,C,supportive,,CL,,,IPCC verdict is 'supportive' but no city-level data bridge is defined for 'biodiversity' at sector scope 'sustainable_intensification'; the IPCC prior is used unmodified.
icare_0132,Sustainable intensification,partial,sustainable_intensification,geophysical,physical_feasibility,C,supportive,pasture_share,CL,positive,sustainable_intensification,Cities with higher pasture_share have stronger feasibility for 'physical_feasibility' (geophysical dimension). Bridge applies to 'sustainable_intensification' sector. IPCC base verdict: supportive.
icare_0132,Sustainable intensification,partial,sustainable_intensification,geophysical,physical_feasibility,C,supportive,cropland_share,CL,positive,sustainable_intensification,Cities with higher cropland_share have stronger feasibility for 'physical_feasibility' (geophysical dimension). Bridge applies to 'sustainable_intensification' sector. IPCC base verdict: supportive.
icare_0132,Sustainable intensification,partial,sustainable_intensification,socio_cultural,human_capabilities,LE,limited evidence,,CL,,,IPCC verdict is 'limited evidence' for this indicator — provides no directional evidence; the cell contributes 0 to the dimension score.
icare_0132,Sustainable intensification,partial,sustainable_intensification,environmental,air_pollution,NE,no evidence,,CL,,,IPCC verdict is 'no evidence' for this indicator — provides no directional evidence; the cell contributes 0 to the dimension score.
icare_0132,Sustainable intensification,partial,sustainable_intensification,environmental,toxic_waste,NE,no evidence,,CL,,,IPCC verdict is 'no evidence' for this indicator — provides no directional evidence; the cell contributes 0 to the dimension score.
icare_0132,Sustainable intensification,partial,sustainable_intensification,geophysical,limited_land_use,B,neutral,,CL,,,IPCC verdict is 'neutral' for this indicator — provides no directional evidence; the cell contributes 0 to the dimension score.
icare_0132,Sustainable intensification,partial,sustainable_intensification,geophysical,global_spread,C,supportive,,CL,,,IPCC verdict is 'supportive' but no city-level data bridge is defined for 'global_spread' at sector scope 'sustainable_intensification'; the IPCC prior is used unmodified.
icare_0137,Efficient appliances,direct,buildings,economic,cost-effectiveness,C,supportive,median_household_income,CL,positive,all,Cities with higher median_household_income have stronger feasibility for 'cost-effectiveness' (economic dimension). Bridge applies to 'all' sector. IPCC base verdict: supportive.
icare_0137,Efficient appliances,direct,buildings,economic,cost-effectiveness,C,supportive,poverty_rate,CL,negative,all,Cities with higher poverty_rate have weaker feasibility for 'cost-effectiveness' (economic dimension). Bridge applies to 'all' sector. IPCC base verdict: supportive.
icare_0137,Efficient appliances,direct,buildings,economic,distributional_effects,B,neutral,,CL,,,IPCC verdict is 'neutral' for this indicator — provides no directional evidence; the cell contributes 0 to the dimension score.
icare_0137,Efficient appliances,direct,buildings,economic,employment_productivity,B,neutral,,CL,,,IPCC verdict is 'neutral' for this indicator — provides no directional evidence; the cell contributes 0 to the dimension score.
icare_0137,Efficient appliances,direct,buildings,technological,technical_scalability,C,supportive,electricity_access_rate,CL,positive,buildings,Cities with higher electricity_access_rate have stronger feasibility for 'technical_scalability' (technological dimension). Bridge applies to 'buildings' sector. IPCC base verdict: supportive.
icare_0137,Efficient appliances,direct,buildings,technological,technical_scalability,C,supportive,fixed_internet_household_share,CL,positive,buildings,Cities with higher fixed_internet_household_share have stronger feasibility for 'technical_scalability' (technological dimension). Bridge applies to 'buildings' sector. IPCC base verdict: supportive.
icare_0137,Efficient appliances,direct,buildings,technological,maturity,C,supportive,,CL,,,IPCC verdict is 'supportive' but no city-level data bridge is defined for 'maturity' at sector scope 'buildings'; the IPCC prior is used unmodified.
icare_0137,Efficient appliances,direct,buildings,technological,simplicity,C,supportive,,CL,,,IPCC verdict is 'supportive' but no city-level data bridge is defined for 'simplicity' at sector scope 'buildings'; the IPCC prior is used unmodified.
icare_0137,Efficient appliances,direct,buildings,institutional,political_acceptability,C,supportive,,CL,,,IPCC verdict is 'supportive' but no city-level data bridge is defined for 'political_acceptability' at sector scope 'buildings'; the IPCC prior is used unmodified.
icare_0137,Efficient appliances,direct,buildings,institutional,institutional_capacity,B,neutral,,CL,,,IPCC verdict is 'neutral' for this indicator — provides no directional evidence; the cell contributes 0 to the dimension score.
icare_0137,Efficient appliances,direct,buildings,socio_cultural,social_co_benefits,C,supportive,,CL,,,IPCC verdict is 'supportive' but no city-level data bridge is defined for 'social_co_benefits' at sector scope 'buildings'; the IPCC prior is used unmodified.
icare_0137,Efficient appliances,direct,buildings,technological,absence_of_risk,NE,no evidence,,CL,,,IPCC verdict is 'no evidence' for this indicator — provides no directional evidence; the cell contributes 0 to the dimension score.
icare_0137,Efficient appliances,direct,buildings,institutional,transparency_accountability,LE,limited evidence,,CL,,,IPCC verdict is 'limited evidence' for this indicator — provides no directional evidence; the cell contributes 0 to the dimension score.
icare_0137,Efficient appliances,direct,buildings,socio_cultural,public_acceptance,C,supportive,home_ownership,CL,positive,buildings,Cities with higher home_ownership have stronger feasibility for 'public_acceptance' (socio_cultural dimension). Bridge applies to 'buildings' sector. IPCC base verdict: supportive.
icare_0137,Efficient appliances,direct,buildings,socio_cultural,public_acceptance,C,supportive,renter_share,CL,negative,buildings,Cities with higher renter_share have weaker feasibility for 'public_acceptance' (socio_cultural dimension). Bridge applies to 'buildings' sector. IPCC base verdict: supportive.
icare_0137,Efficient appliances,direct,buildings,socio_cultural,inclusiveness,B,neutral,,CL,,,IPCC verdict is 'neutral' for this indicator — provides no directional evidence; the cell contributes 0 to the dimension score.
icare_0137,Efficient appliances,direct,buildings,environmental,air_pollution,C,supportive,,CL,,,IPCC verdict is 'supportive' but no city-level data bridge is defined for 'air_pollution' at sector scope 'buildings'; the IPCC prior is used unmodified.
icare_0137,Efficient appliances,direct,buildings,environmental,toxic_waste,C,supportive,,CL,,,IPCC verdict is 'supportive' but no city-level data bridge is defined for 'toxic_waste' at sector scope 'buildings'; the IPCC prior is used unmodified.
icare_0137,Efficient appliances,direct,buildings,environmental,water_use,C,supportive,,CL,,,IPCC verdict is 'supportive' but no city-level data bridge is defined for 'water_use' at sector scope 'buildings'; the IPCC prior is used unmodified.
icare_0137,Efficient appliances,direct,buildings,geophysical,physical_feasibility,C,supportive,urban_built_share,CL,positive,buildings,Cities with higher urban_built_share have stronger feasibility for 'physical_feasibility' (geophysical dimension). Bridge applies to 'buildings' sector. IPCC base verdict: supportive.
icare_0137,Efficient appliances,direct,buildings,geophysical,limited_scarce_resources,LE,limited evidence,,CL,,,IPCC verdict is 'limited evidence' for this indicator — provides no directional evidence; the cell contributes 0 to the dimension score.
icare_0139,Land-use & urban planning,partial,cross_cutting,economic,cost-effectiveness,C,supportive,median_household_income,CL,positive,all,Cities with higher median_household_income have stronger feasibility for 'cost-effectiveness' (economic dimension). Bridge applies to 'all' sector. IPCC base verdict: supportive.
icare_0139,Land-use & urban planning,partial,cross_cutting,economic,cost-effectiveness,C,supportive,poverty_rate,CL,negative,all,Cities with higher poverty_rate have weaker feasibility for 'cost-effectiveness' (economic dimension). Bridge applies to 'all' sector. IPCC base verdict: supportive.
icare_0139,Land-use & urban planning,partial,cross_cutting,economic,distributional_effects,B,neutral,,CL,,,IPCC verdict is 'neutral' for this indicator — provides no directional evidence; the cell contributes 0 to the dimension score.
icare_0139,Land-use & urban planning,partial,cross_cutting,economic,employment_productivity,B,neutral,,CL,,,IPCC verdict is 'neutral' for this indicator — provides no directional evidence; the cell contributes 0 to the dimension score.
icare_0139,Land-use & urban planning,partial,cross_cutting,technological,technical_scalability,C,supportive,,CL,,,IPCC verdict is 'supportive' but no city-level data bridge is defined for 'technical_scalability' at sector scope 'cross_cutting'; the IPCC prior is used unmodified.
icare_0139,Land-use & urban planning,partial,cross_cutting,technological,maturity,B,neutral,,CL,,,IPCC verdict is 'neutral' for this indicator — provides no directional evidence; the cell contributes 0 to the dimension score.
icare_0139,Land-use & urban planning,partial,cross_cutting,technological,simplicity,A,barrier,,CL,,,IPCC verdict is 'barrier' but no city-level data bridge is defined for 'simplicity' at sector scope 'cross_cutting'; the IPCC prior is used unmodified.
icare_0139,Land-use & urban planning,partial,cross_cutting,institutional,political_acceptability,B,neutral,,CL,,,IPCC verdict is 'neutral' for this indicator — provides no directional evidence; the cell contributes 0 to the dimension score.
icare_0139,Land-use & urban planning,partial,cross_cutting,technological,absence_of_risk,LE,limited evidence,,CL,,,IPCC verdict is 'limited evidence' for this indicator — provides no directional evidence; the cell contributes 0 to the dimension score.
icare_0139,Land-use & urban planning,partial,cross_cutting,institutional,institutional_capacity,B,neutral,,CL,,,IPCC verdict is 'neutral' for this indicator — provides no directional evidence; the cell contributes 0 to the dimension score.
icare_0139,Land-use & urban planning,partial,cross_cutting,institutional,transparency_accountability,C,supportive,,CL,,,IPCC verdict is 'supportive' but no city-level data bridge is defined for 'transparency_accountability' at sector scope 'cross_cutting'; the IPCC prior is used unmodified.
icare_0139,Land-use & urban planning,partial,cross_cutting,socio_cultural,social_co_benefits,C,supportive,,CL,,,IPCC verdict is 'supportive' but no city-level data bridge is defined for 'social_co_benefits' at sector scope 'cross_cutting'; the IPCC prior is used unmodified.
icare_0139,Land-use & urban planning,partial,cross_cutting,socio_cultural,public_acceptance,B,neutral,,CL,,,IPCC verdict is 'neutral' for this indicator — provides no directional evidence; the cell contributes 0 to the dimension score.
icare_0139,Land-use & urban planning,partial,cross_cutting,socio_cultural,inclusiveness,B,neutral,,CL,,,IPCC verdict is 'neutral' for this indicator — provides no directional evidence; the cell contributes 0 to the dimension score.
icare_0139,Land-use & urban planning,partial,cross_cutting,socio_cultural,human_capabilities,B,neutral,,CL,,,IPCC verdict is 'neutral' for this indicator — provides no directional evidence; the cell contributes 0 to the dimension score.
icare_0139,Land-use & urban planning,partial,cross_cutting,environmental,air_pollution,C,supportive,,CL,,,IPCC verdict is 'supportive' but no city-level data bridge is defined for 'air_pollution' at sector scope 'cross_cutting'; the IPCC prior is used unmodified.
icare_0139,Land-use & urban planning,partial,cross_cutting,socio_cultural,intergenerational_equity,LE,limited evidence,,CL,,,IPCC verdict is 'limited evidence' for this indicator — provides no directional evidence; the cell contributes 0 to the dimension score.
icare_0139,Land-use & urban planning,partial,cross_cutting,environmental,toxic_waste,LE,limited evidence,,CL,,,IPCC verdict is 'limited evidence' for this indicator — provides no directional evidence; the cell contributes 0 to the dimension score.
icare_0139,Land-use & urban planning,partial,cross_cutting,environmental,water_use,C,supportive,,CL,,,IPCC verdict is 'supportive' but no city-level data bridge is defined for 'water_use' at sector scope 'cross_cutting'; the IPCC prior is used unmodified.
icare_0139,Land-use & urban planning,partial,cross_cutting,environmental,biodiversity,C,supportive,,CL,,,IPCC verdict is 'supportive' but no city-level data bridge is defined for 'biodiversity' at sector scope 'cross_cutting'; the IPCC prior is used unmodified.
icare_0139,Land-use & urban planning,partial,cross_cutting,geophysical,physical_feasibility,C,supportive,,CL,,,IPCC verdict is 'supportive' but no city-level data bridge is defined for 'physical_feasibility' at sector scope 'cross_cutting'; the IPCC prior is used unmodified.
icare_0139,Land-use & urban planning,partial,cross_cutting,geophysical,limited_land_use,C,supportive,,CL,,,IPCC verdict is 'supportive' but no city-level data bridge is defined for 'limited_land_use' at sector scope 'cross_cutting'; the IPCC prior is used unmodified.
icare_0139,Land-use & urban planning,partial,cross_cutting,geophysical,global_spread,C,supportive,,CL,,,IPCC verdict is 'supportive' but no city-level data bridge is defined for 'global_spread' at sector scope 'cross_cutting'; the IPCC prior is used unmodified.
icare_0139,Land-use & urban planning,partial,cross_cutting,geophysical,limited_scarce_resources,LE,limited evidence,,CL,,,IPCC verdict is 'limited evidence' for this indicator — provides no directional evidence; the cell contributes 0 to the dimension score.
ipcc_0001,Land-use & urban planning,direct,cross_cutting,economic,cost-effectiveness,C,supportive,median_household_income,CL,positive,all,Cities with higher median_household_income have stronger feasibility for 'cost-effectiveness' (economic dimension). Bridge applies to 'all' sector. IPCC base verdict: supportive.
ipcc_0001,Land-use & urban planning,direct,cross_cutting,economic,cost-effectiveness,C,supportive,poverty_rate,CL,negative,all,Cities with higher poverty_rate have weaker feasibility for 'cost-effectiveness' (economic dimension). Bridge applies to 'all' sector. IPCC base verdict: supportive.
ipcc_0001,Land-use & urban planning,direct,cross_cutting,economic,distributional_effects,B,neutral,,CL,,,IPCC verdict is 'neutral' for this indicator — provides no directional evidence; the cell contributes 0 to the dimension score.
ipcc_0001,Land-use & urban planning,direct,cross_cutting,economic,employment_productivity,B,neutral,,CL,,,IPCC verdict is 'neutral' for this indicator — provides no directional evidence; the cell contributes 0 to the dimension score.
ipcc_0001,Land-use & urban planning,direct,cross_cutting,technological,technical_scalability,C,supportive,,CL,,,IPCC verdict is 'supportive' but no city-level data bridge is defined for 'technical_scalability' at sector scope 'cross_cutting'; the IPCC prior is used unmodified.
ipcc_0001,Land-use & urban planning,direct,cross_cutting,technological,maturity,B,neutral,,CL,,,IPCC verdict is 'neutral' for this indicator — provides no directional evidence; the cell contributes 0 to the dimension score.
ipcc_0001,Land-use & urban planning,direct,cross_cutting,technological,simplicity,A,barrier,,CL,,,IPCC verdict is 'barrier' but no city-level data bridge is defined for 'simplicity' at sector scope 'cross_cutting'; the IPCC prior is used unmodified.
ipcc_0001,Land-use & urban planning,direct,cross_cutting,institutional,political_acceptability,B,neutral,,CL,,,IPCC verdict is 'neutral' for this indicator — provides no directional evidence; the cell contributes 0 to the dimension score.
ipcc_0001,Land-use & urban planning,direct,cross_cutting,technological,absence_of_risk,LE,limited evidence,,CL,,,IPCC verdict is 'limited evidence' for this indicator — provides no directional evidence; the cell contributes 0 to the dimension score.
ipcc_0001,Land-use & urban planning,direct,cross_cutting,institutional,institutional_capacity,B,neutral,,CL,,,IPCC verdict is 'neutral' for this indicator — provides no directional evidence; the cell contributes 0 to the dimension score.
ipcc_0001,Land-use & urban planning,direct,cross_cutting,institutional,transparency_accountability,C,supportive,,CL,,,IPCC verdict is 'supportive' but no city-level data bridge is defined for 'transparency_accountability' at sector scope 'cross_cutting'; the IPCC prior is used unmodified.
ipcc_0001,Land-use & urban planning,direct,cross_cutting,socio_cultural,social_co_benefits,C,supportive,,CL,,,IPCC verdict is 'supportive' but no city-level data bridge is defined for 'social_co_benefits' at sector scope 'cross_cutting'; the IPCC prior is used unmodified.
ipcc_0001,Land-use & urban planning,direct,cross_cutting,socio_cultural,public_acceptance,B,neutral,,CL,,,IPCC verdict is 'neutral' for this indicator — provides no directional evidence; the cell contributes 0 to the dimension score.
ipcc_0001,Land-use & urban planning,direct,cross_cutting,socio_cultural,inclusiveness,B,neutral,,CL,,,IPCC verdict is 'neutral' for this indicator — provides no directional evidence; the cell contributes 0 to the dimension score.
ipcc_0001,Land-use & urban planning,direct,cross_cutting,socio_cultural,human_capabilities,B,neutral,,CL,,,IPCC verdict is 'neutral' for this indicator — provides no directional evidence; the cell contributes 0 to the dimension score.
ipcc_0001,Land-use & urban planning,direct,cross_cutting,environmental,air_pollution,C,supportive,,CL,,,IPCC verdict is 'supportive' but no city-level data bridge is defined for 'air_pollution' at sector scope 'cross_cutting'; the IPCC prior is used unmodified.
ipcc_0001,Land-use & urban planning,direct,cross_cutting,socio_cultural,intergenerational_equity,LE,limited evidence,,CL,,,IPCC verdict is 'limited evidence' for this indicator — provides no directional evidence; the cell contributes 0 to the dimension score.
ipcc_0001,Land-use & urban planning,direct,cross_cutting,environmental,toxic_waste,LE,limited evidence,,CL,,,IPCC verdict is 'limited evidence' for this indicator — provides no directional evidence; the cell contributes 0 to the dimension score.
ipcc_0001,Land-use & urban planning,direct,cross_cutting,environmental,water_use,C,supportive,,CL,,,IPCC verdict is 'supportive' but no city-level data bridge is defined for 'water_use' at sector scope 'cross_cutting'; the IPCC prior is used unmodified.
ipcc_0001,Land-use & urban planning,direct,cross_cutting,environmental,biodiversity,C,supportive,,CL,,,IPCC verdict is 'supportive' but no city-level data bridge is defined for 'biodiversity' at sector scope 'cross_cutting'; the IPCC prior is used unmodified.
ipcc_0001,Land-use & urban planning,direct,cross_cutting,geophysical,physical_feasibility,C,supportive,,CL,,,IPCC verdict is 'supportive' but no city-level data bridge is defined for 'physical_feasibility' at sector scope 'cross_cutting'; the IPCC prior is used unmodified.
ipcc_0001,Land-use & urban planning,direct,cross_cutting,geophysical,limited_land_use,C,supportive,,CL,,,IPCC verdict is 'supportive' but no city-level data bridge is defined for 'limited_land_use' at sector scope 'cross_cutting'; the IPCC prior is used unmodified.
ipcc_0001,Land-use & urban planning,direct,cross_cutting,geophysical,global_spread,C,supportive,,CL,,,IPCC verdict is 'supportive' but no city-level data bridge is defined for 'global_spread' at sector scope 'cross_cutting'; the IPCC prior is used unmodified.
ipcc_0001,Land-use & urban planning,direct,cross_cutting,geophysical,limited_scarce_resources,LE,limited evidence,,CL,,,IPCC verdict is 'limited evidence' for this indicator — provides no directional evidence; the cell contributes 0 to the dimension score.
ipcc_0024,Energy efficiency,direct,industrial,economic,cost-effectiveness,C,supportive,median_household_income,CL,positive,all,Cities with higher median_household_income have stronger feasibility for 'cost-effectiveness' (economic dimension). Bridge applies to 'all' sector. IPCC base verdict: supportive.
ipcc_0024,Energy efficiency,direct,industrial,economic,cost-effectiveness,C,supportive,poverty_rate,CL,negative,all,Cities with higher poverty_rate have weaker feasibility for 'cost-effectiveness' (economic dimension). Bridge applies to 'all' sector. IPCC base verdict: supportive.
ipcc_0024,Energy efficiency,direct,industrial,economic,employment_productivity,B,neutral,,CL,,,IPCC verdict is 'neutral' for this indicator — provides no directional evidence; the cell contributes 0 to the dimension score.
ipcc_0024,Energy efficiency,direct,industrial,technological,technical_scalability,C,supportive,,CL,,,IPCC verdict is 'supportive' but no city-level data bridge is defined for 'technical_scalability' at sector scope 'industrial'; the IPCC prior is used unmodified.
ipcc_0024,Energy efficiency,direct,industrial,technological,maturity,C,supportive,,CL,,,IPCC verdict is 'supportive' but no city-level data bridge is defined for 'maturity' at sector scope 'industrial'; the IPCC prior is used unmodified.
ipcc_0024,Energy efficiency,direct,industrial,technological,simplicity,B,neutral,,CL,,,IPCC verdict is 'neutral' for this indicator — provides no directional evidence; the cell contributes 0 to the dimension score.
ipcc_0024,Energy efficiency,direct,industrial,economic,distributional_effects,LE,limited evidence,,CL,,,IPCC verdict is 'limited evidence' for this indicator — provides no directional evidence; the cell contributes 0 to the dimension score.
ipcc_0024,Energy efficiency,direct,industrial,institutional,political_acceptability,C,supportive,,CL,,,IPCC verdict is 'supportive' but no city-level data bridge is defined for 'political_acceptability' at sector scope 'industrial'; the IPCC prior is used unmodified.
ipcc_0024,Energy efficiency,direct,industrial,institutional,legal_admin_acceptability,C,supportive,,CL,,,IPCC verdict is 'supportive' but no city-level data bridge is defined for 'legal_admin_acceptability' at sector scope 'industrial'; the IPCC prior is used unmodified.
ipcc_0024,Energy efficiency,direct,industrial,institutional,institutional_capacity,B,neutral,,CL,,,IPCC verdict is 'neutral' for this indicator — provides no directional evidence; the cell contributes 0 to the dimension score.
ipcc_0024,Energy efficiency,direct,industrial,socio_cultural,public_acceptance,C,supportive,,CL,,,IPCC verdict is 'supportive' but no city-level data bridge is defined for 'public_acceptance' at sector scope 'industrial'; the IPCC prior is used unmodified.
ipcc_0024,Energy efficiency,direct,industrial,socio_cultural,human_capabilities,B,neutral,,CL,,,IPCC verdict is 'neutral' for this indicator — provides no directional evidence; the cell contributes 0 to the dimension score.
ipcc_0024,Energy efficiency,direct,industrial,environmental,air_pollution,C,supportive,,CL,,,IPCC verdict is 'supportive' but no city-level data bridge is defined for 'air_pollution' at sector scope 'industrial'; the IPCC prior is used unmodified.
ipcc_0024,Energy efficiency,direct,industrial,environmental,water_use,B,neutral,,CL,,,IPCC verdict is 'neutral' for this indicator — provides no directional evidence; the cell contributes 0 to the dimension score.
ipcc_0024,Energy efficiency,direct,industrial,geophysical,physical_feasibility,B,neutral,,CL,,,IPCC verdict is 'neutral' for this indicator — provides no directional evidence; the cell contributes 0 to the dimension score.
ipcc_0024,Energy efficiency,direct,industrial,environmental,toxic_waste,NE,no evidence,,CL,,,IPCC verdict is 'no evidence' for this indicator — provides no directional evidence; the cell contributes 0 to the dimension score.
ipcc_0024,Energy efficiency,direct,industrial,environmental,biodiversity,NE,no evidence,,CL,,,IPCC verdict is 'no evidence' for this indicator — provides no directional evidence; the cell contributes 0 to the dimension score.
ipcc_0024,Energy efficiency,direct,industrial,geophysical,global_spread,C,supportive,urban_built_share,CL,positive,industrial,Cities with higher urban_built_share have stronger feasibility for 'global_spread' (geophysical dimension). Bridge applies to 'industrial' sector. IPCC base verdict: supportive.
ipcc_0025,Reduced food wastage,weak,waste,economic,cost-effectiveness,C,supportive,median_household_income,CL,positive,all,Cities with higher median_household_income have stronger feasibility for 'cost-effectiveness' (economic dimension). Bridge applies to 'all' sector. IPCC base verdict: supportive.
ipcc_0025,Reduced food wastage,weak,waste,economic,cost-effectiveness,C,supportive,poverty_rate,CL,negative,all,Cities with higher poverty_rate have weaker feasibility for 'cost-effectiveness' (economic dimension). Bridge applies to 'all' sector. IPCC base verdict: supportive.
ipcc_0025,Reduced food wastage,weak,waste,economic,distributional_effects,B,neutral,,CL,,,IPCC verdict is 'neutral' for this indicator — provides no directional evidence; the cell contributes 0 to the dimension score.
ipcc_0025,Reduced food wastage,weak,waste,economic,employment_productivity,B,neutral,,CL,,,IPCC verdict is 'neutral' for this indicator — provides no directional evidence; the cell contributes 0 to the dimension score.
ipcc_0025,Reduced food wastage,weak,waste,technological,technical_scalability,B,neutral,,CL,,,IPCC verdict is 'neutral' for this indicator — provides no directional evidence; the cell contributes 0 to the dimension score.
ipcc_0025,Reduced food wastage,weak,waste,technological,absence_of_risk,C,supportive,,CL,,,IPCC verdict is 'supportive' but no city-level data bridge is defined for 'absence_of_risk' at sector scope 'waste'; the IPCC prior is used unmodified.
ipcc_0025,Reduced food wastage,weak,waste,institutional,political_acceptability,C,supportive,,CL,,,IPCC verdict is 'supportive' but no city-level data bridge is defined for 'political_acceptability' at sector scope 'waste'; the IPCC prior is used unmodified.
ipcc_0025,Reduced food wastage,weak,waste,technological,maturity,NE,no evidence,,CL,,,IPCC verdict is 'no evidence' for this indicator — provides no directional evidence; the cell contributes 0 to the dimension score.
ipcc_0025,Reduced food wastage,weak,waste,technological,simplicity,NE,no evidence,,CL,,,IPCC verdict is 'no evidence' for this indicator — provides no directional evidence; the cell contributes 0 to the dimension score.
ipcc_0025,Reduced food wastage,weak,waste,institutional,institutional_capacity,C,supportive,,CL,,,IPCC verdict is 'supportive' but no city-level data bridge is defined for 'institutional_capacity' at sector scope 'waste'; the IPCC prior is used unmodified.
ipcc_0025,Reduced food wastage,weak,waste,institutional,transparency_accountability,C,supportive,,CL,,,IPCC verdict is 'supportive' but no city-level data bridge is defined for 'transparency_accountability' at sector scope 'waste'; the IPCC prior is used unmodified.
ipcc_0025,Reduced food wastage,weak,waste,socio_cultural,social_co_benefits,C,supportive,,CL,,,IPCC verdict is 'supportive' but no city-level data bridge is defined for 'social_co_benefits' at sector scope 'waste'; the IPCC prior is used unmodified.
ipcc_0025,Reduced food wastage,weak,waste,socio_cultural,public_acceptance,B,neutral,,CL,,,IPCC verdict is 'neutral' for this indicator — provides no directional evidence; the cell contributes 0 to the dimension score.
ipcc_0025,Reduced food wastage,weak,waste,socio_cultural,inclusiveness,B,neutral,,CL,,,IPCC verdict is 'neutral' for this indicator — provides no directional evidence; the cell contributes 0 to the dimension score.
ipcc_0025,Reduced food wastage,weak,waste,socio_cultural,intergenerational_equity,B,neutral,,CL,,,IPCC verdict is 'neutral' for this indicator — provides no directional evidence; the cell contributes 0 to the dimension score.
ipcc_0025,Reduced food wastage,weak,waste,socio_cultural,human_capabilities,C,supportive,mean_years_schooling,CL,positive,all,Cities with higher mean_years_schooling have stronger feasibility for 'human_capabilities' (socio_cultural dimension). Bridge applies to 'all' sector. IPCC base verdict: supportive.
ipcc_0025,Reduced food wastage,weak,waste,socio_cultural,human_capabilities,C,supportive,literacy_rate,CL,positive,all,Cities with higher literacy_rate have stronger feasibility for 'human_capabilities' (socio_cultural dimension). Bridge applies to 'all' sector. IPCC base verdict: supportive.
ipcc_0025,Reduced food wastage,weak,waste,environmental,air_pollution,C,supportive,,CL,,,IPCC verdict is 'supportive' but no city-level data bridge is defined for 'air_pollution' at sector scope 'waste'; the IPCC prior is used unmodified.
ipcc_0025,Reduced food wastage,weak,waste,environmental,water_use,C,supportive,,CL,,,IPCC verdict is 'supportive' but no city-level data bridge is defined for 'water_use' at sector scope 'waste'; the IPCC prior is used unmodified.
ipcc_0025,Reduced food wastage,weak,waste,environmental,biodiversity,C,supportive,,CL,,,IPCC verdict is 'supportive' but no city-level data bridge is defined for 'biodiversity' at sector scope 'waste'; the IPCC prior is used unmodified.
ipcc_0025,Reduced food wastage,weak,waste,geophysical,physical_feasibility,C,supportive,,CL,,,IPCC verdict is 'supportive' but no city-level data bridge is defined for 'physical_feasibility' at sector scope 'waste'; the IPCC prior is used unmodified.
ipcc_0025,Reduced food wastage,weak,waste,environmental,toxic_waste,NE,no evidence,,CL,,,IPCC verdict is 'no evidence' for this indicator — provides no directional evidence; the cell contributes 0 to the dimension score.
ipcc_0025,Reduced food wastage,weak,waste,geophysical,limited_land_use,C,supportive,,CL,,,IPCC verdict is 'supportive' but no city-level data bridge is defined for 'limited_land_use' at sector scope 'waste'; the IPCC prior is used unmodified.
ipcc_0025,Reduced food wastage,weak,waste,geophysical,global_spread,LE,limited evidence,,CL,,,IPCC verdict is 'limited evidence' for this indicator — provides no directional evidence; the cell contributes 0 to the dimension score.
ipcc_0026,Energy efficiency,direct,industrial,economic,cost-effectiveness,C,supportive,median_household_income,CL,positive,all,Cities with higher median_household_income have stronger feasibility for 'cost-effectiveness' (economic dimension). Bridge applies to 'all' sector. IPCC base verdict: supportive.
ipcc_0026,Energy efficiency,direct,industrial,economic,cost-effectiveness,C,supportive,poverty_rate,CL,negative,all,Cities with higher poverty_rate have weaker feasibility for 'cost-effectiveness' (economic dimension). Bridge applies to 'all' sector. IPCC base verdict: supportive.
ipcc_0026,Energy efficiency,direct,industrial,economic,employment_productivity,B,neutral,,CL,,,IPCC verdict is 'neutral' for this indicator — provides no directional evidence; the cell contributes 0 to the dimension score.
ipcc_0026,Energy efficiency,direct,industrial,technological,technical_scalability,C,supportive,,CL,,,IPCC verdict is 'supportive' but no city-level data bridge is defined for 'technical_scalability' at sector scope 'industrial'; the IPCC prior is used unmodified.
ipcc_0026,Energy efficiency,direct,industrial,technological,maturity,C,supportive,,CL,,,IPCC verdict is 'supportive' but no city-level data bridge is defined for 'maturity' at sector scope 'industrial'; the IPCC prior is used unmodified.
ipcc_0026,Energy efficiency,direct,industrial,technological,simplicity,B,neutral,,CL,,,IPCC verdict is 'neutral' for this indicator — provides no directional evidence; the cell contributes 0 to the dimension score.
ipcc_0026,Energy efficiency,direct,industrial,economic,distributional_effects,LE,limited evidence,,CL,,,IPCC verdict is 'limited evidence' for this indicator — provides no directional evidence; the cell contributes 0 to the dimension score.
ipcc_0026,Energy efficiency,direct,industrial,institutional,political_acceptability,C,supportive,,CL,,,IPCC verdict is 'supportive' but no city-level data bridge is defined for 'political_acceptability' at sector scope 'industrial'; the IPCC prior is used unmodified.
ipcc_0026,Energy efficiency,direct,industrial,institutional,legal_admin_acceptability,C,supportive,,CL,,,IPCC verdict is 'supportive' but no city-level data bridge is defined for 'legal_admin_acceptability' at sector scope 'industrial'; the IPCC prior is used unmodified.
ipcc_0026,Energy efficiency,direct,industrial,institutional,institutional_capacity,B,neutral,,CL,,,IPCC verdict is 'neutral' for this indicator — provides no directional evidence; the cell contributes 0 to the dimension score.
ipcc_0026,Energy efficiency,direct,industrial,socio_cultural,public_acceptance,C,supportive,,CL,,,IPCC verdict is 'supportive' but no city-level data bridge is defined for 'public_acceptance' at sector scope 'industrial'; the IPCC prior is used unmodified.
ipcc_0026,Energy efficiency,direct,industrial,socio_cultural,human_capabilities,B,neutral,,CL,,,IPCC verdict is 'neutral' for this indicator — provides no directional evidence; the cell contributes 0 to the dimension score.
ipcc_0026,Energy efficiency,direct,industrial,environmental,air_pollution,C,supportive,,CL,,,IPCC verdict is 'supportive' but no city-level data bridge is defined for 'air_pollution' at sector scope 'industrial'; the IPCC prior is used unmodified.
ipcc_0026,Energy efficiency,direct,industrial,environmental,water_use,B,neutral,,CL,,,IPCC verdict is 'neutral' for this indicator — provides no directional evidence; the cell contributes 0 to the dimension score.
ipcc_0026,Energy efficiency,direct,industrial,geophysical,physical_feasibility,B,neutral,,CL,,,IPCC verdict is 'neutral' for this indicator — provides no directional evidence; the cell contributes 0 to the dimension score.
ipcc_0026,Energy efficiency,direct,industrial,environmental,toxic_waste,NE,no evidence,,CL,,,IPCC verdict is 'no evidence' for this indicator — provides no directional evidence; the cell contributes 0 to the dimension score.
ipcc_0026,Energy efficiency,direct,industrial,environmental,biodiversity,NE,no evidence,,CL,,,IPCC verdict is 'no evidence' for this indicator — provides no directional evidence; the cell contributes 0 to the dimension score.
ipcc_0026,Energy efficiency,direct,industrial,geophysical,global_spread,C,supportive,urban_built_share,CL,positive,industrial,Cities with higher urban_built_share have stronger feasibility for 'global_spread' (geophysical dimension). Bridge applies to 'industrial' sector. IPCC base verdict: supportive.
ipcc_0028,Reduced food wastage,weak,waste,economic,cost-effectiveness,C,supportive,median_household_income,CL,positive,all,Cities with higher median_household_income have stronger feasibility for 'cost-effectiveness' (economic dimension). Bridge applies to 'all' sector. IPCC base verdict: supportive.
ipcc_0028,Reduced food wastage,weak,waste,economic,cost-effectiveness,C,supportive,poverty_rate,CL,negative,all,Cities with higher poverty_rate have weaker feasibility for 'cost-effectiveness' (economic dimension). Bridge applies to 'all' sector. IPCC base verdict: supportive.
ipcc_0028,Reduced food wastage,weak,waste,economic,distributional_effects,B,neutral,,CL,,,IPCC verdict is 'neutral' for this indicator — provides no directional evidence; the cell contributes 0 to the dimension score.
ipcc_0028,Reduced food wastage,weak,waste,economic,employment_productivity,B,neutral,,CL,,,IPCC verdict is 'neutral' for this indicator — provides no directional evidence; the cell contributes 0 to the dimension score.
ipcc_0028,Reduced food wastage,weak,waste,technological,technical_scalability,B,neutral,,CL,,,IPCC verdict is 'neutral' for this indicator — provides no directional evidence; the cell contributes 0 to the dimension score.
ipcc_0028,Reduced food wastage,weak,waste,technological,absence_of_risk,C,supportive,,CL,,,IPCC verdict is 'supportive' but no city-level data bridge is defined for 'absence_of_risk' at sector scope 'waste'; the IPCC prior is used unmodified.
ipcc_0028,Reduced food wastage,weak,waste,institutional,political_acceptability,C,supportive,,CL,,,IPCC verdict is 'supportive' but no city-level data bridge is defined for 'political_acceptability' at sector scope 'waste'; the IPCC prior is used unmodified.
ipcc_0028,Reduced food wastage,weak,waste,technological,maturity,NE,no evidence,,CL,,,IPCC verdict is 'no evidence' for this indicator — provides no directional evidence; the cell contributes 0 to the dimension score.
ipcc_0028,Reduced food wastage,weak,waste,technological,simplicity,NE,no evidence,,CL,,,IPCC verdict is 'no evidence' for this indicator — provides no directional evidence; the cell contributes 0 to the dimension score.
ipcc_0028,Reduced food wastage,weak,waste,institutional,institutional_capacity,C,supportive,,CL,,,IPCC verdict is 'supportive' but no city-level data bridge is defined for 'institutional_capacity' at sector scope 'waste'; the IPCC prior is used unmodified.
ipcc_0028,Reduced food wastage,weak,waste,institutional,transparency_accountability,C,supportive,,CL,,,IPCC verdict is 'supportive' but no city-level data bridge is defined for 'transparency_accountability' at sector scope 'waste'; the IPCC prior is used unmodified.
ipcc_0028,Reduced food wastage,weak,waste,socio_cultural,social_co_benefits,C,supportive,,CL,,,IPCC verdict is 'supportive' but no city-level data bridge is defined for 'social_co_benefits' at sector scope 'waste'; the IPCC prior is used unmodified.
ipcc_0028,Reduced food wastage,weak,waste,socio_cultural,public_acceptance,B,neutral,,CL,,,IPCC verdict is 'neutral' for this indicator — provides no directional evidence; the cell contributes 0 to the dimension score.
ipcc_0028,Reduced food wastage,weak,waste,socio_cultural,inclusiveness,B,neutral,,CL,,,IPCC verdict is 'neutral' for this indicator — provides no directional evidence; the cell contributes 0 to the dimension score.
ipcc_0028,Reduced food wastage,weak,waste,socio_cultural,intergenerational_equity,B,neutral,,CL,,,IPCC verdict is 'neutral' for this indicator — provides no directional evidence; the cell contributes 0 to the dimension score.
ipcc_0028,Reduced food wastage,weak,waste,socio_cultural,human_capabilities,C,supportive,mean_years_schooling,CL,positive,all,Cities with higher mean_years_schooling have stronger feasibility for 'human_capabilities' (socio_cultural dimension). Bridge applies to 'all' sector. IPCC base verdict: supportive.
ipcc_0028,Reduced food wastage,weak,waste,socio_cultural,human_capabilities,C,supportive,literacy_rate,CL,positive,all,Cities with higher literacy_rate have stronger feasibility for 'human_capabilities' (socio_cultural dimension). Bridge applies to 'all' sector. IPCC base verdict: supportive.
ipcc_0028,Reduced food wastage,weak,waste,environmental,air_pollution,C,supportive,,CL,,,IPCC verdict is 'supportive' but no city-level data bridge is defined for 'air_pollution' at sector scope 'waste'; the IPCC prior is used unmodified.
ipcc_0028,Reduced food wastage,weak,waste,environmental,water_use,C,supportive,,CL,,,IPCC verdict is 'supportive' but no city-level data bridge is defined for 'water_use' at sector scope 'waste'; the IPCC prior is used unmodified.
ipcc_0028,Reduced food wastage,weak,waste,environmental,biodiversity,C,supportive,,CL,,,IPCC verdict is 'supportive' but no city-level data bridge is defined for 'biodiversity' at sector scope 'waste'; the IPCC prior is used unmodified.
ipcc_0028,Reduced food wastage,weak,waste,geophysical,physical_feasibility,C,supportive,,CL,,,IPCC verdict is 'supportive' but no city-level data bridge is defined for 'physical_feasibility' at sector scope 'waste'; the IPCC prior is used unmodified.
ipcc_0028,Reduced food wastage,weak,waste,environmental,toxic_waste,NE,no evidence,,CL,,,IPCC verdict is 'no evidence' for this indicator — provides no directional evidence; the cell contributes 0 to the dimension score.
ipcc_0028,Reduced food wastage,weak,waste,geophysical,limited_land_use,C,supportive,,CL,,,IPCC verdict is 'supportive' but no city-level data bridge is defined for 'limited_land_use' at sector scope 'waste'; the IPCC prior is used unmodified.
ipcc_0028,Reduced food wastage,weak,waste,geophysical,global_spread,LE,limited evidence,,CL,,,IPCC verdict is 'limited evidence' for this indicator — provides no directional evidence; the cell contributes 0 to the dimension score.
ipcc_0033,Low/zero-energy buildings,direct,buildings,economic,cost-effectiveness,C,supportive,median_household_income,CL,positive,all,Cities with higher median_household_income have stronger feasibility for 'cost-effectiveness' (economic dimension). Bridge applies to 'all' sector. IPCC base verdict: supportive.
ipcc_0033,Low/zero-energy buildings,direct,buildings,economic,cost-effectiveness,C,supportive,poverty_rate,CL,negative,all,Cities with higher poverty_rate have weaker feasibility for 'cost-effectiveness' (economic dimension). Bridge applies to 'all' sector. IPCC base verdict: supportive.
ipcc_0033,Low/zero-energy buildings,direct,buildings,economic,distributional_effects,C,supportive,poverty_rate,CL,negative,all,Cities with higher poverty_rate have weaker feasibility for 'distributional_effects' (economic dimension). Bridge applies to 'all' sector. IPCC base verdict: supportive.
ipcc_0033,Low/zero-energy buildings,direct,buildings,economic,distributional_effects,C,supportive,home_ownership,CL,positive,buildings,Cities with higher home_ownership have stronger feasibility for 'distributional_effects' (economic dimension). Bridge applies to 'buildings' sector. IPCC base verdict: supportive.
ipcc_0033,Low/zero-energy buildings,direct,buildings,economic,distributional_effects,C,supportive,renter_share,CL,negative,buildings,Cities with higher renter_share have weaker feasibility for 'distributional_effects' (economic dimension). Bridge applies to 'buildings' sector. IPCC base verdict: supportive.
ipcc_0033,Low/zero-energy buildings,direct,buildings,economic,employment_productivity,C,supportive,unemployment_rate,CL,positive,all,Cities with higher unemployment_rate have stronger feasibility for 'employment_productivity' (economic dimension). Bridge applies to 'all' sector. IPCC base verdict: supportive.
ipcc_0033,Low/zero-energy buildings,direct,buildings,economic,employment_productivity,C,supportive,industry_construction_employment,CL,positive,buildings,Cities with higher industry_construction_employment have stronger feasibility for 'employment_productivity' (economic dimension). Bridge applies to 'buildings' sector. IPCC base verdict: supportive.
ipcc_0033,Low/zero-energy buildings,direct,buildings,technological,technical_scalability,C,supportive,electricity_access_rate,CL,positive,buildings,Cities with higher electricity_access_rate have stronger feasibility for 'technical_scalability' (technological dimension). Bridge applies to 'buildings' sector. IPCC base verdict: supportive.
ipcc_0033,Low/zero-energy buildings,direct,buildings,technological,technical_scalability,C,supportive,fixed_internet_household_share,CL,positive,buildings,Cities with higher fixed_internet_household_share have stronger feasibility for 'technical_scalability' (technological dimension). Bridge applies to 'buildings' sector. IPCC base verdict: supportive.
ipcc_0033,Low/zero-energy buildings,direct,buildings,technological,maturity,B,neutral,,CL,,,IPCC verdict is 'neutral' for this indicator — provides no directional evidence; the cell contributes 0 to the dimension score.
ipcc_0033,Low/zero-energy buildings,direct,buildings,institutional,political_acceptability,C,supportive,,CL,,,IPCC verdict is 'supportive' but no city-level data bridge is defined for 'political_acceptability' at sector scope 'buildings'; the IPCC prior is used unmodified.
ipcc_0033,Low/zero-energy buildings,direct,buildings,institutional,institutional_capacity,B,neutral,,CL,,,IPCC verdict is 'neutral' for this indicator — provides no directional evidence; the cell contributes 0 to the dimension score.
ipcc_0033,Low/zero-energy buildings,direct,buildings,socio_cultural,social_co_benefits,B,neutral,,CL,,,IPCC verdict is 'neutral' for this indicator — provides no directional evidence; the cell contributes 0 to the dimension score.
ipcc_0033,Low/zero-energy buildings,direct,buildings,technological,simplicity,LE,limited evidence,,CL,,,IPCC verdict is 'limited evidence' for this indicator — provides no directional evidence; the cell contributes 0 to the dimension score.
ipcc_0033,Low/zero-energy buildings,direct,buildings,technological,absence_of_risk,NE,no evidence,,CL,,,IPCC verdict is 'no evidence' for this indicator — provides no directional evidence; the cell contributes 0 to the dimension score.
ipcc_0033,Low/zero-energy buildings,direct,buildings,institutional,transparency_accountability,LE,limited evidence,,CL,,,IPCC verdict is 'limited evidence' for this indicator — provides no directional evidence; the cell contributes 0 to the dimension score.
ipcc_0033,Low/zero-energy buildings,direct,buildings,environmental,air_pollution,B,neutral,,CL,,,IPCC verdict is 'neutral' for this indicator — provides no directional evidence; the cell contributes 0 to the dimension score.
ipcc_0033,Low/zero-energy buildings,direct,buildings,environmental,toxic_waste,C,supportive,,CL,,,IPCC verdict is 'supportive' but no city-level data bridge is defined for 'toxic_waste' at sector scope 'buildings'; the IPCC prior is used unmodified.
ipcc_0033,Low/zero-energy buildings,direct,buildings,environmental,water_use,C,supportive,,CL,,,IPCC verdict is 'supportive' but no city-level data bridge is defined for 'water_use' at sector scope 'buildings'; the IPCC prior is used unmodified.
ipcc_0033,Low/zero-energy buildings,direct,buildings,geophysical,physical_feasibility,C,supportive,urban_built_share,CL,positive,buildings,Cities with higher urban_built_share have stronger feasibility for 'physical_feasibility' (geophysical dimension). Bridge applies to 'buildings' sector. IPCC base verdict: supportive.
ipcc_0033,Low/zero-energy buildings,direct,buildings,socio_cultural,public_acceptance,NE,no evidence,,CL,,,IPCC verdict is 'no evidence' for this indicator — provides no directional evidence; the cell contributes 0 to the dimension score.
ipcc_0033,Low/zero-energy buildings,direct,buildings,socio_cultural,inclusiveness,NE,no evidence,,CL,,,IPCC verdict is 'no evidence' for this indicator — provides no directional evidence; the cell contributes 0 to the dimension score.
ipcc_0033,Low/zero-energy buildings,direct,buildings,socio_cultural,human_capabilities,NE,no evidence,,CL,,,IPCC verdict is 'no evidence' for this indicator — provides no directional evidence; the cell contributes 0 to the dimension score.
ipcc_0037,Low/zero-energy buildings,partial,buildings,economic,cost-effectiveness,C,supportive,median_household_income,CL,positive,all,Cities with higher median_household_income have stronger feasibility for 'cost-effectiveness' (economic dimension). Bridge applies to 'all' sector. IPCC base verdict: supportive.
ipcc_0037,Low/zero-energy buildings,partial,buildings,economic,cost-effectiveness,C,supportive,poverty_rate,CL,negative,all,Cities with higher poverty_rate have weaker feasibility for 'cost-effectiveness' (economic dimension). Bridge applies to 'all' sector. IPCC base verdict: supportive.
ipcc_0037,Low/zero-energy buildings,partial,buildings,economic,distributional_effects,C,supportive,poverty_rate,CL,negative,all,Cities with higher poverty_rate have weaker feasibility for 'distributional_effects' (economic dimension). Bridge applies to 'all' sector. IPCC base verdict: supportive.
ipcc_0037,Low/zero-energy buildings,partial,buildings,economic,distributional_effects,C,supportive,home_ownership,CL,positive,buildings,Cities with higher home_ownership have stronger feasibility for 'distributional_effects' (economic dimension). Bridge applies to 'buildings' sector. IPCC base verdict: supportive.
ipcc_0037,Low/zero-energy buildings,partial,buildings,economic,distributional_effects,C,supportive,renter_share,CL,negative,buildings,Cities with higher renter_share have weaker feasibility for 'distributional_effects' (economic dimension). Bridge applies to 'buildings' sector. IPCC base verdict: supportive.
ipcc_0037,Low/zero-energy buildings,partial,buildings,economic,employment_productivity,C,supportive,unemployment_rate,CL,positive,all,Cities with higher unemployment_rate have stronger feasibility for 'employment_productivity' (economic dimension). Bridge applies to 'all' sector. IPCC base verdict: supportive.
ipcc_0037,Low/zero-energy buildings,partial,buildings,economic,employment_productivity,C,supportive,industry_construction_employment,CL,positive,buildings,Cities with higher industry_construction_employment have stronger feasibility for 'employment_productivity' (economic dimension). Bridge applies to 'buildings' sector. IPCC base verdict: supportive.
ipcc_0037,Low/zero-energy buildings,partial,buildings,technological,technical_scalability,C,supportive,electricity_access_rate,CL,positive,buildings,Cities with higher electricity_access_rate have stronger feasibility for 'technical_scalability' (technological dimension). Bridge applies to 'buildings' sector. IPCC base verdict: supportive.
ipcc_0037,Low/zero-energy buildings,partial,buildings,technological,technical_scalability,C,supportive,fixed_internet_household_share,CL,positive,buildings,Cities with higher fixed_internet_household_share have stronger feasibility for 'technical_scalability' (technological dimension). Bridge applies to 'buildings' sector. IPCC base verdict: supportive.
ipcc_0037,Low/zero-energy buildings,partial,buildings,technological,maturity,B,neutral,,CL,,,IPCC verdict is 'neutral' for this indicator — provides no directional evidence; the cell contributes 0 to the dimension score.
ipcc_0037,Low/zero-energy buildings,partial,buildings,institutional,political_acceptability,C,supportive,,CL,,,IPCC verdict is 'supportive' but no city-level data bridge is defined for 'political_acceptability' at sector scope 'buildings'; the IPCC prior is used unmodified.
ipcc_0037,Low/zero-energy buildings,partial,buildings,institutional,institutional_capacity,B,neutral,,CL,,,IPCC verdict is 'neutral' for this indicator — provides no directional evidence; the cell contributes 0 to the dimension score.
ipcc_0037,Low/zero-energy buildings,partial,buildings,socio_cultural,social_co_benefits,B,neutral,,CL,,,IPCC verdict is 'neutral' for this indicator — provides no directional evidence; the cell contributes 0 to the dimension score.
ipcc_0037,Low/zero-energy buildings,partial,buildings,technological,simplicity,LE,limited evidence,,CL,,,IPCC verdict is 'limited evidence' for this indicator — provides no directional evidence; the cell contributes 0 to the dimension score.
ipcc_0037,Low/zero-energy buildings,partial,buildings,technological,absence_of_risk,NE,no evidence,,CL,,,IPCC verdict is 'no evidence' for this indicator — provides no directional evidence; the cell contributes 0 to the dimension score.
ipcc_0037,Low/zero-energy buildings,partial,buildings,institutional,transparency_accountability,LE,limited evidence,,CL,,,IPCC verdict is 'limited evidence' for this indicator — provides no directional evidence; the cell contributes 0 to the dimension score.
ipcc_0037,Low/zero-energy buildings,partial,buildings,environmental,air_pollution,B,neutral,,CL,,,IPCC verdict is 'neutral' for this indicator — provides no directional evidence; the cell contributes 0 to the dimension score.
ipcc_0037,Low/zero-energy buildings,partial,buildings,environmental,toxic_waste,C,supportive,,CL,,,IPCC verdict is 'supportive' but no city-level data bridge is defined for 'toxic_waste' at sector scope 'buildings'; the IPCC prior is used unmodified.
ipcc_0037,Low/zero-energy buildings,partial,buildings,environmental,water_use,C,supportive,,CL,,,IPCC verdict is 'supportive' but no city-level data bridge is defined for 'water_use' at sector scope 'buildings'; the IPCC prior is used unmodified.
ipcc_0037,Low/zero-energy buildings,partial,buildings,geophysical,physical_feasibility,C,supportive,urban_built_share,CL,positive,buildings,Cities with higher urban_built_share have stronger feasibility for 'physical_feasibility' (geophysical dimension). Bridge applies to 'buildings' sector. IPCC base verdict: supportive.
ipcc_0037,Low/zero-energy buildings,partial,buildings,socio_cultural,public_acceptance,NE,no evidence,,CL,,,IPCC verdict is 'no evidence' for this indicator — provides no directional evidence; the cell contributes 0 to the dimension score.
ipcc_0037,Low/zero-energy buildings,partial,buildings,socio_cultural,inclusiveness,NE,no evidence,,CL,,,IPCC verdict is 'no evidence' for this indicator — provides no directional evidence; the cell contributes 0 to the dimension score.
ipcc_0037,Low/zero-energy buildings,partial,buildings,socio_cultural,human_capabilities,NE,no evidence,,CL,,,IPCC verdict is 'no evidence' for this indicator — provides no directional evidence; the cell contributes 0 to the dimension score.
ipcc_0038,Solar PV,direct,energy_supply,economic,cost-effectiveness,C,supportive,median_household_income,CL,positive,all,Cities with higher median_household_income have stronger feasibility for 'cost-effectiveness' (economic dimension). Bridge applies to 'all' sector. IPCC base verdict: supportive.
ipcc_0038,Solar PV,direct,energy_supply,economic,cost-effectiveness,C,supportive,poverty_rate,CL,negative,all,Cities with higher poverty_rate have weaker feasibility for 'cost-effectiveness' (economic dimension). Bridge applies to 'all' sector. IPCC base verdict: supportive.
ipcc_0038,Solar PV,direct,energy_supply,economic,distributional_effects,C,supportive,poverty_rate,CL,negative,all,Cities with higher poverty_rate have weaker feasibility for 'distributional_effects' (economic dimension). Bridge applies to 'all' sector. IPCC base verdict: supportive.
ipcc_0038,Solar PV,direct,energy_supply,economic,employment_productivity,C,supportive,unemployment_rate,CL,positive,all,Cities with higher unemployment_rate have stronger feasibility for 'employment_productivity' (economic dimension). Bridge applies to 'all' sector. IPCC base verdict: supportive.
ipcc_0038,Solar PV,direct,energy_supply,technological,maturity,C,supportive,,CL,,,IPCC verdict is 'supportive' but no city-level data bridge is defined for 'maturity' at sector scope 'energy_supply'; the IPCC prior is used unmodified.
ipcc_0038,Solar PV,direct,energy_supply,technological,simplicity,C,supportive,,CL,,,IPCC verdict is 'supportive' but no city-level data bridge is defined for 'simplicity' at sector scope 'energy_supply'; the IPCC prior is used unmodified.
ipcc_0038,Solar PV,direct,energy_supply,technological,absence_of_risk,C,supportive,,CL,,,IPCC verdict is 'supportive' but no city-level data bridge is defined for 'absence_of_risk' at sector scope 'energy_supply'; the IPCC prior is used unmodified.
ipcc_0038,Solar PV,direct,energy_supply,institutional,political_acceptability,B,neutral,,CL,,,IPCC verdict is 'neutral' for this indicator — provides no directional evidence; the cell contributes 0 to the dimension score.
ipcc_0038,Solar PV,direct,energy_supply,institutional,institutional_capacity,B,neutral,,CL,,,IPCC verdict is 'neutral' for this indicator — provides no directional evidence; the cell contributes 0 to the dimension score.
ipcc_0038,Solar PV,direct,energy_supply,institutional,transparency_accountability,C,supportive,,CL,,,IPCC verdict is 'supportive' but no city-level data bridge is defined for 'transparency_accountability' at sector scope 'energy_supply'; the IPCC prior is used unmodified.
ipcc_0038,Solar PV,direct,energy_supply,socio_cultural,social_co_benefits,C,supportive,,CL,,,IPCC verdict is 'supportive' but no city-level data bridge is defined for 'social_co_benefits' at sector scope 'energy_supply'; the IPCC prior is used unmodified.
ipcc_0038,Solar PV,direct,energy_supply,socio_cultural,public_acceptance,C,supportive,,CL,,,IPCC verdict is 'supportive' but no city-level data bridge is defined for 'public_acceptance' at sector scope 'energy_supply'; the IPCC prior is used unmodified.
ipcc_0038,Solar PV,direct,energy_supply,socio_cultural,inclusiveness,B,neutral,,CL,,,IPCC verdict is 'neutral' for this indicator — provides no directional evidence; the cell contributes 0 to the dimension score.
ipcc_0038,Solar PV,direct,energy_supply,socio_cultural,intergenerational_equity,C,supportive,,CL,,,IPCC verdict is 'supportive' but no city-level data bridge is defined for 'intergenerational_equity' at sector scope 'energy_supply'; the IPCC prior is used unmodified.
ipcc_0038,Solar PV,direct,energy_supply,socio_cultural,human_capabilities,B,neutral,,CL,,,IPCC verdict is 'neutral' for this indicator — provides no directional evidence; the cell contributes 0 to the dimension score.
ipcc_0038,Solar PV,direct,energy_supply,environmental,air_pollution,C,supportive,,CL,,,IPCC verdict is 'supportive' but no city-level data bridge is defined for 'air_pollution' at sector scope 'energy_supply'; the IPCC prior is used unmodified.
ipcc_0038,Solar PV,direct,energy_supply,environmental,toxic_waste,B,neutral,,CL,,,IPCC verdict is 'neutral' for this indicator — provides no directional evidence; the cell contributes 0 to the dimension score.
ipcc_0038,Solar PV,direct,energy_supply,environmental,water_use,C,supportive,,CL,,,IPCC verdict is 'supportive' but no city-level data bridge is defined for 'water_use' at sector scope 'energy_supply'; the IPCC prior is used unmodified.
ipcc_0038,Solar PV,direct,energy_supply,environmental,biodiversity,C,supportive,,CL,,,IPCC verdict is 'supportive' but no city-level data bridge is defined for 'biodiversity' at sector scope 'energy_supply'; the IPCC prior is used unmodified.
ipcc_0038,Solar PV,direct,energy_supply,geophysical,physical_feasibility,C,supportive,silviculture_share,CL,positive,energy_supply,Cities with higher silviculture_share have stronger feasibility for 'physical_feasibility' (geophysical dimension). Bridge applies to 'energy_supply' sector. IPCC base verdict: supportive.
ipcc_0038,Solar PV,direct,energy_supply,geophysical,physical_feasibility,C,supportive,urban_built_share,CL,positive,energy_supply,Cities with higher urban_built_share have stronger feasibility for 'physical_feasibility' (geophysical dimension). Bridge applies to 'energy_supply' sector. IPCC base verdict: supportive.
ipcc_0038,Solar PV,direct,energy_supply,geophysical,limited_land_use,B,neutral,,CL,,,IPCC verdict is 'neutral' for this indicator — provides no directional evidence; the cell contributes 0 to the dimension score.
ipcc_0038,Solar PV,direct,energy_supply,geophysical,limited_scarce_resources,B,neutral,,CL,,,IPCC verdict is 'neutral' for this indicator — provides no directional evidence; the cell contributes 0 to the dimension score.
ipcc_0041,Energy efficiency,direct,industrial,economic,cost-effectiveness,C,supportive,median_household_income,CL,positive,all,Cities with higher median_household_income have stronger feasibility for 'cost-effectiveness' (economic dimension). Bridge applies to 'all' sector. IPCC base verdict: supportive.
ipcc_0041,Energy efficiency,direct,industrial,economic,cost-effectiveness,C,supportive,poverty_rate,CL,negative,all,Cities with higher poverty_rate have weaker feasibility for 'cost-effectiveness' (economic dimension). Bridge applies to 'all' sector. IPCC base verdict: supportive.
ipcc_0041,Energy efficiency,direct,industrial,economic,employment_productivity,B,neutral,,CL,,,IPCC verdict is 'neutral' for this indicator — provides no directional evidence; the cell contributes 0 to the dimension score.
ipcc_0041,Energy efficiency,direct,industrial,technological,technical_scalability,C,supportive,,CL,,,IPCC verdict is 'supportive' but no city-level data bridge is defined for 'technical_scalability' at sector scope 'industrial'; the IPCC prior is used unmodified.
ipcc_0041,Energy efficiency,direct,industrial,technological,maturity,C,supportive,,CL,,,IPCC verdict is 'supportive' but no city-level data bridge is defined for 'maturity' at sector scope 'industrial'; the IPCC prior is used unmodified.
ipcc_0041,Energy efficiency,direct,industrial,technological,simplicity,B,neutral,,CL,,,IPCC verdict is 'neutral' for this indicator — provides no directional evidence; the cell contributes 0 to the dimension score.
ipcc_0041,Energy efficiency,direct,industrial,economic,distributional_effects,LE,limited evidence,,CL,,,IPCC verdict is 'limited evidence' for this indicator — provides no directional evidence; the cell contributes 0 to the dimension score.
ipcc_0041,Energy efficiency,direct,industrial,institutional,political_acceptability,C,supportive,,CL,,,IPCC verdict is 'supportive' but no city-level data bridge is defined for 'political_acceptability' at sector scope 'industrial'; the IPCC prior is used unmodified.
ipcc_0041,Energy efficiency,direct,industrial,institutional,legal_admin_acceptability,C,supportive,,CL,,,IPCC verdict is 'supportive' but no city-level data bridge is defined for 'legal_admin_acceptability' at sector scope 'industrial'; the IPCC prior is used unmodified.
ipcc_0041,Energy efficiency,direct,industrial,institutional,institutional_capacity,B,neutral,,CL,,,IPCC verdict is 'neutral' for this indicator — provides no directional evidence; the cell contributes 0 to the dimension score.
ipcc_0041,Energy efficiency,direct,industrial,socio_cultural,public_acceptance,C,supportive,,CL,,,IPCC verdict is 'supportive' but no city-level data bridge is defined for 'public_acceptance' at sector scope 'industrial'; the IPCC prior is used unmodified.
ipcc_0041,Energy efficiency,direct,industrial,socio_cultural,human_capabilities,B,neutral,,CL,,,IPCC verdict is 'neutral' for this indicator — provides no directional evidence; the cell contributes 0 to the dimension score.
ipcc_0041,Energy efficiency,direct,industrial,environmental,air_pollution,C,supportive,,CL,,,IPCC verdict is 'supportive' but no city-level data bridge is defined for 'air_pollution' at sector scope 'industrial'; the IPCC prior is used unmodified.
ipcc_0041,Energy efficiency,direct,industrial,environmental,water_use,B,neutral,,CL,,,IPCC verdict is 'neutral' for this indicator — provides no directional evidence; the cell contributes 0 to the dimension score.
ipcc_0041,Energy efficiency,direct,industrial,geophysical,physical_feasibility,B,neutral,,CL,,,IPCC verdict is 'neutral' for this indicator — provides no directional evidence; the cell contributes 0 to the dimension score.
ipcc_0041,Energy efficiency,direct,industrial,environmental,toxic_waste,NE,no evidence,,CL,,,IPCC verdict is 'no evidence' for this indicator — provides no directional evidence; the cell contributes 0 to the dimension score.
ipcc_0041,Energy efficiency,direct,industrial,environmental,biodiversity,NE,no evidence,,CL,,,IPCC verdict is 'no evidence' for this indicator — provides no directional evidence; the cell contributes 0 to the dimension score.
ipcc_0041,Energy efficiency,direct,industrial,geophysical,global_spread,C,supportive,urban_built_share,CL,positive,industrial,Cities with higher urban_built_share have stronger feasibility for 'global_spread' (geophysical dimension). Bridge applies to 'industrial' sector. IPCC base verdict: supportive.
ipcc_0043,Electrification & hydrogen,direct,industrial,economic,cost-effectiveness,A,barrier,median_household_income,CL,positive,all,Cities with higher median_household_income have stronger feasibility for 'cost-effectiveness' (economic dimension). Bridge applies to 'all' sector. IPCC base verdict: barrier.
ipcc_0043,Electrification & hydrogen,direct,industrial,economic,cost-effectiveness,A,barrier,poverty_rate,CL,negative,all,Cities with higher poverty_rate have weaker feasibility for 'cost-effectiveness' (economic dimension). Bridge applies to 'all' sector. IPCC base verdict: barrier.
ipcc_0043,Electrification & hydrogen,direct,industrial,technological,technical_scalability,C,supportive,,CL,,,IPCC verdict is 'supportive' but no city-level data bridge is defined for 'technical_scalability' at sector scope 'industrial'; the IPCC prior is used unmodified.
ipcc_0043,Electrification & hydrogen,direct,industrial,technological,maturity,A,barrier,,CL,,,IPCC verdict is 'barrier' but no city-level data bridge is defined for 'maturity' at sector scope 'industrial'; the IPCC prior is used unmodified.
ipcc_0043,Electrification & hydrogen,direct,industrial,economic,distributional_effects,LE,limited evidence,,CL,,,IPCC verdict is 'limited evidence' for this indicator — provides no directional evidence; the cell contributes 0 to the dimension score.
ipcc_0043,Electrification & hydrogen,direct,industrial,economic,employment_productivity,LE,limited evidence,,CL,,,IPCC verdict is 'limited evidence' for this indicator — provides no directional evidence; the cell contributes 0 to the dimension score.
ipcc_0043,Electrification & hydrogen,direct,industrial,technological,simplicity,NE,no evidence,,CL,,,IPCC verdict is 'no evidence' for this indicator — provides no directional evidence; the cell contributes 0 to the dimension score.
ipcc_0043,Electrification & hydrogen,direct,industrial,institutional,political_acceptability,C,supportive,,CL,,,IPCC verdict is 'supportive' but no city-level data bridge is defined for 'political_acceptability' at sector scope 'industrial'; the IPCC prior is used unmodified.
ipcc_0043,Electrification & hydrogen,direct,industrial,technological,absence_of_risk,NE,no evidence,,CL,,,IPCC verdict is 'no evidence' for this indicator — provides no directional evidence; the cell contributes 0 to the dimension score.
ipcc_0043,Electrification & hydrogen,direct,industrial,institutional,legal_admin_acceptability,NE,no evidence,,CL,,,IPCC verdict is 'no evidence' for this indicator — provides no directional evidence; the cell contributes 0 to the dimension score.
ipcc_0043,Electrification & hydrogen,direct,industrial,institutional,institutional_capacity,NE,no evidence,,CL,,,IPCC verdict is 'no evidence' for this indicator — provides no directional evidence; the cell contributes 0 to the dimension score.
ipcc_0043,Electrification & hydrogen,direct,industrial,socio_cultural,public_acceptance,LE,limited evidence,,CL,,,IPCC verdict is 'limited evidence' for this indicator — provides no directional evidence; the cell contributes 0 to the dimension score.
ipcc_0043,Electrification & hydrogen,direct,industrial,geophysical,physical_feasibility,B,neutral,,CL,,,IPCC verdict is 'neutral' for this indicator — provides no directional evidence; the cell contributes 0 to the dimension score.
ipcc_0043,Electrification & hydrogen,direct,industrial,socio_cultural,human_capabilities,NE,no evidence,,CL,,,IPCC verdict is 'no evidence' for this indicator — provides no directional evidence; the cell contributes 0 to the dimension score.
ipcc_0043,Electrification & hydrogen,direct,industrial,environmental,air_pollution,NE,no evidence,,CL,,,IPCC verdict is 'no evidence' for this indicator — provides no directional evidence; the cell contributes 0 to the dimension score.
ipcc_0043,Electrification & hydrogen,direct,industrial,environmental,toxic_waste,NE,no evidence,,CL,,,IPCC verdict is 'no evidence' for this indicator — provides no directional evidence; the cell contributes 0 to the dimension score.
ipcc_0043,Electrification & hydrogen,direct,industrial,environmental,water_use,NE,no evidence,,CL,,,IPCC verdict is 'no evidence' for this indicator — provides no directional evidence; the cell contributes 0 to the dimension score.
ipcc_0043,Electrification & hydrogen,direct,industrial,environmental,biodiversity,NE,no evidence,,CL,,,IPCC verdict is 'no evidence' for this indicator — provides no directional evidence; the cell contributes 0 to the dimension score.
ipcc_0043,Electrification & hydrogen,direct,industrial,geophysical,limited_land_use,NE,no evidence,,CL,,,IPCC verdict is 'no evidence' for this indicator — provides no directional evidence; the cell contributes 0 to the dimension score.
ipcc_0043,Electrification & hydrogen,direct,industrial,geophysical,global_spread,C,supportive,urban_built_share,CL,positive,industrial,Cities with higher urban_built_share have stronger feasibility for 'global_spread' (geophysical dimension). Bridge applies to 'industrial' sector. IPCC base verdict: supportive.
ipcc_0045,Solar PV,weak,energy_supply,economic,cost-effectiveness,C,supportive,median_household_income,CL,positive,all,Cities with higher median_household_income have stronger feasibility for 'cost-effectiveness' (economic dimension). Bridge applies to 'all' sector. IPCC base verdict: supportive.
ipcc_0045,Solar PV,weak,energy_supply,economic,cost-effectiveness,C,supportive,poverty_rate,CL,negative,all,Cities with higher poverty_rate have weaker feasibility for 'cost-effectiveness' (economic dimension). Bridge applies to 'all' sector. IPCC base verdict: supportive.
ipcc_0045,Solar PV,weak,energy_supply,economic,distributional_effects,C,supportive,poverty_rate,CL,negative,all,Cities with higher poverty_rate have weaker feasibility for 'distributional_effects' (economic dimension). Bridge applies to 'all' sector. IPCC base verdict: supportive.
ipcc_0045,Solar PV,weak,energy_supply,economic,employment_productivity,C,supportive,unemployment_rate,CL,positive,all,Cities with higher unemployment_rate have stronger feasibility for 'employment_productivity' (economic dimension). Bridge applies to 'all' sector. IPCC base verdict: supportive.
ipcc_0045,Solar PV,weak,energy_supply,technological,maturity,C,supportive,,CL,,,IPCC verdict is 'supportive' but no city-level data bridge is defined for 'maturity' at sector scope 'energy_supply'; the IPCC prior is used unmodified.
ipcc_0045,Solar PV,weak,energy_supply,technological,simplicity,C,supportive,,CL,,,IPCC verdict is 'supportive' but no city-level data bridge is defined for 'simplicity' at sector scope 'energy_supply'; the IPCC prior is used unmodified.
ipcc_0045,Solar PV,weak,energy_supply,technological,absence_of_risk,C,supportive,,CL,,,IPCC verdict is 'supportive' but no city-level data bridge is defined for 'absence_of_risk' at sector scope 'energy_supply'; the IPCC prior is used unmodified.
ipcc_0045,Solar PV,weak,energy_supply,institutional,political_acceptability,B,neutral,,CL,,,IPCC verdict is 'neutral' for this indicator — provides no directional evidence; the cell contributes 0 to the dimension score.
ipcc_0045,Solar PV,weak,energy_supply,institutional,institutional_capacity,B,neutral,,CL,,,IPCC verdict is 'neutral' for this indicator — provides no directional evidence; the cell contributes 0 to the dimension score.
ipcc_0045,Solar PV,weak,energy_supply,institutional,transparency_accountability,C,supportive,,CL,,,IPCC verdict is 'supportive' but no city-level data bridge is defined for 'transparency_accountability' at sector scope 'energy_supply'; the IPCC prior is used unmodified.
ipcc_0045,Solar PV,weak,energy_supply,socio_cultural,social_co_benefits,C,supportive,,CL,,,IPCC verdict is 'supportive' but no city-level data bridge is defined for 'social_co_benefits' at sector scope 'energy_supply'; the IPCC prior is used unmodified.
ipcc_0045,Solar PV,weak,energy_supply,socio_cultural,public_acceptance,C,supportive,,CL,,,IPCC verdict is 'supportive' but no city-level data bridge is defined for 'public_acceptance' at sector scope 'energy_supply'; the IPCC prior is used unmodified.
ipcc_0045,Solar PV,weak,energy_supply,socio_cultural,inclusiveness,B,neutral,,CL,,,IPCC verdict is 'neutral' for this indicator — provides no directional evidence; the cell contributes 0 to the dimension score.
ipcc_0045,Solar PV,weak,energy_supply,socio_cultural,intergenerational_equity,C,supportive,,CL,,,IPCC verdict is 'supportive' but no city-level data bridge is defined for 'intergenerational_equity' at sector scope 'energy_supply'; the IPCC prior is used unmodified.
ipcc_0045,Solar PV,weak,energy_supply,socio_cultural,human_capabilities,B,neutral,,CL,,,IPCC verdict is 'neutral' for this indicator — provides no directional evidence; the cell contributes 0 to the dimension score.
ipcc_0045,Solar PV,weak,energy_supply,environmental,air_pollution,C,supportive,,CL,,,IPCC verdict is 'supportive' but no city-level data bridge is defined for 'air_pollution' at sector scope 'energy_supply'; the IPCC prior is used unmodified.
ipcc_0045,Solar PV,weak,energy_supply,environmental,toxic_waste,B,neutral,,CL,,,IPCC verdict is 'neutral' for this indicator — provides no directional evidence; the cell contributes 0 to the dimension score.
ipcc_0045,Solar PV,weak,energy_supply,environmental,water_use,C,supportive,,CL,,,IPCC verdict is 'supportive' but no city-level data bridge is defined for 'water_use' at sector scope 'energy_supply'; the IPCC prior is used unmodified.
ipcc_0045,Solar PV,weak,energy_supply,environmental,biodiversity,C,supportive,,CL,,,IPCC verdict is 'supportive' but no city-level data bridge is defined for 'biodiversity' at sector scope 'energy_supply'; the IPCC prior is used unmodified.
ipcc_0045,Solar PV,weak,energy_supply,geophysical,physical_feasibility,C,supportive,silviculture_share,CL,positive,energy_supply,Cities with higher silviculture_share have stronger feasibility for 'physical_feasibility' (geophysical dimension). Bridge applies to 'energy_supply' sector. IPCC base verdict: supportive.
ipcc_0045,Solar PV,weak,energy_supply,geophysical,physical_feasibility,C,supportive,urban_built_share,CL,positive,energy_supply,Cities with higher urban_built_share have stronger feasibility for 'physical_feasibility' (geophysical dimension). Bridge applies to 'energy_supply' sector. IPCC base verdict: supportive.
ipcc_0045,Solar PV,weak,energy_supply,geophysical,limited_land_use,B,neutral,,CL,,,IPCC verdict is 'neutral' for this indicator — provides no directional evidence; the cell contributes 0 to the dimension score.
ipcc_0045,Solar PV,weak,energy_supply,geophysical,limited_scarce_resources,B,neutral,,CL,,,IPCC verdict is 'neutral' for this indicator — provides no directional evidence; the cell contributes 0 to the dimension score.
ipcc_0049,Reduced food wastage,weak,waste,economic,cost-effectiveness,C,supportive,median_household_income,CL,positive,all,Cities with higher median_household_income have stronger feasibility for 'cost-effectiveness' (economic dimension). Bridge applies to 'all' sector. IPCC base verdict: supportive.
ipcc_0049,Reduced food wastage,weak,waste,economic,cost-effectiveness,C,supportive,poverty_rate,CL,negative,all,Cities with higher poverty_rate have weaker feasibility for 'cost-effectiveness' (economic dimension). Bridge applies to 'all' sector. IPCC base verdict: supportive.
ipcc_0049,Reduced food wastage,weak,waste,economic,distributional_effects,B,neutral,,CL,,,IPCC verdict is 'neutral' for this indicator — provides no directional evidence; the cell contributes 0 to the dimension score.
ipcc_0049,Reduced food wastage,weak,waste,economic,employment_productivity,B,neutral,,CL,,,IPCC verdict is 'neutral' for this indicator — provides no directional evidence; the cell contributes 0 to the dimension score.
ipcc_0049,Reduced food wastage,weak,waste,technological,technical_scalability,B,neutral,,CL,,,IPCC verdict is 'neutral' for this indicator — provides no directional evidence; the cell contributes 0 to the dimension score.
ipcc_0049,Reduced food wastage,weak,waste,technological,absence_of_risk,C,supportive,,CL,,,IPCC verdict is 'supportive' but no city-level data bridge is defined for 'absence_of_risk' at sector scope 'waste'; the IPCC prior is used unmodified.
ipcc_0049,Reduced food wastage,weak,waste,institutional,political_acceptability,C,supportive,,CL,,,IPCC verdict is 'supportive' but no city-level data bridge is defined for 'political_acceptability' at sector scope 'waste'; the IPCC prior is used unmodified.
ipcc_0049,Reduced food wastage,weak,waste,technological,maturity,NE,no evidence,,CL,,,IPCC verdict is 'no evidence' for this indicator — provides no directional evidence; the cell contributes 0 to the dimension score.
ipcc_0049,Reduced food wastage,weak,waste,technological,simplicity,NE,no evidence,,CL,,,IPCC verdict is 'no evidence' for this indicator — provides no directional evidence; the cell contributes 0 to the dimension score.
ipcc_0049,Reduced food wastage,weak,waste,institutional,institutional_capacity,C,supportive,,CL,,,IPCC verdict is 'supportive' but no city-level data bridge is defined for 'institutional_capacity' at sector scope 'waste'; the IPCC prior is used unmodified.
ipcc_0049,Reduced food wastage,weak,waste,institutional,transparency_accountability,C,supportive,,CL,,,IPCC verdict is 'supportive' but no city-level data bridge is defined for 'transparency_accountability' at sector scope 'waste'; the IPCC prior is used unmodified.
ipcc_0049,Reduced food wastage,weak,waste,socio_cultural,social_co_benefits,C,supportive,,CL,,,IPCC verdict is 'supportive' but no city-level data bridge is defined for 'social_co_benefits' at sector scope 'waste'; the IPCC prior is used unmodified.
ipcc_0049,Reduced food wastage,weak,waste,socio_cultural,public_acceptance,B,neutral,,CL,,,IPCC verdict is 'neutral' for this indicator — provides no directional evidence; the cell contributes 0 to the dimension score.
ipcc_0049,Reduced food wastage,weak,waste,socio_cultural,inclusiveness,B,neutral,,CL,,,IPCC verdict is 'neutral' for this indicator — provides no directional evidence; the cell contributes 0 to the dimension score.
ipcc_0049,Reduced food wastage,weak,waste,socio_cultural,intergenerational_equity,B,neutral,,CL,,,IPCC verdict is 'neutral' for this indicator — provides no directional evidence; the cell contributes 0 to the dimension score.
ipcc_0049,Reduced food wastage,weak,waste,socio_cultural,human_capabilities,C,supportive,mean_years_schooling,CL,positive,all,Cities with higher mean_years_schooling have stronger feasibility for 'human_capabilities' (socio_cultural dimension). Bridge applies to 'all' sector. IPCC base verdict: supportive.
ipcc_0049,Reduced food wastage,weak,waste,socio_cultural,human_capabilities,C,supportive,literacy_rate,CL,positive,all,Cities with higher literacy_rate have stronger feasibility for 'human_capabilities' (socio_cultural dimension). Bridge applies to 'all' sector. IPCC base verdict: supportive.
ipcc_0049,Reduced food wastage,weak,waste,environmental,air_pollution,C,supportive,,CL,,,IPCC verdict is 'supportive' but no city-level data bridge is defined for 'air_pollution' at sector scope 'waste'; the IPCC prior is used unmodified.
ipcc_0049,Reduced food wastage,weak,waste,environmental,water_use,C,supportive,,CL,,,IPCC verdict is 'supportive' but no city-level data bridge is defined for 'water_use' at sector scope 'waste'; the IPCC prior is used unmodified.
ipcc_0049,Reduced food wastage,weak,waste,environmental,biodiversity,C,supportive,,CL,,,IPCC verdict is 'supportive' but no city-level data bridge is defined for 'biodiversity' at sector scope 'waste'; the IPCC prior is used unmodified.
ipcc_0049,Reduced food wastage,weak,waste,geophysical,physical_feasibility,C,supportive,,CL,,,IPCC verdict is 'supportive' but no city-level data bridge is defined for 'physical_feasibility' at sector scope 'waste'; the IPCC prior is used unmodified.
ipcc_0049,Reduced food wastage,weak,waste,environmental,toxic_waste,NE,no evidence,,CL,,,IPCC verdict is 'no evidence' for this indicator — provides no directional evidence; the cell contributes 0 to the dimension score.
ipcc_0049,Reduced food wastage,weak,waste,geophysical,limited_land_use,C,supportive,,CL,,,IPCC verdict is 'supportive' but no city-level data bridge is defined for 'limited_land_use' at sector scope 'waste'; the IPCC prior is used unmodified.
ipcc_0049,Reduced food wastage,weak,waste,geophysical,global_spread,LE,limited evidence,,CL,,,IPCC verdict is 'limited evidence' for this indicator — provides no directional evidence; the cell contributes 0 to the dimension score.
ipcc_0052,Afforestation & reforestation,direct,nbs,economic,cost-effectiveness,C,supportive,median_household_income,CL,positive,all,Cities with higher median_household_income have stronger feasibility for 'cost-effectiveness' (economic dimension). Bridge applies to 'all' sector. IPCC base verdict: supportive.
ipcc_0052,Afforestation & reforestation,direct,nbs,economic,cost-effectiveness,C,supportive,poverty_rate,CL,negative,all,Cities with higher poverty_rate have weaker feasibility for 'cost-effectiveness' (economic dimension). Bridge applies to 'all' sector. IPCC base verdict: supportive.
ipcc_0052,Afforestation & reforestation,direct,nbs,economic,distributional_effects,B,neutral,,CL,,,IPCC verdict is 'neutral' for this indicator — provides no directional evidence; the cell contributes 0 to the dimension score.
ipcc_0052,Afforestation & reforestation,direct,nbs,economic,employment_productivity,B,neutral,,CL,,,IPCC verdict is 'neutral' for this indicator — provides no directional evidence; the cell contributes 0 to the dimension score.
ipcc_0052,Afforestation & reforestation,direct,nbs,technological,technical_scalability,C,supportive,,CL,,,IPCC verdict is 'supportive' but no city-level data bridge is defined for 'technical_scalability' at sector scope 'nbs'; the IPCC prior is used unmodified.
ipcc_0052,Afforestation & reforestation,direct,nbs,technological,maturity,C,supportive,,CL,,,IPCC verdict is 'supportive' but no city-level data bridge is defined for 'maturity' at sector scope 'nbs'; the IPCC prior is used unmodified.
ipcc_0052,Afforestation & reforestation,direct,nbs,institutional,institutional_capacity,B,neutral,,CL,,,IPCC verdict is 'neutral' for this indicator — provides no directional evidence; the cell contributes 0 to the dimension score.
ipcc_0052,Afforestation & reforestation,direct,nbs,socio_cultural,social_co_benefits,C,supportive,,CL,,,IPCC verdict is 'supportive' but no city-level data bridge is defined for 'social_co_benefits' at sector scope 'nbs'; the IPCC prior is used unmodified.
ipcc_0052,Afforestation & reforestation,direct,nbs,socio_cultural,public_acceptance,B,neutral,,CL,,,IPCC verdict is 'neutral' for this indicator — provides no directional evidence; the cell contributes 0 to the dimension score.
ipcc_0052,Afforestation & reforestation,direct,nbs,socio_cultural,inclusiveness,B,neutral,,CL,,,IPCC verdict is 'neutral' for this indicator — provides no directional evidence; the cell contributes 0 to the dimension score.
ipcc_0052,Afforestation & reforestation,direct,nbs,technological,simplicity,NE,no evidence,,CL,,,IPCC verdict is 'no evidence' for this indicator — provides no directional evidence; the cell contributes 0 to the dimension score.
ipcc_0052,Afforestation & reforestation,direct,nbs,technological,absence_of_risk,NE,no evidence,,CL,,,IPCC verdict is 'no evidence' for this indicator — provides no directional evidence; the cell contributes 0 to the dimension score.
ipcc_0052,Afforestation & reforestation,direct,nbs,institutional,political_acceptability,NE,no evidence,,CL,,,IPCC verdict is 'no evidence' for this indicator — provides no directional evidence; the cell contributes 0 to the dimension score.
ipcc_0052,Afforestation & reforestation,direct,nbs,institutional,transparency_accountability,LE,limited evidence,,CL,,,IPCC verdict is 'limited evidence' for this indicator — provides no directional evidence; the cell contributes 0 to the dimension score.
ipcc_0052,Afforestation & reforestation,direct,nbs,environmental,water_use,B,neutral,,CL,,,IPCC verdict is 'neutral' for this indicator — provides no directional evidence; the cell contributes 0 to the dimension score.
ipcc_0052,Afforestation & reforestation,direct,nbs,environmental,biodiversity,B,neutral,,CL,,,IPCC verdict is 'neutral' for this indicator — provides no directional evidence; the cell contributes 0 to the dimension score.
ipcc_0052,Afforestation & reforestation,direct,nbs,geophysical,physical_feasibility,B,neutral,,CL,,,IPCC verdict is 'neutral' for this indicator — provides no directional evidence; the cell contributes 0 to the dimension score.
ipcc_0052,Afforestation & reforestation,direct,nbs,socio_cultural,human_capabilities,LE,limited evidence,,CL,,,IPCC verdict is 'limited evidence' for this indicator — provides no directional evidence; the cell contributes 0 to the dimension score.
ipcc_0052,Afforestation & reforestation,direct,nbs,geophysical,limited_land_use,A,barrier,primary_forest_share,CL,positive,nbs,Cities with higher primary_forest_share have stronger feasibility for 'limited_land_use' (geophysical dimension). Bridge applies to 'nbs' sector. IPCC base verdict: barrier.
ipcc_0052,Afforestation & reforestation,direct,nbs,geophysical,global_spread,B,neutral,,CL,,,IPCC verdict is 'neutral' for this indicator — provides no directional evidence; the cell contributes 0 to the dimension score.
ipcc_0052,Afforestation & reforestation,direct,nbs,geophysical,limited_scarce_resources,LE,limited evidence,,CL,,,IPCC verdict is 'limited evidence' for this indicator — provides no directional evidence; the cell contributes 0 to the dimension score.
ipcc_0053,Afforestation & reforestation,direct,nbs,economic,cost-effectiveness,C,supportive,median_household_income,CL,positive,all,Cities with higher median_household_income have stronger feasibility for 'cost-effectiveness' (economic dimension). Bridge applies to 'all' sector. IPCC base verdict: supportive.
ipcc_0053,Afforestation & reforestation,direct,nbs,economic,cost-effectiveness,C,supportive,poverty_rate,CL,negative,all,Cities with higher poverty_rate have weaker feasibility for 'cost-effectiveness' (economic dimension). Bridge applies to 'all' sector. IPCC base verdict: supportive.
ipcc_0053,Afforestation & reforestation,direct,nbs,economic,distributional_effects,B,neutral,,CL,,,IPCC verdict is 'neutral' for this indicator — provides no directional evidence; the cell contributes 0 to the dimension score.
ipcc_0053,Afforestation & reforestation,direct,nbs,economic,employment_productivity,B,neutral,,CL,,,IPCC verdict is 'neutral' for this indicator — provides no directional evidence; the cell contributes 0 to the dimension score.
ipcc_0053,Afforestation & reforestation,direct,nbs,technological,technical_scalability,C,supportive,,CL,,,IPCC verdict is 'supportive' but no city-level data bridge is defined for 'technical_scalability' at sector scope 'nbs'; the IPCC prior is used unmodified.
ipcc_0053,Afforestation & reforestation,direct,nbs,technological,maturity,C,supportive,,CL,,,IPCC verdict is 'supportive' but no city-level data bridge is defined for 'maturity' at sector scope 'nbs'; the IPCC prior is used unmodified.
ipcc_0053,Afforestation & reforestation,direct,nbs,institutional,institutional_capacity,B,neutral,,CL,,,IPCC verdict is 'neutral' for this indicator — provides no directional evidence; the cell contributes 0 to the dimension score.
ipcc_0053,Afforestation & reforestation,direct,nbs,socio_cultural,social_co_benefits,C,supportive,,CL,,,IPCC verdict is 'supportive' but no city-level data bridge is defined for 'social_co_benefits' at sector scope 'nbs'; the IPCC prior is used unmodified.
ipcc_0053,Afforestation & reforestation,direct,nbs,socio_cultural,public_acceptance,B,neutral,,CL,,,IPCC verdict is 'neutral' for this indicator — provides no directional evidence; the cell contributes 0 to the dimension score.
ipcc_0053,Afforestation & reforestation,direct,nbs,socio_cultural,inclusiveness,B,neutral,,CL,,,IPCC verdict is 'neutral' for this indicator — provides no directional evidence; the cell contributes 0 to the dimension score.
ipcc_0053,Afforestation & reforestation,direct,nbs,technological,simplicity,NE,no evidence,,CL,,,IPCC verdict is 'no evidence' for this indicator — provides no directional evidence; the cell contributes 0 to the dimension score.
ipcc_0053,Afforestation & reforestation,direct,nbs,technological,absence_of_risk,NE,no evidence,,CL,,,IPCC verdict is 'no evidence' for this indicator — provides no directional evidence; the cell contributes 0 to the dimension score.
ipcc_0053,Afforestation & reforestation,direct,nbs,institutional,political_acceptability,NE,no evidence,,CL,,,IPCC verdict is 'no evidence' for this indicator — provides no directional evidence; the cell contributes 0 to the dimension score.
ipcc_0053,Afforestation & reforestation,direct,nbs,institutional,transparency_accountability,LE,limited evidence,,CL,,,IPCC verdict is 'limited evidence' for this indicator — provides no directional evidence; the cell contributes 0 to the dimension score.
ipcc_0053,Afforestation & reforestation,direct,nbs,environmental,water_use,B,neutral,,CL,,,IPCC verdict is 'neutral' for this indicator — provides no directional evidence; the cell contributes 0 to the dimension score.
ipcc_0053,Afforestation & reforestation,direct,nbs,environmental,biodiversity,B,neutral,,CL,,,IPCC verdict is 'neutral' for this indicator — provides no directional evidence; the cell contributes 0 to the dimension score.
ipcc_0053,Afforestation & reforestation,direct,nbs,geophysical,physical_feasibility,B,neutral,,CL,,,IPCC verdict is 'neutral' for this indicator — provides no directional evidence; the cell contributes 0 to the dimension score.
ipcc_0053,Afforestation & reforestation,direct,nbs,socio_cultural,human_capabilities,LE,limited evidence,,CL,,,IPCC verdict is 'limited evidence' for this indicator — provides no directional evidence; the cell contributes 0 to the dimension score.
ipcc_0053,Afforestation & reforestation,direct,nbs,geophysical,limited_land_use,A,barrier,primary_forest_share,CL,positive,nbs,Cities with higher primary_forest_share have stronger feasibility for 'limited_land_use' (geophysical dimension). Bridge applies to 'nbs' sector. IPCC base verdict: barrier.
ipcc_0053,Afforestation & reforestation,direct,nbs,geophysical,global_spread,B,neutral,,CL,,,IPCC verdict is 'neutral' for this indicator — provides no directional evidence; the cell contributes 0 to the dimension score.
ipcc_0053,Afforestation & reforestation,direct,nbs,geophysical,limited_scarce_resources,LE,limited evidence,,CL,,,IPCC verdict is 'limited evidence' for this indicator — provides no directional evidence; the cell contributes 0 to the dimension score.
ipcc_0054,Afforestation & reforestation,direct,nbs,economic,cost-effectiveness,C,supportive,median_household_income,CL,positive,all,Cities with higher median_household_income have stronger feasibility for 'cost-effectiveness' (economic dimension). Bridge applies to 'all' sector. IPCC base verdict: supportive.
ipcc_0054,Afforestation & reforestation,direct,nbs,economic,cost-effectiveness,C,supportive,poverty_rate,CL,negative,all,Cities with higher poverty_rate have weaker feasibility for 'cost-effectiveness' (economic dimension). Bridge applies to 'all' sector. IPCC base verdict: supportive.
ipcc_0054,Afforestation & reforestation,direct,nbs,economic,distributional_effects,B,neutral,,CL,,,IPCC verdict is 'neutral' for this indicator — provides no directional evidence; the cell contributes 0 to the dimension score.
ipcc_0054,Afforestation & reforestation,direct,nbs,economic,employment_productivity,B,neutral,,CL,,,IPCC verdict is 'neutral' for this indicator — provides no directional evidence; the cell contributes 0 to the dimension score.
ipcc_0054,Afforestation & reforestation,direct,nbs,technological,technical_scalability,C,supportive,,CL,,,IPCC verdict is 'supportive' but no city-level data bridge is defined for 'technical_scalability' at sector scope 'nbs'; the IPCC prior is used unmodified.
ipcc_0054,Afforestation & reforestation,direct,nbs,technological,maturity,C,supportive,,CL,,,IPCC verdict is 'supportive' but no city-level data bridge is defined for 'maturity' at sector scope 'nbs'; the IPCC prior is used unmodified.
ipcc_0054,Afforestation & reforestation,direct,nbs,institutional,institutional_capacity,B,neutral,,CL,,,IPCC verdict is 'neutral' for this indicator — provides no directional evidence; the cell contributes 0 to the dimension score.
ipcc_0054,Afforestation & reforestation,direct,nbs,socio_cultural,social_co_benefits,C,supportive,,CL,,,IPCC verdict is 'supportive' but no city-level data bridge is defined for 'social_co_benefits' at sector scope 'nbs'; the IPCC prior is used unmodified.
ipcc_0054,Afforestation & reforestation,direct,nbs,socio_cultural,public_acceptance,B,neutral,,CL,,,IPCC verdict is 'neutral' for this indicator — provides no directional evidence; the cell contributes 0 to the dimension score.
ipcc_0054,Afforestation & reforestation,direct,nbs,socio_cultural,inclusiveness,B,neutral,,CL,,,IPCC verdict is 'neutral' for this indicator — provides no directional evidence; the cell contributes 0 to the dimension score.
ipcc_0054,Afforestation & reforestation,direct,nbs,technological,simplicity,NE,no evidence,,CL,,,IPCC verdict is 'no evidence' for this indicator — provides no directional evidence; the cell contributes 0 to the dimension score.
ipcc_0054,Afforestation & reforestation,direct,nbs,technological,absence_of_risk,NE,no evidence,,CL,,,IPCC verdict is 'no evidence' for this indicator — provides no directional evidence; the cell contributes 0 to the dimension score.
ipcc_0054,Afforestation & reforestation,direct,nbs,institutional,political_acceptability,NE,no evidence,,CL,,,IPCC verdict is 'no evidence' for this indicator — provides no directional evidence; the cell contributes 0 to the dimension score.
ipcc_0054,Afforestation & reforestation,direct,nbs,institutional,transparency_accountability,LE,limited evidence,,CL,,,IPCC verdict is 'limited evidence' for this indicator — provides no directional evidence; the cell contributes 0 to the dimension score.
ipcc_0054,Afforestation & reforestation,direct,nbs,environmental,water_use,B,neutral,,CL,,,IPCC verdict is 'neutral' for this indicator — provides no directional evidence; the cell contributes 0 to the dimension score.
ipcc_0054,Afforestation & reforestation,direct,nbs,environmental,biodiversity,B,neutral,,CL,,,IPCC verdict is 'neutral' for this indicator — provides no directional evidence; the cell contributes 0 to the dimension score.
ipcc_0054,Afforestation & reforestation,direct,nbs,geophysical,physical_feasibility,B,neutral,,CL,,,IPCC verdict is 'neutral' for this indicator — provides no directional evidence; the cell contributes 0 to the dimension score.
ipcc_0054,Afforestation & reforestation,direct,nbs,socio_cultural,human_capabilities,LE,limited evidence,,CL,,,IPCC verdict is 'limited evidence' for this indicator — provides no directional evidence; the cell contributes 0 to the dimension score.
ipcc_0054,Afforestation & reforestation,direct,nbs,geophysical,limited_land_use,A,barrier,primary_forest_share,CL,positive,nbs,Cities with higher primary_forest_share have stronger feasibility for 'limited_land_use' (geophysical dimension). Bridge applies to 'nbs' sector. IPCC base verdict: barrier.
ipcc_0054,Afforestation & reforestation,direct,nbs,geophysical,global_spread,B,neutral,,CL,,,IPCC verdict is 'neutral' for this indicator — provides no directional evidence; the cell contributes 0 to the dimension score.
ipcc_0054,Afforestation & reforestation,direct,nbs,geophysical,limited_scarce_resources,LE,limited evidence,,CL,,,IPCC verdict is 'limited evidence' for this indicator — provides no directional evidence; the cell contributes 0 to the dimension score.
ipcc_0055,Afforestation & reforestation,weak,nbs,economic,cost-effectiveness,C,supportive,median_household_income,CL,positive,all,Cities with higher median_household_income have stronger feasibility for 'cost-effectiveness' (economic dimension). Bridge applies to 'all' sector. IPCC base verdict: supportive.
ipcc_0055,Afforestation & reforestation,weak,nbs,economic,cost-effectiveness,C,supportive,poverty_rate,CL,negative,all,Cities with higher poverty_rate have weaker feasibility for 'cost-effectiveness' (economic dimension). Bridge applies to 'all' sector. IPCC base verdict: supportive.
ipcc_0055,Afforestation & reforestation,weak,nbs,economic,distributional_effects,B,neutral,,CL,,,IPCC verdict is 'neutral' for this indicator — provides no directional evidence; the cell contributes 0 to the dimension score.
ipcc_0055,Afforestation & reforestation,weak,nbs,economic,employment_productivity,B,neutral,,CL,,,IPCC verdict is 'neutral' for this indicator — provides no directional evidence; the cell contributes 0 to the dimension score.
ipcc_0055,Afforestation & reforestation,weak,nbs,technological,technical_scalability,C,supportive,,CL,,,IPCC verdict is 'supportive' but no city-level data bridge is defined for 'technical_scalability' at sector scope 'nbs'; the IPCC prior is used unmodified.
ipcc_0055,Afforestation & reforestation,weak,nbs,technological,maturity,C,supportive,,CL,,,IPCC verdict is 'supportive' but no city-level data bridge is defined for 'maturity' at sector scope 'nbs'; the IPCC prior is used unmodified.
ipcc_0055,Afforestation & reforestation,weak,nbs,institutional,institutional_capacity,B,neutral,,CL,,,IPCC verdict is 'neutral' for this indicator — provides no directional evidence; the cell contributes 0 to the dimension score.
ipcc_0055,Afforestation & reforestation,weak,nbs,socio_cultural,social_co_benefits,C,supportive,,CL,,,IPCC verdict is 'supportive' but no city-level data bridge is defined for 'social_co_benefits' at sector scope 'nbs'; the IPCC prior is used unmodified.
ipcc_0055,Afforestation & reforestation,weak,nbs,socio_cultural,public_acceptance,B,neutral,,CL,,,IPCC verdict is 'neutral' for this indicator — provides no directional evidence; the cell contributes 0 to the dimension score.
ipcc_0055,Afforestation & reforestation,weak,nbs,socio_cultural,inclusiveness,B,neutral,,CL,,,IPCC verdict is 'neutral' for this indicator — provides no directional evidence; the cell contributes 0 to the dimension score.
ipcc_0055,Afforestation & reforestation,weak,nbs,technological,simplicity,NE,no evidence,,CL,,,IPCC verdict is 'no evidence' for this indicator — provides no directional evidence; the cell contributes 0 to the dimension score.
ipcc_0055,Afforestation & reforestation,weak,nbs,technological,absence_of_risk,NE,no evidence,,CL,,,IPCC verdict is 'no evidence' for this indicator — provides no directional evidence; the cell contributes 0 to the dimension score.
ipcc_0055,Afforestation & reforestation,weak,nbs,institutional,political_acceptability,NE,no evidence,,CL,,,IPCC verdict is 'no evidence' for this indicator — provides no directional evidence; the cell contributes 0 to the dimension score.
ipcc_0055,Afforestation & reforestation,weak,nbs,institutional,transparency_accountability,LE,limited evidence,,CL,,,IPCC verdict is 'limited evidence' for this indicator — provides no directional evidence; the cell contributes 0 to the dimension score.
ipcc_0055,Afforestation & reforestation,weak,nbs,environmental,water_use,B,neutral,,CL,,,IPCC verdict is 'neutral' for this indicator — provides no directional evidence; the cell contributes 0 to the dimension score.
ipcc_0055,Afforestation & reforestation,weak,nbs,environmental,biodiversity,B,neutral,,CL,,,IPCC verdict is 'neutral' for this indicator — provides no directional evidence; the cell contributes 0 to the dimension score.
ipcc_0055,Afforestation & reforestation,weak,nbs,geophysical,physical_feasibility,B,neutral,,CL,,,IPCC verdict is 'neutral' for this indicator — provides no directional evidence; the cell contributes 0 to the dimension score.
ipcc_0055,Afforestation & reforestation,weak,nbs,socio_cultural,human_capabilities,LE,limited evidence,,CL,,,IPCC verdict is 'limited evidence' for this indicator — provides no directional evidence; the cell contributes 0 to the dimension score.
ipcc_0055,Afforestation & reforestation,weak,nbs,geophysical,limited_land_use,A,barrier,primary_forest_share,CL,positive,nbs,Cities with higher primary_forest_share have stronger feasibility for 'limited_land_use' (geophysical dimension). Bridge applies to 'nbs' sector. IPCC base verdict: barrier.
ipcc_0055,Afforestation & reforestation,weak,nbs,geophysical,global_spread,B,neutral,,CL,,,IPCC verdict is 'neutral' for this indicator — provides no directional evidence; the cell contributes 0 to the dimension score.
ipcc_0055,Afforestation & reforestation,weak,nbs,geophysical,limited_scarce_resources,LE,limited evidence,,CL,,,IPCC verdict is 'limited evidence' for this indicator — provides no directional evidence; the cell contributes 0 to the dimension score.
ipcc_0056,Soil carbon sequestration & biochar,direct,nbs,economic,cost-effectiveness,C,supportive,median_household_income,CL,positive,all,Cities with higher median_household_income have stronger feasibility for 'cost-effectiveness' (economic dimension). Bridge applies to 'all' sector. IPCC base verdict: supportive.
ipcc_0056,Soil carbon sequestration & biochar,direct,nbs,economic,cost-effectiveness,C,supportive,poverty_rate,CL,negative,all,Cities with higher poverty_rate have weaker feasibility for 'cost-effectiveness' (economic dimension). Bridge applies to 'all' sector. IPCC base verdict: supportive.
ipcc_0056,Soil carbon sequestration & biochar,direct,nbs,economic,distributional_effects,C,supportive,poverty_rate,CL,negative,all,Cities with higher poverty_rate have weaker feasibility for 'distributional_effects' (economic dimension). Bridge applies to 'all' sector. IPCC base verdict: supportive.
ipcc_0056,Soil carbon sequestration & biochar,direct,nbs,economic,employment_productivity,C,supportive,unemployment_rate,CL,positive,all,Cities with higher unemployment_rate have stronger feasibility for 'employment_productivity' (economic dimension). Bridge applies to 'all' sector. IPCC base verdict: supportive.
ipcc_0056,Soil carbon sequestration & biochar,direct,nbs,technological,technical_scalability,B,neutral,,CL,,,IPCC verdict is 'neutral' for this indicator — provides no directional evidence; the cell contributes 0 to the dimension score.
ipcc_0056,Soil carbon sequestration & biochar,direct,nbs,technological,maturity,C,supportive,,CL,,,IPCC verdict is 'supportive' but no city-level data bridge is defined for 'maturity' at sector scope 'nbs'; the IPCC prior is used unmodified.
ipcc_0056,Soil carbon sequestration & biochar,direct,nbs,institutional,transparency_accountability,B,neutral,,CL,,,IPCC verdict is 'neutral' for this indicator — provides no directional evidence; the cell contributes 0 to the dimension score.
ipcc_0056,Soil carbon sequestration & biochar,direct,nbs,socio_cultural,public_acceptance,C,supportive,indigenous_identification_rate,CL,positive,nbs,Cities with higher indigenous_identification_rate have stronger feasibility for 'public_acceptance' (socio_cultural dimension). Bridge applies to 'nbs' sector. IPCC base verdict: supportive.
ipcc_0056,Soil carbon sequestration & biochar,direct,nbs,technological,simplicity,NE,no evidence,,CL,,,IPCC verdict is 'no evidence' for this indicator — provides no directional evidence; the cell contributes 0 to the dimension score.
ipcc_0056,Soil carbon sequestration & biochar,direct,nbs,technological,absence_of_risk,NE,no evidence,,CL,,,IPCC verdict is 'no evidence' for this indicator — provides no directional evidence; the cell contributes 0 to the dimension score.
ipcc_0056,Soil carbon sequestration & biochar,direct,nbs,institutional,political_acceptability,NE,no evidence,,CL,,,IPCC verdict is 'no evidence' for this indicator — provides no directional evidence; the cell contributes 0 to the dimension score.
ipcc_0056,Soil carbon sequestration & biochar,direct,nbs,institutional,institutional_capacity,LE,limited evidence,,CL,,,IPCC verdict is 'limited evidence' for this indicator — provides no directional evidence; the cell contributes 0 to the dimension score.
ipcc_0056,Soil carbon sequestration & biochar,direct,nbs,socio_cultural,social_co_benefits,NE,no evidence,,CL,,,IPCC verdict is 'no evidence' for this indicator — provides no directional evidence; the cell contributes 0 to the dimension score.
ipcc_0056,Soil carbon sequestration & biochar,direct,nbs,socio_cultural,inclusiveness,NE,no evidence,,CL,,,IPCC verdict is 'no evidence' for this indicator — provides no directional evidence; the cell contributes 0 to the dimension score.
ipcc_0056,Soil carbon sequestration & biochar,direct,nbs,environmental,water_use,C,supportive,,CL,,,IPCC verdict is 'supportive' but no city-level data bridge is defined for 'water_use' at sector scope 'nbs'; the IPCC prior is used unmodified.
ipcc_0056,Soil carbon sequestration & biochar,direct,nbs,geophysical,physical_feasibility,B,neutral,,CL,,,IPCC verdict is 'neutral' for this indicator — provides no directional evidence; the cell contributes 0 to the dimension score.
ipcc_0056,Soil carbon sequestration & biochar,direct,nbs,socio_cultural,human_capabilities,NE,no evidence,,CL,,,IPCC verdict is 'no evidence' for this indicator — provides no directional evidence; the cell contributes 0 to the dimension score.
ipcc_0056,Soil carbon sequestration & biochar,direct,nbs,environmental,toxic_waste,NE,no evidence,,CL,,,IPCC verdict is 'no evidence' for this indicator — provides no directional evidence; the cell contributes 0 to the dimension score.
ipcc_0056,Soil carbon sequestration & biochar,direct,nbs,environmental,biodiversity,NE,no evidence,,CL,,,IPCC verdict is 'no evidence' for this indicator — provides no directional evidence; the cell contributes 0 to the dimension score.
ipcc_0056,Soil carbon sequestration & biochar,direct,nbs,geophysical,limited_land_use,C,supportive,primary_forest_share,CL,positive,nbs,Cities with higher primary_forest_share have stronger feasibility for 'limited_land_use' (geophysical dimension). Bridge applies to 'nbs' sector. IPCC base verdict: supportive.
ipcc_0056,Soil carbon sequestration & biochar,direct,nbs,geophysical,global_spread,B,neutral,,CL,,,IPCC verdict is 'neutral' for this indicator — provides no directional evidence; the cell contributes 0 to the dimension score.
ipcc_0057,Afforestation & reforestation,weak,nbs,economic,cost-effectiveness,C,supportive,median_household_income,CL,positive,all,Cities with higher median_household_income have stronger feasibility for 'cost-effectiveness' (economic dimension). Bridge applies to 'all' sector. IPCC base verdict: supportive.
ipcc_0057,Afforestation & reforestation,weak,nbs,economic,cost-effectiveness,C,supportive,poverty_rate,CL,negative,all,Cities with higher poverty_rate have weaker feasibility for 'cost-effectiveness' (economic dimension). Bridge applies to 'all' sector. IPCC base verdict: supportive.
ipcc_0057,Afforestation & reforestation,weak,nbs,economic,distributional_effects,B,neutral,,CL,,,IPCC verdict is 'neutral' for this indicator — provides no directional evidence; the cell contributes 0 to the dimension score.
ipcc_0057,Afforestation & reforestation,weak,nbs,economic,employment_productivity,B,neutral,,CL,,,IPCC verdict is 'neutral' for this indicator — provides no directional evidence; the cell contributes 0 to the dimension score.
ipcc_0057,Afforestation & reforestation,weak,nbs,technological,technical_scalability,C,supportive,,CL,,,IPCC verdict is 'supportive' but no city-level data bridge is defined for 'technical_scalability' at sector scope 'nbs'; the IPCC prior is used unmodified.
ipcc_0057,Afforestation & reforestation,weak,nbs,technological,maturity,C,supportive,,CL,,,IPCC verdict is 'supportive' but no city-level data bridge is defined for 'maturity' at sector scope 'nbs'; the IPCC prior is used unmodified.
ipcc_0057,Afforestation & reforestation,weak,nbs,institutional,institutional_capacity,B,neutral,,CL,,,IPCC verdict is 'neutral' for this indicator — provides no directional evidence; the cell contributes 0 to the dimension score.
ipcc_0057,Afforestation & reforestation,weak,nbs,socio_cultural,social_co_benefits,C,supportive,,CL,,,IPCC verdict is 'supportive' but no city-level data bridge is defined for 'social_co_benefits' at sector scope 'nbs'; the IPCC prior is used unmodified.
ipcc_0057,Afforestation & reforestation,weak,nbs,socio_cultural,public_acceptance,B,neutral,,CL,,,IPCC verdict is 'neutral' for this indicator — provides no directional evidence; the cell contributes 0 to the dimension score.
ipcc_0057,Afforestation & reforestation,weak,nbs,socio_cultural,inclusiveness,B,neutral,,CL,,,IPCC verdict is 'neutral' for this indicator — provides no directional evidence; the cell contributes 0 to the dimension score.
ipcc_0057,Afforestation & reforestation,weak,nbs,technological,simplicity,NE,no evidence,,CL,,,IPCC verdict is 'no evidence' for this indicator — provides no directional evidence; the cell contributes 0 to the dimension score.
ipcc_0057,Afforestation & reforestation,weak,nbs,technological,absence_of_risk,NE,no evidence,,CL,,,IPCC verdict is 'no evidence' for this indicator — provides no directional evidence; the cell contributes 0 to the dimension score.
ipcc_0057,Afforestation & reforestation,weak,nbs,institutional,political_acceptability,NE,no evidence,,CL,,,IPCC verdict is 'no evidence' for this indicator — provides no directional evidence; the cell contributes 0 to the dimension score.
ipcc_0057,Afforestation & reforestation,weak,nbs,institutional,transparency_accountability,LE,limited evidence,,CL,,,IPCC verdict is 'limited evidence' for this indicator — provides no directional evidence; the cell contributes 0 to the dimension score.
ipcc_0057,Afforestation & reforestation,weak,nbs,environmental,water_use,B,neutral,,CL,,,IPCC verdict is 'neutral' for this indicator — provides no directional evidence; the cell contributes 0 to the dimension score.
ipcc_0057,Afforestation & reforestation,weak,nbs,environmental,biodiversity,B,neutral,,CL,,,IPCC verdict is 'neutral' for this indicator — provides no directional evidence; the cell contributes 0 to the dimension score.
ipcc_0057,Afforestation & reforestation,weak,nbs,geophysical,physical_feasibility,B,neutral,,CL,,,IPCC verdict is 'neutral' for this indicator — provides no directional evidence; the cell contributes 0 to the dimension score.
ipcc_0057,Afforestation & reforestation,weak,nbs,socio_cultural,human_capabilities,LE,limited evidence,,CL,,,IPCC verdict is 'limited evidence' for this indicator — provides no directional evidence; the cell contributes 0 to the dimension score.
ipcc_0057,Afforestation & reforestation,weak,nbs,geophysical,limited_land_use,A,barrier,primary_forest_share,CL,positive,nbs,Cities with higher primary_forest_share have stronger feasibility for 'limited_land_use' (geophysical dimension). Bridge applies to 'nbs' sector. IPCC base verdict: barrier.
ipcc_0057,Afforestation & reforestation,weak,nbs,geophysical,global_spread,B,neutral,,CL,,,IPCC verdict is 'neutral' for this indicator — provides no directional evidence; the cell contributes 0 to the dimension score.
ipcc_0057,Afforestation & reforestation,weak,nbs,geophysical,limited_scarce_resources,LE,limited evidence,,CL,,,IPCC verdict is 'limited evidence' for this indicator — provides no directional evidence; the cell contributes 0 to the dimension score.
ipcc_0060,Afforestation & reforestation,weak,nbs,economic,cost-effectiveness,C,supportive,median_household_income,CL,positive,all,Cities with higher median_household_income have stronger feasibility for 'cost-effectiveness' (economic dimension). Bridge applies to 'all' sector. IPCC base verdict: supportive.
ipcc_0060,Afforestation & reforestation,weak,nbs,economic,cost-effectiveness,C,supportive,poverty_rate,CL,negative,all,Cities with higher poverty_rate have weaker feasibility for 'cost-effectiveness' (economic dimension). Bridge applies to 'all' sector. IPCC base verdict: supportive.
ipcc_0060,Afforestation & reforestation,weak,nbs,economic,distributional_effects,B,neutral,,CL,,,IPCC verdict is 'neutral' for this indicator — provides no directional evidence; the cell contributes 0 to the dimension score.
ipcc_0060,Afforestation & reforestation,weak,nbs,economic,employment_productivity,B,neutral,,CL,,,IPCC verdict is 'neutral' for this indicator — provides no directional evidence; the cell contributes 0 to the dimension score.
ipcc_0060,Afforestation & reforestation,weak,nbs,technological,technical_scalability,C,supportive,,CL,,,IPCC verdict is 'supportive' but no city-level data bridge is defined for 'technical_scalability' at sector scope 'nbs'; the IPCC prior is used unmodified.
ipcc_0060,Afforestation & reforestation,weak,nbs,technological,maturity,C,supportive,,CL,,,IPCC verdict is 'supportive' but no city-level data bridge is defined for 'maturity' at sector scope 'nbs'; the IPCC prior is used unmodified.
ipcc_0060,Afforestation & reforestation,weak,nbs,institutional,institutional_capacity,B,neutral,,CL,,,IPCC verdict is 'neutral' for this indicator — provides no directional evidence; the cell contributes 0 to the dimension score.
ipcc_0060,Afforestation & reforestation,weak,nbs,socio_cultural,social_co_benefits,C,supportive,,CL,,,IPCC verdict is 'supportive' but no city-level data bridge is defined for 'social_co_benefits' at sector scope 'nbs'; the IPCC prior is used unmodified.
ipcc_0060,Afforestation & reforestation,weak,nbs,socio_cultural,public_acceptance,B,neutral,,CL,,,IPCC verdict is 'neutral' for this indicator — provides no directional evidence; the cell contributes 0 to the dimension score.
ipcc_0060,Afforestation & reforestation,weak,nbs,socio_cultural,inclusiveness,B,neutral,,CL,,,IPCC verdict is 'neutral' for this indicator — provides no directional evidence; the cell contributes 0 to the dimension score.
ipcc_0060,Afforestation & reforestation,weak,nbs,technological,simplicity,NE,no evidence,,CL,,,IPCC verdict is 'no evidence' for this indicator — provides no directional evidence; the cell contributes 0 to the dimension score.
ipcc_0060,Afforestation & reforestation,weak,nbs,technological,absence_of_risk,NE,no evidence,,CL,,,IPCC verdict is 'no evidence' for this indicator — provides no directional evidence; the cell contributes 0 to the dimension score.
ipcc_0060,Afforestation & reforestation,weak,nbs,institutional,political_acceptability,NE,no evidence,,CL,,,IPCC verdict is 'no evidence' for this indicator — provides no directional evidence; the cell contributes 0 to the dimension score.
ipcc_0060,Afforestation & reforestation,weak,nbs,institutional,transparency_accountability,LE,limited evidence,,CL,,,IPCC verdict is 'limited evidence' for this indicator — provides no directional evidence; the cell contributes 0 to the dimension score.
ipcc_0060,Afforestation & reforestation,weak,nbs,environmental,water_use,B,neutral,,CL,,,IPCC verdict is 'neutral' for this indicator — provides no directional evidence; the cell contributes 0 to the dimension score.
ipcc_0060,Afforestation & reforestation,weak,nbs,environmental,biodiversity,B,neutral,,CL,,,IPCC verdict is 'neutral' for this indicator — provides no directional evidence; the cell contributes 0 to the dimension score.
ipcc_0060,Afforestation & reforestation,weak,nbs,geophysical,physical_feasibility,B,neutral,,CL,,,IPCC verdict is 'neutral' for this indicator — provides no directional evidence; the cell contributes 0 to the dimension score.
ipcc_0060,Afforestation & reforestation,weak,nbs,socio_cultural,human_capabilities,LE,limited evidence,,CL,,,IPCC verdict is 'limited evidence' for this indicator — provides no directional evidence; the cell contributes 0 to the dimension score.
ipcc_0060,Afforestation & reforestation,weak,nbs,geophysical,limited_land_use,A,barrier,primary_forest_share,CL,positive,nbs,Cities with higher primary_forest_share have stronger feasibility for 'limited_land_use' (geophysical dimension). Bridge applies to 'nbs' sector. IPCC base verdict: barrier.
ipcc_0060,Afforestation & reforestation,weak,nbs,geophysical,global_spread,B,neutral,,CL,,,IPCC verdict is 'neutral' for this indicator — provides no directional evidence; the cell contributes 0 to the dimension score.
ipcc_0060,Afforestation & reforestation,weak,nbs,geophysical,limited_scarce_resources,LE,limited evidence,,CL,,,IPCC verdict is 'limited evidence' for this indicator — provides no directional evidence; the cell contributes 0 to the dimension score.
ipcc_0062,Soil carbon sequestration & biochar,direct,nbs,economic,cost-effectiveness,C,supportive,median_household_income,CL,positive,all,Cities with higher median_household_income have stronger feasibility for 'cost-effectiveness' (economic dimension). Bridge applies to 'all' sector. IPCC base verdict: supportive.
ipcc_0062,Soil carbon sequestration & biochar,direct,nbs,economic,cost-effectiveness,C,supportive,poverty_rate,CL,negative,all,Cities with higher poverty_rate have weaker feasibility for 'cost-effectiveness' (economic dimension). Bridge applies to 'all' sector. IPCC base verdict: supportive.
ipcc_0062,Soil carbon sequestration & biochar,direct,nbs,economic,distributional_effects,C,supportive,poverty_rate,CL,negative,all,Cities with higher poverty_rate have weaker feasibility for 'distributional_effects' (economic dimension). Bridge applies to 'all' sector. IPCC base verdict: supportive.
ipcc_0062,Soil carbon sequestration & biochar,direct,nbs,economic,employment_productivity,C,supportive,unemployment_rate,CL,positive,all,Cities with higher unemployment_rate have stronger feasibility for 'employment_productivity' (economic dimension). Bridge applies to 'all' sector. IPCC base verdict: supportive.
ipcc_0062,Soil carbon sequestration & biochar,direct,nbs,technological,technical_scalability,B,neutral,,CL,,,IPCC verdict is 'neutral' for this indicator — provides no directional evidence; the cell contributes 0 to the dimension score.
ipcc_0062,Soil carbon sequestration & biochar,direct,nbs,technological,maturity,C,supportive,,CL,,,IPCC verdict is 'supportive' but no city-level data bridge is defined for 'maturity' at sector scope 'nbs'; the IPCC prior is used unmodified.
ipcc_0062,Soil carbon sequestration & biochar,direct,nbs,institutional,transparency_accountability,B,neutral,,CL,,,IPCC verdict is 'neutral' for this indicator — provides no directional evidence; the cell contributes 0 to the dimension score.
ipcc_0062,Soil carbon sequestration & biochar,direct,nbs,socio_cultural,public_acceptance,C,supportive,indigenous_identification_rate,CL,positive,nbs,Cities with higher indigenous_identification_rate have stronger feasibility for 'public_acceptance' (socio_cultural dimension). Bridge applies to 'nbs' sector. IPCC base verdict: supportive.
ipcc_0062,Soil carbon sequestration & biochar,direct,nbs,technological,simplicity,NE,no evidence,,CL,,,IPCC verdict is 'no evidence' for this indicator — provides no directional evidence; the cell contributes 0 to the dimension score.
ipcc_0062,Soil carbon sequestration & biochar,direct,nbs,technological,absence_of_risk,NE,no evidence,,CL,,,IPCC verdict is 'no evidence' for this indicator — provides no directional evidence; the cell contributes 0 to the dimension score.
ipcc_0062,Soil carbon sequestration & biochar,direct,nbs,institutional,political_acceptability,NE,no evidence,,CL,,,IPCC verdict is 'no evidence' for this indicator — provides no directional evidence; the cell contributes 0 to the dimension score.
ipcc_0062,Soil carbon sequestration & biochar,direct,nbs,institutional,institutional_capacity,LE,limited evidence,,CL,,,IPCC verdict is 'limited evidence' for this indicator — provides no directional evidence; the cell contributes 0 to the dimension score.
ipcc_0062,Soil carbon sequestration & biochar,direct,nbs,socio_cultural,social_co_benefits,NE,no evidence,,CL,,,IPCC verdict is 'no evidence' for this indicator — provides no directional evidence; the cell contributes 0 to the dimension score.
ipcc_0062,Soil carbon sequestration & biochar,direct,nbs,socio_cultural,inclusiveness,NE,no evidence,,CL,,,IPCC verdict is 'no evidence' for this indicator — provides no directional evidence; the cell contributes 0 to the dimension score.
ipcc_0062,Soil carbon sequestration & biochar,direct,nbs,environmental,water_use,C,supportive,,CL,,,IPCC verdict is 'supportive' but no city-level data bridge is defined for 'water_use' at sector scope 'nbs'; the IPCC prior is used unmodified.
ipcc_0062,Soil carbon sequestration & biochar,direct,nbs,geophysical,physical_feasibility,B,neutral,,CL,,,IPCC verdict is 'neutral' for this indicator — provides no directional evidence; the cell contributes 0 to the dimension score.
ipcc_0062,Soil carbon sequestration & biochar,direct,nbs,socio_cultural,human_capabilities,NE,no evidence,,CL,,,IPCC verdict is 'no evidence' for this indicator — provides no directional evidence; the cell contributes 0 to the dimension score.
ipcc_0062,Soil carbon sequestration & biochar,direct,nbs,environmental,toxic_waste,NE,no evidence,,CL,,,IPCC verdict is 'no evidence' for this indicator — provides no directional evidence; the cell contributes 0 to the dimension score.
ipcc_0062,Soil carbon sequestration & biochar,direct,nbs,environmental,biodiversity,NE,no evidence,,CL,,,IPCC verdict is 'no evidence' for this indicator — provides no directional evidence; the cell contributes 0 to the dimension score.
ipcc_0062,Soil carbon sequestration & biochar,direct,nbs,geophysical,limited_land_use,C,supportive,primary_forest_share,CL,positive,nbs,Cities with higher primary_forest_share have stronger feasibility for 'limited_land_use' (geophysical dimension). Bridge applies to 'nbs' sector. IPCC base verdict: supportive.
ipcc_0062,Soil carbon sequestration & biochar,direct,nbs,geophysical,global_spread,B,neutral,,CL,,,IPCC verdict is 'neutral' for this indicator — provides no directional evidence; the cell contributes 0 to the dimension score.
ipcc_0064,Sustainable intensification,partial,sustainable_intensification,economic,cost-effectiveness,C,supportive,median_household_income,CL,positive,all,Cities with higher median_household_income have stronger feasibility for 'cost-effectiveness' (economic dimension). Bridge applies to 'all' sector. IPCC base verdict: supportive.
ipcc_0064,Sustainable intensification,partial,sustainable_intensification,economic,cost-effectiveness,C,supportive,poverty_rate,CL,negative,all,Cities with higher poverty_rate have weaker feasibility for 'cost-effectiveness' (economic dimension). Bridge applies to 'all' sector. IPCC base verdict: supportive.
ipcc_0064,Sustainable intensification,partial,sustainable_intensification,economic,distributional_effects,B,neutral,,CL,,,IPCC verdict is 'neutral' for this indicator — provides no directional evidence; the cell contributes 0 to the dimension score.
ipcc_0064,Sustainable intensification,partial,sustainable_intensification,economic,employment_productivity,B,neutral,,CL,,,IPCC verdict is 'neutral' for this indicator — provides no directional evidence; the cell contributes 0 to the dimension score.
ipcc_0064,Sustainable intensification,partial,sustainable_intensification,technological,technical_scalability,C,supportive,,CL,,,IPCC verdict is 'supportive' but no city-level data bridge is defined for 'technical_scalability' at sector scope 'sustainable_intensification'; the IPCC prior is used unmodified.
ipcc_0064,Sustainable intensification,partial,sustainable_intensification,technological,maturity,C,supportive,,CL,,,IPCC verdict is 'supportive' but no city-level data bridge is defined for 'maturity' at sector scope 'sustainable_intensification'; the IPCC prior is used unmodified.
ipcc_0064,Sustainable intensification,partial,sustainable_intensification,technological,simplicity,C,supportive,,CL,,,IPCC verdict is 'supportive' but no city-level data bridge is defined for 'simplicity' at sector scope 'sustainable_intensification'; the IPCC prior is used unmodified.
ipcc_0064,Sustainable intensification,partial,sustainable_intensification,technological,absence_of_risk,C,supportive,,CL,,,IPCC verdict is 'supportive' but no city-level data bridge is defined for 'absence_of_risk' at sector scope 'sustainable_intensification'; the IPCC prior is used unmodified.
ipcc_0064,Sustainable intensification,partial,sustainable_intensification,institutional,political_acceptability,C,supportive,,CL,,,IPCC verdict is 'supportive' but no city-level data bridge is defined for 'political_acceptability' at sector scope 'sustainable_intensification'; the IPCC prior is used unmodified.
ipcc_0064,Sustainable intensification,partial,sustainable_intensification,institutional,institutional_capacity,B,neutral,,CL,,,IPCC verdict is 'neutral' for this indicator — provides no directional evidence; the cell contributes 0 to the dimension score.
ipcc_0064,Sustainable intensification,partial,sustainable_intensification,institutional,transparency_accountability,B,neutral,,CL,,,IPCC verdict is 'neutral' for this indicator — provides no directional evidence; the cell contributes 0 to the dimension score.
ipcc_0064,Sustainable intensification,partial,sustainable_intensification,socio_cultural,social_co_benefits,C,supportive,,CL,,,IPCC verdict is 'supportive' but no city-level data bridge is defined for 'social_co_benefits' at sector scope 'sustainable_intensification'; the IPCC prior is used unmodified.
ipcc_0064,Sustainable intensification,partial,sustainable_intensification,socio_cultural,public_acceptance,C,supportive,,CL,,,IPCC verdict is 'supportive' but no city-level data bridge is defined for 'public_acceptance' at sector scope 'sustainable_intensification'; the IPCC prior is used unmodified.
ipcc_0064,Sustainable intensification,partial,sustainable_intensification,socio_cultural,inclusiveness,B,neutral,,CL,,,IPCC verdict is 'neutral' for this indicator — provides no directional evidence; the cell contributes 0 to the dimension score.
ipcc_0064,Sustainable intensification,partial,sustainable_intensification,socio_cultural,intergenerational_equity,B,neutral,,CL,,,IPCC verdict is 'neutral' for this indicator — provides no directional evidence; the cell contributes 0 to the dimension score.
ipcc_0064,Sustainable intensification,partial,sustainable_intensification,environmental,water_use,C,supportive,,CL,,,IPCC verdict is 'supportive' but no city-level data bridge is defined for 'water_use' at sector scope 'sustainable_intensification'; the IPCC prior is used unmodified.
ipcc_0064,Sustainable intensification,partial,sustainable_intensification,environmental,biodiversity,C,supportive,,CL,,,IPCC verdict is 'supportive' but no city-level data bridge is defined for 'biodiversity' at sector scope 'sustainable_intensification'; the IPCC prior is used unmodified.
ipcc_0064,Sustainable intensification,partial,sustainable_intensification,geophysical,physical_feasibility,C,supportive,pasture_share,CL,positive,sustainable_intensification,Cities with higher pasture_share have stronger feasibility for 'physical_feasibility' (geophysical dimension). Bridge applies to 'sustainable_intensification' sector. IPCC base verdict: supportive.
ipcc_0064,Sustainable intensification,partial,sustainable_intensification,geophysical,physical_feasibility,C,supportive,cropland_share,CL,positive,sustainable_intensification,Cities with higher cropland_share have stronger feasibility for 'physical_feasibility' (geophysical dimension). Bridge applies to 'sustainable_intensification' sector. IPCC base verdict: supportive.
ipcc_0064,Sustainable intensification,partial,sustainable_intensification,socio_cultural,human_capabilities,LE,limited evidence,,CL,,,IPCC verdict is 'limited evidence' for this indicator — provides no directional evidence; the cell contributes 0 to the dimension score.
ipcc_0064,Sustainable intensification,partial,sustainable_intensification,environmental,air_pollution,NE,no evidence,,CL,,,IPCC verdict is 'no evidence' for this indicator — provides no directional evidence; the cell contributes 0 to the dimension score.
ipcc_0064,Sustainable intensification,partial,sustainable_intensification,environmental,toxic_waste,NE,no evidence,,CL,,,IPCC verdict is 'no evidence' for this indicator — provides no directional evidence; the cell contributes 0 to the dimension score.
ipcc_0064,Sustainable intensification,partial,sustainable_intensification,geophysical,limited_land_use,B,neutral,,CL,,,IPCC verdict is 'neutral' for this indicator — provides no directional evidence; the cell contributes 0 to the dimension score.
ipcc_0064,Sustainable intensification,partial,sustainable_intensification,geophysical,global_spread,C,supportive,,CL,,,IPCC verdict is 'supportive' but no city-level data bridge is defined for 'global_spread' at sector scope 'sustainable_intensification'; the IPCC prior is used unmodified.
ipcc_0067,Sustainable intensification,partial,sustainable_intensification,economic,cost-effectiveness,C,supportive,median_household_income,CL,positive,all,Cities with higher median_household_income have stronger feasibility for 'cost-effectiveness' (economic dimension). Bridge applies to 'all' sector. IPCC base verdict: supportive.
ipcc_0067,Sustainable intensification,partial,sustainable_intensification,economic,cost-effectiveness,C,supportive,poverty_rate,CL,negative,all,Cities with higher poverty_rate have weaker feasibility for 'cost-effectiveness' (economic dimension). Bridge applies to 'all' sector. IPCC base verdict: supportive.
ipcc_0067,Sustainable intensification,partial,sustainable_intensification,economic,distributional_effects,B,neutral,,CL,,,IPCC verdict is 'neutral' for this indicator — provides no directional evidence; the cell contributes 0 to the dimension score.
ipcc_0067,Sustainable intensification,partial,sustainable_intensification,economic,employment_productivity,B,neutral,,CL,,,IPCC verdict is 'neutral' for this indicator — provides no directional evidence; the cell contributes 0 to the dimension score.
ipcc_0067,Sustainable intensification,partial,sustainable_intensification,technological,technical_scalability,C,supportive,,CL,,,IPCC verdict is 'supportive' but no city-level data bridge is defined for 'technical_scalability' at sector scope 'sustainable_intensification'; the IPCC prior is used unmodified.
ipcc_0067,Sustainable intensification,partial,sustainable_intensification,technological,maturity,C,supportive,,CL,,,IPCC verdict is 'supportive' but no city-level data bridge is defined for 'maturity' at sector scope 'sustainable_intensification'; the IPCC prior is used unmodified.
ipcc_0067,Sustainable intensification,partial,sustainable_intensification,technological,simplicity,C,supportive,,CL,,,IPCC verdict is 'supportive' but no city-level data bridge is defined for 'simplicity' at sector scope 'sustainable_intensification'; the IPCC prior is used unmodified.
ipcc_0067,Sustainable intensification,partial,sustainable_intensification,technological,absence_of_risk,C,supportive,,CL,,,IPCC verdict is 'supportive' but no city-level data bridge is defined for 'absence_of_risk' at sector scope 'sustainable_intensification'; the IPCC prior is used unmodified.
ipcc_0067,Sustainable intensification,partial,sustainable_intensification,institutional,political_acceptability,C,supportive,,CL,,,IPCC verdict is 'supportive' but no city-level data bridge is defined for 'political_acceptability' at sector scope 'sustainable_intensification'; the IPCC prior is used unmodified.
ipcc_0067,Sustainable intensification,partial,sustainable_intensification,institutional,institutional_capacity,B,neutral,,CL,,,IPCC verdict is 'neutral' for this indicator — provides no directional evidence; the cell contributes 0 to the dimension score.
ipcc_0067,Sustainable intensification,partial,sustainable_intensification,institutional,transparency_accountability,B,neutral,,CL,,,IPCC verdict is 'neutral' for this indicator — provides no directional evidence; the cell contributes 0 to the dimension score.
ipcc_0067,Sustainable intensification,partial,sustainable_intensification,socio_cultural,social_co_benefits,C,supportive,,CL,,,IPCC verdict is 'supportive' but no city-level data bridge is defined for 'social_co_benefits' at sector scope 'sustainable_intensification'; the IPCC prior is used unmodified.
ipcc_0067,Sustainable intensification,partial,sustainable_intensification,socio_cultural,public_acceptance,C,supportive,,CL,,,IPCC verdict is 'supportive' but no city-level data bridge is defined for 'public_acceptance' at sector scope 'sustainable_intensification'; the IPCC prior is used unmodified.
ipcc_0067,Sustainable intensification,partial,sustainable_intensification,socio_cultural,inclusiveness,B,neutral,,CL,,,IPCC verdict is 'neutral' for this indicator — provides no directional evidence; the cell contributes 0 to the dimension score.
ipcc_0067,Sustainable intensification,partial,sustainable_intensification,socio_cultural,intergenerational_equity,B,neutral,,CL,,,IPCC verdict is 'neutral' for this indicator — provides no directional evidence; the cell contributes 0 to the dimension score.
ipcc_0067,Sustainable intensification,partial,sustainable_intensification,environmental,water_use,C,supportive,,CL,,,IPCC verdict is 'supportive' but no city-level data bridge is defined for 'water_use' at sector scope 'sustainable_intensification'; the IPCC prior is used unmodified.
ipcc_0067,Sustainable intensification,partial,sustainable_intensification,environmental,biodiversity,C,supportive,,CL,,,IPCC verdict is 'supportive' but no city-level data bridge is defined for 'biodiversity' at sector scope 'sustainable_intensification'; the IPCC prior is used unmodified.
ipcc_0067,Sustainable intensification,partial,sustainable_intensification,geophysical,physical_feasibility,C,supportive,pasture_share,CL,positive,sustainable_intensification,Cities with higher pasture_share have stronger feasibility for 'physical_feasibility' (geophysical dimension). Bridge applies to 'sustainable_intensification' sector. IPCC base verdict: supportive.
ipcc_0067,Sustainable intensification,partial,sustainable_intensification,geophysical,physical_feasibility,C,supportive,cropland_share,CL,positive,sustainable_intensification,Cities with higher cropland_share have stronger feasibility for 'physical_feasibility' (geophysical dimension). Bridge applies to 'sustainable_intensification' sector. IPCC base verdict: supportive.
ipcc_0067,Sustainable intensification,partial,sustainable_intensification,socio_cultural,human_capabilities,LE,limited evidence,,CL,,,IPCC verdict is 'limited evidence' for this indicator — provides no directional evidence; the cell contributes 0 to the dimension score.
ipcc_0067,Sustainable intensification,partial,sustainable_intensification,environmental,air_pollution,NE,no evidence,,CL,,,IPCC verdict is 'no evidence' for this indicator — provides no directional evidence; the cell contributes 0 to the dimension score.
ipcc_0067,Sustainable intensification,partial,sustainable_intensification,environmental,toxic_waste,NE,no evidence,,CL,,,IPCC verdict is 'no evidence' for this indicator — provides no directional evidence; the cell contributes 0 to the dimension score.
ipcc_0067,Sustainable intensification,partial,sustainable_intensification,geophysical,limited_land_use,B,neutral,,CL,,,IPCC verdict is 'neutral' for this indicator — provides no directional evidence; the cell contributes 0 to the dimension score.
ipcc_0067,Sustainable intensification,partial,sustainable_intensification,geophysical,global_spread,C,supportive,,CL,,,IPCC verdict is 'supportive' but no city-level data bridge is defined for 'global_spread' at sector scope 'sustainable_intensification'; the IPCC prior is used unmodified.
ipcc_0068,Bioenergy,weak,energy_supply,economic,cost-effectiveness,B,neutral,,CL,,,IPCC verdict is 'neutral' for this indicator — provides no directional evidence; the cell contributes 0 to the dimension score.
ipcc_0068,Bioenergy,weak,energy_supply,economic,distributional_effects,B,neutral,,CL,,,IPCC verdict is 'neutral' for this indicator — provides no directional evidence; the cell contributes 0 to the dimension score.
ipcc_0068,Bioenergy,weak,energy_supply,economic,employment_productivity,C,supportive,unemployment_rate,CL,positive,all,Cities with higher unemployment_rate have stronger feasibility for 'employment_productivity' (economic dimension). Bridge applies to 'all' sector. IPCC base verdict: supportive.
ipcc_0068,Bioenergy,weak,energy_supply,technological,maturity,C,supportive,,CL,,,IPCC verdict is 'supportive' but no city-level data bridge is defined for 'maturity' at sector scope 'energy_supply'; the IPCC prior is used unmodified.
ipcc_0068,Bioenergy,weak,energy_supply,technological,simplicity,C,supportive,,CL,,,IPCC verdict is 'supportive' but no city-level data bridge is defined for 'simplicity' at sector scope 'energy_supply'; the IPCC prior is used unmodified.
ipcc_0068,Bioenergy,weak,energy_supply,technological,absence_of_risk,C,supportive,,CL,,,IPCC verdict is 'supportive' but no city-level data bridge is defined for 'absence_of_risk' at sector scope 'energy_supply'; the IPCC prior is used unmodified.
ipcc_0068,Bioenergy,weak,energy_supply,institutional,political_acceptability,B,neutral,,CL,,,IPCC verdict is 'neutral' for this indicator — provides no directional evidence; the cell contributes 0 to the dimension score.
ipcc_0068,Bioenergy,weak,energy_supply,institutional,transparency_accountability,A,barrier,,CL,,,IPCC verdict is 'barrier' but no city-level data bridge is defined for 'transparency_accountability' at sector scope 'energy_supply'; the IPCC prior is used unmodified.
ipcc_0068,Bioenergy,weak,energy_supply,institutional,institutional_capacity,LE,limited evidence,,CL,,,IPCC verdict is 'limited evidence' for this indicator — provides no directional evidence; the cell contributes 0 to the dimension score.
ipcc_0068,Bioenergy,weak,energy_supply,socio_cultural,social_co_benefits,B,neutral,,CL,,,IPCC verdict is 'neutral' for this indicator — provides no directional evidence; the cell contributes 0 to the dimension score.
ipcc_0068,Bioenergy,weak,energy_supply,socio_cultural,public_acceptance,A,barrier,,CL,,,IPCC verdict is 'barrier' but no city-level data bridge is defined for 'public_acceptance' at sector scope 'energy_supply'; the IPCC prior is used unmodified.
ipcc_0068,Bioenergy,weak,energy_supply,socio_cultural,inclusiveness,B,neutral,,CL,,,IPCC verdict is 'neutral' for this indicator — provides no directional evidence; the cell contributes 0 to the dimension score.
ipcc_0068,Bioenergy,weak,energy_supply,socio_cultural,intergenerational_equity,NE,no evidence,,CL,,,IPCC verdict is 'no evidence' for this indicator — provides no directional evidence; the cell contributes 0 to the dimension score.
ipcc_0068,Bioenergy,weak,energy_supply,socio_cultural,human_capabilities,NE,no evidence,,CL,,,IPCC verdict is 'no evidence' for this indicator — provides no directional evidence; the cell contributes 0 to the dimension score.
ipcc_0068,Bioenergy,weak,energy_supply,environmental,air_pollution,LE,limited evidence,,CL,,,IPCC verdict is 'limited evidence' for this indicator — provides no directional evidence; the cell contributes 0 to the dimension score.
ipcc_0068,Bioenergy,weak,energy_supply,environmental,toxic_waste,NE,no evidence,,CL,,,IPCC verdict is 'no evidence' for this indicator — provides no directional evidence; the cell contributes 0 to the dimension score.
ipcc_0068,Bioenergy,weak,energy_supply,environmental,water_use,A,barrier,,CL,,,IPCC verdict is 'barrier' but no city-level data bridge is defined for 'water_use' at sector scope 'energy_supply'; the IPCC prior is used unmodified.
ipcc_0068,Bioenergy,weak,energy_supply,environmental,biodiversity,B,neutral,,CL,,,IPCC verdict is 'neutral' for this indicator — provides no directional evidence; the cell contributes 0 to the dimension score.
ipcc_0068,Bioenergy,weak,energy_supply,geophysical,physical_feasibility,B,neutral,,CL,,,IPCC verdict is 'neutral' for this indicator — provides no directional evidence; the cell contributes 0 to the dimension score.
ipcc_0068,Bioenergy,weak,energy_supply,geophysical,limited_land_use,A,barrier,,CL,,,IPCC verdict is 'barrier' but no city-level data bridge is defined for 'limited_land_use' at sector scope 'energy_supply'; the IPCC prior is used unmodified.
ipcc_0070,Reduced food wastage,direct,waste,economic,cost-effectiveness,C,supportive,median_household_income,CL,positive,all,Cities with higher median_household_income have stronger feasibility for 'cost-effectiveness' (economic dimension). Bridge applies to 'all' sector. IPCC base verdict: supportive.
ipcc_0070,Reduced food wastage,direct,waste,economic,cost-effectiveness,C,supportive,poverty_rate,CL,negative,all,Cities with higher poverty_rate have weaker feasibility for 'cost-effectiveness' (economic dimension). Bridge applies to 'all' sector. IPCC base verdict: supportive.
ipcc_0070,Reduced food wastage,direct,waste,economic,distributional_effects,B,neutral,,CL,,,IPCC verdict is 'neutral' for this indicator — provides no directional evidence; the cell contributes 0 to the dimension score.
ipcc_0070,Reduced food wastage,direct,waste,economic,employment_productivity,B,neutral,,CL,,,IPCC verdict is 'neutral' for this indicator — provides no directional evidence; the cell contributes 0 to the dimension score.
ipcc_0070,Reduced food wastage,direct,waste,technological,technical_scalability,B,neutral,,CL,,,IPCC verdict is 'neutral' for this indicator — provides no directional evidence; the cell contributes 0 to the dimension score.
ipcc_0070,Reduced food wastage,direct,waste,technological,absence_of_risk,C,supportive,,CL,,,IPCC verdict is 'supportive' but no city-level data bridge is defined for 'absence_of_risk' at sector scope 'waste'; the IPCC prior is used unmodified.
ipcc_0070,Reduced food wastage,direct,waste,institutional,political_acceptability,C,supportive,,CL,,,IPCC verdict is 'supportive' but no city-level data bridge is defined for 'political_acceptability' at sector scope 'waste'; the IPCC prior is used unmodified.
ipcc_0070,Reduced food wastage,direct,waste,technological,maturity,NE,no evidence,,CL,,,IPCC verdict is 'no evidence' for this indicator — provides no directional evidence; the cell contributes 0 to the dimension score.
ipcc_0070,Reduced food wastage,direct,waste,technological,simplicity,NE,no evidence,,CL,,,IPCC verdict is 'no evidence' for this indicator — provides no directional evidence; the cell contributes 0 to the dimension score.
ipcc_0070,Reduced food wastage,direct,waste,institutional,institutional_capacity,C,supportive,,CL,,,IPCC verdict is 'supportive' but no city-level data bridge is defined for 'institutional_capacity' at sector scope 'waste'; the IPCC prior is used unmodified.
ipcc_0070,Reduced food wastage,direct,waste,institutional,transparency_accountability,C,supportive,,CL,,,IPCC verdict is 'supportive' but no city-level data bridge is defined for 'transparency_accountability' at sector scope 'waste'; the IPCC prior is used unmodified.
ipcc_0070,Reduced food wastage,direct,waste,socio_cultural,social_co_benefits,C,supportive,,CL,,,IPCC verdict is 'supportive' but no city-level data bridge is defined for 'social_co_benefits' at sector scope 'waste'; the IPCC prior is used unmodified.
ipcc_0070,Reduced food wastage,direct,waste,socio_cultural,public_acceptance,B,neutral,,CL,,,IPCC verdict is 'neutral' for this indicator — provides no directional evidence; the cell contributes 0 to the dimension score.
ipcc_0070,Reduced food wastage,direct,waste,socio_cultural,inclusiveness,B,neutral,,CL,,,IPCC verdict is 'neutral' for this indicator — provides no directional evidence; the cell contributes 0 to the dimension score.
ipcc_0070,Reduced food wastage,direct,waste,socio_cultural,intergenerational_equity,B,neutral,,CL,,,IPCC verdict is 'neutral' for this indicator — provides no directional evidence; the cell contributes 0 to the dimension score.
ipcc_0070,Reduced food wastage,direct,waste,socio_cultural,human_capabilities,C,supportive,mean_years_schooling,CL,positive,all,Cities with higher mean_years_schooling have stronger feasibility for 'human_capabilities' (socio_cultural dimension). Bridge applies to 'all' sector. IPCC base verdict: supportive.
ipcc_0070,Reduced food wastage,direct,waste,socio_cultural,human_capabilities,C,supportive,literacy_rate,CL,positive,all,Cities with higher literacy_rate have stronger feasibility for 'human_capabilities' (socio_cultural dimension). Bridge applies to 'all' sector. IPCC base verdict: supportive.
ipcc_0070,Reduced food wastage,direct,waste,environmental,air_pollution,C,supportive,,CL,,,IPCC verdict is 'supportive' but no city-level data bridge is defined for 'air_pollution' at sector scope 'waste'; the IPCC prior is used unmodified.
ipcc_0070,Reduced food wastage,direct,waste,environmental,water_use,C,supportive,,CL,,,IPCC verdict is 'supportive' but no city-level data bridge is defined for 'water_use' at sector scope 'waste'; the IPCC prior is used unmodified.
ipcc_0070,Reduced food wastage,direct,waste,environmental,biodiversity,C,supportive,,CL,,,IPCC verdict is 'supportive' but no city-level data bridge is defined for 'biodiversity' at sector scope 'waste'; the IPCC prior is used unmodified.
ipcc_0070,Reduced food wastage,direct,waste,geophysical,physical_feasibility,C,supportive,,CL,,,IPCC verdict is 'supportive' but no city-level data bridge is defined for 'physical_feasibility' at sector scope 'waste'; the IPCC prior is used unmodified.
ipcc_0070,Reduced food wastage,direct,waste,environmental,toxic_waste,NE,no evidence,,CL,,,IPCC verdict is 'no evidence' for this indicator — provides no directional evidence; the cell contributes 0 to the dimension score.
ipcc_0070,Reduced food wastage,direct,waste,geophysical,limited_land_use,C,supportive,,CL,,,IPCC verdict is 'supportive' but no city-level data bridge is defined for 'limited_land_use' at sector scope 'waste'; the IPCC prior is used unmodified.
ipcc_0070,Reduced food wastage,direct,waste,geophysical,global_spread,LE,limited evidence,,CL,,,IPCC verdict is 'limited evidence' for this indicator — provides no directional evidence; the cell contributes 0 to the dimension score.
ipcc_0071,Low/zero-energy buildings,partial,buildings,economic,cost-effectiveness,C,supportive,median_household_income,CL,positive,all,Cities with higher median_household_income have stronger feasibility for 'cost-effectiveness' (economic dimension). Bridge applies to 'all' sector. IPCC base verdict: supportive.
ipcc_0071,Low/zero-energy buildings,partial,buildings,economic,cost-effectiveness,C,supportive,poverty_rate,CL,negative,all,Cities with higher poverty_rate have weaker feasibility for 'cost-effectiveness' (economic dimension). Bridge applies to 'all' sector. IPCC base verdict: supportive.
ipcc_0071,Low/zero-energy buildings,partial,buildings,economic,distributional_effects,C,supportive,poverty_rate,CL,negative,all,Cities with higher poverty_rate have weaker feasibility for 'distributional_effects' (economic dimension). Bridge applies to 'all' sector. IPCC base verdict: supportive.
ipcc_0071,Low/zero-energy buildings,partial,buildings,economic,distributional_effects,C,supportive,home_ownership,CL,positive,buildings,Cities with higher home_ownership have stronger feasibility for 'distributional_effects' (economic dimension). Bridge applies to 'buildings' sector. IPCC base verdict: supportive.
ipcc_0071,Low/zero-energy buildings,partial,buildings,economic,distributional_effects,C,supportive,renter_share,CL,negative,buildings,Cities with higher renter_share have weaker feasibility for 'distributional_effects' (economic dimension). Bridge applies to 'buildings' sector. IPCC base verdict: supportive.
ipcc_0071,Low/zero-energy buildings,partial,buildings,economic,employment_productivity,C,supportive,unemployment_rate,CL,positive,all,Cities with higher unemployment_rate have stronger feasibility for 'employment_productivity' (economic dimension). Bridge applies to 'all' sector. IPCC base verdict: supportive.
ipcc_0071,Low/zero-energy buildings,partial,buildings,economic,employment_productivity,C,supportive,industry_construction_employment,CL,positive,buildings,Cities with higher industry_construction_employment have stronger feasibility for 'employment_productivity' (economic dimension). Bridge applies to 'buildings' sector. IPCC base verdict: supportive.
ipcc_0071,Low/zero-energy buildings,partial,buildings,technological,technical_scalability,C,supportive,electricity_access_rate,CL,positive,buildings,Cities with higher electricity_access_rate have stronger feasibility for 'technical_scalability' (technological dimension). Bridge applies to 'buildings' sector. IPCC base verdict: supportive.
ipcc_0071,Low/zero-energy buildings,partial,buildings,technological,technical_scalability,C,supportive,fixed_internet_household_share,CL,positive,buildings,Cities with higher fixed_internet_household_share have stronger feasibility for 'technical_scalability' (technological dimension). Bridge applies to 'buildings' sector. IPCC base verdict: supportive.
ipcc_0071,Low/zero-energy buildings,partial,buildings,technological,maturity,B,neutral,,CL,,,IPCC verdict is 'neutral' for this indicator — provides no directional evidence; the cell contributes 0 to the dimension score.
ipcc_0071,Low/zero-energy buildings,partial,buildings,institutional,political_acceptability,C,supportive,,CL,,,IPCC verdict is 'supportive' but no city-level data bridge is defined for 'political_acceptability' at sector scope 'buildings'; the IPCC prior is used unmodified.
ipcc_0071,Low/zero-energy buildings,partial,buildings,institutional,institutional_capacity,B,neutral,,CL,,,IPCC verdict is 'neutral' for this indicator — provides no directional evidence; the cell contributes 0 to the dimension score.
ipcc_0071,Low/zero-energy buildings,partial,buildings,socio_cultural,social_co_benefits,B,neutral,,CL,,,IPCC verdict is 'neutral' for this indicator — provides no directional evidence; the cell contributes 0 to the dimension score.
ipcc_0071,Low/zero-energy buildings,partial,buildings,technological,simplicity,LE,limited evidence,,CL,,,IPCC verdict is 'limited evidence' for this indicator — provides no directional evidence; the cell contributes 0 to the dimension score.
ipcc_0071,Low/zero-energy buildings,partial,buildings,technological,absence_of_risk,NE,no evidence,,CL,,,IPCC verdict is 'no evidence' for this indicator — provides no directional evidence; the cell contributes 0 to the dimension score.
ipcc_0071,Low/zero-energy buildings,partial,buildings,institutional,transparency_accountability,LE,limited evidence,,CL,,,IPCC verdict is 'limited evidence' for this indicator — provides no directional evidence; the cell contributes 0 to the dimension score.
ipcc_0071,Low/zero-energy buildings,partial,buildings,environmental,air_pollution,B,neutral,,CL,,,IPCC verdict is 'neutral' for this indicator — provides no directional evidence; the cell contributes 0 to the dimension score.
ipcc_0071,Low/zero-energy buildings,partial,buildings,environmental,toxic_waste,C,supportive,,CL,,,IPCC verdict is 'supportive' but no city-level data bridge is defined for 'toxic_waste' at sector scope 'buildings'; the IPCC prior is used unmodified.
ipcc_0071,Low/zero-energy buildings,partial,buildings,environmental,water_use,C,supportive,,CL,,,IPCC verdict is 'supportive' but no city-level data bridge is defined for 'water_use' at sector scope 'buildings'; the IPCC prior is used unmodified.
ipcc_0071,Low/zero-energy buildings,partial,buildings,geophysical,physical_feasibility,C,supportive,urban_built_share,CL,positive,buildings,Cities with higher urban_built_share have stronger feasibility for 'physical_feasibility' (geophysical dimension). Bridge applies to 'buildings' sector. IPCC base verdict: supportive.
ipcc_0071,Low/zero-energy buildings,partial,buildings,socio_cultural,public_acceptance,NE,no evidence,,CL,,,IPCC verdict is 'no evidence' for this indicator — provides no directional evidence; the cell contributes 0 to the dimension score.
ipcc_0071,Low/zero-energy buildings,partial,buildings,socio_cultural,inclusiveness,NE,no evidence,,CL,,,IPCC verdict is 'no evidence' for this indicator — provides no directional evidence; the cell contributes 0 to the dimension score.
ipcc_0071,Low/zero-energy buildings,partial,buildings,socio_cultural,human_capabilities,NE,no evidence,,CL,,,IPCC verdict is 'no evidence' for this indicator — provides no directional evidence; the cell contributes 0 to the dimension score.
ipcc_0074,Land-use & urban planning,direct,cross_cutting,economic,cost-effectiveness,C,supportive,median_household_income,CL,positive,all,Cities with higher median_household_income have stronger feasibility for 'cost-effectiveness' (economic dimension). Bridge applies to 'all' sector. IPCC base verdict: supportive.
ipcc_0074,Land-use & urban planning,direct,cross_cutting,economic,cost-effectiveness,C,supportive,poverty_rate,CL,negative,all,Cities with higher poverty_rate have weaker feasibility for 'cost-effectiveness' (economic dimension). Bridge applies to 'all' sector. IPCC base verdict: supportive.
ipcc_0074,Land-use & urban planning,direct,cross_cutting,economic,distributional_effects,B,neutral,,CL,,,IPCC verdict is 'neutral' for this indicator — provides no directional evidence; the cell contributes 0 to the dimension score.
ipcc_0074,Land-use & urban planning,direct,cross_cutting,economic,employment_productivity,B,neutral,,CL,,,IPCC verdict is 'neutral' for this indicator — provides no directional evidence; the cell contributes 0 to the dimension score.
ipcc_0074,Land-use & urban planning,direct,cross_cutting,technological,technical_scalability,C,supportive,,CL,,,IPCC verdict is 'supportive' but no city-level data bridge is defined for 'technical_scalability' at sector scope 'cross_cutting'; the IPCC prior is used unmodified.
ipcc_0074,Land-use & urban planning,direct,cross_cutting,technological,maturity,B,neutral,,CL,,,IPCC verdict is 'neutral' for this indicator — provides no directional evidence; the cell contributes 0 to the dimension score.
ipcc_0074,Land-use & urban planning,direct,cross_cutting,technological,simplicity,A,barrier,,CL,,,IPCC verdict is 'barrier' but no city-level data bridge is defined for 'simplicity' at sector scope 'cross_cutting'; the IPCC prior is used unmodified.
ipcc_0074,Land-use & urban planning,direct,cross_cutting,institutional,political_acceptability,B,neutral,,CL,,,IPCC verdict is 'neutral' for this indicator — provides no directional evidence; the cell contributes 0 to the dimension score.
ipcc_0074,Land-use & urban planning,direct,cross_cutting,technological,absence_of_risk,LE,limited evidence,,CL,,,IPCC verdict is 'limited evidence' for this indicator — provides no directional evidence; the cell contributes 0 to the dimension score.
ipcc_0074,Land-use & urban planning,direct,cross_cutting,institutional,institutional_capacity,B,neutral,,CL,,,IPCC verdict is 'neutral' for this indicator — provides no directional evidence; the cell contributes 0 to the dimension score.
ipcc_0074,Land-use & urban planning,direct,cross_cutting,institutional,transparency_accountability,C,supportive,,CL,,,IPCC verdict is 'supportive' but no city-level data bridge is defined for 'transparency_accountability' at sector scope 'cross_cutting'; the IPCC prior is used unmodified.
ipcc_0074,Land-use & urban planning,direct,cross_cutting,socio_cultural,social_co_benefits,C,supportive,,CL,,,IPCC verdict is 'supportive' but no city-level data bridge is defined for 'social_co_benefits' at sector scope 'cross_cutting'; the IPCC prior is used unmodified.
ipcc_0074,Land-use & urban planning,direct,cross_cutting,socio_cultural,public_acceptance,B,neutral,,CL,,,IPCC verdict is 'neutral' for this indicator — provides no directional evidence; the cell contributes 0 to the dimension score.
ipcc_0074,Land-use & urban planning,direct,cross_cutting,socio_cultural,inclusiveness,B,neutral,,CL,,,IPCC verdict is 'neutral' for this indicator — provides no directional evidence; the cell contributes 0 to the dimension score.
ipcc_0074,Land-use & urban planning,direct,cross_cutting,socio_cultural,human_capabilities,B,neutral,,CL,,,IPCC verdict is 'neutral' for this indicator — provides no directional evidence; the cell contributes 0 to the dimension score.
ipcc_0074,Land-use & urban planning,direct,cross_cutting,environmental,air_pollution,C,supportive,,CL,,,IPCC verdict is 'supportive' but no city-level data bridge is defined for 'air_pollution' at sector scope 'cross_cutting'; the IPCC prior is used unmodified.
ipcc_0074,Land-use & urban planning,direct,cross_cutting,socio_cultural,intergenerational_equity,LE,limited evidence,,CL,,,IPCC verdict is 'limited evidence' for this indicator — provides no directional evidence; the cell contributes 0 to the dimension score.
ipcc_0074,Land-use & urban planning,direct,cross_cutting,environmental,toxic_waste,LE,limited evidence,,CL,,,IPCC verdict is 'limited evidence' for this indicator — provides no directional evidence; the cell contributes 0 to the dimension score.
ipcc_0074,Land-use & urban planning,direct,cross_cutting,environmental,water_use,C,supportive,,CL,,,IPCC verdict is 'supportive' but no city-level data bridge is defined for 'water_use' at sector scope 'cross_cutting'; the IPCC prior is used unmodified.
ipcc_0074,Land-use & urban planning,direct,cross_cutting,environmental,biodiversity,C,supportive,,CL,,,IPCC verdict is 'supportive' but no city-level data bridge is defined for 'biodiversity' at sector scope 'cross_cutting'; the IPCC prior is used unmodified.
ipcc_0074,Land-use & urban planning,direct,cross_cutting,geophysical,physical_feasibility,C,supportive,,CL,,,IPCC verdict is 'supportive' but no city-level data bridge is defined for 'physical_feasibility' at sector scope 'cross_cutting'; the IPCC prior is used unmodified.
ipcc_0074,Land-use & urban planning,direct,cross_cutting,geophysical,limited_land_use,C,supportive,,CL,,,IPCC verdict is 'supportive' but no city-level data bridge is defined for 'limited_land_use' at sector scope 'cross_cutting'; the IPCC prior is used unmodified.
ipcc_0074,Land-use & urban planning,direct,cross_cutting,geophysical,global_spread,C,supportive,,CL,,,IPCC verdict is 'supportive' but no city-level data bridge is defined for 'global_spread' at sector scope 'cross_cutting'; the IPCC prior is used unmodified.
ipcc_0074,Land-use & urban planning,direct,cross_cutting,geophysical,limited_scarce_resources,LE,limited evidence,,CL,,,IPCC verdict is 'limited evidence' for this indicator — provides no directional evidence; the cell contributes 0 to the dimension score.
ipcc_0076,Energy efficiency,direct,industrial,economic,cost-effectiveness,C,supportive,median_household_income,CL,positive,all,Cities with higher median_household_income have stronger feasibility for 'cost-effectiveness' (economic dimension). Bridge applies to 'all' sector. IPCC base verdict: supportive.
ipcc_0076,Energy efficiency,direct,industrial,economic,cost-effectiveness,C,supportive,poverty_rate,CL,negative,all,Cities with higher poverty_rate have weaker feasibility for 'cost-effectiveness' (economic dimension). Bridge applies to 'all' sector. IPCC base verdict: supportive.
ipcc_0076,Energy efficiency,direct,industrial,economic,employment_productivity,B,neutral,,CL,,,IPCC verdict is 'neutral' for this indicator — provides no directional evidence; the cell contributes 0 to the dimension score.
ipcc_0076,Energy efficiency,direct,industrial,technological,technical_scalability,C,supportive,,CL,,,IPCC verdict is 'supportive' but no city-level data bridge is defined for 'technical_scalability' at sector scope 'industrial'; the IPCC prior is used unmodified.
ipcc_0076,Energy efficiency,direct,industrial,technological,maturity,C,supportive,,CL,,,IPCC verdict is 'supportive' but no city-level data bridge is defined for 'maturity' at sector scope 'industrial'; the IPCC prior is used unmodified.
ipcc_0076,Energy efficiency,direct,industrial,technological,simplicity,B,neutral,,CL,,,IPCC verdict is 'neutral' for this indicator — provides no directional evidence; the cell contributes 0 to the dimension score.
ipcc_0076,Energy efficiency,direct,industrial,economic,distributional_effects,LE,limited evidence,,CL,,,IPCC verdict is 'limited evidence' for this indicator — provides no directional evidence; the cell contributes 0 to the dimension score.
ipcc_0076,Energy efficiency,direct,industrial,institutional,political_acceptability,C,supportive,,CL,,,IPCC verdict is 'supportive' but no city-level data bridge is defined for 'political_acceptability' at sector scope 'industrial'; the IPCC prior is used unmodified.
ipcc_0076,Energy efficiency,direct,industrial,institutional,legal_admin_acceptability,C,supportive,,CL,,,IPCC verdict is 'supportive' but no city-level data bridge is defined for 'legal_admin_acceptability' at sector scope 'industrial'; the IPCC prior is used unmodified.
ipcc_0076,Energy efficiency,direct,industrial,institutional,institutional_capacity,B,neutral,,CL,,,IPCC verdict is 'neutral' for this indicator — provides no directional evidence; the cell contributes 0 to the dimension score.
ipcc_0076,Energy efficiency,direct,industrial,socio_cultural,public_acceptance,C,supportive,,CL,,,IPCC verdict is 'supportive' but no city-level data bridge is defined for 'public_acceptance' at sector scope 'industrial'; the IPCC prior is used unmodified.
ipcc_0076,Energy efficiency,direct,industrial,socio_cultural,human_capabilities,B,neutral,,CL,,,IPCC verdict is 'neutral' for this indicator — provides no directional evidence; the cell contributes 0 to the dimension score.
ipcc_0076,Energy efficiency,direct,industrial,environmental,air_pollution,C,supportive,,CL,,,IPCC verdict is 'supportive' but no city-level data bridge is defined for 'air_pollution' at sector scope 'industrial'; the IPCC prior is used unmodified.
ipcc_0076,Energy efficiency,direct,industrial,environmental,water_use,B,neutral,,CL,,,IPCC verdict is 'neutral' for this indicator — provides no directional evidence; the cell contributes 0 to the dimension score.
ipcc_0076,Energy efficiency,direct,industrial,geophysical,physical_feasibility,B,neutral,,CL,,,IPCC verdict is 'neutral' for this indicator — provides no directional evidence; the cell contributes 0 to the dimension score.
ipcc_0076,Energy efficiency,direct,industrial,environmental,toxic_waste,NE,no evidence,,CL,,,IPCC verdict is 'no evidence' for this indicator — provides no directional evidence; the cell contributes 0 to the dimension score.
ipcc_0076,Energy efficiency,direct,industrial,environmental,biodiversity,NE,no evidence,,CL,,,IPCC verdict is 'no evidence' for this indicator — provides no directional evidence; the cell contributes 0 to the dimension score.
ipcc_0076,Energy efficiency,direct,industrial,geophysical,global_spread,C,supportive,urban_built_share,CL,positive,industrial,Cities with higher urban_built_share have stronger feasibility for 'global_spread' (geophysical dimension). Bridge applies to 'industrial' sector. IPCC base verdict: supportive.
ipcc_0105,Non-motorised transport,direct,transport,economic,cost-effectiveness,C,supportive,median_household_income,CL,positive,all,Cities with higher median_household_income have stronger feasibility for 'cost-effectiveness' (economic dimension). Bridge applies to 'all' sector. IPCC base verdict: supportive.
ipcc_0105,Non-motorised transport,direct,transport,economic,cost-effectiveness,C,supportive,poverty_rate,CL,negative,all,Cities with higher poverty_rate have weaker feasibility for 'cost-effectiveness' (economic dimension). Bridge applies to 'all' sector. IPCC base verdict: supportive.
ipcc_0105,Non-motorised transport,direct,transport,economic,distributional_effects,C,supportive,poverty_rate,CL,negative,all,Cities with higher poverty_rate have weaker feasibility for 'distributional_effects' (economic dimension). Bridge applies to 'all' sector. IPCC base verdict: supportive.
ipcc_0105,Non-motorised transport,direct,transport,economic,employment_productivity,B,neutral,,CL,,,IPCC verdict is 'neutral' for this indicator — provides no directional evidence; the cell contributes 0 to the dimension score.
ipcc_0105,Non-motorised transport,direct,transport,technological,technical_scalability,C,supportive,fixed_internet_household_share,CL,positive,transport,Cities with higher fixed_internet_household_share have stronger feasibility for 'technical_scalability' (technological dimension). Bridge applies to 'transport' sector. IPCC base verdict: supportive.
ipcc_0105,Non-motorised transport,direct,transport,technological,maturity,C,supportive,,CL,,,IPCC verdict is 'supportive' but no city-level data bridge is defined for 'maturity' at sector scope 'transport'; the IPCC prior is used unmodified.
ipcc_0105,Non-motorised transport,direct,transport,technological,simplicity,C,supportive,,CL,,,IPCC verdict is 'supportive' but no city-level data bridge is defined for 'simplicity' at sector scope 'transport'; the IPCC prior is used unmodified.
ipcc_0105,Non-motorised transport,direct,transport,technological,absence_of_risk,C,supportive,,CL,,,IPCC verdict is 'supportive' but no city-level data bridge is defined for 'absence_of_risk' at sector scope 'transport'; the IPCC prior is used unmodified.
ipcc_0105,Non-motorised transport,direct,transport,institutional,political_acceptability,C,supportive,,CL,,,IPCC verdict is 'supportive' but no city-level data bridge is defined for 'political_acceptability' at sector scope 'transport'; the IPCC prior is used unmodified.
ipcc_0105,Non-motorised transport,direct,transport,institutional,institutional_capacity,B,neutral,,CL,,,IPCC verdict is 'neutral' for this indicator — provides no directional evidence; the cell contributes 0 to the dimension score.
ipcc_0105,Non-motorised transport,direct,transport,institutional,transparency_accountability,C,supportive,,CL,,,IPCC verdict is 'supportive' but no city-level data bridge is defined for 'transparency_accountability' at sector scope 'transport'; the IPCC prior is used unmodified.
ipcc_0105,Non-motorised transport,direct,transport,socio_cultural,social_co_benefits,C,supportive,,CL,,,IPCC verdict is 'supportive' but no city-level data bridge is defined for 'social_co_benefits' at sector scope 'transport'; the IPCC prior is used unmodified.
ipcc_0105,Non-motorised transport,direct,transport,socio_cultural,public_acceptance,B,neutral,,CL,,,IPCC verdict is 'neutral' for this indicator — provides no directional evidence; the cell contributes 0 to the dimension score.
ipcc_0105,Non-motorised transport,direct,transport,socio_cultural,inclusiveness,C,supportive,poverty_rate,CL,negative,all,Cities with higher poverty_rate have weaker feasibility for 'inclusiveness' (socio_cultural dimension). Bridge applies to 'all' sector. IPCC base verdict: supportive.
ipcc_0105,Non-motorised transport,direct,transport,socio_cultural,inclusiveness,C,supportive,disability_prevalence,CL,negative,all,Cities with higher disability_prevalence have weaker feasibility for 'inclusiveness' (socio_cultural dimension). Bridge applies to 'all' sector. IPCC base verdict: supportive.
ipcc_0105,Non-motorised transport,direct,transport,socio_cultural,inclusiveness,C,supportive,indigenous_identification_rate,CL,negative,all,Cities with higher indigenous_identification_rate have weaker feasibility for 'inclusiveness' (socio_cultural dimension). Bridge applies to 'all' sector. IPCC base verdict: supportive.
ipcc_0105,Non-motorised transport,direct,transport,socio_cultural,intergenerational_equity,C,supportive,,CL,,,IPCC verdict is 'supportive' but no city-level data bridge is defined for 'intergenerational_equity' at sector scope 'transport'; the IPCC prior is used unmodified.
ipcc_0105,Non-motorised transport,direct,transport,socio_cultural,human_capabilities,C,supportive,mean_years_schooling,CL,positive,all,Cities with higher mean_years_schooling have stronger feasibility for 'human_capabilities' (socio_cultural dimension). Bridge applies to 'all' sector. IPCC base verdict: supportive.
ipcc_0105,Non-motorised transport,direct,transport,socio_cultural,human_capabilities,C,supportive,literacy_rate,CL,positive,all,Cities with higher literacy_rate have stronger feasibility for 'human_capabilities' (socio_cultural dimension). Bridge applies to 'all' sector. IPCC base verdict: supportive.
ipcc_0105,Non-motorised transport,direct,transport,environmental,air_pollution,C,supportive,,CL,,,IPCC verdict is 'supportive' but no city-level data bridge is defined for 'air_pollution' at sector scope 'transport'; the IPCC prior is used unmodified.
ipcc_0105,Non-motorised transport,direct,transport,geophysical,physical_feasibility,C,supportive,urban_built_share,CL,positive,transport,Cities with higher urban_built_share have stronger feasibility for 'physical_feasibility' (geophysical dimension). Bridge applies to 'transport' sector. IPCC base verdict: supportive.
ipcc_0105,Non-motorised transport,direct,transport,geophysical,limited_land_use,C,supportive,,CL,,,IPCC verdict is 'supportive' but no city-level data bridge is defined for 'limited_land_use' at sector scope 'transport'; the IPCC prior is used unmodified.
ipcc_0105,Non-motorised transport,direct,transport,geophysical,limited_scarce_resources,C,supportive,,CL,,,IPCC verdict is 'supportive' but no city-level data bridge is defined for 'limited_scarce_resources' at sector scope 'transport'; the IPCC prior is used unmodified.
ipcc_0105,Non-motorised transport,direct,transport,geophysical,global_spread,C,supportive,,CL,,,IPCC verdict is 'supportive' but no city-level data bridge is defined for 'global_spread' at sector scope 'transport'; the IPCC prior is used unmodified.
ipcc_0105,Non-motorised transport,direct,transport,environmental,toxic_waste,LE,limited evidence,,CL,,,IPCC verdict is 'limited evidence' for this indicator — provides no directional evidence; the cell contributes 0 to the dimension score.
ipcc_0105,Non-motorised transport,direct,transport,environmental,water_use,LE,limited evidence,,CL,,,IPCC verdict is 'limited evidence' for this indicator — provides no directional evidence; the cell contributes 0 to the dimension score.
ipcc_0105,Non-motorised transport,direct,transport,environmental,biodiversity,LE,limited evidence,,CL,,,IPCC verdict is 'limited evidence' for this indicator — provides no directional evidence; the cell contributes 0 to the dimension score.
