mapping_id,action_id,sector,component,risk_id,risk_name,indicator_id,indicator_name,eligibility,screening_status,effectiveness_class,source_sufficiency,time_horizon,maladaptation_flag,parameters_version,screened_source_count,evidence_record_count,accepted_evidence_count,assessment_basis,evidence_review_status,mapping_review_status
map_fab19b14740fa8fb,c40_0046,biodiversity,vulnerability,90001,Biome integrity,90018,Environmental liabilities,eligible,complete,none_demonstrated,none,5-10 years,false,0.3.0,7,0,0,proposed_evidence,pending,proposed
map_fab19b14740fa8fb,c40_0046,biodiversity,vulnerability,90001,Biome integrity,90019,Vegetation loss,eligible,complete,none_demonstrated,none,5-10 years,false,0.3.0,7,0,0,proposed_evidence,pending,proposed
map_7cd75406c45eb77d,c40_0046,biodiversity,exposure,,,,,not_eligible,not_required,not_applicable,not_applicable,5-10 years,false,0.3.0,0,0,0,not_applicable,not_applicable,proposed
map_e5ea08731d6419ba,c40_0048,biodiversity,vulnerability,,,,,not_eligible,not_required,not_applicable,not_applicable,5-10 years,false,0.3.0,0,0,0,not_applicable,not_applicable,proposed
map_341f98a57117e285,c40_0048,biodiversity,exposure,,,,,not_eligible,not_required,not_applicable,not_applicable,5-10 years,false,0.3.0,0,0,0,not_applicable,not_applicable,proposed
map_d12e19e9e1ed41c6,c40_0049,biodiversity,vulnerability,,,,,not_eligible,not_required,not_applicable,not_applicable,<5 years,false,0.3.0,0,0,0,not_applicable,not_applicable,proposed
map_f4eca4f4f6c319a2,c40_0049,biodiversity,exposure,,,,,not_eligible,not_required,not_applicable,not_applicable,<5 years,false,0.3.0,0,0,0,not_applicable,not_applicable,proposed
map_8c54f24f4638abd3,c40_0051,biodiversity,vulnerability,,,,,not_eligible,not_required,not_applicable,not_applicable,<5 years,false,0.3.0,0,0,0,not_applicable,not_applicable,proposed
map_d7a7a167b3c05616,c40_0051,biodiversity,exposure,,,,,not_eligible,not_required,not_applicable,not_applicable,<5 years,false,0.3.0,0,0,0,not_applicable,not_applicable,proposed
map_a2f14318702df706,c40_0052,biodiversity,vulnerability,,,,,not_eligible,not_required,not_applicable,not_applicable,5-10 years,false,0.3.0,0,0,0,not_applicable,not_applicable,proposed
map_d49e5191ad46c72f,c40_0052,biodiversity,exposure,,,,,not_eligible,not_required,not_applicable,not_applicable,5-10 years,false,0.3.0,0,0,0,not_applicable,not_applicable,proposed
map_bf6b9c5497c856c9,c40_0053,biodiversity,vulnerability,,,,,not_eligible,not_required,not_applicable,not_applicable,5-10 years,false,0.3.0,0,0,0,not_applicable,not_applicable,proposed
map_f81a42b09f7364d4,c40_0053,biodiversity,exposure,,,,,not_eligible,not_required,not_applicable,not_applicable,5-10 years,false,0.3.0,0,0,0,not_applicable,not_applicable,proposed
map_82d6d46872eaaadb,c40_0056,biodiversity,vulnerability,90001,Biome integrity,90018,Environmental liabilities,eligible,complete,medium,broad,<5 years,false,0.3.0,7,2,0,proposed_evidence,pending,proposed
map_82d6d46872eaaadb,c40_0056,biodiversity,vulnerability,90001,Biome integrity,90019,Vegetation loss,eligible,complete,medium,broad,<5 years,false,0.3.0,7,2,0,proposed_evidence,pending,proposed
map_82d6d46872eaaadb,c40_0056,biodiversity,vulnerability,90001,Biome integrity,90027,Steering committee and management plan,eligible,complete,medium,broad,<5 years,false,0.3.0,7,2,0,proposed_evidence,pending,proposed
map_01743c53cf8c9e61,c40_0056,biodiversity,exposure,90001,Biome integrity,90028,Natural coverage,eligible,complete,medium,broad,<5 years,false,0.3.0,7,2,0,proposed_evidence,pending,proposed
map_01743c53cf8c9e61,c40_0056,biodiversity,exposure,90001,Biome integrity,90030,Area for conservation,eligible,complete,medium,broad,<5 years,false,0.3.0,7,2,0,proposed_evidence,pending,proposed
map_c6d733c8774953f2,c40_0062,biodiversity,vulnerability,,,,,not_eligible,not_required,not_applicable,not_applicable,5-10 years,false,0.3.0,0,0,0,not_applicable,not_applicable,proposed
map_fa4d1746fa78d573,c40_0062,biodiversity,exposure,,,,,not_eligible,not_required,not_applicable,not_applicable,5-10 years,false,0.3.0,0,0,0,not_applicable,not_applicable,proposed
map_9dc9f0e035595703,icare_0144,biodiversity,vulnerability,,,,,not_eligible,not_required,not_applicable,not_applicable,<5 years,false,0.3.0,0,0,0,not_applicable,not_applicable,proposed
map_c2c85ea7652b6176,icare_0144,biodiversity,exposure,,,,,not_eligible,not_required,not_applicable,not_applicable,<5 years,false,0.3.0,0,0,0,not_applicable,not_applicable,proposed
map_c13430cb25673b67,icare_0145,biodiversity,vulnerability,,,,,not_eligible,not_required,not_applicable,not_applicable,>10 years,false,0.3.0,0,0,0,not_applicable,not_applicable,proposed
map_ca7886e06c7f45cf,icare_0145,biodiversity,exposure,,,,,not_eligible,not_required,not_applicable,not_applicable,>10 years,false,0.3.0,0,0,0,not_applicable,not_applicable,proposed
map_a69fb52bf7de4a7d,icare_0154,biodiversity,vulnerability,,,,,not_eligible,not_required,not_applicable,not_applicable,<5 years,false,0.3.0,0,0,0,not_applicable,not_applicable,proposed
map_4c630a46cada7543,icare_0154,biodiversity,exposure,,,,,not_eligible,not_required,not_applicable,not_applicable,<5 years,false,0.3.0,0,0,0,not_applicable,not_applicable,proposed
map_19764118d5d76836,icare_0156,biodiversity,vulnerability,90001,Biome integrity,90015,No family farming,eligible,complete,low,moderate,<5 years,false,0.3.0,7,1,0,proposed_evidence,pending,proposed
map_19764118d5d76836,icare_0156,biodiversity,vulnerability,90001,Biome integrity,90016,No sustainable agricultural practice,eligible,complete,low,moderate,<5 years,false,0.3.0,7,1,0,proposed_evidence,pending,proposed
map_19764118d5d76836,icare_0156,biodiversity,vulnerability,90001,Biome integrity,90023,Agricultural establishment,eligible,complete,low,moderate,<5 years,false,0.3.0,7,1,0,proposed_evidence,pending,proposed
map_19764118d5d76836,icare_0156,biodiversity,vulnerability,90001,Biome integrity,90026,Technical guidance,eligible,complete,low,moderate,<5 years,false,0.3.0,7,1,0,proposed_evidence,pending,proposed
map_e377b5842d25b9dc,icare_0156,biodiversity,exposure,,,,,not_eligible,not_required,not_applicable,not_applicable,<5 years,false,0.3.0,0,0,0,not_applicable,not_applicable,proposed
map_8c83a38678ee1219,icare_0160,biodiversity,vulnerability,90001,Biome integrity,90027,Steering committee and management plan,eligible,complete,none_demonstrated,none,<5 years,false,0.3.0,7,0,0,proposed_evidence,pending,proposed
map_c007d8fb290c278b,icare_0160,biodiversity,exposure,,,,,not_eligible,not_required,not_applicable,not_applicable,<5 years,false,0.3.0,0,0,0,not_applicable,not_applicable,proposed
map_a8da6dcf6c79f8d1,icare_0162,biodiversity,vulnerability,90001,Biome integrity,90018,Environmental liabilities,eligible,complete,high,broad,5-10 years,false,0.3.0,7,2,0,proposed_evidence,pending,proposed
map_a8da6dcf6c79f8d1,icare_0162,biodiversity,vulnerability,90001,Biome integrity,90019,Vegetation loss,eligible,complete,high,broad,5-10 years,false,0.3.0,7,2,0,proposed_evidence,pending,proposed
map_a8da6dcf6c79f8d1,icare_0162,biodiversity,vulnerability,90001,Biome integrity,90027,Steering committee and management plan,eligible,complete,high,broad,5-10 years,false,0.3.0,7,2,0,proposed_evidence,pending,proposed
map_7276402686490194,icare_0162,biodiversity,exposure,90001,Biome integrity,90028,Natural coverage,eligible,complete,high,broad,5-10 years,false,0.3.0,7,2,0,proposed_evidence,pending,proposed
map_7276402686490194,icare_0162,biodiversity,exposure,90001,Biome integrity,90029,Protected area,eligible,complete,high,broad,5-10 years,false,0.3.0,7,2,0,proposed_evidence,pending,proposed
map_7276402686490194,icare_0162,biodiversity,exposure,90001,Biome integrity,90030,Area for conservation,eligible,complete,high,broad,5-10 years,false,0.3.0,7,2,0,proposed_evidence,pending,proposed
map_d2806a9d48834492,icare_0163,biodiversity,vulnerability,90001,Biome integrity,90017,Fire,eligible,complete,none_demonstrated,none,<5 years,false,0.3.0,7,0,0,proposed_evidence,pending,proposed
map_d2806a9d48834492,icare_0163,biodiversity,vulnerability,90001,Biome integrity,90019,Vegetation loss,eligible,complete,none_demonstrated,none,<5 years,false,0.3.0,7,0,0,proposed_evidence,pending,proposed
map_4183abfc34c0eea4,icare_0163,biodiversity,exposure,,,,,not_eligible,not_required,not_applicable,not_applicable,<5 years,false,0.3.0,0,0,0,not_applicable,not_applicable,proposed
map_f179e2a70e460079,icare_0164,biodiversity,vulnerability,,,,,not_eligible,not_required,not_applicable,not_applicable,<5 years,false,0.3.0,0,0,0,not_applicable,not_applicable,proposed
map_2447963484ecb652,icare_0164,biodiversity,exposure,,,,,not_eligible,not_required,not_applicable,not_applicable,<5 years,false,0.3.0,0,0,0,not_applicable,not_applicable,proposed
map_10c83065dacf993f,icare_0165,biodiversity,vulnerability,90001,Biome integrity,90019,Vegetation loss,eligible,complete,none_demonstrated,none,<5 years,false,0.3.0,7,0,0,proposed_evidence,pending,proposed
map_10c83065dacf993f,icare_0165,biodiversity,vulnerability,90001,Biome integrity,90026,Technical guidance,eligible,complete,none_demonstrated,none,<5 years,false,0.3.0,7,0,0,proposed_evidence,pending,proposed
map_16bc68b2fc702312,icare_0165,biodiversity,exposure,,,,,not_eligible,not_required,not_applicable,not_applicable,<5 years,false,0.3.0,0,0,0,not_applicable,not_applicable,proposed
map_f842caf632f68561,icare_0169,biodiversity,vulnerability,,,,,not_eligible,not_required,not_applicable,not_applicable,5-10 years,false,0.3.0,0,0,0,not_applicable,not_applicable,proposed
map_c0a02035e254f5ec,icare_0169,biodiversity,exposure,,,,,not_eligible,not_required,not_applicable,not_applicable,5-10 years,false,0.3.0,0,0,0,not_applicable,not_applicable,proposed
map_d6f2a9616202c470,icare_0170,biodiversity,vulnerability,,,,,not_eligible,not_required,not_applicable,not_applicable,>10 years,false,0.3.0,0,0,0,not_applicable,not_applicable,proposed
map_a0c78d78f41f6ce5,icare_0170,biodiversity,exposure,,,,,not_eligible,not_required,not_applicable,not_applicable,>10 years,false,0.3.0,0,0,0,not_applicable,not_applicable,proposed
map_05d03c5e111c5297,icare_0171,biodiversity,vulnerability,,,,,not_eligible,not_required,not_applicable,not_applicable,5-10 years,false,0.3.0,0,0,0,not_applicable,not_applicable,proposed
map_196fbac54dfd30b2,icare_0171,biodiversity,exposure,,,,,not_eligible,not_required,not_applicable,not_applicable,5-10 years,false,0.3.0,0,0,0,not_applicable,not_applicable,proposed
map_df424127717a83e0,icare_0172,biodiversity,vulnerability,,,,,not_eligible,not_required,not_applicable,not_applicable,<5 years,false,0.3.0,0,0,0,not_applicable,not_applicable,proposed
map_f33f547c5671fd95,icare_0172,biodiversity,exposure,,,,,not_eligible,not_required,not_applicable,not_applicable,<5 years,false,0.3.0,0,0,0,not_applicable,not_applicable,proposed
map_5b362c81f248f669,icare_0173,biodiversity,vulnerability,,,,,not_eligible,not_required,not_applicable,not_applicable,5-10 years,false,0.3.0,0,0,0,not_applicable,not_applicable,proposed
map_94ddbda07030d787,icare_0173,biodiversity,exposure,,,,,not_eligible,not_required,not_applicable,not_applicable,5-10 years,false,0.3.0,0,0,0,not_applicable,not_applicable,proposed
map_d2eee545d6ebfd19,icare_0176,biodiversity,vulnerability,,,,,not_eligible,not_required,not_applicable,not_applicable,<5 years,false,0.3.0,0,0,0,not_applicable,not_applicable,proposed
map_a78a5d4ec97655b5,icare_0176,biodiversity,exposure,,,,,not_eligible,not_required,not_applicable,not_applicable,<5 years,false,0.3.0,0,0,0,not_applicable,not_applicable,proposed
map_48567c851f9a3e26,icare_0178,biodiversity,vulnerability,,,,,not_eligible,not_required,not_applicable,not_applicable,<5 years,false,0.3.0,0,0,0,not_applicable,not_applicable,proposed
map_cb29af883e2a4204,icare_0178,biodiversity,exposure,,,,,not_eligible,not_required,not_applicable,not_applicable,<5 years,false,0.3.0,0,0,0,not_applicable,not_applicable,proposed
map_bfd25d0ed61c882d,icare_0180,biodiversity,vulnerability,90001,Biome integrity,90018,Environmental liabilities,eligible,complete,medium,broad,<5 years,false,0.3.0,7,2,0,proposed_evidence,pending,proposed
map_bfd25d0ed61c882d,icare_0180,biodiversity,vulnerability,90001,Biome integrity,90019,Vegetation loss,eligible,complete,medium,broad,<5 years,false,0.3.0,7,2,0,proposed_evidence,pending,proposed
map_bfd25d0ed61c882d,icare_0180,biodiversity,vulnerability,90001,Biome integrity,90027,Steering committee and management plan,eligible,complete,medium,broad,<5 years,false,0.3.0,7,2,0,proposed_evidence,pending,proposed
map_f2da6cf370a45239,icare_0180,biodiversity,exposure,90001,Biome integrity,90028,Natural coverage,eligible,complete,medium,broad,<5 years,false,0.3.0,7,2,0,proposed_evidence,pending,proposed
map_f2da6cf370a45239,icare_0180,biodiversity,exposure,90001,Biome integrity,90030,Area for conservation,eligible,complete,medium,broad,<5 years,false,0.3.0,7,2,0,proposed_evidence,pending,proposed
map_a89aef65eab44e0e,icare_0181,biodiversity,vulnerability,,,,,not_eligible,not_required,not_applicable,not_applicable,5-10 years,false,0.3.0,0,0,0,not_applicable,not_applicable,proposed
map_3a9b76edfe80aa71,icare_0181,biodiversity,exposure,,,,,not_eligible,not_required,not_applicable,not_applicable,5-10 years,false,0.3.0,0,0,0,not_applicable,not_applicable,proposed
map_ab589c2ab0a6b803,icare_0182,biodiversity,vulnerability,90001,Biome integrity,90018,Environmental liabilities,eligible,complete,medium,broad,5-10 years,false,0.3.0,7,2,0,proposed_evidence,pending,proposed
map_ab589c2ab0a6b803,icare_0182,biodiversity,vulnerability,90001,Biome integrity,90019,Vegetation loss,eligible,complete,medium,broad,5-10 years,false,0.3.0,7,2,0,proposed_evidence,pending,proposed
map_31c16504165818b6,icare_0182,biodiversity,exposure,90001,Biome integrity,90028,Natural coverage,eligible,complete,medium,broad,5-10 years,false,0.3.0,7,2,0,proposed_evidence,pending,proposed
map_31c16504165818b6,icare_0182,biodiversity,exposure,90001,Biome integrity,90030,Area for conservation,eligible,complete,medium,broad,5-10 years,false,0.3.0,7,2,0,proposed_evidence,pending,proposed
map_57444377233f8f45,icare_0183,biodiversity,vulnerability,,,,,not_eligible,not_required,not_applicable,not_applicable,5-10 years,false,0.3.0,0,0,0,not_applicable,not_applicable,proposed
map_2a8adce10b26019a,icare_0183,biodiversity,exposure,,,,,not_eligible,not_required,not_applicable,not_applicable,5-10 years,false,0.3.0,0,0,0,not_applicable,not_applicable,proposed
map_32205af0304ea749,icare_0184,biodiversity,vulnerability,,,,,not_eligible,not_required,not_applicable,not_applicable,5-10 years,false,0.3.0,0,0,0,not_applicable,not_applicable,proposed
map_ab2c280f5ea79454,icare_0184,biodiversity,exposure,,,,,not_eligible,not_required,not_applicable,not_applicable,5-10 years,false,0.3.0,0,0,0,not_applicable,not_applicable,proposed
map_17aec1f55299812e,icare_0185,biodiversity,vulnerability,,,,,not_eligible,not_required,not_applicable,not_applicable,5-10 years,false,0.3.0,0,0,0,not_applicable,not_applicable,proposed
map_11c6a6b8bead91af,icare_0185,biodiversity,exposure,,,,,not_eligible,not_required,not_applicable,not_applicable,5-10 years,false,0.3.0,0,0,0,not_applicable,not_applicable,proposed
map_cf874373beee7179,icare_0186,biodiversity,vulnerability,90001,Biome integrity,90018,Environmental liabilities,eligible,complete,medium,moderate,5-10 years,false,0.3.0,7,1,0,proposed_evidence,pending,proposed
map_cf874373beee7179,icare_0186,biodiversity,vulnerability,90001,Biome integrity,90019,Vegetation loss,eligible,complete,medium,moderate,5-10 years,false,0.3.0,7,1,0,proposed_evidence,pending,proposed
map_cf874373beee7179,icare_0186,biodiversity,vulnerability,90001,Biome integrity,90027,Steering committee and management plan,eligible,complete,medium,moderate,5-10 years,false,0.3.0,7,1,0,proposed_evidence,pending,proposed
map_170d0760d5c9e511,icare_0186,biodiversity,exposure,90001,Biome integrity,90028,Natural coverage,eligible,complete,medium,moderate,5-10 years,false,0.3.0,7,1,0,proposed_evidence,pending,proposed
map_170d0760d5c9e511,icare_0186,biodiversity,exposure,90001,Biome integrity,90029,Protected area,eligible,complete,medium,moderate,5-10 years,false,0.3.0,7,1,0,proposed_evidence,pending,proposed
map_170d0760d5c9e511,icare_0186,biodiversity,exposure,90001,Biome integrity,90030,Area for conservation,eligible,complete,medium,moderate,5-10 years,false,0.3.0,7,1,0,proposed_evidence,pending,proposed
map_25ee7ae05ac76b13,icare_0188,biodiversity,vulnerability,,,,,not_eligible,not_required,not_applicable,not_applicable,5-10 years,false,0.3.0,0,0,0,not_applicable,not_applicable,proposed
map_f4a7a8cd17abc0ce,icare_0188,biodiversity,exposure,,,,,not_eligible,not_required,not_applicable,not_applicable,5-10 years,false,0.3.0,0,0,0,not_applicable,not_applicable,proposed
map_33ef2776b7cac8c3,ipcc_0078,biodiversity,vulnerability,90001,Biome integrity,90019,Vegetation loss,eligible,complete,low,moderate,5-10 years,false,0.3.0,7,1,0,proposed_evidence,pending,proposed
map_ed4ee2172c409690,ipcc_0078,biodiversity,exposure,90001,Biome integrity,90028,Natural coverage,eligible,complete,low,moderate,5-10 years,false,0.3.0,7,1,0,proposed_evidence,pending,proposed
map_2e82e7302b8a8320,ipcc_0083,biodiversity,vulnerability,,,,,not_eligible,not_required,not_applicable,not_applicable,>10 years,false,0.3.0,0,0,0,not_applicable,not_applicable,proposed
map_03e9b028a7e5b0c7,ipcc_0083,biodiversity,exposure,,,,,not_eligible,not_required,not_applicable,not_applicable,>10 years,false,0.3.0,0,0,0,not_applicable,not_applicable,proposed
map_796ffeb70057a4e2,ipcc_0084,biodiversity,vulnerability,90001,Biome integrity,90018,Environmental liabilities,eligible,complete,high,broad,5-10 years,false,0.3.0,7,3,0,proposed_evidence,pending,proposed
map_796ffeb70057a4e2,ipcc_0084,biodiversity,vulnerability,90001,Biome integrity,90019,Vegetation loss,eligible,complete,high,broad,5-10 years,false,0.3.0,7,3,0,proposed_evidence,pending,proposed
map_796ffeb70057a4e2,ipcc_0084,biodiversity,vulnerability,90001,Biome integrity,90027,Steering committee and management plan,eligible,complete,high,broad,5-10 years,false,0.3.0,7,3,0,proposed_evidence,pending,proposed
map_e6e30fc1261086fa,ipcc_0084,biodiversity,exposure,90001,Biome integrity,90028,Natural coverage,eligible,complete,high,broad,5-10 years,false,0.3.0,7,3,0,proposed_evidence,pending,proposed
map_e6e30fc1261086fa,ipcc_0084,biodiversity,exposure,90001,Biome integrity,90029,Protected area,eligible,complete,high,broad,5-10 years,false,0.3.0,7,3,0,proposed_evidence,pending,proposed
map_e6e30fc1261086fa,ipcc_0084,biodiversity,exposure,90001,Biome integrity,90030,Area for conservation,eligible,complete,high,broad,5-10 years,false,0.3.0,7,3,0,proposed_evidence,pending,proposed
map_f666ae701835ee38,ipcc_0085,biodiversity,vulnerability,90001,Biome integrity,90018,Environmental liabilities,eligible,complete,low,broad,5-10 years,false,0.3.0,7,2,0,proposed_evidence,pending,proposed
map_f666ae701835ee38,ipcc_0085,biodiversity,vulnerability,90001,Biome integrity,90019,Vegetation loss,eligible,complete,low,broad,5-10 years,false,0.3.0,7,2,0,proposed_evidence,pending,proposed
map_f666ae701835ee38,ipcc_0085,biodiversity,vulnerability,90001,Biome integrity,90027,Steering committee and management plan,eligible,complete,low,broad,5-10 years,false,0.3.0,7,2,0,proposed_evidence,pending,proposed
map_5934648ac60efae6,ipcc_0085,biodiversity,exposure,90001,Biome integrity,90028,Natural coverage,eligible,complete,low,broad,5-10 years,false,0.3.0,7,2,0,proposed_evidence,pending,proposed
map_5934648ac60efae6,ipcc_0085,biodiversity,exposure,90001,Biome integrity,90029,Protected area,eligible,complete,low,broad,5-10 years,false,0.3.0,7,2,0,proposed_evidence,pending,proposed
map_5934648ac60efae6,ipcc_0085,biodiversity,exposure,90001,Biome integrity,90030,Area for conservation,eligible,complete,low,broad,5-10 years,false,0.3.0,7,2,0,proposed_evidence,pending,proposed
map_8c4cc15ed48dadeb,ipcc_0086,biodiversity,vulnerability,90001,Biome integrity,90016,No sustainable agricultural practice,eligible,complete,medium,broad,5-10 years,false,0.3.0,7,2,0,proposed_evidence,pending,proposed
map_8c4cc15ed48dadeb,ipcc_0086,biodiversity,vulnerability,90001,Biome integrity,90018,Environmental liabilities,eligible,complete,medium,broad,5-10 years,false,0.3.0,7,2,0,proposed_evidence,pending,proposed
map_8c4cc15ed48dadeb,ipcc_0086,biodiversity,vulnerability,90001,Biome integrity,90019,Vegetation loss,eligible,complete,medium,broad,5-10 years,false,0.3.0,7,2,0,proposed_evidence,pending,proposed
map_8c4cc15ed48dadeb,ipcc_0086,biodiversity,vulnerability,90001,Biome integrity,90020,Degraded pasture,eligible,complete,medium,broad,5-10 years,false,0.3.0,7,2,0,proposed_evidence,pending,proposed
map_8c4cc15ed48dadeb,ipcc_0086,biodiversity,vulnerability,90001,Biome integrity,90026,Technical guidance,eligible,complete,medium,broad,5-10 years,false,0.3.0,7,2,0,proposed_evidence,pending,proposed
map_8c4cc15ed48dadeb,ipcc_0086,biodiversity,vulnerability,90001,Biome integrity,90027,Steering committee and management plan,eligible,complete,medium,broad,5-10 years,false,0.3.0,7,2,0,proposed_evidence,pending,proposed
map_8282ab589e7a1815,ipcc_0086,biodiversity,exposure,90001,Biome integrity,90028,Natural coverage,eligible,complete,medium,broad,5-10 years,false,0.3.0,7,2,0,proposed_evidence,pending,proposed
map_8282ab589e7a1815,ipcc_0086,biodiversity,exposure,90001,Biome integrity,90029,Protected area,eligible,complete,medium,broad,5-10 years,false,0.3.0,7,2,0,proposed_evidence,pending,proposed
map_8282ab589e7a1815,ipcc_0086,biodiversity,exposure,90001,Biome integrity,90030,Area for conservation,eligible,complete,medium,broad,5-10 years,false,0.3.0,7,2,0,proposed_evidence,pending,proposed
map_8d1b5f57dc777763,ipcc_0087,biodiversity,vulnerability,,,,,not_eligible,not_required,not_applicable,not_applicable,5-10 years,false,0.3.0,0,0,0,not_applicable,not_applicable,proposed
map_71b05d40567725ad,ipcc_0087,biodiversity,exposure,,,,,not_eligible,not_required,not_applicable,not_applicable,5-10 years,false,0.3.0,0,0,0,not_applicable,not_applicable,proposed
map_37f0f2507141e457,ipcc_0088,biodiversity,vulnerability,,,,,not_eligible,not_required,not_applicable,not_applicable,5-10 years,false,0.3.0,0,0,0,not_applicable,not_applicable,proposed
map_e6f3eb84efb762f5,ipcc_0088,biodiversity,exposure,,,,,not_eligible,not_required,not_applicable,not_applicable,5-10 years,false,0.3.0,0,0,0,not_applicable,not_applicable,proposed
map_dd74e60be204cb9c,ipcc_0089,biodiversity,vulnerability,90001,Biome integrity,90018,Environmental liabilities,eligible,complete,medium,moderate,5-10 years,false,0.3.0,7,1,0,proposed_evidence,pending,proposed
map_dd74e60be204cb9c,ipcc_0089,biodiversity,vulnerability,90001,Biome integrity,90019,Vegetation loss,eligible,complete,medium,moderate,5-10 years,false,0.3.0,7,1,0,proposed_evidence,pending,proposed
map_dd74e60be204cb9c,ipcc_0089,biodiversity,vulnerability,90001,Biome integrity,90022,Population,eligible,complete,medium,moderate,5-10 years,false,0.3.0,7,1,0,proposed_evidence,pending,proposed
map_dd74e60be204cb9c,ipcc_0089,biodiversity,vulnerability,90001,Biome integrity,90023,Agricultural establishment,eligible,complete,medium,moderate,5-10 years,false,0.3.0,7,1,0,proposed_evidence,pending,proposed
map_dd74e60be204cb9c,ipcc_0089,biodiversity,vulnerability,90001,Biome integrity,90024,Road network,eligible,complete,medium,moderate,5-10 years,false,0.3.0,7,1,0,proposed_evidence,pending,proposed
map_dd74e60be204cb9c,ipcc_0089,biodiversity,vulnerability,90001,Biome integrity,90027,Steering committee and management plan,eligible,complete,medium,moderate,5-10 years,false,0.3.0,7,1,0,proposed_evidence,pending,proposed
map_2e7a2ae0ed6f56a4,ipcc_0089,biodiversity,exposure,90001,Biome integrity,90028,Natural coverage,eligible,complete,medium,moderate,5-10 years,false,0.3.0,7,1,0,proposed_evidence,pending,proposed
map_2e7a2ae0ed6f56a4,ipcc_0089,biodiversity,exposure,90001,Biome integrity,90029,Protected area,eligible,complete,medium,moderate,5-10 years,false,0.3.0,7,1,0,proposed_evidence,pending,proposed
map_2e7a2ae0ed6f56a4,ipcc_0089,biodiversity,exposure,90001,Biome integrity,90030,Area for conservation,eligible,complete,medium,moderate,5-10 years,false,0.3.0,7,1,0,proposed_evidence,pending,proposed
map_79ffc1d98c81c7c5,ipcc_0090,biodiversity,vulnerability,,,,,not_eligible,not_required,not_applicable,not_applicable,<5 years,false,0.3.0,0,0,0,not_applicable,not_applicable,proposed
map_314b1678bca9009d,ipcc_0090,biodiversity,exposure,,,,,not_eligible,not_required,not_applicable,not_applicable,<5 years,false,0.3.0,0,0,0,not_applicable,not_applicable,proposed
map_04a9043ba2fa3dc9,ipcc_0091,biodiversity,vulnerability,,,,,not_eligible,not_required,not_applicable,not_applicable,<5 years,false,0.3.0,0,0,0,not_applicable,not_applicable,proposed
map_e0366acb083a0ca0,ipcc_0091,biodiversity,exposure,,,,,not_eligible,not_required,not_applicable,not_applicable,<5 years,false,0.3.0,0,0,0,not_applicable,not_applicable,proposed
map_2db0fd643eacaf33,ipcc_0092,biodiversity,vulnerability,,,,,not_eligible,not_required,not_applicable,not_applicable,5-10 years,false,0.3.0,0,0,0,not_applicable,not_applicable,proposed
map_53c3faccd48f9756,ipcc_0092,biodiversity,exposure,,,,,not_eligible,not_required,not_applicable,not_applicable,5-10 years,false,0.3.0,0,0,0,not_applicable,not_applicable,proposed
map_e63f6dd43d9a414e,ipcc_0094,biodiversity,vulnerability,,,,,not_eligible,not_required,not_applicable,not_applicable,5-10 years,false,0.3.0,0,0,0,not_applicable,not_applicable,proposed
map_36eb022ed208596b,ipcc_0094,biodiversity,exposure,,,,,not_eligible,not_required,not_applicable,not_applicable,5-10 years,false,0.3.0,0,0,0,not_applicable,not_applicable,proposed
map_8f6fe00a203c1573,ipcc_0096,biodiversity,vulnerability,90001,Biome integrity,90014,Pesticides,eligible,complete,low,broad,5-10 years,false,0.3.0,7,2,0,proposed_evidence,pending,proposed
map_8f6fe00a203c1573,ipcc_0096,biodiversity,vulnerability,90001,Biome integrity,90015,No family farming,eligible,complete,low,broad,5-10 years,false,0.3.0,7,2,0,proposed_evidence,pending,proposed
map_8f6fe00a203c1573,ipcc_0096,biodiversity,vulnerability,90001,Biome integrity,90016,No sustainable agricultural practice,eligible,complete,low,broad,5-10 years,false,0.3.0,7,2,0,proposed_evidence,pending,proposed
map_8f6fe00a203c1573,ipcc_0096,biodiversity,vulnerability,90001,Biome integrity,90020,Degraded pasture,eligible,complete,low,broad,5-10 years,false,0.3.0,7,2,0,proposed_evidence,pending,proposed
map_8f6fe00a203c1573,ipcc_0096,biodiversity,vulnerability,90001,Biome integrity,90023,Agricultural establishment,eligible,complete,low,broad,5-10 years,false,0.3.0,7,2,0,proposed_evidence,pending,proposed
map_8f6fe00a203c1573,ipcc_0096,biodiversity,vulnerability,90001,Biome integrity,90026,Technical guidance,eligible,complete,low,broad,5-10 years,false,0.3.0,7,2,0,proposed_evidence,pending,proposed
map_032141a04e598f29,ipcc_0096,biodiversity,exposure,,,,,not_eligible,not_required,not_applicable,not_applicable,5-10 years,false,0.3.0,0,0,0,not_applicable,not_applicable,proposed
map_f19d4e73e25bd6ae,ipcc_0097,biodiversity,vulnerability,,,,,not_eligible,not_required,not_applicable,not_applicable,5-10 years,false,0.3.0,0,0,0,not_applicable,not_applicable,proposed
map_e8c806664ff14198,ipcc_0097,biodiversity,exposure,,,,,not_eligible,not_required,not_applicable,not_applicable,5-10 years,false,0.3.0,0,0,0,not_applicable,not_applicable,proposed
map_ee78299a1685d248,ipcc_0098,biodiversity,vulnerability,90001,Biome integrity,90014,Pesticides,eligible,complete,none_demonstrated,none,5-10 years,false,0.3.0,7,0,0,proposed_evidence,pending,proposed
map_ee78299a1685d248,ipcc_0098,biodiversity,vulnerability,90001,Biome integrity,90015,No family farming,eligible,complete,none_demonstrated,none,5-10 years,false,0.3.0,7,0,0,proposed_evidence,pending,proposed
map_ee78299a1685d248,ipcc_0098,biodiversity,vulnerability,90001,Biome integrity,90016,No sustainable agricultural practice,eligible,complete,none_demonstrated,none,5-10 years,false,0.3.0,7,0,0,proposed_evidence,pending,proposed
map_ee78299a1685d248,ipcc_0098,biodiversity,vulnerability,90001,Biome integrity,90020,Degraded pasture,eligible,complete,none_demonstrated,none,5-10 years,false,0.3.0,7,0,0,proposed_evidence,pending,proposed
map_ee78299a1685d248,ipcc_0098,biodiversity,vulnerability,90001,Biome integrity,90023,Agricultural establishment,eligible,complete,none_demonstrated,none,5-10 years,false,0.3.0,7,0,0,proposed_evidence,pending,proposed
map_ee78299a1685d248,ipcc_0098,biodiversity,vulnerability,90001,Biome integrity,90026,Technical guidance,eligible,complete,none_demonstrated,none,5-10 years,false,0.3.0,7,0,0,proposed_evidence,pending,proposed
map_0ddf77011bf312c4,ipcc_0098,biodiversity,exposure,,,,,not_eligible,not_required,not_applicable,not_applicable,5-10 years,false,0.3.0,0,0,0,not_applicable,not_applicable,proposed
map_5f52da433c0f5dc4,ipcc_0099,biodiversity,vulnerability,90001,Biome integrity,90025,Hydroelectric,eligible,complete,none_demonstrated,none,5-10 years,false,0.3.0,7,0,0,proposed_evidence,pending,proposed
map_ed82e9b3c505a0f4,ipcc_0099,biodiversity,exposure,,,,,not_eligible,not_required,not_applicable,not_applicable,5-10 years,false,0.3.0,0,0,0,not_applicable,not_applicable,proposed
map_52698269b6c9a479,ipcc_0100,biodiversity,vulnerability,90001,Biome integrity,90016,No sustainable agricultural practice,eligible,complete,none_demonstrated,none,5-10 years,false,0.3.0,7,0,0,proposed_evidence,pending,proposed
map_52698269b6c9a479,ipcc_0100,biodiversity,vulnerability,90001,Biome integrity,90023,Agricultural establishment,eligible,complete,none_demonstrated,none,5-10 years,false,0.3.0,7,0,0,proposed_evidence,pending,proposed
map_52698269b6c9a479,ipcc_0100,biodiversity,vulnerability,90001,Biome integrity,90026,Technical guidance,eligible,complete,none_demonstrated,none,5-10 years,false,0.3.0,7,0,0,proposed_evidence,pending,proposed
map_290855c60b8b01d0,ipcc_0100,biodiversity,exposure,,,,,not_eligible,not_required,not_applicable,not_applicable,5-10 years,false,0.3.0,0,0,0,not_applicable,not_applicable,proposed
map_49614cf8c5029c11,ipcc_0101,biodiversity,vulnerability,,,,,not_eligible,not_required,not_applicable,not_applicable,5-10 years,false,0.3.0,0,0,0,not_applicable,not_applicable,proposed
map_30d642478cc549b3,ipcc_0101,biodiversity,exposure,,,,,not_eligible,not_required,not_applicable,not_applicable,5-10 years,false,0.3.0,0,0,0,not_applicable,not_applicable,proposed
map_68febc6c9efd688b,ipcc_0102,biodiversity,vulnerability,,,,,not_eligible,not_required,not_applicable,not_applicable,5-10 years,false,0.3.0,0,0,0,not_applicable,not_applicable,proposed
map_23efa4173a3f02d0,ipcc_0102,biodiversity,exposure,,,,,not_eligible,not_required,not_applicable,not_applicable,5-10 years,false,0.3.0,0,0,0,not_applicable,not_applicable,proposed
map_64fe98ad08d5dcfc,ipcc_0103,biodiversity,vulnerability,90001,Biome integrity,90026,Technical guidance,eligible,complete,none_demonstrated,none,5-10 years,false,0.3.0,7,0,0,proposed_evidence,pending,proposed
map_64fe98ad08d5dcfc,ipcc_0103,biodiversity,vulnerability,90001,Biome integrity,90027,Steering committee and management plan,eligible,complete,none_demonstrated,none,5-10 years,false,0.3.0,7,0,0,proposed_evidence,pending,proposed
map_7ee14ea56057ae15,ipcc_0103,biodiversity,exposure,90001,Biome integrity,90029,Protected area,eligible,complete,none_demonstrated,none,5-10 years,false,0.3.0,7,0,0,proposed_evidence,pending,proposed
map_7ee14ea56057ae15,ipcc_0103,biodiversity,exposure,90001,Biome integrity,90030,Area for conservation,eligible,complete,none_demonstrated,none,5-10 years,false,0.3.0,7,0,0,proposed_evidence,pending,proposed
map_88a9bdb7399ee9d0,ipcc_0104,biodiversity,vulnerability,,,,,not_eligible,not_required,not_applicable,not_applicable,5-10 years,false,0.3.0,0,0,0,not_applicable,not_applicable,proposed
map_4d581c4ba92971a0,ipcc_0104,biodiversity,exposure,,,,,not_eligible,not_required,not_applicable,not_applicable,5-10 years,false,0.3.0,0,0,0,not_applicable,not_applicable,proposed
map_f5dfddcfcfd9939e,c40_0046,energy_security,vulnerability,,,,,not_eligible,not_required,not_applicable,not_applicable,5-10 years,false,0.3.0,0,0,0,not_applicable,not_applicable,proposed
map_ea51d324bf812385,c40_0046,energy_security,exposure,,,,,not_eligible,not_required,not_applicable,not_applicable,5-10 years,false,0.3.0,0,0,0,not_applicable,not_applicable,proposed
map_5c98f825d58ebbeb,c40_0048,energy_security,vulnerability,10001,Access,10008,Electricity interruption,eligible,complete,low,broad,5-10 years,false,0.3.0,10,2,0,proposed_evidence,pending,proposed
map_5451313751a2d144,c40_0048,energy_security,exposure,,,,,not_eligible,not_required,not_applicable,not_applicable,5-10 years,false,0.3.0,0,0,0,not_applicable,not_applicable,proposed
map_742d14b2cbfad71b,c40_0049,energy_security,vulnerability,,,,,not_eligible,not_required,not_applicable,not_applicable,<5 years,false,0.3.0,0,0,0,not_applicable,not_applicable,proposed
map_65bbfca41266fe28,c40_0049,energy_security,exposure,,,,,not_eligible,not_required,not_applicable,not_applicable,<5 years,false,0.3.0,0,0,0,not_applicable,not_applicable,proposed
map_adc45a47bbd641f8,c40_0051,energy_security,vulnerability,,,,,not_eligible,not_required,not_applicable,not_applicable,<5 years,false,0.3.0,0,0,0,not_applicable,not_applicable,proposed
map_e602ea1febe055a9,c40_0051,energy_security,exposure,,,,,not_eligible,not_required,not_applicable,not_applicable,<5 years,false,0.3.0,0,0,0,not_applicable,not_applicable,proposed
map_c57e336228d16fe5,c40_0052,energy_security,vulnerability,10001,Access,10009,Residential electrical consumption,eligible,complete,medium,broad,5-10 years,false,0.3.0,10,3,0,proposed_evidence,pending,proposed
map_c57e336228d16fe5,c40_0052,energy_security,vulnerability,10001,Access,10010,Electrical energy intensity,eligible,complete,medium,broad,5-10 years,false,0.3.0,10,3,0,proposed_evidence,pending,proposed
map_524bfab974fc11e5,c40_0052,energy_security,exposure,,,,,not_eligible,not_required,not_applicable,not_applicable,5-10 years,false,0.3.0,0,0,0,not_applicable,not_applicable,proposed
map_70b2ba10a4ca6b5b,c40_0053,energy_security,vulnerability,10001,Access,10009,Residential electrical consumption,eligible,complete,none_demonstrated,none,5-10 years,false,0.3.0,10,0,0,proposed_evidence,pending,proposed
map_3d64a22d795ee857,c40_0053,energy_security,exposure,,,,,not_eligible,not_required,not_applicable,not_applicable,5-10 years,false,0.3.0,0,0,0,not_applicable,not_applicable,proposed
map_e9e00c806e5a32b6,c40_0056,energy_security,vulnerability,10001,Access,10013,Energy stored in hydroelectric reservoirs,eligible,complete,none_demonstrated,none,<5 years,false,0.3.0,10,0,0,proposed_evidence,pending,proposed
map_a43628e0d68dd0a0,c40_0056,energy_security,exposure,,,,,not_eligible,not_required,not_applicable,not_applicable,<5 years,false,0.3.0,0,0,0,not_applicable,not_applicable,proposed
map_f82ac546e1fe9090,c40_0062,energy_security,vulnerability,,,,,not_eligible,not_required,not_applicable,not_applicable,5-10 years,false,0.3.0,0,0,0,not_applicable,not_applicable,proposed
map_03703b67048b0fe6,c40_0062,energy_security,exposure,,,,,not_eligible,not_required,not_applicable,not_applicable,5-10 years,false,0.3.0,0,0,0,not_applicable,not_applicable,proposed
map_4749001fa5cc4054,icare_0144,energy_security,vulnerability,,,,,not_eligible,not_required,not_applicable,not_applicable,<5 years,false,0.3.0,0,0,0,not_applicable,not_applicable,proposed
map_b955d75915f18fa2,icare_0144,energy_security,exposure,,,,,not_eligible,not_required,not_applicable,not_applicable,<5 years,false,0.3.0,0,0,0,not_applicable,not_applicable,proposed
map_f6faa55307d04673,icare_0145,energy_security,vulnerability,,,,,not_eligible,not_required,not_applicable,not_applicable,>10 years,false,0.3.0,0,0,0,not_applicable,not_applicable,proposed
map_d1cfeafd92642562,icare_0145,energy_security,exposure,,,,,not_eligible,not_required,not_applicable,not_applicable,>10 years,false,0.3.0,0,0,0,not_applicable,not_applicable,proposed
map_b488ccab2b5e8d27,icare_0154,energy_security,vulnerability,,,,,not_eligible,not_required,not_applicable,not_applicable,<5 years,false,0.3.0,0,0,0,not_applicable,not_applicable,proposed
map_98367036a9e98047,icare_0154,energy_security,exposure,,,,,not_eligible,not_required,not_applicable,not_applicable,<5 years,false,0.3.0,0,0,0,not_applicable,not_applicable,proposed
map_460557fdba480262,icare_0156,energy_security,vulnerability,,,,,not_eligible,not_required,not_applicable,not_applicable,<5 years,false,0.3.0,0,0,0,not_applicable,not_applicable,proposed
map_971a9320ed2ea35f,icare_0156,energy_security,exposure,,,,,not_eligible,not_required,not_applicable,not_applicable,<5 years,false,0.3.0,0,0,0,not_applicable,not_applicable,proposed
map_71c37738e422bb25,icare_0160,energy_security,vulnerability,10001,Access,10017,Resilient cities,eligible,complete,low,broad,<5 years,false,0.3.0,10,2,0,proposed_evidence,pending,proposed
map_4afcfee03aa90346,icare_0160,energy_security,exposure,,,,,not_eligible,not_required,not_applicable,not_applicable,<5 years,false,0.3.0,0,0,0,not_applicable,not_applicable,proposed
map_94c79c1a45c6b703,icare_0162,energy_security,vulnerability,,,,,not_eligible,not_required,not_applicable,not_applicable,5-10 years,false,0.3.0,0,0,0,not_applicable,not_applicable,proposed
map_71b64ca76cd73c8f,icare_0162,energy_security,exposure,,,,,not_eligible,not_required,not_applicable,not_applicable,5-10 years,false,0.3.0,0,0,0,not_applicable,not_applicable,proposed
map_e3afee4bc7946892,icare_0163,energy_security,vulnerability,,,,,not_eligible,not_required,not_applicable,not_applicable,<5 years,false,0.3.0,0,0,0,not_applicable,not_applicable,proposed
map_5b013b834ab88ff8,icare_0163,energy_security,exposure,,,,,not_eligible,not_required,not_applicable,not_applicable,<5 years,false,0.3.0,0,0,0,not_applicable,not_applicable,proposed
map_32286992e4769c6b,icare_0164,energy_security,vulnerability,10001,Access,10013,Energy stored in hydroelectric reservoirs,eligible,complete,none_demonstrated,none,<5 years,false,0.3.0,10,0,0,proposed_evidence,pending,proposed
map_718173cf8f9432be,icare_0164,energy_security,exposure,,,,,not_eligible,not_required,not_applicable,not_applicable,<5 years,false,0.3.0,0,0,0,not_applicable,not_applicable,proposed
map_6ee6d15b27418bbb,icare_0165,energy_security,vulnerability,,,,,not_eligible,not_required,not_applicable,not_applicable,<5 years,false,0.3.0,0,0,0,not_applicable,not_applicable,proposed
map_e664b53deff8a1f9,icare_0165,energy_security,exposure,,,,,not_eligible,not_required,not_applicable,not_applicable,<5 years,false,0.3.0,0,0,0,not_applicable,not_applicable,proposed
map_4250093a2a815d0b,icare_0169,energy_security,vulnerability,10001,Access,10017,Resilient cities,eligible,complete,high,broad,5-10 years,false,0.3.0,10,2,0,proposed_evidence,pending,proposed
map_f2183f3015154eb1,icare_0169,energy_security,exposure,,,,,not_eligible,not_required,not_applicable,not_applicable,5-10 years,false,0.3.0,0,0,0,not_applicable,not_applicable,proposed
map_caf41dbe47c491cb,icare_0170,energy_security,vulnerability,,,,,not_eligible,not_required,not_applicable,not_applicable,>10 years,false,0.3.0,0,0,0,not_applicable,not_applicable,proposed
map_4cb883a04cb4230e,icare_0170,energy_security,exposure,10001,Access,10018,Population density,eligible,complete,medium,moderate,>10 years,true,0.3.0,10,2,0,proposed_evidence,pending,proposed
map_67de57c8c0adfd86,icare_0171,energy_security,vulnerability,10001,Access,10017,Resilient cities,eligible,complete,low,broad,5-10 years,false,0.3.0,10,2,0,proposed_evidence,pending,proposed
map_120b071e7132b378,icare_0171,energy_security,exposure,,,,,not_eligible,not_required,not_applicable,not_applicable,5-10 years,false,0.3.0,0,0,0,not_applicable,not_applicable,proposed
map_36f9a26b6f5018c5,icare_0172,energy_security,vulnerability,10001,Access,10017,Resilient cities,eligible,complete,low,broad,<5 years,false,0.3.0,10,2,0,proposed_evidence,pending,proposed
map_3bf30455eed418aa,icare_0172,energy_security,exposure,,,,,not_eligible,not_required,not_applicable,not_applicable,<5 years,false,0.3.0,0,0,0,not_applicable,not_applicable,proposed
map_060bf0b76c2b0e2b,icare_0173,energy_security,vulnerability,10001,Access,10008,Electricity interruption,eligible,complete,low,broad,5-10 years,false,0.3.0,10,2,0,proposed_evidence,pending,proposed
map_96f8397df02cba91,icare_0173,energy_security,exposure,,,,,not_eligible,not_required,not_applicable,not_applicable,5-10 years,false,0.3.0,0,0,0,not_applicable,not_applicable,proposed
map_41b7763b5e0d8c66,icare_0176,energy_security,vulnerability,10001,Access,10017,Resilient cities,eligible,complete,low,broad,<5 years,false,0.3.0,10,2,0,proposed_evidence,pending,proposed
map_18e826f75c84aa7b,icare_0176,energy_security,exposure,,,,,not_eligible,not_required,not_applicable,not_applicable,<5 years,false,0.3.0,0,0,0,not_applicable,not_applicable,proposed
map_25a701c7783c047d,icare_0178,energy_security,vulnerability,,,,,not_eligible,not_required,not_applicable,not_applicable,<5 years,false,0.3.0,0,0,0,not_applicable,not_applicable,proposed
map_60e1f66a869dde98,icare_0178,energy_security,exposure,10001,Access,10018,Population density,eligible,complete,medium,moderate,<5 years,false,0.3.0,10,1,0,proposed_evidence,pending,proposed
map_7091111ff3df9166,icare_0180,energy_security,vulnerability,10001,Access,10009,Residential electrical consumption,eligible,complete,low,moderate,<5 years,false,0.3.0,10,1,0,proposed_evidence,pending,proposed
map_7091111ff3df9166,icare_0180,energy_security,vulnerability,10001,Access,10010,Electrical energy intensity,eligible,complete,low,moderate,<5 years,false,0.3.0,10,1,0,proposed_evidence,pending,proposed
map_d8b325d7248d9f5a,icare_0180,energy_security,exposure,,,,,not_eligible,not_required,not_applicable,not_applicable,<5 years,false,0.3.0,0,0,0,not_applicable,not_applicable,proposed
map_4e118ec81593f637,icare_0181,energy_security,vulnerability,,,,,not_eligible,not_required,not_applicable,not_applicable,5-10 years,false,0.3.0,0,0,0,not_applicable,not_applicable,proposed
map_a49092911bd94d5f,icare_0181,energy_security,exposure,10001,Access,10018,Population density,eligible,complete,medium,moderate,5-10 years,true,0.3.0,10,2,0,proposed_evidence,pending,proposed
map_a1cb120093437db3,icare_0182,energy_security,vulnerability,10001,Access,10009,Residential electrical consumption,eligible,complete,medium,moderate,5-10 years,false,0.3.0,10,1,0,proposed_evidence,pending,proposed
map_a1cb120093437db3,icare_0182,energy_security,vulnerability,10001,Access,10010,Electrical energy intensity,eligible,complete,medium,moderate,5-10 years,false,0.3.0,10,1,0,proposed_evidence,pending,proposed
map_12fbb969e5cf88b9,icare_0182,energy_security,exposure,,,,,not_eligible,not_required,not_applicable,not_applicable,5-10 years,false,0.3.0,0,0,0,not_applicable,not_applicable,proposed
map_4f3660f94f21934c,icare_0183,energy_security,vulnerability,10001,Access,10017,Resilient cities,eligible,complete,low,broad,5-10 years,false,0.3.0,10,2,0,proposed_evidence,pending,proposed
map_aac0f860927f4a92,icare_0183,energy_security,exposure,,,,,not_eligible,not_required,not_applicable,not_applicable,5-10 years,false,0.3.0,0,0,0,not_applicable,not_applicable,proposed
map_f9772174d98e288b,icare_0184,energy_security,vulnerability,10001,Access,10008,Electricity interruption,eligible,complete,low,broad,5-10 years,false,0.3.0,10,2,0,proposed_evidence,pending,proposed
map_9f2c35e8cf34fd8f,icare_0184,energy_security,exposure,,,,,not_eligible,not_required,not_applicable,not_applicable,5-10 years,false,0.3.0,0,0,0,not_applicable,not_applicable,proposed
map_353e711555773d57,icare_0185,energy_security,vulnerability,,,,,not_eligible,not_required,not_applicable,not_applicable,5-10 years,false,0.3.0,0,0,0,not_applicable,not_applicable,proposed
map_fad4db8493cba024,icare_0185,energy_security,exposure,,,,,not_eligible,not_required,not_applicable,not_applicable,5-10 years,false,0.3.0,0,0,0,not_applicable,not_applicable,proposed
map_30dd94a6bc59f40c,icare_0186,energy_security,vulnerability,,,,,not_eligible,not_required,not_applicable,not_applicable,5-10 years,false,0.3.0,0,0,0,not_applicable,not_applicable,proposed
map_06df20528518bdfb,icare_0186,energy_security,exposure,,,,,not_eligible,not_required,not_applicable,not_applicable,5-10 years,false,0.3.0,0,0,0,not_applicable,not_applicable,proposed
map_0180485c96e1c7d3,icare_0188,energy_security,vulnerability,,,,,not_eligible,not_required,not_applicable,not_applicable,5-10 years,false,0.3.0,0,0,0,not_applicable,not_applicable,proposed
map_870330a91bd63184,icare_0188,energy_security,exposure,,,,,not_eligible,not_required,not_applicable,not_applicable,5-10 years,false,0.3.0,0,0,0,not_applicable,not_applicable,proposed
map_d05f4e50ceee7120,ipcc_0078,energy_security,vulnerability,10001,Access,10009,Residential electrical consumption,eligible,complete,medium,broad,5-10 years,false,0.3.0,10,2,0,proposed_evidence,pending,proposed
map_d05f4e50ceee7120,ipcc_0078,energy_security,vulnerability,10001,Access,10010,Electrical energy intensity,eligible,complete,medium,broad,5-10 years,false,0.3.0,10,2,0,proposed_evidence,pending,proposed
map_0c2872ac50742ff6,ipcc_0078,energy_security,exposure,,,,,not_eligible,not_required,not_applicable,not_applicable,5-10 years,false,0.3.0,0,0,0,not_applicable,not_applicable,proposed
map_d1772868f95eb47e,ipcc_0083,energy_security,vulnerability,,,,,not_eligible,not_required,not_applicable,not_applicable,>10 years,false,0.3.0,0,0,0,not_applicable,not_applicable,proposed
map_e372a5a342c7b2ba,ipcc_0083,energy_security,exposure,10001,Access,10018,Population density,eligible,complete,medium,moderate,>10 years,true,0.3.0,10,2,0,proposed_evidence,pending,proposed
map_a8f239e7e1f78fcc,ipcc_0084,energy_security,vulnerability,,,,,not_eligible,not_required,not_applicable,not_applicable,5-10 years,false,0.3.0,0,0,0,not_applicable,not_applicable,proposed
map_ba8520466e92f313,ipcc_0084,energy_security,exposure,,,,,not_eligible,not_required,not_applicable,not_applicable,5-10 years,false,0.3.0,0,0,0,not_applicable,not_applicable,proposed
map_d8b474a20db789a9,ipcc_0085,energy_security,vulnerability,,,,,not_eligible,not_required,not_applicable,not_applicable,5-10 years,false,0.3.0,0,0,0,not_applicable,not_applicable,proposed
map_21c7909835ec3c74,ipcc_0085,energy_security,exposure,,,,,not_eligible,not_required,not_applicable,not_applicable,5-10 years,false,0.3.0,0,0,0,not_applicable,not_applicable,proposed
map_7acb83ddc4479add,ipcc_0086,energy_security,vulnerability,10001,Access,10009,Residential electrical consumption,eligible,complete,low,moderate,5-10 years,false,0.3.0,10,1,0,proposed_evidence,pending,proposed
map_7acb83ddc4479add,ipcc_0086,energy_security,vulnerability,10001,Access,10010,Electrical energy intensity,eligible,complete,low,moderate,5-10 years,false,0.3.0,10,1,0,proposed_evidence,pending,proposed
map_73b81e0d0c0725df,ipcc_0086,energy_security,exposure,,,,,not_eligible,not_required,not_applicable,not_applicable,5-10 years,false,0.3.0,0,0,0,not_applicable,not_applicable,proposed
map_b2536a3e01fa9b34,ipcc_0087,energy_security,vulnerability,10001,Access,10008,Electricity interruption,eligible,complete,medium,broad,5-10 years,false,0.3.0,10,2,0,proposed_evidence,pending,proposed
map_87f2b7c024c763a4,ipcc_0087,energy_security,exposure,,,,,not_eligible,not_required,not_applicable,not_applicable,5-10 years,false,0.3.0,0,0,0,not_applicable,not_applicable,proposed
map_354d583beb54c0c7,ipcc_0088,energy_security,vulnerability,10001,Access,10017,Resilient cities,eligible,complete,medium,broad,5-10 years,false,0.3.0,10,2,0,proposed_evidence,pending,proposed
map_53e0364cd9aaee6a,ipcc_0088,energy_security,exposure,,,,,not_eligible,not_required,not_applicable,not_applicable,5-10 years,false,0.3.0,0,0,0,not_applicable,not_applicable,proposed
map_8c3d2e65aa56ecbe,ipcc_0089,energy_security,vulnerability,10001,Access,10017,Resilient cities,eligible,complete,none_demonstrated,none,5-10 years,false,0.3.0,10,0,0,proposed_evidence,pending,proposed
map_dacb5a62316263f2,ipcc_0089,energy_security,exposure,10001,Access,10018,Population density,eligible,complete,medium,moderate,5-10 years,false,0.3.0,10,1,0,proposed_evidence,pending,proposed
map_f543fb06b56954ea,ipcc_0090,energy_security,vulnerability,10001,Access,10007,Energy poverty,eligible,complete,low,moderate,<5 years,true,0.3.0,10,2,0,proposed_evidence,pending,needs_review
map_f543fb06b56954ea,ipcc_0090,energy_security,vulnerability,10001,Access,10015,Municipal GDP per capita,eligible,complete,low,moderate,<5 years,true,0.3.0,10,2,0,proposed_evidence,pending,needs_review
map_f543fb06b56954ea,ipcc_0090,energy_security,vulnerability,10001,Access,10016,Income greater than two minimum wages,eligible,complete,low,moderate,<5 years,true,0.3.0,10,2,0,proposed_evidence,pending,needs_review
map_5250a15103c11c2b,ipcc_0090,energy_security,exposure,,,,,not_eligible,not_required,not_applicable,not_applicable,<5 years,false,0.3.0,0,0,0,not_applicable,not_applicable,proposed
map_b5412f0679e1253b,ipcc_0091,energy_security,vulnerability,10001,Access,10015,Municipal GDP per capita,eligible,complete,low,moderate,<5 years,false,0.3.0,10,1,0,proposed_evidence,pending,proposed
map_b5412f0679e1253b,ipcc_0091,energy_security,vulnerability,10001,Access,10016,Income greater than two minimum wages,eligible,complete,low,moderate,<5 years,false,0.3.0,10,1,0,proposed_evidence,pending,proposed
map_61448a53534db675,ipcc_0091,energy_security,exposure,,,,,not_eligible,not_required,not_applicable,not_applicable,<5 years,false,0.3.0,0,0,0,not_applicable,not_applicable,proposed
map_17107ab43bc3b39f,ipcc_0092,energy_security,vulnerability,10001,Access,10007,Energy poverty,eligible,complete,low,moderate,5-10 years,false,0.3.0,10,1,0,proposed_evidence,pending,proposed
map_17107ab43bc3b39f,ipcc_0092,energy_security,vulnerability,10001,Access,10016,Income greater than two minimum wages,eligible,complete,low,moderate,5-10 years,false,0.3.0,10,1,0,proposed_evidence,pending,proposed
map_37543ebe0ac1908f,ipcc_0092,energy_security,exposure,,,,,not_eligible,not_required,not_applicable,not_applicable,5-10 years,false,0.3.0,0,0,0,not_applicable,not_applicable,proposed
map_ada2451703c87dac,ipcc_0094,energy_security,vulnerability,,,,,not_eligible,not_required,not_applicable,not_applicable,5-10 years,false,0.3.0,0,0,0,not_applicable,not_applicable,proposed
map_208b91ec4743e221,ipcc_0094,energy_security,exposure,,,,,not_eligible,not_required,not_applicable,not_applicable,5-10 years,false,0.3.0,0,0,0,not_applicable,not_applicable,proposed
map_de7d377d45565ad7,ipcc_0096,energy_security,vulnerability,,,,,not_eligible,not_required,not_applicable,not_applicable,5-10 years,false,0.3.0,0,0,0,not_applicable,not_applicable,proposed
map_5047db3408972553,ipcc_0096,energy_security,exposure,,,,,not_eligible,not_required,not_applicable,not_applicable,5-10 years,false,0.3.0,0,0,0,not_applicable,not_applicable,proposed
map_7b952fed73899935,ipcc_0097,energy_security,vulnerability,,,,,not_eligible,not_required,not_applicable,not_applicable,5-10 years,false,0.3.0,0,0,0,not_applicable,not_applicable,proposed
map_9578bc954ca378eb,ipcc_0097,energy_security,exposure,,,,,not_eligible,not_required,not_applicable,not_applicable,5-10 years,false,0.3.0,0,0,0,not_applicable,not_applicable,proposed
map_e8a046656bffee21,ipcc_0098,energy_security,vulnerability,,,,,not_eligible,not_required,not_applicable,not_applicable,5-10 years,false,0.3.0,0,0,0,not_applicable,not_applicable,proposed
map_2c174adbb3c6ce33,ipcc_0098,energy_security,exposure,,,,,not_eligible,not_required,not_applicable,not_applicable,5-10 years,false,0.3.0,0,0,0,not_applicable,not_applicable,proposed
map_264a5b0fe3643b0e,ipcc_0099,energy_security,vulnerability,10001,Access,10013,Energy stored in hydroelectric reservoirs,eligible,complete,medium,limited,5-10 years,false,0.3.0,10,1,0,proposed_evidence,pending,proposed
map_ae7fd62383ccd6a4,ipcc_0099,energy_security,exposure,,,,,not_eligible,not_required,not_applicable,not_applicable,5-10 years,false,0.3.0,0,0,0,not_applicable,not_applicable,proposed
map_fdf83d71ce39dfb7,ipcc_0100,energy_security,vulnerability,10001,Access,10013,Energy stored in hydroelectric reservoirs,eligible,complete,medium,moderate,5-10 years,false,0.3.0,10,1,0,proposed_evidence,pending,proposed
map_8687d5296e89616f,ipcc_0100,energy_security,exposure,,,,,not_eligible,not_required,not_applicable,not_applicable,5-10 years,false,0.3.0,0,0,0,not_applicable,not_applicable,proposed
map_3f47cac2ec2fe8dd,ipcc_0101,energy_security,vulnerability,10001,Access,10010,Electrical energy intensity,eligible,complete,none_demonstrated,none,5-10 years,false,0.3.0,10,0,0,proposed_evidence,pending,proposed
map_37db796d6a255e12,ipcc_0101,energy_security,exposure,,,,,not_eligible,not_required,not_applicable,not_applicable,5-10 years,false,0.3.0,0,0,0,not_applicable,not_applicable,proposed
map_91c0621fff587e3e,ipcc_0102,energy_security,vulnerability,,,,,not_eligible,not_required,not_applicable,not_applicable,5-10 years,false,0.3.0,0,0,0,not_applicable,not_applicable,proposed
map_ef59d2f3b5538813,ipcc_0102,energy_security,exposure,10001,Access,10018,Population density,eligible,complete,low,moderate,5-10 years,true,0.3.0,10,1,0,proposed_evidence,pending,proposed
map_62c9f67283b022d5,ipcc_0103,energy_security,vulnerability,10001,Access,10017,Resilient cities,eligible,complete,high,broad,5-10 years,false,0.3.0,10,2,0,proposed_evidence,pending,proposed
map_3d274c8e998dd760,ipcc_0103,energy_security,exposure,,,,,not_eligible,not_required,not_applicable,not_applicable,5-10 years,false,0.3.0,0,0,0,not_applicable,not_applicable,proposed
map_281dbed7dfe9c838,ipcc_0104,energy_security,vulnerability,,,,,not_eligible,not_required,not_applicable,not_applicable,5-10 years,false,0.3.0,0,0,0,not_applicable,not_applicable,proposed
map_2cb8c0c30e1d7264,ipcc_0104,energy_security,exposure,10001,Access,10018,Population density,eligible,complete,medium,moderate,5-10 years,true,0.3.0,10,2,0,proposed_evidence,pending,proposed
map_4f41e8d7901be71a,c40_0046,food_security,vulnerability,,,,,not_eligible,not_required,not_applicable,not_applicable,5-10 years,false,0.3.0,0,0,0,not_applicable,not_applicable,proposed
map_68a26d8ba191144e,c40_0046,food_security,exposure,,,,,not_eligible,not_required,not_applicable,not_applicable,5-10 years,false,0.3.0,0,0,0,not_applicable,not_applicable,proposed
map_c32361c8a83169fe,c40_0048,food_security,vulnerability,,,,,not_eligible,not_required,not_applicable,not_applicable,5-10 years,false,0.3.0,0,0,0,not_applicable,not_applicable,proposed
map_ba889ddd80cad545,c40_0048,food_security,exposure,,,,,not_eligible,not_required,not_applicable,not_applicable,5-10 years,false,0.3.0,0,0,0,not_applicable,not_applicable,proposed
map_cdc1846e08432778,c40_0049,food_security,vulnerability,,,,,not_eligible,not_required,not_applicable,not_applicable,<5 years,false,0.3.0,0,0,0,not_applicable,not_applicable,proposed
map_9c1492ceceec870d,c40_0049,food_security,exposure,,,,,not_eligible,not_required,not_applicable,not_applicable,<5 years,false,0.3.0,0,0,0,not_applicable,not_applicable,proposed
map_8ea8da1685e2ffe4,c40_0051,food_security,vulnerability,,,,,not_eligible,not_required,not_applicable,not_applicable,<5 years,false,0.3.0,0,0,0,not_applicable,not_applicable,proposed
map_bca367d745c74b4e,c40_0051,food_security,exposure,,,,,not_eligible,not_required,not_applicable,not_applicable,<5 years,false,0.3.0,0,0,0,not_applicable,not_applicable,proposed
map_2432753afd6aa419,c40_0052,food_security,vulnerability,,,,,not_eligible,not_required,not_applicable,not_applicable,5-10 years,false,0.3.0,0,0,0,not_applicable,not_applicable,proposed
map_9651a728bb24a024,c40_0052,food_security,exposure,,,,,not_eligible,not_required,not_applicable,not_applicable,5-10 years,false,0.3.0,0,0,0,not_applicable,not_applicable,proposed
map_d9bcab79b0166715,c40_0053,food_security,vulnerability,5001,Food availability,5019,Irrigation susceptibility,eligible,complete,medium,moderate,5-10 years,false,0.3.0,11,1,0,proposed_evidence,pending,proposed
map_d9bcab79b0166715,c40_0053,food_security,vulnerability,5001,Food availability,5021,Agriculture and water availability,eligible,complete,medium,moderate,5-10 years,false,0.3.0,11,1,0,proposed_evidence,pending,proposed
map_d9bcab79b0166715,c40_0053,food_security,vulnerability,5001,Food availability,5024,Water deficit,eligible,complete,medium,moderate,5-10 years,false,0.3.0,11,1,0,proposed_evidence,pending,proposed
map_d9bcab79b0166715,c40_0053,food_security,vulnerability,5048,Access and consumption of food,5063,Direct source water shortage,eligible,complete,medium,moderate,5-10 years,false,0.3.0,11,1,0,proposed_evidence,pending,proposed
map_26f107b53a6ddd1e,c40_0053,food_security,exposure,,,,,not_eligible,not_required,not_applicable,not_applicable,5-10 years,false,0.3.0,0,0,0,not_applicable,not_applicable,proposed
map_acd190f9363b01c7,c40_0056,food_security,vulnerability,5001,Food availability,5021,Agriculture and water availability,eligible,complete,low,moderate,<5 years,false,0.3.0,11,1,0,proposed_evidence,pending,proposed
map_acd190f9363b01c7,c40_0056,food_security,vulnerability,5001,Food availability,5023,Agricultural areas with soil susceptible to erosion,eligible,complete,low,moderate,<5 years,false,0.3.0,11,1,0,proposed_evidence,pending,proposed
map_acd190f9363b01c7,c40_0056,food_security,vulnerability,5001,Food availability,5024,Water deficit,eligible,complete,low,moderate,<5 years,false,0.3.0,11,1,0,proposed_evidence,pending,proposed
map_acd190f9363b01c7,c40_0056,food_security,vulnerability,5001,Food availability,5025,Vegetation cover losses,eligible,complete,low,moderate,<5 years,false,0.3.0,11,1,0,proposed_evidence,pending,proposed
map_acd190f9363b01c7,c40_0056,food_security,vulnerability,5048,Access and consumption of food,5064,Compromised water quality,eligible,complete,low,moderate,<5 years,false,0.3.0,11,1,0,proposed_evidence,pending,proposed
map_ae70768c5888553d,c40_0056,food_security,exposure,,,,,not_eligible,not_required,not_applicable,not_applicable,<5 years,false,0.3.0,0,0,0,not_applicable,not_applicable,proposed
map_0579814373a4f8b1,c40_0062,food_security,vulnerability,,,,,not_eligible,not_required,not_applicable,not_applicable,5-10 years,false,0.3.0,0,0,0,not_applicable,not_applicable,proposed
map_052edc1013d6f213,c40_0062,food_security,exposure,,,,,not_eligible,not_required,not_applicable,not_applicable,5-10 years,false,0.3.0,0,0,0,not_applicable,not_applicable,proposed
map_b1d280d50c8cb13a,icare_0144,food_security,vulnerability,5001,Food availability,5026,Investment in agrarian and environmental management policies,eligible,complete,medium,broad,<5 years,false,0.3.0,11,2,0,proposed_evidence,pending,proposed
map_b1d280d50c8cb13a,icare_0144,food_security,vulnerability,5001,Food availability,5027,Harvest guarantee program,eligible,complete,medium,broad,<5 years,false,0.3.0,11,2,0,proposed_evidence,pending,proposed
map_b1d280d50c8cb13a,icare_0144,food_security,vulnerability,5001,Food availability,5028,PRONAF coverage,eligible,complete,medium,broad,<5 years,false,0.3.0,11,2,0,proposed_evidence,pending,proposed
map_b1d280d50c8cb13a,icare_0144,food_security,vulnerability,5001,Food availability,5030,Proagro coverage plus,eligible,complete,medium,broad,<5 years,false,0.3.0,11,2,0,proposed_evidence,pending,proposed
map_b1d280d50c8cb13a,icare_0144,food_security,vulnerability,5001,Food availability,5031,PSR coverage,eligible,complete,medium,broad,<5 years,false,0.3.0,11,2,0,proposed_evidence,pending,proposed
map_b1d280d50c8cb13a,icare_0144,food_security,vulnerability,5048,Access and consumption of food,5071,Federal investment per capita,eligible,complete,medium,broad,<5 years,false,0.3.0,11,2,0,proposed_evidence,pending,proposed
map_b1d280d50c8cb13a,icare_0144,food_security,vulnerability,5048,Access and consumption of food,5077,Scope of the family allowance program,eligible,complete,medium,broad,<5 years,false,0.3.0,11,2,0,proposed_evidence,pending,proposed
map_b1d280d50c8cb13a,icare_0144,food_security,vulnerability,5048,Access and consumption of food,5079,Households with high per capita income,eligible,complete,medium,broad,<5 years,false,0.3.0,11,2,0,proposed_evidence,pending,proposed
map_4b5512be89c32a00,icare_0144,food_security,exposure,,,,,not_eligible,not_required,not_applicable,not_applicable,<5 years,false,0.3.0,0,0,0,not_applicable,not_applicable,proposed
map_9ebee4cce4574144,icare_0145,food_security,vulnerability,,,,,not_eligible,not_required,not_applicable,not_applicable,>10 years,false,0.3.0,0,0,0,not_applicable,not_applicable,proposed
map_237f4c4193399107,icare_0145,food_security,exposure,,,,,not_eligible,not_required,not_applicable,not_applicable,>10 years,false,0.3.0,0,0,0,not_applicable,not_applicable,proposed
map_41c66ddca7d3cb64,icare_0154,food_security,vulnerability,,,,,not_eligible,not_required,not_applicable,not_applicable,<5 years,false,0.3.0,0,0,0,not_applicable,not_applicable,proposed
map_d70e9d601d78eb5a,icare_0154,food_security,exposure,,,,,not_eligible,not_required,not_applicable,not_applicable,<5 years,false,0.3.0,0,0,0,not_applicable,not_applicable,proposed
map_ad75e339bb913cd1,icare_0156,food_security,vulnerability,5001,Food availability,5016,Susceptibility of agricultural productivity,eligible,complete,low,moderate,<5 years,false,0.3.0,11,1,0,proposed_evidence,pending,proposed
map_ad75e339bb913cd1,icare_0156,food_security,vulnerability,5001,Food availability,5018,Homogeneity of agricultural production,eligible,complete,low,moderate,<5 years,false,0.3.0,11,1,0,proposed_evidence,pending,proposed
map_ad75e339bb913cd1,icare_0156,food_security,vulnerability,5001,Food availability,5022,Agricultural areas with low agricultural potential,eligible,complete,low,moderate,<5 years,false,0.3.0,11,1,0,proposed_evidence,pending,proposed
map_ad75e339bb913cd1,icare_0156,food_security,vulnerability,5001,Food availability,5032,Technical guidance,eligible,complete,low,moderate,<5 years,false,0.3.0,11,1,0,proposed_evidence,pending,proposed
map_ad75e339bb913cd1,icare_0156,food_security,vulnerability,5048,Access and consumption of food,5066,Municipalities without a basic food supply network,eligible,complete,low,moderate,<5 years,false,0.3.0,11,1,0,proposed_evidence,pending,proposed
map_ad75e339bb913cd1,icare_0156,food_security,vulnerability,5048,Access and consumption of food,5067,Food and nutritional insecurity,eligible,complete,low,moderate,<5 years,false,0.3.0,11,1,0,proposed_evidence,pending,proposed
map_723db6743fbdfc70,icare_0156,food_security,exposure,5001,Food availability,5042,Area planted with agricultural crops,eligible,complete,none_demonstrated,none,<5 years,false,0.3.0,11,0,0,proposed_evidence,pending,proposed
map_723db6743fbdfc70,icare_0156,food_security,exposure,5001,Food availability,5045,Density of agricultural establishments,eligible,complete,none_demonstrated,none,<5 years,false,0.3.0,11,0,0,proposed_evidence,pending,proposed
map_97e994478d3afd88,icare_0160,food_security,vulnerability,5001,Food availability,5026,Investment in agrarian and environmental management policies,eligible,complete,low,moderate,<5 years,false,0.3.0,11,1,0,proposed_evidence,pending,proposed
map_97e994478d3afd88,icare_0160,food_security,vulnerability,5001,Food availability,5033,Associativism,eligible,complete,low,moderate,<5 years,false,0.3.0,11,1,0,proposed_evidence,pending,proposed
map_97e994478d3afd88,icare_0160,food_security,vulnerability,5048,Access and consumption of food,5071,Federal investment per capita,eligible,complete,low,moderate,<5 years,false,0.3.0,11,1,0,proposed_evidence,pending,proposed
map_97e994478d3afd88,icare_0160,food_security,vulnerability,5048,Access and consumption of food,5072,Food safety instruments,eligible,complete,low,moderate,<5 years,false,0.3.0,11,1,0,proposed_evidence,pending,proposed
map_a5fef5c57ccd8b24,icare_0160,food_security,exposure,,,,,not_eligible,not_required,not_applicable,not_applicable,<5 years,false,0.3.0,0,0,0,not_applicable,not_applicable,proposed
map_282cc08099963177,icare_0162,food_security,vulnerability,,,,,not_eligible,not_required,not_applicable,not_applicable,5-10 years,false,0.3.0,0,0,0,not_applicable,not_applicable,proposed
map_09e32fb79584f7a3,icare_0162,food_security,exposure,,,,,not_eligible,not_required,not_applicable,not_applicable,5-10 years,false,0.3.0,0,0,0,not_applicable,not_applicable,proposed
map_84fdc9a18838d699,icare_0163,food_security,vulnerability,5001,Food availability,5020,Fire hotspots,eligible,complete,none_demonstrated,none,<5 years,false,0.3.0,11,0,0,proposed_evidence,pending,proposed
map_84fdc9a18838d699,icare_0163,food_security,vulnerability,5001,Food availability,5025,Vegetation cover losses,eligible,complete,none_demonstrated,none,<5 years,false,0.3.0,11,0,0,proposed_evidence,pending,proposed
map_51cf56aae28c2c85,icare_0163,food_security,exposure,,,,,not_eligible,not_required,not_applicable,not_applicable,<5 years,false,0.3.0,0,0,0,not_applicable,not_applicable,proposed
map_b9602fdfdc0aee78,icare_0164,food_security,vulnerability,5001,Food availability,5019,Irrigation susceptibility,eligible,complete,medium,moderate,<5 years,false,0.3.0,11,1,0,proposed_evidence,pending,proposed
map_b9602fdfdc0aee78,icare_0164,food_security,vulnerability,5001,Food availability,5021,Agriculture and water availability,eligible,complete,medium,moderate,<5 years,false,0.3.0,11,1,0,proposed_evidence,pending,proposed
map_b9602fdfdc0aee78,icare_0164,food_security,vulnerability,5001,Food availability,5024,Water deficit,eligible,complete,medium,moderate,<5 years,false,0.3.0,11,1,0,proposed_evidence,pending,proposed
map_b9602fdfdc0aee78,icare_0164,food_security,vulnerability,5048,Access and consumption of food,5063,Direct source water shortage,eligible,complete,medium,moderate,<5 years,false,0.3.0,11,1,0,proposed_evidence,pending,proposed
map_28bc9cfe8f891758,icare_0164,food_security,exposure,,,,,not_eligible,not_required,not_applicable,not_applicable,<5 years,false,0.3.0,0,0,0,not_applicable,not_applicable,proposed
map_671c4e821d8bde69,icare_0165,food_security,vulnerability,,,,,not_eligible,not_required,not_applicable,not_applicable,<5 years,false,0.3.0,0,0,0,not_applicable,not_applicable,proposed
map_52d3e3bee8c384f7,icare_0165,food_security,exposure,,,,,not_eligible,not_required,not_applicable,not_applicable,<5 years,false,0.3.0,0,0,0,not_applicable,not_applicable,proposed
map_08bd07dc5f85ee12,icare_0169,food_security,vulnerability,,,,,not_eligible,not_required,not_applicable,not_applicable,5-10 years,false,0.3.0,0,0,0,not_applicable,not_applicable,proposed
map_04458ce2053d3b7e,icare_0169,food_security,exposure,,,,,not_eligible,not_required,not_applicable,not_applicable,5-10 years,false,0.3.0,0,0,0,not_applicable,not_applicable,proposed
map_829f3c4f794e02cc,icare_0170,food_security,vulnerability,,,,,not_eligible,not_required,not_applicable,not_applicable,>10 years,false,0.3.0,0,0,0,not_applicable,not_applicable,proposed
map_05c7b8d72e224ccd,icare_0170,food_security,exposure,5048,Access and consumption of food,5080,Population density,eligible,complete,none_demonstrated,none,>10 years,false,0.3.0,11,0,0,proposed_evidence,pending,proposed
map_05c7b8d72e224ccd,icare_0170,food_security,exposure,5048,Access and consumption of food,5081,Total population,eligible,complete,none_demonstrated,none,>10 years,false,0.3.0,11,0,0,proposed_evidence,pending,proposed
map_7244372fe9ff2f40,icare_0171,food_security,vulnerability,5001,Food availability,5016,Susceptibility of agricultural productivity,eligible,complete,medium,moderate,5-10 years,false,0.3.0,11,1,0,proposed_evidence,pending,proposed
map_7244372fe9ff2f40,icare_0171,food_security,vulnerability,5001,Food availability,5017,Susceptibility of livestock productivity,eligible,complete,medium,moderate,5-10 years,false,0.3.0,11,1,0,proposed_evidence,pending,proposed
map_7244372fe9ff2f40,icare_0171,food_security,vulnerability,5001,Food availability,5019,Irrigation susceptibility,eligible,complete,medium,moderate,5-10 years,false,0.3.0,11,1,0,proposed_evidence,pending,proposed
map_7244372fe9ff2f40,icare_0171,food_security,vulnerability,5001,Food availability,5020,Fire hotspots,eligible,complete,medium,moderate,5-10 years,false,0.3.0,11,1,0,proposed_evidence,pending,proposed
map_7244372fe9ff2f40,icare_0171,food_security,vulnerability,5001,Food availability,5021,Agriculture and water availability,eligible,complete,medium,moderate,5-10 years,false,0.3.0,11,1,0,proposed_evidence,pending,proposed
map_7244372fe9ff2f40,icare_0171,food_security,vulnerability,5001,Food availability,5024,Water deficit,eligible,complete,medium,moderate,5-10 years,false,0.3.0,11,1,0,proposed_evidence,pending,proposed
map_880b5e5f4720bca7,icare_0171,food_security,exposure,,,,,not_eligible,not_required,not_applicable,not_applicable,5-10 years,false,0.3.0,0,0,0,not_applicable,not_applicable,proposed
map_b6a9d31ea8981db5,icare_0172,food_security,vulnerability,,,,,not_eligible,not_required,not_applicable,not_applicable,<5 years,false,0.3.0,0,0,0,not_applicable,not_applicable,proposed
map_c6fe09846ba1d16f,icare_0172,food_security,exposure,,,,,not_eligible,not_required,not_applicable,not_applicable,<5 years,false,0.3.0,0,0,0,not_applicable,not_applicable,proposed
map_1687c0f4da794d74,icare_0173,food_security,vulnerability,,,,,not_eligible,not_required,not_applicable,not_applicable,5-10 years,false,0.3.0,0,0,0,not_applicable,not_applicable,proposed
map_1d03bd1525a6a897,icare_0173,food_security,exposure,,,,,not_eligible,not_required,not_applicable,not_applicable,5-10 years,false,0.3.0,0,0,0,not_applicable,not_applicable,proposed
map_16aea93e79f55730,icare_0176,food_security,vulnerability,5001,Food availability,5026,Investment in agrarian and environmental management policies,eligible,complete,low,moderate,<5 years,false,0.3.0,11,1,0,proposed_evidence,pending,proposed
map_16aea93e79f55730,icare_0176,food_security,vulnerability,5048,Access and consumption of food,5071,Federal investment per capita,eligible,complete,low,moderate,<5 years,false,0.3.0,11,1,0,proposed_evidence,pending,proposed
map_16aea93e79f55730,icare_0176,food_security,vulnerability,5048,Access and consumption of food,5072,Food safety instruments,eligible,complete,low,moderate,<5 years,false,0.3.0,11,1,0,proposed_evidence,pending,proposed
map_fbe3caf556982696,icare_0176,food_security,exposure,,,,,not_eligible,not_required,not_applicable,not_applicable,<5 years,false,0.3.0,0,0,0,not_applicable,not_applicable,proposed
map_413de96142871a07,icare_0178,food_security,vulnerability,,,,,not_eligible,not_required,not_applicable,not_applicable,<5 years,false,0.3.0,0,0,0,not_applicable,not_applicable,proposed
map_2e03b79370a0eee0,icare_0178,food_security,exposure,5048,Access and consumption of food,5080,Population density,eligible,complete,none_demonstrated,none,<5 years,false,0.3.0,11,0,0,proposed_evidence,pending,proposed
map_2e03b79370a0eee0,icare_0178,food_security,exposure,5048,Access and consumption of food,5081,Total population,eligible,complete,none_demonstrated,none,<5 years,false,0.3.0,11,0,0,proposed_evidence,pending,proposed
map_eac6ff9eb653f5d1,icare_0180,food_security,vulnerability,,,,,not_eligible,not_required,not_applicable,not_applicable,<5 years,false,0.3.0,0,0,0,not_applicable,not_applicable,proposed
map_2a0d06b72d7c8913,icare_0180,food_security,exposure,,,,,not_eligible,not_required,not_applicable,not_applicable,<5 years,false,0.3.0,0,0,0,not_applicable,not_applicable,proposed
map_835bda2771a4431d,icare_0181,food_security,vulnerability,,,,,not_eligible,not_required,not_applicable,not_applicable,5-10 years,false,0.3.0,0,0,0,not_applicable,not_applicable,proposed
map_2a8400f8a95991f5,icare_0181,food_security,exposure,5048,Access and consumption of food,5080,Population density,eligible,complete,none_demonstrated,none,5-10 years,false,0.3.0,11,0,0,proposed_evidence,pending,proposed
map_2a8400f8a95991f5,icare_0181,food_security,exposure,5048,Access and consumption of food,5081,Total population,eligible,complete,none_demonstrated,none,5-10 years,false,0.3.0,11,0,0,proposed_evidence,pending,proposed
map_00381158405ddcd7,icare_0182,food_security,vulnerability,5001,Food availability,5023,Agricultural areas with soil susceptible to erosion,eligible,complete,low,moderate,5-10 years,false,0.3.0,11,1,0,proposed_evidence,pending,proposed
map_00381158405ddcd7,icare_0182,food_security,vulnerability,5001,Food availability,5025,Vegetation cover losses,eligible,complete,low,moderate,5-10 years,false,0.3.0,11,1,0,proposed_evidence,pending,proposed
map_6420a80ca41f0c10,icare_0182,food_security,exposure,,,,,not_eligible,not_required,not_applicable,not_applicable,5-10 years,false,0.3.0,0,0,0,not_applicable,not_applicable,proposed
map_e5ce5ccceac66b4c,icare_0183,food_security,vulnerability,5001,Food availability,5016,Susceptibility of agricultural productivity,eligible,complete,medium,moderate,5-10 years,false,0.3.0,11,1,0,proposed_evidence,pending,proposed
map_e5ce5ccceac66b4c,icare_0183,food_security,vulnerability,5001,Food availability,5017,Susceptibility of livestock productivity,eligible,complete,medium,moderate,5-10 years,false,0.3.0,11,1,0,proposed_evidence,pending,proposed
map_e5ce5ccceac66b4c,icare_0183,food_security,vulnerability,5001,Food availability,5019,Irrigation susceptibility,eligible,complete,medium,moderate,5-10 years,false,0.3.0,11,1,0,proposed_evidence,pending,proposed
map_e5ce5ccceac66b4c,icare_0183,food_security,vulnerability,5001,Food availability,5020,Fire hotspots,eligible,complete,medium,moderate,5-10 years,false,0.3.0,11,1,0,proposed_evidence,pending,proposed
map_e5ce5ccceac66b4c,icare_0183,food_security,vulnerability,5001,Food availability,5021,Agriculture and water availability,eligible,complete,medium,moderate,5-10 years,false,0.3.0,11,1,0,proposed_evidence,pending,proposed
map_e5ce5ccceac66b4c,icare_0183,food_security,vulnerability,5001,Food availability,5024,Water deficit,eligible,complete,medium,moderate,5-10 years,false,0.3.0,11,1,0,proposed_evidence,pending,proposed
map_2cc91202b971cfc4,icare_0183,food_security,exposure,,,,,not_eligible,not_required,not_applicable,not_applicable,5-10 years,false,0.3.0,0,0,0,not_applicable,not_applicable,proposed
map_b27bac017c86a676,icare_0184,food_security,vulnerability,5001,Food availability,5023,Agricultural areas with soil susceptible to erosion,eligible,complete,low,moderate,5-10 years,false,0.3.0,11,1,0,proposed_evidence,pending,proposed
map_8d2c2a75bf3268ab,icare_0184,food_security,exposure,,,,,not_eligible,not_required,not_applicable,not_applicable,5-10 years,false,0.3.0,0,0,0,not_applicable,not_applicable,proposed
map_fb74a167f177528e,icare_0185,food_security,vulnerability,,,,,not_eligible,not_required,not_applicable,not_applicable,5-10 years,false,0.3.0,0,0,0,not_applicable,not_applicable,proposed
map_be16bf71d69f14e2,icare_0185,food_security,exposure,,,,,not_eligible,not_required,not_applicable,not_applicable,5-10 years,false,0.3.0,0,0,0,not_applicable,not_applicable,proposed
map_0bf71377b9dc9fd5,icare_0186,food_security,vulnerability,,,,,not_eligible,not_required,not_applicable,not_applicable,5-10 years,false,0.3.0,0,0,0,not_applicable,not_applicable,proposed
map_ffc0d6b8219337ee,icare_0186,food_security,exposure,,,,,not_eligible,not_required,not_applicable,not_applicable,5-10 years,false,0.3.0,0,0,0,not_applicable,not_applicable,proposed
map_e2e0567e68977cf4,icare_0188,food_security,vulnerability,5048,Access and consumption of food,5064,Compromised water quality,eligible,complete,none_demonstrated,none,5-10 years,false,0.3.0,11,0,0,proposed_evidence,pending,proposed
map_e2e0567e68977cf4,icare_0188,food_security,vulnerability,5048,Access and consumption of food,5069,Occurrence of diseases related to inadequate environmental sanitation,eligible,complete,none_demonstrated,none,5-10 years,false,0.3.0,11,0,0,proposed_evidence,pending,proposed
map_0280934838ef7888,icare_0188,food_security,exposure,,,,,not_eligible,not_required,not_applicable,not_applicable,5-10 years,false,0.3.0,0,0,0,not_applicable,not_applicable,proposed
map_16de7eb230eafd05,ipcc_0078,food_security,vulnerability,,,,,not_eligible,not_required,not_applicable,not_applicable,5-10 years,false,0.3.0,0,0,0,not_applicable,not_applicable,proposed
map_f4f1038e0741f70c,ipcc_0078,food_security,exposure,,,,,not_eligible,not_required,not_applicable,not_applicable,5-10 years,false,0.3.0,0,0,0,not_applicable,not_applicable,proposed
map_6af08a5635496ae3,ipcc_0083,food_security,vulnerability,,,,,not_eligible,not_required,not_applicable,not_applicable,>10 years,false,0.3.0,0,0,0,not_applicable,not_applicable,proposed
map_5072a63b06a14d54,ipcc_0083,food_security,exposure,5048,Access and consumption of food,5080,Population density,eligible,complete,none_demonstrated,none,>10 years,false,0.3.0,11,0,0,proposed_evidence,pending,proposed
map_5072a63b06a14d54,ipcc_0083,food_security,exposure,5048,Access and consumption of food,5081,Total population,eligible,complete,none_demonstrated,none,>10 years,false,0.3.0,11,0,0,proposed_evidence,pending,proposed
map_24840a9fb1575812,ipcc_0084,food_security,vulnerability,5001,Food availability,5025,Vegetation cover losses,eligible,complete,low,moderate,5-10 years,false,0.3.0,11,1,0,proposed_evidence,pending,proposed
map_7475ab796ff729f3,ipcc_0084,food_security,exposure,,,,,not_eligible,not_required,not_applicable,not_applicable,5-10 years,false,0.3.0,0,0,0,not_applicable,not_applicable,proposed
map_2bec302ce0070189,ipcc_0085,food_security,vulnerability,5001,Food availability,5025,Vegetation cover losses,eligible,complete,low,moderate,5-10 years,false,0.3.0,11,1,0,proposed_evidence,pending,proposed
map_2bec302ce0070189,ipcc_0085,food_security,vulnerability,5048,Access and consumption of food,5064,Compromised water quality,eligible,complete,low,moderate,5-10 years,false,0.3.0,11,1,0,proposed_evidence,pending,proposed
map_b7f7d60bbb4f2363,ipcc_0085,food_security,exposure,,,,,not_eligible,not_required,not_applicable,not_applicable,5-10 years,false,0.3.0,0,0,0,not_applicable,not_applicable,proposed
map_2ce93505ebe37625,ipcc_0086,food_security,vulnerability,5001,Food availability,5016,Susceptibility of agricultural productivity,eligible,complete,low,moderate,5-10 years,false,0.3.0,11,1,0,proposed_evidence,pending,proposed
map_2ce93505ebe37625,ipcc_0086,food_security,vulnerability,5001,Food availability,5017,Susceptibility of livestock productivity,eligible,complete,low,moderate,5-10 years,false,0.3.0,11,1,0,proposed_evidence,pending,proposed
map_2ce93505ebe37625,ipcc_0086,food_security,vulnerability,5001,Food availability,5018,Homogeneity of agricultural production,eligible,complete,low,moderate,5-10 years,false,0.3.0,11,1,0,proposed_evidence,pending,proposed
map_2ce93505ebe37625,ipcc_0086,food_security,vulnerability,5001,Food availability,5019,Irrigation susceptibility,eligible,complete,low,moderate,5-10 years,false,0.3.0,11,1,0,proposed_evidence,pending,proposed
map_2ce93505ebe37625,ipcc_0086,food_security,vulnerability,5001,Food availability,5021,Agriculture and water availability,eligible,complete,low,moderate,5-10 years,false,0.3.0,11,1,0,proposed_evidence,pending,proposed
map_2ce93505ebe37625,ipcc_0086,food_security,vulnerability,5001,Food availability,5022,Agricultural areas with low agricultural potential,eligible,complete,low,moderate,5-10 years,false,0.3.0,11,1,0,proposed_evidence,pending,proposed
map_2ce93505ebe37625,ipcc_0086,food_security,vulnerability,5001,Food availability,5023,Agricultural areas with soil susceptible to erosion,eligible,complete,low,moderate,5-10 years,false,0.3.0,11,1,0,proposed_evidence,pending,proposed
map_2ce93505ebe37625,ipcc_0086,food_security,vulnerability,5001,Food availability,5024,Water deficit,eligible,complete,low,moderate,5-10 years,false,0.3.0,11,1,0,proposed_evidence,pending,proposed
map_2ce93505ebe37625,ipcc_0086,food_security,vulnerability,5001,Food availability,5025,Vegetation cover losses,eligible,complete,low,moderate,5-10 years,false,0.3.0,11,1,0,proposed_evidence,pending,proposed
map_2ce93505ebe37625,ipcc_0086,food_security,vulnerability,5001,Food availability,5032,Technical guidance,eligible,complete,low,moderate,5-10 years,false,0.3.0,11,1,0,proposed_evidence,pending,proposed
map_b64648e93eb287f0,ipcc_0086,food_security,exposure,,,,,not_eligible,not_required,not_applicable,not_applicable,5-10 years,false,0.3.0,0,0,0,not_applicable,not_applicable,proposed
map_594f372f34cb0ff5,ipcc_0087,food_security,vulnerability,,,,,not_eligible,not_required,not_applicable,not_applicable,5-10 years,false,0.3.0,0,0,0,not_applicable,not_applicable,proposed
map_2fea6e84e28fb21e,ipcc_0087,food_security,exposure,,,,,not_eligible,not_required,not_applicable,not_applicable,5-10 years,false,0.3.0,0,0,0,not_applicable,not_applicable,proposed
map_7e67b9f2167854e5,ipcc_0088,food_security,vulnerability,,,,,not_eligible,not_required,not_applicable,not_applicable,5-10 years,false,0.3.0,0,0,0,not_applicable,not_applicable,proposed
map_de297e981bdc20e4,ipcc_0088,food_security,exposure,,,,,not_eligible,not_required,not_applicable,not_applicable,5-10 years,false,0.3.0,0,0,0,not_applicable,not_applicable,proposed
map_28f20a65c9febabd,ipcc_0089,food_security,vulnerability,,,,,not_eligible,not_required,not_applicable,not_applicable,5-10 years,false,0.3.0,0,0,0,not_applicable,not_applicable,proposed
map_b6882a5961a52e6f,ipcc_0089,food_security,exposure,5048,Access and consumption of food,5080,Population density,eligible,complete,none_demonstrated,none,5-10 years,false,0.3.0,11,0,0,proposed_evidence,pending,proposed
map_b6882a5961a52e6f,ipcc_0089,food_security,exposure,5048,Access and consumption of food,5081,Total population,eligible,complete,none_demonstrated,none,5-10 years,false,0.3.0,11,0,0,proposed_evidence,pending,proposed
map_fd73437af3e0f4b7,ipcc_0090,food_security,vulnerability,5001,Food availability,5027,Harvest guarantee program,eligible,complete,medium,broad,<5 years,false,0.3.0,11,2,0,proposed_evidence,pending,proposed
map_fd73437af3e0f4b7,ipcc_0090,food_security,vulnerability,5001,Food availability,5028,PRONAF coverage,eligible,complete,medium,broad,<5 years,false,0.3.0,11,2,0,proposed_evidence,pending,proposed
map_fd73437af3e0f4b7,ipcc_0090,food_security,vulnerability,5001,Food availability,5030,Proagro coverage plus,eligible,complete,medium,broad,<5 years,false,0.3.0,11,2,0,proposed_evidence,pending,proposed
map_fd73437af3e0f4b7,ipcc_0090,food_security,vulnerability,5001,Food availability,5031,PSR coverage,eligible,complete,medium,broad,<5 years,false,0.3.0,11,2,0,proposed_evidence,pending,proposed
map_fd73437af3e0f4b7,ipcc_0090,food_security,vulnerability,5001,Food availability,5038,Diversity of revenues,eligible,complete,medium,broad,<5 years,false,0.3.0,11,2,0,proposed_evidence,pending,proposed
map_fd73437af3e0f4b7,ipcc_0090,food_security,vulnerability,5048,Access and consumption of food,5072,Food safety instruments,eligible,complete,medium,broad,<5 years,false,0.3.0,11,2,0,proposed_evidence,pending,proposed
map_fd73437af3e0f4b7,ipcc_0090,food_security,vulnerability,5048,Access and consumption of food,5077,Scope of the family allowance program,eligible,complete,medium,broad,<5 years,false,0.3.0,11,2,0,proposed_evidence,pending,proposed
map_fd73437af3e0f4b7,ipcc_0090,food_security,vulnerability,5048,Access and consumption of food,5079,Households with high per capita income,eligible,complete,medium,broad,<5 years,false,0.3.0,11,2,0,proposed_evidence,pending,proposed
map_c0e28facdbd712d9,ipcc_0090,food_security,exposure,,,,,not_eligible,not_required,not_applicable,not_applicable,<5 years,false,0.3.0,0,0,0,not_applicable,not_applicable,proposed
map_f25199fe6fc0b028,ipcc_0091,food_security,vulnerability,5001,Food availability,5038,Diversity of revenues,eligible,complete,medium,moderate,<5 years,false,0.3.0,11,1,0,proposed_evidence,pending,proposed
map_f25199fe6fc0b028,ipcc_0091,food_security,vulnerability,5048,Access and consumption of food,5067,Food and nutritional insecurity,eligible,complete,medium,moderate,<5 years,false,0.3.0,11,1,0,proposed_evidence,pending,proposed
map_f25199fe6fc0b028,ipcc_0091,food_security,vulnerability,5048,Access and consumption of food,5079,Households with high per capita income,eligible,complete,medium,moderate,<5 years,false,0.3.0,11,1,0,proposed_evidence,pending,proposed
map_1bd41e61a251977e,ipcc_0091,food_security,exposure,,,,,not_eligible,not_required,not_applicable,not_applicable,<5 years,false,0.3.0,0,0,0,not_applicable,not_applicable,proposed
map_cebc5e1447b89bfa,ipcc_0092,food_security,vulnerability,5048,Access and consumption of food,5067,Food and nutritional insecurity,eligible,complete,high,broad,5-10 years,false,0.3.0,11,3,0,proposed_evidence,pending,proposed
map_cebc5e1447b89bfa,ipcc_0092,food_security,vulnerability,5048,Access and consumption of food,5068,Child malnutrition,eligible,complete,high,broad,5-10 years,false,0.3.0,11,3,0,proposed_evidence,pending,proposed
map_cebc5e1447b89bfa,ipcc_0092,food_security,vulnerability,5048,Access and consumption of food,5071,Federal investment per capita,eligible,complete,high,broad,5-10 years,false,0.3.0,11,3,0,proposed_evidence,pending,proposed
map_cebc5e1447b89bfa,ipcc_0092,food_security,vulnerability,5048,Access and consumption of food,5072,Food safety instruments,eligible,complete,high,broad,5-10 years,false,0.3.0,11,3,0,proposed_evidence,pending,proposed
map_cebc5e1447b89bfa,ipcc_0092,food_security,vulnerability,5048,Access and consumption of food,5073,National school feeding program (PNAE),eligible,complete,high,broad,5-10 years,false,0.3.0,11,3,0,proposed_evidence,pending,proposed
map_cebc5e1447b89bfa,ipcc_0092,food_security,vulnerability,5048,Access and consumption of food,5074,Food Acquisition Program (PAA),eligible,complete,high,broad,5-10 years,false,0.3.0,11,3,0,proposed_evidence,pending,proposed
map_cebc5e1447b89bfa,ipcc_0092,food_security,vulnerability,5048,Access and consumption of food,5077,Scope of the family allowance program,eligible,complete,high,broad,5-10 years,false,0.3.0,11,3,0,proposed_evidence,pending,proposed
map_cebc5e1447b89bfa,ipcc_0092,food_security,vulnerability,5048,Access and consumption of food,5078,Equality in intra-household income distribution,eligible,complete,high,broad,5-10 years,false,0.3.0,11,3,0,proposed_evidence,pending,proposed
map_cebc5e1447b89bfa,ipcc_0092,food_security,vulnerability,5048,Access and consumption of food,5079,Households with high per capita income,eligible,complete,high,broad,5-10 years,false,0.3.0,11,3,0,proposed_evidence,pending,proposed
map_172613ad39fceedc,ipcc_0092,food_security,exposure,,,,,not_eligible,not_required,not_applicable,not_applicable,5-10 years,false,0.3.0,0,0,0,not_applicable,not_applicable,proposed
map_be9c3a13ad2fabe8,ipcc_0094,food_security,vulnerability,5048,Access and consumption of food,5068,Child malnutrition,eligible,complete,none_demonstrated,none,5-10 years,false,0.3.0,11,0,0,proposed_evidence,pending,proposed
map_be9c3a13ad2fabe8,ipcc_0094,food_security,vulnerability,5048,Access and consumption of food,5069,Occurrence of diseases related to inadequate environmental sanitation,eligible,complete,none_demonstrated,none,5-10 years,false,0.3.0,11,0,0,proposed_evidence,pending,proposed
map_481ef107f2ea77a9,ipcc_0094,food_security,exposure,,,,,not_eligible,not_required,not_applicable,not_applicable,5-10 years,false,0.3.0,0,0,0,not_applicable,not_applicable,proposed
map_e396ab27a380d4b4,ipcc_0096,food_security,vulnerability,5001,Food availability,5016,Susceptibility of agricultural productivity,eligible,complete,medium,broad,5-10 years,false,0.3.0,11,2,0,proposed_evidence,pending,proposed
map_e396ab27a380d4b4,ipcc_0096,food_security,vulnerability,5001,Food availability,5017,Susceptibility of livestock productivity,eligible,complete,medium,broad,5-10 years,false,0.3.0,11,2,0,proposed_evidence,pending,proposed
map_e396ab27a380d4b4,ipcc_0096,food_security,vulnerability,5001,Food availability,5018,Homogeneity of agricultural production,eligible,complete,medium,broad,5-10 years,false,0.3.0,11,2,0,proposed_evidence,pending,proposed
map_e396ab27a380d4b4,ipcc_0096,food_security,vulnerability,5001,Food availability,5019,Irrigation susceptibility,eligible,complete,medium,broad,5-10 years,false,0.3.0,11,2,0,proposed_evidence,pending,proposed
map_e396ab27a380d4b4,ipcc_0096,food_security,vulnerability,5001,Food availability,5021,Agriculture and water availability,eligible,complete,medium,broad,5-10 years,false,0.3.0,11,2,0,proposed_evidence,pending,proposed
map_e396ab27a380d4b4,ipcc_0096,food_security,vulnerability,5001,Food availability,5022,Agricultural areas with low agricultural potential,eligible,complete,medium,broad,5-10 years,false,0.3.0,11,2,0,proposed_evidence,pending,proposed
map_e396ab27a380d4b4,ipcc_0096,food_security,vulnerability,5001,Food availability,5023,Agricultural areas with soil susceptible to erosion,eligible,complete,medium,broad,5-10 years,false,0.3.0,11,2,0,proposed_evidence,pending,proposed
map_e396ab27a380d4b4,ipcc_0096,food_security,vulnerability,5001,Food availability,5024,Water deficit,eligible,complete,medium,broad,5-10 years,false,0.3.0,11,2,0,proposed_evidence,pending,proposed
map_e396ab27a380d4b4,ipcc_0096,food_security,vulnerability,5001,Food availability,5025,Vegetation cover losses,eligible,complete,medium,broad,5-10 years,false,0.3.0,11,2,0,proposed_evidence,pending,proposed
map_e396ab27a380d4b4,ipcc_0096,food_security,vulnerability,5001,Food availability,5026,Investment in agrarian and environmental management policies,eligible,complete,medium,broad,5-10 years,false,0.3.0,11,2,0,proposed_evidence,pending,proposed
map_e396ab27a380d4b4,ipcc_0096,food_security,vulnerability,5001,Food availability,5032,Technical guidance,eligible,complete,medium,broad,5-10 years,false,0.3.0,11,2,0,proposed_evidence,pending,proposed
map_e396ab27a380d4b4,ipcc_0096,food_security,vulnerability,5001,Food availability,5033,Associativism,eligible,complete,medium,broad,5-10 years,false,0.3.0,11,2,0,proposed_evidence,pending,proposed
map_f0cb0e95606167af,ipcc_0096,food_security,exposure,,,,,not_eligible,not_required,not_applicable,not_applicable,5-10 years,false,0.3.0,0,0,0,not_applicable,not_applicable,proposed
map_6e61a648736fa715,ipcc_0097,food_security,vulnerability,5001,Food availability,5036,Storage capacity,eligible,complete,low,moderate,5-10 years,false,0.3.0,11,1,0,proposed_evidence,pending,proposed
map_6e61a648736fa715,ipcc_0097,food_security,vulnerability,5001,Food availability,5037,Distance from warehouses,eligible,complete,low,moderate,5-10 years,false,0.3.0,11,1,0,proposed_evidence,pending,proposed
map_6e61a648736fa715,ipcc_0097,food_security,vulnerability,5048,Access and consumption of food,5066,Municipalities without a basic food supply network,eligible,complete,low,moderate,5-10 years,false,0.3.0,11,1,0,proposed_evidence,pending,proposed
map_6e61a648736fa715,ipcc_0097,food_security,vulnerability,5048,Access and consumption of food,5067,Food and nutritional insecurity,eligible,complete,low,moderate,5-10 years,false,0.3.0,11,1,0,proposed_evidence,pending,proposed
map_6e61a648736fa715,ipcc_0097,food_security,vulnerability,5048,Access and consumption of food,5072,Food safety instruments,eligible,complete,low,moderate,5-10 years,false,0.3.0,11,1,0,proposed_evidence,pending,proposed
map_81b4b6222fa865c8,ipcc_0097,food_security,exposure,,,,,not_eligible,not_required,not_applicable,not_applicable,5-10 years,false,0.3.0,0,0,0,not_applicable,not_applicable,proposed
map_54ebfd5bcf11e57e,ipcc_0098,food_security,vulnerability,5001,Food availability,5016,Susceptibility of agricultural productivity,eligible,complete,medium,broad,5-10 years,false,0.3.0,11,2,0,proposed_evidence,pending,proposed
map_54ebfd5bcf11e57e,ipcc_0098,food_security,vulnerability,5001,Food availability,5018,Homogeneity of agricultural production,eligible,complete,medium,broad,5-10 years,false,0.3.0,11,2,0,proposed_evidence,pending,proposed
map_54ebfd5bcf11e57e,ipcc_0098,food_security,vulnerability,5001,Food availability,5019,Irrigation susceptibility,eligible,complete,medium,broad,5-10 years,false,0.3.0,11,2,0,proposed_evidence,pending,proposed
map_54ebfd5bcf11e57e,ipcc_0098,food_security,vulnerability,5001,Food availability,5021,Agriculture and water availability,eligible,complete,medium,broad,5-10 years,false,0.3.0,11,2,0,proposed_evidence,pending,proposed
map_54ebfd5bcf11e57e,ipcc_0098,food_security,vulnerability,5001,Food availability,5022,Agricultural areas with low agricultural potential,eligible,complete,medium,broad,5-10 years,false,0.3.0,11,2,0,proposed_evidence,pending,proposed
map_54ebfd5bcf11e57e,ipcc_0098,food_security,vulnerability,5001,Food availability,5023,Agricultural areas with soil susceptible to erosion,eligible,complete,medium,broad,5-10 years,false,0.3.0,11,2,0,proposed_evidence,pending,proposed
map_54ebfd5bcf11e57e,ipcc_0098,food_security,vulnerability,5001,Food availability,5024,Water deficit,eligible,complete,medium,broad,5-10 years,false,0.3.0,11,2,0,proposed_evidence,pending,proposed
map_54ebfd5bcf11e57e,ipcc_0098,food_security,vulnerability,5001,Food availability,5025,Vegetation cover losses,eligible,complete,medium,broad,5-10 years,false,0.3.0,11,2,0,proposed_evidence,pending,proposed
map_54ebfd5bcf11e57e,ipcc_0098,food_security,vulnerability,5001,Food availability,5036,Storage capacity,eligible,complete,medium,broad,5-10 years,false,0.3.0,11,2,0,proposed_evidence,pending,proposed
map_54ebfd5bcf11e57e,ipcc_0098,food_security,vulnerability,5001,Food availability,5038,Diversity of revenues,eligible,complete,medium,broad,5-10 years,false,0.3.0,11,2,0,proposed_evidence,pending,proposed
map_54ebfd5bcf11e57e,ipcc_0098,food_security,vulnerability,5048,Access and consumption of food,5065,Ultra-processed food commercial establishments,eligible,complete,medium,broad,5-10 years,false,0.3.0,11,2,0,proposed_evidence,pending,proposed
map_54ebfd5bcf11e57e,ipcc_0098,food_security,vulnerability,5048,Access and consumption of food,5066,Municipalities without a basic food supply network,eligible,complete,medium,broad,5-10 years,false,0.3.0,11,2,0,proposed_evidence,pending,proposed
map_54ebfd5bcf11e57e,ipcc_0098,food_security,vulnerability,5048,Access and consumption of food,5067,Food and nutritional insecurity,eligible,complete,medium,broad,5-10 years,false,0.3.0,11,2,0,proposed_evidence,pending,proposed
map_54ebfd5bcf11e57e,ipcc_0098,food_security,vulnerability,5048,Access and consumption of food,5068,Child malnutrition,eligible,complete,medium,broad,5-10 years,false,0.3.0,11,2,0,proposed_evidence,pending,proposed
map_54ebfd5bcf11e57e,ipcc_0098,food_security,vulnerability,5048,Access and consumption of food,5070,Overweight and obesity,eligible,complete,medium,broad,5-10 years,false,0.3.0,11,2,0,proposed_evidence,pending,proposed
map_54ebfd5bcf11e57e,ipcc_0098,food_security,vulnerability,5048,Access and consumption of food,5072,Food safety instruments,eligible,complete,medium,broad,5-10 years,false,0.3.0,11,2,0,proposed_evidence,pending,proposed
map_54ebfd5bcf11e57e,ipcc_0098,food_security,vulnerability,5048,Access and consumption of food,5073,National school feeding program (PNAE),eligible,complete,medium,broad,5-10 years,false,0.3.0,11,2,0,proposed_evidence,pending,proposed
map_54ebfd5bcf11e57e,ipcc_0098,food_security,vulnerability,5048,Access and consumption of food,5074,Food Acquisition Program (PAA),eligible,complete,medium,broad,5-10 years,false,0.3.0,11,2,0,proposed_evidence,pending,proposed
map_54ebfd5bcf11e57e,ipcc_0098,food_security,vulnerability,5048,Access and consumption of food,5077,Scope of the family allowance program,eligible,complete,medium,broad,5-10 years,false,0.3.0,11,2,0,proposed_evidence,pending,proposed
map_54ebfd5bcf11e57e,ipcc_0098,food_security,vulnerability,5048,Access and consumption of food,5079,Households with high per capita income,eligible,complete,medium,broad,5-10 years,false,0.3.0,11,2,0,proposed_evidence,pending,proposed
map_0e64bea2571e79fc,ipcc_0098,food_security,exposure,,,,,not_eligible,not_required,not_applicable,not_applicable,5-10 years,false,0.3.0,0,0,0,not_applicable,not_applicable,proposed
map_30f98615cfb37e1f,ipcc_0099,food_security,vulnerability,5001,Food availability,5019,Irrigation susceptibility,eligible,complete,low,moderate,5-10 years,false,0.3.0,11,1,0,proposed_evidence,pending,proposed
map_30f98615cfb37e1f,ipcc_0099,food_security,vulnerability,5001,Food availability,5021,Agriculture and water availability,eligible,complete,low,moderate,5-10 years,false,0.3.0,11,1,0,proposed_evidence,pending,proposed
map_30f98615cfb37e1f,ipcc_0099,food_security,vulnerability,5001,Food availability,5024,Water deficit,eligible,complete,low,moderate,5-10 years,false,0.3.0,11,1,0,proposed_evidence,pending,proposed
map_30f98615cfb37e1f,ipcc_0099,food_security,vulnerability,5001,Food availability,5029,cistern program,eligible,complete,low,moderate,5-10 years,false,0.3.0,11,1,0,proposed_evidence,pending,proposed
map_30f98615cfb37e1f,ipcc_0099,food_security,vulnerability,5048,Access and consumption of food,5076,Cistern program service,eligible,complete,low,moderate,5-10 years,false,0.3.0,11,1,0,proposed_evidence,pending,proposed
map_e8ff513b8d8c2abf,ipcc_0099,food_security,exposure,,,,,not_eligible,not_required,not_applicable,not_applicable,5-10 years,false,0.3.0,0,0,0,not_applicable,not_applicable,proposed
map_a1d0179b96e9da76,ipcc_0100,food_security,vulnerability,5001,Food availability,5019,Irrigation susceptibility,eligible,complete,medium,moderate,5-10 years,false,0.3.0,11,1,0,proposed_evidence,pending,proposed
map_a1d0179b96e9da76,ipcc_0100,food_security,vulnerability,5001,Food availability,5021,Agriculture and water availability,eligible,complete,medium,moderate,5-10 years,false,0.3.0,11,1,0,proposed_evidence,pending,proposed
map_a1d0179b96e9da76,ipcc_0100,food_security,vulnerability,5001,Food availability,5024,Water deficit,eligible,complete,medium,moderate,5-10 years,false,0.3.0,11,1,0,proposed_evidence,pending,proposed
map_a1d0179b96e9da76,ipcc_0100,food_security,vulnerability,5001,Food availability,5032,Technical guidance,eligible,complete,medium,moderate,5-10 years,false,0.3.0,11,1,0,proposed_evidence,pending,proposed
map_a1d0179b96e9da76,ipcc_0100,food_security,vulnerability,5048,Access and consumption of food,5063,Direct source water shortage,eligible,complete,medium,moderate,5-10 years,false,0.3.0,11,1,0,proposed_evidence,pending,proposed
map_1d30c1e4a894af4d,ipcc_0100,food_security,exposure,,,,,not_eligible,not_required,not_applicable,not_applicable,5-10 years,false,0.3.0,0,0,0,not_applicable,not_applicable,proposed
map_d0f670c1e1525367,ipcc_0101,food_security,vulnerability,5048,Access and consumption of food,5063,Direct source water shortage,eligible,complete,low,moderate,5-10 years,false,0.3.0,11,1,0,proposed_evidence,pending,proposed
map_d0f670c1e1525367,ipcc_0101,food_security,vulnerability,5048,Access and consumption of food,5064,Compromised water quality,eligible,complete,low,moderate,5-10 years,false,0.3.0,11,1,0,proposed_evidence,pending,proposed
map_d0f670c1e1525367,ipcc_0101,food_security,vulnerability,5048,Access and consumption of food,5069,Occurrence of diseases related to inadequate environmental sanitation,eligible,complete,low,moderate,5-10 years,false,0.3.0,11,1,0,proposed_evidence,pending,proposed
map_d0f670c1e1525367,ipcc_0101,food_security,vulnerability,5048,Access and consumption of food,5076,Cistern program service,eligible,complete,low,moderate,5-10 years,false,0.3.0,11,1,0,proposed_evidence,pending,proposed
map_71068617d5de0869,ipcc_0101,food_security,exposure,,,,,not_eligible,not_required,not_applicable,not_applicable,5-10 years,false,0.3.0,0,0,0,not_applicable,not_applicable,proposed
map_297a14041432b912,ipcc_0102,food_security,vulnerability,,,,,not_eligible,not_required,not_applicable,not_applicable,5-10 years,false,0.3.0,0,0,0,not_applicable,not_applicable,proposed
map_492aaee446602b4f,ipcc_0102,food_security,exposure,5048,Access and consumption of food,5080,Population density,eligible,complete,none_demonstrated,none,5-10 years,false,0.3.0,11,0,0,proposed_evidence,pending,proposed
map_492aaee446602b4f,ipcc_0102,food_security,exposure,5048,Access and consumption of food,5081,Total population,eligible,complete,none_demonstrated,none,5-10 years,false,0.3.0,11,0,0,proposed_evidence,pending,proposed
map_e8a5d2d1d46b705a,ipcc_0103,food_security,vulnerability,5001,Food availability,5026,Investment in agrarian and environmental management policies,eligible,complete,low,moderate,5-10 years,false,0.3.0,11,1,0,proposed_evidence,pending,proposed
map_e8a5d2d1d46b705a,ipcc_0103,food_security,vulnerability,5001,Food availability,5033,Associativism,eligible,complete,low,moderate,5-10 years,false,0.3.0,11,1,0,proposed_evidence,pending,proposed
map_e8a5d2d1d46b705a,ipcc_0103,food_security,vulnerability,5001,Food availability,5035,Stability of agrarian conflicts,eligible,complete,low,moderate,5-10 years,false,0.3.0,11,1,0,proposed_evidence,pending,proposed
map_e8a5d2d1d46b705a,ipcc_0103,food_security,vulnerability,5048,Access and consumption of food,5071,Federal investment per capita,eligible,complete,low,moderate,5-10 years,false,0.3.0,11,1,0,proposed_evidence,pending,proposed
map_e8a5d2d1d46b705a,ipcc_0103,food_security,vulnerability,5048,Access and consumption of food,5072,Food safety instruments,eligible,complete,low,moderate,5-10 years,false,0.3.0,11,1,0,proposed_evidence,pending,proposed
map_e8a5d2d1d46b705a,ipcc_0103,food_security,vulnerability,5048,Access and consumption of food,5075,PAA suppliers classified as “traditional peoples and communities”,eligible,complete,low,moderate,5-10 years,false,0.3.0,11,1,0,proposed_evidence,pending,proposed
map_b3261ac21d7af9be,ipcc_0103,food_security,exposure,,,,,not_eligible,not_required,not_applicable,not_applicable,5-10 years,false,0.3.0,0,0,0,not_applicable,not_applicable,proposed
map_1721a25016231c1a,ipcc_0104,food_security,vulnerability,,,,,not_eligible,not_required,not_applicable,not_applicable,5-10 years,false,0.3.0,0,0,0,not_applicable,not_applicable,proposed
map_0f550866848d9489,ipcc_0104,food_security,exposure,5048,Access and consumption of food,5080,Population density,eligible,complete,none_demonstrated,none,5-10 years,false,0.3.0,11,0,0,proposed_evidence,pending,proposed
map_0f550866848d9489,ipcc_0104,food_security,exposure,5048,Access and consumption of food,5081,Total population,eligible,complete,none_demonstrated,none,5-10 years,false,0.3.0,11,0,0,proposed_evidence,pending,proposed
map_d59a4827906a01b2,c40_0046,geohydrological_disasters,vulnerability,,,,,not_eligible,not_required,not_applicable,not_applicable,5-10 years,false,0.3.0,0,0,0,not_applicable,not_applicable,proposed
map_1049d01ef3638c9a,c40_0046,geohydrological_disasters,exposure,,,,,not_eligible,not_required,not_applicable,not_applicable,5-10 years,false,0.3.0,0,0,0,not_applicable,not_applicable,proposed
map_8636723ebea56a86,c40_0048,geohydrological_disasters,vulnerability,60041,"Floods, flash floods, and urban flooding",60062,Actions to reduce risk,eligible,complete,medium,limited,5-10 years,false,0.3.0,10,2,0,proposed_evidence,pending,proposed
map_8636723ebea56a86,c40_0048,geohydrological_disasters,vulnerability,60041,"Floods, flash floods, and urban flooding",60078,Drainage,eligible,complete,medium,limited,5-10 years,false,0.3.0,10,2,0,proposed_evidence,pending,proposed
map_e7eeac2e02902b77,c40_0048,geohydrological_disasters,exposure,,,,,not_eligible,not_required,not_applicable,not_applicable,5-10 years,false,0.3.0,0,0,0,not_applicable,not_applicable,proposed
map_eb52ff04db04271d,c40_0049,geohydrological_disasters,vulnerability,60001,Landslide,60022,Actions to reduce risk,eligible,complete,low,moderate,<5 years,false,0.3.0,10,1,0,proposed_evidence,pending,proposed
map_eb52ff04db04271d,c40_0049,geohydrological_disasters,vulnerability,60001,Landslide,60024,Contingency plan,eligible,complete,low,moderate,<5 years,false,0.3.0,10,1,0,proposed_evidence,pending,proposed
map_eb52ff04db04271d,c40_0049,geohydrological_disasters,vulnerability,60041,"Floods, flash floods, and urban flooding",60062,Actions to reduce risk,eligible,complete,low,moderate,<5 years,false,0.3.0,10,1,0,proposed_evidence,pending,proposed
map_eb52ff04db04271d,c40_0049,geohydrological_disasters,vulnerability,60041,"Floods, flash floods, and urban flooding",60064,Contingency plan,eligible,complete,low,moderate,<5 years,false,0.3.0,10,1,0,proposed_evidence,pending,proposed
map_e1a1c2e14054fa66,c40_0049,geohydrological_disasters,exposure,,,,,not_eligible,not_required,not_applicable,not_applicable,<5 years,false,0.3.0,0,0,0,not_applicable,not_applicable,proposed
map_a5817aeebb412c52,c40_0051,geohydrological_disasters,vulnerability,,,,,not_eligible,not_required,not_applicable,not_applicable,<5 years,false,0.3.0,0,0,0,not_applicable,not_applicable,proposed
map_de034600451245e8,c40_0051,geohydrological_disasters,exposure,,,,,not_eligible,not_required,not_applicable,not_applicable,<5 years,false,0.3.0,0,0,0,not_applicable,not_applicable,proposed
map_07f8a6378c41a8ed,c40_0052,geohydrological_disasters,vulnerability,,,,,not_eligible,not_required,not_applicable,not_applicable,5-10 years,false,0.3.0,0,0,0,not_applicable,not_applicable,proposed
map_18d7f41b8a56c9e8,c40_0052,geohydrological_disasters,exposure,,,,,not_eligible,not_required,not_applicable,not_applicable,5-10 years,false,0.3.0,0,0,0,not_applicable,not_applicable,proposed
map_7cb819e6ef793420,c40_0053,geohydrological_disasters,vulnerability,,,,,not_eligible,not_required,not_applicable,not_applicable,5-10 years,false,0.3.0,0,0,0,not_applicable,not_applicable,proposed
map_b0721a494843b846,c40_0053,geohydrological_disasters,exposure,,,,,not_eligible,not_required,not_applicable,not_applicable,5-10 years,false,0.3.0,0,0,0,not_applicable,not_applicable,proposed
map_02081021a289eaf2,c40_0056,geohydrological_disasters,vulnerability,60001,Landslide,60022,Actions to reduce risk,eligible,complete,low,broad,<5 years,false,0.3.0,10,3,0,proposed_evidence,pending,proposed
map_02081021a289eaf2,c40_0056,geohydrological_disasters,vulnerability,60001,Landslide,60025,Land use and occupation,eligible,complete,low,broad,<5 years,false,0.3.0,10,3,0,proposed_evidence,pending,proposed
map_02081021a289eaf2,c40_0056,geohydrological_disasters,vulnerability,60001,Landslide,60026,Environmental governance,eligible,complete,low,broad,<5 years,false,0.3.0,10,3,0,proposed_evidence,pending,proposed
map_02081021a289eaf2,c40_0056,geohydrological_disasters,vulnerability,60041,"Floods, flash floods, and urban flooding",60062,Actions to reduce risk,eligible,complete,low,broad,<5 years,false,0.3.0,10,3,0,proposed_evidence,pending,proposed
map_02081021a289eaf2,c40_0056,geohydrological_disasters,vulnerability,60041,"Floods, flash floods, and urban flooding",60065,Land use and occupation,eligible,complete,low,broad,<5 years,false,0.3.0,10,3,0,proposed_evidence,pending,proposed
map_02081021a289eaf2,c40_0056,geohydrological_disasters,vulnerability,60041,"Floods, flash floods, and urban flooding",60066,Environmental governance,eligible,complete,low,broad,<5 years,false,0.3.0,10,3,0,proposed_evidence,pending,proposed
map_18d1a6e9c2104bdc,c40_0056,geohydrological_disasters,exposure,,,,,not_eligible,not_required,not_applicable,not_applicable,<5 years,false,0.3.0,0,0,0,not_applicable,not_applicable,proposed
map_eb341fa45e335b8b,c40_0062,geohydrological_disasters,vulnerability,,,,,not_eligible,not_required,not_applicable,not_applicable,5-10 years,false,0.3.0,0,0,0,not_applicable,not_applicable,proposed
map_f9033079121c10a8,c40_0062,geohydrological_disasters,exposure,,,,,not_eligible,not_required,not_applicable,not_applicable,5-10 years,false,0.3.0,0,0,0,not_applicable,not_applicable,proposed
map_06080e6681677990,icare_0144,geohydrological_disasters,vulnerability,60001,Landslide,60014,Investment in adaptation policies,eligible,complete,low,moderate,<5 years,false,0.3.0,10,1,0,proposed_evidence,pending,proposed
map_06080e6681677990,icare_0144,geohydrological_disasters,vulnerability,60001,Landslide,60016,Employment and income,eligible,complete,low,moderate,<5 years,false,0.3.0,10,1,0,proposed_evidence,pending,proposed
map_06080e6681677990,icare_0144,geohydrological_disasters,vulnerability,60001,Landslide,60017,Gross domestic product by urban area,eligible,complete,low,moderate,<5 years,false,0.3.0,10,1,0,proposed_evidence,pending,proposed
map_06080e6681677990,icare_0144,geohydrological_disasters,vulnerability,60001,Landslide,60022,Actions to reduce risk,eligible,complete,low,moderate,<5 years,false,0.3.0,10,1,0,proposed_evidence,pending,proposed
map_06080e6681677990,icare_0144,geohydrological_disasters,vulnerability,60001,Landslide,60027,Housing governance,eligible,complete,low,moderate,<5 years,false,0.3.0,10,1,0,proposed_evidence,pending,proposed
map_06080e6681677990,icare_0144,geohydrological_disasters,vulnerability,60041,"Floods, flash floods, and urban flooding",60054,Investment in adaptation policies,eligible,complete,low,moderate,<5 years,false,0.3.0,10,1,0,proposed_evidence,pending,proposed
map_06080e6681677990,icare_0144,geohydrological_disasters,vulnerability,60041,"Floods, flash floods, and urban flooding",60056,Employment and income,eligible,complete,low,moderate,<5 years,false,0.3.0,10,1,0,proposed_evidence,pending,proposed
map_06080e6681677990,icare_0144,geohydrological_disasters,vulnerability,60041,"Floods, flash floods, and urban flooding",60057,Gross domestic product by urban area,eligible,complete,low,moderate,<5 years,false,0.3.0,10,1,0,proposed_evidence,pending,proposed
map_06080e6681677990,icare_0144,geohydrological_disasters,vulnerability,60041,"Floods, flash floods, and urban flooding",60062,Actions to reduce risk,eligible,complete,low,moderate,<5 years,false,0.3.0,10,1,0,proposed_evidence,pending,proposed
map_06080e6681677990,icare_0144,geohydrological_disasters,vulnerability,60041,"Floods, flash floods, and urban flooding",60067,Housing governance,eligible,complete,low,moderate,<5 years,false,0.3.0,10,1,0,proposed_evidence,pending,proposed
map_d62bf62591c5cdb8,icare_0144,geohydrological_disasters,exposure,,,,,not_eligible,not_required,not_applicable,not_applicable,<5 years,false,0.3.0,0,0,0,not_applicable,not_applicable,proposed
map_b398e4b51b7c58dd,icare_0145,geohydrological_disasters,vulnerability,60001,Landslide,60024,Contingency plan,eligible,complete,none_demonstrated,none,>10 years,false,0.3.0,10,0,0,proposed_evidence,pending,proposed
map_b398e4b51b7c58dd,icare_0145,geohydrological_disasters,vulnerability,60001,Landslide,60029,Healthcare facilities,eligible,complete,none_demonstrated,none,>10 years,false,0.3.0,10,0,0,proposed_evidence,pending,proposed
map_b398e4b51b7c58dd,icare_0145,geohydrological_disasters,vulnerability,60041,"Floods, flash floods, and urban flooding",60064,Contingency plan,eligible,complete,none_demonstrated,none,>10 years,false,0.3.0,10,0,0,proposed_evidence,pending,proposed
map_b398e4b51b7c58dd,icare_0145,geohydrological_disasters,vulnerability,60041,"Floods, flash floods, and urban flooding",60069,Healthcare facilities,eligible,complete,none_demonstrated,none,>10 years,false,0.3.0,10,0,0,proposed_evidence,pending,proposed
map_ac48382b34cd7de3,icare_0145,geohydrological_disasters,exposure,,,,,not_eligible,not_required,not_applicable,not_applicable,>10 years,false,0.3.0,0,0,0,not_applicable,not_applicable,proposed
map_a916a00e461f3094,icare_0154,geohydrological_disasters,vulnerability,60041,"Floods, flash floods, and urban flooding",60060,Waste management and public cleaning,eligible,complete,medium,limited,<5 years,false,0.3.0,10,2,0,proposed_evidence,pending,proposed
map_a916a00e461f3094,icare_0154,geohydrological_disasters,vulnerability,60041,"Floods, flash floods, and urban flooding",60062,Actions to reduce risk,eligible,complete,medium,limited,<5 years,false,0.3.0,10,2,0,proposed_evidence,pending,proposed
map_a916a00e461f3094,icare_0154,geohydrological_disasters,vulnerability,60041,"Floods, flash floods, and urban flooding",60070,Municipal basic sanitation plan,eligible,complete,medium,limited,<5 years,false,0.3.0,10,2,0,proposed_evidence,pending,proposed
map_a916a00e461f3094,icare_0154,geohydrological_disasters,vulnerability,60041,"Floods, flash floods, and urban flooding",60077,Basic sanitation,eligible,complete,medium,limited,<5 years,false,0.3.0,10,2,0,proposed_evidence,pending,proposed
map_a916a00e461f3094,icare_0154,geohydrological_disasters,vulnerability,60041,"Floods, flash floods, and urban flooding",60078,Drainage,eligible,complete,medium,limited,<5 years,false,0.3.0,10,2,0,proposed_evidence,pending,proposed
map_3c6e52795e56876a,icare_0154,geohydrological_disasters,exposure,,,,,not_eligible,not_required,not_applicable,not_applicable,<5 years,false,0.3.0,0,0,0,not_applicable,not_applicable,proposed
map_2654cde5f748e730,icare_0156,geohydrological_disasters,vulnerability,,,,,not_eligible,not_required,not_applicable,not_applicable,<5 years,false,0.3.0,0,0,0,not_applicable,not_applicable,proposed
map_ce4c17a0c696b514,icare_0156,geohydrological_disasters,exposure,,,,,not_eligible,not_required,not_applicable,not_applicable,<5 years,false,0.3.0,0,0,0,not_applicable,not_applicable,proposed
map_30b3224d52066267,icare_0160,geohydrological_disasters,vulnerability,60001,Landslide,60019,Institutions for risk management,eligible,complete,low,moderate,<5 years,false,0.3.0,10,1,0,proposed_evidence,pending,proposed
map_30b3224d52066267,icare_0160,geohydrological_disasters,vulnerability,60001,Landslide,60026,Environmental governance,eligible,complete,low,moderate,<5 years,false,0.3.0,10,1,0,proposed_evidence,pending,proposed
map_30b3224d52066267,icare_0160,geohydrological_disasters,vulnerability,60041,"Floods, flash floods, and urban flooding",60059,Institutions for risk management,eligible,complete,low,moderate,<5 years,false,0.3.0,10,1,0,proposed_evidence,pending,proposed
map_30b3224d52066267,icare_0160,geohydrological_disasters,vulnerability,60041,"Floods, flash floods, and urban flooding",60066,Environmental governance,eligible,complete,low,moderate,<5 years,false,0.3.0,10,1,0,proposed_evidence,pending,proposed
map_7cf8270fbc6bc8d7,icare_0160,geohydrological_disasters,exposure,,,,,not_eligible,not_required,not_applicable,not_applicable,<5 years,false,0.3.0,0,0,0,not_applicable,not_applicable,proposed
map_72f0cdc8772987ca,icare_0162,geohydrological_disasters,vulnerability,60001,Landslide,60022,Actions to reduce risk,eligible,complete,low,moderate,5-10 years,false,0.3.0,10,2,0,proposed_evidence,pending,proposed
map_72f0cdc8772987ca,icare_0162,geohydrological_disasters,vulnerability,60001,Landslide,60025,Land use and occupation,eligible,complete,low,moderate,5-10 years,false,0.3.0,10,2,0,proposed_evidence,pending,proposed
map_72f0cdc8772987ca,icare_0162,geohydrological_disasters,vulnerability,60001,Landslide,60026,Environmental governance,eligible,complete,low,moderate,5-10 years,false,0.3.0,10,2,0,proposed_evidence,pending,proposed
map_72f0cdc8772987ca,icare_0162,geohydrological_disasters,vulnerability,60041,"Floods, flash floods, and urban flooding",60062,Actions to reduce risk,eligible,complete,low,moderate,5-10 years,false,0.3.0,10,2,0,proposed_evidence,pending,proposed
map_72f0cdc8772987ca,icare_0162,geohydrological_disasters,vulnerability,60041,"Floods, flash floods, and urban flooding",60065,Land use and occupation,eligible,complete,low,moderate,5-10 years,false,0.3.0,10,2,0,proposed_evidence,pending,proposed
map_72f0cdc8772987ca,icare_0162,geohydrological_disasters,vulnerability,60041,"Floods, flash floods, and urban flooding",60066,Environmental governance,eligible,complete,low,moderate,5-10 years,false,0.3.0,10,2,0,proposed_evidence,pending,proposed
map_be626e61c2658466,icare_0162,geohydrological_disasters,exposure,,,,,not_eligible,not_required,not_applicable,not_applicable,5-10 years,false,0.3.0,0,0,0,not_applicable,not_applicable,proposed
map_1fb6d1234ee3bbb4,icare_0163,geohydrological_disasters,vulnerability,,,,,not_eligible,not_required,not_applicable,not_applicable,<5 years,false,0.3.0,0,0,0,not_applicable,not_applicable,proposed
map_825151ce9c08a104,icare_0163,geohydrological_disasters,exposure,,,,,not_eligible,not_required,not_applicable,not_applicable,<5 years,false,0.3.0,0,0,0,not_applicable,not_applicable,proposed
map_ec96f465c553caf6,icare_0164,geohydrological_disasters,vulnerability,60001,Landslide,60023,Early warning systems,eligible,complete,medium,moderate,<5 years,false,0.3.0,10,1,0,proposed_evidence,pending,proposed
map_ec96f465c553caf6,icare_0164,geohydrological_disasters,vulnerability,60041,"Floods, flash floods, and urban flooding",60063,Early warning systems,eligible,complete,medium,moderate,<5 years,false,0.3.0,10,1,0,proposed_evidence,pending,proposed
map_d64663390606b148,icare_0164,geohydrological_disasters,exposure,,,,,not_eligible,not_required,not_applicable,not_applicable,<5 years,false,0.3.0,0,0,0,not_applicable,not_applicable,proposed
map_905d8a9fac88d576,icare_0165,geohydrological_disasters,vulnerability,,,,,not_eligible,not_required,not_applicable,not_applicable,<5 years,false,0.3.0,0,0,0,not_applicable,not_applicable,proposed
map_833ca869bf0ddf9f,icare_0165,geohydrological_disasters,exposure,,,,,not_eligible,not_required,not_applicable,not_applicable,<5 years,false,0.3.0,0,0,0,not_applicable,not_applicable,proposed
map_be01377132ad7e8a,icare_0169,geohydrological_disasters,vulnerability,60001,Landslide,60019,Institutions for risk management,eligible,complete,low,moderate,5-10 years,false,0.3.0,10,1,0,proposed_evidence,pending,proposed
map_be01377132ad7e8a,icare_0169,geohydrological_disasters,vulnerability,60001,Landslide,60022,Actions to reduce risk,eligible,complete,low,moderate,5-10 years,false,0.3.0,10,1,0,proposed_evidence,pending,proposed
map_be01377132ad7e8a,icare_0169,geohydrological_disasters,vulnerability,60001,Landslide,60024,Contingency plan,eligible,complete,low,moderate,5-10 years,false,0.3.0,10,1,0,proposed_evidence,pending,proposed
map_be01377132ad7e8a,icare_0169,geohydrological_disasters,vulnerability,60041,"Floods, flash floods, and urban flooding",60059,Institutions for risk management,eligible,complete,low,moderate,5-10 years,false,0.3.0,10,1,0,proposed_evidence,pending,proposed
map_be01377132ad7e8a,icare_0169,geohydrological_disasters,vulnerability,60041,"Floods, flash floods, and urban flooding",60062,Actions to reduce risk,eligible,complete,low,moderate,5-10 years,false,0.3.0,10,1,0,proposed_evidence,pending,proposed
map_be01377132ad7e8a,icare_0169,geohydrological_disasters,vulnerability,60041,"Floods, flash floods, and urban flooding",60064,Contingency plan,eligible,complete,low,moderate,5-10 years,false,0.3.0,10,1,0,proposed_evidence,pending,proposed
map_f7552f739858dd23,icare_0169,geohydrological_disasters,exposure,,,,,not_eligible,not_required,not_applicable,not_applicable,5-10 years,false,0.3.0,0,0,0,not_applicable,not_applicable,proposed
map_5a824e0c932164b0,icare_0170,geohydrological_disasters,vulnerability,60001,Landslide,60021,Urban occupation management in risk areas,eligible,complete,medium,broad,>10 years,false,0.3.0,10,3,0,proposed_evidence,pending,proposed
map_5a824e0c932164b0,icare_0170,geohydrological_disasters,vulnerability,60001,Landslide,60022,Actions to reduce risk,eligible,complete,medium,broad,>10 years,false,0.3.0,10,3,0,proposed_evidence,pending,proposed
map_5a824e0c932164b0,icare_0170,geohydrological_disasters,vulnerability,60001,Landslide,60027,Housing governance,eligible,complete,medium,broad,>10 years,false,0.3.0,10,3,0,proposed_evidence,pending,proposed
map_5a824e0c932164b0,icare_0170,geohydrological_disasters,vulnerability,60001,Landslide,60034,Inappropriate households,eligible,complete,medium,broad,>10 years,false,0.3.0,10,3,0,proposed_evidence,pending,proposed
map_5a824e0c932164b0,icare_0170,geohydrological_disasters,vulnerability,60001,Landslide,60038,Drainage,eligible,complete,medium,broad,>10 years,false,0.3.0,10,3,0,proposed_evidence,pending,proposed
map_5a824e0c932164b0,icare_0170,geohydrological_disasters,vulnerability,60041,"Floods, flash floods, and urban flooding",60061,Urban occupation management in risk areas,eligible,complete,medium,broad,>10 years,false,0.3.0,10,3,0,proposed_evidence,pending,proposed
map_5a824e0c932164b0,icare_0170,geohydrological_disasters,vulnerability,60041,"Floods, flash floods, and urban flooding",60062,Actions to reduce risk,eligible,complete,medium,broad,>10 years,false,0.3.0,10,3,0,proposed_evidence,pending,proposed
map_5a824e0c932164b0,icare_0170,geohydrological_disasters,vulnerability,60041,"Floods, flash floods, and urban flooding",60067,Housing governance,eligible,complete,medium,broad,>10 years,false,0.3.0,10,3,0,proposed_evidence,pending,proposed
map_5a824e0c932164b0,icare_0170,geohydrological_disasters,vulnerability,60041,"Floods, flash floods, and urban flooding",60074,Inappropriate households,eligible,complete,medium,broad,>10 years,false,0.3.0,10,3,0,proposed_evidence,pending,proposed
map_5a824e0c932164b0,icare_0170,geohydrological_disasters,vulnerability,60041,"Floods, flash floods, and urban flooding",60078,Drainage,eligible,complete,medium,broad,>10 years,false,0.3.0,10,3,0,proposed_evidence,pending,proposed
map_20230382e05ad4da,icare_0170,geohydrological_disasters,exposure,60001,Landslide,60039,Households in risk areas,eligible,complete,medium,moderate,>10 years,false,0.3.0,10,1,0,proposed_evidence,pending,proposed
map_20230382e05ad4da,icare_0170,geohydrological_disasters,exposure,60001,Landslide,60040,Urban population density,eligible,complete,medium,moderate,>10 years,false,0.3.0,10,1,0,proposed_evidence,pending,proposed
map_20230382e05ad4da,icare_0170,geohydrological_disasters,exposure,60041,"Floods, flash floods, and urban flooding",60079,Households in risk areas,eligible,complete,medium,moderate,>10 years,false,0.3.0,10,1,0,proposed_evidence,pending,proposed
map_20230382e05ad4da,icare_0170,geohydrological_disasters,exposure,60041,"Floods, flash floods, and urban flooding",60080,Urban population density,eligible,complete,medium,moderate,>10 years,false,0.3.0,10,1,0,proposed_evidence,pending,proposed
map_b68a6d04b89598a7,icare_0171,geohydrological_disasters,vulnerability,60001,Landslide,60023,Early warning systems,eligible,complete,medium,moderate,5-10 years,false,0.3.0,10,1,0,proposed_evidence,pending,proposed
map_b68a6d04b89598a7,icare_0171,geohydrological_disasters,vulnerability,60041,"Floods, flash floods, and urban flooding",60063,Early warning systems,eligible,complete,medium,moderate,5-10 years,false,0.3.0,10,1,0,proposed_evidence,pending,proposed
map_015fc79304eedcfd,icare_0171,geohydrological_disasters,exposure,,,,,not_eligible,not_required,not_applicable,not_applicable,5-10 years,false,0.3.0,0,0,0,not_applicable,not_applicable,proposed
map_efa657f7dcf58733,icare_0172,geohydrological_disasters,vulnerability,60001,Landslide,60018,Resilient cities program,eligible,complete,low,broad,<5 years,false,0.3.0,10,2,0,proposed_evidence,pending,proposed
map_efa657f7dcf58733,icare_0172,geohydrological_disasters,vulnerability,60001,Landslide,60019,Institutions for risk management,eligible,complete,low,broad,<5 years,false,0.3.0,10,2,0,proposed_evidence,pending,proposed
map_efa657f7dcf58733,icare_0172,geohydrological_disasters,vulnerability,60001,Landslide,60021,Urban occupation management in risk areas,eligible,complete,low,broad,<5 years,false,0.3.0,10,2,0,proposed_evidence,pending,proposed
map_efa657f7dcf58733,icare_0172,geohydrological_disasters,vulnerability,60001,Landslide,60022,Actions to reduce risk,eligible,complete,low,broad,<5 years,false,0.3.0,10,2,0,proposed_evidence,pending,proposed
map_efa657f7dcf58733,icare_0172,geohydrological_disasters,vulnerability,60001,Landslide,60023,Early warning systems,eligible,complete,low,broad,<5 years,false,0.3.0,10,2,0,proposed_evidence,pending,proposed
map_efa657f7dcf58733,icare_0172,geohydrological_disasters,vulnerability,60001,Landslide,60024,Contingency plan,eligible,complete,low,broad,<5 years,false,0.3.0,10,2,0,proposed_evidence,pending,proposed
map_efa657f7dcf58733,icare_0172,geohydrological_disasters,vulnerability,60001,Landslide,60025,Land use and occupation,eligible,complete,low,broad,<5 years,false,0.3.0,10,2,0,proposed_evidence,pending,proposed
map_efa657f7dcf58733,icare_0172,geohydrological_disasters,vulnerability,60041,"Floods, flash floods, and urban flooding",60058,Resilient cities program,eligible,complete,low,broad,<5 years,false,0.3.0,10,2,0,proposed_evidence,pending,proposed
map_efa657f7dcf58733,icare_0172,geohydrological_disasters,vulnerability,60041,"Floods, flash floods, and urban flooding",60059,Institutions for risk management,eligible,complete,low,broad,<5 years,false,0.3.0,10,2,0,proposed_evidence,pending,proposed
map_efa657f7dcf58733,icare_0172,geohydrological_disasters,vulnerability,60041,"Floods, flash floods, and urban flooding",60061,Urban occupation management in risk areas,eligible,complete,low,broad,<5 years,false,0.3.0,10,2,0,proposed_evidence,pending,proposed
map_efa657f7dcf58733,icare_0172,geohydrological_disasters,vulnerability,60041,"Floods, flash floods, and urban flooding",60062,Actions to reduce risk,eligible,complete,low,broad,<5 years,false,0.3.0,10,2,0,proposed_evidence,pending,proposed
map_efa657f7dcf58733,icare_0172,geohydrological_disasters,vulnerability,60041,"Floods, flash floods, and urban flooding",60063,Early warning systems,eligible,complete,low,broad,<5 years,false,0.3.0,10,2,0,proposed_evidence,pending,proposed
map_efa657f7dcf58733,icare_0172,geohydrological_disasters,vulnerability,60041,"Floods, flash floods, and urban flooding",60064,Contingency plan,eligible,complete,low,broad,<5 years,false,0.3.0,10,2,0,proposed_evidence,pending,proposed
map_efa657f7dcf58733,icare_0172,geohydrological_disasters,vulnerability,60041,"Floods, flash floods, and urban flooding",60065,Land use and occupation,eligible,complete,low,broad,<5 years,false,0.3.0,10,2,0,proposed_evidence,pending,proposed
map_2476e5bfeeffbcd7,icare_0172,geohydrological_disasters,exposure,,,,,not_eligible,not_required,not_applicable,not_applicable,<5 years,false,0.3.0,0,0,0,not_applicable,not_applicable,proposed
map_1f22c1b0805d4b27,icare_0173,geohydrological_disasters,vulnerability,60041,"Floods, flash floods, and urban flooding",60060,Waste management and public cleaning,eligible,complete,medium,limited,5-10 years,false,0.3.0,10,2,0,proposed_evidence,pending,proposed
map_1f22c1b0805d4b27,icare_0173,geohydrological_disasters,vulnerability,60041,"Floods, flash floods, and urban flooding",60062,Actions to reduce risk,eligible,complete,medium,limited,5-10 years,false,0.3.0,10,2,0,proposed_evidence,pending,proposed
map_1f22c1b0805d4b27,icare_0173,geohydrological_disasters,vulnerability,60041,"Floods, flash floods, and urban flooding",60070,Municipal basic sanitation plan,eligible,complete,medium,limited,5-10 years,false,0.3.0,10,2,0,proposed_evidence,pending,proposed
map_1f22c1b0805d4b27,icare_0173,geohydrological_disasters,vulnerability,60041,"Floods, flash floods, and urban flooding",60077,Basic sanitation,eligible,complete,medium,limited,5-10 years,false,0.3.0,10,2,0,proposed_evidence,pending,proposed
map_1f22c1b0805d4b27,icare_0173,geohydrological_disasters,vulnerability,60041,"Floods, flash floods, and urban flooding",60078,Drainage,eligible,complete,medium,limited,5-10 years,false,0.3.0,10,2,0,proposed_evidence,pending,proposed
map_ebb834875109736c,icare_0173,geohydrological_disasters,exposure,,,,,not_eligible,not_required,not_applicable,not_applicable,5-10 years,false,0.3.0,0,0,0,not_applicable,not_applicable,proposed
map_81de4969ef5a7386,icare_0176,geohydrological_disasters,vulnerability,60001,Landslide,60014,Investment in adaptation policies,eligible,complete,low,moderate,<5 years,false,0.3.0,10,1,0,proposed_evidence,pending,proposed
map_81de4969ef5a7386,icare_0176,geohydrological_disasters,vulnerability,60001,Landslide,60018,Resilient cities program,eligible,complete,low,moderate,<5 years,false,0.3.0,10,1,0,proposed_evidence,pending,proposed
map_81de4969ef5a7386,icare_0176,geohydrological_disasters,vulnerability,60001,Landslide,60019,Institutions for risk management,eligible,complete,low,moderate,<5 years,false,0.3.0,10,1,0,proposed_evidence,pending,proposed
map_81de4969ef5a7386,icare_0176,geohydrological_disasters,vulnerability,60001,Landslide,60022,Actions to reduce risk,eligible,complete,low,moderate,<5 years,false,0.3.0,10,1,0,proposed_evidence,pending,proposed
map_81de4969ef5a7386,icare_0176,geohydrological_disasters,vulnerability,60001,Landslide,60026,Environmental governance,eligible,complete,low,moderate,<5 years,false,0.3.0,10,1,0,proposed_evidence,pending,proposed
map_81de4969ef5a7386,icare_0176,geohydrological_disasters,vulnerability,60041,"Floods, flash floods, and urban flooding",60054,Investment in adaptation policies,eligible,complete,low,moderate,<5 years,false,0.3.0,10,1,0,proposed_evidence,pending,proposed
map_81de4969ef5a7386,icare_0176,geohydrological_disasters,vulnerability,60041,"Floods, flash floods, and urban flooding",60058,Resilient cities program,eligible,complete,low,moderate,<5 years,false,0.3.0,10,1,0,proposed_evidence,pending,proposed
map_81de4969ef5a7386,icare_0176,geohydrological_disasters,vulnerability,60041,"Floods, flash floods, and urban flooding",60059,Institutions for risk management,eligible,complete,low,moderate,<5 years,false,0.3.0,10,1,0,proposed_evidence,pending,proposed
map_81de4969ef5a7386,icare_0176,geohydrological_disasters,vulnerability,60041,"Floods, flash floods, and urban flooding",60062,Actions to reduce risk,eligible,complete,low,moderate,<5 years,false,0.3.0,10,1,0,proposed_evidence,pending,proposed
map_81de4969ef5a7386,icare_0176,geohydrological_disasters,vulnerability,60041,"Floods, flash floods, and urban flooding",60066,Environmental governance,eligible,complete,low,moderate,<5 years,false,0.3.0,10,1,0,proposed_evidence,pending,proposed
map_011ff555ce03526d,icare_0176,geohydrological_disasters,exposure,,,,,not_eligible,not_required,not_applicable,not_applicable,<5 years,false,0.3.0,0,0,0,not_applicable,not_applicable,proposed
map_f1581bf23b56673d,icare_0178,geohydrological_disasters,vulnerability,60001,Landslide,60021,Urban occupation management in risk areas,eligible,complete,medium,broad,<5 years,false,0.3.0,10,2,0,proposed_evidence,pending,proposed
map_f1581bf23b56673d,icare_0178,geohydrological_disasters,vulnerability,60001,Landslide,60022,Actions to reduce risk,eligible,complete,medium,broad,<5 years,false,0.3.0,10,2,0,proposed_evidence,pending,proposed
map_f1581bf23b56673d,icare_0178,geohydrological_disasters,vulnerability,60001,Landslide,60025,Land use and occupation,eligible,complete,medium,broad,<5 years,false,0.3.0,10,2,0,proposed_evidence,pending,proposed
map_f1581bf23b56673d,icare_0178,geohydrological_disasters,vulnerability,60041,"Floods, flash floods, and urban flooding",60061,Urban occupation management in risk areas,eligible,complete,medium,broad,<5 years,false,0.3.0,10,2,0,proposed_evidence,pending,proposed
map_f1581bf23b56673d,icare_0178,geohydrological_disasters,vulnerability,60041,"Floods, flash floods, and urban flooding",60062,Actions to reduce risk,eligible,complete,medium,broad,<5 years,false,0.3.0,10,2,0,proposed_evidence,pending,proposed
map_f1581bf23b56673d,icare_0178,geohydrological_disasters,vulnerability,60041,"Floods, flash floods, and urban flooding",60065,Land use and occupation,eligible,complete,medium,broad,<5 years,false,0.3.0,10,2,0,proposed_evidence,pending,proposed
map_361254e0341a3ae1,icare_0178,geohydrological_disasters,exposure,60001,Landslide,60039,Households in risk areas,eligible,complete,medium,moderate,<5 years,false,0.3.0,10,1,0,proposed_evidence,pending,proposed
map_361254e0341a3ae1,icare_0178,geohydrological_disasters,exposure,60001,Landslide,60040,Urban population density,eligible,complete,medium,moderate,<5 years,false,0.3.0,10,1,0,proposed_evidence,pending,proposed
map_361254e0341a3ae1,icare_0178,geohydrological_disasters,exposure,60041,"Floods, flash floods, and urban flooding",60079,Households in risk areas,eligible,complete,medium,moderate,<5 years,false,0.3.0,10,1,0,proposed_evidence,pending,proposed
map_361254e0341a3ae1,icare_0178,geohydrological_disasters,exposure,60041,"Floods, flash floods, and urban flooding",60080,Urban population density,eligible,complete,medium,moderate,<5 years,false,0.3.0,10,1,0,proposed_evidence,pending,proposed
map_1973d817b72a9da1,icare_0180,geohydrological_disasters,vulnerability,60041,"Floods, flash floods, and urban flooding",60062,Actions to reduce risk,eligible,complete,low,moderate,<5 years,false,0.3.0,10,2,0,proposed_evidence,pending,proposed
map_1973d817b72a9da1,icare_0180,geohydrological_disasters,vulnerability,60041,"Floods, flash floods, and urban flooding",60065,Land use and occupation,eligible,complete,low,moderate,<5 years,false,0.3.0,10,2,0,proposed_evidence,pending,proposed
map_1973d817b72a9da1,icare_0180,geohydrological_disasters,vulnerability,60041,"Floods, flash floods, and urban flooding",60078,Drainage,eligible,complete,low,moderate,<5 years,false,0.3.0,10,2,0,proposed_evidence,pending,proposed
map_68e59eef2425877e,icare_0180,geohydrological_disasters,exposure,,,,,not_eligible,not_required,not_applicable,not_applicable,<5 years,false,0.3.0,0,0,0,not_applicable,not_applicable,proposed
map_0bf09f6950cb91ae,icare_0181,geohydrological_disasters,vulnerability,60001,Landslide,60021,Urban occupation management in risk areas,eligible,complete,medium,broad,5-10 years,false,0.3.0,10,3,0,proposed_evidence,pending,proposed
map_0bf09f6950cb91ae,icare_0181,geohydrological_disasters,vulnerability,60001,Landslide,60022,Actions to reduce risk,eligible,complete,medium,broad,5-10 years,false,0.3.0,10,3,0,proposed_evidence,pending,proposed
map_0bf09f6950cb91ae,icare_0181,geohydrological_disasters,vulnerability,60001,Landslide,60027,Housing governance,eligible,complete,medium,broad,5-10 years,false,0.3.0,10,3,0,proposed_evidence,pending,proposed
map_0bf09f6950cb91ae,icare_0181,geohydrological_disasters,vulnerability,60001,Landslide,60034,Inappropriate households,eligible,complete,medium,broad,5-10 years,false,0.3.0,10,3,0,proposed_evidence,pending,proposed
map_0bf09f6950cb91ae,icare_0181,geohydrological_disasters,vulnerability,60001,Landslide,60037,Basic sanitation,eligible,complete,medium,broad,5-10 years,false,0.3.0,10,3,0,proposed_evidence,pending,proposed
map_0bf09f6950cb91ae,icare_0181,geohydrological_disasters,vulnerability,60001,Landslide,60038,Drainage,eligible,complete,medium,broad,5-10 years,false,0.3.0,10,3,0,proposed_evidence,pending,proposed
map_0bf09f6950cb91ae,icare_0181,geohydrological_disasters,vulnerability,60041,"Floods, flash floods, and urban flooding",60061,Urban occupation management in risk areas,eligible,complete,medium,broad,5-10 years,false,0.3.0,10,3,0,proposed_evidence,pending,proposed
map_0bf09f6950cb91ae,icare_0181,geohydrological_disasters,vulnerability,60041,"Floods, flash floods, and urban flooding",60062,Actions to reduce risk,eligible,complete,medium,broad,5-10 years,false,0.3.0,10,3,0,proposed_evidence,pending,proposed
map_0bf09f6950cb91ae,icare_0181,geohydrological_disasters,vulnerability,60041,"Floods, flash floods, and urban flooding",60067,Housing governance,eligible,complete,medium,broad,5-10 years,false,0.3.0,10,3,0,proposed_evidence,pending,proposed
map_0bf09f6950cb91ae,icare_0181,geohydrological_disasters,vulnerability,60041,"Floods, flash floods, and urban flooding",60074,Inappropriate households,eligible,complete,medium,broad,5-10 years,false,0.3.0,10,3,0,proposed_evidence,pending,proposed
map_0bf09f6950cb91ae,icare_0181,geohydrological_disasters,vulnerability,60041,"Floods, flash floods, and urban flooding",60077,Basic sanitation,eligible,complete,medium,broad,5-10 years,false,0.3.0,10,3,0,proposed_evidence,pending,proposed
map_0bf09f6950cb91ae,icare_0181,geohydrological_disasters,vulnerability,60041,"Floods, flash floods, and urban flooding",60078,Drainage,eligible,complete,medium,broad,5-10 years,false,0.3.0,10,3,0,proposed_evidence,pending,proposed
map_451f6855d33ef2a0,icare_0181,geohydrological_disasters,exposure,60001,Landslide,60039,Households in risk areas,eligible,complete,medium,moderate,5-10 years,false,0.3.0,10,1,0,proposed_evidence,pending,proposed
map_451f6855d33ef2a0,icare_0181,geohydrological_disasters,exposure,60001,Landslide,60040,Urban population density,eligible,complete,medium,moderate,5-10 years,false,0.3.0,10,1,0,proposed_evidence,pending,proposed
map_451f6855d33ef2a0,icare_0181,geohydrological_disasters,exposure,60041,"Floods, flash floods, and urban flooding",60079,Households in risk areas,eligible,complete,medium,moderate,5-10 years,false,0.3.0,10,1,0,proposed_evidence,pending,proposed
map_451f6855d33ef2a0,icare_0181,geohydrological_disasters,exposure,60041,"Floods, flash floods, and urban flooding",60080,Urban population density,eligible,complete,medium,moderate,5-10 years,false,0.3.0,10,1,0,proposed_evidence,pending,proposed
map_bd1183f94a9372b2,icare_0182,geohydrological_disasters,vulnerability,60001,Landslide,60022,Actions to reduce risk,eligible,complete,low,moderate,5-10 years,false,0.3.0,10,2,0,proposed_evidence,pending,proposed
map_bd1183f94a9372b2,icare_0182,geohydrological_disasters,vulnerability,60001,Landslide,60025,Land use and occupation,eligible,complete,low,moderate,5-10 years,false,0.3.0,10,2,0,proposed_evidence,pending,proposed
map_bd1183f94a9372b2,icare_0182,geohydrological_disasters,vulnerability,60001,Landslide,60026,Environmental governance,eligible,complete,low,moderate,5-10 years,false,0.3.0,10,2,0,proposed_evidence,pending,proposed
map_bd1183f94a9372b2,icare_0182,geohydrological_disasters,vulnerability,60041,"Floods, flash floods, and urban flooding",60062,Actions to reduce risk,eligible,complete,low,moderate,5-10 years,false,0.3.0,10,2,0,proposed_evidence,pending,proposed
map_bd1183f94a9372b2,icare_0182,geohydrological_disasters,vulnerability,60041,"Floods, flash floods, and urban flooding",60065,Land use and occupation,eligible,complete,low,moderate,5-10 years,false,0.3.0,10,2,0,proposed_evidence,pending,proposed
map_bd1183f94a9372b2,icare_0182,geohydrological_disasters,vulnerability,60041,"Floods, flash floods, and urban flooding",60066,Environmental governance,eligible,complete,low,moderate,5-10 years,false,0.3.0,10,2,0,proposed_evidence,pending,proposed
map_aeda5ef1a2d5dcb3,icare_0182,geohydrological_disasters,exposure,,,,,not_eligible,not_required,not_applicable,not_applicable,5-10 years,false,0.3.0,0,0,0,not_applicable,not_applicable,proposed
map_4a69d4a298170724,icare_0183,geohydrological_disasters,vulnerability,60001,Landslide,60023,Early warning systems,eligible,complete,medium,moderate,5-10 years,false,0.3.0,10,1,0,proposed_evidence,pending,proposed
map_4a69d4a298170724,icare_0183,geohydrological_disasters,vulnerability,60041,"Floods, flash floods, and urban flooding",60063,Early warning systems,eligible,complete,medium,moderate,5-10 years,false,0.3.0,10,1,0,proposed_evidence,pending,proposed
map_e06c81bf69c17081,icare_0183,geohydrological_disasters,exposure,,,,,not_eligible,not_required,not_applicable,not_applicable,5-10 years,false,0.3.0,0,0,0,not_applicable,not_applicable,proposed
map_31203dd2455f46cb,icare_0184,geohydrological_disasters,vulnerability,60001,Landslide,60022,Actions to reduce risk,eligible,complete,low,broad,5-10 years,false,0.3.0,10,3,0,proposed_evidence,pending,proposed
map_31203dd2455f46cb,icare_0184,geohydrological_disasters,vulnerability,60001,Landslide,60025,Land use and occupation,eligible,complete,low,broad,5-10 years,false,0.3.0,10,3,0,proposed_evidence,pending,proposed
map_31203dd2455f46cb,icare_0184,geohydrological_disasters,vulnerability,60001,Landslide,60038,Drainage,eligible,complete,low,broad,5-10 years,false,0.3.0,10,3,0,proposed_evidence,pending,proposed
map_31203dd2455f46cb,icare_0184,geohydrological_disasters,vulnerability,60041,"Floods, flash floods, and urban flooding",60062,Actions to reduce risk,eligible,complete,low,broad,5-10 years,false,0.3.0,10,3,0,proposed_evidence,pending,proposed
map_31203dd2455f46cb,icare_0184,geohydrological_disasters,vulnerability,60041,"Floods, flash floods, and urban flooding",60065,Land use and occupation,eligible,complete,low,broad,5-10 years,false,0.3.0,10,3,0,proposed_evidence,pending,proposed
map_31203dd2455f46cb,icare_0184,geohydrological_disasters,vulnerability,60041,"Floods, flash floods, and urban flooding",60078,Drainage,eligible,complete,low,broad,5-10 years,false,0.3.0,10,3,0,proposed_evidence,pending,proposed
map_8437f1636f95f995,icare_0184,geohydrological_disasters,exposure,,,,,not_eligible,not_required,not_applicable,not_applicable,5-10 years,false,0.3.0,0,0,0,not_applicable,not_applicable,proposed
map_caf7e1996cdc1447,icare_0185,geohydrological_disasters,vulnerability,,,,,not_eligible,not_required,not_applicable,not_applicable,5-10 years,false,0.3.0,0,0,0,not_applicable,not_applicable,proposed
map_7d99edaae8bb1a6e,icare_0185,geohydrological_disasters,exposure,,,,,not_eligible,not_required,not_applicable,not_applicable,5-10 years,false,0.3.0,0,0,0,not_applicable,not_applicable,proposed
map_fa6657ab03065189,icare_0186,geohydrological_disasters,vulnerability,,,,,not_eligible,not_required,not_applicable,not_applicable,5-10 years,false,0.3.0,0,0,0,not_applicable,not_applicable,proposed
map_374325a1f0f7cfc4,icare_0186,geohydrological_disasters,exposure,,,,,not_eligible,not_required,not_applicable,not_applicable,5-10 years,false,0.3.0,0,0,0,not_applicable,not_applicable,proposed
map_47e4eeaf87d3136f,icare_0188,geohydrological_disasters,vulnerability,,,,,not_eligible,not_required,not_applicable,not_applicable,5-10 years,false,0.3.0,0,0,0,not_applicable,not_applicable,proposed
map_6e75e97e4c24c0c2,icare_0188,geohydrological_disasters,exposure,,,,,not_eligible,not_required,not_applicable,not_applicable,5-10 years,false,0.3.0,0,0,0,not_applicable,not_applicable,proposed
map_58600b6be4e040a0,ipcc_0078,geohydrological_disasters,vulnerability,,,,,not_eligible,not_required,not_applicable,not_applicable,5-10 years,false,0.3.0,0,0,0,not_applicable,not_applicable,proposed
map_4d382bd5ab2c205f,ipcc_0078,geohydrological_disasters,exposure,,,,,not_eligible,not_required,not_applicable,not_applicable,5-10 years,false,0.3.0,0,0,0,not_applicable,not_applicable,proposed
map_37b8ca7a64998d94,ipcc_0083,geohydrological_disasters,vulnerability,,,,,not_eligible,not_required,not_applicable,not_applicable,>10 years,false,0.3.0,0,0,0,not_applicable,not_applicable,proposed
map_dd19cc0c9ec39e0f,ipcc_0083,geohydrological_disasters,exposure,,,,,not_eligible,not_required,not_applicable,not_applicable,>10 years,false,0.3.0,0,0,0,not_applicable,not_applicable,proposed
map_edbcbc27d16bb72d,ipcc_0084,geohydrological_disasters,vulnerability,,,,,not_eligible,not_required,not_applicable,not_applicable,5-10 years,false,0.3.0,0,0,0,not_applicable,not_applicable,proposed
map_9b6aa6cb51f6a7d2,ipcc_0084,geohydrological_disasters,exposure,,,,,not_eligible,not_required,not_applicable,not_applicable,5-10 years,false,0.3.0,0,0,0,not_applicable,not_applicable,proposed
map_6d4b3231a61e5902,ipcc_0085,geohydrological_disasters,vulnerability,,,,,not_eligible,not_required,not_applicable,not_applicable,5-10 years,false,0.3.0,0,0,0,not_applicable,not_applicable,proposed
map_dd1f7efeb6cbd822,ipcc_0085,geohydrological_disasters,exposure,,,,,not_eligible,not_required,not_applicable,not_applicable,5-10 years,false,0.3.0,0,0,0,not_applicable,not_applicable,proposed
map_9ce0ed31b49d1348,ipcc_0086,geohydrological_disasters,vulnerability,,,,,not_eligible,not_required,not_applicable,not_applicable,5-10 years,false,0.3.0,0,0,0,not_applicable,not_applicable,proposed
map_46cfb89b9485ffc6,ipcc_0086,geohydrological_disasters,exposure,,,,,not_eligible,not_required,not_applicable,not_applicable,5-10 years,false,0.3.0,0,0,0,not_applicable,not_applicable,proposed
map_ecad48645751ae86,ipcc_0087,geohydrological_disasters,vulnerability,60001,Landslide,60022,Actions to reduce risk,eligible,complete,medium,broad,5-10 years,false,0.3.0,10,2,0,proposed_evidence,pending,proposed
map_ecad48645751ae86,ipcc_0087,geohydrological_disasters,vulnerability,60001,Landslide,60027,Housing governance,eligible,complete,medium,broad,5-10 years,false,0.3.0,10,2,0,proposed_evidence,pending,proposed
map_ecad48645751ae86,ipcc_0087,geohydrological_disasters,vulnerability,60001,Landslide,60028,Transport governance,eligible,complete,medium,broad,5-10 years,false,0.3.0,10,2,0,proposed_evidence,pending,proposed
map_ecad48645751ae86,ipcc_0087,geohydrological_disasters,vulnerability,60001,Landslide,60034,Inappropriate households,eligible,complete,medium,broad,5-10 years,false,0.3.0,10,2,0,proposed_evidence,pending,proposed
map_ecad48645751ae86,ipcc_0087,geohydrological_disasters,vulnerability,60001,Landslide,60035,Lack of urban mobility,eligible,complete,medium,broad,5-10 years,false,0.3.0,10,2,0,proposed_evidence,pending,proposed
map_ecad48645751ae86,ipcc_0087,geohydrological_disasters,vulnerability,60001,Landslide,60036,Inaccessibility to cities,eligible,complete,medium,broad,5-10 years,false,0.3.0,10,2,0,proposed_evidence,pending,proposed
map_ecad48645751ae86,ipcc_0087,geohydrological_disasters,vulnerability,60001,Landslide,60037,Basic sanitation,eligible,complete,medium,broad,5-10 years,false,0.3.0,10,2,0,proposed_evidence,pending,proposed
map_ecad48645751ae86,ipcc_0087,geohydrological_disasters,vulnerability,60001,Landslide,60038,Drainage,eligible,complete,medium,broad,5-10 years,false,0.3.0,10,2,0,proposed_evidence,pending,proposed
map_ecad48645751ae86,ipcc_0087,geohydrological_disasters,vulnerability,60041,"Floods, flash floods, and urban flooding",60062,Actions to reduce risk,eligible,complete,medium,broad,5-10 years,false,0.3.0,10,2,0,proposed_evidence,pending,proposed
map_ecad48645751ae86,ipcc_0087,geohydrological_disasters,vulnerability,60041,"Floods, flash floods, and urban flooding",60067,Housing governance,eligible,complete,medium,broad,5-10 years,false,0.3.0,10,2,0,proposed_evidence,pending,proposed
map_ecad48645751ae86,ipcc_0087,geohydrological_disasters,vulnerability,60041,"Floods, flash floods, and urban flooding",60068,Transport governance,eligible,complete,medium,broad,5-10 years,false,0.3.0,10,2,0,proposed_evidence,pending,proposed
map_ecad48645751ae86,ipcc_0087,geohydrological_disasters,vulnerability,60041,"Floods, flash floods, and urban flooding",60074,Inappropriate households,eligible,complete,medium,broad,5-10 years,false,0.3.0,10,2,0,proposed_evidence,pending,proposed
map_ecad48645751ae86,ipcc_0087,geohydrological_disasters,vulnerability,60041,"Floods, flash floods, and urban flooding",60075,Lack of urban mobility,eligible,complete,medium,broad,5-10 years,false,0.3.0,10,2,0,proposed_evidence,pending,proposed
map_ecad48645751ae86,ipcc_0087,geohydrological_disasters,vulnerability,60041,"Floods, flash floods, and urban flooding",60076,Inaccessibility to cities,eligible,complete,medium,broad,5-10 years,false,0.3.0,10,2,0,proposed_evidence,pending,proposed
map_ecad48645751ae86,ipcc_0087,geohydrological_disasters,vulnerability,60041,"Floods, flash floods, and urban flooding",60077,Basic sanitation,eligible,complete,medium,broad,5-10 years,false,0.3.0,10,2,0,proposed_evidence,pending,proposed
map_ecad48645751ae86,ipcc_0087,geohydrological_disasters,vulnerability,60041,"Floods, flash floods, and urban flooding",60078,Drainage,eligible,complete,medium,broad,5-10 years,false,0.3.0,10,2,0,proposed_evidence,pending,proposed
map_52e2496936762580,ipcc_0087,geohydrological_disasters,exposure,,,,,not_eligible,not_required,not_applicable,not_applicable,5-10 years,false,0.3.0,0,0,0,not_applicable,not_applicable,proposed
map_3abf74f6f37b6db3,ipcc_0088,geohydrological_disasters,vulnerability,60001,Landslide,60021,Urban occupation management in risk areas,eligible,complete,medium,broad,5-10 years,false,0.3.0,10,2,0,proposed_evidence,pending,proposed
map_3abf74f6f37b6db3,ipcc_0088,geohydrological_disasters,vulnerability,60001,Landslide,60022,Actions to reduce risk,eligible,complete,medium,broad,5-10 years,false,0.3.0,10,2,0,proposed_evidence,pending,proposed
map_3abf74f6f37b6db3,ipcc_0088,geohydrological_disasters,vulnerability,60001,Landslide,60025,Land use and occupation,eligible,complete,medium,broad,5-10 years,false,0.3.0,10,2,0,proposed_evidence,pending,proposed
map_3abf74f6f37b6db3,ipcc_0088,geohydrological_disasters,vulnerability,60001,Landslide,60027,Housing governance,eligible,complete,medium,broad,5-10 years,false,0.3.0,10,2,0,proposed_evidence,pending,proposed
map_3abf74f6f37b6db3,ipcc_0088,geohydrological_disasters,vulnerability,60001,Landslide,60034,Inappropriate households,eligible,complete,medium,broad,5-10 years,false,0.3.0,10,2,0,proposed_evidence,pending,proposed
map_3abf74f6f37b6db3,ipcc_0088,geohydrological_disasters,vulnerability,60041,"Floods, flash floods, and urban flooding",60061,Urban occupation management in risk areas,eligible,complete,medium,broad,5-10 years,false,0.3.0,10,2,0,proposed_evidence,pending,proposed
map_3abf74f6f37b6db3,ipcc_0088,geohydrological_disasters,vulnerability,60041,"Floods, flash floods, and urban flooding",60062,Actions to reduce risk,eligible,complete,medium,broad,5-10 years,false,0.3.0,10,2,0,proposed_evidence,pending,proposed
map_3abf74f6f37b6db3,ipcc_0088,geohydrological_disasters,vulnerability,60041,"Floods, flash floods, and urban flooding",60065,Land use and occupation,eligible,complete,medium,broad,5-10 years,false,0.3.0,10,2,0,proposed_evidence,pending,proposed
map_3abf74f6f37b6db3,ipcc_0088,geohydrological_disasters,vulnerability,60041,"Floods, flash floods, and urban flooding",60067,Housing governance,eligible,complete,medium,broad,5-10 years,false,0.3.0,10,2,0,proposed_evidence,pending,proposed
map_3abf74f6f37b6db3,ipcc_0088,geohydrological_disasters,vulnerability,60041,"Floods, flash floods, and urban flooding",60074,Inappropriate households,eligible,complete,medium,broad,5-10 years,false,0.3.0,10,2,0,proposed_evidence,pending,proposed
map_6fc4263c575c7672,ipcc_0088,geohydrological_disasters,exposure,,,,,not_eligible,not_required,not_applicable,not_applicable,5-10 years,false,0.3.0,0,0,0,not_applicable,not_applicable,proposed
map_6e685cb283c25dc9,ipcc_0089,geohydrological_disasters,vulnerability,60001,Landslide,60021,Urban occupation management in risk areas,eligible,complete,medium,broad,5-10 years,false,0.3.0,10,2,0,proposed_evidence,pending,proposed
map_6e685cb283c25dc9,ipcc_0089,geohydrological_disasters,vulnerability,60001,Landslide,60022,Actions to reduce risk,eligible,complete,medium,broad,5-10 years,false,0.3.0,10,2,0,proposed_evidence,pending,proposed
map_6e685cb283c25dc9,ipcc_0089,geohydrological_disasters,vulnerability,60001,Landslide,60025,Land use and occupation,eligible,complete,medium,broad,5-10 years,false,0.3.0,10,2,0,proposed_evidence,pending,proposed
map_6e685cb283c25dc9,ipcc_0089,geohydrological_disasters,vulnerability,60041,"Floods, flash floods, and urban flooding",60061,Urban occupation management in risk areas,eligible,complete,medium,broad,5-10 years,false,0.3.0,10,2,0,proposed_evidence,pending,proposed
map_6e685cb283c25dc9,ipcc_0089,geohydrological_disasters,vulnerability,60041,"Floods, flash floods, and urban flooding",60062,Actions to reduce risk,eligible,complete,medium,broad,5-10 years,false,0.3.0,10,2,0,proposed_evidence,pending,proposed
map_6e685cb283c25dc9,ipcc_0089,geohydrological_disasters,vulnerability,60041,"Floods, flash floods, and urban flooding",60065,Land use and occupation,eligible,complete,medium,broad,5-10 years,false,0.3.0,10,2,0,proposed_evidence,pending,proposed
map_2d634e56fdd7260c,ipcc_0089,geohydrological_disasters,exposure,60001,Landslide,60039,Households in risk areas,eligible,complete,medium,moderate,5-10 years,false,0.3.0,10,1,0,proposed_evidence,pending,proposed
map_2d634e56fdd7260c,ipcc_0089,geohydrological_disasters,exposure,60001,Landslide,60040,Urban population density,eligible,complete,medium,moderate,5-10 years,false,0.3.0,10,1,0,proposed_evidence,pending,proposed
map_2d634e56fdd7260c,ipcc_0089,geohydrological_disasters,exposure,60041,"Floods, flash floods, and urban flooding",60079,Households in risk areas,eligible,complete,medium,moderate,5-10 years,false,0.3.0,10,1,0,proposed_evidence,pending,proposed
map_2d634e56fdd7260c,ipcc_0089,geohydrological_disasters,exposure,60041,"Floods, flash floods, and urban flooding",60080,Urban population density,eligible,complete,medium,moderate,5-10 years,false,0.3.0,10,1,0,proposed_evidence,pending,proposed
map_2b57ecc71ba713ea,ipcc_0090,geohydrological_disasters,vulnerability,60001,Landslide,60014,Investment in adaptation policies,eligible,complete,medium,broad,<5 years,false,0.3.0,10,2,0,proposed_evidence,pending,proposed
map_2b57ecc71ba713ea,ipcc_0090,geohydrological_disasters,vulnerability,60001,Landslide,60015,Tax management,eligible,complete,medium,broad,<5 years,false,0.3.0,10,2,0,proposed_evidence,pending,proposed
map_2b57ecc71ba713ea,ipcc_0090,geohydrological_disasters,vulnerability,60001,Landslide,60016,Employment and income,eligible,complete,medium,broad,<5 years,false,0.3.0,10,2,0,proposed_evidence,pending,proposed
map_2b57ecc71ba713ea,ipcc_0090,geohydrological_disasters,vulnerability,60001,Landslide,60017,Gross domestic product by urban area,eligible,complete,medium,broad,<5 years,false,0.3.0,10,2,0,proposed_evidence,pending,proposed
map_2b57ecc71ba713ea,ipcc_0090,geohydrological_disasters,vulnerability,60041,"Floods, flash floods, and urban flooding",60054,Investment in adaptation policies,eligible,complete,medium,broad,<5 years,false,0.3.0,10,2,0,proposed_evidence,pending,proposed
map_2b57ecc71ba713ea,ipcc_0090,geohydrological_disasters,vulnerability,60041,"Floods, flash floods, and urban flooding",60055,Tax management,eligible,complete,medium,broad,<5 years,false,0.3.0,10,2,0,proposed_evidence,pending,proposed
map_2b57ecc71ba713ea,ipcc_0090,geohydrological_disasters,vulnerability,60041,"Floods, flash floods, and urban flooding",60056,Employment and income,eligible,complete,medium,broad,<5 years,false,0.3.0,10,2,0,proposed_evidence,pending,proposed
map_2b57ecc71ba713ea,ipcc_0090,geohydrological_disasters,vulnerability,60041,"Floods, flash floods, and urban flooding",60057,Gross domestic product by urban area,eligible,complete,medium,broad,<5 years,false,0.3.0,10,2,0,proposed_evidence,pending,proposed
map_30392907dea760c2,ipcc_0090,geohydrological_disasters,exposure,,,,,not_eligible,not_required,not_applicable,not_applicable,<5 years,false,0.3.0,0,0,0,not_applicable,not_applicable,proposed
map_ba97c6a331b52d20,ipcc_0091,geohydrological_disasters,vulnerability,60001,Landslide,60016,Employment and income,eligible,complete,medium,moderate,<5 years,false,0.3.0,10,1,0,proposed_evidence,pending,proposed
map_ba97c6a331b52d20,ipcc_0091,geohydrological_disasters,vulnerability,60001,Landslide,60017,Gross domestic product by urban area,eligible,complete,medium,moderate,<5 years,false,0.3.0,10,1,0,proposed_evidence,pending,proposed
map_ba97c6a331b52d20,ipcc_0091,geohydrological_disasters,vulnerability,60001,Landslide,60033,Income inequality,eligible,complete,medium,moderate,<5 years,false,0.3.0,10,1,0,proposed_evidence,pending,proposed
map_ba97c6a331b52d20,ipcc_0091,geohydrological_disasters,vulnerability,60041,"Floods, flash floods, and urban flooding",60056,Employment and income,eligible,complete,medium,moderate,<5 years,false,0.3.0,10,1,0,proposed_evidence,pending,proposed
map_ba97c6a331b52d20,ipcc_0091,geohydrological_disasters,vulnerability,60041,"Floods, flash floods, and urban flooding",60057,Gross domestic product by urban area,eligible,complete,medium,moderate,<5 years,false,0.3.0,10,1,0,proposed_evidence,pending,proposed
map_ba97c6a331b52d20,ipcc_0091,geohydrological_disasters,vulnerability,60041,"Floods, flash floods, and urban flooding",60073,Income inequality,eligible,complete,medium,moderate,<5 years,false,0.3.0,10,1,0,proposed_evidence,pending,proposed
map_f51562c7a8f18d4e,ipcc_0091,geohydrological_disasters,exposure,,,,,not_eligible,not_required,not_applicable,not_applicable,<5 years,false,0.3.0,0,0,0,not_applicable,not_applicable,proposed
map_963b7aa8547c9881,ipcc_0092,geohydrological_disasters,vulnerability,60001,Landslide,60016,Employment and income,eligible,complete,medium,moderate,5-10 years,false,0.3.0,10,1,0,proposed_evidence,pending,proposed
map_963b7aa8547c9881,ipcc_0092,geohydrological_disasters,vulnerability,60001,Landslide,60031,Population with special demands,eligible,complete,medium,moderate,5-10 years,false,0.3.0,10,1,0,proposed_evidence,pending,proposed
map_963b7aa8547c9881,ipcc_0092,geohydrological_disasters,vulnerability,60001,Landslide,60033,Income inequality,eligible,complete,medium,moderate,5-10 years,false,0.3.0,10,1,0,proposed_evidence,pending,proposed
map_963b7aa8547c9881,ipcc_0092,geohydrological_disasters,vulnerability,60041,"Floods, flash floods, and urban flooding",60056,Employment and income,eligible,complete,medium,moderate,5-10 years,false,0.3.0,10,1,0,proposed_evidence,pending,proposed
map_963b7aa8547c9881,ipcc_0092,geohydrological_disasters,vulnerability,60041,"Floods, flash floods, and urban flooding",60071,Population with special demands,eligible,complete,medium,moderate,5-10 years,false,0.3.0,10,1,0,proposed_evidence,pending,proposed
map_963b7aa8547c9881,ipcc_0092,geohydrological_disasters,vulnerability,60041,"Floods, flash floods, and urban flooding",60073,Income inequality,eligible,complete,medium,moderate,5-10 years,false,0.3.0,10,1,0,proposed_evidence,pending,proposed
map_02da3704a78dfddd,ipcc_0092,geohydrological_disasters,exposure,,,,,not_eligible,not_required,not_applicable,not_applicable,5-10 years,false,0.3.0,0,0,0,not_applicable,not_applicable,proposed
map_2bb815a63ed2572c,ipcc_0094,geohydrological_disasters,vulnerability,60001,Landslide,60029,Healthcare facilities,eligible,complete,none_demonstrated,none,5-10 years,false,0.3.0,10,0,0,proposed_evidence,pending,proposed
map_2bb815a63ed2572c,ipcc_0094,geohydrological_disasters,vulnerability,60041,"Floods, flash floods, and urban flooding",60069,Healthcare facilities,eligible,complete,none_demonstrated,none,5-10 years,false,0.3.0,10,0,0,proposed_evidence,pending,proposed
map_6b661df9eb527368,ipcc_0094,geohydrological_disasters,exposure,,,,,not_eligible,not_required,not_applicable,not_applicable,5-10 years,false,0.3.0,0,0,0,not_applicable,not_applicable,proposed
map_ec885bc669a589b3,ipcc_0096,geohydrological_disasters,vulnerability,,,,,not_eligible,not_required,not_applicable,not_applicable,5-10 years,false,0.3.0,0,0,0,not_applicable,not_applicable,proposed
map_8db6725cd58b03d1,ipcc_0096,geohydrological_disasters,exposure,,,,,not_eligible,not_required,not_applicable,not_applicable,5-10 years,false,0.3.0,0,0,0,not_applicable,not_applicable,proposed
map_2ac297c81613d645,ipcc_0097,geohydrological_disasters,vulnerability,,,,,not_eligible,not_required,not_applicable,not_applicable,5-10 years,false,0.3.0,0,0,0,not_applicable,not_applicable,proposed
map_0e8d242d75619967,ipcc_0097,geohydrological_disasters,exposure,,,,,not_eligible,not_required,not_applicable,not_applicable,5-10 years,false,0.3.0,0,0,0,not_applicable,not_applicable,proposed
map_e16625a51ed1eb24,ipcc_0098,geohydrological_disasters,vulnerability,,,,,not_eligible,not_required,not_applicable,not_applicable,5-10 years,false,0.3.0,0,0,0,not_applicable,not_applicable,proposed
map_41181432d6750dba,ipcc_0098,geohydrological_disasters,exposure,,,,,not_eligible,not_required,not_applicable,not_applicable,5-10 years,false,0.3.0,0,0,0,not_applicable,not_applicable,proposed
map_381147c77e6bf1b6,ipcc_0099,geohydrological_disasters,vulnerability,60041,"Floods, flash floods, and urban flooding",60062,Actions to reduce risk,eligible,complete,low,limited,5-10 years,false,0.3.0,10,1,0,proposed_evidence,pending,proposed
map_381147c77e6bf1b6,ipcc_0099,geohydrological_disasters,vulnerability,60041,"Floods, flash floods, and urban flooding",60078,Drainage,eligible,complete,low,limited,5-10 years,false,0.3.0,10,1,0,proposed_evidence,pending,proposed
map_ff8f17739b53a15b,ipcc_0099,geohydrological_disasters,exposure,,,,,not_eligible,not_required,not_applicable,not_applicable,5-10 years,false,0.3.0,0,0,0,not_applicable,not_applicable,proposed
map_2cc960f8c029dab5,ipcc_0100,geohydrological_disasters,vulnerability,,,,,not_eligible,not_required,not_applicable,not_applicable,5-10 years,false,0.3.0,0,0,0,not_applicable,not_applicable,proposed
map_c515e1595d81e797,ipcc_0100,geohydrological_disasters,exposure,,,,,not_eligible,not_required,not_applicable,not_applicable,5-10 years,false,0.3.0,0,0,0,not_applicable,not_applicable,proposed
map_7dfd50e0a7c2e142,ipcc_0101,geohydrological_disasters,vulnerability,60001,Landslide,60030,Municipal basic sanitation plan,eligible,complete,medium,limited,5-10 years,false,0.3.0,10,2,0,proposed_evidence,pending,proposed
map_7dfd50e0a7c2e142,ipcc_0101,geohydrological_disasters,vulnerability,60001,Landslide,60037,Basic sanitation,eligible,complete,medium,limited,5-10 years,false,0.3.0,10,2,0,proposed_evidence,pending,proposed
map_7dfd50e0a7c2e142,ipcc_0101,geohydrological_disasters,vulnerability,60001,Landslide,60038,Drainage,eligible,complete,medium,limited,5-10 years,false,0.3.0,10,2,0,proposed_evidence,pending,proposed
map_7dfd50e0a7c2e142,ipcc_0101,geohydrological_disasters,vulnerability,60041,"Floods, flash floods, and urban flooding",60062,Actions to reduce risk,eligible,complete,medium,limited,5-10 years,false,0.3.0,10,2,0,proposed_evidence,pending,proposed
map_7dfd50e0a7c2e142,ipcc_0101,geohydrological_disasters,vulnerability,60041,"Floods, flash floods, and urban flooding",60070,Municipal basic sanitation plan,eligible,complete,medium,limited,5-10 years,false,0.3.0,10,2,0,proposed_evidence,pending,proposed
map_7dfd50e0a7c2e142,ipcc_0101,geohydrological_disasters,vulnerability,60041,"Floods, flash floods, and urban flooding",60077,Basic sanitation,eligible,complete,medium,limited,5-10 years,false,0.3.0,10,2,0,proposed_evidence,pending,proposed
map_7dfd50e0a7c2e142,ipcc_0101,geohydrological_disasters,vulnerability,60041,"Floods, flash floods, and urban flooding",60078,Drainage,eligible,complete,medium,limited,5-10 years,false,0.3.0,10,2,0,proposed_evidence,pending,proposed
map_74ef1b0b899a299c,ipcc_0101,geohydrological_disasters,exposure,,,,,not_eligible,not_required,not_applicable,not_applicable,5-10 years,false,0.3.0,0,0,0,not_applicable,not_applicable,proposed
map_1dedc1acfd19e507,ipcc_0102,geohydrological_disasters,vulnerability,,,,,not_eligible,not_required,not_applicable,not_applicable,5-10 years,false,0.3.0,0,0,0,not_applicable,not_applicable,proposed
map_4777274fe7d2ee98,ipcc_0102,geohydrological_disasters,exposure,,,,,not_eligible,not_required,not_applicable,not_applicable,5-10 years,false,0.3.0,0,0,0,not_applicable,not_applicable,proposed
map_e67f9a2a019687b6,ipcc_0103,geohydrological_disasters,vulnerability,60001,Landslide,60019,Institutions for risk management,eligible,complete,low,moderate,5-10 years,false,0.3.0,10,1,0,proposed_evidence,pending,proposed
map_e67f9a2a019687b6,ipcc_0103,geohydrological_disasters,vulnerability,60001,Landslide,60025,Land use and occupation,eligible,complete,low,moderate,5-10 years,false,0.3.0,10,1,0,proposed_evidence,pending,proposed
map_e67f9a2a019687b6,ipcc_0103,geohydrological_disasters,vulnerability,60001,Landslide,60026,Environmental governance,eligible,complete,low,moderate,5-10 years,false,0.3.0,10,1,0,proposed_evidence,pending,proposed
map_e67f9a2a019687b6,ipcc_0103,geohydrological_disasters,vulnerability,60041,"Floods, flash floods, and urban flooding",60059,Institutions for risk management,eligible,complete,low,moderate,5-10 years,false,0.3.0,10,1,0,proposed_evidence,pending,proposed
map_e67f9a2a019687b6,ipcc_0103,geohydrological_disasters,vulnerability,60041,"Floods, flash floods, and urban flooding",60065,Land use and occupation,eligible,complete,low,moderate,5-10 years,false,0.3.0,10,1,0,proposed_evidence,pending,proposed
map_e67f9a2a019687b6,ipcc_0103,geohydrological_disasters,vulnerability,60041,"Floods, flash floods, and urban flooding",60066,Environmental governance,eligible,complete,low,moderate,5-10 years,false,0.3.0,10,1,0,proposed_evidence,pending,proposed
map_0f31144faba7d374,ipcc_0103,geohydrological_disasters,exposure,,,,,not_eligible,not_required,not_applicable,not_applicable,5-10 years,false,0.3.0,0,0,0,not_applicable,not_applicable,proposed
map_412abadddffecae0,ipcc_0104,geohydrological_disasters,vulnerability,60001,Landslide,60021,Urban occupation management in risk areas,eligible,complete,medium,moderate,5-10 years,false,0.3.0,10,2,0,proposed_evidence,pending,proposed
map_412abadddffecae0,ipcc_0104,geohydrological_disasters,vulnerability,60001,Landslide,60027,Housing governance,eligible,complete,medium,moderate,5-10 years,false,0.3.0,10,2,0,proposed_evidence,pending,proposed
map_412abadddffecae0,ipcc_0104,geohydrological_disasters,vulnerability,60001,Landslide,60034,Inappropriate households,eligible,complete,medium,moderate,5-10 years,false,0.3.0,10,2,0,proposed_evidence,pending,proposed
map_412abadddffecae0,ipcc_0104,geohydrological_disasters,vulnerability,60041,"Floods, flash floods, and urban flooding",60061,Urban occupation management in risk areas,eligible,complete,medium,moderate,5-10 years,false,0.3.0,10,2,0,proposed_evidence,pending,proposed
map_412abadddffecae0,ipcc_0104,geohydrological_disasters,vulnerability,60041,"Floods, flash floods, and urban flooding",60067,Housing governance,eligible,complete,medium,moderate,5-10 years,false,0.3.0,10,2,0,proposed_evidence,pending,proposed
map_412abadddffecae0,ipcc_0104,geohydrological_disasters,vulnerability,60041,"Floods, flash floods, and urban flooding",60074,Inappropriate households,eligible,complete,medium,moderate,5-10 years,false,0.3.0,10,2,0,proposed_evidence,pending,proposed
map_753088bc338fe202,ipcc_0104,geohydrological_disasters,exposure,60001,Landslide,60039,Households in risk areas,eligible,complete,medium,moderate,5-10 years,false,0.3.0,10,2,0,proposed_evidence,pending,proposed
map_753088bc338fe202,ipcc_0104,geohydrological_disasters,exposure,60001,Landslide,60040,Urban population density,eligible,complete,medium,moderate,5-10 years,false,0.3.0,10,2,0,proposed_evidence,pending,proposed
map_753088bc338fe202,ipcc_0104,geohydrological_disasters,exposure,60041,"Floods, flash floods, and urban flooding",60079,Households in risk areas,eligible,complete,medium,moderate,5-10 years,false,0.3.0,10,2,0,proposed_evidence,pending,proposed
map_753088bc338fe202,ipcc_0104,geohydrological_disasters,exposure,60041,"Floods, flash floods, and urban flooding",60080,Urban population density,eligible,complete,medium,moderate,5-10 years,false,0.3.0,10,2,0,proposed_evidence,pending,proposed
map_f395486c3de1438f,c40_0046,health,vulnerability,,,,,not_eligible,not_required,not_applicable,not_applicable,5-10 years,false,0.3.0,0,0,0,not_applicable,not_applicable,proposed
map_953339366c9fcf6d,c40_0046,health,exposure,,,,,not_eligible,not_required,not_applicable,not_applicable,5-10 years,false,0.3.0,0,0,0,not_applicable,not_applicable,proposed
map_e0751c40fe95c325,c40_0048,health,vulnerability,50001,Malaria,50013,No access to adequate sanitation,eligible,complete,low,moderate,5-10 years,false,0.3.0,6,1,0,proposed_evidence,pending,proposed
map_e0751c40fe95c325,c40_0048,health,vulnerability,50076,"Arboviruses dengue, zika and chikungunya",50089,Water supply,eligible,complete,low,moderate,5-10 years,false,0.3.0,6,1,0,proposed_evidence,pending,proposed
map_e0751c40fe95c325,c40_0048,health,vulnerability,50076,"Arboviruses dengue, zika and chikungunya",50092,"Incidence of arboviruses dengue, zika and chikungunya",eligible,complete,low,moderate,5-10 years,false,0.3.0,6,1,0,proposed_evidence,pending,proposed
map_f4942a8ee56a3ab1,c40_0048,health,exposure,,,,,not_eligible,not_required,not_applicable,not_applicable,5-10 years,false,0.3.0,0,0,0,not_applicable,not_applicable,proposed
map_3a8e4ae36dd2ab50,c40_0049,health,vulnerability,,,,,not_eligible,not_required,not_applicable,not_applicable,<5 years,false,0.3.0,0,0,0,not_applicable,not_applicable,proposed
map_5281aeb9acbf56fe,c40_0049,health,exposure,,,,,not_eligible,not_required,not_applicable,not_applicable,<5 years,false,0.3.0,0,0,0,not_applicable,not_applicable,proposed
map_1e1f8216632d2b04,c40_0051,health,vulnerability,,,,,not_eligible,not_required,not_applicable,not_applicable,<5 years,false,0.3.0,0,0,0,not_applicable,not_applicable,proposed
map_e1b219e2aeca4f4f,c40_0051,health,exposure,,,,,not_eligible,not_required,not_applicable,not_applicable,<5 years,false,0.3.0,0,0,0,not_applicable,not_applicable,proposed
map_adc59d2cf1c63f02,c40_0052,health,vulnerability,,,,,not_eligible,not_required,not_applicable,not_applicable,5-10 years,false,0.3.0,0,0,0,not_applicable,not_applicable,proposed
map_9094f6f7881dd17e,c40_0052,health,exposure,,,,,not_eligible,not_required,not_applicable,not_applicable,5-10 years,false,0.3.0,0,0,0,not_applicable,not_applicable,proposed
map_8d6b8c459a484fa8,c40_0053,health,vulnerability,50076,"Arboviruses dengue, zika and chikungunya",50089,Water supply,eligible,complete,low,moderate,5-10 years,false,0.3.0,6,1,0,proposed_evidence,pending,proposed
map_8d6b8c459a484fa8,c40_0053,health,vulnerability,50076,"Arboviruses dengue, zika and chikungunya",50090,Presence of cistern,eligible,complete,low,moderate,5-10 years,false,0.3.0,6,1,0,proposed_evidence,pending,proposed
map_18755deb9fa1f46c,c40_0053,health,exposure,,,,,not_eligible,not_required,not_applicable,not_applicable,5-10 years,false,0.3.0,0,0,0,not_applicable,not_applicable,proposed
map_31779ca1e37a71ad,c40_0056,health,vulnerability,50001,Malaria,50013,No access to adequate sanitation,eligible,complete,low,moderate,<5 years,false,0.3.0,6,1,0,proposed_evidence,pending,proposed
map_31779ca1e37a71ad,c40_0056,health,vulnerability,50076,"Arboviruses dengue, zika and chikungunya",50089,Water supply,eligible,complete,low,moderate,<5 years,false,0.3.0,6,1,0,proposed_evidence,pending,proposed
map_2b40f8464fa67457,c40_0056,health,exposure,50001,Malaria,50026,Bodies of water,eligible,complete,none_demonstrated,none,<5 years,false,0.3.0,6,0,0,proposed_evidence,pending,proposed
map_2b40f8464fa67457,c40_0056,health,exposure,50030,American cutaneous leishmaniasis,50050,Natural coverage,eligible,complete,none_demonstrated,none,<5 years,false,0.3.0,6,0,0,proposed_evidence,pending,proposed
map_2b40f8464fa67457,c40_0056,health,exposure,50055,Visceral leishmaniasis,50072,Natural coverage,eligible,complete,none_demonstrated,none,<5 years,false,0.3.0,6,0,0,proposed_evidence,pending,proposed
map_2b40f8464fa67457,c40_0056,health,exposure,50076,"Arboviruses dengue, zika and chikungunya",50098,Bodies of water,eligible,complete,none_demonstrated,none,<5 years,false,0.3.0,6,0,0,proposed_evidence,pending,proposed
map_5bbea872952e73bc,c40_0062,health,vulnerability,,,,,not_eligible,not_required,not_applicable,not_applicable,5-10 years,false,0.3.0,0,0,0,not_applicable,not_applicable,proposed
map_94f9a812276938ed,c40_0062,health,exposure,,,,,not_eligible,not_required,not_applicable,not_applicable,5-10 years,false,0.3.0,0,0,0,not_applicable,not_applicable,proposed
map_5debeae171458f54,icare_0144,health,vulnerability,,,,,not_eligible,not_required,not_applicable,not_applicable,<5 years,false,0.3.0,0,0,0,not_applicable,not_applicable,proposed
map_6b8a8152f1d47500,icare_0144,health,exposure,,,,,not_eligible,not_required,not_applicable,not_applicable,<5 years,false,0.3.0,0,0,0,not_applicable,not_applicable,proposed
map_318c5df3d82b2513,icare_0145,health,vulnerability,50001,Malaria,50019,Basic care coverage,eligible,complete,high,broad,>10 years,false,0.3.0,6,2,0,proposed_evidence,pending,proposed
map_318c5df3d82b2513,icare_0145,health,vulnerability,50001,Malaria,50020,Access to diagnosis and treatment,eligible,complete,high,broad,>10 years,false,0.3.0,6,2,0,proposed_evidence,pending,proposed
map_318c5df3d82b2513,icare_0145,health,vulnerability,50030,American cutaneous leishmaniasis,50046,Basic care coverage,eligible,complete,high,broad,>10 years,false,0.3.0,6,2,0,proposed_evidence,pending,proposed
map_318c5df3d82b2513,icare_0145,health,vulnerability,50055,Visceral leishmaniasis,50069,Basic care coverage,eligible,complete,high,broad,>10 years,false,0.3.0,6,2,0,proposed_evidence,pending,proposed
map_318c5df3d82b2513,icare_0145,health,vulnerability,50076,"Arboviruses dengue, zika and chikungunya",50093,Basic care coverage,eligible,complete,high,broad,>10 years,false,0.3.0,6,2,0,proposed_evidence,pending,proposed
map_3d543e5e11688c52,icare_0145,health,exposure,,,,,not_eligible,not_required,not_applicable,not_applicable,>10 years,false,0.3.0,0,0,0,not_applicable,not_applicable,proposed
map_e9e41fb22c97b921,icare_0154,health,vulnerability,50030,American cutaneous leishmaniasis,50042,Households without access to garbage collection,eligible,complete,low,moderate,<5 years,false,0.3.0,6,1,0,proposed_evidence,pending,proposed
map_e9e41fb22c97b921,icare_0154,health,vulnerability,50055,Visceral leishmaniasis,50066,Households without access to garbage collection,eligible,complete,low,moderate,<5 years,false,0.3.0,6,1,0,proposed_evidence,pending,proposed
map_e9e41fb22c97b921,icare_0154,health,vulnerability,50076,"Arboviruses dengue, zika and chikungunya",50088,Households without access to garbage collection,eligible,complete,low,moderate,<5 years,false,0.3.0,6,1,0,proposed_evidence,pending,proposed
map_e9e41fb22c97b921,icare_0154,health,vulnerability,50076,"Arboviruses dengue, zika and chikungunya",50089,Water supply,eligible,complete,low,moderate,<5 years,false,0.3.0,6,1,0,proposed_evidence,pending,proposed
map_e9e41fb22c97b921,icare_0154,health,vulnerability,50076,"Arboviruses dengue, zika and chikungunya",50092,"Incidence of arboviruses dengue, zika and chikungunya",eligible,complete,low,moderate,<5 years,false,0.3.0,6,1,0,proposed_evidence,pending,proposed
map_b772c94847714ea3,icare_0154,health,exposure,,,,,not_eligible,not_required,not_applicable,not_applicable,<5 years,false,0.3.0,0,0,0,not_applicable,not_applicable,proposed
map_4b4aa54fb0e3a2d1,icare_0156,health,vulnerability,,,,,not_eligible,not_required,not_applicable,not_applicable,<5 years,false,0.3.0,0,0,0,not_applicable,not_applicable,proposed
map_2228c0319c5f8fec,icare_0156,health,exposure,,,,,not_eligible,not_required,not_applicable,not_applicable,<5 years,false,0.3.0,0,0,0,not_applicable,not_applicable,proposed
map_7b63e8a0a28e7bb7,icare_0160,health,vulnerability,,,,,not_eligible,not_required,not_applicable,not_applicable,<5 years,false,0.3.0,0,0,0,not_applicable,not_applicable,proposed
map_7de852c4d2ff0983,icare_0160,health,exposure,,,,,not_eligible,not_required,not_applicable,not_applicable,<5 years,false,0.3.0,0,0,0,not_applicable,not_applicable,proposed
map_2118b847ab56c847,icare_0162,health,vulnerability,,,,,not_eligible,not_required,not_applicable,not_applicable,5-10 years,false,0.3.0,0,0,0,not_applicable,not_applicable,proposed
map_a1a249f6b49a2b83,icare_0162,health,exposure,50001,Malaria,50024,Deforestation,eligible,complete,none_demonstrated,none,5-10 years,false,0.3.0,6,0,0,proposed_evidence,pending,proposed
map_a1a249f6b49a2b83,icare_0162,health,exposure,50030,American cutaneous leishmaniasis,50050,Natural coverage,eligible,complete,none_demonstrated,none,5-10 years,false,0.3.0,6,0,0,proposed_evidence,pending,proposed
map_a1a249f6b49a2b83,icare_0162,health,exposure,50055,Visceral leishmaniasis,50072,Natural coverage,eligible,complete,none_demonstrated,none,5-10 years,false,0.3.0,6,0,0,proposed_evidence,pending,proposed
map_a1a249f6b49a2b83,icare_0162,health,exposure,50076,"Arboviruses dengue, zika and chikungunya",50097,Deforestation,eligible,complete,none_demonstrated,none,5-10 years,false,0.3.0,6,0,0,proposed_evidence,pending,proposed
map_78942c91a36a6bf6,icare_0163,health,vulnerability,,,,,not_eligible,not_required,not_applicable,not_applicable,<5 years,false,0.3.0,0,0,0,not_applicable,not_applicable,proposed
map_79bba62ea1b7636c,icare_0163,health,exposure,50001,Malaria,50024,Deforestation,eligible,complete,none_demonstrated,none,<5 years,false,0.3.0,6,0,0,proposed_evidence,pending,proposed
map_79bba62ea1b7636c,icare_0163,health,exposure,50076,"Arboviruses dengue, zika and chikungunya",50097,Deforestation,eligible,complete,none_demonstrated,none,<5 years,false,0.3.0,6,0,0,proposed_evidence,pending,proposed
map_15fbfa7582f489de,icare_0164,health,vulnerability,,,,,not_eligible,not_required,not_applicable,not_applicable,<5 years,false,0.3.0,0,0,0,not_applicable,not_applicable,proposed
map_2107bed3431b9f9e,icare_0164,health,exposure,,,,,not_eligible,not_required,not_applicable,not_applicable,<5 years,false,0.3.0,0,0,0,not_applicable,not_applicable,proposed
map_ebc66d6e84747a63,icare_0165,health,vulnerability,,,,,not_eligible,not_required,not_applicable,not_applicable,<5 years,false,0.3.0,0,0,0,not_applicable,not_applicable,proposed
map_2f7df9754e9caf80,icare_0165,health,exposure,,,,,not_eligible,not_required,not_applicable,not_applicable,<5 years,false,0.3.0,0,0,0,not_applicable,not_applicable,proposed
map_dd8c75e20d87e99d,icare_0169,health,vulnerability,,,,,not_eligible,not_required,not_applicable,not_applicable,5-10 years,false,0.3.0,0,0,0,not_applicable,not_applicable,proposed
map_167154d1fa49f0a8,icare_0169,health,exposure,,,,,not_eligible,not_required,not_applicable,not_applicable,5-10 years,false,0.3.0,0,0,0,not_applicable,not_applicable,proposed
map_b2a3bad8ac226df0,icare_0170,health,vulnerability,50001,Malaria,50013,No access to adequate sanitation,eligible,complete,low,moderate,>10 years,false,0.3.0,6,1,0,proposed_evidence,pending,proposed
map_b2a3bad8ac226df0,icare_0170,health,vulnerability,50030,American cutaneous leishmaniasis,50042,Households without access to garbage collection,eligible,complete,low,moderate,>10 years,false,0.3.0,6,1,0,proposed_evidence,pending,proposed
map_b2a3bad8ac226df0,icare_0170,health,vulnerability,50055,Visceral leishmaniasis,50066,Households without access to garbage collection,eligible,complete,low,moderate,>10 years,false,0.3.0,6,1,0,proposed_evidence,pending,proposed
map_b2a3bad8ac226df0,icare_0170,health,vulnerability,50076,"Arboviruses dengue, zika and chikungunya",50088,Households without access to garbage collection,eligible,complete,low,moderate,>10 years,false,0.3.0,6,1,0,proposed_evidence,pending,proposed
map_b2a3bad8ac226df0,icare_0170,health,vulnerability,50076,"Arboviruses dengue, zika and chikungunya",50089,Water supply,eligible,complete,low,moderate,>10 years,false,0.3.0,6,1,0,proposed_evidence,pending,proposed
map_981dba0bd4e89304,icare_0170,health,exposure,50001,Malaria,50022,Settlements,eligible,complete,medium,moderate,>10 years,false,0.3.0,6,1,0,proposed_evidence,pending,proposed
map_981dba0bd4e89304,icare_0170,health,exposure,50001,Malaria,50025,Rural population,eligible,complete,medium,moderate,>10 years,false,0.3.0,6,1,0,proposed_evidence,pending,proposed
map_981dba0bd4e89304,icare_0170,health,exposure,50030,American cutaneous leishmaniasis,50048,Settlements,eligible,complete,medium,moderate,>10 years,false,0.3.0,6,1,0,proposed_evidence,pending,proposed
map_981dba0bd4e89304,icare_0170,health,exposure,50030,American cutaneous leishmaniasis,50049,Informal settlements,eligible,complete,medium,moderate,>10 years,false,0.3.0,6,1,0,proposed_evidence,pending,proposed
map_981dba0bd4e89304,icare_0170,health,exposure,50055,Visceral leishmaniasis,50071,Settlements,eligible,complete,medium,moderate,>10 years,false,0.3.0,6,1,0,proposed_evidence,pending,proposed
map_981dba0bd4e89304,icare_0170,health,exposure,50076,"Arboviruses dengue, zika and chikungunya",50094,Population density,eligible,complete,medium,moderate,>10 years,false,0.3.0,6,1,0,proposed_evidence,pending,proposed
map_981dba0bd4e89304,icare_0170,health,exposure,50076,"Arboviruses dengue, zika and chikungunya",50096,Informal settlements,eligible,complete,medium,moderate,>10 years,false,0.3.0,6,1,0,proposed_evidence,pending,proposed
map_0b8a4767d45e0df6,icare_0171,health,vulnerability,,,,,not_eligible,not_required,not_applicable,not_applicable,5-10 years,false,0.3.0,0,0,0,not_applicable,not_applicable,proposed
map_a8cee352f045985d,icare_0171,health,exposure,,,,,not_eligible,not_required,not_applicable,not_applicable,5-10 years,false,0.3.0,0,0,0,not_applicable,not_applicable,proposed
map_8b9af712d44364cf,icare_0172,health,vulnerability,,,,,not_eligible,not_required,not_applicable,not_applicable,<5 years,false,0.3.0,0,0,0,not_applicable,not_applicable,proposed
map_37ebba02ad15fac4,icare_0172,health,exposure,,,,,not_eligible,not_required,not_applicable,not_applicable,<5 years,false,0.3.0,0,0,0,not_applicable,not_applicable,proposed
map_436b1a1db86052d9,icare_0173,health,vulnerability,50030,American cutaneous leishmaniasis,50042,Households without access to garbage collection,eligible,complete,low,moderate,5-10 years,false,0.3.0,6,1,0,proposed_evidence,pending,proposed
map_436b1a1db86052d9,icare_0173,health,vulnerability,50055,Visceral leishmaniasis,50066,Households without access to garbage collection,eligible,complete,low,moderate,5-10 years,false,0.3.0,6,1,0,proposed_evidence,pending,proposed
map_436b1a1db86052d9,icare_0173,health,vulnerability,50076,"Arboviruses dengue, zika and chikungunya",50088,Households without access to garbage collection,eligible,complete,low,moderate,5-10 years,false,0.3.0,6,1,0,proposed_evidence,pending,proposed
map_436b1a1db86052d9,icare_0173,health,vulnerability,50076,"Arboviruses dengue, zika and chikungunya",50089,Water supply,eligible,complete,low,moderate,5-10 years,false,0.3.0,6,1,0,proposed_evidence,pending,proposed
map_436b1a1db86052d9,icare_0173,health,vulnerability,50076,"Arboviruses dengue, zika and chikungunya",50092,"Incidence of arboviruses dengue, zika and chikungunya",eligible,complete,low,moderate,5-10 years,false,0.3.0,6,1,0,proposed_evidence,pending,proposed
map_57139ba9b137542f,icare_0173,health,exposure,,,,,not_eligible,not_required,not_applicable,not_applicable,5-10 years,false,0.3.0,0,0,0,not_applicable,not_applicable,proposed
map_847e81f612654280,icare_0176,health,vulnerability,,,,,not_eligible,not_required,not_applicable,not_applicable,<5 years,false,0.3.0,0,0,0,not_applicable,not_applicable,proposed
map_ae27743f49509750,icare_0176,health,exposure,,,,,not_eligible,not_required,not_applicable,not_applicable,<5 years,false,0.3.0,0,0,0,not_applicable,not_applicable,proposed
map_d6cf01a1dce9a1ae,icare_0178,health,vulnerability,,,,,not_eligible,not_required,not_applicable,not_applicable,<5 years,false,0.3.0,0,0,0,not_applicable,not_applicable,proposed
map_accbdb79211226fb,icare_0178,health,exposure,50001,Malaria,50022,Settlements,eligible,complete,medium,moderate,<5 years,false,0.3.0,6,1,0,proposed_evidence,pending,proposed
map_accbdb79211226fb,icare_0178,health,exposure,50001,Malaria,50025,Rural population,eligible,complete,medium,moderate,<5 years,false,0.3.0,6,1,0,proposed_evidence,pending,proposed
map_accbdb79211226fb,icare_0178,health,exposure,50030,American cutaneous leishmaniasis,50048,Settlements,eligible,complete,medium,moderate,<5 years,false,0.3.0,6,1,0,proposed_evidence,pending,proposed
map_accbdb79211226fb,icare_0178,health,exposure,50030,American cutaneous leishmaniasis,50049,Informal settlements,eligible,complete,medium,moderate,<5 years,false,0.3.0,6,1,0,proposed_evidence,pending,proposed
map_accbdb79211226fb,icare_0178,health,exposure,50055,Visceral leishmaniasis,50071,Settlements,eligible,complete,medium,moderate,<5 years,false,0.3.0,6,1,0,proposed_evidence,pending,proposed
map_accbdb79211226fb,icare_0178,health,exposure,50076,"Arboviruses dengue, zika and chikungunya",50094,Population density,eligible,complete,medium,moderate,<5 years,false,0.3.0,6,1,0,proposed_evidence,pending,proposed
map_accbdb79211226fb,icare_0178,health,exposure,50076,"Arboviruses dengue, zika and chikungunya",50096,Informal settlements,eligible,complete,medium,moderate,<5 years,false,0.3.0,6,1,0,proposed_evidence,pending,proposed
map_67628d64de9ee761,icare_0180,health,vulnerability,,,,,not_eligible,not_required,not_applicable,not_applicable,<5 years,false,0.3.0,0,0,0,not_applicable,not_applicable,proposed
map_4118dc5d44db0a08,icare_0180,health,exposure,50001,Malaria,50026,Bodies of water,eligible,complete,low,moderate,<5 years,false,0.3.0,6,1,0,proposed_evidence,pending,proposed
map_4118dc5d44db0a08,icare_0180,health,exposure,50030,American cutaneous leishmaniasis,50050,Natural coverage,eligible,complete,low,moderate,<5 years,false,0.3.0,6,1,0,proposed_evidence,pending,proposed
map_4118dc5d44db0a08,icare_0180,health,exposure,50055,Visceral leishmaniasis,50072,Natural coverage,eligible,complete,low,moderate,<5 years,false,0.3.0,6,1,0,proposed_evidence,pending,proposed
map_4118dc5d44db0a08,icare_0180,health,exposure,50076,"Arboviruses dengue, zika and chikungunya",50098,Bodies of water,eligible,complete,low,moderate,<5 years,false,0.3.0,6,1,0,proposed_evidence,pending,proposed
map_e32a5207b291914b,icare_0181,health,vulnerability,50001,Malaria,50013,No access to adequate sanitation,eligible,complete,low,moderate,5-10 years,false,0.3.0,6,1,0,proposed_evidence,pending,proposed
map_e32a5207b291914b,icare_0181,health,vulnerability,50030,American cutaneous leishmaniasis,50042,Households without access to garbage collection,eligible,complete,low,moderate,5-10 years,false,0.3.0,6,1,0,proposed_evidence,pending,proposed
map_e32a5207b291914b,icare_0181,health,vulnerability,50055,Visceral leishmaniasis,50066,Households without access to garbage collection,eligible,complete,low,moderate,5-10 years,false,0.3.0,6,1,0,proposed_evidence,pending,proposed
map_e32a5207b291914b,icare_0181,health,vulnerability,50076,"Arboviruses dengue, zika and chikungunya",50088,Households without access to garbage collection,eligible,complete,low,moderate,5-10 years,false,0.3.0,6,1,0,proposed_evidence,pending,proposed
map_e32a5207b291914b,icare_0181,health,vulnerability,50076,"Arboviruses dengue, zika and chikungunya",50089,Water supply,eligible,complete,low,moderate,5-10 years,false,0.3.0,6,1,0,proposed_evidence,pending,proposed
map_ca2ab39ac1ee7f73,icare_0181,health,exposure,50001,Malaria,50022,Settlements,eligible,complete,medium,moderate,5-10 years,false,0.3.0,6,1,0,proposed_evidence,pending,proposed
map_ca2ab39ac1ee7f73,icare_0181,health,exposure,50001,Malaria,50025,Rural population,eligible,complete,medium,moderate,5-10 years,false,0.3.0,6,1,0,proposed_evidence,pending,proposed
map_ca2ab39ac1ee7f73,icare_0181,health,exposure,50030,American cutaneous leishmaniasis,50048,Settlements,eligible,complete,medium,moderate,5-10 years,false,0.3.0,6,1,0,proposed_evidence,pending,proposed
map_ca2ab39ac1ee7f73,icare_0181,health,exposure,50030,American cutaneous leishmaniasis,50049,Informal settlements,eligible,complete,medium,moderate,5-10 years,false,0.3.0,6,1,0,proposed_evidence,pending,proposed
map_ca2ab39ac1ee7f73,icare_0181,health,exposure,50055,Visceral leishmaniasis,50071,Settlements,eligible,complete,medium,moderate,5-10 years,false,0.3.0,6,1,0,proposed_evidence,pending,proposed
map_ca2ab39ac1ee7f73,icare_0181,health,exposure,50076,"Arboviruses dengue, zika and chikungunya",50094,Population density,eligible,complete,medium,moderate,5-10 years,false,0.3.0,6,1,0,proposed_evidence,pending,proposed
map_ca2ab39ac1ee7f73,icare_0181,health,exposure,50076,"Arboviruses dengue, zika and chikungunya",50096,Informal settlements,eligible,complete,medium,moderate,5-10 years,false,0.3.0,6,1,0,proposed_evidence,pending,proposed
map_910e52ff83d8616f,icare_0182,health,vulnerability,,,,,not_eligible,not_required,not_applicable,not_applicable,5-10 years,false,0.3.0,0,0,0,not_applicable,not_applicable,proposed
map_84fb6be10414bf9d,icare_0182,health,exposure,50001,Malaria,50024,Deforestation,eligible,complete,low,moderate,5-10 years,false,0.3.0,6,1,0,proposed_evidence,pending,proposed
map_84fb6be10414bf9d,icare_0182,health,exposure,50030,American cutaneous leishmaniasis,50050,Natural coverage,eligible,complete,low,moderate,5-10 years,false,0.3.0,6,1,0,proposed_evidence,pending,proposed
map_84fb6be10414bf9d,icare_0182,health,exposure,50055,Visceral leishmaniasis,50072,Natural coverage,eligible,complete,low,moderate,5-10 years,false,0.3.0,6,1,0,proposed_evidence,pending,proposed
map_84fb6be10414bf9d,icare_0182,health,exposure,50076,"Arboviruses dengue, zika and chikungunya",50097,Deforestation,eligible,complete,low,moderate,5-10 years,false,0.3.0,6,1,0,proposed_evidence,pending,proposed
map_f2b6c6d705b181a2,icare_0183,health,vulnerability,,,,,not_eligible,not_required,not_applicable,not_applicable,5-10 years,false,0.3.0,0,0,0,not_applicable,not_applicable,proposed
map_af4ced90026153cd,icare_0183,health,exposure,,,,,not_eligible,not_required,not_applicable,not_applicable,5-10 years,false,0.3.0,0,0,0,not_applicable,not_applicable,proposed
map_312317d79e5aa1bb,icare_0184,health,vulnerability,,,,,not_eligible,not_required,not_applicable,not_applicable,5-10 years,false,0.3.0,0,0,0,not_applicable,not_applicable,proposed
map_cb3f679c2a81ae61,icare_0184,health,exposure,,,,,not_eligible,not_required,not_applicable,not_applicable,5-10 years,false,0.3.0,0,0,0,not_applicable,not_applicable,proposed
map_aedbe9e6ae7f2bc9,icare_0185,health,vulnerability,50001,Malaria,50017,Ipa,eligible,complete,medium,moderate,5-10 years,false,0.3.0,6,1,0,proposed_evidence,pending,proposed
map_aedbe9e6ae7f2bc9,icare_0185,health,vulnerability,50001,Malaria,50018,falciparum malaria,eligible,complete,medium,moderate,5-10 years,false,0.3.0,6,1,0,proposed_evidence,pending,proposed
map_aedbe9e6ae7f2bc9,icare_0185,health,vulnerability,50001,Malaria,50020,Access to diagnosis and treatment,eligible,complete,medium,moderate,5-10 years,false,0.3.0,6,1,0,proposed_evidence,pending,proposed
map_aedbe9e6ae7f2bc9,icare_0185,health,vulnerability,50030,American cutaneous leishmaniasis,50045,Incidence of American cutaneous leishmaniasis,eligible,complete,medium,moderate,5-10 years,false,0.3.0,6,1,0,proposed_evidence,pending,proposed
map_aedbe9e6ae7f2bc9,icare_0185,health,vulnerability,50055,Visceral leishmaniasis,50068,Incidence of visceral leishmaniasis,eligible,complete,medium,moderate,5-10 years,false,0.3.0,6,1,0,proposed_evidence,pending,proposed
map_aedbe9e6ae7f2bc9,icare_0185,health,vulnerability,50076,"Arboviruses dengue, zika and chikungunya",50092,"Incidence of arboviruses dengue, zika and chikungunya",eligible,complete,medium,moderate,5-10 years,false,0.3.0,6,1,0,proposed_evidence,pending,proposed
map_a2c9fa478265413e,icare_0185,health,exposure,,,,,not_eligible,not_required,not_applicable,not_applicable,5-10 years,false,0.3.0,0,0,0,not_applicable,not_applicable,proposed
map_55572447081ca312,icare_0186,health,vulnerability,,,,,not_eligible,not_required,not_applicable,not_applicable,5-10 years,false,0.3.0,0,0,0,not_applicable,not_applicable,proposed
map_a3481a07d41d3eff,icare_0186,health,exposure,50001,Malaria,50026,Bodies of water,eligible,complete,none_demonstrated,none,5-10 years,false,0.3.0,6,0,0,proposed_evidence,pending,proposed
map_a3481a07d41d3eff,icare_0186,health,exposure,50030,American cutaneous leishmaniasis,50050,Natural coverage,eligible,complete,none_demonstrated,none,5-10 years,false,0.3.0,6,0,0,proposed_evidence,pending,proposed
map_a3481a07d41d3eff,icare_0186,health,exposure,50055,Visceral leishmaniasis,50072,Natural coverage,eligible,complete,none_demonstrated,none,5-10 years,false,0.3.0,6,0,0,proposed_evidence,pending,proposed
map_a3481a07d41d3eff,icare_0186,health,exposure,50076,"Arboviruses dengue, zika and chikungunya",50098,Bodies of water,eligible,complete,none_demonstrated,none,5-10 years,false,0.3.0,6,0,0,proposed_evidence,pending,proposed
map_587266a770b0d277,icare_0188,health,vulnerability,,,,,not_eligible,not_required,not_applicable,not_applicable,5-10 years,false,0.3.0,0,0,0,not_applicable,not_applicable,proposed
map_393b364527853f8c,icare_0188,health,exposure,,,,,not_eligible,not_required,not_applicable,not_applicable,5-10 years,false,0.3.0,0,0,0,not_applicable,not_applicable,proposed
map_0c4aae45f465be77,ipcc_0078,health,vulnerability,,,,,not_eligible,not_required,not_applicable,not_applicable,5-10 years,false,0.3.0,0,0,0,not_applicable,not_applicable,proposed
map_6824fdef948d3b99,ipcc_0078,health,exposure,,,,,not_eligible,not_required,not_applicable,not_applicable,5-10 years,false,0.3.0,0,0,0,not_applicable,not_applicable,proposed
map_e605b31167401cf2,ipcc_0083,health,vulnerability,,,,,not_eligible,not_required,not_applicable,not_applicable,>10 years,false,0.3.0,0,0,0,not_applicable,not_applicable,proposed
map_359518773e8e9fae,ipcc_0083,health,exposure,,,,,not_eligible,not_required,not_applicable,not_applicable,>10 years,false,0.3.0,0,0,0,not_applicable,not_applicable,proposed
map_813ad66f5af9a76a,ipcc_0084,health,vulnerability,,,,,not_eligible,not_required,not_applicable,not_applicable,5-10 years,false,0.3.0,0,0,0,not_applicable,not_applicable,proposed
map_26a58aa1b0f6f039,ipcc_0084,health,exposure,50001,Malaria,50024,Deforestation,eligible,complete,low,moderate,5-10 years,false,0.3.0,6,1,0,proposed_evidence,pending,proposed
map_26a58aa1b0f6f039,ipcc_0084,health,exposure,50001,Malaria,50026,Bodies of water,eligible,complete,low,moderate,5-10 years,false,0.3.0,6,1,0,proposed_evidence,pending,proposed
map_26a58aa1b0f6f039,ipcc_0084,health,exposure,50030,American cutaneous leishmaniasis,50050,Natural coverage,eligible,complete,low,moderate,5-10 years,false,0.3.0,6,1,0,proposed_evidence,pending,proposed
map_26a58aa1b0f6f039,ipcc_0084,health,exposure,50055,Visceral leishmaniasis,50072,Natural coverage,eligible,complete,low,moderate,5-10 years,false,0.3.0,6,1,0,proposed_evidence,pending,proposed
map_26a58aa1b0f6f039,ipcc_0084,health,exposure,50076,"Arboviruses dengue, zika and chikungunya",50097,Deforestation,eligible,complete,low,moderate,5-10 years,false,0.3.0,6,1,0,proposed_evidence,pending,proposed
map_26a58aa1b0f6f039,ipcc_0084,health,exposure,50076,"Arboviruses dengue, zika and chikungunya",50098,Bodies of water,eligible,complete,low,moderate,5-10 years,false,0.3.0,6,1,0,proposed_evidence,pending,proposed
map_2f57d184af94262d,ipcc_0085,health,vulnerability,,,,,not_eligible,not_required,not_applicable,not_applicable,5-10 years,false,0.3.0,0,0,0,not_applicable,not_applicable,proposed
map_a770eaa513783f24,ipcc_0085,health,exposure,50001,Malaria,50024,Deforestation,eligible,complete,low,moderate,5-10 years,false,0.3.0,6,1,0,proposed_evidence,pending,proposed
map_a770eaa513783f24,ipcc_0085,health,exposure,50001,Malaria,50026,Bodies of water,eligible,complete,low,moderate,5-10 years,false,0.3.0,6,1,0,proposed_evidence,pending,proposed
map_a770eaa513783f24,ipcc_0085,health,exposure,50030,American cutaneous leishmaniasis,50050,Natural coverage,eligible,complete,low,moderate,5-10 years,false,0.3.0,6,1,0,proposed_evidence,pending,proposed
map_a770eaa513783f24,ipcc_0085,health,exposure,50055,Visceral leishmaniasis,50072,Natural coverage,eligible,complete,low,moderate,5-10 years,false,0.3.0,6,1,0,proposed_evidence,pending,proposed
map_a770eaa513783f24,ipcc_0085,health,exposure,50076,"Arboviruses dengue, zika and chikungunya",50097,Deforestation,eligible,complete,low,moderate,5-10 years,false,0.3.0,6,1,0,proposed_evidence,pending,proposed
map_a770eaa513783f24,ipcc_0085,health,exposure,50076,"Arboviruses dengue, zika and chikungunya",50098,Bodies of water,eligible,complete,low,moderate,5-10 years,false,0.3.0,6,1,0,proposed_evidence,pending,proposed
map_11119bb26e825749,ipcc_0086,health,vulnerability,,,,,not_eligible,not_required,not_applicable,not_applicable,5-10 years,false,0.3.0,0,0,0,not_applicable,not_applicable,proposed
map_57c3f4abc540ad56,ipcc_0086,health,exposure,50001,Malaria,50024,Deforestation,eligible,complete,low,moderate,5-10 years,false,0.3.0,6,1,0,proposed_evidence,pending,proposed
map_57c3f4abc540ad56,ipcc_0086,health,exposure,50001,Malaria,50026,Bodies of water,eligible,complete,low,moderate,5-10 years,false,0.3.0,6,1,0,proposed_evidence,pending,proposed
map_57c3f4abc540ad56,ipcc_0086,health,exposure,50030,American cutaneous leishmaniasis,50050,Natural coverage,eligible,complete,low,moderate,5-10 years,false,0.3.0,6,1,0,proposed_evidence,pending,proposed
map_57c3f4abc540ad56,ipcc_0086,health,exposure,50055,Visceral leishmaniasis,50072,Natural coverage,eligible,complete,low,moderate,5-10 years,false,0.3.0,6,1,0,proposed_evidence,pending,proposed
map_57c3f4abc540ad56,ipcc_0086,health,exposure,50076,"Arboviruses dengue, zika and chikungunya",50097,Deforestation,eligible,complete,low,moderate,5-10 years,false,0.3.0,6,1,0,proposed_evidence,pending,proposed
map_57c3f4abc540ad56,ipcc_0086,health,exposure,50076,"Arboviruses dengue, zika and chikungunya",50098,Bodies of water,eligible,complete,low,moderate,5-10 years,false,0.3.0,6,1,0,proposed_evidence,pending,proposed
map_ded283e1a9a341e0,ipcc_0087,health,vulnerability,,,,,not_eligible,not_required,not_applicable,not_applicable,5-10 years,false,0.3.0,0,0,0,not_applicable,not_applicable,proposed
map_4c8bb165e11e4060,ipcc_0087,health,exposure,,,,,not_eligible,not_required,not_applicable,not_applicable,5-10 years,false,0.3.0,0,0,0,not_applicable,not_applicable,proposed
map_dc3b929ae79106d8,ipcc_0088,health,vulnerability,,,,,not_eligible,not_required,not_applicable,not_applicable,5-10 years,false,0.3.0,0,0,0,not_applicable,not_applicable,proposed
map_fb3d55624881eba5,ipcc_0088,health,exposure,,,,,not_eligible,not_required,not_applicable,not_applicable,5-10 years,false,0.3.0,0,0,0,not_applicable,not_applicable,proposed
map_372c06a825354fcc,ipcc_0089,health,vulnerability,,,,,not_eligible,not_required,not_applicable,not_applicable,5-10 years,false,0.3.0,0,0,0,not_applicable,not_applicable,proposed
map_8f8bd468421f72a9,ipcc_0089,health,exposure,50001,Malaria,50022,Settlements,eligible,complete,medium,moderate,5-10 years,false,0.3.0,6,1,0,proposed_evidence,pending,proposed
map_8f8bd468421f72a9,ipcc_0089,health,exposure,50001,Malaria,50024,Deforestation,eligible,complete,medium,moderate,5-10 years,false,0.3.0,6,1,0,proposed_evidence,pending,proposed
map_8f8bd468421f72a9,ipcc_0089,health,exposure,50030,American cutaneous leishmaniasis,50048,Settlements,eligible,complete,medium,moderate,5-10 years,false,0.3.0,6,1,0,proposed_evidence,pending,proposed
map_8f8bd468421f72a9,ipcc_0089,health,exposure,50030,American cutaneous leishmaniasis,50049,Informal settlements,eligible,complete,medium,moderate,5-10 years,false,0.3.0,6,1,0,proposed_evidence,pending,proposed
map_8f8bd468421f72a9,ipcc_0089,health,exposure,50030,American cutaneous leishmaniasis,50050,Natural coverage,eligible,complete,medium,moderate,5-10 years,false,0.3.0,6,1,0,proposed_evidence,pending,proposed
map_8f8bd468421f72a9,ipcc_0089,health,exposure,50055,Visceral leishmaniasis,50071,Settlements,eligible,complete,medium,moderate,5-10 years,false,0.3.0,6,1,0,proposed_evidence,pending,proposed
map_8f8bd468421f72a9,ipcc_0089,health,exposure,50055,Visceral leishmaniasis,50072,Natural coverage,eligible,complete,medium,moderate,5-10 years,false,0.3.0,6,1,0,proposed_evidence,pending,proposed
map_8f8bd468421f72a9,ipcc_0089,health,exposure,50076,"Arboviruses dengue, zika and chikungunya",50094,Population density,eligible,complete,medium,moderate,5-10 years,false,0.3.0,6,1,0,proposed_evidence,pending,proposed
map_8f8bd468421f72a9,ipcc_0089,health,exposure,50076,"Arboviruses dengue, zika and chikungunya",50096,Informal settlements,eligible,complete,medium,moderate,5-10 years,false,0.3.0,6,1,0,proposed_evidence,pending,proposed
map_8f8bd468421f72a9,ipcc_0089,health,exposure,50076,"Arboviruses dengue, zika and chikungunya",50097,Deforestation,eligible,complete,medium,moderate,5-10 years,false,0.3.0,6,1,0,proposed_evidence,pending,proposed
map_c699f71f52bc35c5,ipcc_0090,health,vulnerability,,,,,not_eligible,not_required,not_applicable,not_applicable,<5 years,false,0.3.0,0,0,0,not_applicable,not_applicable,proposed
map_5e644364546e4794,ipcc_0090,health,exposure,,,,,not_eligible,not_required,not_applicable,not_applicable,<5 years,false,0.3.0,0,0,0,not_applicable,not_applicable,proposed
map_1f3aed01a34e28ee,ipcc_0091,health,vulnerability,,,,,not_eligible,not_required,not_applicable,not_applicable,<5 years,false,0.3.0,0,0,0,not_applicable,not_applicable,proposed
map_effd3338f4906cd4,ipcc_0091,health,exposure,,,,,not_eligible,not_required,not_applicable,not_applicable,<5 years,false,0.3.0,0,0,0,not_applicable,not_applicable,proposed
map_4303e38cd3ce62ab,ipcc_0092,health,vulnerability,,,,,not_eligible,not_required,not_applicable,not_applicable,5-10 years,false,0.3.0,0,0,0,not_applicable,not_applicable,proposed
map_098b135a4be82f9a,ipcc_0092,health,exposure,,,,,not_eligible,not_required,not_applicable,not_applicable,5-10 years,false,0.3.0,0,0,0,not_applicable,not_applicable,proposed
map_7a91b60272d0e46c,ipcc_0094,health,vulnerability,50001,Malaria,50019,Basic care coverage,eligible,complete,high,broad,5-10 years,false,0.3.0,6,2,0,proposed_evidence,pending,proposed
map_7a91b60272d0e46c,ipcc_0094,health,vulnerability,50001,Malaria,50020,Access to diagnosis and treatment,eligible,complete,high,broad,5-10 years,false,0.3.0,6,2,0,proposed_evidence,pending,proposed
map_7a91b60272d0e46c,ipcc_0094,health,vulnerability,50030,American cutaneous leishmaniasis,50046,Basic care coverage,eligible,complete,high,broad,5-10 years,false,0.3.0,6,2,0,proposed_evidence,pending,proposed
map_7a91b60272d0e46c,ipcc_0094,health,vulnerability,50055,Visceral leishmaniasis,50069,Basic care coverage,eligible,complete,high,broad,5-10 years,false,0.3.0,6,2,0,proposed_evidence,pending,proposed
map_7a91b60272d0e46c,ipcc_0094,health,vulnerability,50076,"Arboviruses dengue, zika and chikungunya",50093,Basic care coverage,eligible,complete,high,broad,5-10 years,false,0.3.0,6,2,0,proposed_evidence,pending,proposed
map_67d5ddb20136932d,ipcc_0094,health,exposure,,,,,not_eligible,not_required,not_applicable,not_applicable,5-10 years,false,0.3.0,0,0,0,not_applicable,not_applicable,proposed
map_9748bec1bb762566,ipcc_0096,health,vulnerability,,,,,not_eligible,not_required,not_applicable,not_applicable,5-10 years,false,0.3.0,0,0,0,not_applicable,not_applicable,proposed
map_9fee94dd8891d31f,ipcc_0096,health,exposure,50030,American cutaneous leishmaniasis,50051,Agricultural coverage,eligible,complete,none_demonstrated,none,5-10 years,false,0.3.0,6,0,0,proposed_evidence,pending,proposed
map_7c5cc850f2b281d6,ipcc_0097,health,vulnerability,,,,,not_eligible,not_required,not_applicable,not_applicable,5-10 years,false,0.3.0,0,0,0,not_applicable,not_applicable,proposed
map_31bb7b72b249c13f,ipcc_0097,health,exposure,,,,,not_eligible,not_required,not_applicable,not_applicable,5-10 years,false,0.3.0,0,0,0,not_applicable,not_applicable,proposed
map_b6d736e36635e729,ipcc_0098,health,vulnerability,,,,,not_eligible,not_required,not_applicable,not_applicable,5-10 years,false,0.3.0,0,0,0,not_applicable,not_applicable,proposed
map_410904eaaa7f1f47,ipcc_0098,health,exposure,,,,,not_eligible,not_required,not_applicable,not_applicable,5-10 years,false,0.3.0,0,0,0,not_applicable,not_applicable,proposed
map_ad3ab7eff8a3cd70,ipcc_0099,health,vulnerability,50076,"Arboviruses dengue, zika and chikungunya",50089,Water supply,eligible,complete,low,moderate,5-10 years,false,0.3.0,6,1,0,proposed_evidence,pending,proposed
map_ad3ab7eff8a3cd70,ipcc_0099,health,vulnerability,50076,"Arboviruses dengue, zika and chikungunya",50090,Presence of cistern,eligible,complete,low,moderate,5-10 years,false,0.3.0,6,1,0,proposed_evidence,pending,proposed
map_ad3ab7eff8a3cd70,ipcc_0099,health,vulnerability,50076,"Arboviruses dengue, zika and chikungunya",50092,"Incidence of arboviruses dengue, zika and chikungunya",eligible,complete,low,moderate,5-10 years,false,0.3.0,6,1,0,proposed_evidence,pending,proposed
map_437ec4d20bf80343,ipcc_0099,health,exposure,50001,Malaria,50026,Bodies of water,eligible,complete,none_demonstrated,none,5-10 years,false,0.3.0,6,0,0,proposed_evidence,pending,proposed
map_437ec4d20bf80343,ipcc_0099,health,exposure,50076,"Arboviruses dengue, zika and chikungunya",50098,Bodies of water,eligible,complete,none_demonstrated,none,5-10 years,false,0.3.0,6,0,0,proposed_evidence,pending,proposed
map_e761fc6e4f9b6f97,ipcc_0100,health,vulnerability,50076,"Arboviruses dengue, zika and chikungunya",50089,Water supply,eligible,complete,low,moderate,5-10 years,false,0.3.0,6,1,0,proposed_evidence,pending,proposed
map_27bcbc27876c492a,ipcc_0100,health,exposure,,,,,not_eligible,not_required,not_applicable,not_applicable,5-10 years,false,0.3.0,0,0,0,not_applicable,not_applicable,proposed
map_dae48c58916da2c6,ipcc_0101,health,vulnerability,50001,Malaria,50013,No access to adequate sanitation,eligible,complete,low,moderate,5-10 years,false,0.3.0,6,1,0,proposed_evidence,pending,proposed
map_dae48c58916da2c6,ipcc_0101,health,vulnerability,50076,"Arboviruses dengue, zika and chikungunya",50089,Water supply,eligible,complete,low,moderate,5-10 years,false,0.3.0,6,1,0,proposed_evidence,pending,proposed
map_dae48c58916da2c6,ipcc_0101,health,vulnerability,50076,"Arboviruses dengue, zika and chikungunya",50090,Presence of cistern,eligible,complete,low,moderate,5-10 years,false,0.3.0,6,1,0,proposed_evidence,pending,proposed
map_dae48c58916da2c6,ipcc_0101,health,vulnerability,50076,"Arboviruses dengue, zika and chikungunya",50092,"Incidence of arboviruses dengue, zika and chikungunya",eligible,complete,low,moderate,5-10 years,false,0.3.0,6,1,0,proposed_evidence,pending,proposed
map_026854c37af3bd18,ipcc_0101,health,exposure,50001,Malaria,50026,Bodies of water,eligible,complete,none_demonstrated,none,5-10 years,false,0.3.0,6,0,0,proposed_evidence,pending,proposed
map_026854c37af3bd18,ipcc_0101,health,exposure,50076,"Arboviruses dengue, zika and chikungunya",50098,Bodies of water,eligible,complete,none_demonstrated,none,5-10 years,false,0.3.0,6,0,0,proposed_evidence,pending,proposed
map_4cf5dde80676b902,ipcc_0102,health,vulnerability,50001,Malaria,50016,Recent immigration,eligible,complete,low,moderate,5-10 years,false,0.3.0,6,1,0,proposed_evidence,pending,proposed
map_4cf5dde80676b902,ipcc_0102,health,vulnerability,50030,American cutaneous leishmaniasis,50044,Recent immigration,eligible,complete,low,moderate,5-10 years,false,0.3.0,6,1,0,proposed_evidence,pending,proposed
map_2d3d8617d190e8af,ipcc_0102,health,exposure,50001,Malaria,50022,Settlements,eligible,complete,low,moderate,5-10 years,false,0.3.0,6,1,0,proposed_evidence,pending,proposed
map_2d3d8617d190e8af,ipcc_0102,health,exposure,50001,Malaria,50025,Rural population,eligible,complete,low,moderate,5-10 years,false,0.3.0,6,1,0,proposed_evidence,pending,proposed
map_2d3d8617d190e8af,ipcc_0102,health,exposure,50030,American cutaneous leishmaniasis,50048,Settlements,eligible,complete,low,moderate,5-10 years,false,0.3.0,6,1,0,proposed_evidence,pending,proposed
map_2d3d8617d190e8af,ipcc_0102,health,exposure,50030,American cutaneous leishmaniasis,50049,Informal settlements,eligible,complete,low,moderate,5-10 years,false,0.3.0,6,1,0,proposed_evidence,pending,proposed
map_2d3d8617d190e8af,ipcc_0102,health,exposure,50055,Visceral leishmaniasis,50071,Settlements,eligible,complete,low,moderate,5-10 years,false,0.3.0,6,1,0,proposed_evidence,pending,proposed
map_2d3d8617d190e8af,ipcc_0102,health,exposure,50076,"Arboviruses dengue, zika and chikungunya",50094,Population density,eligible,complete,low,moderate,5-10 years,false,0.3.0,6,1,0,proposed_evidence,pending,proposed
map_2d3d8617d190e8af,ipcc_0102,health,exposure,50076,"Arboviruses dengue, zika and chikungunya",50096,Informal settlements,eligible,complete,low,moderate,5-10 years,false,0.3.0,6,1,0,proposed_evidence,pending,proposed
map_35e7ade22da16d8e,ipcc_0103,health,vulnerability,,,,,not_eligible,not_required,not_applicable,not_applicable,5-10 years,false,0.3.0,0,0,0,not_applicable,not_applicable,proposed
map_ca8190730507363f,ipcc_0103,health,exposure,,,,,not_eligible,not_required,not_applicable,not_applicable,5-10 years,false,0.3.0,0,0,0,not_applicable,not_applicable,proposed
map_d99386337770ec85,ipcc_0104,health,vulnerability,50001,Malaria,50016,Recent immigration,eligible,complete,low,moderate,5-10 years,false,0.3.0,6,1,0,proposed_evidence,pending,proposed
map_d99386337770ec85,ipcc_0104,health,vulnerability,50030,American cutaneous leishmaniasis,50044,Recent immigration,eligible,complete,low,moderate,5-10 years,false,0.3.0,6,1,0,proposed_evidence,pending,proposed
map_03aaab0feed12adb,ipcc_0104,health,exposure,50001,Malaria,50022,Settlements,eligible,complete,low,moderate,5-10 years,false,0.3.0,6,1,0,proposed_evidence,pending,proposed
map_03aaab0feed12adb,ipcc_0104,health,exposure,50001,Malaria,50025,Rural population,eligible,complete,low,moderate,5-10 years,false,0.3.0,6,1,0,proposed_evidence,pending,proposed
map_03aaab0feed12adb,ipcc_0104,health,exposure,50030,American cutaneous leishmaniasis,50048,Settlements,eligible,complete,low,moderate,5-10 years,false,0.3.0,6,1,0,proposed_evidence,pending,proposed
map_03aaab0feed12adb,ipcc_0104,health,exposure,50030,American cutaneous leishmaniasis,50049,Informal settlements,eligible,complete,low,moderate,5-10 years,false,0.3.0,6,1,0,proposed_evidence,pending,proposed
map_03aaab0feed12adb,ipcc_0104,health,exposure,50055,Visceral leishmaniasis,50071,Settlements,eligible,complete,low,moderate,5-10 years,false,0.3.0,6,1,0,proposed_evidence,pending,proposed
map_03aaab0feed12adb,ipcc_0104,health,exposure,50076,"Arboviruses dengue, zika and chikungunya",50094,Population density,eligible,complete,low,moderate,5-10 years,false,0.3.0,6,1,0,proposed_evidence,pending,proposed
map_03aaab0feed12adb,ipcc_0104,health,exposure,50076,"Arboviruses dengue, zika and chikungunya",50096,Informal settlements,eligible,complete,low,moderate,5-10 years,false,0.3.0,6,1,0,proposed_evidence,pending,proposed
map_a375806155290152,c40_0046,water_resources,vulnerability,,,,,not_eligible,not_required,not_applicable,not_applicable,5-10 years,false,0.3.0,0,0,0,not_applicable,not_applicable,proposed
map_a8dfa0e490dda360,c40_0046,water_resources,exposure,,,,,not_eligible,not_required,not_applicable,not_applicable,5-10 years,false,0.3.0,0,0,0,not_applicable,not_applicable,proposed
map_9d6a324ac919db3f,c40_0048,water_resources,vulnerability,2,Risk of water stress,24,Diseases due to inadequate sanitation,eligible,complete,none_demonstrated,none,5-10 years,false,0.3.0,8,0,0,proposed_evidence,pending,proposed
map_9d6a324ac919db3f,c40_0048,water_resources,vulnerability,2,Risk of water stress,25,Water quality,eligible,complete,none_demonstrated,none,5-10 years,false,0.3.0,8,0,0,proposed_evidence,pending,proposed
map_7bacb33ad7ec90ec,c40_0048,water_resources,exposure,,,,,not_eligible,not_required,not_applicable,not_applicable,5-10 years,false,0.3.0,0,0,0,not_applicable,not_applicable,proposed
map_8e804046093844b7,c40_0049,water_resources,vulnerability,,,,,not_eligible,not_required,not_applicable,not_applicable,<5 years,false,0.3.0,0,0,0,not_applicable,not_applicable,proposed
map_08aeb14e4defc1ce,c40_0049,water_resources,exposure,,,,,not_eligible,not_required,not_applicable,not_applicable,<5 years,false,0.3.0,0,0,0,not_applicable,not_applicable,proposed
map_80a5cc75a8c5bfb6,c40_0051,water_resources,vulnerability,,,,,not_eligible,not_required,not_applicable,not_applicable,<5 years,false,0.3.0,0,0,0,not_applicable,not_applicable,proposed
map_38348af4c21c6f6b,c40_0051,water_resources,exposure,,,,,not_eligible,not_required,not_applicable,not_applicable,<5 years,false,0.3.0,0,0,0,not_applicable,not_applicable,proposed
map_9c991d2f422216d2,c40_0052,water_resources,vulnerability,,,,,not_eligible,not_required,not_applicable,not_applicable,5-10 years,false,0.3.0,0,0,0,not_applicable,not_applicable,proposed
map_14850c69502f253f,c40_0052,water_resources,exposure,,,,,not_eligible,not_required,not_applicable,not_applicable,5-10 years,false,0.3.0,0,0,0,not_applicable,not_applicable,proposed
map_6aa4ea6f96073afe,c40_0053,water_resources,vulnerability,2,Risk of water stress,20,Inefficiency in water distribution,eligible,complete,medium,broad,5-10 years,false,0.3.0,8,3,0,proposed_evidence,pending,proposed
map_6aa4ea6f96073afe,c40_0053,water_resources,vulnerability,2,Risk of water stress,21,Average per capita water consumption,eligible,complete,medium,broad,5-10 years,false,0.3.0,8,3,0,proposed_evidence,pending,proposed
map_6aa4ea6f96073afe,c40_0053,water_resources,vulnerability,2,Risk of water stress,22,Water balance for agriculture,eligible,complete,medium,broad,5-10 years,false,0.3.0,8,3,0,proposed_evidence,pending,proposed
map_6aa4ea6f96073afe,c40_0053,water_resources,vulnerability,2,Risk of water stress,23,Water balance for industry,eligible,complete,medium,broad,5-10 years,false,0.3.0,8,3,0,proposed_evidence,pending,proposed
map_e226d9e55229c0ea,c40_0053,water_resources,exposure,,,,,not_eligible,not_required,not_applicable,not_applicable,5-10 years,false,0.3.0,0,0,0,not_applicable,not_applicable,proposed
map_e0a1797aa0b54ef9,c40_0056,water_resources,vulnerability,2,Risk of water stress,25,Water quality,eligible,complete,high,broad,<5 years,false,0.3.0,8,5,0,proposed_evidence,pending,proposed
map_e0a1797aa0b54ef9,c40_0056,water_resources,vulnerability,2,Risk of water stress,26,Degraded and/or deforested areas,eligible,complete,high,broad,<5 years,false,0.3.0,8,5,0,proposed_evidence,pending,proposed
map_e0a1797aa0b54ef9,c40_0056,water_resources,vulnerability,2,Risk of water stress,27,Areas with soils susceptible to erosion,eligible,complete,high,broad,<5 years,false,0.3.0,8,5,0,proposed_evidence,pending,proposed
map_e0a1797aa0b54ef9,c40_0056,water_resources,vulnerability,2,Risk of water stress,28,Ecological flow for ecosystem uses,eligible,complete,high,broad,<5 years,false,0.3.0,8,5,0,proposed_evidence,pending,proposed
map_e0a1797aa0b54ef9,c40_0056,water_resources,vulnerability,2,Risk of water stress,38,Nature reserve,eligible,complete,high,broad,<5 years,false,0.3.0,8,5,0,proposed_evidence,pending,proposed
map_44a21ce78fbbf758,c40_0056,water_resources,exposure,,,,,not_eligible,not_required,not_applicable,not_applicable,<5 years,false,0.3.0,0,0,0,not_applicable,not_applicable,proposed
map_dab8141cbdef18cb,c40_0062,water_resources,vulnerability,2,Risk of water stress,21,Average per capita water consumption,eligible,complete,medium,moderate,5-10 years,false,0.3.0,8,1,0,proposed_evidence,pending,proposed
map_dab8141cbdef18cb,c40_0062,water_resources,vulnerability,2,Risk of water stress,43,Income not affected by water prices,eligible,complete,medium,moderate,5-10 years,false,0.3.0,8,1,0,proposed_evidence,pending,proposed
map_0df49629c204795e,c40_0062,water_resources,exposure,,,,,not_eligible,not_required,not_applicable,not_applicable,5-10 years,false,0.3.0,0,0,0,not_applicable,not_applicable,proposed
map_c212e4651364b033,icare_0144,water_resources,vulnerability,2,Risk of water stress,35,Investments in adaptation policies,eligible,complete,low,moderate,<5 years,false,0.3.0,8,1,0,proposed_evidence,pending,proposed
map_c212e4651364b033,icare_0144,water_resources,vulnerability,2,Risk of water stress,43,Income not affected by water prices,eligible,complete,low,moderate,<5 years,false,0.3.0,8,1,0,proposed_evidence,pending,proposed
map_c212e4651364b033,icare_0144,water_resources,vulnerability,2,Risk of water stress,44,Income greater than two minimum wages,eligible,complete,low,moderate,<5 years,false,0.3.0,8,1,0,proposed_evidence,pending,proposed
map_23ff1e36db1fcc7d,icare_0144,water_resources,exposure,,,,,not_eligible,not_required,not_applicable,not_applicable,<5 years,false,0.3.0,0,0,0,not_applicable,not_applicable,proposed
map_11e96db7cd7f6af7,icare_0145,water_resources,vulnerability,,,,,not_eligible,not_required,not_applicable,not_applicable,>10 years,false,0.3.0,0,0,0,not_applicable,not_applicable,proposed
map_c5191b4c1e22be06,icare_0145,water_resources,exposure,,,,,not_eligible,not_required,not_applicable,not_applicable,>10 years,false,0.3.0,0,0,0,not_applicable,not_applicable,proposed
map_9d8f0cb07d8cf286,icare_0154,water_resources,vulnerability,2,Risk of water stress,24,Diseases due to inadequate sanitation,eligible,complete,none_demonstrated,none,<5 years,false,0.3.0,8,0,0,proposed_evidence,pending,proposed
map_9d8f0cb07d8cf286,icare_0154,water_resources,vulnerability,2,Risk of water stress,25,Water quality,eligible,complete,none_demonstrated,none,<5 years,false,0.3.0,8,0,0,proposed_evidence,pending,proposed
map_2c31b9d4d0910b3d,icare_0154,water_resources,exposure,,,,,not_eligible,not_required,not_applicable,not_applicable,<5 years,false,0.3.0,0,0,0,not_applicable,not_applicable,proposed
map_87b7330ec16e2a44,icare_0156,water_resources,vulnerability,,,,,not_eligible,not_required,not_applicable,not_applicable,<5 years,false,0.3.0,0,0,0,not_applicable,not_applicable,proposed
map_47d48b72076c2fd6,icare_0156,water_resources,exposure,,,,,not_eligible,not_required,not_applicable,not_applicable,<5 years,false,0.3.0,0,0,0,not_applicable,not_applicable,proposed
map_2b725147b0d1dd68,icare_0160,water_resources,vulnerability,2,Risk of water stress,31,Level of activity in basin committees,eligible,complete,low,moderate,<5 years,false,0.3.0,8,1,0,proposed_evidence,pending,proposed
map_2b725147b0d1dd68,icare_0160,water_resources,vulnerability,2,Risk of water stress,35,Investments in adaptation policies,eligible,complete,low,moderate,<5 years,false,0.3.0,8,1,0,proposed_evidence,pending,proposed
map_2b725147b0d1dd68,icare_0160,water_resources,vulnerability,2,Risk of water stress,36,Resilient cities program,eligible,complete,low,moderate,<5 years,false,0.3.0,8,1,0,proposed_evidence,pending,proposed
map_ff37f77d213ab7c0,icare_0160,water_resources,exposure,,,,,not_eligible,not_required,not_applicable,not_applicable,<5 years,false,0.3.0,0,0,0,not_applicable,not_applicable,proposed
map_96ef8e000a880fda,icare_0162,water_resources,vulnerability,2,Risk of water stress,26,Degraded and/or deforested areas,eligible,complete,medium,moderate,5-10 years,false,0.3.0,8,1,0,proposed_evidence,pending,proposed
map_96ef8e000a880fda,icare_0162,water_resources,vulnerability,2,Risk of water stress,28,Ecological flow for ecosystem uses,eligible,complete,medium,moderate,5-10 years,false,0.3.0,8,1,0,proposed_evidence,pending,proposed
map_96ef8e000a880fda,icare_0162,water_resources,vulnerability,2,Risk of water stress,38,Nature reserve,eligible,complete,medium,moderate,5-10 years,false,0.3.0,8,1,0,proposed_evidence,pending,proposed
map_90cb09233acfa104,icare_0162,water_resources,exposure,,,,,not_eligible,not_required,not_applicable,not_applicable,5-10 years,false,0.3.0,0,0,0,not_applicable,not_applicable,proposed
map_a1e762e96963d6fe,icare_0163,water_resources,vulnerability,2,Risk of water stress,26,Degraded and/or deforested areas,eligible,complete,none_demonstrated,none,<5 years,false,0.3.0,8,0,0,proposed_evidence,pending,proposed
map_df4507e873629081,icare_0163,water_resources,exposure,,,,,not_eligible,not_required,not_applicable,not_applicable,<5 years,false,0.3.0,0,0,0,not_applicable,not_applicable,proposed
map_0c6146a1f97f611f,icare_0164,water_resources,vulnerability,2,Risk of water stress,32,Drought-related prevention actions,eligible,complete,medium,moderate,<5 years,false,0.3.0,8,1,0,proposed_evidence,pending,proposed
map_4d320f3f486588ce,icare_0164,water_resources,exposure,,,,,not_eligible,not_required,not_applicable,not_applicable,<5 years,false,0.3.0,0,0,0,not_applicable,not_applicable,proposed
map_684d45db51b17592,icare_0165,water_resources,vulnerability,,,,,not_eligible,not_required,not_applicable,not_applicable,<5 years,false,0.3.0,0,0,0,not_applicable,not_applicable,proposed
map_bcf98d192b2aa7a2,icare_0165,water_resources,exposure,,,,,not_eligible,not_required,not_applicable,not_applicable,<5 years,false,0.3.0,0,0,0,not_applicable,not_applicable,proposed
map_0241a31641ea8505,icare_0169,water_resources,vulnerability,2,Risk of water stress,32,Drought-related prevention actions,eligible,complete,medium,moderate,5-10 years,false,0.3.0,8,1,0,proposed_evidence,pending,proposed
map_0241a31641ea8505,icare_0169,water_resources,vulnerability,2,Risk of water stress,36,Resilient cities program,eligible,complete,medium,moderate,5-10 years,false,0.3.0,8,1,0,proposed_evidence,pending,proposed
map_9e1525b132b6314e,icare_0169,water_resources,exposure,,,,,not_eligible,not_required,not_applicable,not_applicable,5-10 years,false,0.3.0,0,0,0,not_applicable,not_applicable,proposed
map_1e5cf1c68bdd6bbd,icare_0170,water_resources,vulnerability,2,Risk of water stress,24,Diseases due to inadequate sanitation,eligible,complete,low,moderate,>10 years,false,0.3.0,8,1,0,proposed_evidence,pending,proposed
map_1e5cf1c68bdd6bbd,icare_0170,water_resources,vulnerability,2,Risk of water stress,25,Water quality,eligible,complete,low,moderate,>10 years,false,0.3.0,8,1,0,proposed_evidence,pending,proposed
map_1e5cf1c68bdd6bbd,icare_0170,water_resources,vulnerability,2,Risk of water stress,30,Municipal basic sanitation plan,eligible,complete,low,moderate,>10 years,false,0.3.0,8,1,0,proposed_evidence,pending,proposed
map_caded458f2827af6,icare_0170,water_resources,exposure,2,Risk of water stress,45,Population density,eligible,complete,medium,moderate,>10 years,false,0.3.0,8,1,0,proposed_evidence,pending,proposed
map_caded458f2827af6,icare_0170,water_resources,exposure,2,Risk of water stress,46,Urban users exposed,eligible,complete,medium,moderate,>10 years,false,0.3.0,8,1,0,proposed_evidence,pending,proposed
map_caded458f2827af6,icare_0170,water_resources,exposure,2,Risk of water stress,47,Exposed rural users,eligible,complete,medium,moderate,>10 years,false,0.3.0,8,1,0,proposed_evidence,pending,proposed
map_75534d461aea5ead,icare_0171,water_resources,vulnerability,2,Risk of water stress,32,Drought-related prevention actions,eligible,complete,medium,moderate,5-10 years,false,0.3.0,8,1,0,proposed_evidence,pending,proposed
map_75534d461aea5ead,icare_0171,water_resources,vulnerability,2,Risk of water stress,36,Resilient cities program,eligible,complete,medium,moderate,5-10 years,false,0.3.0,8,1,0,proposed_evidence,pending,proposed
map_50d7a63a8602099b,icare_0171,water_resources,exposure,,,,,not_eligible,not_required,not_applicable,not_applicable,5-10 years,false,0.3.0,0,0,0,not_applicable,not_applicable,proposed
map_78626990230986b1,icare_0172,water_resources,vulnerability,2,Risk of water stress,32,Drought-related prevention actions,eligible,complete,medium,moderate,<5 years,false,0.3.0,8,1,0,proposed_evidence,pending,proposed
map_78626990230986b1,icare_0172,water_resources,vulnerability,2,Risk of water stress,35,Investments in adaptation policies,eligible,complete,medium,moderate,<5 years,false,0.3.0,8,1,0,proposed_evidence,pending,proposed
map_78626990230986b1,icare_0172,water_resources,vulnerability,2,Risk of water stress,36,Resilient cities program,eligible,complete,medium,moderate,<5 years,false,0.3.0,8,1,0,proposed_evidence,pending,proposed
map_9159e0ef1ac22e60,icare_0172,water_resources,exposure,,,,,not_eligible,not_required,not_applicable,not_applicable,<5 years,false,0.3.0,0,0,0,not_applicable,not_applicable,proposed
map_2b127b61a74e28c9,icare_0173,water_resources,vulnerability,2,Risk of water stress,24,Diseases due to inadequate sanitation,eligible,complete,low,moderate,5-10 years,false,0.3.0,8,1,0,proposed_evidence,pending,proposed
map_2b127b61a74e28c9,icare_0173,water_resources,vulnerability,2,Risk of water stress,25,Water quality,eligible,complete,low,moderate,5-10 years,false,0.3.0,8,1,0,proposed_evidence,pending,proposed
map_2b127b61a74e28c9,icare_0173,water_resources,vulnerability,2,Risk of water stress,30,Municipal basic sanitation plan,eligible,complete,low,moderate,5-10 years,false,0.3.0,8,1,0,proposed_evidence,pending,proposed
map_82748ccbac05272b,icare_0173,water_resources,exposure,,,,,not_eligible,not_required,not_applicable,not_applicable,5-10 years,false,0.3.0,0,0,0,not_applicable,not_applicable,proposed
map_524fb664720ffd15,icare_0176,water_resources,vulnerability,2,Risk of water stress,35,Investments in adaptation policies,eligible,complete,low,moderate,<5 years,false,0.3.0,8,1,0,proposed_evidence,pending,proposed
map_524fb664720ffd15,icare_0176,water_resources,vulnerability,2,Risk of water stress,36,Resilient cities program,eligible,complete,low,moderate,<5 years,false,0.3.0,8,1,0,proposed_evidence,pending,proposed
map_62562e686887c251,icare_0176,water_resources,exposure,,,,,not_eligible,not_required,not_applicable,not_applicable,<5 years,false,0.3.0,0,0,0,not_applicable,not_applicable,proposed
map_d0f2382e2c5365c1,icare_0178,water_resources,vulnerability,2,Risk of water stress,35,Investments in adaptation policies,eligible,complete,low,moderate,<5 years,false,0.3.0,8,1,0,proposed_evidence,pending,proposed
map_d0f2382e2c5365c1,icare_0178,water_resources,vulnerability,2,Risk of water stress,36,Resilient cities program,eligible,complete,low,moderate,<5 years,false,0.3.0,8,1,0,proposed_evidence,pending,proposed
map_e7742a0f0892ef3f,icare_0178,water_resources,exposure,2,Risk of water stress,45,Population density,eligible,complete,none_demonstrated,none,<5 years,false,0.3.0,8,0,0,proposed_evidence,pending,proposed
map_e7742a0f0892ef3f,icare_0178,water_resources,exposure,2,Risk of water stress,46,Urban users exposed,eligible,complete,none_demonstrated,none,<5 years,false,0.3.0,8,0,0,proposed_evidence,pending,proposed
map_e7742a0f0892ef3f,icare_0178,water_resources,exposure,2,Risk of water stress,47,Exposed rural users,eligible,complete,none_demonstrated,none,<5 years,false,0.3.0,8,0,0,proposed_evidence,pending,proposed
map_c112937dc836fab9,icare_0180,water_resources,vulnerability,2,Risk of water stress,25,Water quality,eligible,complete,high,broad,<5 years,false,0.3.0,8,3,0,proposed_evidence,pending,proposed
map_c112937dc836fab9,icare_0180,water_resources,vulnerability,2,Risk of water stress,26,Degraded and/or deforested areas,eligible,complete,high,broad,<5 years,false,0.3.0,8,3,0,proposed_evidence,pending,proposed
map_c112937dc836fab9,icare_0180,water_resources,vulnerability,2,Risk of water stress,27,Areas with soils susceptible to erosion,eligible,complete,high,broad,<5 years,false,0.3.0,8,3,0,proposed_evidence,pending,proposed
map_c112937dc836fab9,icare_0180,water_resources,vulnerability,2,Risk of water stress,28,Ecological flow for ecosystem uses,eligible,complete,high,broad,<5 years,false,0.3.0,8,3,0,proposed_evidence,pending,proposed
map_c112937dc836fab9,icare_0180,water_resources,vulnerability,2,Risk of water stress,38,Nature reserve,eligible,complete,high,broad,<5 years,false,0.3.0,8,3,0,proposed_evidence,pending,proposed
map_f00cba9f68018a71,icare_0180,water_resources,exposure,,,,,not_eligible,not_required,not_applicable,not_applicable,<5 years,false,0.3.0,0,0,0,not_applicable,not_applicable,proposed
map_a3aaaa0e73fb1fb6,icare_0181,water_resources,vulnerability,2,Risk of water stress,24,Diseases due to inadequate sanitation,eligible,complete,medium,broad,5-10 years,false,0.3.0,8,3,0,proposed_evidence,pending,proposed
map_a3aaaa0e73fb1fb6,icare_0181,water_resources,vulnerability,2,Risk of water stress,25,Water quality,eligible,complete,medium,broad,5-10 years,false,0.3.0,8,3,0,proposed_evidence,pending,proposed
map_a3aaaa0e73fb1fb6,icare_0181,water_resources,vulnerability,2,Risk of water stress,26,Degraded and/or deforested areas,eligible,complete,medium,broad,5-10 years,false,0.3.0,8,3,0,proposed_evidence,pending,proposed
map_a3aaaa0e73fb1fb6,icare_0181,water_resources,vulnerability,2,Risk of water stress,30,Municipal basic sanitation plan,eligible,complete,medium,broad,5-10 years,false,0.3.0,8,3,0,proposed_evidence,pending,proposed
map_3b0732824db521fc,icare_0181,water_resources,exposure,2,Risk of water stress,45,Population density,eligible,complete,medium,moderate,5-10 years,false,0.3.0,8,1,0,proposed_evidence,pending,proposed
map_3b0732824db521fc,icare_0181,water_resources,exposure,2,Risk of water stress,46,Urban users exposed,eligible,complete,medium,moderate,5-10 years,false,0.3.0,8,1,0,proposed_evidence,pending,proposed
map_3b0732824db521fc,icare_0181,water_resources,exposure,2,Risk of water stress,47,Exposed rural users,eligible,complete,medium,moderate,5-10 years,false,0.3.0,8,1,0,proposed_evidence,pending,proposed
map_28098fa43f2d0821,icare_0182,water_resources,vulnerability,2,Risk of water stress,25,Water quality,eligible,complete,high,broad,5-10 years,false,0.3.0,8,3,0,proposed_evidence,pending,proposed
map_28098fa43f2d0821,icare_0182,water_resources,vulnerability,2,Risk of water stress,26,Degraded and/or deforested areas,eligible,complete,high,broad,5-10 years,false,0.3.0,8,3,0,proposed_evidence,pending,proposed
map_28098fa43f2d0821,icare_0182,water_resources,vulnerability,2,Risk of water stress,27,Areas with soils susceptible to erosion,eligible,complete,high,broad,5-10 years,false,0.3.0,8,3,0,proposed_evidence,pending,proposed
map_28098fa43f2d0821,icare_0182,water_resources,vulnerability,2,Risk of water stress,28,Ecological flow for ecosystem uses,eligible,complete,high,broad,5-10 years,false,0.3.0,8,3,0,proposed_evidence,pending,proposed
map_28098fa43f2d0821,icare_0182,water_resources,vulnerability,2,Risk of water stress,38,Nature reserve,eligible,complete,high,broad,5-10 years,false,0.3.0,8,3,0,proposed_evidence,pending,proposed
map_31c26201b6660903,icare_0182,water_resources,exposure,,,,,not_eligible,not_required,not_applicable,not_applicable,5-10 years,false,0.3.0,0,0,0,not_applicable,not_applicable,proposed
map_d728672d5f00af90,icare_0183,water_resources,vulnerability,2,Risk of water stress,32,Drought-related prevention actions,eligible,complete,medium,moderate,5-10 years,false,0.3.0,8,1,0,proposed_evidence,pending,proposed
map_d728672d5f00af90,icare_0183,water_resources,vulnerability,2,Risk of water stress,36,Resilient cities program,eligible,complete,medium,moderate,5-10 years,false,0.3.0,8,1,0,proposed_evidence,pending,proposed
map_13fab0f4beaa854a,icare_0183,water_resources,exposure,,,,,not_eligible,not_required,not_applicable,not_applicable,5-10 years,false,0.3.0,0,0,0,not_applicable,not_applicable,proposed
map_3ef650e49b7680eb,icare_0184,water_resources,vulnerability,2,Risk of water stress,25,Water quality,eligible,complete,medium,broad,5-10 years,false,0.3.0,8,2,0,proposed_evidence,pending,proposed
map_3ef650e49b7680eb,icare_0184,water_resources,vulnerability,2,Risk of water stress,27,Areas with soils susceptible to erosion,eligible,complete,medium,broad,5-10 years,false,0.3.0,8,2,0,proposed_evidence,pending,proposed
map_3ef650e49b7680eb,icare_0184,water_resources,vulnerability,2,Risk of water stress,30,Municipal basic sanitation plan,eligible,complete,medium,broad,5-10 years,false,0.3.0,8,2,0,proposed_evidence,pending,proposed
map_26e95b78dfb7c02d,icare_0184,water_resources,exposure,,,,,not_eligible,not_required,not_applicable,not_applicable,5-10 years,false,0.3.0,0,0,0,not_applicable,not_applicable,proposed
map_74b66ade6818caf2,icare_0185,water_resources,vulnerability,2,Risk of water stress,24,Diseases due to inadequate sanitation,eligible,complete,none_demonstrated,none,5-10 years,false,0.3.0,8,0,0,proposed_evidence,pending,proposed
map_dcdfda90dc21d325,icare_0185,water_resources,exposure,,,,,not_eligible,not_required,not_applicable,not_applicable,5-10 years,false,0.3.0,0,0,0,not_applicable,not_applicable,proposed
map_5658b0f1cfca4876,icare_0186,water_resources,vulnerability,2,Risk of water stress,25,Water quality,eligible,complete,high,broad,5-10 years,false,0.3.0,8,3,0,proposed_evidence,pending,proposed
map_5658b0f1cfca4876,icare_0186,water_resources,vulnerability,2,Risk of water stress,26,Degraded and/or deforested areas,eligible,complete,high,broad,5-10 years,false,0.3.0,8,3,0,proposed_evidence,pending,proposed
map_5658b0f1cfca4876,icare_0186,water_resources,vulnerability,2,Risk of water stress,27,Areas with soils susceptible to erosion,eligible,complete,high,broad,5-10 years,false,0.3.0,8,3,0,proposed_evidence,pending,proposed
map_5658b0f1cfca4876,icare_0186,water_resources,vulnerability,2,Risk of water stress,28,Ecological flow for ecosystem uses,eligible,complete,high,broad,5-10 years,false,0.3.0,8,3,0,proposed_evidence,pending,proposed
map_5658b0f1cfca4876,icare_0186,water_resources,vulnerability,2,Risk of water stress,38,Nature reserve,eligible,complete,high,broad,5-10 years,false,0.3.0,8,3,0,proposed_evidence,pending,proposed
map_fedf3c09ef208db4,icare_0186,water_resources,exposure,,,,,not_eligible,not_required,not_applicable,not_applicable,5-10 years,false,0.3.0,0,0,0,not_applicable,not_applicable,proposed
map_716ea2f1929daa2e,icare_0188,water_resources,vulnerability,2,Risk of water stress,24,Diseases due to inadequate sanitation,eligible,complete,none_demonstrated,none,5-10 years,false,0.3.0,8,0,0,proposed_evidence,pending,proposed
map_716ea2f1929daa2e,icare_0188,water_resources,vulnerability,2,Risk of water stress,25,Water quality,eligible,complete,none_demonstrated,none,5-10 years,false,0.3.0,8,0,0,proposed_evidence,pending,proposed
map_17b0e7739aba3770,icare_0188,water_resources,exposure,,,,,not_eligible,not_required,not_applicable,not_applicable,5-10 years,false,0.3.0,0,0,0,not_applicable,not_applicable,proposed
map_6b57884c81c04149,ipcc_0078,water_resources,vulnerability,2,Risk of water stress,25,Water quality,eligible,complete,medium,moderate,5-10 years,false,0.3.0,8,1,0,proposed_evidence,pending,proposed
map_6b57884c81c04149,ipcc_0078,water_resources,vulnerability,2,Risk of water stress,28,Ecological flow for ecosystem uses,eligible,complete,medium,moderate,5-10 years,false,0.3.0,8,1,0,proposed_evidence,pending,proposed
map_6b57884c81c04149,ipcc_0078,water_resources,vulnerability,2,Risk of water stress,38,Nature reserve,eligible,complete,medium,moderate,5-10 years,false,0.3.0,8,1,0,proposed_evidence,pending,proposed
map_c844b348d8b68d78,ipcc_0078,water_resources,exposure,,,,,not_eligible,not_required,not_applicable,not_applicable,5-10 years,false,0.3.0,0,0,0,not_applicable,not_applicable,proposed
map_b7a68e0b7e1bcefd,ipcc_0083,water_resources,vulnerability,,,,,not_eligible,not_required,not_applicable,not_applicable,>10 years,false,0.3.0,0,0,0,not_applicable,not_applicable,proposed
map_f5443249ccea6859,ipcc_0083,water_resources,exposure,2,Risk of water stress,45,Population density,eligible,complete,medium,moderate,>10 years,false,0.3.0,8,1,0,proposed_evidence,pending,proposed
map_f5443249ccea6859,ipcc_0083,water_resources,exposure,2,Risk of water stress,46,Urban users exposed,eligible,complete,medium,moderate,>10 years,false,0.3.0,8,1,0,proposed_evidence,pending,proposed
map_f5443249ccea6859,ipcc_0083,water_resources,exposure,2,Risk of water stress,47,Exposed rural users,eligible,complete,medium,moderate,>10 years,false,0.3.0,8,1,0,proposed_evidence,pending,proposed
map_90a0f9ed9adf9772,ipcc_0084,water_resources,vulnerability,2,Risk of water stress,25,Water quality,eligible,complete,high,broad,5-10 years,false,0.3.0,8,3,0,proposed_evidence,pending,proposed
map_90a0f9ed9adf9772,ipcc_0084,water_resources,vulnerability,2,Risk of water stress,26,Degraded and/or deforested areas,eligible,complete,high,broad,5-10 years,false,0.3.0,8,3,0,proposed_evidence,pending,proposed
map_90a0f9ed9adf9772,ipcc_0084,water_resources,vulnerability,2,Risk of water stress,27,Areas with soils susceptible to erosion,eligible,complete,high,broad,5-10 years,false,0.3.0,8,3,0,proposed_evidence,pending,proposed
map_90a0f9ed9adf9772,ipcc_0084,water_resources,vulnerability,2,Risk of water stress,28,Ecological flow for ecosystem uses,eligible,complete,high,broad,5-10 years,false,0.3.0,8,3,0,proposed_evidence,pending,proposed
map_90a0f9ed9adf9772,ipcc_0084,water_resources,vulnerability,2,Risk of water stress,38,Nature reserve,eligible,complete,high,broad,5-10 years,false,0.3.0,8,3,0,proposed_evidence,pending,proposed
map_be65b2ff9fe71748,ipcc_0084,water_resources,exposure,,,,,not_eligible,not_required,not_applicable,not_applicable,5-10 years,false,0.3.0,0,0,0,not_applicable,not_applicable,proposed
map_e1adafa068c9b044,ipcc_0085,water_resources,vulnerability,2,Risk of water stress,25,Water quality,eligible,complete,high,broad,5-10 years,false,0.3.0,8,3,0,proposed_evidence,pending,proposed
map_e1adafa068c9b044,ipcc_0085,water_resources,vulnerability,2,Risk of water stress,26,Degraded and/or deforested areas,eligible,complete,high,broad,5-10 years,false,0.3.0,8,3,0,proposed_evidence,pending,proposed
map_e1adafa068c9b044,ipcc_0085,water_resources,vulnerability,2,Risk of water stress,27,Areas with soils susceptible to erosion,eligible,complete,high,broad,5-10 years,false,0.3.0,8,3,0,proposed_evidence,pending,proposed
map_e1adafa068c9b044,ipcc_0085,water_resources,vulnerability,2,Risk of water stress,28,Ecological flow for ecosystem uses,eligible,complete,high,broad,5-10 years,false,0.3.0,8,3,0,proposed_evidence,pending,proposed
map_e1adafa068c9b044,ipcc_0085,water_resources,vulnerability,2,Risk of water stress,38,Nature reserve,eligible,complete,high,broad,5-10 years,false,0.3.0,8,3,0,proposed_evidence,pending,proposed
map_1232fb116b42ed0d,ipcc_0085,water_resources,exposure,,,,,not_eligible,not_required,not_applicable,not_applicable,5-10 years,false,0.3.0,0,0,0,not_applicable,not_applicable,proposed
map_2ceee2a26448e2df,ipcc_0086,water_resources,vulnerability,2,Risk of water stress,25,Water quality,eligible,complete,high,broad,5-10 years,false,0.3.0,8,3,0,proposed_evidence,pending,proposed
map_2ceee2a26448e2df,ipcc_0086,water_resources,vulnerability,2,Risk of water stress,26,Degraded and/or deforested areas,eligible,complete,high,broad,5-10 years,false,0.3.0,8,3,0,proposed_evidence,pending,proposed
map_2ceee2a26448e2df,ipcc_0086,water_resources,vulnerability,2,Risk of water stress,27,Areas with soils susceptible to erosion,eligible,complete,high,broad,5-10 years,false,0.3.0,8,3,0,proposed_evidence,pending,proposed
map_2ceee2a26448e2df,ipcc_0086,water_resources,vulnerability,2,Risk of water stress,28,Ecological flow for ecosystem uses,eligible,complete,high,broad,5-10 years,false,0.3.0,8,3,0,proposed_evidence,pending,proposed
map_2ceee2a26448e2df,ipcc_0086,water_resources,vulnerability,2,Risk of water stress,38,Nature reserve,eligible,complete,high,broad,5-10 years,false,0.3.0,8,3,0,proposed_evidence,pending,proposed
map_7f6ad98e34016909,ipcc_0086,water_resources,exposure,,,,,not_eligible,not_required,not_applicable,not_applicable,5-10 years,false,0.3.0,0,0,0,not_applicable,not_applicable,proposed
map_74b86ad748e67cfc,ipcc_0087,water_resources,vulnerability,2,Risk of water stress,19,Inefficiency in water production,eligible,complete,low,moderate,5-10 years,false,0.3.0,8,1,0,proposed_evidence,pending,proposed
map_74b86ad748e67cfc,ipcc_0087,water_resources,vulnerability,2,Risk of water stress,20,Inefficiency in water distribution,eligible,complete,low,moderate,5-10 years,false,0.3.0,8,1,0,proposed_evidence,pending,proposed
map_74b86ad748e67cfc,ipcc_0087,water_resources,vulnerability,2,Risk of water stress,29,Dam and mining safety,eligible,complete,low,moderate,5-10 years,false,0.3.0,8,1,0,proposed_evidence,pending,proposed
map_f0afa0b76350d463,ipcc_0087,water_resources,exposure,,,,,not_eligible,not_required,not_applicable,not_applicable,5-10 years,false,0.3.0,0,0,0,not_applicable,not_applicable,proposed
map_78647921012a2874,ipcc_0088,water_resources,vulnerability,2,Risk of water stress,29,Dam and mining safety,eligible,complete,low,moderate,5-10 years,false,0.3.0,8,1,0,proposed_evidence,pending,proposed
map_78647921012a2874,ipcc_0088,water_resources,vulnerability,2,Risk of water stress,30,Municipal basic sanitation plan,eligible,complete,low,moderate,5-10 years,false,0.3.0,8,1,0,proposed_evidence,pending,proposed
map_78647921012a2874,ipcc_0088,water_resources,vulnerability,2,Risk of water stress,35,Investments in adaptation policies,eligible,complete,low,moderate,5-10 years,false,0.3.0,8,1,0,proposed_evidence,pending,proposed
map_78647921012a2874,ipcc_0088,water_resources,vulnerability,2,Risk of water stress,36,Resilient cities program,eligible,complete,low,moderate,5-10 years,false,0.3.0,8,1,0,proposed_evidence,pending,proposed
map_e86145fa69eaf0eb,ipcc_0088,water_resources,exposure,,,,,not_eligible,not_required,not_applicable,not_applicable,5-10 years,false,0.3.0,0,0,0,not_applicable,not_applicable,proposed
map_e17152bb935e0e16,ipcc_0089,water_resources,vulnerability,2,Risk of water stress,35,Investments in adaptation policies,eligible,complete,low,moderate,5-10 years,false,0.3.0,8,1,0,proposed_evidence,pending,proposed
map_e17152bb935e0e16,ipcc_0089,water_resources,vulnerability,2,Risk of water stress,36,Resilient cities program,eligible,complete,low,moderate,5-10 years,false,0.3.0,8,1,0,proposed_evidence,pending,proposed
map_bcf7b949af7d4b7a,ipcc_0089,water_resources,exposure,2,Risk of water stress,45,Population density,eligible,complete,none_demonstrated,none,5-10 years,false,0.3.0,8,0,0,proposed_evidence,pending,proposed
map_bcf7b949af7d4b7a,ipcc_0089,water_resources,exposure,2,Risk of water stress,46,Urban users exposed,eligible,complete,none_demonstrated,none,5-10 years,false,0.3.0,8,0,0,proposed_evidence,pending,proposed
map_bcf7b949af7d4b7a,ipcc_0089,water_resources,exposure,2,Risk of water stress,47,Exposed rural users,eligible,complete,none_demonstrated,none,5-10 years,false,0.3.0,8,0,0,proposed_evidence,pending,proposed
map_aafb958b66a6837e,ipcc_0090,water_resources,vulnerability,2,Risk of water stress,35,Investments in adaptation policies,eligible,complete,low,moderate,<5 years,false,0.3.0,8,1,0,proposed_evidence,pending,proposed
map_aafb958b66a6837e,ipcc_0090,water_resources,vulnerability,2,Risk of water stress,41,Agricultural participation in GDP,eligible,complete,low,moderate,<5 years,false,0.3.0,8,1,0,proposed_evidence,pending,proposed
map_aafb958b66a6837e,ipcc_0090,water_resources,vulnerability,2,Risk of water stress,42,Industrial participation in GDP,eligible,complete,low,moderate,<5 years,false,0.3.0,8,1,0,proposed_evidence,pending,proposed
map_aafb958b66a6837e,ipcc_0090,water_resources,vulnerability,2,Risk of water stress,43,Income not affected by water prices,eligible,complete,low,moderate,<5 years,false,0.3.0,8,1,0,proposed_evidence,pending,proposed
map_aafb958b66a6837e,ipcc_0090,water_resources,vulnerability,2,Risk of water stress,44,Income greater than two minimum wages,eligible,complete,low,moderate,<5 years,false,0.3.0,8,1,0,proposed_evidence,pending,proposed
map_c0f2649ac133db34,ipcc_0090,water_resources,exposure,,,,,not_eligible,not_required,not_applicable,not_applicable,<5 years,false,0.3.0,0,0,0,not_applicable,not_applicable,proposed
map_e454f690764debcd,ipcc_0091,water_resources,vulnerability,2,Risk of water stress,41,Agricultural participation in GDP,eligible,complete,medium,moderate,<5 years,false,0.3.0,8,1,0,proposed_evidence,pending,proposed
map_e454f690764debcd,ipcc_0091,water_resources,vulnerability,2,Risk of water stress,42,Industrial participation in GDP,eligible,complete,medium,moderate,<5 years,false,0.3.0,8,1,0,proposed_evidence,pending,proposed
map_e454f690764debcd,ipcc_0091,water_resources,vulnerability,2,Risk of water stress,43,Income not affected by water prices,eligible,complete,medium,moderate,<5 years,false,0.3.0,8,1,0,proposed_evidence,pending,proposed
map_e454f690764debcd,ipcc_0091,water_resources,vulnerability,2,Risk of water stress,44,Income greater than two minimum wages,eligible,complete,medium,moderate,<5 years,false,0.3.0,8,1,0,proposed_evidence,pending,proposed
map_9f80535837307ad2,ipcc_0091,water_resources,exposure,,,,,not_eligible,not_required,not_applicable,not_applicable,<5 years,false,0.3.0,0,0,0,not_applicable,not_applicable,proposed
map_67ad1bf217b48643,ipcc_0092,water_resources,vulnerability,2,Risk of water stress,43,Income not affected by water prices,eligible,complete,none_demonstrated,none,5-10 years,false,0.3.0,8,0,0,proposed_evidence,pending,proposed
map_67ad1bf217b48643,ipcc_0092,water_resources,vulnerability,2,Risk of water stress,44,Income greater than two minimum wages,eligible,complete,none_demonstrated,none,5-10 years,false,0.3.0,8,0,0,proposed_evidence,pending,proposed
map_5a45c1b3d190986d,ipcc_0092,water_resources,exposure,,,,,not_eligible,not_required,not_applicable,not_applicable,5-10 years,false,0.3.0,0,0,0,not_applicable,not_applicable,proposed
map_5e8c29cc386d13b9,ipcc_0094,water_resources,vulnerability,2,Risk of water stress,24,Diseases due to inadequate sanitation,eligible,complete,none_demonstrated,none,5-10 years,false,0.3.0,8,0,0,proposed_evidence,pending,proposed
map_29806be9b242d2d8,ipcc_0094,water_resources,exposure,,,,,not_eligible,not_required,not_applicable,not_applicable,5-10 years,false,0.3.0,0,0,0,not_applicable,not_applicable,proposed
map_9bcfbc05ca7173ae,ipcc_0096,water_resources,vulnerability,2,Risk of water stress,22,Water balance for agriculture,eligible,complete,medium,moderate,5-10 years,false,0.3.0,8,1,0,proposed_evidence,pending,proposed
map_9bcfbc05ca7173ae,ipcc_0096,water_resources,vulnerability,2,Risk of water stress,32,Drought-related prevention actions,eligible,complete,medium,moderate,5-10 years,false,0.3.0,8,1,0,proposed_evidence,pending,proposed
map_32e378f897633a2b,ipcc_0096,water_resources,exposure,,,,,not_eligible,not_required,not_applicable,not_applicable,5-10 years,false,0.3.0,0,0,0,not_applicable,not_applicable,proposed
map_82e6772aafbd4ec6,ipcc_0097,water_resources,vulnerability,,,,,not_eligible,not_required,not_applicable,not_applicable,5-10 years,false,0.3.0,0,0,0,not_applicable,not_applicable,proposed
map_c7c62cc8f7078418,ipcc_0097,water_resources,exposure,,,,,not_eligible,not_required,not_applicable,not_applicable,5-10 years,false,0.3.0,0,0,0,not_applicable,not_applicable,proposed
map_99b8afa11fcbd7b1,ipcc_0098,water_resources,vulnerability,2,Risk of water stress,21,Average per capita water consumption,eligible,complete,medium,moderate,5-10 years,false,0.3.0,8,1,0,proposed_evidence,pending,proposed
map_99b8afa11fcbd7b1,ipcc_0098,water_resources,vulnerability,2,Risk of water stress,22,Water balance for agriculture,eligible,complete,medium,moderate,5-10 years,false,0.3.0,8,1,0,proposed_evidence,pending,proposed
map_99b8afa11fcbd7b1,ipcc_0098,water_resources,vulnerability,2,Risk of water stress,41,Agricultural participation in GDP,eligible,complete,medium,moderate,5-10 years,false,0.3.0,8,1,0,proposed_evidence,pending,proposed
map_99b8afa11fcbd7b1,ipcc_0098,water_resources,vulnerability,2,Risk of water stress,43,Income not affected by water prices,eligible,complete,medium,moderate,5-10 years,false,0.3.0,8,1,0,proposed_evidence,pending,proposed
map_99b8afa11fcbd7b1,ipcc_0098,water_resources,vulnerability,2,Risk of water stress,44,Income greater than two minimum wages,eligible,complete,medium,moderate,5-10 years,false,0.3.0,8,1,0,proposed_evidence,pending,proposed
map_184d9aa4e79f60a4,ipcc_0098,water_resources,exposure,,,,,not_eligible,not_required,not_applicable,not_applicable,5-10 years,false,0.3.0,0,0,0,not_applicable,not_applicable,proposed
map_61a46cb65e8716e3,ipcc_0099,water_resources,vulnerability,2,Risk of water stress,33,Alternatives to water supply,eligible,complete,low,broad,5-10 years,true,0.3.0,8,3,0,proposed_evidence,pending,needs_review
map_61a46cb65e8716e3,ipcc_0099,water_resources,vulnerability,2,Risk of water stress,37,Cisterns program: water for consumption,eligible,complete,low,broad,5-10 years,true,0.3.0,8,3,0,proposed_evidence,pending,needs_review
map_61a46cb65e8716e3,ipcc_0099,water_resources,vulnerability,2,Risk of water stress,39,Artificial reserve,eligible,complete,low,broad,5-10 years,true,0.3.0,8,3,0,proposed_evidence,pending,needs_review
map_61a46cb65e8716e3,ipcc_0099,water_resources,vulnerability,2,Risk of water stress,40,Underground storage potential,eligible,complete,low,broad,5-10 years,true,0.3.0,8,3,0,proposed_evidence,pending,needs_review
map_1b197fd8dbe6241f,ipcc_0099,water_resources,exposure,,,,,not_eligible,not_required,not_applicable,not_applicable,5-10 years,false,0.3.0,0,0,0,not_applicable,not_applicable,proposed
map_ef93bff9aa33012c,ipcc_0100,water_resources,vulnerability,2,Risk of water stress,20,Inefficiency in water distribution,eligible,complete,medium,moderate,5-10 years,false,0.3.0,8,1,0,proposed_evidence,pending,proposed
map_ef93bff9aa33012c,ipcc_0100,water_resources,vulnerability,2,Risk of water stress,21,Average per capita water consumption,eligible,complete,medium,moderate,5-10 years,false,0.3.0,8,1,0,proposed_evidence,pending,proposed
map_ef93bff9aa33012c,ipcc_0100,water_resources,vulnerability,2,Risk of water stress,22,Water balance for agriculture,eligible,complete,medium,moderate,5-10 years,false,0.3.0,8,1,0,proposed_evidence,pending,proposed
map_ef93bff9aa33012c,ipcc_0100,water_resources,vulnerability,2,Risk of water stress,23,Water balance for industry,eligible,complete,medium,moderate,5-10 years,false,0.3.0,8,1,0,proposed_evidence,pending,proposed
map_ef93bff9aa33012c,ipcc_0100,water_resources,vulnerability,2,Risk of water stress,33,Alternatives to water supply,eligible,complete,medium,moderate,5-10 years,false,0.3.0,8,1,0,proposed_evidence,pending,proposed
map_ef93bff9aa33012c,ipcc_0100,water_resources,vulnerability,2,Risk of water stress,40,Underground storage potential,eligible,complete,medium,moderate,5-10 years,false,0.3.0,8,1,0,proposed_evidence,pending,proposed
map_65561249ac8d7b65,ipcc_0100,water_resources,exposure,,,,,not_eligible,not_required,not_applicable,not_applicable,5-10 years,false,0.3.0,0,0,0,not_applicable,not_applicable,proposed
map_35bf1a3ca2b478f0,ipcc_0101,water_resources,vulnerability,2,Risk of water stress,19,Inefficiency in water production,eligible,complete,medium,broad,5-10 years,false,0.3.0,8,3,0,proposed_evidence,pending,proposed
map_35bf1a3ca2b478f0,ipcc_0101,water_resources,vulnerability,2,Risk of water stress,20,Inefficiency in water distribution,eligible,complete,medium,broad,5-10 years,false,0.3.0,8,3,0,proposed_evidence,pending,proposed
map_35bf1a3ca2b478f0,ipcc_0101,water_resources,vulnerability,2,Risk of water stress,21,Average per capita water consumption,eligible,complete,medium,broad,5-10 years,false,0.3.0,8,3,0,proposed_evidence,pending,proposed
map_35bf1a3ca2b478f0,ipcc_0101,water_resources,vulnerability,2,Risk of water stress,24,Diseases due to inadequate sanitation,eligible,complete,medium,broad,5-10 years,false,0.3.0,8,3,0,proposed_evidence,pending,proposed
map_35bf1a3ca2b478f0,ipcc_0101,water_resources,vulnerability,2,Risk of water stress,25,Water quality,eligible,complete,medium,broad,5-10 years,false,0.3.0,8,3,0,proposed_evidence,pending,proposed
map_35bf1a3ca2b478f0,ipcc_0101,water_resources,vulnerability,2,Risk of water stress,30,Municipal basic sanitation plan,eligible,complete,medium,broad,5-10 years,false,0.3.0,8,3,0,proposed_evidence,pending,proposed
map_35bf1a3ca2b478f0,ipcc_0101,water_resources,vulnerability,2,Risk of water stress,33,Alternatives to water supply,eligible,complete,medium,broad,5-10 years,false,0.3.0,8,3,0,proposed_evidence,pending,proposed
map_35bf1a3ca2b478f0,ipcc_0101,water_resources,vulnerability,2,Risk of water stress,39,Artificial reserve,eligible,complete,medium,broad,5-10 years,false,0.3.0,8,3,0,proposed_evidence,pending,proposed
map_35bf1a3ca2b478f0,ipcc_0101,water_resources,vulnerability,2,Risk of water stress,40,Underground storage potential,eligible,complete,medium,broad,5-10 years,false,0.3.0,8,3,0,proposed_evidence,pending,proposed
map_5fdb34de0b28a5a9,ipcc_0101,water_resources,exposure,,,,,not_eligible,not_required,not_applicable,not_applicable,5-10 years,false,0.3.0,0,0,0,not_applicable,not_applicable,proposed
map_decb248f8422b0fa,ipcc_0102,water_resources,vulnerability,,,,,not_eligible,not_required,not_applicable,not_applicable,5-10 years,false,0.3.0,0,0,0,not_applicable,not_applicable,proposed
map_230e3363ad2795fd,ipcc_0102,water_resources,exposure,2,Risk of water stress,45,Population density,eligible,complete,medium,moderate,5-10 years,false,0.3.0,8,1,0,proposed_evidence,pending,proposed
map_230e3363ad2795fd,ipcc_0102,water_resources,exposure,2,Risk of water stress,46,Urban users exposed,eligible,complete,medium,moderate,5-10 years,false,0.3.0,8,1,0,proposed_evidence,pending,proposed
map_230e3363ad2795fd,ipcc_0102,water_resources,exposure,2,Risk of water stress,47,Exposed rural users,eligible,complete,medium,moderate,5-10 years,false,0.3.0,8,1,0,proposed_evidence,pending,proposed
map_c42546852ee8c62e,ipcc_0103,water_resources,vulnerability,2,Risk of water stress,31,Level of activity in basin committees,eligible,complete,low,moderate,5-10 years,false,0.3.0,8,1,0,proposed_evidence,pending,proposed
map_c42546852ee8c62e,ipcc_0103,water_resources,vulnerability,2,Risk of water stress,32,Drought-related prevention actions,eligible,complete,low,moderate,5-10 years,false,0.3.0,8,1,0,proposed_evidence,pending,proposed
map_c42546852ee8c62e,ipcc_0103,water_resources,vulnerability,2,Risk of water stress,34,Investments in water resources,eligible,complete,low,moderate,5-10 years,false,0.3.0,8,1,0,proposed_evidence,pending,proposed
map_c42546852ee8c62e,ipcc_0103,water_resources,vulnerability,2,Risk of water stress,35,Investments in adaptation policies,eligible,complete,low,moderate,5-10 years,false,0.3.0,8,1,0,proposed_evidence,pending,proposed
map_c42546852ee8c62e,ipcc_0103,water_resources,vulnerability,2,Risk of water stress,36,Resilient cities program,eligible,complete,low,moderate,5-10 years,false,0.3.0,8,1,0,proposed_evidence,pending,proposed
map_ee93b18264dbb78f,ipcc_0103,water_resources,exposure,,,,,not_eligible,not_required,not_applicable,not_applicable,5-10 years,false,0.3.0,0,0,0,not_applicable,not_applicable,proposed
map_e95760db3381b575,ipcc_0104,water_resources,vulnerability,,,,,not_eligible,not_required,not_applicable,not_applicable,5-10 years,false,0.3.0,0,0,0,not_applicable,not_applicable,proposed
map_780e88bc38dbba5a,ipcc_0104,water_resources,exposure,2,Risk of water stress,45,Population density,eligible,complete,medium,broad,5-10 years,true,0.3.0,8,5,0,proposed_evidence,pending,needs_review
map_780e88bc38dbba5a,ipcc_0104,water_resources,exposure,2,Risk of water stress,46,Urban users exposed,eligible,complete,medium,broad,5-10 years,true,0.3.0,8,5,0,proposed_evidence,pending,needs_review
map_780e88bc38dbba5a,ipcc_0104,water_resources,exposure,2,Risk of water stress,47,Exposed rural users,eligible,complete,medium,broad,5-10 years,true,0.3.0,8,5,0,proposed_evidence,pending,needs_review
