action_id,action_name,action_type,hazard_name,sector_names,subsector_names,primary_purpose,description,cobenefits_airquality,cobenefits_waterquality,cobenefits_habitat,cobenefits_costofliving,cobenefits_housing,cobenefits_mobility,cobenefits_stakeholderengagement,equity_and_inclusion_considerations,ghgreduction_stationary_energy,ghgreduction_transportation,ghgreduction_waste,ghgreduction_ippu,ghgreduction_afolu,adaptation_effectiveness,cost_investment_needed,timeline_for_implementation,dependencies,key_performance_indicators,powers_and_mandates,adaptation_effectiveness_droughts,adaptation_effectiveness_heatwaves,adaptation_effectiveness_floods,adaptation_effectiveness_sealevelrise,adaptation_effectiveness_landslides,adaptation_effectiveness_storms,adaptation_effectiveness_wildfires,adaptation_effectiveness_diseases,biome
c40_0009,Nuevos Estándares de Construcción,{mitigation},,{stationary_energy},{all},{ghg_reduction},"""Normas de Construcción Nuevas"" establece pautas para la construcción responsable con el medio ambiente, asegurando que las nuevas estructuras se adhieran a prácticas energéticamente eficientes, reduciendo así las emisiones de carbono y promoviendo el desarrollo urbano sostenible.",1,0,0,0,-1,0,0,"Los ""Nuevos Estándares de Construcción"" promueven la equidad y la inclusión al garantizar que todas las nuevas construcciones, incluidas aquellas en comunidades vulnerables o desatendidas, se adhieran a prácticas energéticamente eficientes. Esto ayuda a reducir los costos de energía para los residentes, haciendo que la vivienda sea más asequible y accesible. Además, al priorizar el desarrollo urbano sostenible, estos estándares pueden llevar a mejorar las condiciones de vida y los resultados de salud en estas comunidades, que a menudo enfrentan cargas ambientales desproporcionadas. Además, la implementación de estos estándares puede crear oportunidades de empleo en la construcción verde, beneficiando a los trabajadores locales y fomentando el empoderamiento económico en áreas desatendidas. En general, la acción considera las necesidades de las poblaciones vulnerables al promover prácticas sostenibles que mejoran su calidad de vida y estabilidad económica.",0-19,,,,,,low,<5 years,"['Marco regulatorio para hacer cumplir los estándares de construcción', 'Disponibilidad de materiales de construcción sostenibles', 'Capacitación y educación para constructores y arquitectos sobre prácticas energéticamente eficientes', 'Sistemas de monitoreo y evaluación para evaluar el cumplimiento de los estándares', 'Conciencia pública y apoyo a las prácticas de construcción sostenibles']","['Reducción de emisiones de carbono de nuevos edificios', 'Porcentaje de nuevos edificios que cumplen con los estándares de eficiencia energética', 'Aumento en el uso de materiales sostenibles en la construcción', 'Número de edificios certificados bajo estándares de construcción verde', 'Reducción del consumo de energía en nuevas construcciones', 'Porcentaje de proyectos de desarrollo urbano que incorporan espacios verdes']",,,,,,,,,,none
c40_0010,"Nuevos Estándares de Construcción, Edificios Residenciales",{mitigation},,{stationary_energy},{residential_buildings},{ghg_reduction},"""Nuevos Estándares de Construcción, Edificios Residenciales"" establecen pautas para la construcción ambientalmente responsable, asegurando que las nuevas estructuras se adhieran a prácticas eficientes en energía, reduciendo así las emisiones de carbono y promoviendo el desarrollo urbano sostenible.",1,0,0,0,-1,0,0,"La acción ""Nuevos Estándares de Construcción, Edificios Residenciales"" promueve la equidad y la inclusión de varias maneras:

1. **Acceso a Viviendas Sostenibles**: Al establecer directrices para prácticas energéticamente eficientes, la acción asegura que todos los nuevos edificios residenciales, incluidos aquellos en comunidades desatendidas, se construyan de manera responsable con el medio ambiente. Esto puede llevar a costos de servicios más asequibles para los residentes, beneficiando a los hogares de bajos ingresos.

2. **Entornos de Vida Más Saludables**: El enfoque en el desarrollo urbano sostenible contribuye a condiciones de vida más saludables, lo cual es particularmente importante para las poblaciones vulnerables que pueden verse desproporcionadamente afectadas por la mala calidad de la vivienda y los peligros ambientales.

3. **Creación de Empleo en Áreas Desatendidas**: La implementación de nuevos estándares de construcción puede crear oportunidades de empleo en la construcción y campos relacionados, particularmente en comunidades que pueden carecer de recursos económicos. Esto puede ayudar a impulsar las economías locales y proporcionar empleo a los residentes.

4. **Resiliencia Comunitaria**: Al promover la eficiencia energética y prácticas sostenibles, la acción mejora la resiliencia de las comunidades ante los impactos climáticos, lo cual es crucial para las poblaciones vulnerables que pueden ser más susceptibles a los desafíos relacionados con el clima.

5. **Desarrollo de Políticas Inclusivas**: El establecimiento de estándares de construcción a menudo involucra la participación de las partes interesadas, lo que puede incluir aportes de miembros de la comunidad, particularmente aquellos de orígenes desatendidos, asegurando que sus necesidades y perspectivas sean consideradas en el proceso de desarrollo.

En general, la acción integra la equidad y la inclusión al asegurar que todas las comunidades, especialmente aquellas que son vulnerables o desatendidas, se beneficien de prácticas de construcción sostenibles y condiciones de vida mejoradas.",0-19,,,,,,low,<5 years,"['Marco regulatorio para hacer cumplir los estándares de construcción', 'Disponibilidad de materiales de construcción sostenibles', 'Capacitación y educación para constructores y arquitectos sobre prácticas energéticamente eficientes', 'Incentivos para que los desarrolladores adopten prácticas de construcción ecológica', 'Mecanismos de monitoreo y evaluación para evaluar el cumplimiento de los estándares']","['Reducción del consumo de energía', 'Reducción de emisiones de carbono', 'Porcentaje de edificios que cumplen con los estándares', 'Ahorro de costos por eficiencia energética', 'Reducción del uso de agua', 'Uso de materiales sostenibles', 'Satisfacción de los ocupantes', 'Tasa de cumplimiento con los estándares de construcción']",,,,,,,,,,none
c40_0012,"Nuevos Estándares de Construcción, Edificios Institucionales",{mitigation},,{stationary_energy},{commercial_and_institutional_buildings_and_facilities},{ghg_reduction},"""Nuevos Estándares de Construcción, Edificios Institucionales"" establece pautas para la construcción ambientalmente responsable, asegurando que las nuevas estructuras se adhieran a prácticas energéticamente eficientes, reduciendo así las emisiones de carbono y promoviendo el desarrollo urbano sostenible.",1,0,0,0,-1,0,0,"La acción ""Nuevos Estándares de Construcción, Edificios Institucionales"" promueve la equidad y la inclusión de varias maneras:

1. **Acceso a Entornos Saludables**: Al asegurar que los nuevos edificios institucionales se construyan con prácticas energéticamente eficientes, la acción contribuye a entornos de vida y trabajo más saludables para todos los miembros de la comunidad, beneficiando particularmente a las poblaciones vulnerables que pueden ser más susceptibles a los peligros ambientales.

2. **Creación de Empleo y Oportunidades Económicas**: La implementación de estos estándares de construcción puede crear oportunidades de empleo en la construcción y campos relacionados, especialmente para comunidades desatendidas. Esto puede ayudar a impulsar las economías locales y proporcionar caminos hacia un empleo estable.

3. **Participación Comunitaria**: El desarrollo de nuevos estándares de construcción a menudo involucra la participación de la comunidad, asegurando que las voces de las poblaciones desatendidas sean escuchadas y consideradas en el proceso de toma de decisiones, fomentando un sentido de pertenencia e inclusión.

4. **Ahorro de Costos a Largo Plazo**: Los edificios energéticamente eficientes pueden llevar a costos de servicios públicos más bajos, lo cual es particularmente beneficioso para familias y comunidades de bajos ingresos. Este alivio financiero puede ayudar a reducir las disparidades económicas y mejorar la calidad de vida en general.

5. **Resiliencia a los Impactos Climáticos**: Al promover el desarrollo urbano sostenible, la acción ayuda a construir resiliencia en comunidades que a menudo son las más afectadas por el cambio climático, asegurando que las poblaciones vulnerables estén mejor equipadas para manejar los desafíos ambientales.

En general, la acción integra la equidad y la inclusión al abordar las necesidades de las comunidades desatendidas, promover oportunidades económicas y fomentar entornos más saludables.",0-19,,,,,,low,<5 years,"['Cumplimiento de las empresas de construcción con los nuevos estándares', 'Apoyo de las agencias gubernamentales para la aplicación y monitoreo', 'Disponibilidad de programas de capacitación para constructores y arquitectos sobre prácticas energéticamente eficientes', 'Conciencia pública y aceptación de prácticas de construcción sostenibles', 'Acceso a financiamiento o incentivos para implementar tecnologías energéticamente eficientes']","['Reducción del consumo de energía', 'Reducción de emisiones de carbono', 'Porcentaje de edificios que cumplen con los nuevos estándares', 'Ahorro de costos por eficiencia energética', 'Reducción del uso de agua', 'Uso de materiales sostenibles', 'Tasas de ocupación de edificios', 'Tasa de cumplimiento con los códigos de construcción', 'Reducción del efecto de isla de calor urbana', 'Retroalimentación de los ocupantes de los edificios sobre confort y sostenibilidad']",,,,,,,,,,none
c40_0013,"Nuevos Estándares de Construcción, Industrial",{mitigation},,{stationary_energy},{manufacturing_industries_and_construction},{ghg_reduction},"""Nuevos Estándares de Construcción, Industrial"" establece pautas para una construcción ambientalmente responsable, asegurando que las nuevas estructuras se adhieran a prácticas energéticamente eficientes, reduciendo así las emisiones de carbono y promoviendo el desarrollo urbano sostenible.",1,0,0,0,-1,0,0,"La acción ""Nuevos Estándares de Construcción, Industrial"" promueve la equidad y la inclusión al garantizar que todas las nuevas estructuras, incluidas aquellas en comunidades vulnerables o desatendidas, se adhieran a prácticas energéticamente eficientes. Esto ayuda a reducir los costos de energía para los residentes y negocios en estas áreas, haciendo que la vida sostenible sea más accesible. Además, al priorizar la construcción ambientalmente responsable, la acción apoya condiciones de vida más saludables, lo que puede beneficiar desproporcionadamente a las poblaciones desatendidas que pueden enfrentar una mayor exposición a peligros ambientales. Además, la implementación de estos estándares puede crear oportunidades de empleo en la construcción verde, proporcionando beneficios económicos a las comunidades locales que pueden haber sido históricamente marginadas. En general, la acción fomenta un paisaje de desarrollo urbano más equitativo al integrar la sostenibilidad en el tejido de todos los nuevos edificios, elevando así a las comunidades vulnerables.",0-19,,,,,,low,<5 years,"['Marco regulatorio para hacer cumplir los estándares de construcción', 'Disponibilidad de materiales de construcción sostenibles', 'Programas de formación y certificación para constructores y arquitectos', 'Mecanismos de monitoreo y cumplimiento para garantizar la adherencia a los estándares', 'Conciencia pública y apoyo a las prácticas de construcción sostenibles']","['Reducción de emisiones de carbono (toneladas/año)', 'Porcentaje de nuevos edificios que cumplen con los estándares de eficiencia energética', 'Consumo de energía por pie cuadrado de nuevos edificios', 'Porcentaje de materiales sostenibles utilizados en la construcción', 'Número de nuevos edificios certificados bajo estándares de construcción verde', 'Reducción en los costos de energía para nuevos edificios', 'Aumento en el uso de energía renovable en nuevas construcciones', 'Tasa de cumplimiento con los estándares de construcción']",,,,,,,,,,none
c40_0014,Estándares de Edificios Existentes,{mitigation},,{stationary_energy},{all},{ghg_reduction},"""Estándares de Edificios Existentes"" implican intervenciones para mejorar el rendimiento ambiental de las estructuras actuales, con el objetivo de aumentar la eficiencia energética, disminuir las emisiones y mejorar la sostenibilidad general dentro de una ciudad.",1,0,0,0,-1,0,0,"La acción climática ""Estándares de Edificios Existentes"" promueve la equidad y la inclusión al centrarse en los siguientes aspectos:

1. **Enfocarse en Comunidades Vulnerables**: Al mejorar el rendimiento ambiental de los edificios existentes, la acción aborda las necesidades de las comunidades desatendidas que a menudo residen en estructuras más antiguas y menos eficientes. Estas comunidades suelen enfrentar costos de energía más altos y peores condiciones de vida.

2. **Beneficios de la Eficiencia Energética**: Mejorar la eficiencia energética en los edificios puede llevar a facturas de servicios más bajas, lo que beneficia directamente a los hogares de bajos ingresos. Este alivio financiero ayuda a mitigar las cargas económicas sobre las poblaciones vulnerables.

3. **Mejoras en la Salud**: Actualizar los estándares de los edificios puede llevar a una mejor calidad del aire interior y condiciones de vida en general, lo cual es particularmente beneficioso para los grupos marginados que pueden ser más susceptibles a problemas de salud relacionados con malas condiciones de vivienda.

4. **Creación de Empleo y Capacitación**: La implementación de estos estándares puede crear oportunidades de empleo en la comunidad local, especialmente para individuos de orígenes desatendidos. Esto puede incluir programas de capacitación que equipen a los residentes con habilidades necesarias para empleos verdes.

5. **Participación Comunitaria**: El desarrollo e implementación de estándares de construcción a menudo involucra la participación de la comunidad, asegurando que las voces de aquellos en comunidades vulnerables sean escuchadas y consideradas en los procesos de toma de decisiones.

6. **Resiliencia a los Impactos Climáticos**: Al mejorar la sostenibilidad de los edificios existentes, la acción ayuda a que las comunidades vulnerables sean más resilientes a los impactos del cambio climático, como eventos climáticos extremos, promoviendo así la equidad a largo plazo.

En general, la iniciativa ""Estándares de Edificios Existentes"" considera inherentemente la equidad y la inclusión al abordar las necesidades y desafíos específicos enfrentados por las comunidades desatendidas, fomentando en última instancia un entorno urbano más sostenible y equitativo.",0-19,,,,,,low,<5 years,"['Disponibilidad de financiación para reformas y mejoras', 'Acceso a mano de obra calificada y contratistas para la implementación', 'Cumplimiento con los códigos y regulaciones de construcción locales', 'Disponibilidad de tecnología y materiales para mejoras de eficiencia energética', 'Apoyo del gobierno local y partes interesadas para cambios de políticas', 'Conciencia pública y aceptación de los estándares de construcción y prácticas de sostenibilidad']","['Reducción del consumo de energía', 'Reducción de emisiones de gases de efecto invernadero', 'Porcentaje de edificios que cumplen con los nuevos estándares', 'Ahorro de costos por mejoras en eficiencia energética', 'Aumento en el uso de energía renovable', 'Satisfacción y niveles de confort de los ocupantes', 'Reducción en el uso de agua', 'Mejora en la calidad del aire interior', 'Tasa de finalización de la modernización de edificios', 'Tasa de cumplimiento con los estándares existentes de edificios']",,,,,,,,,,none
c40_0015,"Normas de Edificios Existentes, Edificios Residenciales ",{mitigation},,{stationary_energy},{residential_buildings},{ghg_reduction},"""Normas de Edificios Existentes, Edificios Residenciales"" implican intervenciones para mejorar el rendimiento ambiental de las estructuras actuales, con el objetivo de aumentar la eficiencia energética, disminuir las emisiones y mejorar la sostenibilidad general dentro de una ciudad.",1,0,0,0,-1,0,0,"La acción climática ""Normas de Edificios Existentes, Edificios Residenciales"" promueve la equidad y la inclusión de varias maneras:

1. **Enfocándose en Comunidades Vulnerables**: Al centrarse en mejorar el rendimiento ambiental de los edificios residenciales existentes, la acción aborda las necesidades de las comunidades de bajos ingresos y desatendidas que a menudo residen en viviendas más antiguas y menos eficientes. Estas poblaciones suelen enfrentar costos de energía más altos y pueden carecer de los recursos para realizar mejoras por sí mismas.

2. **Beneficios de la Eficiencia Energética**: Mejorar la eficiencia energética en los edificios residenciales puede llevar a facturas de servicios más bajas, lo que beneficia directamente a los hogares de bajos ingresos. Este alivio financiero puede ayudar a aliviar las cargas económicas y mejorar la calidad de vida en general.

3. **Mejoras en la Salud**: Actualizar los estándares de construcción puede llevar a una mejor calidad del aire interior y a una reducción de la exposición a peligros ambientales, que afectan desproporcionadamente a las poblaciones vulnerables. Esto contribuye a mejorar los resultados de salud para estas comunidades.

4. **Creación de Empleo y Oportunidades Económicas**: La implementación de estándares de construcción a menudo implica trabajos de reacondicionamiento y renovación, lo que puede crear oportunidades de empleo en las comunidades locales, particularmente para aquellos que pueden enfrentar barreras para el empleo. Esto puede ayudar a estimular las economías locales y proporcionar vías para el avance económico.

5. **Participación Comunitaria**: El desarrollo e implementación de estándares de construcción puede involucrar la participación de la comunidad, asegurando que las voces de las poblaciones desatendidas sean escuchadas y consideradas en los procesos de toma de decisiones. Esto fomenta un sentido de pertenencia e inclusión en los esfuerzos de acción climática.

6. **Sostenibilidad a Largo Plazo**: Al mejorar la sostenibilidad de los edificios residenciales, la acción contribuye a la resiliencia de las comunidades que a menudo son las más vulnerables a los impactos climáticos, asegurando que estén mejor equipadas para resistir los cambios ambientales.

En general, la acción integra la equidad y la inclusión al abordar las necesidades específicas de las comunidades desatendidas, promoviendo beneficios de salud y económicos, y asegurando la participación comunitaria en el proceso.",0-19,,,,,,low,<5 years,"['Disponibilidad de financiación para reformas y mejoras', 'Acceso a mano de obra calificada para implementar mejoras en edificios', 'Cumplimiento con los códigos y regulaciones locales de construcción', 'Disponibilidad de tecnologías y materiales energéticamente eficientes', 'Apoyo del gobierno local y partes interesadas para la implementación de políticas', 'Conciencia pública y aceptación de prácticas de sostenibilidad']","['Reducción del consumo de energía', 'Reducción de emisiones de gases de efecto invernadero', 'Porcentaje de edificios que cumplen con los nuevos estándares', 'Ahorro de costos por mejoras en eficiencia energética', 'Aumento en el uso de energía renovable', 'Satisfacción y niveles de confort de los ocupantes', 'Reducción en el uso de agua', 'Mejora en la calidad del aire interior', 'Tasa de edificios renovados', 'Tiempo tomado para el cumplimiento de los estándares']",,,,,,,,,,none
c40_0016,"Estándares de Edificios Existentes, Edificios Comerciales",{mitigation},,{stationary_energy},{commercial_and_institutional_buildings_and_facilities},{ghg_reduction},"""Normas de Edificios Existentes, Edificios Comerciales"" implican intervenciones para mejorar el rendimiento ambiental de las estructuras actuales, con el objetivo de aumentar la eficiencia energética, disminuir las emisiones y mejorar la sostenibilidad general dentro de una ciudad.",1,0,0,0,-1,0,0,"La acción climática ""Estándares de Edificios Existentes, Edificios Comerciales"" promueve la equidad y la inclusión de varias maneras:

1. **Acceso a Recursos**: Al mejorar el rendimiento ambiental de los edificios comerciales existentes, la acción puede ayudar a garantizar que las comunidades desatendidas tengan acceso a espacios más eficientes energéticamente, lo que puede reducir los costos de servicios públicos y mejorar las condiciones de vida en general.

2. **Creación de Empleo**: Las intervenciones necesarias para mejorar los edificios a menudo crean oportunidades de empleo, particularmente en la construcción y la modernización, lo que puede beneficiar a los trabajadores locales de comunidades vulnerables, proporcionándoles empleo estable y desarrollo de habilidades.

3. **Beneficios para la Salud**: Mejorar la sostenibilidad de los edificios comerciales puede llevar a una mejor calidad del aire y a la reducción de riesgos para la salud de los residentes en áreas desatendidas cercanas, abordando preocupaciones de justicia ambiental.

4. **Participación Comunitaria**: La implementación de estos estándares puede implicar la colaboración con partes interesadas locales, asegurando que las voces de las comunidades vulnerables sean escuchadas y consideradas en el proceso de toma de decisiones.

5. **Resiliencia a Largo Plazo**: Al centrarse en la eficiencia energética y la sostenibilidad, la acción ayuda a construir resiliencia en las comunidades desatendidas contra los impactos climáticos, asegurando que estén mejor preparadas para manejar los cambios ambientales.

En general, la acción integra la equidad y la inclusión al abordar las necesidades de las poblaciones vulnerables, crear oportunidades económicas y fomentar entornos de vida más saludables.",0-19,,,,,,low,<5 years,"['Disponibilidad de financiación e incentivos financieros para mejoras en edificios', 'Acceso a mano de obra calificada y contratistas para implementar mejoras', 'Cumplimiento con los códigos y regulaciones locales de construcción', 'Disponibilidad de tecnología y materiales para mejoras energéticamente eficientes', 'Compromiso y apoyo de los propietarios e inquilinos de los edificios', 'Datos sobre el rendimiento actual de los edificios y el uso de energía para la evaluación']","['Reducción del consumo de energía', 'Reducción de emisiones de gases de efecto invernadero', 'Porcentaje de edificios que cumplen con los estándares de eficiencia energética', 'Ahorro de costos por mejoras en eficiencia energética', 'Aumento en el uso de energía renovable', 'Satisfacción y niveles de confort de los ocupantes', 'Tasa de finalización de renovaciones', 'Reducción del uso de agua', 'Niveles de certificación de edificios (por ejemplo, LEED, BREEAM)', 'Reducción de costos operativos']",,,,,,,,,,none
c40_0017,"Estándares de Edificios Existentes, Edificios Institucionales",{mitigation},,{stationary_energy},{commercial_and_institutional_buildings_and_facilities},{ghg_reduction},"""Normas para Edificios Existentes, Edificios Institucionales"" implican intervenciones para mejorar el rendimiento ambiental de las estructuras actuales, con el objetivo de aumentar la eficiencia energética, disminuir las emisiones y mejorar la sostenibilidad general dentro de una ciudad.",1,0,0,0,-1,0,0,"La acción climática ""Normas para Edificios Existentes, Edificios Institucionales"" promueve la equidad y la inclusión de varias maneras:

1. **Enfoque en Edificios Institucionales**: Al centrarse en edificios institucionales, que a menudo sirven a comunidades vulnerables o desatendidas (como escuelas, centros comunitarios y centros de salud), la acción asegura que estos espacios se mejoren, beneficiando a quienes dependen de ellos para servicios esenciales.

2. **Eficiencia Energética y Ahorro de Costos**: Mejorar la eficiencia energética en edificios existentes puede llevar a una reducción de los costos de servicios públicos. Esto es particularmente beneficioso para comunidades de bajos ingresos que pueden tener dificultades con facturas de energía altas, aliviando así las cargas financieras y promoviendo la equidad económica.

3. **Salud y Bienestar**: Mejorar el rendimiento ambiental de los edificios puede llevar a una mejor calidad del aire interior y resultados de salud en general. Las poblaciones vulnerables, que pueden ser más susceptibles a problemas de salud, pueden beneficiarse significativamente de entornos de vida y trabajo más saludables.

4. **Participación Comunitaria**: La implementación de normas de construcción a menudo involucra la participación e input de la comunidad, asegurando que las voces de las poblaciones desatendidas sean escuchadas y consideradas en el proceso de toma de decisiones.

5. **Creación de Empleo y Capacitación**: La mejora de edificios existentes puede crear oportunidades de empleo en la comunidad local, particularmente para aquellos de orígenes desatendidos. Esto puede incluir programas de capacitación que equipen a las personas con habilidades necesarias para empleos verdes, fomentando la inclusión económica.

6. **Resiliencia ante Impactos Climáticos**: Al mejorar la sostenibilidad de los edificios institucionales, la acción aumenta la resiliencia de las comunidades que a menudo se ven desproporcionadamente afectadas por el cambio climático, asegurando que estén mejor preparadas para los desafíos ambientales.

En general, esta acción climática integra la equidad y la inclusión al abordar directamente las necesidades de las comunidades vulnerables, promoviendo la salud, los beneficios económicos y la resiliencia.",0-19,,,,,,low,<5 years,"['Disponibilidad de financiación para reformas y mejoras', 'Acceso a mano de obra calificada y contratistas para la implementación', 'Cumplimiento con los códigos y regulaciones de construcción locales', 'Disponibilidad de tecnología y materiales para mejoras de eficiencia energética', 'Apoyo del gobierno local y partes interesadas para cambios de políticas', 'Conciencia pública y aceptación de iniciativas de sostenibilidad']","['Reducción del consumo de energía', 'Reducción de emisiones de gases de efecto invernadero', 'Porcentaje de edificios que cumplen con los estándares de eficiencia energética', 'Ahorro de costos por mejoras en eficiencia energética', 'Aumento en el uso de energía renovable', 'Satisfacción y niveles de confort de los ocupantes', 'Reducción del uso de agua', 'Niveles de certificación de edificios (por ejemplo, LEED, BREEAM)', 'Tasa de finalización de renovaciones', 'Período promedio de recuperación de la inversión en eficiencia energética']",,,,,,,,,,none
c40_0018,"Estándares de Edificios Existentes, Edificios Industriales",{mitigation},,{stationary_energy},{manufacturing_industries_and_construction},{ghg_reduction},"""Normas de Edificios Existentes, Edificios Industriales"" implican intervenciones para mejorar el rendimiento ambiental de las estructuras actuales, con el objetivo de aumentar la eficiencia energética, disminuir las emisiones y mejorar la sostenibilidad general dentro de una ciudad.",1,0,0,0,-1,0,0,"La acción climática ""Normas para Edificios Existentes, Edificios Industriales"" promueve la equidad y la inclusión de varias maneras:

1. **Enfocándose en Comunidades Vulnerables**: Al mejorar el rendimiento ambiental de los edificios existentes, la acción beneficia directamente a las comunidades desatendidas que a menudo residen en estructuras más antiguas y menos eficientes. Estas comunidades suelen enfrentar costos de energía más altos y una peor calidad del aire, por lo que mejorar los estándares de los edificios puede aliviar estas cargas.

2. **Creación de Empleo y Oportunidades Económicas**: Las intervenciones necesarias para mejorar los edificios pueden crear oportunidades de empleo, especialmente para los trabajadores locales en comunidades vulnerables. Esto puede llevar al empoderamiento económico y al desarrollo de habilidades para individuos que pueden tener acceso limitado al empleo en otros sectores.

3. **Beneficios para la Salud**: Mejorar la eficiencia energética y reducir las emisiones en edificios industriales puede llevar a una mejor calidad del aire y a la reducción de riesgos para la salud de los residentes cercanos, muchos de los cuales pueden pertenecer a poblaciones desatendidas. Esta acción aborda la justicia ambiental al mitigar las disparidades de salud vinculadas a la contaminación.

4. **Participación Comunitaria**: La implementación de estándares de construcción a menudo involucra la participación e input de la comunidad, asegurando que las voces de las poblaciones vulnerables sean escuchadas en el proceso de toma de decisiones. Esto fomenta un sentido de pertenencia e inclusión en los esfuerzos de acción climática.

5. **Sostenibilidad a Largo Plazo**: Al enfocarse en estructuras existentes, la acción promueve un desarrollo sostenible que beneficia a todos los miembros de la comunidad, asegurando que las mejoras no sean solo para áreas acomodadas, sino también para aquellas que históricamente han sido descuidadas.

En general, la acción climática integra la equidad y la inclusión al abordar las necesidades específicas de las comunidades vulnerables, crear oportunidades económicas y mejorar los resultados de salud a través de estándares de construcción mejorados.",0-19,,,,,,low,<5 years,"['Disponibilidad de financiación para reformas y mejoras', 'Acceso a mano de obra calificada para la implementación de mejoras', 'Cumplimiento con los códigos y regulaciones de construcción locales', 'Disponibilidad de tecnología y materiales para mejoras de eficiencia energética', 'Apoyo del gobierno local y partes interesadas para cambios de políticas', 'Datos sobre el rendimiento actual de los edificios y emisiones para la evaluación de referencia']","['Reducción del consumo de energía', 'Reducción de emisiones de gases de efecto invernadero', 'Porcentaje de edificios que cumplen con los nuevos estándares', 'Ahorro de costos por mejoras en la eficiencia energética', 'Aumento en el uso de energía renovable', 'Satisfacción y niveles de confort de los ocupantes', 'Reducción del uso de agua', 'Reducción de residuos y tasas de reciclaje', 'Niveles de certificación de edificios (por ejemplo, LEED, BREEAM)', 'Retorno de la inversión (ROI) para proyectos de reacondicionamiento']",,,,,,,,,,none
c40_0021,Redes de Calor,{mitigation},,{stationary_energy},{all},{ghg_reduction},"""Redes de Calor"" implican el desarrollo de sistemas eficientes para distribuir calor, promoviendo la conservación de energía y reduciendo la huella de carbono en áreas urbanas. Esta iniciativa tiene como objetivo mejorar la sostenibilidad de la infraestructura de calefacción dentro de la ciudad.",1,0,0,1,0,0,0,"La iniciativa ""Redes de Calor"" promueve la equidad y la inclusión al centrarse en los siguientes aspectos:

1. **Acceso a Calefacción Asequible**: Al desarrollar sistemas de calefacción eficientes, la iniciativa busca reducir los costos de energía, beneficiando particularmente a los hogares de bajos ingresos que pueden tener dificultades con los altos gastos de calefacción.

2. **Mejoras en la Salud**: Las comunidades vulnerables a menudo enfrentan riesgos de salud asociados con una calefacción inadecuada. La iniciativa aborda esto asegurando que todos los residentes tengan acceso a una calefacción confiable y suficiente, mejorando así la salud pública en general.

3. **Participación Comunitaria**: La planificación e implementación de redes de calor puede involucrar a las comunidades locales, asegurando que las voces de las poblaciones desatendidas sean escuchadas y consideradas en los procesos de toma de decisiones.

4. **Creación de Empleo**: El desarrollo y mantenimiento de redes de calor puede crear oportunidades de empleo en áreas desatendidas, contribuyendo a la equidad económica y proporcionando capacitación a los residentes locales.

5. **Justicia Ambiental**: Al reducir las huellas de carbono y promover la conservación de energía, la iniciativa ayuda a mitigar los impactos del cambio climático que afectan desproporcionadamente a las comunidades vulnerables, promoviendo así la equidad ambiental.

6. **Inversión en Infraestructura**: El enfoque en mejorar la infraestructura de calefacción en áreas urbanas puede llevar a servicios mejorados en vecindarios históricamente descuidados, fomentando una mayor inclusión en los esfuerzos de desarrollo urbano.",0-19,,,,,,high,5-10 years,"['Inversión en infraestructura para construir y mantener redes de calor', 'Colaboración con el gobierno local y las partes interesadas para la planificación e implementación', 'Acceso a fuentes de energía renovable para suministrar calor', 'Concienciación y aceptación pública de las redes de calor', 'Marcos regulatorios que apoyen iniciativas de eficiencia energética y sostenibilidad']","['Reducción de emisiones de carbono (toneladas/año)', 'Mejora de la eficiencia energética (% de aumento)', 'Porcentaje de edificios conectados a redes de calor (%)', 'Ahorro de costos para los consumidores ($/año)', 'Reducción de la pérdida de calor en el sistema de distribución (% de disminución)', 'Aumento en el uso de fuentes de energía renovable (%)', 'Tasa de satisfacción del usuario (%)', 'Fiabilidad operativa de las redes de calor (% de tiempo de actividad)', 'Inversión en infraestructura ($)', 'Reducción en el consumo de energía (MWh/año)']",,,,,,,,,,none
c40_0023,Emisiones de autobuses,{mitigation},,{transportation},{on-road},{ghg_reduction},"La mitigación de ""Emisiones de Autobuses"" se centra en reducir el impacto ambiental de las flotas de autobuses. La implementación de tecnologías y combustibles más limpios ayuda a minimizar las emisiones, contribuyendo a mejorar la calidad del aire y al transporte urbano sostenible.",1,0,0,0,0,0,0,"La acción de mitigación ""Emisiones de Autobuses"" promueve la equidad y la inclusión al enfocarse en mejoras en la calidad del aire, lo que beneficia directamente a las comunidades vulnerables y desatendidas que a menudo se ven desproporcionadamente afectadas por la contaminación. Al implementar tecnologías y combustibles más limpios en las flotas de autobuses, la acción reduce las emisiones nocivas en áreas donde residen poblaciones de bajos ingresos y grupos marginados, abordando así preocupaciones de justicia ambiental. Además, mejorar el transporte urbano a través de autobuses más limpios asegura que todos los miembros de la comunidad, incluidos aquellos que dependen del transporte público, tengan acceso a opciones de transporte más saludables y sostenibles. Este enfoque fomenta la inclusión al priorizar las necesidades de quienes pueden tener movilidad o recursos financieros limitados, asegurando que los beneficios de un aire más limpio y un mejor transporte se distribuyan equitativamente.",,20-39,,,,,medium,<5 years,"['Disponibilidad de tecnologías y combustibles más limpios para flotas de autobuses', 'Inversión en infraestructura para apoyar operaciones de autobuses más limpios', 'Apoyo regulatorio e incentivos para la adopción de autobuses de bajas emisiones', 'Conciencia pública y aceptación de opciones de transporte más limpias', 'Colaboración entre el gobierno, las autoridades de tránsito y los fabricantes']","['Reducción de emisiones de CO2 (toneladas)', 'Porcentaje de la flota de autobuses que utiliza tecnologías limpias', 'Eficiencia de combustible de la flota de autobuses (millas por galón)', 'Número de autobuses reacondicionados o reemplazados por modelos más limpios', 'Métricas de mejora de la calidad del aire (por ejemplo, niveles de PM2.5)', 'Tasas de uso del transporte público', 'Ahorro de costos por mejoras en la eficiencia del combustible', 'Porcentaje de reducción en emisiones de óxidos de nitrógeno (NOx)']",,,,,,,,,,none
c40_0024,Emisiones de Ferry,{mitigation},,{transportation},{waterborne_navigation},{ghg_reduction},"Las estrategias de reducción de ""Ferry Emissions"" tienen como objetivo disminuir la huella ambiental del transporte acuático. La implementación de combustibles más limpios y tecnologías de control de emisiones mejora la sostenibilidad de las operaciones de los ferris, preservando los ecosistemas marinos.",1,1,0,0,0,0,0,"Las estrategias de reducción de ""Emisiones de Ferris"" promueven la equidad y la inclusión al priorizar la salud y el bienestar de las comunidades vulnerables o desatendidas que dependen de los servicios de ferris para el transporte. Al implementar combustibles más limpios y tecnologías de control de emisiones, la acción aborda directamente los problemas de calidad del aire que afectan desproporcionadamente a los vecindarios de bajos ingresos y a las comunidades de color ubicadas cerca de las rutas de ferris.

Además, mejorar la sostenibilidad de las operaciones de ferris ayuda a garantizar que estas comunidades tengan acceso a opciones de transporte confiables y respetuosas con el medio ambiente, lo que puede mejorar la movilidad y las oportunidades económicas. El enfoque en preservar los ecosistemas marinos también beneficia a estas comunidades, ya que a menudo dependen de vías fluviales saludables para la pesca, la recreación y el turismo, apoyando así sus medios de vida y prácticas culturales. En general, la acción reconoce y aborda las necesidades específicas de las poblaciones desatendidas, fomentando un sistema de transporte más equitativo.",,0-19,,,,,medium,5-10 years,"['Disponibilidad de alternativas de combustible más limpio para operaciones de ferry', 'Desarrollo e implementación de tecnologías de control de emisiones', 'Marcos regulatorios que apoyan la reducción de emisiones', 'Inversión en infraestructura para la distribución de combustibles más limpios', 'Colaboración con operadores de ferry y partes interesadas para la adopción de prácticas sostenibles', 'Investigación y desarrollo de soluciones innovadoras en el transporte marítimo']","['Reducción de emisiones de CO2 (toneladas)', 'Porcentaje de transbordadores que utilizan combustibles más limpios', 'Reducción de emisiones de material particulado (toneladas)', 'Número de transbordadores equipados con tecnologías de control de emisiones', 'Consumo de combustible por milla por pasajero', 'Porcentaje de disminución en las emisiones totales de los transbordadores', 'Tasa de cumplimiento con las regulaciones ambientales', 'Indicadores de salud del ecosistema marino']",,,,,,,,,,coastal_marine
c40_0025,Emisiones de Camiones,{mitigation},,{transportation},{on-road},{ghg_reduction},"La mitigación de ""Truck Emissions"" implica adoptar combustibles y tecnologías más limpias para reducir el impacto ambiental del transporte de carga. Esta iniciativa tiene como objetivo disminuir la contaminación del aire, promover la sostenibilidad y mejorar la eficiencia general de la logística urbana.",1,0,0,0,0,0,0,"La iniciativa de mitigación ""Emisiones de Camiones"" promueve la equidad y la inclusión al abordar el impacto desproporcionado de la contaminación del aire en comunidades vulnerables y desatendidas, que a menudo se encuentran cerca de corredores de carga. Al adoptar combustibles y tecnologías más limpias, la acción beneficia directamente a estas comunidades al mejorar la calidad del aire, lo cual es crucial para la salud pública, especialmente para las poblaciones de bajos ingresos y las comunidades de color que pueden tener acceso limitado a recursos de atención médica.

Además, la iniciativa mejora la sostenibilidad y la eficiencia de la logística urbana, lo que puede generar oportunidades económicas y creación de empleo en estas áreas desatendidas. Al priorizar métodos de transporte más limpios, la acción apoya una distribución más equitativa de los beneficios ambientales, asegurando que las comunidades marginadas no se queden atrás en la transición hacia una economía más verde. En general, el enfoque en la reducción de emisiones se alinea con el objetivo de fomentar comunidades más saludables y resilientes que a menudo son las más afectadas por la degradación ambiental.",,0-19,,,,,medium,<5 years,"['Disponibilidad de alternativas de combustible más limpias', 'Desarrollo y adopción de tecnologías avanzadas para reducir emisiones', 'Marcos regulatorios y políticas de apoyo', 'Inversión en infraestructura para opciones de carga más limpias', 'Colaboración entre las partes interesadas en los sectores de logística y transporte']","['Reducción de emisiones de CO2 (toneladas)', 'Porcentaje de camiones que utilizan combustibles más limpios', 'Mejora en la eficiencia del combustible (millas por galón)', 'Reducción de emisiones de material particulado (PM2.5)', 'Aumento en el número de camiones eléctricos o híbridos', 'Ahorro de costos por mejoras en la eficiencia del combustible', 'Porcentaje de disminución en los niveles de contaminación del aire urbano', 'Número de empresas de logística que adoptan prácticas sostenibles']",,,,,,,,,,none
c40_0026,Emisiones de Vehículos,{mitigation},,{transportation},{on-road},{ghg_reduction},"Las estrategias de reducción de ""Vehicle Emissions"" se centran en minimizar el impacto ambiental de todo tipo de vehículos. La implementación de tecnologías más limpias y la promoción de combustibles alternativos contribuyen a reducir las emisiones, fomentando un transporte sostenible y ecológico.",1,0,0,0,0,0,0,"Las estrategias de reducción de ""Emisiones de Vehículos"" promueven inherentemente la equidad y la inclusión al abordar los impactos ambientales que afectan desproporcionadamente a las comunidades vulnerables y desatendidas. Estas comunidades a menudo experimentan niveles más altos de contaminación del aire y problemas de salud relacionados debido a la proximidad a áreas de alto tráfico y zonas industriales. Al implementar tecnologías más limpias y promover combustibles alternativos, la acción beneficia directamente a estas poblaciones al mejorar la calidad del aire y reducir los riesgos para la salud.

Además, el enfoque en el transporte sostenible y ecológico puede mejorar el acceso a opciones de transporte asequibles y eficientes para las comunidades desatendidas, que pueden carecer de un transporte público confiable. Esta inclusividad asegura que todos los miembros de la comunidad, independientemente de su estatus socioeconómico, puedan beneficiarse de un aire más limpio y mejores resultados de salud pública. En general, la acción reconoce y aborda las necesidades específicas de las poblaciones vulnerables, fomentando un enfoque más equitativo hacia la acción climática.",,80-100,,,,,medium,<5 years,"['Desarrollo y disponibilidad de tecnologías de vehículos más limpias', 'Infraestructura para la distribución de combustibles alternativos', 'Políticas y regulaciones gubernamentales que apoyan la reducción de emisiones', 'Conciencia pública y aceptación de opciones de transporte ecológicas', 'Inversión en investigación y desarrollo para soluciones de transporte sostenible']","['Reducción de emisiones de vehículos (CO2, NOx, PM)', 'Porcentaje de vehículos que utilizan combustibles alternativos', 'Número de vehículos eléctricos en circulación', 'Mejoras en la eficiencia del combustible (millas por galón)', 'Tasa de adopción de tecnologías más limpias', 'Reducción en el consumo de combustibles fósiles', 'Tasas de uso del transporte público', 'Mejoras en el índice de calidad del aire', 'Porcentaje de zonas de bajas emisiones establecidas', 'Inversión en infraestructura de transporte sostenible']",,,,,,,,,,none
c40_0027,Mejoras en el Ferrocarril,{mitigation},,{transportation},{railways},{ghg_reduction},"Las ""Mejoras Ferroviarias"" implican mejorar la eficiencia y sostenibilidad de los sistemas ferroviarios. Al invertir en modernización y prácticas ecológicas, las ciudades buscan promover el ferrocarril como un modo de transporte de bajas emisiones y eficiente en energía.",1,0,0,0,0,0,0,"La acción climática ""Mejoras Ferroviarias"" promueve la equidad y la inclusión de varias maneras:

1. **Accesibilidad para Comunidades Desatendidas**: Al mejorar los sistemas ferroviarios, la acción busca proporcionar un mejor acceso al transporte público para poblaciones vulnerables, incluidas personas de bajos ingresos y comunidades que pueden carecer de opciones de transporte confiables.

2. **Transporte Asequible**: Los sistemas ferroviarios modernizados y eficientes pueden llevar a costos operativos más bajos, lo que puede traducirse en tarifas más asequibles para los pasajeros, beneficiando a aquellos que están económicamente desfavorecidos.

3. **Creación de Empleo**: La inversión en mejoras ferroviarias puede crear oportunidades de empleo en construcción, mantenimiento y operación, beneficiando particularmente a las comunidades locales que pueden enfrentar tasas de desempleo más altas.

4. **Reducción del Impacto Ambiental**: Al promover el transporte ferroviario de bajas emisiones, la acción aborda preocupaciones de justicia ambiental, ya que las comunidades desatendidas a menudo soportan la carga de la contaminación y los impactos del cambio climático.

5. **Participación Comunitaria**: La planificación e implementación de mejoras ferroviarias puede involucrar la participación de las comunidades locales, asegurando que las necesidades y preferencias de diversas poblaciones sean consideradas en el proceso de desarrollo.

6. **Beneficios para la Salud**: Los sistemas ferroviarios mejorados pueden llevar a una reducción de la contaminación del aire y la congestión del tráfico, contribuyendo a mejores resultados de salud para las comunidades vulnerables que se ven desproporcionadamente afectadas por los peligros ambientales.

En general, la iniciativa ""Mejoras Ferroviarias"" está diseñada para mejorar la equidad en el transporte y apoyar la inclusión de comunidades desatendidas en los esfuerzos de desarrollo sostenible.",,0-19,,,,,high,5-10 years,"['Inversión en infraestructura y tecnología para sistemas ferroviarios', 'Políticas y regulaciones gubernamentales que apoyan el transporte sostenible', 'Asociaciones públicas y privadas para financiamiento e implementación', 'Apoyo comunitario y concienciación pública sobre los beneficios del ferrocarril', 'Disponibilidad de materiales y prácticas ecológicas para la modernización']","['Reducción de emisiones de gases de efecto invernadero del transporte ferroviario', 'Aumento en el número de pasajeros del ferrocarril', 'Porcentaje de trenes que utilizan fuentes de energía renovable', 'Mejora en la eficiencia energética de los sistemas ferroviarios', 'Reducción en el tiempo de viaje para los pasajeros del ferrocarril', 'Aumento en la carga transportada por ferrocarril', 'Calificaciones de satisfacción del cliente para los servicios ferroviarios', 'Inversión en mejoras de infraestructura ferroviaria', 'Reducción en los costos de mantenimiento de los sistemas ferroviarios', 'Porcentaje de la red ferroviaria electrificada']",,,,,,,,,,none
c40_0028,Autobuses de Emisión Cero,{mitigation},,{transportation},{on-road},{ghg_reduction},"Las iniciativas de ""Autobuses de Emisión Cero"" se centran en integrar tecnologías eléctricas u otras tecnologías de emisión cero en las flotas de transporte público. Esta estrategia tiene como objetivo eliminar las emisiones de los autobuses tradicionales, contribuyendo a un aire más limpio y a un sistema de transporte urbano más sostenible.",2,0,0,0,0,0,0,"La iniciativa ""Autobuses de Emisión Cero"" promueve la equidad y la inclusión al priorizar un aire más limpio en las áreas urbanas, que a menudo incluyen comunidades vulnerables o desatendidas que se ven desproporcionadamente afectadas por la contaminación del aire. Al hacer la transición a autobuses eléctricos o de emisión cero, la iniciativa aborda directamente las disparidades de salud que enfrentan estas poblaciones, mejorando su calidad de vida en general.

Además, la integración de tecnologías de emisión cero en el transporte público mejora la accesibilidad a opciones de tránsito confiables y sostenibles para personas de bajos ingresos que pueden depender del transporte público para sus desplazamientos diarios. Esto asegura que todos los miembros de la comunidad, independientemente de su estatus socioeconómico, tengan acceso equitativo a un transporte limpio.

Asimismo, la iniciativa puede crear oportunidades de empleo en el mantenimiento y operación de autobuses de emisión cero, particularmente en comunidades que históricamente han enfrentado desventajas económicas. Esto puede ayudar a fomentar la inclusión económica y apoyar el desarrollo de la fuerza laboral local.

En general, el enfoque de la iniciativa en reducir las emisiones y mejorar el transporte público se alinea con las necesidades de las comunidades desatendidas, promoviendo la justicia ambiental y el acceso equitativo a soluciones de tránsito limpias.",,0-19,,,,,high,<5 years,"['Disponibilidad de tecnología de autobuses eléctricos o de cero emisiones', 'Inversión en infraestructura de carga para autobuses eléctricos', 'Políticas y regulaciones gubernamentales de apoyo que promuevan el transporte de cero emisiones', 'Financiamiento público o incentivos financieros para agencias de tránsito', 'Capacitación y desarrollo de la fuerza laboral para el mantenimiento y operación de nuevas tecnologías', 'Aceptación pública y demanda de opciones de transporte público más limpias']","['Número de autobuses de cero emisiones desplegados', 'Reducción en las emisiones de gases de efecto invernadero', 'Porcentaje de la flota de transporte público que es de cero emisiones', 'Métricas de mejora de la calidad del aire', 'Ahorros en costos operativos de autobuses de cero emisiones', 'Niveles de uso público', 'Consumo de energía por milla', 'Costos de mantenimiento de autobuses de cero emisiones', 'Calificaciones de satisfacción del usuario', 'Reducción de la contaminación acústica']",,,,,,,,,,none
c40_0029,Flota de vehículos eléctricos,{mitigation},,{transportation},{on-road},{ghg_reduction},"Las iniciativas de ""EV Fleet"" implican la transición de las flotas de vehículos municipales a vehículos eléctricos (EVs). Al adoptar el transporte eléctrico, las ciudades reducen las emisiones, disminuyen la contaminación del aire y contribuyen a la adopción general de soluciones de movilidad sostenibles y ecológicas.",1,0,0,0,0,0,0,"Las iniciativas de ""EV Fleet"" promueven la equidad y la inclusión de varias maneras:

1. **Mejora de la Calidad del Aire**: Al reducir las emisiones y disminuir la contaminación del aire, estas iniciativas benefician directamente a las comunidades vulnerables y desatendidas que a menudo se encuentran cerca de áreas de alto tráfico y son desproporcionadamente afectadas por la mala calidad del aire.

2. **Acceso al Transporte Limpio**: La transición a vehículos eléctricos puede mejorar el acceso a opciones de transporte más limpias para todos los miembros de la comunidad, incluidos aquellos en vecindarios de bajos ingresos que pueden depender de los servicios municipales para su movilidad.

3. **Creación de Empleo y Oportunidades Económicas**: La implementación de flotas de vehículos eléctricos puede crear oportunidades de empleo en el mantenimiento, operación y desarrollo de infraestructura de vehículos eléctricos, proporcionando beneficios económicos a las poblaciones desatendidas.

4. **Participación Comunitaria**: Estas iniciativas a menudo involucran la participación y el aporte de la comunidad, asegurando que las voces de los grupos marginados sean escuchadas y consideradas en la planificación y ejecución de soluciones de transporte.

5. **Ahorro de Costos a Largo Plazo**: Al invertir en vehículos eléctricos, los municipios pueden reducir los costos operativos con el tiempo, permitiendo potencialmente la reinversión en servicios comunitarios que beneficien a los residentes de bajos ingresos.

En general, las iniciativas de ""EV Fleet"" están diseñadas para abordar la justicia ambiental al priorizar la salud y el bienestar económico de las comunidades vulnerables mientras se promueven soluciones de transporte sostenibles.",,40-59,,,,,high,5-10 years,"['Disponibilidad de infraestructura de carga para vehículos eléctricos', 'Acceso a financiamiento e incentivos financieros para la compra de vehículos eléctricos', 'Apoyo del gobierno local y marcos de políticas que promuevan la adopción de vehículos eléctricos', 'Conciencia pública y aceptación de los vehículos eléctricos', 'Disponibilidad de una cadena de suministro confiable para vehículos eléctricos y componentes relacionados', 'Capacitación y recursos para el personal municipal sobre el mantenimiento y operación de vehículos eléctricos']","['Número de vehículos eléctricos en la flota', 'Reducción de emisiones de gases de efecto invernadero', 'Disminución en los niveles de contaminación del aire', 'Ahorro de costos en combustible y mantenimiento', 'Porcentaje de la flota que ha pasado a ser eléctrica', 'Aumento en la conciencia y aceptación pública de los vehículos eléctricos (EVs)', 'Reducción en el consumo de combustibles fósiles', 'Millas recorridas por vehículos eléctricos', 'Disponibilidad de infraestructura de carga', 'Mejoras en la eficiencia operativa']",,,,,,,,,,none
c40_0031,Transporte Inteligente,{mitigation},,{transportation},{all},{ghg_reduction},"""Smart Transit"" implica la integración de tecnologías avanzadas y soluciones basadas en datos para mejorar la eficiencia y efectividad de los sistemas de transporte público. Al incorporar tecnologías inteligentes, las ciudades buscan optimizar las rutas de tránsito, mejorar la fiabilidad del servicio y proporcionar una experiencia de viaje más fluida y sostenible para los residentes.",1,0,0,1,0,2,0,"La iniciativa ""Smart Transit"" promueve la equidad y la inclusión al mejorar los sistemas de transporte público que son cruciales para las comunidades vulnerables y desatendidas. Al optimizar las rutas de tránsito y mejorar la confiabilidad del servicio, la acción garantiza que estas comunidades tengan mejor acceso a servicios esenciales, oportunidades de empleo y actividades sociales.

Además, la integración de tecnologías avanzadas puede ayudar a identificar y abordar las necesidades específicas de las poblaciones desatendidas, como aquellas con discapacidades o individuos de bajos ingresos, asegurando que el sistema de tránsito responda a sus requerimientos. El enfoque en una experiencia de desplazamiento sin problemas y sostenible también contribuye a reducir los costos de transporte y los impactos ambientales, que afectan desproporcionadamente a los grupos marginados. En general, la iniciativa tiene como objetivo crear un panorama de transporte más equitativo que beneficie a todos los residentes, particularmente a aquellos que históricamente han enfrentado barreras para la movilidad.",,0-19,,,,,medium,5-10 years,"['Disponibilidad de tecnologías avanzadas para la recopilación y análisis de datos', 'Inversión en infraestructura para apoyar sistemas de tránsito inteligente', 'Colaboración entre agencias gubernamentales, autoridades de tránsito y proveedores de tecnología', 'Aceptación pública y participación de los usuarios con soluciones de tránsito inteligente', 'Acceso a datos en tiempo real para la optimización de rutas y la fiabilidad del servicio', 'Modelos de financiación sostenible para mantener y expandir las iniciativas de tránsito inteligente']","['Reducción de emisiones de gases de efecto invernadero', 'Aumento en el uso del transporte público', 'Tiempo de espera promedio para el transporte público', 'Porcentaje de puntualidad', 'Puntuación de satisfacción del cliente', 'Ahorro de costos por rutas optimizadas', 'Porcentaje de rutas que utilizan tecnología inteligente', 'Reducción en los costos operativos del transporte', 'Aumento en las opciones de transporte multimodal', 'Frecuencia de mejoras en el servicio']",,,,,,,,,,none
c40_0032,Acceso al transporte público y activo,{mitigation},,{transportation},{all},{ghg_reduction},"Las iniciativas de ""Acceso al Tránsito"" se centran en mejorar el acceso peatonal, ciclista y de tránsito integrado para crear una red de transporte urbano más interconectada y sostenible. Esto implica mejorar la infraestructura y promover opciones multimodales para reducir la dependencia de vehículos individuales.",1,0,0,1,0,2,0,"Las iniciativas de ""Acceso al Tránsito"" promueven la equidad y la inclusión mediante:

1. **Mejorar la Accesibilidad**: Al mejorar la infraestructura para caminar y andar en bicicleta, las iniciativas aseguran que las personas en comunidades desatendidas, que pueden no tener acceso a vehículos privados, puedan navegar por áreas urbanas de manera más fácil y segura.

2. **Opciones Multimodales**: La promoción de opciones de tránsito integradas proporciona diversas opciones de transporte, atendiendo a las necesidades variadas de poblaciones vulnerables, incluidos individuos de bajos ingresos, personas mayores y personas con discapacidades.

3. **Reducir Barreras de Transporte**: Al enfocarse en el transporte urbano sostenible, las iniciativas buscan reducir la carga financiera asociada con la propiedad y el mantenimiento de automóviles, haciendo la movilidad más asequible para las comunidades desatendidas.

4. **Fomentar el Transporte Activo**: Al promover caminar y andar en bicicleta, las iniciativas apoyan estilos de vida más saludables, lo cual puede ser particularmente beneficioso para comunidades que pueden carecer de acceso a instalaciones recreativas o recursos de salud.

5. **Participación Comunitaria**: El desarrollo de redes de tránsito interconectadas a menudo involucra la participación de las comunidades locales, asegurando que las voces de las poblaciones vulnerables sean escuchadas y consideradas en la planificación del transporte.

6. **Justicia Ambiental**: Al reducir la dependencia de vehículos individuales, las iniciativas contribuyen a un aire más limpio y un ambiente más saludable, lo cual beneficia desproporcionadamente a las comunidades desatendidas que pueden estar ubicadas cerca de áreas de alto tráfico y son más vulnerables a la contaminación.",,20-39,,,,,medium,5-10 years,"['Inversión en mejoras de infraestructura para caminos peatonales y ciclovías', 'Colaboración con gobiernos locales y autoridades de tránsito para la planificación integrada del transporte', 'Campañas de concienciación pública para promover los beneficios del transporte multimodal', 'Financiamiento y recursos para proyectos de transporte sostenible', 'Recolección y análisis de datos para evaluar las necesidades de transporte y los patrones de uso']","['Aumento en el uso del transporte público', 'Reducción de viajes en vehículos de ocupación individual', 'Porcentaje de la población a una distancia caminable del transporte público', 'Aumento en la infraestructura de ciclismo en millas', 'Satisfacción del usuario con los servicios de transporte', 'Reducción de emisiones de gases de efecto invernadero del transporte', 'Aumento en los viajes multimodales', 'Porcentaje de calles con instalaciones peatonales mejoradas', 'Aumento en el uso del programa de bicicletas compartidas', 'Reducción en los niveles de congestión del tráfico']",,,,,,,,,,none
c40_0033,Áreas de 15/30 Minutos,{mitigation},,{transportation},{all},{ghg_reduction},"Las ""Áreas de 15/30 Minutos"" se refieren al desarrollo de vecindarios completos donde los servicios esenciales, las comodidades y el transporte público son fácilmente accesibles a pie o en bicicleta en 15 o 30 minutos. Este enfoque de planificación urbana promueve la sostenibilidad al reducir la necesidad de viajes de larga distancia y fomentar la resiliencia comunitaria.",1,0,0,0,0,2,0,"La acción climática de ""Áreas de 15/30 Minutos"" promueve la equidad y la inclusión al garantizar que los servicios y comodidades esenciales sean accesibles para todos los miembros de la comunidad, beneficiando particularmente a las poblaciones vulnerables o desatendidas que pueden carecer de transporte confiable. Al diseñar vecindarios donde los recursos clave están a una corta distancia a pie o en bicicleta, este enfoque reduce las barreras de acceso para personas de bajos ingresos, ancianos y aquellos con discapacidades.

Además, el enfoque en la integración del transporte público mejora las opciones de movilidad para aquellos que pueden no poseer un vehículo, apoyando aún más el acceso equitativo a empleos, educación y atención médica. El desarrollo de vecindarios completos fomenta un sentido de comunidad y pertenencia, alentando las interacciones sociales entre diversos grupos y promoviendo la inclusión. En general, esta estrategia de planificación urbana aborda activamente las necesidades de las comunidades marginadas, asegurando que no se queden atrás en la transición hacia una vida sostenible.",,0-19,,,,,medium,<5 years,"['Disponibilidad de servicios y comodidades esenciales a una distancia que se pueda recorrer a pie o en bicicleta', 'Inversión en infraestructura de transporte público', 'Participación comunitaria y apoyo a iniciativas de planificación local', 'Regulaciones de zonificación que promuevan el desarrollo de uso mixto', 'Principios de diseño urbano sostenible que prioricen la caminabilidad y la ciclabilidad', 'Colaboración entre el gobierno local, los urbanistas y los residentes']","['Porcentaje de residentes a 15/30 minutos de servicios esenciales', 'Reducción en la distancia promedio de desplazamiento', 'Aumento en las tasas de transporte activo (caminata/bicicleta)', 'Tasas de uso del transporte público', 'Reducción de emisiones de gases de efecto invernadero del transporte', 'Satisfacción de la comunidad con las comodidades locales', 'Número de nuevos negocios establecidos en áreas de 15/30 minutos', 'Aumento de espacios verdes per cápita', 'Frecuencia de eventos comunitarios y actividades de participación', 'Cambio en los valores de propiedad en áreas de 15/30 minutos']",,,,,,,,,,none
c40_0034,Prohibiciones de Materiales,{mitigation},,{waste},{disposal_of_solid_waste_generated_in_the_city},{ghg_reduction},"""Prohibiciones de Materiales"" implican imponer restricciones a materiales de un solo uso o no reciclables para reducir el impacto ambiental. Al prohibir ciertos materiales, las ciudades buscan promover el uso de alternativas sostenibles, contribuyendo a la reducción de residuos y a la conservación ambiental en general.",0,1,0,0,0,0,0,"La acción climática de ""Prohibiciones de Materiales"" promueve la equidad y la inclusión al abordar el impacto desproporcionado de los desechos y la contaminación en comunidades vulnerables y desatendidas. Al reducir los materiales de un solo uso y no reciclables, la acción ayuda a mejorar la salud ambiental en áreas que a menudo están más afectadas por problemas de gestión de residuos.

Además, la promoción de alternativas sostenibles puede crear oportunidades económicas para los negocios locales, particularmente aquellos en áreas desatendidas, al fomentar el desarrollo y la distribución de productos ecológicos. Esto puede llevar a la creación de empleo y al apoyo de las economías locales.

Asimismo, la implementación de prohibiciones de materiales a menudo implica la participación y educación de la comunidad, asegurando que las voces de los grupos marginados sean escuchadas y consideradas en el proceso de toma de decisiones. Este enfoque participativo fomenta un sentido de pertenencia y empoderamiento entre los miembros de la comunidad, mejorando la equidad social.

En general, la acción no solo busca reducir el impacto ambiental, sino que también considera activamente las necesidades y contribuciones de las poblaciones vulnerables, promoviendo una transición hacia la sostenibilidad más inclusiva y equitativa.",,,0-19,,,,low,<5 years,"['Conciencia pública y apoyo para cuestiones ambientales', 'Disponibilidad de alternativas sostenibles a los materiales prohibidos', 'Mecanismos de aplicación efectivos para garantizar el cumplimiento de las prohibiciones', 'Colaboración con empresas para la transición a prácticas ecológicas', 'Programas de educación y divulgación para informar a la comunidad sobre los cambios']","['Reducción en el consumo de materiales de un solo uso', 'Aumento en las tasas de reciclaje', 'Cantidad de residuos desviados de los vertederos', 'Número de alternativas sostenibles adoptadas', 'Niveles de concienciación y participación pública', 'Tasa de cumplimiento entre las empresas', 'Reducción de basura en espacios públicos', 'Reducción de la huella de carbono asociada con las prohibiciones de materiales']",,,,,,,,,,none
c40_0035,Eficiencia en el manejo de residuos,{mitigation},,{waste},{all},{ghg_reduction},"Las iniciativas de ""Eficiencia de Residuos"" tienen como objetivo mejorar la eficiencia de los procesos de recolección de residuos, reduciendo el consumo de recursos y minimizando el impacto ambiental. Esto incluye la optimización de los sistemas de gestión de residuos para mejorar la eficiencia energética y promover prácticas sostenibles de eliminación de residuos.",0,1,0,0,0,0,0,"Las iniciativas de ""Eficiencia de Residuos"" promueven la equidad y la inclusión al centrarse en comunidades desatendidas que a menudo soportan la carga de sistemas de gestión de residuos ineficientes. Al optimizar los procesos de recolección de residuos, estas iniciativas pueden reducir la carga ambiental sobre las poblaciones vulnerables, que pueden vivir en áreas desproporcionadamente afectadas por los residuos y la contaminación.

Además, mejorar la eficiencia energética en la gestión de residuos puede generar ahorros de costos, que pueden reinvertirse en servicios comunitarios o infraestructuras que beneficien a los vecindarios de bajos ingresos. La promoción de prácticas sostenibles de eliminación de residuos también asegura que todos los miembros de la comunidad, independientemente de su estatus socioeconómico, tengan acceso a opciones ambientalmente responsables, fomentando un sentido de responsabilidad compartida e inclusión en los esfuerzos de acción climática.

En general, estas iniciativas reconocen los desafíos únicos que enfrentan las comunidades desatendidas y tienen como objetivo crear un sistema de gestión de residuos más equitativo que beneficie a todos los residentes.",,,0-19,,,,medium,<5 years,"['Infraestructura y tecnología efectiva para la gestión de residuos', 'Colaboración con gobiernos locales y autoridades de gestión de residuos', 'Concienciación y educación pública sobre prácticas de eliminación de residuos', 'Acceso a datos para monitorear y optimizar los procesos de recolección de residuos', 'Inversión en instalaciones sostenibles de procesamiento de residuos']","['Reducción en los costos de recolección de residuos', 'Porcentaje de disminución de residuos enviados a vertederos', 'Aumento en las tasas de reciclaje', 'Consumo de energía por tonelada de residuos recolectados', 'Reducción de emisiones de carbono de la gestión de residuos', 'Satisfacción del cliente con los servicios de recolección de residuos', 'Volumen de residuos procesados mediante métodos sostenibles', 'Eficiencia operativa de las rutas de recolección de residuos']",,,,,,,,,,none
c40_0036,Gestión de Vertederos,{mitigation},,{waste},{all},{ghg_reduction},"Las estrategias de ""Gestión de Vertederos"" se centran en prácticas responsables y sostenibles de gestión de vertederos para minimizar la degradación ambiental. Al adoptar técnicas de gestión efectivas, las ciudades buscan reducir la huella ecológica asociada con los sitios de vertederos y fomentar la reducción de residuos.",1,1,0,0,0,0,0,"Las estrategias de ""Gestión de Vertederos"" promueven la equidad y la inclusión al abordar los impactos ambientales de los sitios de vertederos, que a menudo afectan de manera desproporcionada a las comunidades vulnerables y desatendidas. Estas comunidades frecuentemente residen cerca de vertederos y son más susceptibles a los riesgos para la salud asociados con la contaminación y la degradación ambiental. Al implementar prácticas de vertederos responsables y sostenibles, la acción busca reducir estos impactos negativos, mejorando así la calidad de vida de los residentes en estas áreas.

Además, las técnicas efectivas de reducción de residuos pueden crear oportunidades para la participación y el compromiso comunitario, permitiendo que las poblaciones desatendidas tengan voz en las decisiones ambientales locales. Esta inclusión fomenta un sentido de pertenencia y empoderamiento entre los miembros de la comunidad, asegurando que sus necesidades y preocupaciones sean consideradas en la gestión de los sitios de vertederos. En general, la acción reconoce y busca mitigar las inequidades enfrentadas por las comunidades marginadas en relación con la gestión de residuos y la salud ambiental.",,,0-19,,,,medium,<5 years,"['Prácticas efectivas de segregación de residuos para asegurar una correcta disposición y reciclaje', 'Inversión en tecnología para el tratamiento de residuos y monitoreo de vertederos', 'Participación comunitaria y educación sobre la reducción de residuos y el reciclaje', 'Marcos regulatorios y políticas que apoyan prácticas sostenibles en vertederos', 'Colaboración con gobiernos locales y organizaciones para compartir recursos y mejores prácticas']","['Reducción del volumen de residuos en vertederos', 'Porcentaje de residuos desviados de vertederos', 'Tasa de captura de gas de vertedero', 'Calidad del suelo y del agua alrededor de los sitios de vertederos', 'Frecuencia de inspecciones de vertederos', 'Niveles de concienciación y participación pública', 'Ahorro de costos por prácticas mejoradas de gestión de vertederos', 'Cumplimiento de las regulaciones ambientales']",,,,,,,,,,none
c40_0037,Separación en origen,{mitigation},,{waste},{all},{ghg_reduction},"Las políticas de ""Separación en Origen"" implican la adopción de prácticas como la recolección separada de reciclables secos y residuos orgánicos compostables. Al alentar a los residentes a clasificar sus desechos en el origen, las ciudades promueven el reciclaje, reducen la contaminación y contribuyen a la eficiencia general de la gestión de residuos.",0,0,0,0,0,0,0,"Las políticas de ""Separación en Fuente"" promueven la equidad y la inclusión mediante:

1. **Accesibilidad**: Al implementar sistemas de recolección separados, las ciudades pueden garantizar que todos los residentes, incluidas aquellas comunidades vulnerables o desatendidas, tengan acceso a servicios de reciclaje y compostaje. Esto ayuda a abordar las disparidades en los servicios de gestión de residuos.

2. **Participación Comunitaria**: Estas políticas a menudo implican esfuerzos de divulgación y educación adaptados a comunidades diversas, asegurando que todos los residentes comprendan la importancia de la separación de residuos y cómo participar de manera efectiva, fomentando así un sentido de inclusión.

3. **Creación de Empleo**: La implementación de la separación en fuente puede crear oportunidades de empleo en los sectores de gestión de residuos y reciclaje, beneficiando particularmente a las comunidades desatendidas que pueden enfrentar tasas de desempleo más altas.

4. **Beneficios para la Salud**: Al reducir la contaminación y mejorar la gestión de residuos, estas políticas pueden llevar a entornos más limpios en áreas desatendidas, que a menudo enfrentan niveles más altos de contaminación y riesgos de salud asociados.

5. **Empoderamiento**: Alentar a los residentes a participar activamente en la separación de residuos los empodera para asumir la responsabilidad de la salud ambiental de su comunidad, fomentando un sentido de agencia y responsabilidad entre todos los miembros de la comunidad, particularmente aquellos de entornos marginados.

En general, las políticas de ""Separación en Fuente"" están diseñadas para ser inclusivas y equitativas, asegurando que todos los miembros de la comunidad puedan participar y beneficiarse de prácticas mejoradas de gestión de residuos.",,,0-19,,,,medium,<5 years,"['Concienciación y educación pública sobre la importancia de la separación de residuos', 'Disponibilidad de infraestructura de recolección adecuada para diferentes tipos de residuos', 'Apoyo del gobierno local y marcos de políticas', 'Participación y compromiso de la comunidad en programas de gestión de residuos', 'Acceso a instalaciones de reciclaje y compostaje', 'Mecanismos de monitoreo y aplicación para garantizar el cumplimiento']","['Porcentaje de residuos desviados de los vertederos', 'Tasa de participación en programas de separación en origen', 'Volumen de materiales reciclables recogidos', 'Volumen de residuos orgánicos compostados', 'Tasa de contaminación de materiales reciclables', 'Niveles de concienciación y educación pública', 'Ahorro de costos por el uso reducido de vertederos', 'Reducción de emisiones de gases de efecto invernadero por la gestión de residuos']",,,,,,,,,,none
c40_0039,Gestión de Gases,{mitigation},,{waste},{all},{ghg_reduction},"La ""Gestión de Gases"" en los vertederos sanitarios implica capturar lixiviados y gestionar el gas de vertedero para mitigar los peligros ambientales. Implementar sistemas efectivos de gestión de gases contribuye a reducir las emisiones de gases de efecto invernadero y mejora la sostenibilidad general de la gestión de residuos.",1,0,0,0,0,0,0,"La acción de ""Gestión de Gas"" en los vertederos sanitarios promueve la equidad y la inclusión al abordar los peligros ambientales que afectan desproporcionadamente a las comunidades vulnerables o desatendidas. Al capturar lixiviados y gestionar el gas de los vertederos, esta acción reduce las emisiones nocivas que pueden provocar problemas de salud, especialmente en los barrios de bajos ingresos que a menudo se encuentran cerca de los vertederos.

Además, los sistemas efectivos de gestión de gas contribuyen a mejorar la calidad del aire y la salud pública, beneficiando a todos los miembros de la comunidad, especialmente a aquellos que pueden carecer de acceso a recursos de atención médica. La implementación de estos sistemas también puede crear oportunidades de empleo en el área local, proporcionando beneficios económicos a las poblaciones desatendidas. En general, esta acción climática reconoce y aborda las necesidades específicas de las comunidades vulnerables, asegurando que reciban las protecciones ambientales y de salud necesarias para condiciones de vida equitativas.",,,0-19,,,,high,5-10 years,"['Disponibilidad de tecnología para la captura de gas y gestión de lixiviados', 'Marcos regulatorios que apoyan las prácticas de gestión de gas de vertedero', 'Inversión en infraestructura para sistemas de gestión de gas efectivos', 'Capacitación y experiencia del personal en operaciones de vertederos', 'Conciencia pública y apoyo comunitario para iniciativas de gestión de vertederos']","['Reducción de emisiones de gases de efecto invernadero (equivalente de CO2)', 'Volumen de gas de vertedero capturado', 'Porcentaje de lixiviados tratados', 'Energía generada a partir del gas de vertedero capturado', 'Ahorro de costos por sistemas de gestión de gas', 'Tasa de cumplimiento con las regulaciones ambientales', 'Reducción de quejas por olores', 'Aumento en la vida útil del vertedero']",,,,,,,,,,none
c40_0040,Recolección Basada en Volumen,{mitigation},,{waste},{all},{ghg_reduction},"Las políticas de ""Recolección Basada en Volumen"" incentivan la reducción de residuos al implementar tarifas o incentivos basados en la cantidad de residuos generados. Este enfoque anima a los residentes a minimizar la producción de residuos, contribuyendo a los objetivos generales de reducción de residuos.",0,0,0,0,0,0,0,"Las políticas de ""Recolección Basada en Volumen"" promueven la equidad y la inclusión al:

1. **Incentivar la Participación**: Al vincular tarifas o incentivos con la cantidad de residuos generados, la política anima a todos los residentes, incluidos aquellos de comunidades vulnerables o desatendidas, a participar activamente en los esfuerzos de reducción de residuos. Esto puede empoderar a estas comunidades para que se apropien de sus prácticas de gestión de residuos.

2. **Alivio Financiero para Generadores de Bajo Volumen**: Los hogares que producen menos residuos, a menudo encontrados en comunidades desatendidas, pueden beneficiarse de tarifas más bajas, proporcionándoles alivio financiero y fomentando prácticas sostenibles sin imponer una carga desproporcionada.

3. **Concienciación y Educación**: La implementación de políticas basadas en volumen a menudo incluye componentes educativos que informan a los residentes sobre estrategias de reducción de residuos. Esto puede beneficiar particularmente a las comunidades desatendidas al proporcionarles conocimientos y recursos para reducir eficazmente los residuos.

4. **Participación Comunitaria**: La política puede fomentar la participación comunitaria al involucrar a los residentes en discusiones sobre la gestión y reducción de residuos, asegurando que las voces de las poblaciones vulnerables sean escuchadas y consideradas en el proceso de toma de decisiones.

5. **Asignación Equitativa de Recursos**: Al centrarse en la reducción de residuos, la política puede llevar a una asignación más equitativa de recursos para los servicios de gestión de residuos, asegurando que las comunidades desatendidas reciban el apoyo e infraestructura adecuados para gestionar sus residuos de manera efectiva.",,,0-19,,,,low,5-10 years,"['Programas efectivos de comunicación y educación para informar a los residentes sobre los beneficios de la reducción de residuos', 'Un sistema de medición de residuos confiable para rastrear con precisión el volumen de residuos generados', 'Apoyo del gobierno local y los responsables de políticas para implementar y hacer cumplir las políticas de recolección basadas en el volumen', 'Disponibilidad de opciones alternativas de gestión de residuos, como instalaciones de reciclaje y compostaje', 'Participación y compromiso de la comunidad para fomentar una cultura de sostenibilidad y reducción de residuos']","['Reducción en el total de residuos generados', 'Aumento en las tasas de reciclaje', 'Tasa de participación en el programa de recolección basado en volumen', 'Promedio de residuos por hogar', 'Ahorro de costos por la reducción en la eliminación de residuos', 'Niveles de concienciación y participación pública', 'Cambio en las tasas de compostaje']",,,,,,,,,,none
c40_0042,Expansión de la Biodiversidad,{mitigation},,{afolu},,{ghg_reduction},"Las iniciativas de ""Expansión de la Biodiversidad"" tienen como objetivo preservar y expandir los espacios verdes, promoviendo la biodiversidad dentro de las áreas urbanas. Al preservar los hábitats naturales, las ciudades mejoran los servicios ecosistémicos y crean entornos resilientes que apoyan una flora y fauna diversa.",1,1,1,0,0,0,0,"Las iniciativas de ""Expansión de la Biodiversidad"" promueven la equidad y la inclusión al garantizar que las comunidades desatendidas tengan acceso a espacios verdes preservados, que a menudo faltan en las áreas urbanas. Al centrarse en mejorar la biodiversidad en estos vecindarios, la acción aborda la justicia ambiental al mejorar la calidad de vida de las poblaciones vulnerables que pueden enfrentar una mayor exposición a la contaminación y un acceso limitado a la naturaleza. Además, la creación de entornos resilientes apoya a una flora y fauna diversa, lo que puede mejorar los ecosistemas locales de los que estas comunidades dependen para obtener beneficios recreativos, culturales y económicos. En general, la iniciativa fomenta un sentido de pertenencia comunitaria y participación en la preservación de los hábitats naturales, asegurando que las voces de los grupos marginados se incluyan en la planificación urbana y la gestión ambiental.",,,,,40-59,,low,5-10 years,"['Disponibilidad de financiación para proyectos de espacios verdes', 'Participación y apoyo de la comunidad para iniciativas de biodiversidad', 'Colaboración con gobiernos locales y organizaciones ambientales', 'Acceso a investigaciones científicas sobre ecosistemas locales', 'Marcos regulatorios que apoyan la conservación de tierras y la planificación urbana']","['Aumento en el área de espacios verdes (hectáreas)', 'Número de especies nativas introducidas', 'Mejora del índice de biodiversidad', 'Porcentaje de áreas urbanas con espacios verdes accesibles', 'Participación comunitaria en programas de biodiversidad', 'Reducción del efecto de isla de calor urbana', 'Aumento en las poblaciones de polinizadores', 'Mejora en los indicadores de calidad del aire', 'Número de asociaciones con organizaciones locales de conservación', 'Métricas de concienciación y educación pública']",,,,,,,,,,none
c40_0046,Protección Costera,{adaptation},{floods},,,{climate_resilience},"Las estrategias de ""Protección Costera"" incluyen la construcción de muros de contención y estructuras protectoras para mitigar el impacto del aumento del nivel del mar y la erosión costera. Esta medida de adaptación mejora la resiliencia de las áreas costeras y protege a las comunidades de los impactos del cambio climático.",0,0,1,0,0,0,0,"Las estrategias de ""Protección Costera"" promueven inherentemente la equidad y la inclusión al centrarse en la protección de las comunidades costeras vulnerables que a menudo son las más afectadas por los impactos del cambio climático, como el aumento del nivel del mar y la erosión. Estas comunidades frecuentemente incluyen poblaciones de bajos ingresos, grupos marginados y aquellos con recursos limitados para adaptarse a los cambios ambientales.

Al construir muros de contención y estructuras protectoras, la acción aborda directamente las necesidades de estas poblaciones desatendidas, asegurando su seguridad y estabilidad frente a las amenazas climáticas. Además, la implementación de tales estrategias a menudo involucra la participación y aportes de la comunidad, permitiendo que los residentes afectados tengan voz en el proceso de toma de decisiones, lo que fomenta un sentido de pertenencia e inclusión.

Además, el enfoque en mejorar la resiliencia en estas áreas ayuda a salvaguardar no solo la infraestructura física, sino también el bienestar social y económico de las comunidades, promoviendo así el acceso equitativo a recursos y oportunidades en el contexto de la adaptación al clima.",,,,,,high,high,5-10 years,"['Disponibilidad de financiación y recursos para la construcción y mantenimiento de estructuras de protección', 'Acceso a experiencia en ingeniería para diseñar muros de contención y defensas costeras efectivas', 'Colaboración con comunidades locales y partes interesadas para la planificación e implementación', 'Aprobaciones regulatorias y cumplimiento de leyes y políticas ambientales', 'Investigación y datos sobre patrones de erosión costera y proyecciones de aumento del nivel del mar']","['Reducción en la tasa de erosión costera', 'Aumento en el valor de las propiedades costeras', 'Número de comunidades protegidas', 'Extensión del área protegida por muros de contención', 'Frecuencia de eventos de inundación', 'Niveles de conciencia y preparación de la comunidad', 'Rentabilidad de las medidas de protección', 'Salud de la biodiversidad en áreas costeras']",,,,"""high""",,,,,,coastal_marine
c40_0047,Almacenamiento de Agua,{adaptation},{droughts},,,{climate_resilience},"Las soluciones de ""Almacenamiento de Agua"" y almacenamiento por bombeo mejoran la gestión de los recursos hídricos, asegurando la disponibilidad durante períodos de escasez. Esta estrategia de adaptación contribuye al uso sostenible del agua y a la resiliencia frente a los desafíos relacionados con el clima.",0,1,0,0,0,0,0,"Las soluciones de ""Almacenamiento de Agua"" y almacenamiento por bombeo promueven directamente la equidad y la inclusión al garantizar que las comunidades vulnerables o desatendidas tengan acceso confiable a los recursos hídricos, especialmente durante tiempos de escasez. Al mejorar la gestión de los recursos hídricos, estas soluciones ayudan a mitigar los impactos desproporcionados del cambio climático en estas comunidades, que a menudo enfrentan mayores desafíos para acceder a agua limpia y suficiente.

Además, el enfoque en el uso sostenible del agua apoya la resiliencia a largo plazo de estas comunidades, permitiéndoles enfrentar mejor los desafíos relacionados con el clima. Esta acción reconoce las necesidades específicas de las poblaciones desatendidas, asegurando que no se queden atrás frente a la escasez de agua y los impactos climáticos. En general, la implementación de estas estrategias de gestión del agua fomenta una distribución más equitativa de los recursos, empoderando a las comunidades vulnerables para prosperar a pesar de los desafíos ambientales.",,,,,,high,medium,5-10 years,"['Disponibilidad de sitios adecuados para infraestructura de almacenamiento de agua', 'Acceso a tecnología para sistemas de almacenamiento por bombeo eficientes', 'Inversión y financiación para la construcción y mantenimiento de instalaciones de almacenamiento de agua', 'Colaboración con comunidades locales para prácticas sostenibles de gestión del agua', 'Marcos regulatorios que apoyan la gestión de recursos hídricos y estrategias de adaptación al clima']","['Volumen de agua almacenada', 'Porcentaje de reducción en incidentes de escasez de agua', 'Tasa de eficiencia en el uso del agua', 'Número de comunidades beneficiadas por soluciones de almacenamiento de agua', 'Ahorro de costos por una mejor gestión del agua', 'Aumento en la productividad agrícola debido a un suministro de agua confiable', 'Puntuación de resiliencia de los ecosistemas locales', 'Frecuencia de interrupciones en el suministro de agua', 'Satisfacción de los usuarios con la disponibilidad de agua', 'Reducción de conflictos relacionados con el agua']",,"""high""",,,,,,,,none
c40_0048,Mejora del Drenaje,{adaptation},{floods},,,{climate_resilience},"""Mejora del Drenaje"" implica soluciones de eco-ingeniería para mejorar los sistemas de drenaje, mitigando el riesgo de inundaciones. Esta medida de adaptación tiene como objetivo mejorar la resiliencia urbana al minimizar el impacto de eventos climáticos extremos.",0,0,0,0,0,0,0,"La acción climática ""Mejora del Drenaje"" promueve la equidad y la inclusión al dirigirse específicamente a comunidades vulnerables o desatendidas que a menudo se ven desproporcionadamente afectadas por inundaciones y eventos climáticos extremos. Al implementar soluciones de eco-ingeniería, la acción aborda las necesidades de estas comunidades, asegurando que se beneficien de una mayor resiliencia urbana.

Además, el enfoque en mejorar los sistemas de drenaje ayuda a proteger los vecindarios de bajos ingresos, que pueden carecer de infraestructura adecuada, reduciendo así su riesgo de inundaciones y daños asociados. Este enfoque proactivo no solo protege el entorno físico, sino que también apoya la estabilidad social y económica de estas comunidades, fomentando un paisaje urbano más equitativo.

En general, la acción reconoce los desafíos únicos que enfrentan las poblaciones desatendidas y tiene como objetivo crear un entorno urbano más inclusivo al priorizar su seguridad y bienestar frente al cambio climático.",,,,,,high,medium,5-10 years,"['Disponibilidad de financiación para proyectos de eco-ingeniería', 'Colaboración con gobiernos locales y partes interesadas para la planificación e implementación', 'Acceso a tecnología avanzada y materiales para mejoras de drenaje', 'Datos sobre patrones climáticos históricos y riesgos de inundación para un diseño efectivo', 'Participación y apoyo de la comunidad para medidas de adaptación']","['Reducción de incidentes de inundación', 'Mejora en la capacidad de drenaje', 'Tiempo de respuesta a eventos de inundación', 'Satisfacción de la comunidad con los sistemas de drenaje', 'Ahorro de costos por reducción de daños por inundaciones', 'Aumento en elementos de infraestructura verde', 'Mejora de la biodiversidad en áreas de drenaje', 'Concienciación y educación pública sobre problemas de drenaje']",,,,"""high""",,,,,,none
c40_0051,Sombreado Público,{adaptation},{heatwaves},,,{climate_resilience},"""La sombra pública"" implica la implementación de estructuras de sombra en espacios públicos, contribuyendo a los esfuerzos de eco-ingeniería. Esta medida de adaptación mejora la comodidad al aire libre, reduce el estrés por calor y promueve un diseño urbano sostenible.",0,0,0,0,0,0,0,"La acción climática ""Sombra Pública"" promueve la equidad y la inclusión mediante:

1. **Accesibilidad para Poblaciones Vulnerables**: Al proporcionar sombra en espacios públicos, la acción beneficia directamente a comunidades vulnerables, incluyendo a personas de bajos ingresos, ancianos y aquellos con condiciones de salud que los hacen más susceptibles al estrés por calor.

2. **Mayor Comodidad al Aire Libre**: La implementación de estructuras de sombra mejora la comodidad al aire libre para todos los miembros de la comunidad, fomentando un mayor uso de los espacios públicos por parte de poblaciones desatendidas que de otro modo podrían evitarlos debido al calor extremo.

3. **Diseño Urbano Sostenible**: El enfoque en la eco-ingeniería y el diseño sostenible asegura que los beneficios de la acción climática se integren en el entorno urbano, fomentando espacios inclusivos que atienden las diversas necesidades de la comunidad.

4. **Participación Comunitaria**: El desarrollo de iniciativas de sombra pública a menudo involucra la participación de la comunidad, asegurando que las voces de las poblaciones desatendidas sean escuchadas y consideradas en el proceso de planificación.

5. **Beneficios para la Salud**: Al reducir el estrés por calor, la acción contribuye a mejores resultados de salud para grupos marginados que pueden carecer de acceso a aire acondicionado u otros recursos de enfriamiento, promoviendo así la equidad en salud.

En general, la iniciativa ""Sombra Pública"" aborda las necesidades de las comunidades vulnerables, asegurando que las medidas de adaptación climática sean inclusivas y equitativas.",,,,,,high,low,<5 years,"['Disponibilidad de financiación para la construcción y mantenimiento de estructuras de sombra', 'Colaboración con urbanistas y arquitectos para la integración del diseño', 'Participación comunitaria para asegurar el apoyo y uso público', 'Evaluación de las condiciones climáticas locales para determinar soluciones de sombra óptimas', 'Cumplimiento con las regulaciones locales y leyes de zonificación respecto a modificaciones de espacios públicos']","['Reducción de la temperatura superficial promedio en áreas sombreadas', 'Aumento en el uso de espacios públicos durante las horas de máximo calor', 'Número de estructuras de sombra instaladas', 'Calificaciones de satisfacción de los usuarios de áreas sombreadas', 'Disminución de incidentes de salud relacionados con el calor', 'Aumento de la biodiversidad en áreas sombreadas', 'Ahorro de energía en edificios cercanos debido a la reducción de calor', 'Compromiso y participación de la comunidad en iniciativas de sombreado']",,,"""high""",,,,,,,none
c40_0053,Ahorro de Agua,{adaptation},{droughts},,,{climate_resilience},"Las tecnologías de ""Ahorro de Agua"", incluyendo la recolección de agua de lluvia, tienen como objetivo conservar los recursos hídricos. Esta medida de adaptación implica acciones tecnológicas para mejorar los esfuerzos de eco-ingeniería, asegurando un uso sostenible del agua frente a las cambiantes condiciones climáticas.",0,1,0,0,0,0,0,"Las tecnologías de ""Ahorro de Agua"", como la recolección de agua de lluvia, promueven la equidad y la inclusión al abordar directamente las necesidades de comunidades vulnerables y desatendidas que a menudo enfrentan escasez de agua y acceso limitado a recursos de agua limpia. Al implementar estas tecnologías, la acción asegura que las poblaciones marginadas puedan beneficiarse de prácticas sostenibles de uso del agua, que son cruciales para su salud y medios de vida.

Además, el enfoque en los esfuerzos de eco-ingeniería en la medida de adaptación resalta un compromiso con soluciones ambientalmente sostenibles que pueden ser accesibles para todos los miembros de la comunidad, independientemente de su estatus socioeconómico. Este enfoque fomenta la participación y el empoderamiento comunitario, permitiendo que los grupos desatendidos participen en los procesos de toma de decisiones relacionados con la gestión del agua.

Asimismo, al mejorar la conservación del agua frente al cambio climático, la acción ayuda a mitigar los impactos desproporcionados de las escaseces de agua relacionadas con el clima en las poblaciones vulnerables, promoviendo así la resiliencia y la equidad en la distribución de recursos. En general, la iniciativa reconoce y aborda los desafíos específicos que enfrentan las comunidades desatendidas, asegurando que estén incluidas en los beneficios de las estrategias de adaptación climática.",,,,,,high,high,<5 years,"['Disponibilidad de tecnología adecuada para la recolección de agua de lluvia', 'Acceso a financiamiento y recursos financieros para la implementación', 'Concienciación y educación comunitaria sobre prácticas de conservación del agua', 'Políticas y regulaciones gubernamentales de apoyo que promuevan tecnologías de ahorro de agua', 'Colaboración con partes interesadas y organizaciones locales para una implementación efectiva']","['Volumen de agua ahorrada (litros)', 'Número de sistemas de recolección de agua de lluvia instalados', 'Porcentaje de reducción en el consumo de agua', 'Ahorro de costos por el uso reducido de agua', 'Compromiso y tasa de participación de la comunidad', 'Aumento en los niveles de agua subterránea', 'Frecuencia de mantenimiento y eficiencia operativa de los sistemas']",,"""high""",,,,,,,,none
c40_0054,Reciclaje de Agua,{adaptation},{droughts},,,{climate_resilience},"""Reciclaje de agua"" o recuperación implica acciones tecnológicas para tratar y reutilizar los recursos hídricos. Esta medida de adaptación contribuye a la sostenibilidad y resiliencia de los recursos hídricos, particularmente en el contexto de los patrones climáticos cambiantes.",0,1,0,0,0,0,0,"La acción de ""Reciclaje de Agua"" promueve la equidad y la inclusión al garantizar que las comunidades vulnerables o desatendidas tengan acceso a recursos hídricos sostenibles. Al tratar y reutilizar el agua, esta iniciativa aborda las necesidades de poblaciones que pueden enfrentar escasez o contaminación de agua, lo que a menudo afecta desproporcionadamente a grupos de bajos ingresos y marginados.

Además, la implementación de tecnologías de reciclaje de agua puede crear oportunidades de empleo y capacitación en habilidades para los residentes locales, particularmente en áreas desatendidas, fomentando el empoderamiento económico. La acción también considera la distribución equitativa de los recursos hídricos, asegurando que todos los miembros de la comunidad, independientemente de su estatus socioeconómico, se beneficien de una mejor disponibilidad y calidad del agua.

En general, esta acción climática apoya activamente la resiliencia de las comunidades vulnerables al priorizar sus necesidades específicas frente a los impactos del cambio climático.",,,,,,high,high,<5 years,"['Acceso a tecnologías avanzadas de tratamiento de agua', 'Disponibilidad de infraestructura para la recolección y distribución de agua', 'Marcos regulatorios que apoyan iniciativas de reciclaje de agua', 'Conciencia pública y aceptación de prácticas de reutilización de agua', 'Financiamiento e inversión para proyectos de reciclaje de agua', 'Colaboración entre organizaciones gubernamentales y no gubernamentales']","['Volumen de agua reciclada', 'Porcentaje de reducción en el consumo de agua dulce', 'Ahorro de costos por reutilización de agua', 'Número de instalaciones que implementan el reciclaje de agua', 'Reducción en la descarga de aguas residuales', 'Mejora en los estándares de calidad del agua', 'Niveles de concienciación y participación pública', 'Cumplimiento con los estándares regulatorios', 'Impacto en los ecosistemas locales', 'Reducción en incidentes de escasez de agua']",,"""high""",,,,,,,,none
c40_0058,Preparación,{adaptation},{storms},,,{climate_resilience},"""Preparación"" se refiere a la planificación integral y las medidas de preparación para anticipar y responder a los impactos de eventos relacionados con el clima. Esta estrategia asegura que las comunidades estén equipadas para manejar emergencias y mejorar la resiliencia en general.",0,0,0,0,0,0,0,"La acción climática de ""Preparación"" promueve la equidad y la inclusión al garantizar que la planificación integral y las medidas de preparación aborden específicamente las necesidades de las comunidades vulnerables o desatendidas. Este enfoque reconoce que estas comunidades a menudo enfrentan mayores riesgos por eventos relacionados con el clima debido a disparidades sociales, económicas y ambientales existentes. Al priorizar sus desafíos únicos e incorporar sus voces en el proceso de planificación, la acción fomenta una distribución más equitativa de recursos y apoyo.

Además, el énfasis en mejorar la resiliencia general significa que los esfuerzos de preparación están diseñados para empoderar a estas comunidades, proporcionándoles las herramientas y el conocimiento necesarios para responder eficazmente a las emergencias. Esto no solo ayuda a mitigar los impactos de los eventos climáticos, sino que también promueve la cohesión social y el compromiso comunitario, asegurando que todos los miembros, particularmente aquellos que están más en riesgo, sean incluidos en los procesos de toma de decisiones que afectan sus vidas.",,,,,,high,low,5-10 years,"['Acceso a datos climáticos precisos y pronósticos para informar la planificación', 'Colaboración entre gobiernos locales, organizaciones y comunidades para una respuesta efectiva', 'Disponibilidad de recursos y financiamiento para iniciativas de preparación', 'Programas de capacitación y educación para los miembros de la comunidad sobre respuesta a emergencias', 'Resiliencia de la infraestructura para soportar eventos relacionados con el clima', 'Campañas de concienciación pública para promover medidas de preparación']","['Número de comunidades con planes de respuesta a emergencias actualizados', 'Porcentaje de población capacitada en preparación para emergencias', 'Frecuencia de simulacros y ejercicios relacionados con el clima realizados', 'Disponibilidad de recursos y suministros para la respuesta a emergencias', 'Niveles de conciencia y participación comunitaria respecto a la preparación para el clima', 'Tiempo tomado para movilizar recursos durante una emergencia climática', 'Número de asociaciones establecidas con organizaciones locales para iniciativas de preparación', 'Puntuaciones de evaluación de la resiliencia comunitaria antes y después de las medidas de preparación']",,,,,,,"""high""",,,none
c40_0059,Alerta Temprana,{adaptation},{storms},,,{climate_resilience},"Los sistemas de ""Alerta Temprana"" implican la detección y comunicación oportuna de posibles peligros relacionados con el clima, lo que permite respuestas proactivas para mitigar riesgos. Esta iniciativa mejora la preparación de la comunidad y reduce el impacto de eventos adversos.",0,0,0,0,0,0,0,"La iniciativa de sistemas de ""Alerta Temprana"" promueve la equidad y la inclusión al garantizar que las comunidades vulnerables o desatendidas reciban información oportuna y accesible sobre peligros relacionados con el clima. Al centrarse en la comunicación proactiva, la acción ayuda a empoderar a estas comunidades, que a menudo carecen de los recursos para prepararse y responder a las amenazas climáticas.

Además, la iniciativa puede diseñarse para llegar a poblaciones diversas, incluidas aquellas con barreras lingüísticas o discapacidades, asegurando que todos los miembros de la comunidad puedan comprender y actuar sobre las advertencias. Esta inclusividad ayuda a reducir las disparidades en el riesgo y mejora la resiliencia general de la comunidad, ya que todos están mejor equipados para responder a los posibles peligros.

En general, la acción reconoce los desafíos únicos que enfrentan las comunidades desatendidas y tiene como objetivo proporcionarles las herramientas e información necesarias para protegerse de los impactos climáticos, fomentando así un enfoque más equitativo hacia la resiliencia climática.",,,,,,high,high,5-10 years,"['Acceso a datos climáticos confiables y modelos de pronóstico', 'Infraestructura de comunicación efectiva para la difusión de advertencias', 'Participación y educación comunitaria sobre los riesgos climáticos', 'Colaboración con agencias de respuesta a emergencias locales y nacionales', 'Financiamiento y recursos para el mantenimiento de tecnología y sistemas']","['Número de alertas tempranas emitidas', 'Tiempo de respuesta a las alertas', 'Niveles de conciencia y preparación de la comunidad', 'Reducción de daños relacionados con desastres', 'Número de sesiones de capacitación realizadas', 'Compromiso y tasas de participación de las partes interesadas', 'Retroalimentación de la comunidad sobre la efectividad de las alertas', 'Frecuencia de simulacros y simulaciones realizadas']",,,,,,,"""high""",,,none
c40_0060,Retiro Gestionado,{adaptation},{storms},,,{climate_resilience},"Las estrategias de ""Retiro Gestionado"" implican la reubicación planificada lejos de áreas de alto riesgo vulnerables a los impactos del cambio climático. Esta medida de adaptación tiene como objetivo proteger a las comunidades del aumento del nivel del mar, inundaciones y otros riesgos ambientales.",0,0,0,0,0,0,0,"Las estrategias de ""Retiro Gestionado"" promueven inherentemente la equidad y la inclusión al priorizar la seguridad y el bienestar de las comunidades vulnerables o desatendidas que están más en riesgo por los impactos del cambio climático. Al centrarse en la reubicación planificada, estas estrategias buscan proteger a las poblaciones marginadas que a menudo carecen de los recursos para adaptarse a los cambios ambientales por sí mismas.

Además, la implementación del retiro gestionado implica involucrar a las comunidades afectadas en el proceso de toma de decisiones, asegurando que sus voces y necesidades sean consideradas. Este enfoque participativo ayuda a abordar las inequidades históricas y empodera a los residentes para que tengan voz en su futuro.

Asimismo, el retiro gestionado puede proporcionar oportunidades para un acceso equitativo a viviendas e infraestructuras más seguras, reduciendo la carga desproporcionada de los riesgos climáticos que enfrentan los grupos de bajos ingresos y marginados. En general, esta acción climática reconoce y aborda los desafíos únicos que enfrentan las comunidades desatendidas, fomentando un enfoque más inclusivo para la adaptación al clima.",,,,,,medium,high,<5 years,"['Evaluación de áreas de alto riesgo para identificar comunidades que necesitan reubicación', 'Disponibilidad de financiamiento y recursos para apoyar los esfuerzos de reubicación', 'Participación y apoyo de la comunidad para los planes de reubicación', 'Desarrollo de nueva infraestructura en áreas más seguras', 'Marcos de políticas y regulaciones que faciliten la retirada gestionada', 'Coordinación entre agencias gubernamentales y partes interesadas involucradas en el proceso de reubicación']","['Número de comunidades reubicadas con éxito', 'Reducción en la exposición de la población a áreas de alto riesgo', 'Porcentaje de residentes afectados involucrados en el proceso de planificación', 'Rentabilidad de las estrategias de reubicación', 'Mejora en los indicadores de resiliencia comunitaria', 'Tiempo tomado para implementar los planes de reubicación', 'Niveles de satisfacción de los residentes reubicados', 'Evaluaciones de impacto ambiental después de la reubicación']",,,,,,,"""medium""",,,coastal_marine
c40_0066,Reglas de Eficiencia,{adaptation},{droughts},,,{climate_resilience},"""Reglas de Eficiencia"" abarcan regulaciones y estándares destinados a mejorar el uso de recursos y reducir el desperdicio en varios sectores. Esta iniciativa contribuye a la eficiencia general de los recursos, la sostenibilidad ambiental y la mitigación del clima.",0,1,0,0,0,0,0,"La iniciativa ""Reglas de Eficiencia"" promueve la equidad y la inclusión al garantizar que las regulaciones y estándares para el uso de recursos y la reducción de desechos se apliquen de manera uniforme en todos los sectores, incluidos aquellos que sirven a comunidades vulnerables o desatendidas. Al mejorar la eficiencia de los recursos, la iniciativa ayuda a reducir los costos de los servicios esenciales, haciéndolos más accesibles para los hogares de bajos ingresos. Además, el enfoque en la sostenibilidad ambiental beneficia directamente a las comunidades que a menudo se ven desproporcionadamente afectadas por la contaminación y el agotamiento de recursos, abordando así las inequidades históricas. Además, la iniciativa puede crear oportunidades de empleo en sectores enfocados en mejoras de eficiencia, proporcionando beneficios económicos a las poblaciones desatendidas. En general, las ""Reglas de Eficiencia"" contribuyen a una distribución más equitativa de los beneficios y recursos ambientales, fomentando la inclusión en los esfuerzos de acción climática.",,,,,,medium,low,5-10 years,"['Marcos regulatorios que apoyan la implementación de estándares de eficiencia', 'Avances tecnológicos que permiten un mejor uso de los recursos', 'Participación y colaboración de las partes interesadas a través de sectores', 'Recolección y análisis de datos para monitorear la eficiencia de los recursos', 'Conciencia pública y educación sobre prácticas de sostenibilidad']","['Eficiencia en el uso de recursos', 'Porcentaje de reducción de residuos', 'Reducción de emisiones de carbono', 'Consumo de energía por unidad de producción', 'Eficiencia en el uso del agua', 'Porcentaje de materiales reciclados utilizados', 'Tasa de cumplimiento con los estándares de eficiencia', 'Ahorro de costos por mejoras en eficiencia', 'Niveles de concienciación y participación pública', 'Reducción en las evaluaciones de impacto ambiental']",,"""medium""",,,,,,,,none
c40_0011,Nuevos Estándares de Construcción,{mitigation},,{stationary_energy},{commercial_and_institutional_buildings_and_facilities},{ghg_reduction},"""Nuevos Estándares de Construcción, Edificios Comerciales"" establece pautas para la construcción ambientalmente responsable, asegurando que las nuevas estructuras se adhieran a prácticas energéticamente eficientes, reduciendo así las emisiones de carbono y promoviendo el desarrollo urbano sostenible.",1,0,0,0,-1,0,0,"La acción ""Nuevos Estándares de Construcción, Edificios Comerciales"" promueve la equidad y la inclusión de varias maneras:

1. **Acceso a Infraestructura Sostenible**: Al establecer directrices para prácticas energéticamente eficientes, la acción asegura que todos los nuevos edificios comerciales, incluidos aquellos en comunidades desatendidas, se construyan con características sostenibles. Esto puede llevar a un mejor acceso a energía limpia y a la reducción de costos de servicios para negocios locales y residentes.

2. **Creación de Empleo y Oportunidades Económicas**: La implementación de nuevos estándares de construcción puede crear oportunidades de empleo en la construcción y en industrias relacionadas, beneficiando particularmente a individuos de comunidades vulnerables que pueden enfrentar barreras para el empleo. Esto puede ayudar a estimular las economías locales y proporcionar caminos hacia un empleo estable.

3. **Beneficios para la Salud**: La construcción ambientalmente responsable a menudo incluye una mejor calidad del aire interior y una reducción de la exposición a contaminantes nocivos. Esto es particularmente beneficioso para las comunidades desatendidas que ya pueden enfrentar disparidades de salud, promoviendo así el bienestar general de la comunidad.

4. **Resiliencia Comunitaria**: Al promover el desarrollo urbano sostenible, la acción ayuda a construir resiliencia en comunidades vulnerables contra los impactos climáticos. Esto incluye una mejor infraestructura que puede resistir eventos climáticos extremos, protegiendo así a estas comunidades de daños desproporcionados.

5. **Acceso Equitativo a Recursos**: Los estándares pueden fomentar la inclusión de la opinión de la comunidad en el proceso de planificación y desarrollo, asegurando que las necesidades y voces de las poblaciones desatendidas sean consideradas en la construcción de nuevos edificios comerciales.

En general, la acción integra la equidad y la inclusión asegurando que los beneficios de las prácticas de construcción sostenible sean accesibles para todas las comunidades, particularmente aquellas que a menudo son marginadas.",20-39,,,,,,low,<5 years,"['Marco regulatorio para hacer cumplir los estándares de construcción', 'Disponibilidad de materiales de construcción sostenibles', 'Programas de formación y certificación para constructores y arquitectos', 'Incentivos para adoptar tecnologías energéticamente eficientes', 'Conciencia pública y apoyo a prácticas sostenibles']","['Reducción del consumo de energía', 'Reducción de emisiones de carbono', 'Porcentaje de edificios que cumplen con los estándares', 'Ahorro de costos por eficiencia energética', 'Reducción del uso de agua', 'Uso de materiales sostenibles', 'Tasas de ocupación de edificios', 'Tasa de cumplimiento con los nuevos estándares', 'Reducción del efecto de isla de calor urbana', 'Mejora de la calidad del aire interior']",,,,,,,,,,none
c40_0022,Calefacción/refrigeración limpia,{mitigation},,{stationary_energy},{all},{ghg_reduction},"""Increase use of clean energy sources for heating and cooling buildings"" enfatiza la transición a sistemas de energía renovable y de bajo carbono en los sectores de calefacción y refrigeración de la infraestructura urbana. Al promover la adopción de tecnologías sostenibles como la solar, geotérmica o sistemas de energía de distrito, las ciudades buscan reducir las emisiones de carbono, mejorar la eficiencia energética y crear un enfoque más respetuoso con el medio ambiente para el control climático de los edificios.",1,0,0,1,0,0,0,"La acción climática para aumentar el uso de fuentes de energía limpia para la calefacción y refrigeración de edificios promueve la equidad y la inclusión de varias maneras:

1. **Acceso a Energía Limpia**: Al centrarse en fuentes de energía renovable, la acción busca proporcionar a las comunidades desatendidas acceso a opciones de energía más limpias y asequibles, reduciendo su dependencia de los combustibles fósiles que a menudo contribuyen a mayores costos de energía y riesgos para la salud.

2. **Creación de Empleo**: La transición a tecnologías sostenibles puede crear oportunidades de empleo en la instalación, mantenimiento y gestión de sistemas de energía limpia, beneficiando particularmente a individuos de comunidades vulnerables que pueden enfrentar barreras para el empleo.

3. **Beneficios para la Salud**: Reducir las emisiones de carbono y mejorar la eficiencia energética puede llevar a una mejor calidad del aire, lo cual afecta desproporcionadamente a los vecindarios de bajos ingresos. Esta acción aborda directamente las disparidades de salud al mitigar los problemas de salud relacionados con la contaminación.

4. **Participación Comunitaria**: La implementación de soluciones de energía limpia a menudo implica involucrar a las comunidades locales en los procesos de planificación y toma de decisiones, asegurando que las voces de las poblaciones desatendidas sean escuchadas y consideradas.

5. **Fortalecimiento de la Resiliencia**: Al invertir en infraestructura de energía renovable, la acción mejora la resiliencia de las comunidades vulnerables a los impactos climáticos, como el calor extremo o la escasez de energía, promoviendo así la equidad social en los esfuerzos de adaptación climática.

En general, esta acción climática integra la equidad y la inclusión al asegurar que los beneficios de la transición a la energía limpia sean accesibles para todos, particularmente aquellos que históricamente han sido marginados.",40-59,,,,,,high,5-10 years,"['Disponibilidad de tecnologías de energía renovable como paneles solares y sistemas geotérmicos', 'Inversión en infraestructura para apoyar sistemas de energía distrital', 'Políticas gubernamentales e incentivos que promueven la adopción de energía limpia', 'Conciencia pública y aceptación de soluciones sostenibles de calefacción y refrigeración', 'Acceso a opciones de financiamiento para que los propietarios de edificios implementen sistemas de energía limpia', 'Colaboración entre gobiernos locales, proveedores de energía y desarrolladores de tecnología']","['Porcentaje de aumento en el uso de energía limpia para calefacción y refrigeración', 'Reducción de emisiones de carbono de los sistemas de calefacción y refrigeración', 'Mejoras en la eficiencia energética de los edificios', 'Número de edificios que utilizan fuentes de energía renovable', 'Ahorro de costos por medidas de eficiencia energética', 'Aumento en la concienciación pública y adopción de tecnologías de energía limpia', 'Reducción en el consumo de energía para calefacción y refrigeración', 'Número de nuevas instalaciones de sistemas solares, geotérmicos o de energía distrital']",,,,,,,,,,none
c40_0049,Refugios contra ciclones,{adaptation},{floods},,,{climate_resilience},"""Refugios contra ciclones"" proporcionan refugios seguros durante eventos de inundaciones y ciclones, mejorando la resiliencia de la comunidad. Esta adaptación de eco-ingeniería garantiza la seguridad de los residentes en áreas vulnerables durante condiciones climáticas extremas.",0,0,0,0,0,0,0,"La iniciativa de ""Refugios para Ciclones"" promueve la equidad y la inclusión al dirigirse específicamente a las comunidades vulnerables que están más en riesgo durante eventos climáticos extremos. Al proporcionar refugios seguros, la acción garantiza que las poblaciones marginadas, que a menudo carecen de los recursos para evacuar o protegerse durante ciclones e inundaciones, tengan acceso a un refugio seguro. Esta iniciativa reconoce los desafíos únicos que enfrentan las comunidades desatendidas, como la movilidad limitada, las restricciones económicas y la vivienda inadecuada, priorizando así su seguridad y resiliencia. Además, el aspecto de eco-ingeniería de los refugios puede incorporar materiales y mano de obra locales, fomentando la participación comunitaria y oportunidades económicas para los residentes. En general, la acción está diseñada para mejorar la seguridad y el bienestar de aquellos que se ven desproporcionadamente afectados por el cambio climático, promoviendo así la equidad social y la inclusión.",,,,,,high,low,<5 years,"['Disponibilidad de terrenos adecuados para construir refugios contra ciclones', 'Financiación y recursos financieros para construir y mantener refugios', 'Participación y apoyo de la comunidad para la iniciativa', 'Acceso a materiales y tecnología para soluciones de eco-ingeniería', 'Colaboración con el gobierno local y agencias de gestión de desastres', 'Programas de capacitación y preparación para residentes sobre el uso de los refugios']","['Número de refugios para ciclones construidos', 'Capacidad de los refugios (número de personas alojadas)', 'Frecuencia de uso durante eventos climáticos extremos', 'Sesiones de capacitación en concienciación y preparación comunitaria realizadas', 'Reducción de víctimas durante eventos de ciclones', 'Retroalimentación de los usuarios de los refugios sobre seguridad y accesibilidad', 'Estado de mantenimiento y operación de los refugios', 'Alianzas con organizaciones locales para la gestión de refugios']",,,,"""high""",,,,,,coastal_marine
c40_0052,Pavimento Fresco,{adaptation},{heatwaves},,,{climate_resilience},"Las iniciativas de ""Cool Pavement"" implican el uso de materiales reflectantes para reducir la absorción de calor del pavimento. Esta estrategia de adaptación contribuye a mitigar los desafíos relacionados con el calor, mejorando la resiliencia urbana en el contexto de calefacción y refrigeración.",0,0,0,0,0,0,0,"Las iniciativas de ""Cool Pavement"" promueven la equidad y la inclusión al dirigirse específicamente a áreas urbanas donde a menudo residen comunidades vulnerables o desatendidas. Estas comunidades suelen verse más afectadas por los desafíos relacionados con el calor debido a factores como el acceso limitado a espacios verdes y una mayor exposición a las islas de calor urbanas. Al implementar materiales reflectantes en estos vecindarios, la iniciativa aborda directamente el impacto desproporcionado del calor extremo en estas poblaciones, mejorando así su resiliencia.

Además, la iniciativa puede crear oportunidades de empleo local en la instalación y mantenimiento de pavimentos frescos, beneficiando a los miembros de la comunidad y fomentando la inclusión económica. Al priorizar las áreas con mayor necesidad, la acción asegura que las voces y necesidades de las comunidades desatendidas sean consideradas en las estrategias de adaptación climática, promoviendo un enfoque más equitativo en la planificación urbana y la resiliencia climática.",,,,,,high,low,5-10 years,"['Disponibilidad de materiales reflectantes adecuados para la infraestructura urbana', 'Apoyo del gobierno local y de los urbanistas para la implementación', 'Financiamiento y recursos financieros para la instalación y el mantenimiento', 'Conciencia pública y participación comunitaria en iniciativas de acción climática', 'Investigación y datos sobre islas de calor urbanas y sus impactos']","['Reducción de la temperatura superficial de los pavimentos', 'Porcentaje de área cubierta por pavimentos fríos', 'Disminución del efecto de isla de calor urbana', 'Ahorro de energía en edificios cercanos', 'Reducción de incidentes de salud relacionados con el calor', 'Aumento de la conciencia y participación pública', 'Rentabilidad de la implementación', 'Longevidad y durabilidad de los materiales utilizados']",,,"""high""",,,,,,,none
c40_0062,Tarifas de Agua,{adaptation},{droughts},,,{climate_resilience},"Las ""Tarifas de Agua"" implican estructuras de precios para el uso del agua, fomentando la conservación y el uso eficiente de los recursos hídricos. Esta iniciativa tiene como objetivo promover el consumo responsable de agua y contribuir a la gestión sostenible del agua.",0,1,0,0,0,0,0,"La iniciativa de ""Tarifas de Agua"" promueve la equidad y la inclusión mediante la implementación de estructuras de precios que pueden diseñarse para proteger a las comunidades vulnerables y desatendidas. Al fomentar el consumo responsable de agua, la iniciativa puede ayudar a garantizar que todos los miembros de la comunidad, independientemente de su situación económica, tengan acceso a recursos hídricos esenciales.

Además, se pueden establecer modelos de precios escalonados, donde se apliquen tarifas más bajas a las necesidades básicas de agua, asegurando que los hogares de bajos ingresos no se vean desproporcionadamente afectados por los costos. Este enfoque puede ayudar a prevenir la inseguridad hídrica entre las poblaciones desatendidas, fomentando una distribución más equitativa de los recursos hídricos.

Asimismo, la iniciativa puede incluir componentes educativos dirigidos a aumentar la conciencia en las comunidades vulnerables sobre las prácticas de conservación del agua, empoderándolas para tomar decisiones informadas sobre su uso del agua. En general, la acción de ""Tarifas de Agua"" considera las necesidades de las comunidades desatendidas al promover una gestión sostenible del agua mientras asegura el acceso y la asequibilidad.",,,,,,high,low,5-10 years,"['Monitoreo y medición efectivos del uso del agua para informar las estructuras tarifarias', 'Concienciación y educación pública sobre la importancia de la conservación del agua', 'Apoyo de los gobiernos locales y organismos reguladores para implementar y hacer cumplir las tarifas', 'Disponibilidad de fuentes de agua alternativas para reducir la dependencia del suministro tradicional', 'Infraestructura tecnológica para la facturación y seguimiento del consumo de agua']","['Porcentaje de reducción del consumo de agua', 'Porcentaje de usuarios que adoptan prácticas de conservación', 'Ingresos generados por tarifas de agua', 'Cambio en el uso de agua per cápita', 'Satisfacción del cliente con los precios del agua', 'Tasa de pérdida de agua en el sistema de distribución', 'Porcentaje de hogares que utilizan electrodomésticos eficientes en el uso del agua', 'Impacto en la sostenibilidad de los recursos hídricos locales']",,"""high""",,,,,,,,none
c40_0071,Cocina Sostenible,{mitigation},,{stationary_energy},,{ghg_reduction},"Las iniciativas de ""Cocina Sostenible"" fomentan prácticas de cocina respetuosas con el medio ambiente, incluyendo el uso de electrodomésticos energéticamente eficientes y métodos de cocina sostenibles. Esta estrategia promueve la conservación de recursos y contribuye a la sostenibilidad general en la preparación de alimentos.",0,0,0,0,0,0,0,"Las iniciativas de ""Cocina Sostenible"" promueven la equidad y la inclusión al dirigirse a comunidades vulnerables o desatendidas que pueden carecer de acceso a electrodomésticos eficientes en energía y métodos de cocina sostenibles. Al proporcionar educación y recursos sobre prácticas de cocina respetuosas con el medio ambiente, estas iniciativas empoderan a los individuos en estas comunidades para adoptar hábitos sostenibles que pueden llevar a ahorros de costos y mejores resultados de salud. Además, el enfoque en la conservación de recursos se alinea con las necesidades de las poblaciones desatendidas, que a menudo enfrentan costos de energía más altos e inseguridad alimentaria. Al fomentar el acceso a prácticas de cocina sostenibles, la iniciativa ayuda a nivelar el campo de juego, asegurando que todos los miembros de la comunidad puedan beneficiarse de soluciones respetuosas con el medio ambiente.",0-19,,,,,,low,5-10 years,"['Disponibilidad de electrodomésticos energéticamente eficientes', 'Acceso a información sobre métodos de cocina sostenible', 'Apoyo de gobiernos locales y organizaciones para prácticas sostenibles', 'Conciencia y educación del consumidor sobre los beneficios de la cocina sostenible', 'Disponibilidad de recursos para capacitación y talleres sobre técnicas de cocina sostenible']","['Reducción en el consumo de energía', 'Aumento en el uso de electrodomésticos energéticamente eficientes', 'Disminución de las emisiones de carbono de la cocina', 'Número de participantes en programas de cocina sostenible', 'Cantidad de recursos conservados (agua, electricidad)', 'Satisfacción del usuario con las prácticas de cocina sostenible', 'Reducción del desperdicio de alimentos', 'Aumento en la conciencia sobre métodos de cocina sostenible']",,,,,,,,,,none
c40_0019,Edificios Municipales,{mitigation},,{stationary_energy},{commercial_and_institutional_buildings_and_facilities},{ghg_reduction},"""Edificios Municipales"" se centran en implementar prácticas y estándares ecológicos en las estructuras de propiedad gubernamental, demostrando el compromiso de la ciudad con la sostenibilidad mientras sirven como un modelo para la construcción responsable con el medio ambiente.",1,0,0,0,-1,0,0,"La acción climática ""Edificios Municipales"" promueve la equidad y la inclusión al garantizar que las estructuras de propiedad gubernamental sean diseñadas y construidas con prácticas ecológicas que beneficien a todos los miembros de la comunidad, particularmente a las poblaciones vulnerables o desatendidas. Al priorizar los estándares de construcción sostenible, la iniciativa puede llevar a una mejor calidad del aire y a la reducción de los costos de energía, que afectan desproporcionadamente a las comunidades de bajos ingresos. Además, mostrar estos edificios como modelos de sostenibilidad puede inspirar y empoderar a los residentes locales, incluidos aquellos de entornos desatendidos, para abogar por prácticas similares en sus propios vecindarios. Además, la implementación de prácticas ecológicas puede crear oportunidades de empleo en la construcción y el mantenimiento verdes, proporcionando beneficios económicos a los grupos marginados. En general, esta acción refleja un compromiso con la creación de entornos más saludables y sostenibles que sean accesibles y beneficiosos para todos los miembros de la comunidad.",20-39,,,,,,high,5-10 years,"['Disponibilidad de financiación para la remodelación y construcción de edificios ecológicos', 'Acceso a materiales y tecnologías de construcción sostenibles', 'Colaboración con arquitectos e ingenieros especializados en diseño verde', 'Cumplimiento de las normativas ambientales locales, estatales y federales', 'Compromiso y apoyo de la comunidad y las partes interesadas locales', 'Capacitación y educación para el personal municipal sobre prácticas sostenibles']","['Reducción del consumo de energía', 'Reducción del uso de agua', 'Certificaciones de edificios verdes obtenidas', 'Porcentaje de materiales sostenibles utilizados', 'Reducción de la huella de carbono', 'Ahorro de costos por eficiencia energética', 'Satisfacción de los empleados con el entorno del edificio', 'Niveles de compromiso y concienciación pública', 'Reducción de costos de mantenimiento', 'Número de iniciativas ecológicas implementadas']",,,,,,,,,,none
c40_0056,Preservación de Cuencas,{adaptation},{droughts},,,{climate_resilience},"""La preservación de cuencas hidrográficas"" implica la protección y conservación de áreas naturales de cuencas hidrográficas para salvaguardar la calidad del agua, la biodiversidad y los servicios ecosistémicos. Esta iniciativa tiene como objetivo garantizar la gestión sostenible del agua y la resiliencia ante los impactos del cambio climático.",0,1,0,0,0,0,0,"La iniciativa ""Preservación de Cuencas"" promueve la equidad y la inclusión al priorizar la protección de los recursos naturales que son vitales para las comunidades vulnerables y desatendidas. Estas comunidades a menudo dependen de las cuencas locales para su agua potable, agricultura y medios de vida, por lo que su preservación es esencial para su bienestar.

Al salvaguardar la calidad del agua y los servicios ecosistémicos, la acción beneficia directamente a aquellos que pueden carecer de acceso a agua limpia y entornos saludables, abordando así las disparidades en el acceso a los recursos. Además, la iniciativa puede involucrar la participación y el compromiso de la comunidad, asegurando que las voces de los grupos marginados sean escuchadas en los procesos de toma de decisiones relacionados con la gestión de cuencas. Este enfoque inclusivo fomenta un sentido de pertenencia y empoderamiento entre estas comunidades, mejorando su resiliencia ante los impactos del cambio climático.

En general, el enfoque en la gestión sostenible del agua a través de la preservación de cuencas apoya inherentemente las necesidades y derechos de las poblaciones vulnerables, promoviendo la equidad social y la justicia ambiental.",,,,,,high,low,<5 years,"['Planificación efectiva del uso del suelo para prevenir la expansión urbana y la destrucción del hábitat', 'Participación y educación comunitaria para promover la conciencia y la participación en la conservación de cuencas hidrográficas', 'Colaboración con gobiernos locales y organizaciones para el apoyo de políticas y la asignación de recursos', 'Monitoreo y evaluación de la calidad del agua y la salud del ecosistema para informar las prácticas de gestión', 'Financiamiento y recursos financieros para apoyar proyectos e iniciativas de conservación']","['Índice de calidad del agua', 'Índice de biodiversidad', 'Área de cuenca hidrográfica preservada', 'Número de proyectos de conservación implementados', 'Nivel de participación comunitaria', 'Reducción de incidentes de contaminación del agua', 'Valoración de servicios ecosistémicos', 'Puntuación de evaluación de resiliencia', 'Eficiencia en el uso del agua', 'Frecuencia de monitoreo e informes']",,"""high""",,,,,,,,none
