schema_version,evidence_id,action_id,action_name,sector,component,source_id,source_title,pdf_page,printed_page,quote_verbatim,quote_language,indicator_ids_addressed,indicator_names_addressed,direction,quantified_value,support_scope,maladaptation_signal,extraction_run_id,review_status,reviewed_by,reviewed_at,review_note
0.3.0,ev_a0ba2d16322f3cf2,c40_0056,Improve Watershed Protection and Management,biodiversity,exposure,B_SRC_007,Harnessing Nature to Build Climate Resilience: Scaling Up the Use of Ecosystem-based Adaptation,10,8,"Common examples of EbA measures include the conservation or restoration of mangroves to protect coastal communities from storm surges and sea level rise, the establishment of green roofs, street trees and urban parks to reduce the risks of heatwaves and flooding in cities, and the conservation of upslope forests to prevent landslides and downstream flooding under extreme weather events.",en,90028 | 90030,Natural coverage | Area for conservation,supports,,partial_action,false,all_sectors_evidence_2026-08-30,proposed,,,
0.3.0,ev_09a4086367abf43a,c40_0056,Improve Watershed Protection and Management,biodiversity,exposure,B_SRC_010,"Climate Change 2022: Impacts, Adaptation and Vulnerability - Chapter 2: Terrestrial and Freshwater Ecosystems and their Services",7,203,"The resilience of biodiversity and ecosystem services to climate change can be increased by human adaptation actions including ecosystem protection and restoration (high confidence). Ecological theory and observations show that a wide range of actions can reduce risks to species and ecosystem integrity. This includes minimising additional stresses or disturbances; reducing fragmentation; increasing natural habitat extent, connectivity and heterogeneity; maintaining taxonomic, phylogenetic, and functional diversity and redundancy; and protecting small-scale refugia where micro-climate conditions can allow species to persist (high confidence).",en,90028 | 90030,Natural coverage | Area for conservation,supports,,whole_action,false,all_sectors_evidence_2026-08-30,proposed,,,
0.3.0,ev_ee2121dad23a8126,c40_0056,Improve Watershed Protection and Management,biodiversity,vulnerability,B_SRC_007,Harnessing Nature to Build Climate Resilience: Scaling Up the Use of Ecosystem-based Adaptation,10,8,"Common examples of EbA measures include the conservation or restoration of mangroves to protect coastal communities from storm surges and sea level rise, the establishment of green roofs, street trees and urban parks to reduce the risks of heatwaves and flooding in cities, and the conservation of upslope forests to prevent landslides and downstream flooding under extreme weather events.",en,90018 | 90019,Environmental liabilities | Vegetation loss,supports,,partial_action,false,all_sectors_evidence_2026-08-30,proposed,,,
0.3.0,ev_d10730a7e0191bad,c40_0056,Improve Watershed Protection and Management,biodiversity,vulnerability,B_SRC_010,"Climate Change 2022: Impacts, Adaptation and Vulnerability - Chapter 2: Terrestrial and Freshwater Ecosystems and their Services",7,203,"The resilience of biodiversity and ecosystem services to climate change can be increased by human adaptation actions including ecosystem protection and restoration (high confidence). Ecological theory and observations show that a wide range of actions can reduce risks to species and ecosystem integrity. This includes minimising additional stresses or disturbances; reducing fragmentation; increasing natural habitat extent, connectivity and heterogeneity; maintaining taxonomic, phylogenetic, and functional diversity and redundancy; and protecting small-scale refugia where micro-climate conditions can allow species to persist (high confidence).",en,90018 | 90019,Environmental liabilities | Vegetation loss,supports,,whole_action,false,all_sectors_evidence_2026-08-30,proposed,,,
0.3.0,ev_204138d05a43352d,icare_0156,Improve Implementation of urban gardens,biodiversity,vulnerability,B_SRC_010,"Climate Change 2022: Impacts, Adaptation and Vulnerability - Chapter 2: Terrestrial and Freshwater Ecosystems and their Services",7,203,"The resilience of biodiversity and ecosystem services to climate change can be increased by human adaptation actions including ecosystem protection and restoration (high confidence). Ecological theory and observations show that a wide range of actions can reduce risks to species and ecosystem integrity. This includes minimising additional stresses or disturbances; reducing fragmentation; increasing natural habitat extent, connectivity and heterogeneity; maintaining taxonomic, phylogenetic, and functional diversity and redundancy; and protecting small-scale refugia where micro-climate conditions can allow species to persist (high confidence).",en,90015 | 90016 | 90023 | 90026,No family farming | No sustainable agricultural practice | Agricultural establishment | Technical guidance,supports,,partial_action,false,all_sectors_evidence_2026-08-30,proposed,,,
0.3.0,ev_8d0b2fd7b74cc7a3,icare_0162,Strengthen programs for control and conservation of protected areas,biodiversity,exposure,B_SRC_005,Plano Nacional de Adaptação à Mudança do Clima,139,121,"Fortalecer as medidas de conservação, recuperação e uso sustentável da biodiversidade visando o aumento da conectividade entre remanescentes dos ecossistemas e a consolidação de Unidades de Conservação, refletindo a gestão florestal integrada da paisagem e propiciando a redução da vulnerabilidade da biodiversidade.",pt,90028 | 90029 | 90030,Natural coverage | Protected area | Area for conservation,supports,,whole_action,false,all_sectors_evidence_2026-08-30,proposed,,,
0.3.0,ev_54a418f38cc26412,icare_0162,Strengthen programs for control and conservation of protected areas,biodiversity,exposure,B_SRC_010,"Climate Change 2022: Impacts, Adaptation and Vulnerability - Chapter 2: Terrestrial and Freshwater Ecosystems and their Services",7,203,"The resilience of biodiversity and ecosystem services to climate change can be increased by human adaptation actions including ecosystem protection and restoration (high confidence). Ecological theory and observations show that a wide range of actions can reduce risks to species and ecosystem integrity. This includes minimising additional stresses or disturbances; reducing fragmentation; increasing natural habitat extent, connectivity and heterogeneity; maintaining taxonomic, phylogenetic, and functional diversity and redundancy; and protecting small-scale refugia where micro-climate conditions can allow species to persist (high confidence).",en,90028 | 90029 | 90030,Natural coverage | Protected area | Area for conservation,supports,,whole_action,false,all_sectors_evidence_2026-08-30,proposed,,,
0.3.0,ev_75c64f1771a34a3f,icare_0162,Strengthen programs for control and conservation of protected areas,biodiversity,vulnerability,B_SRC_005,Plano Nacional de Adaptação à Mudança do Clima,139,121,"Fortalecer as medidas de conservação, recuperação e uso sustentável da biodiversidade visando o aumento da conectividade entre remanescentes dos ecossistemas e a consolidação de Unidades de Conservação, refletindo a gestão florestal integrada da paisagem e propiciando a redução da vulnerabilidade da biodiversidade.",pt,90018 | 90019 | 90027,Environmental liabilities | Vegetation loss | Steering committee and management plan,supports,,whole_action,false,all_sectors_evidence_2026-08-30,proposed,,,
0.3.0,ev_a8d2838c20df1ee9,icare_0162,Strengthen programs for control and conservation of protected areas,biodiversity,vulnerability,B_SRC_010,"Climate Change 2022: Impacts, Adaptation and Vulnerability - Chapter 2: Terrestrial and Freshwater Ecosystems and their Services",7,203,"The resilience of biodiversity and ecosystem services to climate change can be increased by human adaptation actions including ecosystem protection and restoration (high confidence). Ecological theory and observations show that a wide range of actions can reduce risks to species and ecosystem integrity. This includes minimising additional stresses or disturbances; reducing fragmentation; increasing natural habitat extent, connectivity and heterogeneity; maintaining taxonomic, phylogenetic, and functional diversity and redundancy; and protecting small-scale refugia where micro-climate conditions can allow species to persist (high confidence).",en,90018 | 90019,Environmental liabilities | Vegetation loss,supports,,whole_action,false,all_sectors_evidence_2026-08-30,proposed,,,
0.3.0,ev_0437e6ef092fcbbc,icare_0180,Expand urban green-blue networks and corridors,biodiversity,exposure,B_SRC_007,Harnessing Nature to Build Climate Resilience: Scaling Up the Use of Ecosystem-based Adaptation,10,8,"Common examples of EbA measures include the conservation or restoration of mangroves to protect coastal communities from storm surges and sea level rise, the establishment of green roofs, street trees and urban parks to reduce the risks of heatwaves and flooding in cities, and the conservation of upslope forests to prevent landslides and downstream flooding under extreme weather events.",en,90028 | 90030,Natural coverage | Area for conservation,supports,,partial_action,false,all_sectors_evidence_2026-08-30,proposed,,,
0.3.0,ev_e89f8f55e5a29043,icare_0180,Expand urban green-blue networks and corridors,biodiversity,exposure,B_SRC_010,"Climate Change 2022: Impacts, Adaptation and Vulnerability - Chapter 2: Terrestrial and Freshwater Ecosystems and their Services",7,203,"The resilience of biodiversity and ecosystem services to climate change can be increased by human adaptation actions including ecosystem protection and restoration (high confidence). Ecological theory and observations show that a wide range of actions can reduce risks to species and ecosystem integrity. This includes minimising additional stresses or disturbances; reducing fragmentation; increasing natural habitat extent, connectivity and heterogeneity; maintaining taxonomic, phylogenetic, and functional diversity and redundancy; and protecting small-scale refugia where micro-climate conditions can allow species to persist (high confidence).",en,90028 | 90030,Natural coverage | Area for conservation,supports,,whole_action,false,all_sectors_evidence_2026-08-30,proposed,,,
0.3.0,ev_17ceaf36a66fb614,icare_0180,Expand urban green-blue networks and corridors,biodiversity,vulnerability,B_SRC_007,Harnessing Nature to Build Climate Resilience: Scaling Up the Use of Ecosystem-based Adaptation,10,8,"Common examples of EbA measures include the conservation or restoration of mangroves to protect coastal communities from storm surges and sea level rise, the establishment of green roofs, street trees and urban parks to reduce the risks of heatwaves and flooding in cities, and the conservation of upslope forests to prevent landslides and downstream flooding under extreme weather events.",en,90018 | 90019,Environmental liabilities | Vegetation loss,supports,,partial_action,false,all_sectors_evidence_2026-08-30,proposed,,,
0.3.0,ev_98e3130b0dffc7f8,icare_0180,Expand urban green-blue networks and corridors,biodiversity,vulnerability,B_SRC_010,"Climate Change 2022: Impacts, Adaptation and Vulnerability - Chapter 2: Terrestrial and Freshwater Ecosystems and their Services",7,203,"The resilience of biodiversity and ecosystem services to climate change can be increased by human adaptation actions including ecosystem protection and restoration (high confidence). Ecological theory and observations show that a wide range of actions can reduce risks to species and ecosystem integrity. This includes minimising additional stresses or disturbances; reducing fragmentation; increasing natural habitat extent, connectivity and heterogeneity; maintaining taxonomic, phylogenetic, and functional diversity and redundancy; and protecting small-scale refugia where micro-climate conditions can allow species to persist (high confidence).",en,90018 | 90019,Environmental liabilities | Vegetation loss,supports,,whole_action,false,all_sectors_evidence_2026-08-30,proposed,,,
0.3.0,ev_aeb87333c0fcdba8,icare_0182,Develop an Urban Afforestation Plan,biodiversity,exposure,B_SRC_007,Harnessing Nature to Build Climate Resilience: Scaling Up the Use of Ecosystem-based Adaptation,10,8,"Common examples of EbA measures include the conservation or restoration of mangroves to protect coastal communities from storm surges and sea level rise, the establishment of green roofs, street trees and urban parks to reduce the risks of heatwaves and flooding in cities, and the conservation of upslope forests to prevent landslides and downstream flooding under extreme weather events.",en,90028 | 90030,Natural coverage | Area for conservation,supports,,partial_action,false,all_sectors_evidence_2026-08-30,proposed,,,
0.3.0,ev_f0051b40454ef6d8,icare_0182,Develop an Urban Afforestation Plan,biodiversity,exposure,B_SRC_010,"Climate Change 2022: Impacts, Adaptation and Vulnerability - Chapter 2: Terrestrial and Freshwater Ecosystems and their Services",7,203,"The resilience of biodiversity and ecosystem services to climate change can be increased by human adaptation actions including ecosystem protection and restoration (high confidence). Ecological theory and observations show that a wide range of actions can reduce risks to species and ecosystem integrity. This includes minimising additional stresses or disturbances; reducing fragmentation; increasing natural habitat extent, connectivity and heterogeneity; maintaining taxonomic, phylogenetic, and functional diversity and redundancy; and protecting small-scale refugia where micro-climate conditions can allow species to persist (high confidence).",en,90028 | 90030,Natural coverage | Area for conservation,supports,,whole_action,false,all_sectors_evidence_2026-08-30,proposed,,,
0.3.0,ev_b419ecf0e46db9f4,icare_0182,Develop an Urban Afforestation Plan,biodiversity,vulnerability,B_SRC_007,Harnessing Nature to Build Climate Resilience: Scaling Up the Use of Ecosystem-based Adaptation,10,8,"Common examples of EbA measures include the conservation or restoration of mangroves to protect coastal communities from storm surges and sea level rise, the establishment of green roofs, street trees and urban parks to reduce the risks of heatwaves and flooding in cities, and the conservation of upslope forests to prevent landslides and downstream flooding under extreme weather events.",en,90018 | 90019,Environmental liabilities | Vegetation loss,supports,,partial_action,false,all_sectors_evidence_2026-08-30,proposed,,,
0.3.0,ev_d7b0c7e4227ce4d2,icare_0182,Develop an Urban Afforestation Plan,biodiversity,vulnerability,B_SRC_010,"Climate Change 2022: Impacts, Adaptation and Vulnerability - Chapter 2: Terrestrial and Freshwater Ecosystems and their Services",7,203,"The resilience of biodiversity and ecosystem services to climate change can be increased by human adaptation actions including ecosystem protection and restoration (high confidence). Ecological theory and observations show that a wide range of actions can reduce risks to species and ecosystem integrity. This includes minimising additional stresses or disturbances; reducing fragmentation; increasing natural habitat extent, connectivity and heterogeneity; maintaining taxonomic, phylogenetic, and functional diversity and redundancy; and protecting small-scale refugia where micro-climate conditions can allow species to persist (high confidence).",en,90018 | 90019,Environmental liabilities | Vegetation loss,supports,,whole_action,false,all_sectors_evidence_2026-08-30,proposed,,,
0.3.0,ev_73e8d0d5708ff097,icare_0186,Implement integrated coastal zone management,biodiversity,exposure,B_SRC_007,Harnessing Nature to Build Climate Resilience: Scaling Up the Use of Ecosystem-based Adaptation,15,13,"Building codes and zoning regulations can be used to promote the conservation, management and restoration of ecosystems for climate change adaptation. Governments can also revise and improve land and coastal zoning regulations so that they protect ecosystems that are critical for adaptation, for example, prohibiting development of vulnerable coastal ecosystems or floodplains that provide valuable flood protection services.",en,90028 | 90029 | 90030,Natural coverage | Protected area | Area for conservation,supports,,whole_action,false,all_sectors_evidence_2026-08-30,proposed,,,
0.3.0,ev_08a94436ad56bd5d,icare_0186,Implement integrated coastal zone management,biodiversity,vulnerability,B_SRC_007,Harnessing Nature to Build Climate Resilience: Scaling Up the Use of Ecosystem-based Adaptation,15,13,"Building codes and zoning regulations can be used to promote the conservation, management and restoration of ecosystems for climate change adaptation. Governments can also revise and improve land and coastal zoning regulations so that they protect ecosystems that are critical for adaptation, for example, prohibiting development of vulnerable coastal ecosystems or floodplains that provide valuable flood protection services.",en,90018 | 90019 | 90027,Environmental liabilities | Vegetation loss | Steering committee and management plan,supports,,whole_action,false,all_sectors_evidence_2026-08-30,proposed,,,
0.3.0,ev_e6102a5439400512,ipcc_0078,Implement green roofs and walls,biodiversity,exposure,B_SRC_007,Harnessing Nature to Build Climate Resilience: Scaling Up the Use of Ecosystem-based Adaptation,10,8,"Common examples of EbA measures include the conservation or restoration of mangroves to protect coastal communities from storm surges and sea level rise, the establishment of green roofs, street trees and urban parks to reduce the risks of heatwaves and flooding in cities, and the conservation of upslope forests to prevent landslides and downstream flooding under extreme weather events.",en,90028,Natural coverage,supports,,partial_action,false,all_sectors_evidence_2026-08-30,proposed,,,
0.3.0,ev_556d782c8de1fbf3,ipcc_0078,Implement green roofs and walls,biodiversity,vulnerability,B_SRC_007,Harnessing Nature to Build Climate Resilience: Scaling Up the Use of Ecosystem-based Adaptation,10,8,"Common examples of EbA measures include the conservation or restoration of mangroves to protect coastal communities from storm surges and sea level rise, the establishment of green roofs, street trees and urban parks to reduce the risks of heatwaves and flooding in cities, and the conservation of upslope forests to prevent landslides and downstream flooding under extreme weather events.",en,90019,Vegetation loss,supports,,partial_action,false,all_sectors_evidence_2026-08-30,proposed,,,
0.3.0,ev_da94a030246f6f75,ipcc_0084,Restore/create natural areas,biodiversity,exposure,B_SRC_005,Plano Nacional de Adaptação à Mudança do Clima,139,121,"Fortalecer as medidas de conservação, recuperação e uso sustentável da biodiversidade visando o aumento da conectividade entre remanescentes dos ecossistemas e a consolidação de Unidades de Conservação, refletindo a gestão florestal integrada da paisagem e propiciando a redução da vulnerabilidade da biodiversidade.",pt,90028 | 90029 | 90030,Natural coverage | Protected area | Area for conservation,supports,,whole_action,false,all_sectors_evidence_2026-08-30,proposed,,,
0.3.0,ev_3f014c0476b01e5b,ipcc_0084,Restore/create natural areas,biodiversity,exposure,B_SRC_007,Harnessing Nature to Build Climate Resilience: Scaling Up the Use of Ecosystem-based Adaptation,10,8,"Common examples of EbA measures include the conservation or restoration of mangroves to protect coastal communities from storm surges and sea level rise, the establishment of green roofs, street trees and urban parks to reduce the risks of heatwaves and flooding in cities, and the conservation of upslope forests to prevent landslides and downstream flooding under extreme weather events.",en,90028 | 90030,Natural coverage | Area for conservation,supports,,partial_action,false,all_sectors_evidence_2026-08-30,proposed,,,
0.3.0,ev_c881b462206c3010,ipcc_0084,Restore/create natural areas,biodiversity,exposure,B_SRC_010,"Climate Change 2022: Impacts, Adaptation and Vulnerability - Chapter 2: Terrestrial and Freshwater Ecosystems and their Services",7,203,"The resilience of biodiversity and ecosystem services to climate change can be increased by human adaptation actions including ecosystem protection and restoration (high confidence). Ecological theory and observations show that a wide range of actions can reduce risks to species and ecosystem integrity. This includes minimising additional stresses or disturbances; reducing fragmentation; increasing natural habitat extent, connectivity and heterogeneity; maintaining taxonomic, phylogenetic, and functional diversity and redundancy; and protecting small-scale refugia where micro-climate conditions can allow species to persist (high confidence).",en,90028 | 90029 | 90030,Natural coverage | Protected area | Area for conservation,supports,,whole_action,false,all_sectors_evidence_2026-08-30,proposed,,,
0.3.0,ev_837b8d7ae13148df,ipcc_0084,Restore/create natural areas,biodiversity,vulnerability,B_SRC_005,Plano Nacional de Adaptação à Mudança do Clima,139,121,"Fortalecer as medidas de conservação, recuperação e uso sustentável da biodiversidade visando o aumento da conectividade entre remanescentes dos ecossistemas e a consolidação de Unidades de Conservação, refletindo a gestão florestal integrada da paisagem e propiciando a redução da vulnerabilidade da biodiversidade.",pt,90018 | 90019 | 90027,Environmental liabilities | Vegetation loss | Steering committee and management plan,supports,,whole_action,false,all_sectors_evidence_2026-08-30,proposed,,,
0.3.0,ev_0398431a82786654,ipcc_0084,Restore/create natural areas,biodiversity,vulnerability,B_SRC_007,Harnessing Nature to Build Climate Resilience: Scaling Up the Use of Ecosystem-based Adaptation,10,8,"Common examples of EbA measures include the conservation or restoration of mangroves to protect coastal communities from storm surges and sea level rise, the establishment of green roofs, street trees and urban parks to reduce the risks of heatwaves and flooding in cities, and the conservation of upslope forests to prevent landslides and downstream flooding under extreme weather events.",en,90018 | 90019,Environmental liabilities | Vegetation loss,supports,,partial_action,false,all_sectors_evidence_2026-08-30,proposed,,,
0.3.0,ev_2e0785afbfbf8368,ipcc_0084,Restore/create natural areas,biodiversity,vulnerability,B_SRC_010,"Climate Change 2022: Impacts, Adaptation and Vulnerability - Chapter 2: Terrestrial and Freshwater Ecosystems and their Services",7,203,"The resilience of biodiversity and ecosystem services to climate change can be increased by human adaptation actions including ecosystem protection and restoration (high confidence). Ecological theory and observations show that a wide range of actions can reduce risks to species and ecosystem integrity. This includes minimising additional stresses or disturbances; reducing fragmentation; increasing natural habitat extent, connectivity and heterogeneity; maintaining taxonomic, phylogenetic, and functional diversity and redundancy; and protecting small-scale refugia where micro-climate conditions can allow species to persist (high confidence).",en,90018 | 90019,Environmental liabilities | Vegetation loss,supports,,whole_action,false,all_sectors_evidence_2026-08-30,proposed,,,
0.3.0,ev_ab822b3283ba70f7,ipcc_0085,Reduce pressures on ecosystems to build resilience,biodiversity,exposure,B_SRC_005,Plano Nacional de Adaptação à Mudança do Clima,139,121,"Fortalecer as medidas de conservação, recuperação e uso sustentável da biodiversidade visando o aumento da conectividade entre remanescentes dos ecossistemas e a consolidação de Unidades de Conservação, refletindo a gestão florestal integrada da paisagem e propiciando a redução da vulnerabilidade da biodiversidade.",pt,90028 | 90029 | 90030,Natural coverage | Protected area | Area for conservation,supports,,partial_action,false,all_sectors_evidence_2026-08-30,proposed,,,
0.3.0,ev_20a2c1d7e3b32f18,ipcc_0085,Reduce pressures on ecosystems to build resilience,biodiversity,exposure,B_SRC_010,"Climate Change 2022: Impacts, Adaptation and Vulnerability - Chapter 2: Terrestrial and Freshwater Ecosystems and their Services",7,203,"The resilience of biodiversity and ecosystem services to climate change can be increased by human adaptation actions including ecosystem protection and restoration (high confidence). Ecological theory and observations show that a wide range of actions can reduce risks to species and ecosystem integrity. This includes minimising additional stresses or disturbances; reducing fragmentation; increasing natural habitat extent, connectivity and heterogeneity; maintaining taxonomic, phylogenetic, and functional diversity and redundancy; and protecting small-scale refugia where micro-climate conditions can allow species to persist (high confidence).",en,90028 | 90029 | 90030,Natural coverage | Protected area | Area for conservation,supports,,partial_action,false,all_sectors_evidence_2026-08-30,proposed,,,
0.3.0,ev_17664ab88659d241,ipcc_0085,Reduce pressures on ecosystems to build resilience,biodiversity,vulnerability,B_SRC_005,Plano Nacional de Adaptação à Mudança do Clima,139,121,"Fortalecer as medidas de conservação, recuperação e uso sustentável da biodiversidade visando o aumento da conectividade entre remanescentes dos ecossistemas e a consolidação de Unidades de Conservação, refletindo a gestão florestal integrada da paisagem e propiciando a redução da vulnerabilidade da biodiversidade.",pt,90018 | 90019 | 90027,Environmental liabilities | Vegetation loss | Steering committee and management plan,supports,,partial_action,false,all_sectors_evidence_2026-08-30,proposed,,,
0.3.0,ev_915af1da87e25ce2,ipcc_0085,Reduce pressures on ecosystems to build resilience,biodiversity,vulnerability,B_SRC_010,"Climate Change 2022: Impacts, Adaptation and Vulnerability - Chapter 2: Terrestrial and Freshwater Ecosystems and their Services",7,203,"The resilience of biodiversity and ecosystem services to climate change can be increased by human adaptation actions including ecosystem protection and restoration (high confidence). Ecological theory and observations show that a wide range of actions can reduce risks to species and ecosystem integrity. This includes minimising additional stresses or disturbances; reducing fragmentation; increasing natural habitat extent, connectivity and heterogeneity; maintaining taxonomic, phylogenetic, and functional diversity and redundancy; and protecting small-scale refugia where micro-climate conditions can allow species to persist (high confidence).",en,90018 | 90019,Environmental liabilities | Vegetation loss,supports,,partial_action,false,all_sectors_evidence_2026-08-30,proposed,,,
0.3.0,ev_7cb308f72855b1e4,ipcc_0086,Implement ecosystem‑based adaptation measures,biodiversity,exposure,B_SRC_007,Harnessing Nature to Build Climate Resilience: Scaling Up the Use of Ecosystem-based Adaptation,10,8,"Common examples of EbA measures include the conservation or restoration of mangroves to protect coastal communities from storm surges and sea level rise, the establishment of green roofs, street trees and urban parks to reduce the risks of heatwaves and flooding in cities, and the conservation of upslope forests to prevent landslides and downstream flooding under extreme weather events.",en,90028 | 90030,Natural coverage | Area for conservation,supports,,partial_action,false,all_sectors_evidence_2026-08-30,proposed,,,
0.3.0,ev_b0e13be13852f8cc,ipcc_0086,Implement ecosystem‑based adaptation measures,biodiversity,exposure,B_SRC_010,"Climate Change 2022: Impacts, Adaptation and Vulnerability - Chapter 2: Terrestrial and Freshwater Ecosystems and their Services",7,203,"The resilience of biodiversity and ecosystem services to climate change can be increased by human adaptation actions including ecosystem protection and restoration (high confidence). Ecological theory and observations show that a wide range of actions can reduce risks to species and ecosystem integrity. This includes minimising additional stresses or disturbances; reducing fragmentation; increasing natural habitat extent, connectivity and heterogeneity; maintaining taxonomic, phylogenetic, and functional diversity and redundancy; and protecting small-scale refugia where micro-climate conditions can allow species to persist (high confidence).",en,90028 | 90029 | 90030,Natural coverage | Protected area | Area for conservation,supports,,whole_action,false,all_sectors_evidence_2026-08-30,proposed,,,
0.3.0,ev_36c5177a0d7d12c9,ipcc_0086,Implement ecosystem‑based adaptation measures,biodiversity,vulnerability,B_SRC_007,Harnessing Nature to Build Climate Resilience: Scaling Up the Use of Ecosystem-based Adaptation,10,8,"Common examples of EbA measures include the conservation or restoration of mangroves to protect coastal communities from storm surges and sea level rise, the establishment of green roofs, street trees and urban parks to reduce the risks of heatwaves and flooding in cities, and the conservation of upslope forests to prevent landslides and downstream flooding under extreme weather events.",en,90018 | 90019,Environmental liabilities | Vegetation loss,supports,,partial_action,false,all_sectors_evidence_2026-08-30,proposed,,,
0.3.0,ev_f37b99532c0733f9,ipcc_0086,Implement ecosystem‑based adaptation measures,biodiversity,vulnerability,B_SRC_010,"Climate Change 2022: Impacts, Adaptation and Vulnerability - Chapter 2: Terrestrial and Freshwater Ecosystems and their Services",7,203,"The resilience of biodiversity and ecosystem services to climate change can be increased by human adaptation actions including ecosystem protection and restoration (high confidence). Ecological theory and observations show that a wide range of actions can reduce risks to species and ecosystem integrity. This includes minimising additional stresses or disturbances; reducing fragmentation; increasing natural habitat extent, connectivity and heterogeneity; maintaining taxonomic, phylogenetic, and functional diversity and redundancy; and protecting small-scale refugia where micro-climate conditions can allow species to persist (high confidence).",en,90018 | 90019 | 90020,Environmental liabilities | Vegetation loss | Degraded pasture,supports,,whole_action,false,all_sectors_evidence_2026-08-30,proposed,,,
0.3.0,ev_bf723946abf9de4b,ipcc_0089,Spatially redirect development,biodiversity,exposure,B_SRC_007,Harnessing Nature to Build Climate Resilience: Scaling Up the Use of Ecosystem-based Adaptation,15,13,"Building codes and zoning regulations can be used to promote the conservation, management and restoration of ecosystems for climate change adaptation. Governments can also revise and improve land and coastal zoning regulations so that they protect ecosystems that are critical for adaptation, for example, prohibiting development of vulnerable coastal ecosystems or floodplains that provide valuable flood protection services.",en,90028 | 90029 | 90030,Natural coverage | Protected area | Area for conservation,supports,,whole_action,false,all_sectors_evidence_2026-08-30,proposed,,,
0.3.0,ev_0cb5b349bb57e41d,ipcc_0089,Spatially redirect development,biodiversity,vulnerability,B_SRC_007,Harnessing Nature to Build Climate Resilience: Scaling Up the Use of Ecosystem-based Adaptation,15,13,"Building codes and zoning regulations can be used to promote the conservation, management and restoration of ecosystems for climate change adaptation. Governments can also revise and improve land and coastal zoning regulations so that they protect ecosystems that are critical for adaptation, for example, prohibiting development of vulnerable coastal ecosystems or floodplains that provide valuable flood protection services.",en,90018 | 90019 | 90022 | 90023 | 90024 | 90027,Environmental liabilities | Vegetation loss | Population | Agricultural establishment | Road network | Steering committee and management plan,supports,,whole_action,false,all_sectors_evidence_2026-08-30,proposed,,,
0.3.0,ev_9229a0f05a794df6,ipcc_0096,Strengthen climate resilience in farming and fisheries,biodiversity,vulnerability,B_SRC_005,Plano Nacional de Adaptação à Mudança do Clima,140,122,"Fortalecer as políticas e ações de conservação dos ecossistemas aquáticos, propiciando a manutenção da conectividade desses ambientes e do regime de vazões adequadas aos processos ecológicos das espécies dependentes. Fortalecer medidas de gestão pesqueira para conservação e uso sustentável dos recursos, considerando a vulnerabilidade das espécies de peixes associadas a ambientes coralíneos, manguezais e estuários.",pt,90014 | 90015 | 90016 | 90020 | 90023 | 90026,Pesticides | No family farming | No sustainable agricultural practice | Degraded pasture | Agricultural establishment | Technical guidance,supports,,partial_action,false,all_sectors_evidence_2026-08-30,proposed,,,
0.3.0,ev_587ecdabc09a02d2,ipcc_0096,Strengthen climate resilience in farming and fisheries,biodiversity,vulnerability,B_SRC_010,"Climate Change 2022: Impacts, Adaptation and Vulnerability - Chapter 2: Terrestrial and Freshwater Ecosystems and their Services",7,203,"The resilience of biodiversity and ecosystem services to climate change can be increased by human adaptation actions including ecosystem protection and restoration (high confidence). Ecological theory and observations show that a wide range of actions can reduce risks to species and ecosystem integrity. This includes minimising additional stresses or disturbances; reducing fragmentation; increasing natural habitat extent, connectivity and heterogeneity; maintaining taxonomic, phylogenetic, and functional diversity and redundancy; and protecting small-scale refugia where micro-climate conditions can allow species to persist (high confidence).",en,90014 | 90015 | 90016 | 90020 | 90023 | 90026,Pesticides | No family farming | No sustainable agricultural practice | Degraded pasture | Agricultural establishment | Technical guidance,supports,,partial_action,false,all_sectors_evidence_2026-08-30,proposed,,,
0.3.0,ev_0b828167290df42e,c40_0048,Upgrade urban drainage systems,energy_security,vulnerability,ES_SRC_009,Stronger Power: Improving Power Sector Resilience to Natural Hazards,25,24,"One straightforward way to improve power system performance during floods is to elevate solar panels, or to locate plants or substations in an elevated area that will not be flooded – and, when possible, far enough from the coastline to avoid coastal flood. For existing plants that cannot be moved, elevating critical components is an option (particularly for substations), as is building dikes or flood protection walls.",en,10008,Electricity interruption,supports,,partial_action,false,energy_security_assessment_2026-08-28,proposed,,,
0.3.0,ev_c7ad87b777a4510e,c40_0048,Upgrade urban drainage systems,energy_security,vulnerability,ES_SRC_010,Enhancing Resilience: Climate-proofing Power Infrastructure,9,9,"Protect critical assets with upgrades tailored to local climate threats (flood defences, storm hardening, etc.). Selected solutions must match the specific vulnerabilities identified.",en,10008,Electricity interruption,supports,,partial_action,false,energy_security_assessment_2026-08-28,proposed,,,
0.3.0,ev_308825ca90d26541,c40_0052,Deploy cool pavements and cool roofs on heat‑exposed streets and buildings,energy_security,vulnerability,ES_SRC_002,"Climate Change 2022: Impacts, Adaptation and Vulnerability",2452,2440,"Urban greening (e.g., tree planting; construction of stormwater retention areas; construction of green roofs and cool roofs; provision of rainwater barrels; pervious pavement materials) Mitigation, particularly avoided emissions; public health improvements—increases in physical activity, reductions in air and noise pollution, reduced urban heat island effect, improved mental health; urban flood risk management; water savings; energy savings",en,10009 | 10010,Residential electrical consumption | Electrical energy intensity,supports,,whole_action,false,energy_security_assessment_2026-08-28,proposed,,,
0.3.0,ev_94511a34664767b7,c40_0052,Deploy cool pavements and cool roofs on heat‑exposed streets and buildings,energy_security,vulnerability,ES_SRC_005,Brazil 2025 Energy Policy Review,61,61,"From a policy perspective, integrating clear energy efficiency requirements, such as passive cooling strategies, within MCMV will maximise the impact of solar PV deployment, reducing unnecessary energy consumption.",en,10009 | 10010,Residential electrical consumption | Electrical energy intensity,supports,,partial_action,false,energy_security_assessment_2026-08-28,proposed,,,
0.3.0,ev_8a353f763e6eb708,c40_0052,Deploy cool pavements and cool roofs on heat‑exposed streets and buildings,energy_security,vulnerability,ES_SRC_007,Climate Resilience: Part of Electricity Security 2021,22,20,"However, the level of increased demand can be mitigated by higher levels of energy efficiency in both cooling devices and building envelopes. Compared to 2018, global energy consumption for residential space cooling could increase by as much as 65% in 2030 (Figure 3). However, through a combination of more efficient devices, more resilient buildings and increased flexibility, this could be cut by one-fifth in the SDS, with the majority of these savings in non-OECD countries.",en,10009 | 10010,Residential electrical consumption | Electrical energy intensity,supports,one-fifth reduction in projected residential space-cooling energy use,partial_action,false,energy_security_assessment_2026-08-28,proposed,,,
0.3.0,ev_c2e83574b0b32c26,icare_0160,Establish mechanisms for intersectoral coordination and public participation in climate policy,energy_security,vulnerability,ES_SRC_009,Stronger Power: Improving Power Sector Resilience to Natural Hazards,38,37,"Recovery operations encompass not only specific steps for damage recovery and power restoration, but also internal institutional coordination and cooperation with other utilities, governmental institutions, and municipalities.",en,10017,Resilient cities,supports,,partial_action,false,energy_security_assessment_2026-08-28,proposed,,,
0.3.0,ev_06e2b51c8b86eec3,icare_0160,Establish mechanisms for intersectoral coordination and public participation in climate policy,energy_security,vulnerability,ES_SRC_010,Enhancing Resilience: Climate-proofing Power Infrastructure,9,9,"Create open platforms to share resilience strategies, case studies and policy frameworks and improve community engagement and communication with power system stakeholders.",en,10017,Resilient cities,supports,,partial_action,false,energy_security_assessment_2026-08-28,proposed,,,
0.3.0,ev_5393603cdfa5a865,icare_0169,Establish a Plan for Preparation and Emergency Response Measures in the event of extreme weather events,energy_security,vulnerability,ES_SRC_009,Stronger Power: Improving Power Sector Resilience to Natural Hazards,38,37,"Utility companies, as well as their priority energy users, will be better prepared for power outages when a disaster strikes if they incorporate appropriate policies and tools into a disaster recovery framework. Such a framework should include contingency plans and institutional arrangements that clearly allocate responsibility during the recovery period. A good emergency preparedness plan, accompanied by strategic investments, can shorten restoration time and limit the impact of disasters.",en,10017,Resilient cities,supports,,whole_action,false,energy_security_assessment_2026-08-28,proposed,,,
0.3.0,ev_3291bce3b0395986,icare_0169,Establish a Plan for Preparation and Emergency Response Measures in the event of extreme weather events,energy_security,vulnerability,ES_SRC_010,Enhancing Resilience: Climate-proofing Power Infrastructure,30,30,"One of the key steps within the resilience framework is to develop an emergency management plan, which includes preparing a checklist, developing and reviewing outage recovery plans, procuring and conducting periodic review of back up resources, and coordination between different personnel and stakeholders. It is also important to create schemes to enhance the capacity of the system to withstand an event, minimise damage, recover rapidly and adapt to it.",en,10017,Resilient cities,supports,,whole_action,false,energy_security_assessment_2026-08-28,proposed,,,
0.3.0,ev_8ca10a1d2c01f2e5,icare_0170,Build safe housing and implement urban rehabilitation projects for populations living in high-risk areas,energy_security,exposure,ES_SRC_002,"Climate Change 2022: Impacts, Adaptation and Vulnerability",37,25,"Responses to ongoing sea level rise and land subsidence in low-lying coastal cities and settlements and small islands include protection, accommodation, advance and planned relocation (high confidence). These responses are more effective if combined and/or sequenced, planned well ahead, aligned with sociocultural values and development priorities, and underpinned by inclusive community engagement processes (high confidence).",en,10018,Population density,supports,,whole_action,false,energy_security_assessment_2026-08-28,proposed,,,
0.3.0,ev_15fdd54b321fe4cb,icare_0170,Build safe housing and implement urban rehabilitation projects for populations living in high-risk areas,energy_security,exposure,ES_SRC_002,"Climate Change 2022: Impacts, Adaptation and Vulnerability",108,96,"Properly supported and where levels of agency and assets are high, migration as an adaptation to climate change can reduce exposure and socioeconomic vulnerability (medium confidence). However, migration becomes a risk when climate hazards cause an individual, household or community to move involuntarily or with low agency (high confidence).",en,10018,Population density,qualifies,,whole_action,true,energy_security_assessment_2026-08-28,proposed,,,
0.3.0,ev_197b6b22e0d3e4a7,icare_0171,"Improve the hydrometeorological forecasting, monitoring, and alert system for climate risks",energy_security,vulnerability,ES_SRC_009,Stronger Power: Improving Power Sector Resilience to Natural Hazards,35,34,"TV, internet, radio, or newspapers, as well as automated phone text messaging, can be used to communicate the need for demand reduction to users when an extreme weather event is expected (Brown 2016).",en,10017,Resilient cities,supports,,partial_action,false,energy_security_assessment_2026-08-28,proposed,,,
0.3.0,ev_67cb83b0517ba82c,icare_0171,"Improve the hydrometeorological forecasting, monitoring, and alert system for climate risks",energy_security,vulnerability,ES_SRC_010,Enhancing Resilience: Climate-proofing Power Infrastructure,9,9,"Predictive analytics, forecasting and smart monitoring enable proactive responses to weather risks. This minimises outages and optimises existing infrastructure, avoiding costly buildouts.",en,10017,Resilient cities,supports,,partial_action,false,energy_security_assessment_2026-08-28,proposed,,,
0.3.0,ev_7f3fb5e84a184b30,icare_0172,Develop and implement the Municipal Risk Reduction Plan (PMRR) and identify population groups vulnerable to climate risks.,energy_security,vulnerability,ES_SRC_009,Stronger Power: Improving Power Sector Resilience to Natural Hazards,35,34,"Planning criteria and methodologies will need to be revised to include resilience, because the design of resilient power systems starts with the overall planning of the system. Until recently, there had been little work on including climate considerations in planning. Although these issues are well understood in qualitative terms and practiced in the field, they are not systematically considered in producing a power system plan that finds a good balance between cost and risks.",en,10017,Resilient cities,supports,,partial_action,false,energy_security_assessment_2026-08-28,proposed,,,
0.3.0,ev_192ac6c05048c65d,icare_0172,Develop and implement the Municipal Risk Reduction Plan (PMRR) and identify population groups vulnerable to climate risks.,energy_security,vulnerability,ES_SRC_010,Enhancing Resilience: Climate-proofing Power Infrastructure,26,26,"A resilience enhancement framework represents a comprehensive approach to improving resilience. It supports the planning for resilience and developing strategies to ease and enable a faster recovery. The framework should provide clear steps for assessing risk, analysing vulnerability, identifying infrastructure hardening requirements and other resilience measures, and improving information sharing and communication channels.",en,10017,Resilient cities,supports,,partial_action,false,energy_security_assessment_2026-08-28,proposed,,,
0.3.0,ev_0bb0b4c5f8b1674c,icare_0173,Preventive maintenance of drainage systems,energy_security,vulnerability,ES_SRC_009,Stronger Power: Improving Power Sector Resilience to Natural Hazards,25,24,"One straightforward way to improve power system performance during floods is to elevate solar panels, or to locate plants or substations in an elevated area that will not be flooded – and, when possible, far enough from the coastline to avoid coastal flood. For existing plants that cannot be moved, elevating critical components is an option (particularly for substations), as is building dikes or flood protection walls.",en,10008,Electricity interruption,supports,,partial_action,false,energy_security_assessment_2026-08-28,proposed,,,
0.3.0,ev_3b8be4ce901f956d,icare_0173,Preventive maintenance of drainage systems,energy_security,vulnerability,ES_SRC_010,Enhancing Resilience: Climate-proofing Power Infrastructure,9,9,"Protect critical assets with upgrades tailored to local climate threats (flood defences, storm hardening, etc.). Selected solutions must match the specific vulnerabilities identified.",en,10008,Electricity interruption,supports,,partial_action,false,energy_security_assessment_2026-08-28,proposed,,,
0.3.0,ev_8339d6d239f473e1,icare_0176,Develop a Climate Action Plan,energy_security,vulnerability,ES_SRC_009,Stronger Power: Improving Power Sector Resilience to Natural Hazards,35,34,"Planning criteria and methodologies will need to be revised to include resilience, because the design of resilient power systems starts with the overall planning of the system. Until recently, there had been little work on including climate considerations in planning. Although these issues are well understood in qualitative terms and practiced in the field, they are not systematically considered in producing a power system plan that finds a good balance between cost and risks.",en,10017,Resilient cities,supports,,partial_action,false,energy_security_assessment_2026-08-28,proposed,,,
0.3.0,ev_8c21e13ad01dabda,icare_0176,Develop a Climate Action Plan,energy_security,vulnerability,ES_SRC_010,Enhancing Resilience: Climate-proofing Power Infrastructure,9,9,"Develop strategic national plans and policies targeting the power sector that incentivise the adoption of proactive resilience measures, preventative investments and the integration of resilience into power system design and operations.",en,10017,Resilient cities,supports,,partial_action,false,energy_security_assessment_2026-08-28,proposed,,,
0.3.0,ev_b0f6d8775f6d626a,icare_0178,Redirect urban development through climate‑risk spatial planning,energy_security,exposure,ES_SRC_002,"Climate Change 2022: Impacts, Adaptation and Vulnerability",1657,1645,Reviewing land use and spatial planning to reduce exposure to climate risks,en,10018,Population density,supports,,whole_action,false,energy_security_assessment_2026-08-28,proposed,,,
0.3.0,ev_d3944a97e8f27171,icare_0180,Expand urban green-blue networks and corridors,energy_security,vulnerability,ES_SRC_002,"Climate Change 2022: Impacts, Adaptation and Vulnerability",2452,2440,"Urban greening (e.g., tree planting; construction of stormwater retention areas; construction of green roofs and cool roofs; provision of rainwater barrels; pervious pavement materials) Mitigation, particularly avoided emissions; public health improvements—increases in physical activity, reductions in air and noise pollution, reduced urban heat island effect, improved mental health; urban flood risk management; water savings; energy savings",en,10009 | 10010,Residential electrical consumption | Electrical energy intensity,supports,,partial_action,false,energy_security_assessment_2026-08-28,proposed,,,
0.3.0,ev_a5c217715db5c52c,icare_0181,Restore in Vulnerable Areas,energy_security,exposure,ES_SRC_002,"Climate Change 2022: Impacts, Adaptation and Vulnerability",37,25,"Responses to ongoing sea level rise and land subsidence in low-lying coastal cities and settlements and small islands include protection, accommodation, advance and planned relocation (high confidence). These responses are more effective if combined and/or sequenced, planned well ahead, aligned with sociocultural values and development priorities, and underpinned by inclusive community engagement processes (high confidence).",en,10018,Population density,supports,,whole_action,false,energy_security_assessment_2026-08-28,proposed,,,
0.3.0,ev_78c6f53b48728598,icare_0181,Restore in Vulnerable Areas,energy_security,exposure,ES_SRC_002,"Climate Change 2022: Impacts, Adaptation and Vulnerability",108,96,"Properly supported and where levels of agency and assets are high, migration as an adaptation to climate change can reduce exposure and socioeconomic vulnerability (medium confidence). However, migration becomes a risk when climate hazards cause an individual, household or community to move involuntarily or with low agency (high confidence).",en,10018,Population density,qualifies,,whole_action,true,energy_security_assessment_2026-08-28,proposed,,,
0.3.0,ev_16e7c658a29dcb67,icare_0182,Develop an Urban Afforestation Plan,energy_security,vulnerability,ES_SRC_002,"Climate Change 2022: Impacts, Adaptation and Vulnerability",2452,2440,"Urban greening (e.g., tree planting; construction of stormwater retention areas; construction of green roofs and cool roofs; provision of rainwater barrels; pervious pavement materials) Mitigation, particularly avoided emissions; public health improvements—increases in physical activity, reductions in air and noise pollution, reduced urban heat island effect, improved mental health; urban flood risk management; water savings; energy savings",en,10009 | 10010,Residential electrical consumption | Electrical energy intensity,supports,,whole_action,false,energy_security_assessment_2026-08-28,proposed,,,
0.3.0,ev_142ebd7c64d35d5d,icare_0183,Implement Multi-hazard Early Warning Systems (MH-EWS),energy_security,vulnerability,ES_SRC_009,Stronger Power: Improving Power Sector Resilience to Natural Hazards,35,34,"TV, internet, radio, or newspapers, as well as automated phone text messaging, can be used to communicate the need for demand reduction to users when an extreme weather event is expected (Brown 2016).",en,10017,Resilient cities,supports,,partial_action,false,energy_security_assessment_2026-08-28,proposed,,,
0.3.0,ev_578066bef031c2bc,icare_0183,Implement Multi-hazard Early Warning Systems (MH-EWS),energy_security,vulnerability,ES_SRC_010,Enhancing Resilience: Climate-proofing Power Infrastructure,9,9,"Predictive analytics, forecasting and smart monitoring enable proactive responses to weather risks. This minimises outages and optimises existing infrastructure, avoiding costly buildouts.",en,10017,Resilient cities,supports,,partial_action,false,energy_security_assessment_2026-08-28,proposed,,,
0.3.0,ev_eeea2a086d2ba6f8,icare_0184,Upgrade Slope stabilization and drainage,energy_security,vulnerability,ES_SRC_009,Stronger Power: Improving Power Sector Resilience to Natural Hazards,25,24,"One straightforward way to improve power system performance during floods is to elevate solar panels, or to locate plants or substations in an elevated area that will not be flooded – and, when possible, far enough from the coastline to avoid coastal flood. For existing plants that cannot be moved, elevating critical components is an option (particularly for substations), as is building dikes or flood protection walls.",en,10008,Electricity interruption,supports,,partial_action,false,energy_security_assessment_2026-08-28,proposed,,,
0.3.0,ev_186781b139632c88,icare_0184,Upgrade Slope stabilization and drainage,energy_security,vulnerability,ES_SRC_010,Enhancing Resilience: Climate-proofing Power Infrastructure,9,9,"Protect critical assets with upgrades tailored to local climate threats (flood defences, storm hardening, etc.). Selected solutions must match the specific vulnerabilities identified.",en,10008,Electricity interruption,supports,,partial_action,false,energy_security_assessment_2026-08-28,proposed,,,
0.3.0,ev_20307e1056384da1,ipcc_0078,Implement green roofs and walls,energy_security,vulnerability,ES_SRC_002,"Climate Change 2022: Impacts, Adaptation and Vulnerability",2452,2440,"Urban greening (e.g., tree planting; construction of stormwater retention areas; construction of green roofs and cool roofs; provision of rainwater barrels; pervious pavement materials) Mitigation, particularly avoided emissions; public health improvements—increases in physical activity, reductions in air and noise pollution, reduced urban heat island effect, improved mental health; urban flood risk management; water savings; energy savings",en,10009 | 10010,Residential electrical consumption | Electrical energy intensity,supports,,whole_action,false,energy_security_assessment_2026-08-28,proposed,,,
0.3.0,ev_2b668831958af0af,ipcc_0078,Implement green roofs and walls,energy_security,vulnerability,ES_SRC_007,Climate Resilience: Part of Electricity Security 2021,22,20,"However, the level of increased demand can be mitigated by higher levels of energy efficiency in both cooling devices and building envelopes. Compared to 2018, global energy consumption for residential space cooling could increase by as much as 65% in 2030 (Figure 3). However, through a combination of more efficient devices, more resilient buildings and increased flexibility, this could be cut by one-fifth in the SDS, with the majority of these savings in non-OECD countries.",en,10009 | 10010,Residential electrical consumption | Electrical energy intensity,supports,one-fifth reduction in projected residential space-cooling energy use,partial_action,false,energy_security_assessment_2026-08-28,proposed,,,
0.3.0,ev_56147e11eeeae070,ipcc_0083,Plan strategic coastal retreat for vulnerable communities,energy_security,exposure,ES_SRC_002,"Climate Change 2022: Impacts, Adaptation and Vulnerability",37,25,"Responses to ongoing sea level rise and land subsidence in low-lying coastal cities and settlements and small islands include protection, accommodation, advance and planned relocation (high confidence). These responses are more effective if combined and/or sequenced, planned well ahead, aligned with sociocultural values and development priorities, and underpinned by inclusive community engagement processes (high confidence).",en,10018,Population density,supports,,whole_action,false,energy_security_assessment_2026-08-28,proposed,,,
0.3.0,ev_e9b80bc90f1ec669,ipcc_0083,Plan strategic coastal retreat for vulnerable communities,energy_security,exposure,ES_SRC_002,"Climate Change 2022: Impacts, Adaptation and Vulnerability",108,96,"Properly supported and where levels of agency and assets are high, migration as an adaptation to climate change can reduce exposure and socioeconomic vulnerability (medium confidence). However, migration becomes a risk when climate hazards cause an individual, household or community to move involuntarily or with low agency (high confidence).",en,10018,Population density,qualifies,,whole_action,true,energy_security_assessment_2026-08-28,proposed,,,
0.3.0,ev_e55f887837a61ea6,ipcc_0086,Implement ecosystem‑based adaptation measures,energy_security,vulnerability,ES_SRC_002,"Climate Change 2022: Impacts, Adaptation and Vulnerability",2452,2440,"Urban greening (e.g., tree planting; construction of stormwater retention areas; construction of green roofs and cool roofs; provision of rainwater barrels; pervious pavement materials) Mitigation, particularly avoided emissions; public health improvements—increases in physical activity, reductions in air and noise pollution, reduced urban heat island effect, improved mental health; urban flood risk management; water savings; energy savings",en,10009 | 10010,Residential electrical consumption | Electrical energy intensity,supports,,partial_action,false,energy_security_assessment_2026-08-28,proposed,,,
0.3.0,ev_f73f8807eef11422,ipcc_0087,Improve Infrastructure retrofitting,energy_security,vulnerability,ES_SRC_009,Stronger Power: Improving Power Sector Resilience to Natural Hazards,25,24,"One straightforward way to improve power system performance during floods is to elevate solar panels, or to locate plants or substations in an elevated area that will not be flooded – and, when possible, far enough from the coastline to avoid coastal flood. For existing plants that cannot be moved, elevating critical components is an option (particularly for substations), as is building dikes or flood protection walls.",en,10008,Electricity interruption,supports,,partial_action,false,energy_security_assessment_2026-08-28,proposed,,,
0.3.0,ev_35a2d666dbfe4fee,ipcc_0087,Improve Infrastructure retrofitting,energy_security,vulnerability,ES_SRC_010,Enhancing Resilience: Climate-proofing Power Infrastructure,9,9,"Protect critical assets with upgrades tailored to local climate threats (flood defences, storm hardening, etc.). Selected solutions must match the specific vulnerabilities identified.",en,10008,Electricity interruption,supports,,whole_action,false,energy_security_assessment_2026-08-28,proposed,,,
0.3.0,ev_582850ddca9f12a1,ipcc_0088,Update and enforce climate‑resilient building codes,energy_security,vulnerability,ES_SRC_005,Brazil 2025 Energy Policy Review,59,59,"The regulation ABNT NBR 15.775 sets requirements for the thermal performance of building fabric and is mandatory for all new residential buildings, though enforcement is variable. The standard was updated in 2024 to become more stringent.",en,10017,Resilient cities,qualifies,,whole_action,false,energy_security_assessment_2026-08-28,proposed,,,
0.3.0,ev_be93cadda902b51e,ipcc_0088,Update and enforce climate‑resilient building codes,energy_security,vulnerability,ES_SRC_009,Stronger Power: Improving Power Sector Resilience to Natural Hazards,38,37,"Resilience depends on developing or sustaining the laws, regulations, and guidelines that require utilities to (i) apply appropriate safety standards to resilient power facilities, both in the installation/construction phase and during regular maintenance and operation; and (ii) prepare an emergency action plan to be submitted to the relevant authority.",en,10017,Resilient cities,supports,,whole_action,false,energy_security_assessment_2026-08-28,proposed,,,
0.3.0,ev_4c6e577b9718e78c,ipcc_0089,Spatially redirect development,energy_security,exposure,ES_SRC_002,"Climate Change 2022: Impacts, Adaptation and Vulnerability",1657,1645,Reviewing land use and spatial planning to reduce exposure to climate risks,en,10018,Population density,supports,,whole_action,false,energy_security_assessment_2026-08-28,proposed,,,
0.3.0,ev_2aca8f1e09d74994,ipcc_0090,Expand climate risk insurance coverage,energy_security,vulnerability,ES_SRC_002,"Climate Change 2022: Impacts, Adaptation and Vulnerability",111,99,"Risk insurance can be a feasible tool to adapt to transfer climate risks and support sustainable development (high confidence). They can reduce both vulnerability and exposure, support post-disaster recovery and reduce financial burden on governments, households and business.",en,10015 | 10016,Municipal GDP per capita | Income greater than two minimum wages,qualifies,,partial_action,false,energy_security_assessment_2026-08-28,proposed,,,
0.3.0,ev_1f193de30faf2eab,ipcc_0090,Expand climate risk insurance coverage,energy_security,vulnerability,ES_SRC_002,"Climate Change 2022: Impacts, Adaptation and Vulnerability",952,940,"Finally, although insurance has the potential to incentivise practices to reduce risks, including through measures to reduce premiums (see Section 6.4.5 for additional details), researchers of insurance-led adaptation actions have argued that, since insurance regimes privilege normality, they tend to structurally embed risky behaviour and inhibit change (O’Hare, White and Connelly, 2016).",en,10015 | 10016,Municipal GDP per capita | Income greater than two minimum wages,contradicts,,partial_action,true,energy_security_assessment_2026-08-28,proposed,,,
0.3.0,ev_bf94b01ca0bddc71,ipcc_0091,Support livelihood diversification for climate resilience,energy_security,vulnerability,ES_SRC_002,"Climate Change 2022: Impacts, Adaptation and Vulnerability",111,99,"There is high evidence (medium agreement) that diversifying livelihoods improves incomes and reduces socioeconomic vulnerability, but feasibility changes depending on livelihood type, opportunities and local context.",en,10015 | 10016,Municipal GDP per capita | Income greater than two minimum wages,qualifies,,whole_action,false,energy_security_assessment_2026-08-28,proposed,,,
0.3.0,ev_1569f832674b0ce0,ipcc_0092,Expand climate‑responsive social safety nets,energy_security,vulnerability,ES_SRC_002,"Climate Change 2022: Impacts, Adaptation and Vulnerability",37,25,"Integrating climate adaptation into social protection programs, including cash transfers and public works programmes, is highly feasible and increases resilience to climate change, especially when supported by basic services and infrastructure. Social safety nets are increasingly being reconfigured to build adaptive capacities of the most vulnerable in rural and also urban communities. Social safety nets that support climate change adaptation have strong co-benefits with development goals such as education, poverty alleviation, gender inclusion and food security.",en,10016,Income greater than two minimum wages,qualifies,,whole_action,false,energy_security_assessment_2026-08-28,proposed,,,
0.3.0,ev_b4bcac10c0b7b7f8,ipcc_0099,Increase Water Capture and Storage,energy_security,vulnerability,ES_SRC_010,Enhancing Resilience: Climate-proofing Power Infrastructure,37,37,"PSH offers unmatched capacity for long-duration energy storage (hours to days), ensuring reliable power supply during extended outages, extreme weather events or disruption to fuel supply chains (LDES, 2023). PSH can offer between 12-hour and 31-hour storage depth (AEMO, 2019).",en,10013,Energy stored in hydroelectric reservoirs,supports,12-hour to 31-hour storage depth,whole_action,false,energy_security_assessment_2026-08-28,proposed,,,
0.3.0,ev_3400f3629cb707f5,ipcc_0100,Improve Efficient water use/demand,energy_security,vulnerability,ES_SRC_002,"Climate Change 2022: Impacts, Adaptation and Vulnerability",111,99,Efficient water use and water management especially in hydropower and combined cycle power plants in drought-prone areas have a high feasibility (high confidence) with multiple co-benefits (medium confidence). Water-related adaptation in the energy sector is highly effective up to 1.5°C but declines with increasing warming (medium confidence).,en,10013,Energy stored in hydroelectric reservoirs,supports,,whole_action,false,energy_security_assessment_2026-08-28,proposed,,,
0.3.0,ev_95f74ba43212671a,ipcc_0102,Facilitate seasonal and temporary mobility strategies,energy_security,exposure,ES_SRC_002,"Climate Change 2022: Impacts, Adaptation and Vulnerability",108,96,"Properly supported and where levels of agency and assets are high, migration as an adaptation to climate change can reduce exposure and socioeconomic vulnerability (medium confidence). However, migration becomes a risk when climate hazards cause an individual, household or community to move involuntarily or with low agency (high confidence).",en,10018,Population density,qualifies,,partial_action,true,energy_security_assessment_2026-08-28,proposed,,,
0.3.0,ev_7f4c9fc8de372db5,ipcc_0103,Strengthen cooperative climate governance,energy_security,vulnerability,ES_SRC_009,Stronger Power: Improving Power Sector Resilience to Natural Hazards,38,37,"Recovery operations encompass not only specific steps for damage recovery and power restoration, but also internal institutional coordination and cooperation with other utilities, governmental institutions, and municipalities.",en,10017,Resilient cities,supports,,whole_action,false,energy_security_assessment_2026-08-28,proposed,,,
0.3.0,ev_bb972ac290c8ac4b,ipcc_0103,Strengthen cooperative climate governance,energy_security,vulnerability,ES_SRC_010,Enhancing Resilience: Climate-proofing Power Infrastructure,30,30,"One of the key steps within the resilience framework is to develop an emergency management plan, which includes preparing a checklist, developing and reviewing outage recovery plans, procuring and conducting periodic review of back up resources, and coordination between different personnel and stakeholders. It is also important to create schemes to enhance the capacity of the system to withstand an event, minimise damage, recover rapidly and adapt to it.",en,10017,Resilient cities,supports,,whole_action,false,energy_security_assessment_2026-08-28,proposed,,,
0.3.0,ev_b3204e7c5a580e72,ipcc_0104,Plan and support permanent climate‑related migration,energy_security,exposure,ES_SRC_002,"Climate Change 2022: Impacts, Adaptation and Vulnerability",37,25,"Responses to ongoing sea level rise and land subsidence in low-lying coastal cities and settlements and small islands include protection, accommodation, advance and planned relocation (high confidence). These responses are more effective if combined and/or sequenced, planned well ahead, aligned with sociocultural values and development priorities, and underpinned by inclusive community engagement processes (high confidence).",en,10018,Population density,supports,,whole_action,false,energy_security_assessment_2026-08-28,proposed,,,
0.3.0,ev_bbebb04f15575bb8,ipcc_0104,Plan and support permanent climate‑related migration,energy_security,exposure,ES_SRC_002,"Climate Change 2022: Impacts, Adaptation and Vulnerability",108,96,"Properly supported and where levels of agency and assets are high, migration as an adaptation to climate change can reduce exposure and socioeconomic vulnerability (medium confidence). However, migration becomes a risk when climate hazards cause an individual, household or community to move involuntarily or with low agency (high confidence).",en,10018,Population density,qualifies,,whole_action,true,energy_security_assessment_2026-08-28,proposed,,,
0.3.0,ev_19a2fc123dbdf8c7,c40_0053,Promote water-saving technologies and practices,food_security,vulnerability,FS_SRC_009,Future of Food: Shaping a Climate-Smart Global Food System,14,12,"Switching from flood irrigation to alternative wetting and drying of plots has reduced input costs by 20 percent, raised productivity by 5–10 percent, and significantly cut methane emissions and water use. Science, technology, outreach, training, and extension services for farmers and cooperatives through Farmer Field Schools; increased availability of certified seed; and better irrigation management techniques helped deliver the technology at large scale.",en,5019 | 5021 | 5024 | 5063,Irrigation susceptibility | Agriculture and water availability | Water deficit | Direct source water shortage,supports,20% lower input costs; 5–10% higher productivity; reduced water use,whole_action,false,all_sectors_evidence_2026-08-30,proposed,,,
0.3.0,ev_a4524d120f5c43f1,c40_0056,Improve Watershed Protection and Management,food_security,vulnerability,FS_SRC_009,Future of Food: Shaping a Climate-Smart Global Food System,14,12,"In Himachal Pradesh state, improved management of the Mid-Himalayan watershed as part of a national watershed management program has given farmers US$8 million in carbon credits from the Prototype Carbon Fund. To date, up to 10,000 hectares of nonarable agricultural wastelands have been restored and degraded forests have been afforested. On arable lands, more than 10,000 water harvesting structures have been built, expanding irrigation potential by nearly 9,000 hectares benefiting some 54,000 rural households (24 percent of which are vulnerable households) increasing their resilience to drought.",en,5021 | 5023 | 5024 | 5025 | 5064,Agriculture and water availability | Agricultural areas with soil susceptible to erosion | Water deficit | Vegetation cover losses | Compromised water quality,supports,"10,000 ha restored/afforested; 10,000+ water-harvesting structures; nearly 9,000 ha additional irrigation potential",partial_action,false,all_sectors_evidence_2026-08-30,proposed,,,
0.3.0,ev_e5d354a18b69cca6,icare_0144,Establish a financial support program for extreme weather events,food_security,vulnerability,FS_SRC_002,"Climate Change 2022: Impacts, Adaptation and Vulnerability (AR6 WGII), Chapter 5: Food, Fibre and Other Ecosystem Products",7,719,"Supportive public policies will enhance effectiveness and/or feasibility of adaptation in ecosystem provisioning services (medium confidence). Policies that support system transitions include shifting subsidies, removing perverse incentives, regulation and certification, green public procurement, investment in sustainable value chains, support for capacity-building, access to insurance premiums, payments for ecosystem services, and social protection, among others (medium confidence).",en,5026 | 5027 | 5028 | 5030 | 5031 | 5071 | 5077 | 5079,Investment in agrarian and environmental management policies | Harvest guarantee program | PRONAF coverage | Proagro coverage plus | PSR coverage | Federal investment per capita | Scope of the family allowance program | Households with high per capita income,supports,,partial_action,false,all_sectors_evidence_2026-08-30,proposed,,,
0.3.0,ev_935a48a7d5ac96bf,icare_0144,Establish a financial support program for extreme weather events,food_security,vulnerability,FS_SRC_009,Future of Food: Shaping a Climate-Smart Global Food System,22,20,"Modern parametric approaches to risk quantification and monitoring have led to the development of insurance type products that have the ability to manage risk more efficiently, especially at the aggregated (for example, banks) level, and that can be used to reduce the cost of finance for farmers. Increasingly, countries are introducing risk financing approaches and products that will enable the catastrophic layer of loss from events such as floods and droughts to be managed by government and enable compensation to flow to farmers.",en,5027 | 5028 | 5030 | 5031 | 5077 | 5079,Harvest guarantee program | PRONAF coverage | Proagro coverage plus | PSR coverage | Scope of the family allowance program | Households with high per capita income,supports,,whole_action,false,all_sectors_evidence_2026-08-30,proposed,,,
0.3.0,ev_cee37cf88880c6f7,icare_0156,Improve Implementation of urban gardens,food_security,vulnerability,FS_SRC_002,"Climate Change 2022: Impacts, Adaptation and Vulnerability (AR6 WGII), Chapter 5: Food, Fibre and Other Ecosystem Products",33,745,"Crop diversification reduces cereal crop sensitivity to precipitation variability, yield losses and crop insurance payouts under drought (high confidence). For example, a study in Canada comparing diversified rotations and monoculture corn found significant positive yield impacts, yield stability and increased SOC under both RCP4.5 and RCP8.5 by 2100.",en,5016 | 5018 | 5022 | 5032,Susceptibility of agricultural productivity | Homogeneity of agricultural production | Agricultural areas with low agricultural potential | Technical guidance,supports,,partial_action,false,all_sectors_evidence_2026-08-30,proposed,,,
0.3.0,ev_b331e60fac0107d0,icare_0160,Establish mechanisms for intersectoral coordination and public participation in climate policy,food_security,vulnerability,FS_SRC_002,"Climate Change 2022: Impacts, Adaptation and Vulnerability (AR6 WGII), Chapter 5: Food, Fibre and Other Ecosystem Products",7,719,"Supportive public policies will enhance effectiveness and/or feasibility of adaptation in ecosystem provisioning services (medium confidence). Policies that support system transitions include shifting subsidies, removing perverse incentives, regulation and certification, green public procurement, investment in sustainable value chains, support for capacity-building, access to insurance premiums, payments for ecosystem services, and social protection, among others (medium confidence).",en,5026 | 5033 | 5071 | 5072,Investment in agrarian and environmental management policies | Associativism | Federal investment per capita | Food safety instruments,supports,,partial_action,false,all_sectors_evidence_2026-08-30,proposed,,,
0.3.0,ev_70b48f6a25c432c0,icare_0164,Improve Hydrological Monitoring System with Telemetry Stations,food_security,vulnerability,FS_SRC_003,Estratégia de Adaptação à Mudança do Clima para a Agropecuária Brasileira,13,4,"Previsão Climática e Zoneamento Territorial (PZ): ferramentas importantes pois possibilitam a construção de cenários preditivos e exploratórios sobre os efeitos da mudança do clima na agricultura e minimizam os riscos climáticos. Além de permitir compreender a favorabilidade climática para as áreas de produção de determinadas culturas considerando clima, solo (textura) e ciclo da cultivar, evitando os riscos.",pt,5019 | 5021 | 5024,Irrigation susceptibility | Agriculture and water availability | Water deficit,supports,,whole_action,false,all_sectors_evidence_2026-08-30,proposed,,,
0.3.0,ev_894ffb7b63393d7d,icare_0171,"Improve the hydrometeorological forecasting, monitoring, and alert system for climate risks",food_security,vulnerability,FS_SRC_003,Estratégia de Adaptação à Mudança do Clima para a Agropecuária Brasileira,13,4,"Previsão Climática e Zoneamento Territorial (PZ): ferramentas importantes pois possibilitam a construção de cenários preditivos e exploratórios sobre os efeitos da mudança do clima na agricultura e minimizam os riscos climáticos. Além de permitir compreender a favorabilidade climática para as áreas de produção de determinadas culturas considerando clima, solo (textura) e ciclo da cultivar, evitando os riscos.",pt,5016 | 5017 | 5019 | 5020 | 5021 | 5024,Susceptibility of agricultural productivity | Susceptibility of livestock productivity | Irrigation susceptibility | Fire hotspots | Agriculture and water availability | Water deficit,supports,,whole_action,false,all_sectors_evidence_2026-08-30,proposed,,,
0.3.0,ev_f812933382533c8b,icare_0176,Develop a Climate Action Plan,food_security,vulnerability,FS_SRC_002,"Climate Change 2022: Impacts, Adaptation and Vulnerability (AR6 WGII), Chapter 5: Food, Fibre and Other Ecosystem Products",7,719,"Supportive public policies will enhance effectiveness and/or feasibility of adaptation in ecosystem provisioning services (medium confidence). Policies that support system transitions include shifting subsidies, removing perverse incentives, regulation and certification, green public procurement, investment in sustainable value chains, support for capacity-building, access to insurance premiums, payments for ecosystem services, and social protection, among others (medium confidence).",en,5026 | 5071 | 5072,Investment in agrarian and environmental management policies | Federal investment per capita | Food safety instruments,supports,,partial_action,false,all_sectors_evidence_2026-08-30,proposed,,,
0.3.0,ev_a6278c5dcaf35a66,icare_0182,Develop an Urban Afforestation Plan,food_security,vulnerability,FS_SRC_009,Future of Food: Shaping a Climate-Smart Global Food System,14,12,"In Himachal Pradesh state, improved management of the Mid-Himalayan watershed as part of a national watershed management program has given farmers US$8 million in carbon credits from the Prototype Carbon Fund. To date, up to 10,000 hectares of nonarable agricultural wastelands have been restored and degraded forests have been afforested. On arable lands, more than 10,000 water harvesting structures have been built, expanding irrigation potential by nearly 9,000 hectares benefiting some 54,000 rural households (24 percent of which are vulnerable households) increasing their resilience to drought.",en,5023 | 5025,Agricultural areas with soil susceptible to erosion | Vegetation cover losses,supports,"10,000 ha restored/afforested; 10,000+ water-harvesting structures; nearly 9,000 ha additional irrigation potential",partial_action,false,all_sectors_evidence_2026-08-30,proposed,,,
0.3.0,ev_fd4b76ec8cbc0f58,icare_0183,Implement Multi-hazard Early Warning Systems (MH-EWS),food_security,vulnerability,FS_SRC_003,Estratégia de Adaptação à Mudança do Clima para a Agropecuária Brasileira,13,4,"Previsão Climática e Zoneamento Territorial (PZ): ferramentas importantes pois possibilitam a construção de cenários preditivos e exploratórios sobre os efeitos da mudança do clima na agricultura e minimizam os riscos climáticos. Além de permitir compreender a favorabilidade climática para as áreas de produção de determinadas culturas considerando clima, solo (textura) e ciclo da cultivar, evitando os riscos.",pt,5016 | 5017 | 5019 | 5020 | 5021 | 5024,Susceptibility of agricultural productivity | Susceptibility of livestock productivity | Irrigation susceptibility | Fire hotspots | Agriculture and water availability | Water deficit,supports,,whole_action,false,all_sectors_evidence_2026-08-30,proposed,,,
0.3.0,ev_6d65d00512a38132,icare_0184,Upgrade Slope stabilization and drainage,food_security,vulnerability,FS_SRC_009,Future of Food: Shaping a Climate-Smart Global Food System,14,12,"In Himachal Pradesh state, improved management of the Mid-Himalayan watershed as part of a national watershed management program has given farmers US$8 million in carbon credits from the Prototype Carbon Fund. To date, up to 10,000 hectares of nonarable agricultural wastelands have been restored and degraded forests have been afforested. On arable lands, more than 10,000 water harvesting structures have been built, expanding irrigation potential by nearly 9,000 hectares benefiting some 54,000 rural households (24 percent of which are vulnerable households) increasing their resilience to drought.",en,5023,Agricultural areas with soil susceptible to erosion,supports,"10,000 ha restored/afforested; 10,000+ water-harvesting structures; nearly 9,000 ha additional irrigation potential",partial_action,false,all_sectors_evidence_2026-08-30,proposed,,,
0.3.0,ev_062b74181e7f98fe,ipcc_0084,Restore/create natural areas,food_security,vulnerability,FS_SRC_009,Future of Food: Shaping a Climate-Smart Global Food System,14,12,"In Himachal Pradesh state, improved management of the Mid-Himalayan watershed as part of a national watershed management program has given farmers US$8 million in carbon credits from the Prototype Carbon Fund. To date, up to 10,000 hectares of nonarable agricultural wastelands have been restored and degraded forests have been afforested. On arable lands, more than 10,000 water harvesting structures have been built, expanding irrigation potential by nearly 9,000 hectares benefiting some 54,000 rural households (24 percent of which are vulnerable households) increasing their resilience to drought.",en,5025,Vegetation cover losses,supports,"10,000 ha restored/afforested; 10,000+ water-harvesting structures; nearly 9,000 ha additional irrigation potential",partial_action,false,all_sectors_evidence_2026-08-30,proposed,,,
0.3.0,ev_687e721d9f8a5ec2,ipcc_0085,Reduce pressures on ecosystems to build resilience,food_security,vulnerability,FS_SRC_009,Future of Food: Shaping a Climate-Smart Global Food System,14,12,"In Himachal Pradesh state, improved management of the Mid-Himalayan watershed as part of a national watershed management program has given farmers US$8 million in carbon credits from the Prototype Carbon Fund. To date, up to 10,000 hectares of nonarable agricultural wastelands have been restored and degraded forests have been afforested. On arable lands, more than 10,000 water harvesting structures have been built, expanding irrigation potential by nearly 9,000 hectares benefiting some 54,000 rural households (24 percent of which are vulnerable households) increasing their resilience to drought.",en,5025 | 5064,Vegetation cover losses | Compromised water quality,supports,"10,000 ha restored/afforested; 10,000+ water-harvesting structures; nearly 9,000 ha additional irrigation potential",partial_action,false,all_sectors_evidence_2026-08-30,proposed,,,
0.3.0,ev_c744aae4bfa50859,ipcc_0086,Implement ecosystem‑based adaptation measures,food_security,vulnerability,FS_SRC_009,Future of Food: Shaping a Climate-Smart Global Food System,14,12,"In Himachal Pradesh state, improved management of the Mid-Himalayan watershed as part of a national watershed management program has given farmers US$8 million in carbon credits from the Prototype Carbon Fund. To date, up to 10,000 hectares of nonarable agricultural wastelands have been restored and degraded forests have been afforested. On arable lands, more than 10,000 water harvesting structures have been built, expanding irrigation potential by nearly 9,000 hectares benefiting some 54,000 rural households (24 percent of which are vulnerable households) increasing their resilience to drought.",en,5016 | 5019 | 5021 | 5022 | 5023 | 5024 | 5025,Susceptibility of agricultural productivity | Irrigation susceptibility | Agriculture and water availability | Agricultural areas with low agricultural potential | Agricultural areas with soil susceptible to erosion | Water deficit | Vegetation cover losses,supports,"10,000 ha restored/afforested; 10,000+ water-harvesting structures; nearly 9,000 ha additional irrigation potential",partial_action,false,all_sectors_evidence_2026-08-30,proposed,,,
0.3.0,ev_c28fbc691be4fd17,ipcc_0090,Expand climate risk insurance coverage,food_security,vulnerability,FS_SRC_002,"Climate Change 2022: Impacts, Adaptation and Vulnerability (AR6 WGII), Chapter 5: Food, Fibre and Other Ecosystem Products",7,719,"Supportive public policies will enhance effectiveness and/or feasibility of adaptation in ecosystem provisioning services (medium confidence). Policies that support system transitions include shifting subsidies, removing perverse incentives, regulation and certification, green public procurement, investment in sustainable value chains, support for capacity-building, access to insurance premiums, payments for ecosystem services, and social protection, among others (medium confidence).",en,5027 | 5028 | 5030 | 5031 | 5072 | 5077 | 5079,Harvest guarantee program | PRONAF coverage | Proagro coverage plus | PSR coverage | Food safety instruments | Scope of the family allowance program | Households with high per capita income,supports,,partial_action,false,all_sectors_evidence_2026-08-30,proposed,,,
0.3.0,ev_22b4d4a2772a43db,ipcc_0090,Expand climate risk insurance coverage,food_security,vulnerability,FS_SRC_009,Future of Food: Shaping a Climate-Smart Global Food System,22,20,"Modern parametric approaches to risk quantification and monitoring have led to the development of insurance type products that have the ability to manage risk more efficiently, especially at the aggregated (for example, banks) level, and that can be used to reduce the cost of finance for farmers. Increasingly, countries are introducing risk financing approaches and products that will enable the catastrophic layer of loss from events such as floods and droughts to be managed by government and enable compensation to flow to farmers.",en,5027 | 5028 | 5030 | 5031 | 5038 | 5072 | 5077 | 5079,Harvest guarantee program | PRONAF coverage | Proagro coverage plus | PSR coverage | Diversity of revenues | Food safety instruments | Scope of the family allowance program | Households with high per capita income,supports,,whole_action,false,all_sectors_evidence_2026-08-30,proposed,,,
0.3.0,ev_dc4124eb9a25be93,ipcc_0091,Support livelihood diversification for climate resilience,food_security,vulnerability,FS_SRC_009,Future of Food: Shaping a Climate-Smart Global Food System,15,13,"Intercropping promoted through this collaboration has helped to boost incomes and fight hunger in the coffee lands while delivering adaptation and mitigation benefits in part of Nicaragua and in Chiapas state, Mexico. Diversified production systems have helped boost the resilience of farmer incomes throughout the year, while fruit trees provide shade, boosting resilience to drought and heat, and absorb carbon.",en,5038 | 5067 | 5079,Diversity of revenues | Food and nutritional insecurity | Households with high per capita income,supports,,whole_action,false,all_sectors_evidence_2026-08-30,proposed,,,
0.3.0,ev_4f20e5ec102e008d,ipcc_0092,Expand climate‑responsive social safety nets,food_security,vulnerability,FS_SRC_002,"Climate Change 2022: Impacts, Adaptation and Vulnerability (AR6 WGII), Chapter 5: Food, Fibre and Other Ecosystem Products",7,719,"Supportive public policies will enhance effectiveness and/or feasibility of adaptation in ecosystem provisioning services (medium confidence). Policies that support system transitions include shifting subsidies, removing perverse incentives, regulation and certification, green public procurement, investment in sustainable value chains, support for capacity-building, access to insurance premiums, payments for ecosystem services, and social protection, among others (medium confidence).",en,5071 | 5072 | 5077 | 5079,Federal investment per capita | Food safety instruments | Scope of the family allowance program | Households with high per capita income,supports,,partial_action,false,all_sectors_evidence_2026-08-30,proposed,,,
0.3.0,ev_b837366c1b9f8784,ipcc_0092,Expand climate‑responsive social safety nets,food_security,vulnerability,FS_SRC_002,"Climate Change 2022: Impacts, Adaptation and Vulnerability (AR6 WGII), Chapter 5: Food, Fibre and Other Ecosystem Products",89,801,"Integrated multi-sectoral strategies that incorporate social protection are effective adaptation responses (high confidence). Social protection programmes, such as cash transfers, weather index insurance and asset-building activities such as well construction, can support short-term responses to acute food insecurity in response to extreme events but can also build adaptive capacity longer term.",en,5067 | 5068 | 5071 | 5072 | 5073 | 5074 | 5077 | 5078 | 5079,Food and nutritional insecurity | Child malnutrition | Federal investment per capita | Food safety instruments | National school feeding program (PNAE) | Food Acquisition Program (PAA) | Scope of the family allowance program | Equality in intra-household income distribution | Households with high per capita income,supports,,whole_action,false,all_sectors_evidence_2026-08-30,proposed,,,
0.3.0,ev_faac5e2a24d614c9,ipcc_0092,Expand climate‑responsive social safety nets,food_security,vulnerability,FS_SRC_012,Rising to the Challenge: Success Stories and Strategies for Achieving Climate Adaptation and Resilience,17,,"Anticipatory and early response programs, including through national safety net programs, delivering social protection and financial inclusion by acting ahead of predicted hazards; preventing or reducing the adverse effects of shocks on lives and livelihoods before the impacts fully manifest. Helping alleviate short-term humanitarian need by reducing food insecurity: e.g. in Niger, the early transfers improve food security by 8%, consumption by 17.6%, and psychological well-being by 17.8%.",en,5067 | 5068 | 5071 | 5072 | 5073 | 5074 | 5077 | 5078 | 5079,Food and nutritional insecurity | Child malnutrition | Federal investment per capita | Food safety instruments | National school feeding program (PNAE) | Food Acquisition Program (PAA) | Scope of the family allowance program | Equality in intra-household income distribution | Households with high per capita income,supports,8% improved food security; 17.6% improved consumption; 17.8% improved psychological well-being,whole_action,false,all_sectors_evidence_2026-08-30,proposed,,,
0.3.0,ev_75417fd5afb2ec00,ipcc_0096,Strengthen climate resilience in farming and fisheries,food_security,vulnerability,FS_SRC_002,"Climate Change 2022: Impacts, Adaptation and Vulnerability (AR6 WGII), Chapter 5: Food, Fibre and Other Ecosystem Products",33,745,"Crop diversification reduces cereal crop sensitivity to precipitation variability, yield losses and crop insurance payouts under drought (high confidence). For example, a study in Canada comparing diversified rotations and monoculture corn found significant positive yield impacts, yield stability and increased SOC under both RCP4.5 and RCP8.5 by 2100.",en,5016 | 5018 | 5021 | 5022 | 5023 | 5024 | 5025 | 5032,Susceptibility of agricultural productivity | Homogeneity of agricultural production | Agriculture and water availability | Agricultural areas with low agricultural potential | Agricultural areas with soil susceptible to erosion | Water deficit | Vegetation cover losses | Technical guidance,supports,,partial_action,false,all_sectors_evidence_2026-08-30,proposed,,,
0.3.0,ev_dae01198a1b761c8,ipcc_0096,Strengthen climate resilience in farming and fisheries,food_security,vulnerability,FS_SRC_009,Future of Food: Shaping a Climate-Smart Global Food System,14,12,"Switching from flood irrigation to alternative wetting and drying of plots has reduced input costs by 20 percent, raised productivity by 5–10 percent, and significantly cut methane emissions and water use. Science, technology, outreach, training, and extension services for farmers and cooperatives through Farmer Field Schools; increased availability of certified seed; and better irrigation management techniques helped deliver the technology at large scale.",en,5016 | 5019 | 5021 | 5024 | 5032,Susceptibility of agricultural productivity | Irrigation susceptibility | Agriculture and water availability | Water deficit | Technical guidance,supports,20% lower input costs; 5–10% higher productivity; reduced water use,whole_action,false,all_sectors_evidence_2026-08-30,proposed,,,
0.3.0,ev_6febfd394956d59b,ipcc_0097,Upgrade food storage and distribution for climate resilience,food_security,vulnerability,FS_SRC_009,Future of Food: Shaping a Climate-Smart Global Food System,12,10,"Reducing food waste and food loss is key for boosting the CSA triple win by raising the overall food system productivity while delivering greater resilience and lower emissions by using less land, forests, and water resources.",en,5036 | 5037 | 5066 | 5067 | 5072,Storage capacity | Distance from warehouses | Municipalities without a basic food supply network | Food and nutritional insecurity | Food safety instruments,supports,,partial_action,false,all_sectors_evidence_2026-08-30,proposed,,,
0.3.0,ev_c5443b6dce63fdf1,ipcc_0098,"Increase resilience by improving access to food, improving livelihoods and promoting dietary shifts and food waste reduction",food_security,vulnerability,FS_SRC_002,"Climate Change 2022: Impacts, Adaptation and Vulnerability (AR6 WGII), Chapter 5: Food, Fibre and Other Ecosystem Products",89,801,"Integrated multi-sectoral strategies that incorporate social protection are effective adaptation responses (high confidence). Social protection programmes, such as cash transfers, weather index insurance and asset-building activities such as well construction, can support short-term responses to acute food insecurity in response to extreme events but can also build adaptive capacity longer term.",en,5067 | 5068 | 5072 | 5073 | 5074 | 5077 | 5079,Food and nutritional insecurity | Child malnutrition | Food safety instruments | National school feeding program (PNAE) | Food Acquisition Program (PAA) | Scope of the family allowance program | Households with high per capita income,supports,,whole_action,false,all_sectors_evidence_2026-08-30,proposed,,,
0.3.0,ev_d7c3971e0faca790,ipcc_0098,"Increase resilience by improving access to food, improving livelihoods and promoting dietary shifts and food waste reduction",food_security,vulnerability,FS_SRC_009,Future of Food: Shaping a Climate-Smart Global Food System,12,10,"Reducing food waste and food loss is key for boosting the CSA triple win by raising the overall food system productivity while delivering greater resilience and lower emissions by using less land, forests, and water resources.",en,5036 | 5065 | 5066 | 5067 | 5070 | 5072,Storage capacity | Ultra-processed food commercial establishments | Municipalities without a basic food supply network | Food and nutritional insecurity | Overweight and obesity | Food safety instruments,supports,,partial_action,false,all_sectors_evidence_2026-08-30,proposed,,,
0.3.0,ev_a95986dd249f3116,ipcc_0099,Increase Water Capture and Storage,food_security,vulnerability,FS_SRC_009,Future of Food: Shaping a Climate-Smart Global Food System,14,12,"In Himachal Pradesh state, improved management of the Mid-Himalayan watershed as part of a national watershed management program has given farmers US$8 million in carbon credits from the Prototype Carbon Fund. To date, up to 10,000 hectares of nonarable agricultural wastelands have been restored and degraded forests have been afforested. On arable lands, more than 10,000 water harvesting structures have been built, expanding irrigation potential by nearly 9,000 hectares benefiting some 54,000 rural households (24 percent of which are vulnerable households) increasing their resilience to drought.",en,5019 | 5021 | 5024 | 5029 | 5076,Irrigation susceptibility | Agriculture and water availability | Water deficit | cistern program | Cistern program service,supports,"10,000 ha restored/afforested; 10,000+ water-harvesting structures; nearly 9,000 ha additional irrigation potential",partial_action,false,all_sectors_evidence_2026-08-30,proposed,,,
0.3.0,ev_08007abbc18eca7e,ipcc_0100,Improve Efficient water use/demand,food_security,vulnerability,FS_SRC_009,Future of Food: Shaping a Climate-Smart Global Food System,14,12,"Switching from flood irrigation to alternative wetting and drying of plots has reduced input costs by 20 percent, raised productivity by 5–10 percent, and significantly cut methane emissions and water use. Science, technology, outreach, training, and extension services for farmers and cooperatives through Farmer Field Schools; increased availability of certified seed; and better irrigation management techniques helped deliver the technology at large scale.",en,5019 | 5021 | 5024 | 5032 | 5063,Irrigation susceptibility | Agriculture and water availability | Water deficit | Technical guidance | Direct source water shortage,supports,20% lower input costs; 5–10% higher productivity; reduced water use,whole_action,false,all_sectors_evidence_2026-08-30,proposed,,,
0.3.0,ev_e59329f775368b96,ipcc_0101,Improve urban water management,food_security,vulnerability,FS_SRC_009,Future of Food: Shaping a Climate-Smart Global Food System,14,12,"In Himachal Pradesh state, improved management of the Mid-Himalayan watershed as part of a national watershed management program has given farmers US$8 million in carbon credits from the Prototype Carbon Fund. To date, up to 10,000 hectares of nonarable agricultural wastelands have been restored and degraded forests have been afforested. On arable lands, more than 10,000 water harvesting structures have been built, expanding irrigation potential by nearly 9,000 hectares benefiting some 54,000 rural households (24 percent of which are vulnerable households) increasing their resilience to drought.",en,5063 | 5064 | 5076,Direct source water shortage | Compromised water quality | Cistern program service,supports,"10,000 ha restored/afforested; 10,000+ water-harvesting structures; nearly 9,000 ha additional irrigation potential",partial_action,false,all_sectors_evidence_2026-08-30,proposed,,,
0.3.0,ev_69ce970e325dcaa1,ipcc_0103,Strengthen cooperative climate governance,food_security,vulnerability,FS_SRC_002,"Climate Change 2022: Impacts, Adaptation and Vulnerability (AR6 WGII), Chapter 5: Food, Fibre and Other Ecosystem Products",7,719,"Supportive public policies will enhance effectiveness and/or feasibility of adaptation in ecosystem provisioning services (medium confidence). Policies that support system transitions include shifting subsidies, removing perverse incentives, regulation and certification, green public procurement, investment in sustainable value chains, support for capacity-building, access to insurance premiums, payments for ecosystem services, and social protection, among others (medium confidence).",en,5026 | 5033 | 5071 | 5072,Investment in agrarian and environmental management policies | Associativism | Federal investment per capita | Food safety instruments,supports,,partial_action,false,all_sectors_evidence_2026-08-30,proposed,,,
0.3.0,ev_0228f981e75aa503,c40_0048,Upgrade urban drainage systems,geohydrological_disasters,vulnerability,GS_SRC_004,Manual para Apresentação de Propostas para Sistemas de Drenagem Urbana Sustentável e de Manejo de Águas Pluviais,5,5,"A ação de apoio a Sistemas de Drenagem Urbana Sustentável e de Manejo de Águas Pluviais do Programa Gestão de Riscos e Desastres objetiva apoiar a redução do risco de desastres naturais em municípios críticos a partir do planejamento e da execução de obras, em articulação com as políticas de desenvolvimento urbano, de uso e ocupação do solo e de gestão das respectivas bacias hidrográficas, com foco na gestão sustentável da drenagem urbana, por meio de ações estruturais e não-estruturais dirigidas à recuperação de áreas úmidas, à prevenção, ao controle e à minimização dos impactos provocados por alagamentos, enchentes e inundações urbanas e ribeirinhas.",pt,60062 | 60078,Actions to reduce risk | Drainage,supports,,partial_action,false,all_sectors_evidence_2026-08-30,proposed,,,
0.3.0,ev_b906ed3f14885f36,c40_0048,Upgrade urban drainage systems,geohydrological_disasters,vulnerability,GS_SRC_004,Manual para Apresentação de Propostas para Sistemas de Drenagem Urbana Sustentável e de Manejo de Águas Pluviais,9,9,"Os projetos deverão quantificar o número de famílias e edificações beneficiadas que sairão da área de risco de alagamentos para o cenário projetado após a execução das obras de drenagem propostas, por meio da apresentação de mapas que apresentem as manchas de inundação para diferentes Tempos de Retorno (TR), para situação antes e após a execução da intervenção na área proposta.",pt,60062 | 60078,Actions to reduce risk | Drainage,supports,,whole_action,false,all_sectors_evidence_2026-08-30,proposed,,,
0.3.0,ev_e9549678911bd26c,c40_0049,Build and maintain shelters for critical climate hazards,geohydrological_disasters,vulnerability,GS_SRC_008,Making Cities Resilient 2030 (MCR2030): Initial Proposal,2,2,"Strategic Objective 2. Strengthen cities' capacity to develop local strategies/plans to enhance resilience; by: improving their self-assessment and diagnostic skills; providing relevant training and tools for strategic planning to reduce disaster and climate risks and for risk-informed development. Strategic Objective 3. Support cities to implement local strategies/plans to enhance resilience; by: providing access to finance for supporting DRR, climate change adaptation and to implement resilience initiatives; improving the ability of local authorities to plan, design, build and manage resilient infrastructure; improving the capacity of local authorities to use nature-based solutions and seek innovative approach to address local resilience.",en,60022 | 60062,Actions to reduce risk | Actions to reduce risk,supports,,partial_action,false,all_sectors_evidence_2026-08-30,proposed,,,
0.3.0,ev_d1466c3a26417e83,c40_0056,Improve Watershed Protection and Management,geohydrological_disasters,vulnerability,GS_SRC_004,Manual para Apresentação de Propostas para Sistemas de Drenagem Urbana Sustentável e de Manejo de Águas Pluviais,5,5,"A ação de apoio a Sistemas de Drenagem Urbana Sustentável e de Manejo de Águas Pluviais do Programa Gestão de Riscos e Desastres objetiva apoiar a redução do risco de desastres naturais em municípios críticos a partir do planejamento e da execução de obras, em articulação com as políticas de desenvolvimento urbano, de uso e ocupação do solo e de gestão das respectivas bacias hidrográficas, com foco na gestão sustentável da drenagem urbana, por meio de ações estruturais e não-estruturais dirigidas à recuperação de áreas úmidas, à prevenção, ao controle e à minimização dos impactos provocados por alagamentos, enchentes e inundações urbanas e ribeirinhas.",pt,60022 | 60025 | 60062 | 60065,Actions to reduce risk | Land use and occupation | Actions to reduce risk | Land use and occupation,supports,,partial_action,false,all_sectors_evidence_2026-08-30,proposed,,,
0.3.0,ev_f2c62f484dc5d8d6,c40_0056,Improve Watershed Protection and Management,geohydrological_disasters,vulnerability,GS_SRC_008,Making Cities Resilient 2030 (MCR2030): Initial Proposal,2,2,"Strategic Objective 2. Strengthen cities' capacity to develop local strategies/plans to enhance resilience; by: improving their self-assessment and diagnostic skills; providing relevant training and tools for strategic planning to reduce disaster and climate risks and for risk-informed development. Strategic Objective 3. Support cities to implement local strategies/plans to enhance resilience; by: providing access to finance for supporting DRR, climate change adaptation and to implement resilience initiatives; improving the ability of local authorities to plan, design, build and manage resilient infrastructure; improving the capacity of local authorities to use nature-based solutions and seek innovative approach to address local resilience.",en,60022 | 60025 | 60026 | 60062 | 60065 | 60066,Actions to reduce risk | Land use and occupation | Environmental governance | Actions to reduce risk | Land use and occupation | Environmental governance,supports,,partial_action,false,all_sectors_evidence_2026-08-30,proposed,,,
0.3.0,ev_cd3df1613483d254,c40_0056,Improve Watershed Protection and Management,geohydrological_disasters,vulnerability,GS_SRC_008,Making Cities Resilient 2030 (MCR2030): Initial Proposal,9,9,Infrastructure resilience and a city's environs cannot rely on over-engineered solutions. Cities need to incorporate their natural assets in building their resilience in a manner that maximizes the deployment of natural features further adding to their sustainability.,en,60022 | 60025 | 60026 | 60062 | 60065 | 60066,Actions to reduce risk | Land use and occupation | Environmental governance | Actions to reduce risk | Land use and occupation | Environmental governance,supports,,partial_action,false,all_sectors_evidence_2026-08-30,proposed,,,
0.3.0,ev_74b5a8d33dfe77a6,icare_0144,Establish a financial support program for extreme weather events,geohydrological_disasters,vulnerability,GS_SRC_006,Coping with Losses: Options for Disaster Risk Financing in Brazil,10,8,"The use of fiscal risk assessment tools can support policy makers to design a disaster risk financing and insurance strategy better suited to the country's hazard profile. By using partial historical data on disaster losses, it was possible to carry out a preliminary fiscal risk assessment of Brazil.",en,60014 | 60016 | 60017 | 60022 | 60027 | 60054 | 60056 | 60057 | 60062 | 60067,Investment in adaptation policies | Employment and income | Gross domestic product by urban area | Actions to reduce risk | Housing governance | Investment in adaptation policies | Employment and income | Gross domestic product by urban area | Actions to reduce risk | Housing governance,supports,,partial_action,false,all_sectors_evidence_2026-08-30,proposed,,,
0.3.0,ev_9a0a0ac7311f8a2c,icare_0154,Clean and unclog drainage channels and install eco-barriers,geohydrological_disasters,vulnerability,GS_SRC_004,Manual para Apresentação de Propostas para Sistemas de Drenagem Urbana Sustentável e de Manejo de Águas Pluviais,5,5,"A ação de apoio a Sistemas de Drenagem Urbana Sustentável e de Manejo de Águas Pluviais do Programa Gestão de Riscos e Desastres objetiva apoiar a redução do risco de desastres naturais em municípios críticos a partir do planejamento e da execução de obras, em articulação com as políticas de desenvolvimento urbano, de uso e ocupação do solo e de gestão das respectivas bacias hidrográficas, com foco na gestão sustentável da drenagem urbana, por meio de ações estruturais e não-estruturais dirigidas à recuperação de áreas úmidas, à prevenção, ao controle e à minimização dos impactos provocados por alagamentos, enchentes e inundações urbanas e ribeirinhas.",pt,60060 | 60062 | 60070 | 60077 | 60078,Waste management and public cleaning | Actions to reduce risk | Municipal basic sanitation plan | Basic sanitation | Drainage,supports,,partial_action,false,all_sectors_evidence_2026-08-30,proposed,,,
0.3.0,ev_1d51a9633d4e108d,icare_0154,Clean and unclog drainage channels and install eco-barriers,geohydrological_disasters,vulnerability,GS_SRC_004,Manual para Apresentação de Propostas para Sistemas de Drenagem Urbana Sustentável e de Manejo de Águas Pluviais,9,9,"Os projetos deverão quantificar o número de famílias e edificações beneficiadas que sairão da área de risco de alagamentos para o cenário projetado após a execução das obras de drenagem propostas, por meio da apresentação de mapas que apresentem as manchas de inundação para diferentes Tempos de Retorno (TR), para situação antes e após a execução da intervenção na área proposta.",pt,60060 | 60062 | 60070 | 60077 | 60078,Waste management and public cleaning | Actions to reduce risk | Municipal basic sanitation plan | Basic sanitation | Drainage,supports,,whole_action,false,all_sectors_evidence_2026-08-30,proposed,,,
0.3.0,ev_daf1c86adc5a1fc9,icare_0160,Establish mechanisms for intersectoral coordination and public participation in climate policy,geohydrological_disasters,vulnerability,GS_SRC_008,Making Cities Resilient 2030 (MCR2030): Initial Proposal,2,2,"Strategic Objective 2. Strengthen cities' capacity to develop local strategies/plans to enhance resilience; by: improving their self-assessment and diagnostic skills; providing relevant training and tools for strategic planning to reduce disaster and climate risks and for risk-informed development. Strategic Objective 3. Support cities to implement local strategies/plans to enhance resilience; by: providing access to finance for supporting DRR, climate change adaptation and to implement resilience initiatives; improving the ability of local authorities to plan, design, build and manage resilient infrastructure; improving the capacity of local authorities to use nature-based solutions and seek innovative approach to address local resilience.",en,60019 | 60026 | 60059 | 60066,Institutions for risk management | Environmental governance | Institutions for risk management | Environmental governance,supports,,partial_action,false,all_sectors_evidence_2026-08-30,proposed,,,
0.3.0,ev_9983cdafe92e22d0,icare_0162,Strengthen programs for control and conservation of protected areas,geohydrological_disasters,vulnerability,GS_SRC_008,Making Cities Resilient 2030 (MCR2030): Initial Proposal,2,2,"Strategic Objective 2. Strengthen cities' capacity to develop local strategies/plans to enhance resilience; by: improving their self-assessment and diagnostic skills; providing relevant training and tools for strategic planning to reduce disaster and climate risks and for risk-informed development. Strategic Objective 3. Support cities to implement local strategies/plans to enhance resilience; by: providing access to finance for supporting DRR, climate change adaptation and to implement resilience initiatives; improving the ability of local authorities to plan, design, build and manage resilient infrastructure; improving the capacity of local authorities to use nature-based solutions and seek innovative approach to address local resilience.",en,60022 | 60025 | 60026 | 60062 | 60065 | 60066,Actions to reduce risk | Land use and occupation | Environmental governance | Actions to reduce risk | Land use and occupation | Environmental governance,supports,,partial_action,false,all_sectors_evidence_2026-08-30,proposed,,,
0.3.0,ev_40b98aa277d49851,icare_0162,Strengthen programs for control and conservation of protected areas,geohydrological_disasters,vulnerability,GS_SRC_008,Making Cities Resilient 2030 (MCR2030): Initial Proposal,9,9,Infrastructure resilience and a city's environs cannot rely on over-engineered solutions. Cities need to incorporate their natural assets in building their resilience in a manner that maximizes the deployment of natural features further adding to their sustainability.,en,60022 | 60025 | 60026 | 60062 | 60065 | 60066,Actions to reduce risk | Land use and occupation | Environmental governance | Actions to reduce risk | Land use and occupation | Environmental governance,supports,,partial_action,false,all_sectors_evidence_2026-08-30,proposed,,,
0.3.0,ev_9b9f9e20f2ee5aaa,icare_0164,Improve Hydrological Monitoring System with Telemetry Stations,geohydrological_disasters,vulnerability,GS_SRC_009,Early Warnings for All: Executive Action Plan 2023–2027,6,1,Early warnings save lives and provide vast economic benefits. Just 24 hours' notice of an impending hazardous event can cut the ensuing damage by 30 per cent. The Global Commission on Adaptation found that spending just $800 million on such systems in developing countries would avoid losses of $3–16 billion per annum.,en,60023 | 60063,Early warning systems | Early warning systems,supports,24 hours' notice can reduce ensuing damage by 30%; $800m investment could avoid $3–16bn annual losses,whole_action,false,all_sectors_evidence_2026-08-30,proposed,,,
0.3.0,ev_79f2351e99364d2d,icare_0169,Establish a Plan for Preparation and Emergency Response Measures in the event of extreme weather events,geohydrological_disasters,vulnerability,GS_SRC_009,Early Warnings for All: Executive Action Plan 2023–2027,6,1,Early warnings save lives and provide vast economic benefits. Just 24 hours' notice of an impending hazardous event can cut the ensuing damage by 30 per cent. The Global Commission on Adaptation found that spending just $800 million on such systems in developing countries would avoid losses of $3–16 billion per annum.,en,60019 | 60022 | 60024 | 60059 | 60062 | 60064,Institutions for risk management | Actions to reduce risk | Contingency plan | Institutions for risk management | Actions to reduce risk | Contingency plan,supports,24 hours' notice can reduce ensuing damage by 30%; $800m investment could avoid $3–16bn annual losses,partial_action,false,all_sectors_evidence_2026-08-30,proposed,,,
0.3.0,ev_541e9a6e7a234ce3,icare_0170,Build safe housing and implement urban rehabilitation projects for populations living in high-risk areas,geohydrological_disasters,exposure,GS_SRC_002,"Climate Change 2022: Impacts, Adaptation and Vulnerability",37,25,"Responses to ongoing sea level rise and land subsidence in low-lying coastal cities and settlements and small islands include protection, accommodation, advance and planned relocation (high confidence). These responses are more effective if combined and/or sequenced, planned well ahead, aligned with sociocultural values and development priorities, and underpinned by inclusive community engagement processes (high confidence).",en,60039 | 60040 | 60079 | 60080,Households in risk areas | Urban population density | Households in risk areas | Urban population density,supports,,whole_action,false,all_sectors_evidence_2026-08-30,proposed,,,
0.3.0,ev_c9450cf70c4637b7,icare_0170,Build safe housing and implement urban rehabilitation projects for populations living in high-risk areas,geohydrological_disasters,vulnerability,GS_SRC_002,"Climate Change 2022: Impacts, Adaptation and Vulnerability",37,25,"Responses to ongoing sea level rise and land subsidence in low-lying coastal cities and settlements and small islands include protection, accommodation, advance and planned relocation (high confidence). These responses are more effective if combined and/or sequenced, planned well ahead, aligned with sociocultural values and development priorities, and underpinned by inclusive community engagement processes (high confidence).",en,60021 | 60022 | 60027 | 60034 | 60061 | 60062 | 60067 | 60074,Urban occupation management in risk areas | Actions to reduce risk | Housing governance | Inappropriate households | Urban occupation management in risk areas | Actions to reduce risk | Housing governance | Inappropriate households,supports,,partial_action,false,all_sectors_evidence_2026-08-30,proposed,,,
0.3.0,ev_6f8ad3fdf474374b,icare_0170,Build safe housing and implement urban rehabilitation projects for populations living in high-risk areas,geohydrological_disasters,vulnerability,GS_SRC_004,Manual para Apresentação de Propostas para Sistemas de Drenagem Urbana Sustentável e de Manejo de Águas Pluviais,5,5,"A ação de apoio a Sistemas de Drenagem Urbana Sustentável e de Manejo de Águas Pluviais do Programa Gestão de Riscos e Desastres objetiva apoiar a redução do risco de desastres naturais em municípios críticos a partir do planejamento e da execução de obras, em articulação com as políticas de desenvolvimento urbano, de uso e ocupação do solo e de gestão das respectivas bacias hidrográficas, com foco na gestão sustentável da drenagem urbana, por meio de ações estruturais e não-estruturais dirigidas à recuperação de áreas úmidas, à prevenção, ao controle e à minimização dos impactos provocados por alagamentos, enchentes e inundações urbanas e ribeirinhas.",pt,60021 | 60022 | 60034 | 60038 | 60061 | 60062 | 60074 | 60078,Urban occupation management in risk areas | Actions to reduce risk | Inappropriate households | Drainage | Urban occupation management in risk areas | Actions to reduce risk | Inappropriate households | Drainage,supports,,partial_action,false,all_sectors_evidence_2026-08-30,proposed,,,
0.3.0,ev_7e1ca0290506e824,icare_0170,Build safe housing and implement urban rehabilitation projects for populations living in high-risk areas,geohydrological_disasters,vulnerability,GS_SRC_004,Manual para Apresentação de Propostas para Sistemas de Drenagem Urbana Sustentável e de Manejo de Águas Pluviais,9,9,"Os projetos deverão quantificar o número de famílias e edificações beneficiadas que sairão da área de risco de alagamentos para o cenário projetado após a execução das obras de drenagem propostas, por meio da apresentação de mapas que apresentem as manchas de inundação para diferentes Tempos de Retorno (TR), para situação antes e após a execução da intervenção na área proposta.",pt,60021 | 60022 | 60034 | 60038 | 60061 | 60062 | 60074 | 60078,Urban occupation management in risk areas | Actions to reduce risk | Inappropriate households | Drainage | Urban occupation management in risk areas | Actions to reduce risk | Inappropriate households | Drainage,supports,,whole_action,false,all_sectors_evidence_2026-08-30,proposed,,,
0.3.0,ev_bf9c747278b394e6,icare_0171,"Improve the hydrometeorological forecasting, monitoring, and alert system for climate risks",geohydrological_disasters,vulnerability,GS_SRC_009,Early Warnings for All: Executive Action Plan 2023–2027,6,1,Early warnings save lives and provide vast economic benefits. Just 24 hours' notice of an impending hazardous event can cut the ensuing damage by 30 per cent. The Global Commission on Adaptation found that spending just $800 million on such systems in developing countries would avoid losses of $3–16 billion per annum.,en,60023 | 60063,Early warning systems | Early warning systems,supports,24 hours' notice can reduce ensuing damage by 30%; $800m investment could avoid $3–16bn annual losses,whole_action,false,all_sectors_evidence_2026-08-30,proposed,,,
0.3.0,ev_45c34c0853172440,icare_0172,Develop and implement the Municipal Risk Reduction Plan (PMRR) and identify population groups vulnerable to climate risks.,geohydrological_disasters,vulnerability,GS_SRC_008,Making Cities Resilient 2030 (MCR2030): Initial Proposal,2,2,"Strategic Objective 2. Strengthen cities' capacity to develop local strategies/plans to enhance resilience; by: improving their self-assessment and diagnostic skills; providing relevant training and tools for strategic planning to reduce disaster and climate risks and for risk-informed development. Strategic Objective 3. Support cities to implement local strategies/plans to enhance resilience; by: providing access to finance for supporting DRR, climate change adaptation and to implement resilience initiatives; improving the ability of local authorities to plan, design, build and manage resilient infrastructure; improving the capacity of local authorities to use nature-based solutions and seek innovative approach to address local resilience.",en,60018 | 60019 | 60021 | 60022 | 60025 | 60058 | 60059 | 60061 | 60062 | 60065,Resilient cities program | Institutions for risk management | Urban occupation management in risk areas | Actions to reduce risk | Land use and occupation | Resilient cities program | Institutions for risk management | Urban occupation management in risk areas | Actions to reduce risk | Land use and occupation,supports,,partial_action,false,all_sectors_evidence_2026-08-30,proposed,,,
0.3.0,ev_1d2a7cff6760ea56,icare_0172,Develop and implement the Municipal Risk Reduction Plan (PMRR) and identify population groups vulnerable to climate risks.,geohydrological_disasters,vulnerability,GS_SRC_009,Early Warnings for All: Executive Action Plan 2023–2027,6,1,Early warnings save lives and provide vast economic benefits. Just 24 hours' notice of an impending hazardous event can cut the ensuing damage by 30 per cent. The Global Commission on Adaptation found that spending just $800 million on such systems in developing countries would avoid losses of $3–16 billion per annum.,en,60019 | 60022 | 60023 | 60024 | 60059 | 60062 | 60063 | 60064,Institutions for risk management | Actions to reduce risk | Early warning systems | Contingency plan | Institutions for risk management | Actions to reduce risk | Early warning systems | Contingency plan,supports,24 hours' notice can reduce ensuing damage by 30%; $800m investment could avoid $3–16bn annual losses,partial_action,false,all_sectors_evidence_2026-08-30,proposed,,,
0.3.0,ev_24b499a93ccc3655,icare_0173,Preventive maintenance of drainage systems,geohydrological_disasters,vulnerability,GS_SRC_004,Manual para Apresentação de Propostas para Sistemas de Drenagem Urbana Sustentável e de Manejo de Águas Pluviais,5,5,"A ação de apoio a Sistemas de Drenagem Urbana Sustentável e de Manejo de Águas Pluviais do Programa Gestão de Riscos e Desastres objetiva apoiar a redução do risco de desastres naturais em municípios críticos a partir do planejamento e da execução de obras, em articulação com as políticas de desenvolvimento urbano, de uso e ocupação do solo e de gestão das respectivas bacias hidrográficas, com foco na gestão sustentável da drenagem urbana, por meio de ações estruturais e não-estruturais dirigidas à recuperação de áreas úmidas, à prevenção, ao controle e à minimização dos impactos provocados por alagamentos, enchentes e inundações urbanas e ribeirinhas.",pt,60060 | 60062 | 60070 | 60077 | 60078,Waste management and public cleaning | Actions to reduce risk | Municipal basic sanitation plan | Basic sanitation | Drainage,supports,,partial_action,false,all_sectors_evidence_2026-08-30,proposed,,,
0.3.0,ev_0dda796fb18c7145,icare_0173,Preventive maintenance of drainage systems,geohydrological_disasters,vulnerability,GS_SRC_004,Manual para Apresentação de Propostas para Sistemas de Drenagem Urbana Sustentável e de Manejo de Águas Pluviais,9,9,"Os projetos deverão quantificar o número de famílias e edificações beneficiadas que sairão da área de risco de alagamentos para o cenário projetado após a execução das obras de drenagem propostas, por meio da apresentação de mapas que apresentem as manchas de inundação para diferentes Tempos de Retorno (TR), para situação antes e após a execução da intervenção na área proposta.",pt,60060 | 60062 | 60070 | 60077 | 60078,Waste management and public cleaning | Actions to reduce risk | Municipal basic sanitation plan | Basic sanitation | Drainage,supports,,whole_action,false,all_sectors_evidence_2026-08-30,proposed,,,
0.3.0,ev_dc0a69e384cd15d0,icare_0176,Develop a Climate Action Plan,geohydrological_disasters,vulnerability,GS_SRC_008,Making Cities Resilient 2030 (MCR2030): Initial Proposal,2,2,"Strategic Objective 2. Strengthen cities' capacity to develop local strategies/plans to enhance resilience; by: improving their self-assessment and diagnostic skills; providing relevant training and tools for strategic planning to reduce disaster and climate risks and for risk-informed development. Strategic Objective 3. Support cities to implement local strategies/plans to enhance resilience; by: providing access to finance for supporting DRR, climate change adaptation and to implement resilience initiatives; improving the ability of local authorities to plan, design, build and manage resilient infrastructure; improving the capacity of local authorities to use nature-based solutions and seek innovative approach to address local resilience.",en,60018 | 60019 | 60022 | 60026 | 60058 | 60059 | 60062 | 60066,Resilient cities program | Institutions for risk management | Actions to reduce risk | Environmental governance | Resilient cities program | Institutions for risk management | Actions to reduce risk | Environmental governance,supports,,partial_action,false,all_sectors_evidence_2026-08-30,proposed,,,
0.3.0,ev_9af1fd68a39f0992,icare_0178,Redirect urban development through climate‑risk spatial planning,geohydrological_disasters,exposure,GS_SRC_002,"Climate Change 2022: Impacts, Adaptation and Vulnerability",1657,1645,Reviewing land use and spatial planning to reduce exposure to climate risks.,en,60039 | 60040 | 60079 | 60080,Households in risk areas | Urban population density | Households in risk areas | Urban population density,supports,,whole_action,false,all_sectors_evidence_2026-08-30,proposed,,,
0.3.0,ev_e20c87233a143795,icare_0178,Redirect urban development through climate‑risk spatial planning,geohydrological_disasters,vulnerability,GS_SRC_002,"Climate Change 2022: Impacts, Adaptation and Vulnerability",1657,1645,Reviewing land use and spatial planning to reduce exposure to climate risks.,en,60021 | 60022 | 60025 | 60061 | 60062 | 60065,Urban occupation management in risk areas | Actions to reduce risk | Land use and occupation | Urban occupation management in risk areas | Actions to reduce risk | Land use and occupation,supports,,whole_action,false,all_sectors_evidence_2026-08-30,proposed,,,
0.3.0,ev_438e47a1ea23085d,icare_0178,Redirect urban development through climate‑risk spatial planning,geohydrological_disasters,vulnerability,GS_SRC_008,Making Cities Resilient 2030 (MCR2030): Initial Proposal,2,2,"Strategic Objective 2. Strengthen cities' capacity to develop local strategies/plans to enhance resilience; by: improving their self-assessment and diagnostic skills; providing relevant training and tools for strategic planning to reduce disaster and climate risks and for risk-informed development. Strategic Objective 3. Support cities to implement local strategies/plans to enhance resilience; by: providing access to finance for supporting DRR, climate change adaptation and to implement resilience initiatives; improving the ability of local authorities to plan, design, build and manage resilient infrastructure; improving the capacity of local authorities to use nature-based solutions and seek innovative approach to address local resilience.",en,60021 | 60022 | 60025 | 60061 | 60062 | 60065,Urban occupation management in risk areas | Actions to reduce risk | Land use and occupation | Urban occupation management in risk areas | Actions to reduce risk | Land use and occupation,supports,,partial_action,false,all_sectors_evidence_2026-08-30,proposed,,,
0.3.0,ev_5bef3e4864fe3424,icare_0180,Expand urban green-blue networks and corridors,geohydrological_disasters,vulnerability,GS_SRC_008,Making Cities Resilient 2030 (MCR2030): Initial Proposal,2,2,"Strategic Objective 2. Strengthen cities' capacity to develop local strategies/plans to enhance resilience; by: improving their self-assessment and diagnostic skills; providing relevant training and tools for strategic planning to reduce disaster and climate risks and for risk-informed development. Strategic Objective 3. Support cities to implement local strategies/plans to enhance resilience; by: providing access to finance for supporting DRR, climate change adaptation and to implement resilience initiatives; improving the ability of local authorities to plan, design, build and manage resilient infrastructure; improving the capacity of local authorities to use nature-based solutions and seek innovative approach to address local resilience.",en,60062 | 60065 | 60078,Actions to reduce risk | Land use and occupation | Drainage,supports,,partial_action,false,all_sectors_evidence_2026-08-30,proposed,,,
0.3.0,ev_72a4e3a8ce6e7233,icare_0180,Expand urban green-blue networks and corridors,geohydrological_disasters,vulnerability,GS_SRC_008,Making Cities Resilient 2030 (MCR2030): Initial Proposal,9,9,Infrastructure resilience and a city's environs cannot rely on over-engineered solutions. Cities need to incorporate their natural assets in building their resilience in a manner that maximizes the deployment of natural features further adding to their sustainability.,en,60062 | 60065 | 60078,Actions to reduce risk | Land use and occupation | Drainage,supports,,partial_action,false,all_sectors_evidence_2026-08-30,proposed,,,
0.3.0,ev_9e6dcb45414988ff,icare_0181,Restore in Vulnerable Areas,geohydrological_disasters,exposure,GS_SRC_002,"Climate Change 2022: Impacts, Adaptation and Vulnerability",37,25,"Responses to ongoing sea level rise and land subsidence in low-lying coastal cities and settlements and small islands include protection, accommodation, advance and planned relocation (high confidence). These responses are more effective if combined and/or sequenced, planned well ahead, aligned with sociocultural values and development priorities, and underpinned by inclusive community engagement processes (high confidence).",en,60039 | 60040 | 60079 | 60080,Households in risk areas | Urban population density | Households in risk areas | Urban population density,supports,,whole_action,false,all_sectors_evidence_2026-08-30,proposed,,,
0.3.0,ev_767af2a746784deb,icare_0181,Restore in Vulnerable Areas,geohydrological_disasters,vulnerability,GS_SRC_002,"Climate Change 2022: Impacts, Adaptation and Vulnerability",37,25,"Responses to ongoing sea level rise and land subsidence in low-lying coastal cities and settlements and small islands include protection, accommodation, advance and planned relocation (high confidence). These responses are more effective if combined and/or sequenced, planned well ahead, aligned with sociocultural values and development priorities, and underpinned by inclusive community engagement processes (high confidence).",en,60021 | 60022 | 60027 | 60034 | 60061 | 60062 | 60067 | 60074,Urban occupation management in risk areas | Actions to reduce risk | Housing governance | Inappropriate households | Urban occupation management in risk areas | Actions to reduce risk | Housing governance | Inappropriate households,supports,,partial_action,false,all_sectors_evidence_2026-08-30,proposed,,,
0.3.0,ev_df7107f1e26b8116,icare_0181,Restore in Vulnerable Areas,geohydrological_disasters,vulnerability,GS_SRC_004,Manual para Apresentação de Propostas para Sistemas de Drenagem Urbana Sustentável e de Manejo de Águas Pluviais,5,5,"A ação de apoio a Sistemas de Drenagem Urbana Sustentável e de Manejo de Águas Pluviais do Programa Gestão de Riscos e Desastres objetiva apoiar a redução do risco de desastres naturais em municípios críticos a partir do planejamento e da execução de obras, em articulação com as políticas de desenvolvimento urbano, de uso e ocupação do solo e de gestão das respectivas bacias hidrográficas, com foco na gestão sustentável da drenagem urbana, por meio de ações estruturais e não-estruturais dirigidas à recuperação de áreas úmidas, à prevenção, ao controle e à minimização dos impactos provocados por alagamentos, enchentes e inundações urbanas e ribeirinhas.",pt,60021 | 60022 | 60034 | 60037 | 60038 | 60061 | 60062 | 60074 | 60077 | 60078,Urban occupation management in risk areas | Actions to reduce risk | Inappropriate households | Basic sanitation | Drainage | Urban occupation management in risk areas | Actions to reduce risk | Inappropriate households | Basic sanitation | Drainage,supports,,partial_action,false,all_sectors_evidence_2026-08-30,proposed,,,
0.3.0,ev_f3ab5c7ac1d721bb,icare_0181,Restore in Vulnerable Areas,geohydrological_disasters,vulnerability,GS_SRC_004,Manual para Apresentação de Propostas para Sistemas de Drenagem Urbana Sustentável e de Manejo de Águas Pluviais,9,9,"Os projetos deverão quantificar o número de famílias e edificações beneficiadas que sairão da área de risco de alagamentos para o cenário projetado após a execução das obras de drenagem propostas, por meio da apresentação de mapas que apresentem as manchas de inundação para diferentes Tempos de Retorno (TR), para situação antes e após a execução da intervenção na área proposta.",pt,60021 | 60022 | 60034 | 60038 | 60061 | 60062 | 60074 | 60077 | 60078,Urban occupation management in risk areas | Actions to reduce risk | Inappropriate households | Drainage | Urban occupation management in risk areas | Actions to reduce risk | Inappropriate households | Basic sanitation | Drainage,supports,,whole_action,false,all_sectors_evidence_2026-08-30,proposed,,,
0.3.0,ev_856f44fb128a4805,icare_0182,Develop an Urban Afforestation Plan,geohydrological_disasters,vulnerability,GS_SRC_008,Making Cities Resilient 2030 (MCR2030): Initial Proposal,2,2,"Strategic Objective 2. Strengthen cities' capacity to develop local strategies/plans to enhance resilience; by: improving their self-assessment and diagnostic skills; providing relevant training and tools for strategic planning to reduce disaster and climate risks and for risk-informed development. Strategic Objective 3. Support cities to implement local strategies/plans to enhance resilience; by: providing access to finance for supporting DRR, climate change adaptation and to implement resilience initiatives; improving the ability of local authorities to plan, design, build and manage resilient infrastructure; improving the capacity of local authorities to use nature-based solutions and seek innovative approach to address local resilience.",en,60022 | 60025 | 60026 | 60062 | 60065 | 60066,Actions to reduce risk | Land use and occupation | Environmental governance | Actions to reduce risk | Land use and occupation | Environmental governance,supports,,partial_action,false,all_sectors_evidence_2026-08-30,proposed,,,
0.3.0,ev_fc0c0b6367f9400d,icare_0182,Develop an Urban Afforestation Plan,geohydrological_disasters,vulnerability,GS_SRC_008,Making Cities Resilient 2030 (MCR2030): Initial Proposal,9,9,Infrastructure resilience and a city's environs cannot rely on over-engineered solutions. Cities need to incorporate their natural assets in building their resilience in a manner that maximizes the deployment of natural features further adding to their sustainability.,en,60022 | 60025 | 60026 | 60062 | 60065 | 60066,Actions to reduce risk | Land use and occupation | Environmental governance | Actions to reduce risk | Land use and occupation | Environmental governance,supports,,partial_action,false,all_sectors_evidence_2026-08-30,proposed,,,
0.3.0,ev_ecbba6e2dfe25e70,icare_0183,Implement Multi-hazard Early Warning Systems (MH-EWS),geohydrological_disasters,vulnerability,GS_SRC_009,Early Warnings for All: Executive Action Plan 2023–2027,6,1,Early warnings save lives and provide vast economic benefits. Just 24 hours' notice of an impending hazardous event can cut the ensuing damage by 30 per cent. The Global Commission on Adaptation found that spending just $800 million on such systems in developing countries would avoid losses of $3–16 billion per annum.,en,60023 | 60063,Early warning systems | Early warning systems,supports,24 hours' notice can reduce ensuing damage by 30%; $800m investment could avoid $3–16bn annual losses,whole_action,false,all_sectors_evidence_2026-08-30,proposed,,,
0.3.0,ev_0736feedb33addd1,icare_0184,Upgrade Slope stabilization and drainage,geohydrological_disasters,vulnerability,GS_SRC_004,Manual para Apresentação de Propostas para Sistemas de Drenagem Urbana Sustentável e de Manejo de Águas Pluviais,5,5,"A ação de apoio a Sistemas de Drenagem Urbana Sustentável e de Manejo de Águas Pluviais do Programa Gestão de Riscos e Desastres objetiva apoiar a redução do risco de desastres naturais em municípios críticos a partir do planejamento e da execução de obras, em articulação com as políticas de desenvolvimento urbano, de uso e ocupação do solo e de gestão das respectivas bacias hidrográficas, com foco na gestão sustentável da drenagem urbana, por meio de ações estruturais e não-estruturais dirigidas à recuperação de áreas úmidas, à prevenção, ao controle e à minimização dos impactos provocados por alagamentos, enchentes e inundações urbanas e ribeirinhas.",pt,60022 | 60025 | 60038 | 60062 | 60065 | 60078,Actions to reduce risk | Land use and occupation | Drainage | Actions to reduce risk | Land use and occupation | Drainage,supports,,partial_action,false,all_sectors_evidence_2026-08-30,proposed,,,
0.3.0,ev_0d2d4fac5e088f05,icare_0184,Upgrade Slope stabilization and drainage,geohydrological_disasters,vulnerability,GS_SRC_004,Manual para Apresentação de Propostas para Sistemas de Drenagem Urbana Sustentável e de Manejo de Águas Pluviais,9,9,"Os projetos deverão quantificar o número de famílias e edificações beneficiadas que sairão da área de risco de alagamentos para o cenário projetado após a execução das obras de drenagem propostas, por meio da apresentação de mapas que apresentem as manchas de inundação para diferentes Tempos de Retorno (TR), para situação antes e após a execução da intervenção na área proposta.",pt,60022 | 60038 | 60062 | 60078,Actions to reduce risk | Drainage | Actions to reduce risk | Drainage,supports,,partial_action,false,all_sectors_evidence_2026-08-30,proposed,,,
0.3.0,ev_74cbccee1df006ef,icare_0184,Upgrade Slope stabilization and drainage,geohydrological_disasters,vulnerability,GS_SRC_010,Lifelines: The Resilient Infrastructure Opportunity,16,xiv,"Invest in regulations and planning, in the early stages of project design, and in maintenance. Doing so can significantly outweigh the costs of repairs or reconstruction after a disaster strikes.",en,60022 | 60025 | 60038 | 60062 | 60065 | 60078,Actions to reduce risk | Land use and occupation | Drainage | Actions to reduce risk | Land use and occupation | Drainage,supports,,partial_action,false,all_sectors_evidence_2026-08-30,proposed,,,
0.3.0,ev_271143faf7b7bfdd,ipcc_0087,Improve Infrastructure retrofitting,geohydrological_disasters,vulnerability,GS_SRC_008,Making Cities Resilient 2030 (MCR2030): Initial Proposal,2,2,"Strategic Objective 2. Strengthen cities' capacity to develop local strategies/plans to enhance resilience; by: improving their self-assessment and diagnostic skills; providing relevant training and tools for strategic planning to reduce disaster and climate risks and for risk-informed development. Strategic Objective 3. Support cities to implement local strategies/plans to enhance resilience; by: providing access to finance for supporting DRR, climate change adaptation and to implement resilience initiatives; improving the ability of local authorities to plan, design, build and manage resilient infrastructure; improving the capacity of local authorities to use nature-based solutions and seek innovative approach to address local resilience.",en,60022 | 60027 | 60028 | 60034 | 60035 | 60036 | 60037 | 60038 | 60062 | 60067 | 60068 | 60074 | 60075 | 60076 | 60077 | 60078,Actions to reduce risk | Housing governance | Transport governance | Inappropriate households | Lack of urban mobility | Inaccessibility to cities | Basic sanitation | Drainage | Actions to reduce risk | Housing governance | Transport governance | Inappropriate households | Lack of urban mobility | Inaccessibility to cities | Basic sanitation | Drainage,supports,,partial_action,false,all_sectors_evidence_2026-08-30,proposed,,,
0.3.0,ev_664515c2033bdf69,ipcc_0087,Improve Infrastructure retrofitting,geohydrological_disasters,vulnerability,GS_SRC_010,Lifelines: The Resilient Infrastructure Opportunity,16,xiv,"Invest in regulations and planning, in the early stages of project design, and in maintenance. Doing so can significantly outweigh the costs of repairs or reconstruction after a disaster strikes.",en,60022 | 60027 | 60028 | 60034 | 60035 | 60036 | 60037 | 60038 | 60062 | 60067 | 60068 | 60074 | 60075 | 60076 | 60077 | 60078,Actions to reduce risk | Housing governance | Transport governance | Inappropriate households | Lack of urban mobility | Inaccessibility to cities | Basic sanitation | Drainage | Actions to reduce risk | Housing governance | Transport governance | Inappropriate households | Lack of urban mobility | Inaccessibility to cities | Basic sanitation | Drainage,supports,,whole_action,false,all_sectors_evidence_2026-08-30,proposed,,,
0.3.0,ev_e65ae284f04de95c,ipcc_0088,Update and enforce climate‑resilient building codes,geohydrological_disasters,vulnerability,GS_SRC_008,Making Cities Resilient 2030 (MCR2030): Initial Proposal,2,2,"Strategic Objective 2. Strengthen cities' capacity to develop local strategies/plans to enhance resilience; by: improving their self-assessment and diagnostic skills; providing relevant training and tools for strategic planning to reduce disaster and climate risks and for risk-informed development. Strategic Objective 3. Support cities to implement local strategies/plans to enhance resilience; by: providing access to finance for supporting DRR, climate change adaptation and to implement resilience initiatives; improving the ability of local authorities to plan, design, build and manage resilient infrastructure; improving the capacity of local authorities to use nature-based solutions and seek innovative approach to address local resilience.",en,60021 | 60022 | 60025 | 60027 | 60034 | 60061 | 60062 | 60065 | 60067 | 60074,Urban occupation management in risk areas | Actions to reduce risk | Land use and occupation | Housing governance | Inappropriate households | Urban occupation management in risk areas | Actions to reduce risk | Land use and occupation | Housing governance | Inappropriate households,supports,,partial_action,false,all_sectors_evidence_2026-08-30,proposed,,,
0.3.0,ev_fa38d35ab4c14fda,ipcc_0088,Update and enforce climate‑resilient building codes,geohydrological_disasters,vulnerability,GS_SRC_010,Lifelines: The Resilient Infrastructure Opportunity,16,xiv,"Invest in regulations and planning, in the early stages of project design, and in maintenance. Doing so can significantly outweigh the costs of repairs or reconstruction after a disaster strikes.",en,60021 | 60022 | 60025 | 60027 | 60034 | 60061 | 60062 | 60065 | 60067 | 60074,Urban occupation management in risk areas | Actions to reduce risk | Land use and occupation | Housing governance | Inappropriate households | Urban occupation management in risk areas | Actions to reduce risk | Land use and occupation | Housing governance | Inappropriate households,supports,,whole_action,false,all_sectors_evidence_2026-08-30,proposed,,,
0.3.0,ev_6196767b7b11a53c,ipcc_0089,Spatially redirect development,geohydrological_disasters,exposure,GS_SRC_002,"Climate Change 2022: Impacts, Adaptation and Vulnerability",1657,1645,Reviewing land use and spatial planning to reduce exposure to climate risks.,en,60039 | 60040 | 60079 | 60080,Households in risk areas | Urban population density | Households in risk areas | Urban population density,supports,,whole_action,false,all_sectors_evidence_2026-08-30,proposed,,,
0.3.0,ev_0453c879f1217bce,ipcc_0089,Spatially redirect development,geohydrological_disasters,vulnerability,GS_SRC_002,"Climate Change 2022: Impacts, Adaptation and Vulnerability",1657,1645,Reviewing land use and spatial planning to reduce exposure to climate risks.,en,60021 | 60022 | 60025 | 60061 | 60062 | 60065,Urban occupation management in risk areas | Actions to reduce risk | Land use and occupation | Urban occupation management in risk areas | Actions to reduce risk | Land use and occupation,supports,,whole_action,false,all_sectors_evidence_2026-08-30,proposed,,,
0.3.0,ev_8304877af93c3dce,ipcc_0089,Spatially redirect development,geohydrological_disasters,vulnerability,GS_SRC_008,Making Cities Resilient 2030 (MCR2030): Initial Proposal,2,2,"Strategic Objective 2. Strengthen cities' capacity to develop local strategies/plans to enhance resilience; by: improving their self-assessment and diagnostic skills; providing relevant training and tools for strategic planning to reduce disaster and climate risks and for risk-informed development. Strategic Objective 3. Support cities to implement local strategies/plans to enhance resilience; by: providing access to finance for supporting DRR, climate change adaptation and to implement resilience initiatives; improving the ability of local authorities to plan, design, build and manage resilient infrastructure; improving the capacity of local authorities to use nature-based solutions and seek innovative approach to address local resilience.",en,60021 | 60022 | 60025 | 60061 | 60062 | 60065,Urban occupation management in risk areas | Actions to reduce risk | Land use and occupation | Urban occupation management in risk areas | Actions to reduce risk | Land use and occupation,supports,,partial_action,false,all_sectors_evidence_2026-08-30,proposed,,,
0.3.0,ev_92f302c4a3d97a53,ipcc_0090,Expand climate risk insurance coverage,geohydrological_disasters,vulnerability,GS_SRC_002,"Climate Change 2022: Impacts, Adaptation and Vulnerability",111,99,"Risk insurance can be a feasible tool to adapt to transfer climate risks and support sustainable development (high confidence). They can reduce both vulnerability and exposure, support post-disaster recovery and reduce financial burden on governments, households and business.",en,60014 | 60015 | 60016 | 60017 | 60054 | 60055 | 60056 | 60057,Investment in adaptation policies | Tax management | Employment and income | Gross domestic product by urban area | Investment in adaptation policies | Tax management | Employment and income | Gross domestic product by urban area,supports,,whole_action,false,all_sectors_evidence_2026-08-30,proposed,,,
0.3.0,ev_0b7b892a982c9ba7,ipcc_0090,Expand climate risk insurance coverage,geohydrological_disasters,vulnerability,GS_SRC_006,Coping with Losses: Options for Disaster Risk Financing in Brazil,10,8,"The use of fiscal risk assessment tools can support policy makers to design a disaster risk financing and insurance strategy better suited to the country's hazard profile. By using partial historical data on disaster losses, it was possible to carry out a preliminary fiscal risk assessment of Brazil.",en,60014 | 60015 | 60016 | 60017 | 60054 | 60055 | 60056 | 60057,Investment in adaptation policies | Tax management | Employment and income | Gross domestic product by urban area | Investment in adaptation policies | Tax management | Employment and income | Gross domestic product by urban area,supports,,partial_action,false,all_sectors_evidence_2026-08-30,proposed,,,
0.3.0,ev_df47f592cff00ab3,ipcc_0091,Support livelihood diversification for climate resilience,geohydrological_disasters,vulnerability,GS_SRC_002,"Climate Change 2022: Impacts, Adaptation and Vulnerability",111,99,"There is high evidence (medium agreement) that diversifying livelihoods improves incomes and reduces socioeconomic vulnerability, but feasibility changes depending on livelihood type, opportunities and local context.",en,60016 | 60017 | 60033 | 60056 | 60057 | 60073,Employment and income | Gross domestic product by urban area | Income inequality | Employment and income | Gross domestic product by urban area | Income inequality,supports,,whole_action,false,all_sectors_evidence_2026-08-30,proposed,,,
0.3.0,ev_d670480c9bdb8e47,ipcc_0092,Expand climate‑responsive social safety nets,geohydrological_disasters,vulnerability,GS_SRC_002,"Climate Change 2022: Impacts, Adaptation and Vulnerability",37,25,"Integrating climate adaptation into social protection programs, including cash transfers and public works programmes, is highly feasible and increases resilience to climate change, especially when supported by basic services and infrastructure. Social safety nets are increasingly being reconfigured to build adaptive capacities of the most vulnerable in rural and also urban communities.",en,60016 | 60031 | 60033 | 60056 | 60071 | 60073,Employment and income | Population with special demands | Income inequality | Employment and income | Population with special demands | Income inequality,supports,,whole_action,false,all_sectors_evidence_2026-08-30,proposed,,,
0.3.0,ev_bd47137c9ea0dfc9,ipcc_0099,Increase Water Capture and Storage,geohydrological_disasters,vulnerability,GS_SRC_004,Manual para Apresentação de Propostas para Sistemas de Drenagem Urbana Sustentável e de Manejo de Águas Pluviais,5,5,"A ação de apoio a Sistemas de Drenagem Urbana Sustentável e de Manejo de Águas Pluviais do Programa Gestão de Riscos e Desastres objetiva apoiar a redução do risco de desastres naturais em municípios críticos a partir do planejamento e da execução de obras, em articulação com as políticas de desenvolvimento urbano, de uso e ocupação do solo e de gestão das respectivas bacias hidrográficas, com foco na gestão sustentável da drenagem urbana, por meio de ações estruturais e não-estruturais dirigidas à recuperação de áreas úmidas, à prevenção, ao controle e à minimização dos impactos provocados por alagamentos, enchentes e inundações urbanas e ribeirinhas.",pt,60062 | 60078,Actions to reduce risk | Drainage,supports,,partial_action,false,all_sectors_evidence_2026-08-30,proposed,,,
0.3.0,ev_55fef27ed813f7fd,ipcc_0101,Improve urban water management,geohydrological_disasters,vulnerability,GS_SRC_004,Manual para Apresentação de Propostas para Sistemas de Drenagem Urbana Sustentável e de Manejo de Águas Pluviais,5,5,"A ação de apoio a Sistemas de Drenagem Urbana Sustentável e de Manejo de Águas Pluviais do Programa Gestão de Riscos e Desastres objetiva apoiar a redução do risco de desastres naturais em municípios críticos a partir do planejamento e da execução de obras, em articulação com as políticas de desenvolvimento urbano, de uso e ocupação do solo e de gestão das respectivas bacias hidrográficas, com foco na gestão sustentável da drenagem urbana, por meio de ações estruturais e não-estruturais dirigidas à recuperação de áreas úmidas, à prevenção, ao controle e à minimização dos impactos provocados por alagamentos, enchentes e inundações urbanas e ribeirinhas.",pt,60037 | 60038 | 60062 | 60070 | 60077 | 60078,Basic sanitation | Drainage | Actions to reduce risk | Municipal basic sanitation plan | Basic sanitation | Drainage,supports,,partial_action,false,all_sectors_evidence_2026-08-30,proposed,,,
0.3.0,ev_76cc19f0a9bd11f7,ipcc_0101,Improve urban water management,geohydrological_disasters,vulnerability,GS_SRC_004,Manual para Apresentação de Propostas para Sistemas de Drenagem Urbana Sustentável e de Manejo de Águas Pluviais,9,9,"Os projetos deverão quantificar o número de famílias e edificações beneficiadas que sairão da área de risco de alagamentos para o cenário projetado após a execução das obras de drenagem propostas, por meio da apresentação de mapas que apresentem as manchas de inundação para diferentes Tempos de Retorno (TR), para situação antes e após a execução da intervenção na área proposta.",pt,60038 | 60062 | 60070 | 60077 | 60078,Drainage | Actions to reduce risk | Municipal basic sanitation plan | Basic sanitation | Drainage,supports,,whole_action,false,all_sectors_evidence_2026-08-30,proposed,,,
0.3.0,ev_26bd61f8765158c5,ipcc_0103,Strengthen cooperative climate governance,geohydrological_disasters,vulnerability,GS_SRC_008,Making Cities Resilient 2030 (MCR2030): Initial Proposal,2,2,"Strategic Objective 2. Strengthen cities' capacity to develop local strategies/plans to enhance resilience; by: improving their self-assessment and diagnostic skills; providing relevant training and tools for strategic planning to reduce disaster and climate risks and for risk-informed development. Strategic Objective 3. Support cities to implement local strategies/plans to enhance resilience; by: providing access to finance for supporting DRR, climate change adaptation and to implement resilience initiatives; improving the ability of local authorities to plan, design, build and manage resilient infrastructure; improving the capacity of local authorities to use nature-based solutions and seek innovative approach to address local resilience.",en,60019 | 60025 | 60026 | 60059 | 60065 | 60066,Institutions for risk management | Land use and occupation | Environmental governance | Institutions for risk management | Land use and occupation | Environmental governance,supports,,partial_action,false,all_sectors_evidence_2026-08-30,proposed,,,
0.3.0,ev_7b197fed8182a2c4,ipcc_0104,Plan and support permanent climate‑related migration,geohydrological_disasters,exposure,GS_SRC_002,"Climate Change 2022: Impacts, Adaptation and Vulnerability",37,25,"Responses to ongoing sea level rise and land subsidence in low-lying coastal cities and settlements and small islands include protection, accommodation, advance and planned relocation (high confidence). These responses are more effective if combined and/or sequenced, planned well ahead, aligned with sociocultural values and development priorities, and underpinned by inclusive community engagement processes (high confidence).",en,60039 | 60040 | 60079 | 60080,Households in risk areas | Urban population density | Households in risk areas | Urban population density,supports,,whole_action,false,all_sectors_evidence_2026-08-30,proposed,,,
0.3.0,ev_c458f9dd1f2a376e,ipcc_0104,Plan and support permanent climate‑related migration,geohydrological_disasters,exposure,GS_SRC_002,"Climate Change 2022: Impacts, Adaptation and Vulnerability",108,96,"Properly supported and where levels of agency and assets are high, migration as an adaptation to climate change can reduce exposure and socioeconomic vulnerability (medium confidence). However, migration becomes a risk when climate hazards cause an individual, household or community to move involuntarily or with low agency (high confidence).",en,60039 | 60040 | 60079 | 60080,Households in risk areas | Urban population density | Households in risk areas | Urban population density,qualifies,,whole_action,false,all_sectors_evidence_2026-08-30,proposed,,,
0.3.0,ev_a3d1cbe682e5c9ea,ipcc_0104,Plan and support permanent climate‑related migration,geohydrological_disasters,vulnerability,GS_SRC_002,"Climate Change 2022: Impacts, Adaptation and Vulnerability",37,25,"Responses to ongoing sea level rise and land subsidence in low-lying coastal cities and settlements and small islands include protection, accommodation, advance and planned relocation (high confidence). These responses are more effective if combined and/or sequenced, planned well ahead, aligned with sociocultural values and development priorities, and underpinned by inclusive community engagement processes (high confidence).",en,60021 | 60027 | 60034 | 60061 | 60067 | 60074,Urban occupation management in risk areas | Housing governance | Inappropriate households | Urban occupation management in risk areas | Housing governance | Inappropriate households,supports,,partial_action,false,all_sectors_evidence_2026-08-30,proposed,,,
0.3.0,ev_7a53793d307bec4f,ipcc_0104,Plan and support permanent climate‑related migration,geohydrological_disasters,vulnerability,GS_SRC_002,"Climate Change 2022: Impacts, Adaptation and Vulnerability",108,96,"Properly supported and where levels of agency and assets are high, migration as an adaptation to climate change can reduce exposure and socioeconomic vulnerability (medium confidence). However, migration becomes a risk when climate hazards cause an individual, household or community to move involuntarily or with low agency (high confidence).",en,60021 | 60027 | 60034 | 60061 | 60067 | 60074,Urban occupation management in risk areas | Housing governance | Inappropriate households | Urban occupation management in risk areas | Housing governance | Inappropriate households,qualifies,,whole_action,false,all_sectors_evidence_2026-08-30,proposed,,,
0.3.0,ev_caf4f0896f70d832,c40_0048,Upgrade urban drainage systems,health,vulnerability,H_SRC_008,Operational Framework for Building Climate Resilient Health Systems,17,11,"The challenge of climate change requires a wider perspective, which includes the selection of more climate-resilient intervention options both within healthcare and in health-determining sectors, from renewable energy in health facilities to climate resilient water and sanitation infrastructure. Building and expanding traditional systems of healthcare delivery to enhance climate resilience includes attention to improved management of the environmental determinants of health, such as water and sanitation, nutrition and air quality.",en,50013 | 50089,No access to adequate sanitation | Water supply,supports,,partial_action,false,all_sectors_evidence_2026-08-30,proposed,,,
0.3.0,ev_b11cdfc1a47b1dcb,c40_0053,Promote water-saving technologies and practices,health,vulnerability,H_SRC_008,Operational Framework for Building Climate Resilient Health Systems,17,11,"The challenge of climate change requires a wider perspective, which includes the selection of more climate-resilient intervention options both within healthcare and in health-determining sectors, from renewable energy in health facilities to climate resilient water and sanitation infrastructure. Building and expanding traditional systems of healthcare delivery to enhance climate resilience includes attention to improved management of the environmental determinants of health, such as water and sanitation, nutrition and air quality.",en,50089 | 50090,Water supply | Presence of cistern,supports,,partial_action,false,all_sectors_evidence_2026-08-30,proposed,,,
0.3.0,ev_fc6caa3878cad4ad,c40_0056,Improve Watershed Protection and Management,health,vulnerability,H_SRC_008,Operational Framework for Building Climate Resilient Health Systems,17,11,"The challenge of climate change requires a wider perspective, which includes the selection of more climate-resilient intervention options both within healthcare and in health-determining sectors, from renewable energy in health facilities to climate resilient water and sanitation infrastructure. Building and expanding traditional systems of healthcare delivery to enhance climate resilience includes attention to improved management of the environmental determinants of health, such as water and sanitation, nutrition and air quality.",en,50013 | 50089,No access to adequate sanitation | Water supply,supports,,partial_action,false,all_sectors_evidence_2026-08-30,proposed,,,
0.3.0,ev_9d00a2d8ddf1e908,icare_0145,Strengthen the healthcare system to respond effectively to extreme events,health,vulnerability,H_SRC_008,Operational Framework for Building Climate Resilient Health Systems,15,9,For health system strengthening the following measures are recommended: an adequate workforce and climate-proofed infrastructure in local facilities to control climate-sensitive diseases and improve response to local emergencies; surveillance systems to monitor population health and environmental exposure; and good practices of health governance.,en,50019 | 50020 | 50046 | 50069 | 50093,Basic care coverage | Access to diagnosis and treatment | Basic care coverage | Basic care coverage | Basic care coverage,supports,,whole_action,false,all_sectors_evidence_2026-08-30,proposed,,,
0.3.0,ev_6f250a901994df80,icare_0145,Strengthen the healthcare system to respond effectively to extreme events,health,vulnerability,H_SRC_009,Guidance for Climate Resilient and Environmentally Sustainable Health Care Facilities,8,vi,"Climate-resilient and environmentally sustainable health care facilities contribute to high quality of care and accessibility of services, and by helping reduce facility costs also ensure better affordability. They are, therefore, an important component of universal health coverage.",en,50019 | 50020 | 50046 | 50069 | 50093,Basic care coverage | Access to diagnosis and treatment | Basic care coverage | Basic care coverage | Basic care coverage,supports,,whole_action,false,all_sectors_evidence_2026-08-30,proposed,,,
0.3.0,ev_bb94baea75b71f49,icare_0154,Clean and unclog drainage channels and install eco-barriers,health,vulnerability,H_SRC_008,Operational Framework for Building Climate Resilient Health Systems,17,11,"The challenge of climate change requires a wider perspective, which includes the selection of more climate-resilient intervention options both within healthcare and in health-determining sectors, from renewable energy in health facilities to climate resilient water and sanitation infrastructure. Building and expanding traditional systems of healthcare delivery to enhance climate resilience includes attention to improved management of the environmental determinants of health, such as water and sanitation, nutrition and air quality.",en,50042 | 50066 | 50088 | 50089,Households without access to garbage collection | Households without access to garbage collection | Households without access to garbage collection | Water supply,supports,,partial_action,false,all_sectors_evidence_2026-08-30,proposed,,,
0.3.0,ev_3eab26b373174082,icare_0170,Build safe housing and implement urban rehabilitation projects for populations living in high-risk areas,health,exposure,H_SRC_002,"Climate Change 2022: Impacts, Adaptation and Vulnerability",37,25,"Responses to ongoing sea level rise and land subsidence in low-lying coastal cities and settlements and small islands include protection, accommodation, advance and planned relocation (high confidence). These responses are more effective if combined and/or sequenced, planned well ahead, aligned with sociocultural values and development priorities, and underpinned by inclusive community engagement processes (high confidence).",en,50022 | 50025 | 50048 | 50049 | 50071 | 50094 | 50096,Settlements | Rural population | Settlements | Informal settlements | Settlements | Population density | Informal settlements,supports,,whole_action,false,all_sectors_evidence_2026-08-30,proposed,,,
0.3.0,ev_b4164c7bead94d31,icare_0170,Build safe housing and implement urban rehabilitation projects for populations living in high-risk areas,health,vulnerability,H_SRC_008,Operational Framework for Building Climate Resilient Health Systems,17,11,"The challenge of climate change requires a wider perspective, which includes the selection of more climate-resilient intervention options both within healthcare and in health-determining sectors, from renewable energy in health facilities to climate resilient water and sanitation infrastructure. Building and expanding traditional systems of healthcare delivery to enhance climate resilience includes attention to improved management of the environmental determinants of health, such as water and sanitation, nutrition and air quality.",en,50013 | 50042 | 50066 | 50088 | 50089,No access to adequate sanitation | Households without access to garbage collection | Households without access to garbage collection | Households without access to garbage collection | Water supply,supports,,partial_action,false,all_sectors_evidence_2026-08-30,proposed,,,
0.3.0,ev_d62508fc0dd8dc57,icare_0173,Preventive maintenance of drainage systems,health,vulnerability,H_SRC_008,Operational Framework for Building Climate Resilient Health Systems,17,11,"The challenge of climate change requires a wider perspective, which includes the selection of more climate-resilient intervention options both within healthcare and in health-determining sectors, from renewable energy in health facilities to climate resilient water and sanitation infrastructure. Building and expanding traditional systems of healthcare delivery to enhance climate resilience includes attention to improved management of the environmental determinants of health, such as water and sanitation, nutrition and air quality.",en,50042 | 50066 | 50088 | 50089,Households without access to garbage collection | Households without access to garbage collection | Households without access to garbage collection | Water supply,supports,,partial_action,false,all_sectors_evidence_2026-08-30,proposed,,,
0.3.0,ev_ec70dd17844c0662,icare_0178,Redirect urban development through climate‑risk spatial planning,health,exposure,H_SRC_002,"Climate Change 2022: Impacts, Adaptation and Vulnerability",1657,1645,Reviewing land use and spatial planning to reduce exposure to climate risks.,en,50022 | 50025 | 50048 | 50049 | 50071 | 50094 | 50096,Settlements | Rural population | Settlements | Informal settlements | Settlements | Population density | Informal settlements,supports,,whole_action,false,all_sectors_evidence_2026-08-30,proposed,,,
0.3.0,ev_0d7956b12c995759,icare_0180,Expand urban green-blue networks and corridors,health,exposure,H_SRC_002,"Climate Change 2022: Impacts, Adaptation and Vulnerability",2452,2440,"Urban greening (e.g., tree planting; construction of stormwater retention areas; construction of green roofs and cool roofs; provision of rainwater barrels; pervious pavement materials) Mitigation, particularly avoided emissions; public health improvements—increases in physical activity, reductions in air and noise pollution, reduced urban heat island effect, improved mental health; urban flood risk management; water savings; energy savings",en,50050 | 50072,Natural coverage | Natural coverage,supports,,partial_action,false,all_sectors_evidence_2026-08-30,proposed,,,
0.3.0,ev_d3f31b67444c4a55,icare_0181,Restore in Vulnerable Areas,health,exposure,H_SRC_002,"Climate Change 2022: Impacts, Adaptation and Vulnerability",37,25,"Responses to ongoing sea level rise and land subsidence in low-lying coastal cities and settlements and small islands include protection, accommodation, advance and planned relocation (high confidence). These responses are more effective if combined and/or sequenced, planned well ahead, aligned with sociocultural values and development priorities, and underpinned by inclusive community engagement processes (high confidence).",en,50022 | 50025 | 50048 | 50049 | 50071 | 50094 | 50096,Settlements | Rural population | Settlements | Informal settlements | Settlements | Population density | Informal settlements,supports,,whole_action,false,all_sectors_evidence_2026-08-30,proposed,,,
0.3.0,ev_6d91253ca45c76fc,icare_0181,Restore in Vulnerable Areas,health,vulnerability,H_SRC_008,Operational Framework for Building Climate Resilient Health Systems,17,11,"The challenge of climate change requires a wider perspective, which includes the selection of more climate-resilient intervention options both within healthcare and in health-determining sectors, from renewable energy in health facilities to climate resilient water and sanitation infrastructure. Building and expanding traditional systems of healthcare delivery to enhance climate resilience includes attention to improved management of the environmental determinants of health, such as water and sanitation, nutrition and air quality.",en,50013 | 50042 | 50066 | 50088 | 50089,No access to adequate sanitation | Households without access to garbage collection | Households without access to garbage collection | Households without access to garbage collection | Water supply,supports,,partial_action,false,all_sectors_evidence_2026-08-30,proposed,,,
0.3.0,ev_eddbbbe2b24bd9f5,icare_0182,Develop an Urban Afforestation Plan,health,exposure,H_SRC_002,"Climate Change 2022: Impacts, Adaptation and Vulnerability",2452,2440,"Urban greening (e.g., tree planting; construction of stormwater retention areas; construction of green roofs and cool roofs; provision of rainwater barrels; pervious pavement materials) Mitigation, particularly avoided emissions; public health improvements—increases in physical activity, reductions in air and noise pollution, reduced urban heat island effect, improved mental health; urban flood risk management; water savings; energy savings",en,50024 | 50050 | 50072 | 50097,Deforestation | Natural coverage | Natural coverage | Deforestation,supports,,partial_action,false,all_sectors_evidence_2026-08-30,proposed,,,
0.3.0,ev_761df104692a2521,icare_0185,Improve Creation of An Epidemiological Intelligence Center,health,vulnerability,H_SRC_007,Climate change and health: vulnerability and adaptation assessment,17,5,"A national or subnational vulnerability and adaptation assessment provides public health officials with robust information to strengthen health systems and communities in high-priority areas, including developing and implementing health information systems (e.g. monitoring and surveillance systems, syndromic surveillance systems) to track illnesses, injuries and deaths and to inform early warning systems that protect health (e.g. linked to meteorological information).",en,50017 | 50018 | 50020 | 50045 | 50068 | 50092,"Ipa | falciparum malaria | Access to diagnosis and treatment | Incidence of American cutaneous leishmaniasis | Incidence of visceral leishmaniasis | Incidence of arboviruses dengue, zika and chikungunya",supports,,whole_action,false,all_sectors_evidence_2026-08-30,proposed,,,
0.3.0,ev_79c78f362c1b07d1,ipcc_0084,Restore/create natural areas,health,exposure,H_SRC_002,"Climate Change 2022: Impacts, Adaptation and Vulnerability",2452,2440,"Urban greening (e.g., tree planting; construction of stormwater retention areas; construction of green roofs and cool roofs; provision of rainwater barrels; pervious pavement materials) Mitigation, particularly avoided emissions; public health improvements—increases in physical activity, reductions in air and noise pollution, reduced urban heat island effect, improved mental health; urban flood risk management; water savings; energy savings",en,50024 | 50050 | 50072 | 50097,Deforestation | Natural coverage | Natural coverage | Deforestation,supports,,partial_action,false,all_sectors_evidence_2026-08-30,proposed,,,
0.3.0,ev_d217ae24295b994e,ipcc_0085,Reduce pressures on ecosystems to build resilience,health,exposure,H_SRC_002,"Climate Change 2022: Impacts, Adaptation and Vulnerability",2452,2440,"Urban greening (e.g., tree planting; construction of stormwater retention areas; construction of green roofs and cool roofs; provision of rainwater barrels; pervious pavement materials) Mitigation, particularly avoided emissions; public health improvements—increases in physical activity, reductions in air and noise pollution, reduced urban heat island effect, improved mental health; urban flood risk management; water savings; energy savings",en,50024 | 50050 | 50072 | 50097,Deforestation | Natural coverage | Natural coverage | Deforestation,supports,,partial_action,false,all_sectors_evidence_2026-08-30,proposed,,,
0.3.0,ev_7b668b80e1f9c70c,ipcc_0086,Implement ecosystem‑based adaptation measures,health,exposure,H_SRC_002,"Climate Change 2022: Impacts, Adaptation and Vulnerability",2452,2440,"Urban greening (e.g., tree planting; construction of stormwater retention areas; construction of green roofs and cool roofs; provision of rainwater barrels; pervious pavement materials) Mitigation, particularly avoided emissions; public health improvements—increases in physical activity, reductions in air and noise pollution, reduced urban heat island effect, improved mental health; urban flood risk management; water savings; energy savings",en,50024 | 50050 | 50072 | 50097,Deforestation | Natural coverage | Natural coverage | Deforestation,supports,,partial_action,false,all_sectors_evidence_2026-08-30,proposed,,,
0.3.0,ev_a461dfe21ff5c437,ipcc_0089,Spatially redirect development,health,exposure,H_SRC_002,"Climate Change 2022: Impacts, Adaptation and Vulnerability",1657,1645,Reviewing land use and spatial planning to reduce exposure to climate risks.,en,50022 | 50024 | 50048 | 50049 | 50050 | 50071 | 50072 | 50094 | 50096 | 50097,Settlements | Deforestation | Settlements | Informal settlements | Natural coverage | Settlements | Natural coverage | Population density | Informal settlements | Deforestation,supports,,whole_action,false,all_sectors_evidence_2026-08-30,proposed,,,
0.3.0,ev_b89a7580ea9f61c2,ipcc_0094,Strengthen climate‑resilient health services,health,vulnerability,H_SRC_008,Operational Framework for Building Climate Resilient Health Systems,15,9,For health system strengthening the following measures are recommended: an adequate workforce and climate-proofed infrastructure in local facilities to control climate-sensitive diseases and improve response to local emergencies; surveillance systems to monitor population health and environmental exposure; and good practices of health governance.,en,50019 | 50020 | 50046 | 50069 | 50093,Basic care coverage | Access to diagnosis and treatment | Basic care coverage | Basic care coverage | Basic care coverage,supports,,whole_action,false,all_sectors_evidence_2026-08-30,proposed,,,
0.3.0,ev_8f15696e915307a8,ipcc_0094,Strengthen climate‑resilient health services,health,vulnerability,H_SRC_009,Guidance for Climate Resilient and Environmentally Sustainable Health Care Facilities,8,vi,"Climate-resilient and environmentally sustainable health care facilities contribute to high quality of care and accessibility of services, and by helping reduce facility costs also ensure better affordability. They are, therefore, an important component of universal health coverage.",en,50019 | 50020 | 50046 | 50069 | 50093,Basic care coverage | Access to diagnosis and treatment | Basic care coverage | Basic care coverage | Basic care coverage,supports,,whole_action,false,all_sectors_evidence_2026-08-30,proposed,,,
0.3.0,ev_1f219f9325e9e628,ipcc_0099,Increase Water Capture and Storage,health,vulnerability,H_SRC_008,Operational Framework for Building Climate Resilient Health Systems,17,11,"The challenge of climate change requires a wider perspective, which includes the selection of more climate-resilient intervention options both within healthcare and in health-determining sectors, from renewable energy in health facilities to climate resilient water and sanitation infrastructure. Building and expanding traditional systems of healthcare delivery to enhance climate resilience includes attention to improved management of the environmental determinants of health, such as water and sanitation, nutrition and air quality.",en,50089 | 50090,Water supply | Presence of cistern,supports,,partial_action,false,all_sectors_evidence_2026-08-30,proposed,,,
0.3.0,ev_16c53e6a19b77056,ipcc_0100,Improve Efficient water use/demand,health,vulnerability,H_SRC_008,Operational Framework for Building Climate Resilient Health Systems,17,11,"The challenge of climate change requires a wider perspective, which includes the selection of more climate-resilient intervention options both within healthcare and in health-determining sectors, from renewable energy in health facilities to climate resilient water and sanitation infrastructure. Building and expanding traditional systems of healthcare delivery to enhance climate resilience includes attention to improved management of the environmental determinants of health, such as water and sanitation, nutrition and air quality.",en,50089,Water supply,supports,,partial_action,false,all_sectors_evidence_2026-08-30,proposed,,,
0.3.0,ev_d21a2545ca360322,ipcc_0101,Improve urban water management,health,vulnerability,H_SRC_008,Operational Framework for Building Climate Resilient Health Systems,17,11,"The challenge of climate change requires a wider perspective, which includes the selection of more climate-resilient intervention options both within healthcare and in health-determining sectors, from renewable energy in health facilities to climate resilient water and sanitation infrastructure. Building and expanding traditional systems of healthcare delivery to enhance climate resilience includes attention to improved management of the environmental determinants of health, such as water and sanitation, nutrition and air quality.",en,50013 | 50089 | 50090,No access to adequate sanitation | Water supply | Presence of cistern,supports,,partial_action,false,all_sectors_evidence_2026-08-30,proposed,,,
0.3.0,ev_697152fcd88afe79,ipcc_0102,Facilitate seasonal and temporary mobility strategies,health,exposure,H_SRC_002,"Climate Change 2022: Impacts, Adaptation and Vulnerability",108,96,"Properly supported and where levels of agency and assets are high, migration as an adaptation to climate change can reduce exposure and socioeconomic vulnerability (medium confidence). However, migration becomes a risk when climate hazards cause an individual, household or community to move involuntarily or with low agency (high confidence).",en,50022 | 50025 | 50048 | 50049 | 50071 | 50094 | 50096,Settlements | Rural population | Settlements | Informal settlements | Settlements | Population density | Informal settlements,qualifies,,whole_action,false,all_sectors_evidence_2026-08-30,proposed,,,
0.3.0,ev_518ff6e1fc430005,ipcc_0102,Facilitate seasonal and temporary mobility strategies,health,vulnerability,H_SRC_002,"Climate Change 2022: Impacts, Adaptation and Vulnerability",108,96,"Properly supported and where levels of agency and assets are high, migration as an adaptation to climate change can reduce exposure and socioeconomic vulnerability (medium confidence). However, migration becomes a risk when climate hazards cause an individual, household or community to move involuntarily or with low agency (high confidence).",en,50016 | 50044,Recent immigration | Recent immigration,qualifies,,whole_action,false,all_sectors_evidence_2026-08-30,proposed,,,
0.3.0,ev_6a8d0a226fab17e1,ipcc_0104,Plan and support permanent climate‑related migration,health,exposure,H_SRC_002,"Climate Change 2022: Impacts, Adaptation and Vulnerability",108,96,"Properly supported and where levels of agency and assets are high, migration as an adaptation to climate change can reduce exposure and socioeconomic vulnerability (medium confidence). However, migration becomes a risk when climate hazards cause an individual, household or community to move involuntarily or with low agency (high confidence).",en,50022 | 50025 | 50048 | 50049 | 50071 | 50094 | 50096,Settlements | Rural population | Settlements | Informal settlements | Settlements | Population density | Informal settlements,qualifies,,whole_action,false,all_sectors_evidence_2026-08-30,proposed,,,
0.3.0,ev_cfc54e381449693a,ipcc_0104,Plan and support permanent climate‑related migration,health,vulnerability,H_SRC_002,"Climate Change 2022: Impacts, Adaptation and Vulnerability",108,96,"Properly supported and where levels of agency and assets are high, migration as an adaptation to climate change can reduce exposure and socioeconomic vulnerability (medium confidence). However, migration becomes a risk when climate hazards cause an individual, household or community to move involuntarily or with low agency (high confidence).",en,50016 | 50044,Recent immigration | Recent immigration,qualifies,,whole_action,false,all_sectors_evidence_2026-08-30,proposed,,,
0.3.0,ev_22ab7f6949e0f200,c40_0053,Promote water-saving technologies and practices,water_resources,vulnerability,WR_SRC_002,"Climate Change 2022: Impacts, Adaptation and Vulnerability — Chapter 4: Water",76,626,"Different irrigation techniques are associated with significant differences in irrigation water productivity (Deligios et al., 2019), and replacing inefficient systems can reduce average non-beneficial water consumption by up to 76% while maintaining stable crop yields (Jägermeyr et al., 2015). Several adjustments can improve water use efficiency, including extending irrigation intervals, shortening the time of watering crops or reducing the size of the plot being irrigated (Caretta and Börjeson, 2015; da Cunha et al., 2015; Dumenu and Obeng, 2016).",en,21 | 22,Average per capita water consumption | Water balance for agriculture,supports,up to 76% reduction in average non-beneficial water consumption while maintaining stable crop yields,partial_action,false,water_resources_pilot_2026-08-28,proposed,,,
0.3.0,ev_cc81ba74f990871b,c40_0053,Promote water-saving technologies and practices,water_resources,vulnerability,WR_SRC_007,Guidance on Water and Adaptation to Climate Change,98,84,"For example, encouraging the efficient use of water, and particularly hot water, in households is a win-win option, reducing demand on water resources and also mitigating climate change by reducing carbon emissions from water heating;",en,21,Average per capita water consumption,supports,,partial_action,false,water_resources_pilot_2026-08-28,proposed,,,
0.3.0,ev_3a722b292fcf211d,c40_0053,Promote water-saving technologies and practices,water_resources,vulnerability,WR_SRC_010,Water Security and Climate Change: Insights from Country Climate and Development Reports,3,,"Demand-side management often proves to be more cost-effective in addressing water supply shortages than investing in supply-side solutions. Effective water demand management involves adjusting water tariffs to reflect the true value of water in water allocation and use, increasing consumer awareness, and strengthening regulations and technologies to improve water use efficiency. Increasing efficiency requires countries to overcome political-economy barriers while repurposing wasteful water subsidies. Countries experiencing water stress are more likely to recommend water tariff reforms in their CCDRs.",en,20 | 21 | 22 | 23,Inefficiency in water distribution | Average per capita water consumption | Water balance for agriculture | Water balance for industry,qualifies,,whole_action,false,water_resources_pilot_2026-08-28,proposed,,,
0.3.0,ev_6ed8eaabc3c8a479,c40_0056,Improve Watershed Protection and Management,water_resources,vulnerability,WR_SRC_002,"Climate Change 2022: Impacts, Adaptation and Vulnerability — Chapter 4: Water",82,632,"NbS have been used for stormwater management by combining water purification and retention functions. NbS have also been used to mitigate impacts from high-impact extreme precipitation events by integrating large-scale NbS investment plans into urban planning in cities like New York and Copenhagen, highlighting the importance of blended finance and investment (including insurance) to mainstream NbS investments. In summary, there is growing evidence on NbS effectiveness as an adaptation measure and its critical role for transformative adaptation to address climate change water-related hazards and water security (medium evidence, high agreement).",en,25 | 26 | 27 | 28 | 38,Water quality | Degraded and/or deforested areas | Areas with soils susceptible to erosion | Ecological flow for ecosystem uses | Nature reserve,supports,,whole_action,false,all_sectors_evidence_2026-08-30,proposed,,,
0.3.0,ev_af8ed02552287b70,c40_0056,Improve Watershed Protection and Management,water_resources,vulnerability,WR_SRC_004,Programa Produtor de Água: Resultados e Perspectivas,88,88,"Em 2022, o projeto recebeu apoio financeiro da ANA e foram executadas obras de conservação, como construção de cacimbas, curvas de nível e cercamento de nascentes. Estas ações já eram realizadas pelo Serviço Autônomo de Água e Esgoto (SAAE) neste local, porém, em uma escala menor. Com o apoio da equipe técnica o projeto qualificou-se tecnicamente, o que permitiu, por exemplo, construir cacimbas em locais estratégicos e com tamanhos específicos, estudados previamente. As ações citadas foram motivadas por problemas hídricos vividos na região, como no ocorrido no ano de 2013, uma seca histórica na cidade, que alertou sobre a necessidade de implantar ações de conservação nesta bacia. Hoje, a bacia gera cerca de 96 litros por segundo, sendo a maior e principal fonte de captação de água do SAAE. E desde então, nos períodos de seca a produção de água diminui, mas não ao ponto de faltar água na cidade como em 2013.",pt,26 | 27,Degraded and/or deforested areas | Areas with soils susceptible to erosion,supports,cerca de 96 litros por segundo,partial_action,false,water_resources_pilot_2026-08-28,proposed,,,
0.3.0,ev_31f05113be12a10a,c40_0056,Improve Watershed Protection and Management,water_resources,vulnerability,WR_SRC_008,Water and Climate Change Adaptation in Transboundary Basins: Lessons Learned and Good Practices,37,15,"The ecologic restoration project consisted in the transformation of rice fields into different habitats typical in wetlands. The Júcar River Basin Authority (Confederación Hidrográfica del Júcar) is the owner of the land and main implementer of the restoration works, together with the Regional Ministry for Infrastructures, Land and Environment. So far, the benefits of the project have been: An improvement in water quality. The water ecosystems established in Tancat de la Pipa, both artificial wetlands with surface flow (Green Filters) and lagoons, have shown a great capacity to reduce suspended solids, total phosphorous, total nitrogen and phytoplankton in water.",en,25 | 26 | 38,Water quality | Degraded and/or deforested areas | Nature reserve,supports,,partial_action,false,water_resources_pilot_2026-08-28,proposed,,,
0.3.0,ev_8d813364503aaa3d,c40_0056,Improve Watershed Protection and Management,water_resources,vulnerability,WR_SRC_008,Water and Climate Change Adaptation in Transboundary Basins: Lessons Learned and Good Practices,37,,"The ecologic restoration project consisted in the transformation of rice fields into different habitats typical in wetlands. So far, the benefits of the project have been an improvement in water quality: the water ecosystems established in Tancat de la Pipa, both artificial wetlands with surface flow and lagoons, have shown a great capacity to reduce suspended solids, total phosphorous, total nitrogen and phytoplankton in water.",en,25 | 26 | 27 | 28 | 38,Water quality | Degraded and/or deforested areas | Areas with soils susceptible to erosion | Ecological flow for ecosystem uses | Nature reserve,supports,,partial_action,false,all_sectors_evidence_2026-08-30,proposed,,,
0.3.0,ev_1cc0411166e2c084,c40_0056,Improve Watershed Protection and Management,water_resources,vulnerability,WR_SRC_009,Flowing Forward: Freshwater Ecosystem Adaptation to Climate Change in Water Resources Management and Biodiversity Conservation,19,13,"In recognition of the importance of freshwater ecosystems and the services that they provide, environmental sustainability is recognized as a core principle of integrated water resources management, enshrined in the first of the Dublin principles that recognizes that 'effective management of water resources demands a holistic approach, linking social and economic development with protection of natural ecosystems.' This increasing recognition has led to the significant development of tools and approaches that seek to ensure the maintenance, protection and restoration of ecosystems and ecosystem services in on-going water resources management efforts.",en,25 | 26 | 27 | 28 | 38,Water quality | Degraded and/or deforested areas | Areas with soils susceptible to erosion | Ecological flow for ecosystem uses | Nature reserve,supports,,whole_action,false,all_sectors_evidence_2026-08-30,proposed,,,
0.3.0,ev_e3ca06ff6e49f2a3,c40_0062,Reform water tariffs to support efficiency and equity,water_resources,vulnerability,WR_SRC_010,Water Security and Climate Change: Insights from Country Climate and Development Reports,3,,"Demand-side management often proves to be more cost-effective in addressing water supply shortages than investing in supply-side solutions. Effective water demand management involves adjusting water tariffs to reflect the true value of water in water allocation and use, increasing consumer awareness, and strengthening regulations and technologies to improve water use efficiency.",en,21 | 43,Average per capita water consumption | Income not affected by water prices,supports,,whole_action,false,all_sectors_evidence_2026-08-30,proposed,,,
0.3.0,ev_8a9ee47f10783bc2,icare_0144,Establish a financial support program for extreme weather events,water_resources,vulnerability,WR_SRC_002,"Climate Change 2022: Impacts, Adaptation and Vulnerability — Chapter 4: Water",75,625,"Access to credits, subsidies or insurance builds an important portfolio of reducing reliance on agricultural income alone. Training and capacity building are essential tools to ensure effective adaptation in agriculture, increasing food security. Public regulations, including water policies and allocations and incentive instruments, and availability of appropriate finance play an essential role in shaping and enabling water-related adaptation.",en,35 | 43 | 44,Investments in adaptation policies | Income not affected by water prices | Income greater than two minimum wages,supports,,partial_action,false,all_sectors_evidence_2026-08-30,proposed,,,
0.3.0,ev_f36881804db0a3d7,icare_0160,Establish mechanisms for intersectoral coordination and public participation in climate policy,water_resources,vulnerability,WR_SRC_002,"Climate Change 2022: Impacts, Adaptation and Vulnerability — Chapter 4: Water",7,557,"Water adaptation policies enabled through ethical co-production between holders of Indigenous knowledge, local knowledge and technical knowledge, through cooperation and coordinated actions among multiple actors, including women and all marginalised groups, at various levels of governance is needed for effective transitions towards climate resilient development (medium confidence).",en,31 | 35 | 36,Level of activity in basin committees | Investments in adaptation policies | Resilient cities program,supports,,partial_action,false,all_sectors_evidence_2026-08-30,proposed,,,
0.3.0,ev_9352bdebcadfbff1,icare_0162,Strengthen programs for control and conservation of protected areas,water_resources,vulnerability,WR_SRC_009,Flowing Forward: Freshwater Ecosystem Adaptation to Climate Change in Water Resources Management and Biodiversity Conservation,19,13,"In recognition of the importance of freshwater ecosystems and the services that they provide, environmental sustainability is recognized as a core principle of integrated water resources management, enshrined in the first of the Dublin principles that recognizes that 'effective management of water resources demands a holistic approach, linking social and economic development with protection of natural ecosystems.' This increasing recognition has led to the significant development of tools and approaches that seek to ensure the maintenance, protection and restoration of ecosystems and ecosystem services in on-going water resources management efforts.",en,26 | 28 | 38,Degraded and/or deforested areas | Ecological flow for ecosystem uses | Nature reserve,supports,,whole_action,false,all_sectors_evidence_2026-08-30,proposed,,,
0.3.0,ev_cf27cf1d647c16b5,icare_0164,Improve Hydrological Monitoring System with Telemetry Stations,water_resources,vulnerability,WR_SRC_010,Water Security and Climate Change: Insights from Country Climate and Development Reports,14,,"Smart agriculture, drip irrigation, agricultural research, reservoir management, and water availability forecast systems. Emergency response and alerts, digital infrastructure and apps. Surface water and underwater unmanned vehicles that monitor changes in climate and marine ecosystems.",en,32,Drought-related prevention actions,supports,,whole_action,false,all_sectors_evidence_2026-08-30,proposed,,,
0.3.0,ev_948a2f172a720d1e,icare_0169,Establish a Plan for Preparation and Emergency Response Measures in the event of extreme weather events,water_resources,vulnerability,WR_SRC_010,Water Security and Climate Change: Insights from Country Climate and Development Reports,14,,"Smart agriculture, drip irrigation, agricultural research, reservoir management, and water availability forecast systems. Emergency response and alerts, digital infrastructure and apps. Surface water and underwater unmanned vehicles that monitor changes in climate and marine ecosystems.",en,32 | 36,Drought-related prevention actions | Resilient cities program,supports,,whole_action,false,all_sectors_evidence_2026-08-30,proposed,,,
0.3.0,ev_607dd9c496f13479,icare_0170,Build safe housing and implement urban rehabilitation projects for populations living in high-risk areas,water_resources,exposure,WR_SRC_002,"Climate Change 2022: Impacts, Adaptation and Vulnerability — Chapter 4: Water",81,631,"Some adaptation options, such as water conservation, storage and infrastructure, voluntary migration, planned relocation due to flood risk/sea level rise, and international water treaties, can reduce vulnerability.",en,45 | 46 | 47,Population density | Urban users exposed | Exposed rural users,supports,,whole_action,false,all_sectors_evidence_2026-08-30,proposed,,,
0.3.0,ev_599c55db40725100,icare_0170,Build safe housing and implement urban rehabilitation projects for populations living in high-risk areas,water_resources,vulnerability,WR_SRC_003,Plano Nacional de Segurança Hídrica,29,27,"A tendência atual na prevenção e mitigação dos riscos de inundações graduais é a de implementar uma combinação de medidas de proteção estrutural e medidas não estruturais, com o intuito de conciliar as funções de armazenamento e escoamento das águas no sistema de drenagem com o espaço disponível e as necessidades relacionadas à ocupação humana sustentável.",pt,24 | 25 | 30,Diseases due to inadequate sanitation | Water quality | Municipal basic sanitation plan,supports,,partial_action,false,all_sectors_evidence_2026-08-30,proposed,,,
0.3.0,ev_83cc1ac9ebeb6f4e,icare_0171,"Improve the hydrometeorological forecasting, monitoring, and alert system for climate risks",water_resources,vulnerability,WR_SRC_010,Water Security and Climate Change: Insights from Country Climate and Development Reports,14,,"Smart agriculture, drip irrigation, agricultural research, reservoir management, and water availability forecast systems. Emergency response and alerts, digital infrastructure and apps. Surface water and underwater unmanned vehicles that monitor changes in climate and marine ecosystems.",en,32 | 36,Drought-related prevention actions | Resilient cities program,supports,,whole_action,false,all_sectors_evidence_2026-08-30,proposed,,,
0.3.0,ev_31bda2880cdf2f70,icare_0172,Develop and implement the Municipal Risk Reduction Plan (PMRR) and identify population groups vulnerable to climate risks.,water_resources,vulnerability,WR_SRC_010,Water Security and Climate Change: Insights from Country Climate and Development Reports,14,,"Smart agriculture, drip irrigation, agricultural research, reservoir management, and water availability forecast systems. Emergency response and alerts, digital infrastructure and apps. Surface water and underwater unmanned vehicles that monitor changes in climate and marine ecosystems.",en,32 | 35 | 36,Drought-related prevention actions | Investments in adaptation policies | Resilient cities program,supports,,whole_action,false,all_sectors_evidence_2026-08-30,proposed,,,
0.3.0,ev_a7e020634d66873b,icare_0173,Preventive maintenance of drainage systems,water_resources,vulnerability,WR_SRC_003,Plano Nacional de Segurança Hídrica,29,27,"A tendência atual na prevenção e mitigação dos riscos de inundações graduais é a de implementar uma combinação de medidas de proteção estrutural e medidas não estruturais, com o intuito de conciliar as funções de armazenamento e escoamento das águas no sistema de drenagem com o espaço disponível e as necessidades relacionadas à ocupação humana sustentável.",pt,24 | 25 | 30,Diseases due to inadequate sanitation | Water quality | Municipal basic sanitation plan,supports,,partial_action,false,all_sectors_evidence_2026-08-30,proposed,,,
0.3.0,ev_3566a2e613df885c,icare_0176,Develop a Climate Action Plan,water_resources,vulnerability,WR_SRC_002,"Climate Change 2022: Impacts, Adaptation and Vulnerability — Chapter 4: Water",7,557,"Water adaptation policies enabled through ethical co-production between holders of Indigenous knowledge, local knowledge and technical knowledge, through cooperation and coordinated actions among multiple actors, including women and all marginalised groups, at various levels of governance is needed for effective transitions towards climate resilient development (medium confidence).",en,35 | 36,Investments in adaptation policies | Resilient cities program,supports,,partial_action,false,all_sectors_evidence_2026-08-30,proposed,,,
0.3.0,ev_da6d6a95317f8769,icare_0178,Redirect urban development through climate‑risk spatial planning,water_resources,vulnerability,WR_SRC_002,"Climate Change 2022: Impacts, Adaptation and Vulnerability — Chapter 4: Water",7,557,"Water adaptation policies enabled through ethical co-production between holders of Indigenous knowledge, local knowledge and technical knowledge, through cooperation and coordinated actions among multiple actors, including women and all marginalised groups, at various levels of governance is needed for effective transitions towards climate resilient development (medium confidence).",en,35 | 36,Investments in adaptation policies | Resilient cities program,supports,,partial_action,false,all_sectors_evidence_2026-08-30,proposed,,,
0.3.0,ev_6bd8adcc0466f5e8,icare_0180,Expand urban green-blue networks and corridors,water_resources,vulnerability,WR_SRC_002,"Climate Change 2022: Impacts, Adaptation and Vulnerability — Chapter 4: Water",82,632,"NbS have been used for stormwater management by combining water purification and retention functions. NbS have also been used to mitigate impacts from high-impact extreme precipitation events by integrating large-scale NbS investment plans into urban planning in cities like New York and Copenhagen, highlighting the importance of blended finance and investment (including insurance) to mainstream NbS investments. In summary, there is growing evidence on NbS effectiveness as an adaptation measure and its critical role for transformative adaptation to address climate change water-related hazards and water security (medium evidence, high agreement).",en,25 | 26 | 27 | 28 | 38,Water quality | Degraded and/or deforested areas | Areas with soils susceptible to erosion | Ecological flow for ecosystem uses | Nature reserve,supports,,whole_action,false,all_sectors_evidence_2026-08-30,proposed,,,
0.3.0,ev_ebcd45e6fbaea023,icare_0180,Expand urban green-blue networks and corridors,water_resources,vulnerability,WR_SRC_008,Water and Climate Change Adaptation in Transboundary Basins: Lessons Learned and Good Practices,37,,"The ecologic restoration project consisted in the transformation of rice fields into different habitats typical in wetlands. So far, the benefits of the project have been an improvement in water quality: the water ecosystems established in Tancat de la Pipa, both artificial wetlands with surface flow and lagoons, have shown a great capacity to reduce suspended solids, total phosphorous, total nitrogen and phytoplankton in water.",en,25 | 26 | 27 | 28 | 38,Water quality | Degraded and/or deforested areas | Areas with soils susceptible to erosion | Ecological flow for ecosystem uses | Nature reserve,supports,,partial_action,false,all_sectors_evidence_2026-08-30,proposed,,,
0.3.0,ev_775df719e4109f35,icare_0180,Expand urban green-blue networks and corridors,water_resources,vulnerability,WR_SRC_009,Flowing Forward: Freshwater Ecosystem Adaptation to Climate Change in Water Resources Management and Biodiversity Conservation,19,13,"In recognition of the importance of freshwater ecosystems and the services that they provide, environmental sustainability is recognized as a core principle of integrated water resources management, enshrined in the first of the Dublin principles that recognizes that 'effective management of water resources demands a holistic approach, linking social and economic development with protection of natural ecosystems.' This increasing recognition has led to the significant development of tools and approaches that seek to ensure the maintenance, protection and restoration of ecosystems and ecosystem services in on-going water resources management efforts.",en,25 | 26 | 27 | 28 | 38,Water quality | Degraded and/or deforested areas | Areas with soils susceptible to erosion | Ecological flow for ecosystem uses | Nature reserve,supports,,whole_action,false,all_sectors_evidence_2026-08-30,proposed,,,
0.3.0,ev_9fb73886500f22fb,icare_0181,Restore in Vulnerable Areas,water_resources,exposure,WR_SRC_002,"Climate Change 2022: Impacts, Adaptation and Vulnerability — Chapter 4: Water",81,631,"Some adaptation options, such as water conservation, storage and infrastructure, voluntary migration, planned relocation due to flood risk/sea level rise, and international water treaties, can reduce vulnerability.",en,45 | 46 | 47,Population density | Urban users exposed | Exposed rural users,supports,,whole_action,false,all_sectors_evidence_2026-08-30,proposed,,,
0.3.0,ev_e56b7f45b52d6917,icare_0181,Restore in Vulnerable Areas,water_resources,vulnerability,WR_SRC_002,"Climate Change 2022: Impacts, Adaptation and Vulnerability — Chapter 4: Water",82,632,"NbS have been used for stormwater management by combining water purification and retention functions. NbS have also been used to mitigate impacts from high-impact extreme precipitation events by integrating large-scale NbS investment plans into urban planning in cities like New York and Copenhagen, highlighting the importance of blended finance and investment (including insurance) to mainstream NbS investments. In summary, there is growing evidence on NbS effectiveness as an adaptation measure and its critical role for transformative adaptation to address climate change water-related hazards and water security (medium evidence, high agreement).",en,25 | 26 | 30,Water quality | Degraded and/or deforested areas | Municipal basic sanitation plan,supports,,whole_action,false,all_sectors_evidence_2026-08-30,proposed,,,
0.3.0,ev_81ede1180a27bdd2,icare_0181,Restore in Vulnerable Areas,water_resources,vulnerability,WR_SRC_003,Plano Nacional de Segurança Hídrica,29,27,"A tendência atual na prevenção e mitigação dos riscos de inundações graduais é a de implementar uma combinação de medidas de proteção estrutural e medidas não estruturais, com o intuito de conciliar as funções de armazenamento e escoamento das águas no sistema de drenagem com o espaço disponível e as necessidades relacionadas à ocupação humana sustentável.",pt,24 | 25 | 30,Diseases due to inadequate sanitation | Water quality | Municipal basic sanitation plan,supports,,partial_action,false,all_sectors_evidence_2026-08-30,proposed,,,
0.3.0,ev_cc557f50fe4196a8,icare_0181,Restore in Vulnerable Areas,water_resources,vulnerability,WR_SRC_008,Water and Climate Change Adaptation in Transboundary Basins: Lessons Learned and Good Practices,37,,"The ecologic restoration project consisted in the transformation of rice fields into different habitats typical in wetlands. So far, the benefits of the project have been an improvement in water quality: the water ecosystems established in Tancat de la Pipa, both artificial wetlands with surface flow and lagoons, have shown a great capacity to reduce suspended solids, total phosphorous, total nitrogen and phytoplankton in water.",en,25 | 26,Water quality | Degraded and/or deforested areas,supports,,partial_action,false,all_sectors_evidence_2026-08-30,proposed,,,
0.3.0,ev_6fd8a6d0c1ffaf14,icare_0182,Develop an Urban Afforestation Plan,water_resources,vulnerability,WR_SRC_002,"Climate Change 2022: Impacts, Adaptation and Vulnerability — Chapter 4: Water",82,632,"NbS have been used for stormwater management by combining water purification and retention functions. NbS have also been used to mitigate impacts from high-impact extreme precipitation events by integrating large-scale NbS investment plans into urban planning in cities like New York and Copenhagen, highlighting the importance of blended finance and investment (including insurance) to mainstream NbS investments. In summary, there is growing evidence on NbS effectiveness as an adaptation measure and its critical role for transformative adaptation to address climate change water-related hazards and water security (medium evidence, high agreement).",en,25 | 26 | 27 | 28 | 38,Water quality | Degraded and/or deforested areas | Areas with soils susceptible to erosion | Ecological flow for ecosystem uses | Nature reserve,supports,,whole_action,false,all_sectors_evidence_2026-08-30,proposed,,,
0.3.0,ev_d9f35f66bb0e7f0b,icare_0182,Develop an Urban Afforestation Plan,water_resources,vulnerability,WR_SRC_008,Water and Climate Change Adaptation in Transboundary Basins: Lessons Learned and Good Practices,37,,"The ecologic restoration project consisted in the transformation of rice fields into different habitats typical in wetlands. So far, the benefits of the project have been an improvement in water quality: the water ecosystems established in Tancat de la Pipa, both artificial wetlands with surface flow and lagoons, have shown a great capacity to reduce suspended solids, total phosphorous, total nitrogen and phytoplankton in water.",en,25 | 26 | 27 | 28 | 38,Water quality | Degraded and/or deforested areas | Areas with soils susceptible to erosion | Ecological flow for ecosystem uses | Nature reserve,supports,,partial_action,false,all_sectors_evidence_2026-08-30,proposed,,,
0.3.0,ev_71520ab5395109bd,icare_0182,Develop an Urban Afforestation Plan,water_resources,vulnerability,WR_SRC_009,Flowing Forward: Freshwater Ecosystem Adaptation to Climate Change in Water Resources Management and Biodiversity Conservation,19,13,"In recognition of the importance of freshwater ecosystems and the services that they provide, environmental sustainability is recognized as a core principle of integrated water resources management, enshrined in the first of the Dublin principles that recognizes that 'effective management of water resources demands a holistic approach, linking social and economic development with protection of natural ecosystems.' This increasing recognition has led to the significant development of tools and approaches that seek to ensure the maintenance, protection and restoration of ecosystems and ecosystem services in on-going water resources management efforts.",en,25 | 26 | 27 | 28 | 38,Water quality | Degraded and/or deforested areas | Areas with soils susceptible to erosion | Ecological flow for ecosystem uses | Nature reserve,supports,,whole_action,false,all_sectors_evidence_2026-08-30,proposed,,,
0.3.0,ev_90b3f3a69fade22c,icare_0183,Implement Multi-hazard Early Warning Systems (MH-EWS),water_resources,vulnerability,WR_SRC_010,Water Security and Climate Change: Insights from Country Climate and Development Reports,14,,"Smart agriculture, drip irrigation, agricultural research, reservoir management, and water availability forecast systems. Emergency response and alerts, digital infrastructure and apps. Surface water and underwater unmanned vehicles that monitor changes in climate and marine ecosystems.",en,32 | 36,Drought-related prevention actions | Resilient cities program,supports,,whole_action,false,all_sectors_evidence_2026-08-30,proposed,,,
0.3.0,ev_ddce6c984b59de63,icare_0184,Upgrade Slope stabilization and drainage,water_resources,vulnerability,WR_SRC_002,"Climate Change 2022: Impacts, Adaptation and Vulnerability — Chapter 4: Water",82,632,"NbS have been used for stormwater management by combining water purification and retention functions. NbS have also been used to mitigate impacts from high-impact extreme precipitation events by integrating large-scale NbS investment plans into urban planning in cities like New York and Copenhagen, highlighting the importance of blended finance and investment (including insurance) to mainstream NbS investments. In summary, there is growing evidence on NbS effectiveness as an adaptation measure and its critical role for transformative adaptation to address climate change water-related hazards and water security (medium evidence, high agreement).",en,25 | 27 | 30,Water quality | Areas with soils susceptible to erosion | Municipal basic sanitation plan,supports,,whole_action,false,all_sectors_evidence_2026-08-30,proposed,,,
0.3.0,ev_56e6e4e99639e507,icare_0184,Upgrade Slope stabilization and drainage,water_resources,vulnerability,WR_SRC_003,Plano Nacional de Segurança Hídrica,29,27,"A tendência atual na prevenção e mitigação dos riscos de inundações graduais é a de implementar uma combinação de medidas de proteção estrutural e medidas não estruturais, com o intuito de conciliar as funções de armazenamento e escoamento das águas no sistema de drenagem com o espaço disponível e as necessidades relacionadas à ocupação humana sustentável.",pt,25 | 30,Water quality | Municipal basic sanitation plan,supports,,partial_action,false,all_sectors_evidence_2026-08-30,proposed,,,
0.3.0,ev_0cc3d3efc799d558,icare_0186,Implement integrated coastal zone management,water_resources,vulnerability,WR_SRC_002,"Climate Change 2022: Impacts, Adaptation and Vulnerability — Chapter 4: Water",82,632,"NbS have been used for stormwater management by combining water purification and retention functions. NbS have also been used to mitigate impacts from high-impact extreme precipitation events by integrating large-scale NbS investment plans into urban planning in cities like New York and Copenhagen, highlighting the importance of blended finance and investment (including insurance) to mainstream NbS investments. In summary, there is growing evidence on NbS effectiveness as an adaptation measure and its critical role for transformative adaptation to address climate change water-related hazards and water security (medium evidence, high agreement).",en,25 | 26 | 27 | 28 | 38,Water quality | Degraded and/or deforested areas | Areas with soils susceptible to erosion | Ecological flow for ecosystem uses | Nature reserve,supports,,whole_action,false,all_sectors_evidence_2026-08-30,proposed,,,
0.3.0,ev_4cd2c17d6edaf94d,icare_0186,Implement integrated coastal zone management,water_resources,vulnerability,WR_SRC_008,Water and Climate Change Adaptation in Transboundary Basins: Lessons Learned and Good Practices,37,,"The ecologic restoration project consisted in the transformation of rice fields into different habitats typical in wetlands. So far, the benefits of the project have been an improvement in water quality: the water ecosystems established in Tancat de la Pipa, both artificial wetlands with surface flow and lagoons, have shown a great capacity to reduce suspended solids, total phosphorous, total nitrogen and phytoplankton in water.",en,25 | 26 | 27 | 28 | 38,Water quality | Degraded and/or deforested areas | Areas with soils susceptible to erosion | Ecological flow for ecosystem uses | Nature reserve,supports,,partial_action,false,all_sectors_evidence_2026-08-30,proposed,,,
0.3.0,ev_09f412661bd0c620,icare_0186,Implement integrated coastal zone management,water_resources,vulnerability,WR_SRC_009,Flowing Forward: Freshwater Ecosystem Adaptation to Climate Change in Water Resources Management and Biodiversity Conservation,19,13,"In recognition of the importance of freshwater ecosystems and the services that they provide, environmental sustainability is recognized as a core principle of integrated water resources management, enshrined in the first of the Dublin principles that recognizes that 'effective management of water resources demands a holistic approach, linking social and economic development with protection of natural ecosystems.' This increasing recognition has led to the significant development of tools and approaches that seek to ensure the maintenance, protection and restoration of ecosystems and ecosystem services in on-going water resources management efforts.",en,25 | 26 | 27 | 28 | 38,Water quality | Degraded and/or deforested areas | Areas with soils susceptible to erosion | Ecological flow for ecosystem uses | Nature reserve,supports,,whole_action,false,all_sectors_evidence_2026-08-30,proposed,,,
0.3.0,ev_5848cea4f103b645,ipcc_0078,Implement green roofs and walls,water_resources,vulnerability,WR_SRC_002,"Climate Change 2022: Impacts, Adaptation and Vulnerability — Chapter 4: Water",82,632,"NbS have been used for stormwater management by combining water purification and retention functions. NbS have also been used to mitigate impacts from high-impact extreme precipitation events by integrating large-scale NbS investment plans into urban planning in cities like New York and Copenhagen, highlighting the importance of blended finance and investment (including insurance) to mainstream NbS investments. In summary, there is growing evidence on NbS effectiveness as an adaptation measure and its critical role for transformative adaptation to address climate change water-related hazards and water security (medium evidence, high agreement).",en,25 | 28 | 38,Water quality | Ecological flow for ecosystem uses | Nature reserve,supports,,whole_action,false,all_sectors_evidence_2026-08-30,proposed,,,
0.3.0,ev_edc5ee5878b0bf05,ipcc_0083,Plan strategic coastal retreat for vulnerable communities,water_resources,exposure,WR_SRC_002,"Climate Change 2022: Impacts, Adaptation and Vulnerability — Chapter 4: Water",81,631,"Some adaptation options, such as water conservation, storage and infrastructure, voluntary migration, planned relocation due to flood risk/sea level rise, and international water treaties, can reduce vulnerability.",en,45 | 46 | 47,Population density | Urban users exposed | Exposed rural users,supports,,whole_action,false,all_sectors_evidence_2026-08-30,proposed,,,
0.3.0,ev_e35394f59ef10164,ipcc_0084,Restore/create natural areas,water_resources,vulnerability,WR_SRC_002,"Climate Change 2022: Impacts, Adaptation and Vulnerability — Chapter 4: Water",82,632,"NbS have been used for stormwater management by combining water purification and retention functions. NbS have also been used to mitigate impacts from high-impact extreme precipitation events by integrating large-scale NbS investment plans into urban planning in cities like New York and Copenhagen, highlighting the importance of blended finance and investment (including insurance) to mainstream NbS investments. In summary, there is growing evidence on NbS effectiveness as an adaptation measure and its critical role for transformative adaptation to address climate change water-related hazards and water security (medium evidence, high agreement).",en,25 | 26 | 27 | 28 | 38,Water quality | Degraded and/or deforested areas | Areas with soils susceptible to erosion | Ecological flow for ecosystem uses | Nature reserve,supports,,whole_action,false,all_sectors_evidence_2026-08-30,proposed,,,
0.3.0,ev_b7401abce3645b24,ipcc_0084,Restore/create natural areas,water_resources,vulnerability,WR_SRC_008,Water and Climate Change Adaptation in Transboundary Basins: Lessons Learned and Good Practices,37,,"The ecologic restoration project consisted in the transformation of rice fields into different habitats typical in wetlands. So far, the benefits of the project have been an improvement in water quality: the water ecosystems established in Tancat de la Pipa, both artificial wetlands with surface flow and lagoons, have shown a great capacity to reduce suspended solids, total phosphorous, total nitrogen and phytoplankton in water.",en,25 | 26 | 27 | 28 | 38,Water quality | Degraded and/or deforested areas | Areas with soils susceptible to erosion | Ecological flow for ecosystem uses | Nature reserve,supports,,partial_action,false,all_sectors_evidence_2026-08-30,proposed,,,
0.3.0,ev_b31ade52e7b4c7f4,ipcc_0084,Restore/create natural areas,water_resources,vulnerability,WR_SRC_009,Flowing Forward: Freshwater Ecosystem Adaptation to Climate Change in Water Resources Management and Biodiversity Conservation,19,13,"In recognition of the importance of freshwater ecosystems and the services that they provide, environmental sustainability is recognized as a core principle of integrated water resources management, enshrined in the first of the Dublin principles that recognizes that 'effective management of water resources demands a holistic approach, linking social and economic development with protection of natural ecosystems.' This increasing recognition has led to the significant development of tools and approaches that seek to ensure the maintenance, protection and restoration of ecosystems and ecosystem services in on-going water resources management efforts.",en,25 | 26 | 27 | 28 | 38,Water quality | Degraded and/or deforested areas | Areas with soils susceptible to erosion | Ecological flow for ecosystem uses | Nature reserve,supports,,whole_action,false,all_sectors_evidence_2026-08-30,proposed,,,
0.3.0,ev_74af9c58fdf984dc,ipcc_0085,Reduce pressures on ecosystems to build resilience,water_resources,vulnerability,WR_SRC_002,"Climate Change 2022: Impacts, Adaptation and Vulnerability — Chapter 4: Water",82,632,"NbS have been used for stormwater management by combining water purification and retention functions. NbS have also been used to mitigate impacts from high-impact extreme precipitation events by integrating large-scale NbS investment plans into urban planning in cities like New York and Copenhagen, highlighting the importance of blended finance and investment (including insurance) to mainstream NbS investments. In summary, there is growing evidence on NbS effectiveness as an adaptation measure and its critical role for transformative adaptation to address climate change water-related hazards and water security (medium evidence, high agreement).",en,25 | 26 | 27 | 28 | 38,Water quality | Degraded and/or deforested areas | Areas with soils susceptible to erosion | Ecological flow for ecosystem uses | Nature reserve,supports,,whole_action,false,all_sectors_evidence_2026-08-30,proposed,,,
0.3.0,ev_eb267663623c3546,ipcc_0085,Reduce pressures on ecosystems to build resilience,water_resources,vulnerability,WR_SRC_008,Water and Climate Change Adaptation in Transboundary Basins: Lessons Learned and Good Practices,37,,"The ecologic restoration project consisted in the transformation of rice fields into different habitats typical in wetlands. So far, the benefits of the project have been an improvement in water quality: the water ecosystems established in Tancat de la Pipa, both artificial wetlands with surface flow and lagoons, have shown a great capacity to reduce suspended solids, total phosphorous, total nitrogen and phytoplankton in water.",en,25 | 26 | 27 | 28 | 38,Water quality | Degraded and/or deforested areas | Areas with soils susceptible to erosion | Ecological flow for ecosystem uses | Nature reserve,supports,,partial_action,false,all_sectors_evidence_2026-08-30,proposed,,,
0.3.0,ev_aed6105eeba88769,ipcc_0085,Reduce pressures on ecosystems to build resilience,water_resources,vulnerability,WR_SRC_009,Flowing Forward: Freshwater Ecosystem Adaptation to Climate Change in Water Resources Management and Biodiversity Conservation,19,13,"In recognition of the importance of freshwater ecosystems and the services that they provide, environmental sustainability is recognized as a core principle of integrated water resources management, enshrined in the first of the Dublin principles that recognizes that 'effective management of water resources demands a holistic approach, linking social and economic development with protection of natural ecosystems.' This increasing recognition has led to the significant development of tools and approaches that seek to ensure the maintenance, protection and restoration of ecosystems and ecosystem services in on-going water resources management efforts.",en,25 | 26 | 27 | 28 | 38,Water quality | Degraded and/or deforested areas | Areas with soils susceptible to erosion | Ecological flow for ecosystem uses | Nature reserve,supports,,whole_action,false,all_sectors_evidence_2026-08-30,proposed,,,
0.3.0,ev_ef6f3fbd1bb62b91,ipcc_0086,Implement ecosystem‑based adaptation measures,water_resources,vulnerability,WR_SRC_002,"Climate Change 2022: Impacts, Adaptation and Vulnerability — Chapter 4: Water",82,632,"NbS have been used for stormwater management by combining water purification and retention functions. NbS have also been used to mitigate impacts from high-impact extreme precipitation events by integrating large-scale NbS investment plans into urban planning in cities like New York and Copenhagen, highlighting the importance of blended finance and investment (including insurance) to mainstream NbS investments. In summary, there is growing evidence on NbS effectiveness as an adaptation measure and its critical role for transformative adaptation to address climate change water-related hazards and water security (medium evidence, high agreement).",en,25 | 26 | 27 | 28 | 38,Water quality | Degraded and/or deforested areas | Areas with soils susceptible to erosion | Ecological flow for ecosystem uses | Nature reserve,supports,,whole_action,false,all_sectors_evidence_2026-08-30,proposed,,,
0.3.0,ev_7d1554ebf10ef8ad,ipcc_0086,Implement ecosystem‑based adaptation measures,water_resources,vulnerability,WR_SRC_008,Water and Climate Change Adaptation in Transboundary Basins: Lessons Learned and Good Practices,37,,"The ecologic restoration project consisted in the transformation of rice fields into different habitats typical in wetlands. So far, the benefits of the project have been an improvement in water quality: the water ecosystems established in Tancat de la Pipa, both artificial wetlands with surface flow and lagoons, have shown a great capacity to reduce suspended solids, total phosphorous, total nitrogen and phytoplankton in water.",en,25 | 26 | 27 | 28 | 38,Water quality | Degraded and/or deforested areas | Areas with soils susceptible to erosion | Ecological flow for ecosystem uses | Nature reserve,supports,,partial_action,false,all_sectors_evidence_2026-08-30,proposed,,,
0.3.0,ev_5d738f6d9c1583c8,ipcc_0086,Implement ecosystem‑based adaptation measures,water_resources,vulnerability,WR_SRC_009,Flowing Forward: Freshwater Ecosystem Adaptation to Climate Change in Water Resources Management and Biodiversity Conservation,19,13,"In recognition of the importance of freshwater ecosystems and the services that they provide, environmental sustainability is recognized as a core principle of integrated water resources management, enshrined in the first of the Dublin principles that recognizes that 'effective management of water resources demands a holistic approach, linking social and economic development with protection of natural ecosystems.' This increasing recognition has led to the significant development of tools and approaches that seek to ensure the maintenance, protection and restoration of ecosystems and ecosystem services in on-going water resources management efforts.",en,25 | 26 | 27 | 28 | 38,Water quality | Degraded and/or deforested areas | Areas with soils susceptible to erosion | Ecological flow for ecosystem uses | Nature reserve,supports,,whole_action,false,all_sectors_evidence_2026-08-30,proposed,,,
0.3.0,ev_1fd9d74a80575a07,ipcc_0087,Improve Infrastructure retrofitting,water_resources,vulnerability,WR_SRC_010,Water Security and Climate Change: Insights from Country Climate and Development Reports,13,,"Closing the water supply gap requires infrastructure investment but also policy, institutional, and regulatory reforms to improve irrigation and water supply and sanitation services and to increase their financial sustainability. Such measures include strengthening joint regional institutions for water operations, planning, and climate adaptation, and strengthening work to achieve universal provision of water, sanitation, and hygiene.",en,19 | 20,Inefficiency in water production | Inefficiency in water distribution,supports,,partial_action,false,all_sectors_evidence_2026-08-30,proposed,,,
0.3.0,ev_bacb56d90d72fecb,ipcc_0088,Update and enforce climate‑resilient building codes,water_resources,vulnerability,WR_SRC_002,"Climate Change 2022: Impacts, Adaptation and Vulnerability — Chapter 4: Water",7,557,"Water adaptation policies enabled through ethical co-production between holders of Indigenous knowledge, local knowledge and technical knowledge, through cooperation and coordinated actions among multiple actors, including women and all marginalised groups, at various levels of governance is needed for effective transitions towards climate resilient development (medium confidence).",en,29 | 30 | 35 | 36,Dam and mining safety | Municipal basic sanitation plan | Investments in adaptation policies | Resilient cities program,supports,,partial_action,false,all_sectors_evidence_2026-08-30,proposed,,,
0.3.0,ev_b0104ed071b799f7,ipcc_0089,Spatially redirect development,water_resources,vulnerability,WR_SRC_002,"Climate Change 2022: Impacts, Adaptation and Vulnerability — Chapter 4: Water",7,557,"Water adaptation policies enabled through ethical co-production between holders of Indigenous knowledge, local knowledge and technical knowledge, through cooperation and coordinated actions among multiple actors, including women and all marginalised groups, at various levels of governance is needed for effective transitions towards climate resilient development (medium confidence).",en,35 | 36,Investments in adaptation policies | Resilient cities program,supports,,partial_action,false,all_sectors_evidence_2026-08-30,proposed,,,
0.3.0,ev_73553457b5d41c18,ipcc_0090,Expand climate risk insurance coverage,water_resources,vulnerability,WR_SRC_002,"Climate Change 2022: Impacts, Adaptation and Vulnerability — Chapter 4: Water",75,625,"Access to credits, subsidies or insurance builds an important portfolio of reducing reliance on agricultural income alone. Training and capacity building are essential tools to ensure effective adaptation in agriculture, increasing food security. Public regulations, including water policies and allocations and incentive instruments, and availability of appropriate finance play an essential role in shaping and enabling water-related adaptation.",en,35 | 41 | 42 | 43 | 44,Investments in adaptation policies | Agricultural participation in GDP | Industrial participation in GDP | Income not affected by water prices | Income greater than two minimum wages,supports,,partial_action,false,all_sectors_evidence_2026-08-30,proposed,,,
0.3.0,ev_eb133b1abbd281e3,ipcc_0091,Support livelihood diversification for climate resilience,water_resources,vulnerability,WR_SRC_002,"Climate Change 2022: Impacts, Adaptation and Vulnerability — Chapter 4: Water",74,624,"Migration and livelihood diversification is often an adaptation response to water-related hazards and involves securing income sources away from agriculture, including off-farm employment and temporary or permanent migration, and these are particularly important in Asia and Africa. Income and remittances are sometimes re-invested, for instance, for crop diversification.",en,41 | 42 | 43 | 44,Agricultural participation in GDP | Industrial participation in GDP | Income not affected by water prices | Income greater than two minimum wages,supports,,whole_action,false,all_sectors_evidence_2026-08-30,proposed,,,
0.3.0,ev_6a81de6f3eee0157,ipcc_0096,Strengthen climate resilience in farming and fisheries,water_resources,vulnerability,WR_SRC_010,Water Security and Climate Change: Insights from Country Climate and Development Reports,14,,"Smart agriculture, drip irrigation, agricultural research, reservoir management, and water availability forecast systems. Emergency response and alerts, digital infrastructure and apps. Surface water and underwater unmanned vehicles that monitor changes in climate and marine ecosystems.",en,32,Drought-related prevention actions,supports,,whole_action,false,all_sectors_evidence_2026-08-30,proposed,,,
0.3.0,ev_14873bf077a780b6,ipcc_0098,"Increase resilience by improving access to food, improving livelihoods and promoting dietary shifts and food waste reduction",water_resources,vulnerability,WR_SRC_002,"Climate Change 2022: Impacts, Adaptation and Vulnerability — Chapter 4: Water",74,624,"Migration and livelihood diversification is often an adaptation response to water-related hazards and involves securing income sources away from agriculture, including off-farm employment and temporary or permanent migration, and these are particularly important in Asia and Africa. Income and remittances are sometimes re-invested, for instance, for crop diversification.",en,21 | 22 | 41 | 43 | 44,Average per capita water consumption | Water balance for agriculture | Agricultural participation in GDP | Income not affected by water prices | Income greater than two minimum wages,supports,,whole_action,false,all_sectors_evidence_2026-08-30,proposed,,,
0.3.0,ev_55146a2236611632,ipcc_0099,Increase Water Capture and Storage,water_resources,vulnerability,WR_SRC_002,"Climate Change 2022: Impacts, Adaptation and Vulnerability — Chapter 4: Water",93,643,"Sand dams increase groundwater storage in riverbanks by up to 40%, which is maintained throughout the year.",en,40,Underground storage potential,supports,"up to 40% increase in groundwater storage in riverbanks, maintained throughout the year",partial_action,false,water_resources_pilot_2026-08-28,proposed,,,
0.3.0,ev_0d6fda9199f75b2f,ipcc_0099,Increase Water Capture and Storage,water_resources,vulnerability,WR_SRC_003,Plano Nacional de Segurança Hídrica,37,35,"Cabe ressaltar também a importância relativa dos reservatórios, que aportam às suas áreas de influência uma resiliência maior aos eventos extremos de secas, elevando a segurança hídrica dessas regiões.",pt,39,Artificial reserve,supports,,partial_action,false,water_resources_pilot_2026-08-28,proposed,,,
0.3.0,ev_40fece6d8cd2fae8,ipcc_0099,Increase Water Capture and Storage,water_resources,vulnerability,WR_SRC_007,Guidance on Water and Adaptation to Climate Change,35,21,"Inappropriately designed adaptation can also damage other policy areas, such as energy, health, food security and nature conservation. For instance, the increased use of reservoirs may under some conditions create breeding grounds for vector-borne diseases;",en,24 | 39,Diseases due to inadequate sanitation | Artificial reserve,contradicts,,partial_action,true,water_resources_pilot_2026-08-28,proposed,,,
0.3.0,ev_55210ed86fc5c9df,ipcc_0100,Improve Efficient water use/demand,water_resources,vulnerability,WR_SRC_010,Water Security and Climate Change: Insights from Country Climate and Development Reports,3,,"Demand-side management often proves to be more cost-effective in addressing water supply shortages than investing in supply-side solutions. Effective water demand management involves adjusting water tariffs to reflect the true value of water in water allocation and use, increasing consumer awareness, and strengthening regulations and technologies to improve water use efficiency.",en,20 | 21 | 22 | 23 | 33 | 40,Inefficiency in water distribution | Average per capita water consumption | Water balance for agriculture | Water balance for industry | Alternatives to water supply | Underground storage potential,supports,,whole_action,false,all_sectors_evidence_2026-08-30,proposed,,,
0.3.0,ev_81af63f4fa156bff,ipcc_0101,Improve urban water management,water_resources,vulnerability,WR_SRC_002,"Climate Change 2022: Impacts, Adaptation and Vulnerability — Chapter 4: Water",82,632,"NbS have been used for stormwater management by combining water purification and retention functions. NbS have also been used to mitigate impacts from high-impact extreme precipitation events by integrating large-scale NbS investment plans into urban planning in cities like New York and Copenhagen, highlighting the importance of blended finance and investment (including insurance) to mainstream NbS investments. In summary, there is growing evidence on NbS effectiveness as an adaptation measure and its critical role for transformative adaptation to address climate change water-related hazards and water security (medium evidence, high agreement).",en,25 | 30 | 39,Water quality | Municipal basic sanitation plan | Artificial reserve,supports,,whole_action,false,all_sectors_evidence_2026-08-30,proposed,,,
0.3.0,ev_5867bf984070e4b1,ipcc_0101,Improve urban water management,water_resources,vulnerability,WR_SRC_003,Plano Nacional de Segurança Hídrica,29,27,"A tendência atual na prevenção e mitigação dos riscos de inundações graduais é a de implementar uma combinação de medidas de proteção estrutural e medidas não estruturais, com o intuito de conciliar as funções de armazenamento e escoamento das águas no sistema de drenagem com o espaço disponível e as necessidades relacionadas à ocupação humana sustentável.",pt,24 | 25 | 30 | 39,Diseases due to inadequate sanitation | Water quality | Municipal basic sanitation plan | Artificial reserve,supports,,partial_action,false,all_sectors_evidence_2026-08-30,proposed,,,
0.3.0,ev_25fa38cd0b47c10c,ipcc_0101,Improve urban water management,water_resources,vulnerability,WR_SRC_010,Water Security and Climate Change: Insights from Country Climate and Development Reports,13,,"Closing the water supply gap requires infrastructure investment but also policy, institutional, and regulatory reforms to improve irrigation and water supply and sanitation services and to increase their financial sustainability. Such measures include strengthening joint regional institutions for water operations, planning, and climate adaptation, and strengthening work to achieve universal provision of water, sanitation, and hygiene.",en,19 | 20 | 21 | 24 | 25 | 30 | 33 | 39 | 40,Inefficiency in water production | Inefficiency in water distribution | Average per capita water consumption | Diseases due to inadequate sanitation | Water quality | Municipal basic sanitation plan | Alternatives to water supply | Artificial reserve | Underground storage potential,supports,,partial_action,false,all_sectors_evidence_2026-08-30,proposed,,,
0.3.0,ev_b2e6df8b0cb15862,ipcc_0102,Facilitate seasonal and temporary mobility strategies,water_resources,exposure,WR_SRC_002,"Climate Change 2022: Impacts, Adaptation and Vulnerability — Chapter 4: Water",81,631,"Some adaptation options, such as water conservation, storage and infrastructure, voluntary migration, planned relocation due to flood risk/sea level rise, and international water treaties, can reduce vulnerability.",en,45 | 46 | 47,Population density | Urban users exposed | Exposed rural users,supports,,whole_action,false,all_sectors_evidence_2026-08-30,proposed,,,
0.3.0,ev_866161d92c177d70,ipcc_0103,Strengthen cooperative climate governance,water_resources,vulnerability,WR_SRC_002,"Climate Change 2022: Impacts, Adaptation and Vulnerability — Chapter 4: Water",7,557,"Water adaptation policies enabled through ethical co-production between holders of Indigenous knowledge, local knowledge and technical knowledge, through cooperation and coordinated actions among multiple actors, including women and all marginalised groups, at various levels of governance is needed for effective transitions towards climate resilient development (medium confidence).",en,31 | 32 | 34 | 35 | 36,Level of activity in basin committees | Drought-related prevention actions | Investments in water resources | Investments in adaptation policies | Resilient cities program,supports,,partial_action,false,all_sectors_evidence_2026-08-30,proposed,,,
0.3.0,ev_2e8f2697928bb684,ipcc_0104,Plan and support permanent climate‑related migration,water_resources,exposure,WR_SRC_002,"Climate Change 2022: Impacts, Adaptation and Vulnerability — Chapter 4: Water",75,625,"While there is extensive documentation on the benefits of migration, the quality of studies is such that links between migration and subsequent benefits are not clear, making our conclusion of benefits from this measure as having medium confidence. On the other hand, there is more rigorous evidence on the maladaptive nature of migration as an adaptation measure (Figure FAQ4.4.1).",en,45 | 46 | 47,Population density | Urban users exposed | Exposed rural users,qualifies,,whole_action,true,water_resources_exposure_2026-08-28,proposed,,,
0.3.0,ev_3fabf8abfcc7efc6,ipcc_0104,Plan and support permanent climate‑related migration,water_resources,exposure,WR_SRC_002,"Climate Change 2022: Impacts, Adaptation and Vulnerability — Chapter 4: Water",81,631,"Some adaptation options, such as water conservation, storage and infrastructure, voluntary migration, planned relocation due to flood risk/sea level rise, and international water treaties, can reduce vulnerability",en,45 | 46 | 47,Population density | Urban users exposed | Exposed rural users,supports,,whole_action,false,water_resources_exposure_2026-08-28,proposed,,,
0.3.0,ev_f7c8c3f9e9d629cf,ipcc_0104,Plan and support permanent climate‑related migration,water_resources,exposure,WR_SRC_002,"Climate Change 2022: Impacts, Adaptation and Vulnerability — Chapter 4: Water",81,631,"Some adaptation options, such as water conservation, storage and infrastructure, voluntary migration, planned relocation due to flood risk/sea level rise, and international water treaties, can reduce vulnerability.",en,45 | 46 | 47,Population density | Urban users exposed | Exposed rural users,supports,,whole_action,false,all_sectors_evidence_2026-08-30,proposed,,,
0.3.0,ev_2ebfb1bb049576e4,ipcc_0104,Plan and support permanent climate‑related migration,water_resources,exposure,WR_SRC_007,Guidance on Water and Adaptation to Climate Change,32,18,"Demographic changes, including population growth and migration are certainly one of the main causes of increased water use. In addition, these changes are mainly concentrated in coastal areas which are already under high water stress and where climate change is expected to have the highest impact, including through salinization of groundwater.",en,45 | 46 | 47,Population density | Urban users exposed | Exposed rural users,contradicts,,partial_action,true,water_resources_exposure_2026-08-28,proposed,,,
0.3.0,ev_dea021ecb1511194,ipcc_0104,Plan and support permanent climate‑related migration,water_resources,exposure,WR_SRC_008,Water and Climate Change Adaptation in Transboundary Basins: Lessons Learned and Good Practices,94,72,Migration of people away from high-risk areas,en,45 | 46 | 47,Population density | Urban users exposed | Exposed rural users,supports,,whole_action,false,water_resources_exposure_2026-08-28,proposed,,,
