action_id,action_name,action_type,hazard_name,sector_names,subsector_names,primary_purpose,description,cobenefits_airquality,cobenefits_waterquality,cobenefits_habitat,cobenefits_costofliving,cobenefits_housing,cobenefits_mobility,cobenefits_stakeholderengagement,equity_and_inclusion_considerations,ghgreduction_stationary_energy,ghgreduction_transportation,ghgreduction_waste,ghgreduction_ippu,ghgreduction_afolu,adaptation_effectiveness,cost_investment_needed,timeline_for_implementation,dependencies,key_performance_indicators,powers_and_mandates,adaptation_effectiveness_droughts,adaptation_effectiveness_heatwaves,adaptation_effectiveness_floods,adaptation_effectiveness_sealevelrise,adaptation_effectiveness_landslides,adaptation_effectiveness_storms,adaptation_effectiveness_wildfires,adaptation_effectiveness_diseases,biome,release_date,is_latest,is_deleted
ipcc_0001,Changes in Urban Form,{mitigation},,{transportation},{on-road},{ghg_reduction},"Enhancing urban density and mixed land use to reduce travel distances, car dependency, and associated greenhouse gas emissions. Includes public transport infrastructure, pedestrian pathways, and bike-friendly zones.",1,0,0,1,0,1,0,"Improves access to efficient, affordable transport options for underserved communities, reducing social and economic disparities.",,0-19,,,,,medium,5-10 years,"['Policy support for land-use planning', 'public acceptance', 'reallocation of transport budgets towards sustainable modes']","['Reduction in per capita car use', 'increase in public transport ridership', 'improved walkability index']",,,,,,,,,,none,2025-01-01,false,false
ipcc_0002,Active Transport Modes,{mitigation},,{transportation},{on-road},{ghg_reduction},Promoting walking and cycling as primary modes of transport for short journeys (5 km or less) to reduce dependency on light-duty vehicles and decrease GHG emissions.,1,0,0,1,0,1,0,"Improves access to safe and affordable transport options, particularly for low-income communities, while enhancing urban mobility for underserved groups.",,0-19,,,,,medium,<5 years,"['Investment in safe walking and cycling infrastructure', 'public awareness campaigns', 'supportive urban planning policies']","['Increase in kilometers of bicycle and walking networks', 'rise in active transport modal share', 'reduction in car usage for short trips']",,,,,,,,,,none,2025-01-01,false,true
ipcc_0003,Public Transit,{mitigation},,{transportation},{on-road},{ghg_reduction},Promoting the use of public transportation systems such as buses and rail for urban and intercity travel to reduce dependency on light-duty vehicles and decrease greenhouse gas emissions.,1,0,0,1,0,1,1,"Improves access to affordable and efficient transport options, particularly benefiting low-income and underserved communities.",,20-39,,,,,medium,5-10 years,"['Investments in modern and efficient transit systems', 'policies to disincentivize private car use', 'public awareness campaigns to encourage public transit adoption']","['Increase in public transit ridership', 'reduction in private vehicle kilometers traveled', 'emissions reduction per passenger kilometer']",,,,,,,,,,none,2025-01-01,false,true
ipcc_0004,Dematerialisation of the Economy,{mitigation},,{transportation},{on-road},{ghg_reduction},"Promoting the reduction in the quantity of materials used per unit of output to improve material efficiency, reduce transport needs, and enhance the efficiency of freight transport. Examples include combining multiple functions into single devices, localized production through 3D printing, and circular economy principles.",0,0,0,1,0,1,1,Supports equitable access to sustainable products and promotes efficient resource use to benefit underserved communities,,0-19,,,,,medium,>10 years,"['Technological innovation', 'adoption of circular economy practices', 'behavioral shifts towards minimalism and efficiency']","['Reduction in material intensity per unit output', 'decrease in freight transport emissions', 'increased adoption of circular economy practices']",,,,,,,,,,none,2025-01-01,false,true
ipcc_0007,Smart Mobility,{mitigation},,{transportation},{on-road},{ghg_reduction},"Utilizing advanced technologies, such as ICT, IoT sensors, AI, and Mobility as a Service (MaaS), to improve transport efficiency, reduce emissions, and enhance urban mobility. Smart mobility integrates various transport modes and optimizes operations to compete with private vehicles.",1,0,0,0,0,1,1,"Improves access to efficient and affordable transportation options, especially for marginalized groups, while supporting urban regeneration and connectivity.",,0-19,,,,,high,5-10 years,"['Widespread adoption of ICT and IoT technologies', 'supportive urban planning', 'investments in shared and digitalized mobility systems']","['Increase in shared and public transport use', 'reduction in private vehicle kilometers traveled', 'decreased transport-related emissions']",,,,,,,,,,none,2025-01-01,false,true
ipcc_0008,Supply Chain Management,{mitigation},,{transportation},{on-road},{ghg_reduction},"Improving logistics planning in freight transport through strategies such as route optimisation, load optimisation, and eco-driving to reduce travel distances and enhance efficiency, thereby lowering GHG emissions.",1,0,0,1,0,1,0,Promotes equitable access to sustainable logistics solutions for small and medium enterprises while supporting job retention in the logistics sector.,,0-19,,,,,medium,5-10 years,"['Access to advanced logistics tools and software', 'collaboration between supply chain stakeholders', 'integration of eco-driving training']","['Reduced freight distances', 'increased vehicle carrying capacity', 'improved fuel efficiency', 'reduced operating costs']",,,,,,,,,,none,2025-01-01,false,true
ipcc_0009,E-commerce,{mitigation},,{transportation},{on-road},{ghg_reduction},Encouraging consumer purchasing of goods online to reduce travel by light-duty vehicles for shopping purposes. This trades vehicle kilometers traveled for light-duty vehicles with freight transport through light trucks ('last-mile delivery').,1,0,0,1,0,1,0,"Promotes accessibility to goods for individuals in underserved or remote areas, while reducing personal transportation costs.",,0-19,,,,,medium,5-10 years,"['Expansion of e-commerce platforms', 'investments in last-mile delivery logistics', 'consumer trust in online shopping']","['Reduction in vehicle kilometers traveled (VMT) for shopping', 'increase in online shopping adoption rates', 'emissions reductions in freight logistics']",,,,,,,,,,none,2025-01-01,false,true
ipcc_0010,Vehicle Automation,{mitigation},,{transportation},{on-road},{ghg_reduction},"Utilizes advanced technologies to automate driving tasks, improve road safety, optimize driving patterns, reduce congestion, and enhance efficient use of road space. Levels range from driver assistance to full autonomy.",1,0,0,0,0,1,0,"Provides mobility access to marginalized groups, including the elderly, people with disabilities, and those unable to drive, while promoting safer transport systems.",,0-19,,,,,high,>10 years,"['Development and deployment of autonomous vehicle technologies', 'supportive regulatory frameworks', 'public acceptance of automated systems']","['Reduction in congestion', 'improved fuel efficiency', 'decreased transport-related emissions per vehicle kilometer', 'increased accessibility for marginalized groups']",,,,,,,,,,none,2025-01-01,false,true
ipcc_0011,Alternative Fuels for Vehicles,{mitigation},,{transportation},{on-road},{ghg_reduction},"Utilizes low-carbon or zero-carbon fuels, including natural gas, biofuels, ammonia, and synthetic fuels, to replace conventional petrol and diesel in internal combustion engines (ICE). These fuels offer pathways to reduce greenhouse gas emissions and diversify energy sources, though challenges remain in production costs, lifecycle emissions, and infrastructure.",1,0,0,0,0,1,0,Provides a pathway to reduce energy dependency and enhance energy equity by enabling access to alternative fuels that support local and regional energy needs.,,80-100,,,,,high,>10 years,"['Development of low-cost and sustainable production technologies', 'supportive policy measures (e.g., fuel standards, blending mandates)', 'investment in distribution and storage infrastructure']","['Reduction in GHG emissions from fuel lifecycle', 'percentage of vehicle fleet using alternative fuels', 'infrastructure deployment metrics']",,,,,,,,,,none,2025-01-01,false,true
ipcc_0013,Fuel Cell Technologies,{mitigation},,{transportation},{on-road},{ghg_reduction},"Use of fuel cell technology to power vehicles by converting hydrogen into electricity through an electrochemical reaction. Produces zero emissions at the point of use and water as a by-product. Hydrogen fuel cells are highly efficient, particularly when hydrogen is produced from renewable sources.",1,0,0,0,0,1,0,"Reduces emissions in underserved and urban areas, offering cleaner air and sustainable mobility solutions for all communities.",,60-79,,,,,high,>10 years,"['Hydrogen production infrastructure', 'availability of low-carbon hydrogen', 'cost reductions in fuel cell systems', 'durable policies to support adoption']","['Share of fuel cell vehicles in the vehicle fleet', 'reduction in GHG emissions per kilometer', 'deployment of hydrogen refueling stations', 'cost parity with diesel vehicles']",,,,,,,,,,none,2025-01-01,false,true
ipcc_0014,Lightweighting of Vehicles,{mitigation},,{transportation},{on-road},{ghg_reduction},"Reducing the overall weight of vehicles by using advanced materials such as high-strength steel, aluminum, carbon fiber, and composites to improve fuel efficiency and reduce greenhouse gas emissions. Lightweighting enhances vehicle performance without compromising safety.",1,0,0,0,0,1,0,"Promotes sustainable mobility solutions that can reduce fuel costs and emissions, indirectly benefiting underserved communities.",,0-19,,,,,high,>10 years,"['Availability and development of advanced lightweight materials', 'efficient recycling processes', 'industry-scale implementation']","['Reduction in vehicle mass', 'improvement in fuel efficiency (km/l)', 'lifecycle GHG emissions avoided', 'share of lightweighted vehicles in the fleet']",,,,,,,,,,none,2025-01-01,false,true
ipcc_0016,Eco-driving,{mitigation},,{transportation},{on-road},{ghg_reduction},"A set of driving practices aimed at improving fuel efficiency, reducing greenhouse gas emissions, and minimizing wear and tear on vehicles by promoting smooth driving, regular vehicle maintenance, and traffic anticipation.",1,0,0,1,0,1,1,"Promotes accessibility to fuel-saving techniques for all drivers, reducing operating costs and supporting vulnerable communities dependent on vehicle transport.",,0-19,,,,,low,<5 years,"['Driver education', 'effective training programs', 'policy support', 'incentive mechanisms', 'encourage adoption of eco-driving practices']","['Percentage reduction in fuel consumption', 'GHG emissions per vehicle', 'number of drivers trained in eco-driving', 'adherence to eco-driving practices among trained drivers']",,,,,,,,,,none,2025-01-01,false,true
ipcc_0017,Increased Aircraft Efficiency,{mitigation},,{transportation},{aviation},{ghg_reduction},"Optimization of aircraft technology, including improvements in engine design, aerodynamics, airframe mass reduction, and operational navigation to reduce fuel consumption and emissions.",1,0,0,0,0,1,0,Supports global connectivity while reducing environmental impacts; may require equitable distribution of technology and resources for developing regions.,,0-19,,,,,high,>10 years,"['Development and adoption of advanced aircraft technology', 'global air traffic management optimization', 'industry investments in research and development']","['Percentage reduction in fuel consumption per flight', 'improvement in navigation efficiency', 'adoption rate of advanced aircraft designs']",,,,,,,,,,none,2025-01-01,false,true
ipcc_0018,Alternative Fuels for Aircraft,{mitigation},,{transportation},{aviation},{ghg_reduction},"Development and deployment of alternative aviation fuels, including bio-based SAFs, synthetic fuels, and liquid hydrogen, to reduce aviation greenhouse gas emissions.",1,0,0,0,0,0,0,"Focus on balancing aviation demand with sustainable practices, addressing food vs. fuel concerns, and ensuring global access to alternative fuel technologies.",,60-79,,,,,high,>10 years,"['Availability of low-carbon energy', 'advancements in fuel production technologies', 'cost reductions', 'policy support', 'infrastructure for production and distribution']","['Adoption rates of SAFs', 'lifecycle emissions reductions', 'advancements in fuel production technologies']",,,,,,,,,,none,2025-01-01,false,true
ipcc_0019,Modal Shift from Aircraft to Train,{mitigation},,{transportation},{aviation},{ghg_reduction},"Promoting a shift from regional and medium-haul flights to high-speed rail (HSR) as a low-carbon alternative. HSR can serve distances of 400–1000 km effectively, reducing demand for air travel and associated emissions. Infrastructure improvements, supportive policies, and enhanced HSR networks are critical for this transition.",1,0,0,0,0,1,0,"Provides affordable and accessible regional travel options, particularly benefiting communities with limited access to air travel and reducing transportation inequities.",,40-59,,,,,high,5-10 years,"['Requires significant investments in HSR infrastructure', 'policy support to limit competing air travel options', 'integration of rail networks with existing transportation systems']","['Reduction in domestic and regional air travel demand', 'increase in HSR ridership', 'measurable reductions in transportation sector GHG emissions']",,,,,,,,,,none,2025-01-01,false,true
ipcc_0020,Alternative Fuels for Shipping,{mitigation},,{transportation},{waterborne_navigation},{ghg_reduction},"Transition to alternative fuels in the shipping sector, including hydrogen, ammonia, methanol, synthetic hydrocarbons, advanced biofuels, and electric propulsion. Focus on fuels produced using low-carbon energy sources to reduce lifecycle greenhouse gas emissions and achieve International Maritime Organization (IMO) targets.",1,0,0,0,0,1,1,"Ensures equitable access to new shipping technologies, reduces reliance on fossil fuels, and promotes sustainable economic practices, considering impacts on global trade and port communities.",,40-59,,,,,high,>10 years,"['Availability of low-carbon fuels and energy', 'infrastructure investments', 'retrofitting capabilities for existing ships', 'policy and regulatory support', 'advances in fuel storage and safety technologies']","['Adoption rate of alternative fuels', 'emissions reductions achieved (tank-to-wake and well-to-wake)', 'advancements in bunkering and storage infrastructure']",,,,,,,,,,none,2025-01-01,false,true
ipcc_0021,Electric Technologies for Shipping,{mitigation},,{transportation},{waterborne_navigation},{ghg_reduction},"Adoption of electric propulsion technologies, including battery-electric and hybrid-electric systems, for short-sea shipping, ferries, and inland waterways to reduce greenhouse gas emissions. Includes advancements in design and engineering, such as optimizing hull shapes and integrating renewable energy sources like wind and solar for propulsion.",1,1,0,0,0,1,0,"Promotes equitable access to clean transportation technologies, benefiting port communities and reducing pollution near densely populated areas. Ensures affordability and accessibility of new infrastructure for small-scale shipping operators.",,20-39,,,,,high,>10 years,"['Availability of low-carbon electricity', 'advancements in battery technology', 'infrastructure for charging and maintenance', 'supportive regulatory frameworks for the maritime industry']","['Reduction in lifecycle emissions of vessels', 'number of electric and hybrid-electric ships in operation', 'improvements in port infrastructure to support electric propulsion systems']",,,,,,,,,,none,2025-01-01,false,true
ipcc_0022,Improved Energy Efficiency for Shipping,{mitigation},,{transportation},{waterborne_navigation},{ghg_reduction},"Enhancing energy efficiency in shipping through operational measures, optimized hull designs, advanced propulsion systems, and adoption of low-carbon fuels like hydrogen and ammonia. Includes reducing ship speeds ('slow steaming'), improving port operations, and retrofitting vessels with modern technologies to minimize emissions and fuel consumption.",1,1,0,0,0,1,0,Promotes equitable access to low-carbon shipping technologies for smaller operators. Supports vulnerable communities by reducing near-shore pollution and improving local air and water quality.,,20-39,,,,,high,5-10 years,"['Availability of low-carbon fuels', 'advancements in propulsion and hull design technologies', 'investments in port infrastructure', 'regulatory support for energy efficiency and emissions reductions']","['Reduction in shipping emissions', 'adoption rate of energy-efficient technologies', 'operational measures', 'number of retrofitted vessels', 'efficiency improvements in port operations']",,,,,,,,,,coastal_marine,2025-01-01,false,true
ipcc_0023,Improved Heat and Energy Recovery,{mitigation},,{ippu},{industrial_processes},{ghg_reduction},"Enhanced energy efficiency in industrial processes by recovering heat and energy from waste streams, improving process coupling, and adopting advanced technologies such as coke dry quenching, black liquor gasification, and top pressure recovery turbines. Includes reducing energy use in comminution, paper drying, and other industrial processes through optimized designs, operational improvements, and material efficiency strategies.",1,0,0,0,0,0,0,Supports equitable access to energy-efficient technologies and promotes sustainable practices in developing regions with high industrial emissions. Focuses on reducing resource competition and ensuring fair distribution of technological advancements.,,,,20-39,,,high,5-10 years,"['Availability of advanced technologies', 'supportive regulatory frameworks', 'investment in research and development', 'alignment with global standards for emissions reduction and energy efficiency']","['Reduction in industrial GHG emissions', 'adoption rates of heat and energy recovery technologies', 'energy intensity improvements in key industries', 'recycling rates']",,,,,,,,,,none,2025-01-01,false,false
ipcc_0024,Improved Fuel Delivery for Heating,{mitigation},,{ippu},{industrial_processes},{ghg_reduction},"Enhancing fuel delivery systems in the steel production process by implementing technologies such as pulverized coal injection, improving furnace designs and process controls, and optimizing fuel combustion for heating. Includes energy efficiency measures to reduce emissions from coal and coke used in conventional iron-making, and the potential adoption of alternative reductants like biomass and waste plastics.",1,0,0,0,0,0,0,"Supports the equitable deployment of energy-efficient technologies in developing economies, ensuring fair access to resources and reducing environmental pollution in industrial regions.",,,,20-39,,,high,5-10 years,"['Availability of advanced fuel delivery systems', 'supportive policy frameworks', 'investment in R&D for alternative reductants', 'industry-wide adoption of optimized process controls and technologies']","['Reduction in GHG emissions from heating in steel production', 'energy intensity improvements', 'increased adoption rates of pulverized coal injection and alternative fuels', 'reduced production of hazardous wastes']",,,,,,,,,,none,2025-01-01,false,false
ipcc_0025,Improved Efficiency of Furnace or Kilns,{mitigation},,{ippu},{industrial_processes},{ghg_reduction},"Enhancing the design and operation of furnaces and kilns to improve energy efficiency and reduce emissions. Includes technologies such as improved heat and energy recovery from process gases, advanced process controls, and better furnace designs to minimize temperature cycles and optimize fuel usage.",1,0,0,0,0,0,0,"Ensures that efficient furnace technologies are accessible to industries in developing economies, reducing pollution and improving workplace safety.",,,,20-39,,,high,5-10 years,"['Availability of advanced furnace designs', 'supportive policies and incentives', 'skilled workforce for installation and maintenance', 'industry-wide adoption of energy-efficient technologies']","['Reduction in energy intensity', 'GHG emissions', 'hazardous waste production', 'increased adoption of advanced furnaces', 'process controls']",,,,,,,,,,none,2025-01-01,false,false
ipcc_0026,Heat Recovery and Reuse through Heat Exchanger Networks or Heat Pumps,{mitigation},,{ippu},{industrial_processes},{ghg_reduction},"This action involves improving heat-use energy efficiency by utilizing heat exchanger networks and high-temperature heat pumps to recover and reuse waste heat in industrial processes. Techniques include reducing heat needs via thermal insulation, reusing waste heat at various temperature grades, and recycling waste heat for power generation through technologies such as mechanical vapor recompression and thermoelectric conversion.",1,0,0,0,0,0,0,"Ensures that advanced heat recovery technologies are accessible to small and medium industries, particularly in developing regions, helping them reduce energy costs and emissions.",,,,40-59,,,high,5-10 years,"['Availability of advanced heat recovery and pump technologies', 'skilled workforce for installation and maintenance', 'policy support for adoption of waste heat recovery systems']","['Increase in waste heat recovery rate', 'reduction in energy intensity', 'percentage of heat reused through high-efficiency systems']",,,,,,,,,,none,2025-01-01,false,false
ipcc_0028,Introduction of Energy Efficiency Technologies in Processing,{mitigation},,{ippu},{industrial_processes},{ghg_reduction},"Implementation of energy-efficient technologies in mining processes, particularly in comminution, by upgrading ore concentration methods, using efficient grinding and crushing technologies, and optimizing particle size feed. Other opportunities include improving separation, drying, and materials handling processes.",0,0,0,0,0,0,0,"Promotes equitable access to efficient technologies for small-scale mining operations, reducing energy costs and environmental impacts for vulnerable communities dependent on mining activities.",,,,20-39,,,high,5-10 years,"['Development of advanced comminution and ore sorting technologies', 'availability of renewable energy sources for power generation', 'policy support to incentivize adoption']","['Reduction in energy consumption per ton of ore processed', 'improvement in ore recovery ratio', 'reduction in GHG emissions from mining operations']",,,,,,,,,,none,2025-01-01,false,false
ipcc_0031,Smart Energy Management,{mitigation},,{ippu},{industrial_processes},{ghg_reduction},"The implementation of energy management systems using digitalisation and smart technologies to optimise energy use. These systems leverage real-time monitoring, advanced analytics, machine learning, and automation to improve energy efficiency, productivity, and cost-effectiveness.",0,0,0,0,0,1,1,"Facilitates access to energy-efficient technologies for small and medium enterprises, ensuring equitable participation in energy-saving initiatives.",,,,20-39,,,high,5-10 years,"['Availability of advanced technologies like sensors and machine learning systems', 'adequate digital infrastructure', 'supportive policies for energy efficiency adoption']","['Reduction in energy use', 'cost savings per production cycle', 'percentage improvement in process efficiency']",,,,,,,,,,none,2025-01-01,false,false
ipcc_0033,Electrification of Processes,{mitigation},,{ippu},{industrial_processes},{ghg_reduction},"Transitioning steel production processes to electrified methods such as molten oxide electrolysis, advanced direct reduction, and other methods powered by low-carbon electricity to reduce emissions and improve energy efficiency.",1,0,0,0,0,0,0,"Promotes equitable access to advanced electrification technologies and training for workforce, ensuring participation from underserved industrial sectors.",,,,60-79,,,high,5-10 years,"['Availability of low-carbon electricity', 'development of suitable anode materials', 'infrastructure for large-scale electrification in steel production']","['Reduction in emissions per ton of steel produced', 'increase in the share of electrified processes', 'energy savings in production stages']",,,,,,,,,,none,2025-01-01,false,false
ipcc_0037,Feedstock Decarbonisation,{mitigation},,{ippu},{product_use},{ghg_reduction},"Decarbonising feedstocks for industrial processes through Carbon Capture and Storage (CCS), Carbon Capture and Utilisation (CCU), and integration with low-carbon energy sources. This includes capturing carbon from various industrial emissions and reusing or storing it to reduce greenhouse gas emissions. Applications include creating synthetic fuels, chemicals, and materials while using renewable energy or biogenic carbon sources.",1,0,0,0,0,0,0,"Supports equitable industrial development by promoting access to cleaner technologies, especially for industries in developing regions, to reduce emissions without compromising economic growth.",,,,60-79,,,high,>10 years,"['Requires advancements in CCS and CCU technologies', 'availability of low-GHG electricity', 'supportive policies to incentivize industrial decarbonization']","['Reduction in GHG emissions from industrial processes', 'increase in the use of low-carbon feedstocks', 'the number of CCS/CCU projects implemented']",,,,,,,,,,none,2025-01-01,false,false
ipcc_0038,Carbon Capture and Utilization (CCU),{mitigation},,{ippu},{product_use},{ghg_reduction},"Capturing carbon dioxide (CO2) from industrial processes or combustion gases and reusing it for producing fuels, chemicals, and building materials. This process reduces emissions from the initial source and provides an alternative to using new fossil or biomass feedstocks.",1,0,0,0,0,0,0,"Ensures that benefits from CCU technologies are accessible to low-income regions, including reduced costs of building materials and fuels.",,,,20-39,,,high,5-10 years,"['Availability of clean energy for hydrogen production', 'development of CCU technologies', 'policies to support adoption']","['Quantity of CO2 captured and reused', 'reduction in emissions per ton of product', 'market penetration of CCU-derived products']",,,,,,,,,,none,2025-01-01,false,false
ipcc_0039,Carbon Capture and Storage (CCS),{mitigation},,{ippu},{product_use},{ghg_reduction},"Carbon Capture and Storage (CCS) involves capturing CO2 from industrial processes, energy generation, or the atmosphere and storing it in geological formations for millennia to prevent its release into the atmosphere. CCS technologies can also enable near-zero or negative emissions when combined with sustainably sourced biofuels or direct air capture, supporting decarbonization of hard-to-abate sectors.",1,0,0,0,0,0,0,"Supports equitable transition by providing decarbonization pathways for energy-intensive and hard-to-abate industries, ensuring jobs and economic stability in regions dependent on these sectors.",,,,80-100,,,high,>10 years,"['Requires the development of CO2 transport and storage infrastructure', 'supportive policy frameworks', 'sufficient clean energy for capture processes', 'incentives for adoption']","['Amount of CO2 captured and stored annually', 'percentage reduction in industrial emissions', 'operational capacity of CCS projects globally']",,,,,,,,,,none,2025-01-01,false,false
ipcc_0040,Design with Less / Lightweighting of Products,{mitigation},,{ippu},{industrial_processes},{ghg_reduction},"This action involves improving material efficiency by designing lighter products, optimizing material usage to maintain functionality, and incorporating circular economy principles such as reusability, repairability, and recyclability. It spans the entire product lifecycle, from design to end-of-life management.",0,0,0,0,0,0,0,"Promotes access to durable, affordable products for underserved communities and reduces waste in resource-constrained regions.",,,,40-59,,,medium,5-10 years,"['Availability of advanced materials', 'supportive policies for circular economy', 'stakeholder collaboration across supply chains', 'investment in R&D for lightweight materials', 'high-efficiency design methods']","['Reduction in material usage per product', 'increase in product lifespan', 'percentage of materials recovered and reused', 'reduction in GHG emissions from production processes']",,,,,,,,,,none,2025-01-01,false,false
ipcc_0041,Improved Material Utilization (Near-Net Shape Casting),{mitigation},,{ippu},{industrial_processes},{ghg_reduction},"This action focuses on enhancing material efficiency by adopting near-net shape casting and similar innovative manufacturing techniques. These methods reduce material wastage during production, improve yield from raw materials, and enhance energy efficiency by minimizing reprocessing. Strategies include optimizing product design, lightweighting, and improving recycling and reuse processes.",0,0,0,0,0,0,0,"Promotes access to advanced material-efficient technologies for industries of all scales, enabling smaller enterprises to participate in sustainable manufacturing practices.",,,,40-59,,,medium,5-10 years,"['Availability of advanced manufacturing technologies', 'workforce training', 'supportive regulations', 'access to materials for near-net shape casting']","['Reduction in material waste', 'increase in production yield', 'reduction in GHG emissions per unit of material produced']",,,,,,,,,,none,2025-01-01,false,false
ipcc_0042,"Design for Recovery, Reuse, or Repurposing",{mitigation},,{ippu},{industrial_processes},{ghg_reduction},"This action involves designing products to enable circular principles such as extended product life, reusability, repairability, and ease of recycling. It emphasizes lightweighting, material optimization, and improved recovery of materials at the end of their lifecycle through reuse, remanufacturing, or recycling.",0,0,0,0,0,0,0,"Ensures equitable access to advanced recycling and repurposing technologies, creating opportunities for underserved communities to participate in sustainable material management initiatives.",,,,40-59,,,high,5-10 years,"['Collaboration across supply chains', 'advances in recycling and remanufacturing technologies', 'supportive policy frameworks to incentivize adoption']","['Percentage of materials recovered and reused', 'reduction in production waste', 'decrease in GHG emissions per unit of product lifecycle']",,,,,,,,,,none,2025-01-01,false,false
ipcc_0044,Alternative feedstocks (e.g. in cement),{mitigation},,{ippu},{industrial_processes},{ghg_reduction},"Utilizing alternative feedstocks, such as blast furnace slag, fly ash, and pozzolans, to reduce the clinker-to-cement ratio in cement production. These alternatives lower emissions associated with calcination and energy-intensive processes. Improved material efficiency through high-strength concretes and innovative placement methods further reduces material usage.",1,0,0,0,0,0,0,"Promotes equitable access to innovative cement technologies and ensures benefits are shared across both developed and developing nations, fostering inclusive construction practices.",,,,40-59,,,high,5-10 years,"['Development and availability of alternative feedstocks', 'regulatory support for material substitution', 'investment in research and development for innovative concrete applications']","['Reduction in clinker-to-cement ratio', 'lower CO2 emissions per tonne of cement', 'increased adoption of alternative materials in cement production']",,,,,,,,,,none,2025-01-01,false,true
ipcc_0045,"Behavioral Changes for Reduced Waste (e.g., Food)",{mitigation},,{ippu},{industrial_processes},{ghg_reduction},"Encouraging behavioral changes to reduce waste in industrial processes and consumer habits, particularly in food production and consumption. This includes reducing food waste through better planning, optimizing portion sizes, and improving recycling and reuse practices in production and post-consumption stages.",1,0,0,1,0,0,1,"Promotes fair access to education and resources for waste reduction, particularly for low-income and underserved communities to improve resource efficiency and reduce waste management costs.",,,,20-39,,,medium,<5 years,"['Availability of infrastructure for waste collection and recycling', 'public awareness campaigns', 'supportive policy frameworks']","['Reduction in food waste percentage', 'increased recycling rates', 'reduced greenhouse gas emissions from waste management']",,,,,,,,,,none,2025-01-01,false,false
ipcc_0046,Optimised Dosing of Consumable Products,{mitigation},,{ippu},{product_use},{ghg_reduction},Encourages precise use of consumable products like detergents and fertilizers to minimize material and energy waste while maximizing product-service efficiency. This strategy aims to reduce material intensity and waste production in the industry sector.,0,0,0,0,0,0,0,"Ensures equitable access to educational resources and guidelines on the optimized use of consumables, benefitting underserved communities by reducing costs and improving efficiency.",,,,20-39,,,low,<5 years,"['Requires clear guidelines', 'consumer education campaigns', 'industry compliance with precise dosing recommendations']","['Reduction in material waste', 'increased adherence to dosing guidelines', 'measurable decreases in associated emissions']",,,,,,,,,,none,2025-01-01,false,true
ipcc_0047,Enhanced product service levels per product (e.g. product sharing),{mitigation},,{ippu},{industrial_processes},{ghg_reduction},"Promotes more intensive use of durable products by encouraging product sharing, which reduces the demand for new products and the associated GHG emissions from their manufacturing and supply chain.",0,0,0,1,0,1,1,"Supports equitable access to goods and services by reducing ownership costs, enabling underserved communities to participate in product-sharing initiatives.",,,,40-59,,,medium,5-10 years,"['Development of platforms and systems to facilitate product sharing', 'stakeholder collaboration', 'supportive policies to incentivize shared usage models']","['Number of shared product-service systems implemented', 'reduction in material demand per capita', 'decrease in GHG emissions from product manufacturing']",,,,,,,,,,none,2025-01-01,false,true
ipcc_0048,Design for extended product life-time,{mitigation},,{ippu},{product_use},{ghg_reduction},"Designing products with longer lifespans, increased reusability, repairability, and recyclability to reduce material use and improve resource efficiency. This includes optimizing product designs to minimize material consumption and emissions, supporting a circular economy.",0,0,0,0,0,0,1,"Promotes affordability of durable and reusable products, ensuring low-income populations have access to long-lasting, high-quality goods.",,,,40-59,,,medium,5-10 years,"['Requires collaboration across material supply chains', 'advancements in product design', 'supportive policy frameworks to incentivize circular economy practices']","['Reduction in material use per product', 'increase in product lifespan', 'rate of reuse and repair', 'reduction in GHG emissions from material production and waste']",,,,,,,,,,none,2025-01-01,false,true
ipcc_0049,Improved product stock maintenance to extend life-time,{mitigation},,{ippu},{industrial_processes},{ghg_reduction},Extending the lifespan of buildings and infrastructure by maintaining their structural integrity through improved product stock maintenance. This involves ensuring concrete structures remain functional for over 200 years.,0,0,0,0,0,0,0,"Supports affordable infrastructure by reducing the need for frequent rebuilding, benefiting underserved and resource-limited communities.",,,,40-59,,,medium,5-10 years,"['Development of advanced maintenance techniques', 'effective policies to promote longer building lifespans', 'education for construction professionals on durable practices']","['Increase in the average lifespan of buildings and infrastructure', 'reduction in cement demand per capita', 'overall CO2 emissions reductions in cement production']",,,,,,,,,,none,2025-01-01,false,false
ipcc_0050,Shift to a sufficiency behaviour,{mitigation},,{ippu},{industrial_processes},{ghg_reduction},"Promotes behavioral and consumption changes to reduce overall industrial emissions, emphasizing reduced demand for products, reuse and recycling, and more efficient use of resources.",0,0,0,1,0,0,0,"Ensures inclusive participation in sufficiency initiatives, enabling low-income groups to access cost-saving measures while promoting sustainable consumption across all economic strata.",,,,20-39,,,low,<5 years,"['Public awareness campaigns', 'supportive policies', 'integration of sustainability into business and governmental frameworks']","['Reduction in material and energy intensity per capita', 'decrease in waste generation rates', 'improvement in recycling and reuse statistics']",,,,,,,,,,none,2025-01-01,false,false
ipcc_0052,Reduce Deforestation and Degradation,{mitigation},,{afolu},{land},{ghg_reduction},"Reducing deforestation and forest degradation conserves carbon pools in forest vegetation and soil by avoiding tree cover loss and disturbance. This involves controlling drivers of deforestation, improving forest governance, and supporting community forest management.",1,1,0,0,0,0,0,"Promotes secure land tenure, supports community-based forest management, and ensures participation of marginalized and indigenous groups in decision-making processes.",,,,,60-79,,medium,5-10 years,"['Requires improved governance', 'clear land tenure policies', 'funding for protected areas', 'community participation in forest conservation efforts']","['Reduction in deforestation rates', 'increased forest cover', 'the amount of GHG emissions avoided per year']",,,,,,,,,,tropical_rainforest,2025-01-01,false,false
ipcc_0053,"Afforestation, Reforestation and Forest Ecosystem Restoration",{mitigation},,{afolu},{land},{ghg_reduction},"Activities focused on converting land to forests, restoring degraded forests, and prioritizing ecological integrity. Afforestation targets historically non-forested land, while reforestation targets previously forested areas. Efforts include enhancing biodiversity, improving ecosystem services, and increasing carbon sequestration.",0,1,1,0,0,0,0,"Supports local livelihoods, promotes land-use equity, and ensures inclusive stakeholder participation in afforestation and restoration programs.",,,,,60-79,,high,5-10 years,"['Requires funding for land restoration', 'access to suitable species for planting', 'local community engagement', 'monitoring systems for ecosystem integrity and carbon sequestration']","['Area of land reforested or afforested', 'carbon sequestration rates', 'improvement in biodiversity indices', 'ecosystem service metrics such as water regulation and soil quality']",,,,,,,,,,none,2025-01-01,false,false
ipcc_0054,Improved Forest Management,{mitigation},,{afolu},{land},{ghg_reduction},"Sustainable forest management of already managed forests to increase carbon stocks, improve wood quality, mitigate disturbances, and provide co-benefits like biodiversity conservation, water regulation, and soil protection. Includes longer rotations, reduced harvesting, mixed stands, and climate-smart forestry.",0,1,1,0,0,0,0,"Promotes inclusive participation in forest management and provides support for smallholders and local communities, especially in tropical regions where sustainable practices can enhance livelihoods and mitigate climate change.",,,,,40-59,,high,5-10 years,"['Requires expertise in sustainable forestry', 'investment in nurseries with adapted species', 'supportive policies', 'incentives to overcome economic barriers', 'ensure accessibility for local stakeholders']","['Increase in forest carbon stocks', 'reduction in GHG emissions', 'improvements in biodiversity indicators', 'reduction in soil erosion and water-related issues']",,,,,,,,,,none,2025-01-01,false,false
ipcc_0055,Fire Management (Forest and Grassland / Savanna Fires),{mitigation},,{afolu},{land},{ghg_reduction},"Implementation of fire management practices, including prescribed burning and natural resource management, to reduce uncontrolled wildfires in forests and savannas. Focuses on safeguarding life, property, and resources while mitigating GHG emissions and maintaining carbon stocks.",1,0,0,0,0,0,0,"Promotes equitable access to fire management resources, focusing on capacity building and governance in vulnerable or underserved regions such as least developed countries in Africa.",,,,,20-39,,medium,5-10 years,"['Effective governance frameworks', 'access to research and technology for fire management', 'community engagement', 'alignment with regional legal and policy frameworks']","['Reduction in frequency and intensity of uncontrolled wildfires', 'Area managed with prescribed burns', 'Reduction in GHG emissions from fires', 'Improvement in biodiversity and soil health metrics']",,,,,,,,,,none,2025-01-01,false,false
ipcc_0056,Reduce Degradation and Conversion of Grasslands and Savannas,{mitigation},,{afolu},{land},{ghg_reduction},"This action involves preventing the conversion of grasslands and savannas to croplands to avoid soil carbon loss and mitigate GHG emissions. It includes activities such as vegetation management, animal management, and fire management to enhance soil carbon sequestration and conserve biodiversity.",0,0,0,0,0,0,0,"Promotes conservation practices that benefit local communities, protect vulnerable ecosystems, and enhance landowners' economic resilience through sustainable use of grasslands.",,,,,20-39,,medium,5-10 years,"['Strong policy frameworks', 'financial incentives for conservation', 'collaboration between governments', 'local communities', 'landowners to implement sustainable practices']","['Reduction in conversion rates of grasslands', 'increase in soil organic carbon levels', 'measurable reduction in GHG emissions from targeted areas']",,,,,,,,,,grassland_savanna,2025-01-01,false,false
ipcc_0057,"Reduce Degradation and Conversion of Peatlands Activities, Co-benefits, Risks and Implementation Barriers",{mitigation},,{afolu},{land},{ghg_reduction},"Prevent conversion and degradation of peatlands to avoid emissions from vegetation clearing, fires, and peat decomposition. Includes improving governance and management to preserve carbon-rich ecosystems critical for biodiversity and carbon storage.",0,1,1,0,0,0,0,"Promotes equitable access to preserved peatland resources while reducing health risks caused by fire-related pollutants, especially for vulnerable and rural communities.",,,,,40-59,,high,5-10 years,"['Requires strong governance', 'financial support', 'international cooperation', 'policies to control land conversion drivers', 'such as agriculture', 'mining', 'urban development']","['Reduction in peatland conversion rates', 'avoided emissions per hectare', 'improvements in biodiversity and water quality metrics']",,,,,,,,,,wetlands,2025-01-01,false,false
ipcc_0058,Peatland Restoration,{mitigation},,{afolu},{land},{ghg_reduction},"Peatland restoration involves rewetting and revegetating degraded peatlands to increase carbon accumulation in vegetation and soils, while avoiding ongoing CO2 emissions. This includes restoring hydrology, reducing fire risk, and maintaining ecosystem services like water regulation and flood prevention. It also addresses biodiversity conservation and paludiculture.",0,1,1,0,0,0,1,"Promotes the inclusion of local communities in planning and implementation, ensures alternative livelihoods are maintained, and addresses potential conflicts over land use.",,,,,60-79,,high,>10 years,"['Availability of funding', 'collaboration among local and national stakeholders', 'scientific research on optimal restoration practices', 'policies to incentivize restoration efforts']","['Availability of funding', 'collaboration among local and national stakeholders', 'scientific research on optimal restoration practices', 'policies to incentivize restoration efforts']",,,,,,,,,,wetlands,2025-01-01,false,true
ipcc_0060,Coastal Wetland Restoration,{mitigation},,{afolu},{land},{ghg_reduction},"Coastal wetland restoration involves restoring degraded or damaged coastal ecosystems, including mangroves, salt marshes, and seagrass beds, to sequester ""blue carbon"" in vegetation and soils. Restoration includes passive (removal of degradation drivers) and active (environmental manipulation) approaches to reinstate ecosystem functions and carbon sequestration potential.",0,1,1,0,0,0,0,"Involves local communities in decision-making, implementation, and monitoring stages to ensure equitable access to ecosystem benefits and protection of vulnerable coastal populations.",,,,,40-59,,high,>10 years,"['Requires long-term commitments', 'supportive policies', 'funding', 'monitoring frameworks', 'technical capacity', 'to address drivers of degradation', 'ensure restoration success']","['Area of wetlands restored', 'carbon sequestration rates', 'biodiversity recovery metrics', 'reduction in storm damage costs', 'water quality improvements']",,,,,,,,,,none,2025-01-01,false,false
ipcc_0061,Soil Carbon Management in Croplands and Grasslands,{mitigation},,{afolu},{land},{ghg_reduction},"Implementation of sustainable soil management practices in croplands and grasslands to enhance soil organic carbon. Practices include improved crop and nutrient management, reduced tillage, residue retention, water and rice management, biochar application, improved grass varieties, livestock stocking management, and fire management. These activities aim to increase soil organic matter, mitigate GHG emissions, and provide co-benefits for biodiversity, water provision, and food security.",0,1,0,0,0,0,0,Promotes inclusion of smallholder farmers and resource-limited communities by providing cost-effective and regionally adaptable practices that improve agricultural productivity and resilience to climate change.,,,,,60-79,,low,5-10 years,"['Success depends on the availability of resources for monitoring and verification', 'regional adaptation of practices', 'addressing barriers such as soil saturation and permanence issues']","['Increase in soil organic carbon', 'reduction in GHG emissions', 'improvement in agricultural productivity', 'biodiversity enhancements']",,,,,,,,,,none,2025-01-01,false,true
ipcc_0062,Biochar,{mitigation},,{afolu},{land},{ghg_reduction},"Biochar is produced by heating organic matter (e.g., forestry residues, straw, manure) in oxygen-limited environments. It has significant mitigation potential through carbon dioxide removal (CDR), reduced greenhouse gas emissions, and soil application benefits like improved fertility and reduced N2O emissions.",0,0,0,0,0,0,0,"Promotes access to sustainable biochar technologies for smallholder farmers and developing regions, improving food security and livelihoods.",,,,,20-39,,high,5-10 years,"['Availability of sustainably sourced biomass', 'standardization of production methods', 'monitoring systems', 'incentives for scaling up biochar production and application']","['Carbon sequestration rates', 'reduction in soil N2O emissions', 'crop yield improvements', 'displacement of fossil fuel use through pyrolysis gases']",,,,,,,,,,none,2025-01-01,false,false
ipcc_0063,Agroforesry,{mitigation},,{afolu},{land},{ghg_reduction},"Agroforestry integrates trees and shrubs with crops and/or livestock to sequester carbon, enhance soil health, reduce soil erosion, improve water quality, and diversify livelihoods. It also offers co-benefits like mitigating regional climates and increasing land productivity while addressing risks like biodiversity and hydrology impacts.",0,1,1,0,0,0,1,"Supports smallholder farmers by providing access to tools, market opportunities, and information while addressing barriers like land tenure, credit access, and species selection suitable for local contexts.",,,,,40-59,,medium,5-10 years,"['Requires access to appropriate germplasm', 'supportive policies', 'extension systems', 'credit access', 'reforms in land tenure systems', 'Adoption depends on aligning agroforestry practices to biophysical and socio-economic contexts']","['Carbon sequestration rates (above and below ground)', 'improved soil health metrics', 'increase in farmer income', 'reduction in soil erosion', 'adoption rates of agroforestry systems']",,,,,,,,,,none,2025-01-01,false,true
ipcc_0064,Enteric fermentation,{mitigation},,{afolu},{livestock},{ghg_reduction},"This action targets methane (CH4) emissions from enteric fermentation in livestock through direct interventions like feed additives, inhibitors, or vaccines, and indirect measures like improving production efficiency through better breeding and husbandry practices. It also includes early-life manipulation of the ruminal biome.",0,0,0,0,0,0,0,"Supports small-scale farmers in accessing advanced technologies and breeding programs, with special focus on developing countries where feed quality improvement can enhance livestock productivity.",,,,,20-39,,medium,5-10 years,"['Development and regulatory approval of feed additives, vaccines, and inhibitors', 'regional adaptation of mitigation strategies', 'overcoming barriers like costs, infrastructure, and public acceptance']","['Reduction in CH4 emissions per animal', 'adoption rates of improved feeding practices', 'increase in production efficiency per unit of livestock product']",,,,,,,,,,none,2025-01-01,false,false
ipcc_0066,Crop nutrient management,{mitigation},,{afolu},{land},{ghg_reduction},"Implementation of improved crop nutrient management practices to reduce N2O emissions from cropland soils. Practices include optimizing fertilizer application rates, timing, and types; using nitrification inhibitors and slow-release fertilizers; and integrating nutrient management techniques such as crop rotations, cover crops, and bio-fertilizer application.",0,1,1,0,0,0,0,"Promotes sustainable agricultural practices that can be adapted for smallholder and large-scale farms, addressing regional imbalances in fertilizer access and ensuring inclusivity in adoption of new technologies.",,,,,20-39,,medium,5-10 years,"['Availability of training and technical support for farmers', 'development of regional nutrient management roadmaps', 'access to affordable fertilizers and inhibitors']","['Reduction in N2O emissions', 'improvement in crop yields', 'increase in soil carbon sequestration', 'reduction in fertilizer use per hectare']",,,,,,,,,,none,2025-01-01,false,true
ipcc_0067,Manure management,{mitigation},,{afolu},{livestock},{ghg_reduction},"Manure management measures aim to mitigate CH4 and N2O emissions from manure storage and deposition through techniques such as anaerobic digestion, nitrification inhibitors, composting, improved storage and application practices, grazing practices, and livestock diet alteration. Co-benefits include improved nutrient recovery, fertiliser value, and biogas production.",1,1,1,0,0,0,0,"Supports small-scale anaerobic digestion technologies and regionally applicable measures in developing countries, providing economic opportunities and improving resilience for underserved farming communities.",,,,,20-39,,high,5-10 years,"['Development of cost-effective anaerobic digestion systems', 'supportive policies for nitrification inhibitors', 'region-specific training programs', 'accessible financing for farmers']","['Reduction in CH4 and N2O emissions from manure storage', 'increased adoption of anaerobic digestion systems', 'improved nitrogen use efficiency', 'enhanced biogas production']",,,,,,,,,,none,2025-01-01,false,false
ipcc_0069,Shift to sustainable healthy diets,{mitigation},,{afolu},{livestock},{ghg_reduction},"Transitioning dietary patterns to promote individual health and well-being while minimizing environmental impacts. Focuses on reducing animal-based food consumption, particularly from ruminant animals, and increasing plant-based food consumption to reduce GHG emissions and preserve biodiversity.",0,1,0,0,0,0,0,"Promotes access to affordable, culturally acceptable diets that meet nutritional needs, particularly in underserved and vulnerable communities. Policies address equity in food access and mitigate adverse economic impacts on agricultural sectors.",,,,,40-59,,medium,5-10 years,"['Implementation of integrated food-system policies', 'financial incentives for sustainable agriculture', 'awareness campaigns', 'the development of local food systems to support dietary transitions']","['Reduction in GHG emissions from food production', 'reduction in land use for livestock', 'increase in plant-based food consumption', 'improvement in public health metrics related to diet-related diseases']",,,,,,,,,,none,2025-01-01,false,false
ipcc_0070,Reduce food loss and waste,{mitigation},,{afolu},{land},{ghg_reduction},"Reduction of food loss and waste (FLW) through improved harvesting and post-harvesting technologies, mandatory reporting, reduction targets, consumer awareness campaigns, taxation, and marketing of imperfect food products. Includes measures across the entire food supply chain to minimize spoilage and waste.",0,1,1,1,0,0,0,"Supports vulnerable communities by reducing food insecurity and poverty, while addressing resource competition and improving access to affordable food.",,,,,20-39,,medium,5-10 years,"['Adequate infrastructure for food storage and transportation', 'policy frameworks for waste reduction', 'financial incentives', 'widespread consumer education to change behaviors']","['Reduction in food waste percentages at consumer and business levels', 'decrease in land used for agricultural production', 'measurable GHG emission reductions across the food supply chain']",,,,,,,,,,none,2025-01-01,false,false
ipcc_0071,Improved and enhanced use of wood products,{mitigation},,{afolu},{land},{ghg_reduction},"Promotes the use of sustainably harvested wood for material substitution (e.g., replacing concrete or steel) and increasing carbon storage in wood products. Includes strategies like increasing recycling, extending product lifetimes, and shifting to long-lived wood products.",0,0,1,0,0,0,0,"Supports local and indigenous communities by creating sustainable livelihoods, promoting equitable forest resource management, and enhancing access to long-term benefits.",,,,,40-59,,medium,5-10 years,"['Requires sustainable forest management practices', 'advanced wood processing technologies', 'market demand for wood substitutes', 'global cooperation to prevent resource exploitation']","['Increased use of wood products in construction', 'reduction in GHG emissions from material substitution', 'increase in recycled wood product utilization rates']",,,,,,,,,,none,2025-01-01,false,false
ipcc_0072,Urban Form,{mitigation},,{transportation},{on-road},{ghg_reduction},"Developing urban areas with medium to high densities of housing, jobs, and commerce; a high mix of land uses; connected streets; and high accessibility. This layout reduces vehicle miles traveled and supports low-carbon transportation and energy efficiency.",1,0,0,1,0,1,0,"Promotes accessibility for underserved communities through inclusive planning, ensuring equitable access to jobs, housing, and services.",,20-39,,,,,high,>10 years,"['Requires integrated spatial planning', 'infrastructure development', 'zoning regulations', 'public transport investment']","['Reduction in vehicle miles traveled', 'increase in public transport usage', 'percentage of urban areas with mixed-use development', 'lower per capita energy use in urban areas']",,,,,,,,,,none,2025-01-01,false,true
ipcc_0073,"Co-located Housing and Jobs, Mixed Land Use, and High Street Connectivity",{mitigation},,{transportation},{on-road},{ghg_reduction},"This action integrates spatial planning strategies based on the 5Ds of transit-oriented development (density, diversity, design, destination accessibility, and distance to transit). It aims to reduce vehicle miles traveled (VMT) and transport-related GHG emissions by increasing residential and job densities, improving street connectivity, and encouraging mixed land uses.",1,0,0,1,1,1,1,"Promotes equitable access to jobs and housing by improving public transit, increasing affordable housing options near employment hubs, and reducing commuting burdens for underserved communities.",,20-39,,,,,high,5-10 years,"['Requires effective urban planning', 'policy support for mixed land use', 'investment in public transit infrastructure', 'cooperation across municipal agencies']","['Reduction in VMT', 'increase in public transit ridership', 'decrease in transport-related GHG emissions', 'improved accessibility to jobs and housing']",,,,,,,,,,none,2025-01-01,false,true
ipcc_0074,Spatial Planning for Compact Urban Form,{mitigation},,{stationary_energy},{commercial_and_institutional_buildings_and_facilities},{ghg_reduction},"Integrated spatial planning promotes compact urban form to reduce GHG emissions by increasing urban efficiency, supporting sustainable infrastructure such as district heating/cooling networks, and enhancing green areas. Co-design processes improve public acceptance and institutional capacity to support coordinated mitigation strategies.",1,0,1,0,1,1,0,"Balances urban densification with affordable housing and equitable green space access, ensuring that low-income and vulnerable populations benefit from urban planning initiatives.",60-79,,,,,,high,>10 years,"['High institutional capacity for cross-sector collaboration', 'advanced GIS tools for spatial planning', 'stakeholder engagement for co-design processes']","['Reduction in GHG emissions per capita', 'adoption rates of district heating/cooling systems', 'proportion of urban population with access to green areas']",,,,,,,,,,none,2025-01-01,false,false
ipcc_0076,Switching to Net-zero-emissions Materials and Supply Chains,{mitigation},,{ippu},{industrial_processes},{ghg_reduction},"Transition to net-zero embodied carbon in construction materials and supply chains by substituting emissions-intensive materials like steel and concrete with engineered timber systems. This includes mass timber technologies for mid-rise urban buildings, integrating sustainable forestry, recycling, and reuse.",1,0,0,0,0,0,0,Supports regions with low forest cover through sustainable timber trade and agroforestry practices to reduce land-use conflicts. Promotes job creation in sustainable forestry and timber industries.,,,,60-79,,,high,>10 years,"['Sustainable forestry management', 'international carbon accounting standards', 'development of mass timber technologies', 'robust forest and urban land governance policies', 'incentivized afforestation practices']","['Reduction in embodied carbon in construction', 'number of mid-rise urban buildings using engineered timber', 'carbon sequestration capacity of urban timber infrastructure', 'improvement in sustainable forestry practices']",,,,,,,,,,none,2025-01-01,false,false
ipcc_0078,"Green Roofs, Green Walls, and Greenways",{mitigation},,{stationary_energy},{commercial_and_institutional_buildings_and_facilities},{ghg_reduction},"The implementation of green roofs, green walls, and greenways mitigates urban heat island effects, improves thermal comfort, reduces energy demand in buildings, manages stormwater, and promotes active transportation through connected green spaces, contributing to emissions reductions and urban livability.",1,1,1,0,0,1,1,Provides green infrastructure that benefits underserved communities by improving access to public green spaces and supporting healthier urban environments.,20-39,,,,,,high,5-10 years,"['Requires local government coordination', 'community engagement', 'urban planning integration', 'adequate funding for infrastructure development and maintenance']","['Reduction in building energy consumption', 'increase in urban green coverage', 'stormwater retention rates', 'increased active transportation use (cycling/walking)', 'improved thermal comfort']",,,,,,,,,,none,2025-01-01,false,false
ipcc_0080,"Avoiding, Minimising, and Recycling Waste",{mitigation},,{waste},{disposal_of_solid_waste_generated_in_the_city},{ghg_reduction},"Implementation of waste hierarchy principles to reduce waste generation, improve source separation, and increase recycling and composting. Promotes decentralized waste management, home composting, and circular economy approaches to transform waste into energy or by-products while minimizing transport-related emissions.",1,0,0,1,0,1,1,"Supports informal workers in waste management, provides employment opportunities, and reduces inequalities by integrating informal sectors into formal systems. Ensures cost-sharing and benefit distribution among stakeholders.",,,40-59,,,,medium,5-10 years,"['Requires institutional capacity', 'governance', 'cross-sectoral coordination', 'public awareness campaigns', 'needs infrastructure for decentralized waste treatment', 'policies to promote circular economy practices']","['Reduction in waste generation per capita', 'increase in recycling and composting rates', 'reduction in CH4 emissions from waste', 'employment opportunities created in waste management']",,,,,,,,,,none,2025-01-01,false,true
ipcc_0081,Coastal Accommodation,{adaptation},"{floods,sea-level-rise}","{road_infrastructure,geo-hydrological_disasters}",,{climate_resilience},"Raising dwellings and key infrastructure such as coastal roads above ground level to reduce flooding impacts in small islands, with government subsidies supporting elevated houses in flood-prone areas.",0,0,1,-1,1,0,1,"Provides flood mitigation and safety for vulnerable coastal populations, though local opposition has limited implementation in some areas.",,,,,,medium,high,5-10 years,"['Government subsidies', 'Community support', 'Availability of construction materials']","['Percentage of houses elevated', 'Reduction in flood-related damages', 'Number of roads raised']",,,,"""high""","""medium""",,,,,coastal_marine,2025-01-01,false,true
ipcc_0083,Strategic coastal retreat,{adaptation},"{sea-level-rise,floods,storms,landslides}","{geo-hydrological_disasters,public_health}",,{climate_resilience},"Planned relocation and retreat of people, assets, and activities from coastal hazard zones to reduce exposure and risks caused by sea-level rise and associated coastal hazards.",0,1,2,-1,1,1,1,"Strategic retreat ensures inclusion of vulnerable populations, respecting cultural ties, and addressing place-attachment and livelihoods.",,,,,,high,high,>10 years,"['Suitable and affordable land', 'Adequate financing', 'Effective governance and planning', 'Community engagement']","['Number of communities relocated', 'Reduction in exposure to hazards', 'Restoration of ecosystem services in retreat zones']",,,,"""high""","""high""","""high""","""high""",,,coastal_marine,2025-01-01,false,false
ipcc_0084,Restore/create natural areas,{adaptation},"{sea-level-rise,floods,storms,droughts}","{biodiversity,water_resources,geo-hydrological_disasters}",,{climate_resilience},"Restoration and conservation of marine and coastal habitats, such as mangroves, vegetated dunes, seagrasses, coral reefs, and kelp forests, to protect coastal communities, support biodiversity, sequester carbon, and mitigate climate change. Efforts include creating marine protected areas, active restoration of coral reefs, ridge-to-reef management, restoring\n dunes, planting salinity-tolerant trees, increasing forest cover, detect and manage forest pests.",1,2,2,1,1,0,1,Promotes inclusion by protecting ecosystems that support vulnerable coastal communities and enhances livelihoods through sustainable fisheries and recreation opportunities.,,,,,,high,medium,5-10 years,"['Community engagement', 'Funding for restoration projects', 'Integration of local knowledge', 'Sustainable management of marine resources']","['Area of habitats restored', 'Reduction in coastal flooding incidents', 'Improvement in biodiversity indices', 'Carbon sequestration capacity']",,"""medium""",,"""high""","""high""",,"""high""",,,coastal_marine,2025-01-01,false,false
ipcc_0085,Reduce ecosystem stress,{adaptation},"{droughts,floods,sea-level-rise,wildfires,storms}","{biodiversity,water_resources,geo-hydrological_disasters}",,{climate_resilience},"Reduce pollution, eutrophication, and anthropogenic pressures on natural systems, including marine and terrestrial ecosystems. Efforts include managing runoff, protecting sensitive habitats like the Great Barrier Reef, addressing non-climate drivers, promoting sustainable fisheries harvest, and increasing connectivity between natural areas to enhance ecosystem resilience.",1,2,2,0,0,0,1,"Supports vulnerable communities reliant on ecosystems for livelihoods by improving ecosystem services, promoting sustainable fisheries, and ensuring access to connected habitats that can mitigate climate-related hazards.",,,,,,high,medium,5-10 years,"['Enforcement of pollution regulations', 'Funding for ecosystem restoration', 'Monitoring fish stocks and habitat connectivity', 'Community engagement', 'Strategic habitat restoration planning']","['Reduction in pollutant levels', 'Improvement in water quality indices', 'Increase in biodiversity resilience scores', 'Reduction in frequency of ecosystem stress events', 'Increase in sustainable fishery yields', 'Increase in habitat connectivity']",,"""medium""",,"""high""","""high""",,"""high""","""medium""",,none,2025-01-01,false,false
ipcc_0086,Ecosystem-based adaptation,{adaptation},"{storms,sea-level-rise,heatwaves,floods}","{biodiversity,geo-hydrological_disasters,water_resources,public_health}",,{climate_resilience},"Restoring and sustainably managing marine, coastal, urban, riverine, and wetland ecosystems to protect against climate hazards such as storm surges, floods, and heatwaves. Efforts include agroecology, coastal and marine vegetation and reefs, vegetation corridors, mangrove habitat restoration, urban green space to reduce temperatures. These actions improve biodiversity, store carbon, enhance water quality, and provide socio-economic and cultural co-benefits.",1,2,2,0,1,1,1,"Supports vulnerable communities by enhancing climate resilience, promoting equitable access to ecosystem services, and creating livelihood opportunities, especially for marginalized and underserved populations.",,,,,,high,medium,5-10 years,"['Community engagement', 'Regulatory support', 'Financial investment', 'Urban planning', 'Climate-resilient vegetation', 'Biodiversity assessments', 'Catchment management', 'Upstream planning', 'Sustainable funding']","['Reduction in storm surge damage', 'Carbon sequestration rates', 'Increased biodiversity', 'Temperature reduction in urban areas', 'Improved water quality', 'Access to green spaces by underserved communities', 'Reduction in flood events', 'Enhanced ecosystem health']",,,"""high""","""high""","""high""",,"""high""",,,none,2025-01-01,false,false
ipcc_0088,Building codes,{adaptation},"{floods,landslides}","{road_infrastructure,geo-hydrological_disasters}",,{climate_resilience},"The development and implementation of building codes and architectural design regulations aimed at integrating climate adaptation parameters. These codes are focused on reducing risks from climate-induced hazards like floods and landslides. They also support climate-resilient urban development by guiding land use, construction practices, and infrastructure standards. The initiative fosters strategic long-term urban planning to coordinate public and private investments in adaptation, including the creation of safe zones and the transformation of precarious settlements. It ensures that new infrastructure is resilient to climate risks and that urban spaces are safe and sustainable for current and future populations.",2,0,1,1,2,1,1,Promotes inclusive urban planning by addressing risks in informal and precarious settlements and integrating eco-parks and eco-gardens for vulnerable populations.,,,,,,high,medium,5-10 years,"['Integration with local climate risk assessments', 'Strategic collaboration between urban planners and municipal authorities']","['Reduction in urban flood incidents', 'Increased availability of safe housing in risk areas', 'Implementation rate of eco-parks and eco-gardens in vulnerable areas']",,,,"""high""",,"""high""",,,,none,2025-01-01,false,false
ipcc_0089,Spatially redirect development,{adaptation},"{floods,heatwaves,sea-level-rise}","{water_resources,food_security,geo-hydrological_disasters}",,{climate_resilience},"Use zoning and land-use planning to regulate coastal development by implementing spatial development strategies that consider environmental vulnerabilities, protect ecosystems, and mitigate risks from flooding, heatwaves, and sea-level rise. This includes ensuring that development is directed away from high-risk areas, integrating climate adaptation considerations into urban planning, and promoting sustainable practices to close adaptation gaps while addressing urban inequality.",1,1,2,-1,1,0,2,Addresses inequality in urban populations by targeting the poorest quintiles and ensuring equitable adaptation deployment.,,,,,,medium,medium,5-10 years,"['Effective governance frameworks', 'Community engagement', 'Financial investments', 'Technical expertise']","['Reduction in adaptation gap', 'Decrease in urban vulnerability disparities', 'Improved resilience of coastal areas']",,,"""medium""","""medium""","""medium""",,,,,coastal_marine,2025-01-01,false,false
ipcc_0090,Insurance,{adaptation},"{droughts,floods,storms}","{food_security,water_resources,energy_security}",,{climate_resilience},"nsurance provides financial risk management tools tailored to climate-induced challenges. This includes traditional agricultural insurance to protect farmers from weather-related losses and innovative index-based insurance solutions. Index-based insurance leverages measurable weather indices, such as rainfall or temperature, to trigger payouts automatically when thresholds are reached, bypassing the need for loss verification. These tools help stabilize incomes, encourage investment in climate-resilient practices, and reduce the economic vulnerability of stakeholders in agriculture, aquaculture, and energy sectors. Furthermore, bundled insurance products with additional services like fertilizer or seed access enhance overall resilience, particularly in underserved and rural communities. By mitigating risks associated with droughts, floods, and storms, insurance supports sustainable development and adaptation goals",0,1,0,-1,0,0,2,"Supports small-scale farmers, marginalized communities, and those in vulnerable areas by improving access to financial resilience tools and mitigating climate-related risks",,,,,,medium,medium,<5 years,"['Availability of climate data', 'Regulatory frameworks', 'Collaboration among financial institutions and governments']","['Increase in number of insurance beneficiaries', 'Reduction in economic losses from extreme events', 'Adoption of index-based insurance products']",,"""high""",,"""medium""",,,"""medium""",,,none,2025-01-01,false,false
ipcc_0091,Diversification of livelihoods,{adaptation},"{storms,sea-level-rise}","{food_security,biodiversity}",,{climate_resilience},"Diversifying income-generating activities within fisheries and mariculture sectors to mitigate the economic impacts of climate change. This includes shifting target species, adapting harvest tactics, and transitioning to mariculture and ecotourism. Technology and infrastructure upgrades improve marine harvest efficiency and promote sustainable resource management. These adaptations aim to stabilize fisheries, enhance sustainability, and protect livelihoods under shifting marine species distributions and climate variability.",0,1,2,1,0,0,2,Promotes equitable opportunities for vulnerable fishing communities by supporting transitions to alternative employment sectors like ecotourism and mariculture.,,,,,,high,medium,<5 years,"['Investment in education', 'infrastructure', 'technology to support the transition to diversified livelihoods']","['Increase in income diversity', 'employment rates in alternative sectors', 'reduction in overexploitation of marine species']",,,,,"""high""",,"""high""",,,coastal_marine,2025-01-01,false,false
ipcc_0092,Social safety nets,{adaptation},"{droughts,heatwaves,floods,storms}","{food_security,public_health}",,{climate_resilience},"Social safety nets encompass adaptive social protection mechanisms to reduce food insecurity and malnutrition, especially for vulnerable populations. These include cash transfers, school feeding programs, public work initiatives, unemployment compensation, land reforms, credit and insurance schemes. Integrated approaches combine climate risk assessments with disaster risk reduction, education, and social equity to enhance resilience to climate stresses.",0,1,1,2,1,0,2,"Enhances the social status and rights of marginalized groups, protects vulnerable populations, reduces inequalities, and promotes education and gender equity.",,,,,,high,medium,5-10 years,"['Integration of climate and disaster risk into social protection', 'education programs', 'coordination with sustainable livelihoods and financial inclusion initiatives']","['Reduction in malnutrition rates', 'Increase in education access for vulnerable groups', 'Participation in social protection programs']",,"""high""","""high""","""medium""",,,"""medium""",,,none,2025-01-01,false,false
ipcc_0094,Access to health care,{adaptation},"{heatwaves,floods,droughts}","{public_health,water_resources}",,{climate_resilience},"Enhancing access to health care services, including health and nutrition services, clean water, sanitation, and culturally appropriate mental health resources. Expanding telemedicine capabilities enables efficient health service delivery, particularly for remote and underserved populations. Strengthening basic public health systems and disaster preparedness can rapidly reduce vulnerability to climate-related health risks.",1,2,0,1,1,0,2,"Promotes equitable access to health care for marginalized and vulnerable groups, including homeless populations, remote communities, and those affected by housing inequities.",,,,,,high,medium,5-10 years,"['Investment in telemedicine technologies', 'Strengthened governance of public health systems', 'Capacity building for health workers', 'Infrastructure upgrades for health facilities']","['Reduction in climate-related mortality', 'Increased access to telemedicine', 'Number of culturally tailored health programs implemented', 'Improved water and sanitation access metrics']",,"""high""","""high""","""high""",,,,,,none,2025-01-01,false,false
ipcc_0095,Disaster early warning,{adaptation},"{heatwaves,droughts,storms}","{public_health,biodiversity,geo-hydrological_disasters}",,{climate_resilience},"Establishing and maintaining early warning systems for disasters, including marine heatwaves, pest outbreaks, and heatwaves. These systems involve timely information dissemination to individuals, communities, and emergency services, enabling proactive measures to mitigate risks. Heat Action Plans (HAPs) are part of these systems and include detailed strategies like urban planning with nature-based solutions (e.g., green-blue spaces, cool materials), public awareness campaigns, and targeted measures for vulnerable groups (e.g., elderly, children, outdoor workers). Critical actions also include evaluation of system effectiveness post-disaster, lessons sharing, and improvements for better preparedness in future events.",2,1,2,0,0,1,2,"Focuses on addressing vulnerabilities among low-income groups, elderly, pregnant women, children, and outdoor workers by incorporating targeted communication, access to cool areas, and specific health interventions. Promotes equity by engaging marginalized communities in planning and ensuring access to necessary resources.",,,,,,high,medium,<5 years,"['Coordination among emergency services and health agencies', 'Investment in urban planning and nature-based solutions', 'Community education and public awareness campaigns', 'Technological infrastructure for early warning systems']","['Reduction in heatwave-related mortality rates', 'Timeliness of warnings', 'Public awareness levels', 'Community adoption of protective measures']",,"""medium""","""high""",,,,"""high""",,,none,2025-01-01,false,true
ipcc_0096,Farm/fishery improvements,{adaptation},"{droughts,heatwaves,floods,wildfires,storms}","{food_security,biodiversity,water_resources}",,{climate_resilience},"Implementing a range of strategies to adapt farms and fisheries to climate impacts. This includes changing fishing gear or vessel power, adopting new crop varieties or adjusting planting schedules, improving irrigation schemes, integrating crop and livestock systems, relocating livestock with improved pasture management, and adopting agroecological and agroforestry systems. Technological innovations like smart farming and financial measures such as subsidies support these adaptations.",1,2,2,1,0,0,2,"Ensures access to resources for marginalized farmers and fishers, promotes diverse livelihood options, and builds resilience in underserved communities.",,,,,,high,medium,5-10 years,"['Policy support for climate-resilient agriculture and fisheries', 'Access to finance and subsidies', 'Training for adopting new practices', 'Improved market infrastructure']","['Increase in agricultural and fishery productivity', 'Adoption rate of integrated systems', 'Reduction in climate-related yield losses']",,"""high""","""high""","""medium""",,,"""medium""","""low""",,none,2025-01-01,false,false
ipcc_0097,Food storage/distribution improvements,{adaptation},"{droughts,floods,storms,heatwaves}","{food_security,road_infrastructure}",,{climate_resilience},"Enhancing food storage and distribution systems by improving transportation infrastructure, optimizing trade networks, and shortening supply chains to ensure local food availability and resilience to climate impacts. This action also includes increasing the capacity of local food storage facilities to reduce post-harvest losses, addressing inefficiencies in logistics, and bolstering infrastructure for perishable goods. It aims to improve food security and reduce vulnerability to extreme events, disruptions, and cascading impacts, especially during pandemics and other crises.",0,1,1,1,0,2,2,Supports equitable access to food for marginalized and vulnerable populations by prioritizing local food production and improving distribution systems that reach underserved areas.,,,,,,high,medium,5-10 years,"['Investment in infrastructure', 'Policy incentives for local food production', 'Collaboration with logistics and trade sectors', 'Technology for supply chain optimization']","['Reduction in post-harvest losses', 'Increased local food availability', 'Improved transportation efficiency for food distribution', 'Shortened supply chains']",,"""high""","""high""","""high""",,,"""high""",,,none,2025-01-01,false,false
ipcc_0098,Behaviour change in diets and food waste,{adaptation},"{droughts,heatwaves,floods,wildfires}","{food_security,biodiversity}",,{climate_resilience},"Reducing food loss and waste through improved food production, distribution, and consumption practices. Actions include enhancing agricultural techniques, adopting water-saving technologies, implementing low-cost storage solutions, and promoting plant-based diets. Policymakers can encourage these behaviors with appropriate pricing policies, sustainable agriculture initiatives, and support for disadvantaged groups. The action emphasizes shifting to healthier diets, reducing overconsumption, and supporting local food systems to mitigate greenhouse gas emissions and ensure food security under climate change.",1,2,2,1,0,0,2,"Promotes access to affordable, healthy food for vulnerable communities, empowering women, youth, and socially disadvantaged groups. Encourages equitable participation in sustainable agricultural practices and local food networks.",,,,,,high,medium,5-10 years,"['Education and training for farmers', 'Access to sustainable agricultural inputs', 'Policy support for sustainable practices', 'Technological infrastructure for storage and processing']","['Reduction in food loss and waste percentages', 'Increase in adoption of plant-based diets', 'Improved food security indicators', 'Reduction in GHG emissions from food systems']",,"""high""","""medium""","""medium""",,,,"""low""",,none,2025-01-01,false,false
ipcc_0099,Water capture/storage,{adaptation},"{droughts,floods,storms}","{water_resources,food_security,energy_security,geo-hydrological_disasters}",,{climate_resilience},"Implementing water capture and storage solutions such as farm ponds, revival of water bodies, rain gardens, bioswales, retention ponds, and water storage tanks. These measures aim to mitigate climate-induced impacts by improving water management, reducing stormwater runoff, enhancing water quality, and supporting agriculture and energy production under changing climate scenarios. Multi-purpose water reservoirs and dams provide additional benefits by addressing water shortages and managing risks associated with natural hazards.",0,2,2,1,0,1,2,"Ensures access to water for underserved communities, supports sustainable livelihoods in water-scarce regions, and promotes equitable resource distribution through inclusive decision-making processes.",,,,,,high,medium,5-10 years,"['Investment in green infrastructure', 'community engagement', 'policy support for water resource management']","['Reduction in stormwater runoff', 'increase in water storage capacity', 'improvement in water quality', 'stability in agricultural yields']",,"""high""",,"""high""",,,"""high""",,,none,2025-01-01,false,false
ipcc_0100,Efficient water use/demand,{adaptation},"{droughts,heatwaves}","{water_resources,food_security}",,{climate_resilience},"Implementing advanced irrigation techniques such as precision and drip irrigation to enhance water use efficiency in agriculture. Managed Aquifer Recharge (MAR) is applied to replenish groundwater supplies using stormwater, treated wastewater, or other sources. These actions are complemented by cooperative policies across multiple sectors to ensure sustainable water resource management, equitable access, and regional collaboration. Additionally, promoting changes in water consumption patterns, such as reducing waste and improving efficiency in urban and agricultural water use, supports resilience against water scarcity and enhances adaptive capacity in vulnerable regions. These efforts collectively aim to address the growing demand for freshwater in the face of climate change and ensure long-term sustainability.",0,2,1,1,0,0,2,"Supports vulnerable farming and urban communities by ensuring equitable access to water resources, promoting sustainable consumption patterns, and addressing persistent water stress in underserved areas.",,,,,,high,medium,5-10 years,"['Infrastructure for water reuse and MAR', 'Regulatory frameworks for water management', 'Education and training on irrigation techniques', 'Regional and cross-sector policy coordination']","['Reduction in agricultural water usage', 'Increase in groundwater recharge rates', 'Improved crop yields', 'Adoption of sustainable water consumption patterns', 'Regional collaboration metrics']",,"""high""","""medium""",,,,,,,none,2025-01-01,false,false
ipcc_0101,Efficient water supply/distribution,{adaptation},"{droughts,floods,storms}",{water_resources},,{climate_resilience},"Implementing sustainable water supply systems by constructing irrigation infrastructure, promoting inter-basin water transfers, utilizing nature-based solutions (NBS) such as rain gardens, bioswales, and wetlands, and integrating advanced techniques like water reuse and water upgrading. Water reuse involves treating and recycling wastewater for non-potable or potable purposes, while water upgrading focuses on improving the quality of available water for diverse uses. These approaches enhance stormwater infiltration, improve urban water management, increase drought resilience, and support groundwater recharge. They provide energy-efficient and economical water solutions while maintaining sustainable urban development.",0,2,2,1,0,0,1,"Promotes equitable access to water resources, particularly in underserved urban areas, by integrating natural and engineered water management systems to benefit all communities, including low-income groups.",,,,,,high,medium,5-10 years,"['Adequate funding for infrastructure development', 'Community engagement for NBS implementation', 'Integration of urban planning with water management']","['Reduction in water scarcity incidents', 'Increase in groundwater recharge rates', 'Enhanced urban water infiltration capacity']",,"""high""",,"""high""",,,"""high""",,,none,2025-01-01,false,false
ipcc_0102,Seasonal/temporary mobility,{adaptation},"{sea-level-rise,storms,droughts}","{food_security,biodiversity}",,{climate_resilience},"Facilitating mobility of fishing fleets and workers to adapt to shifting marine species distributions caused by climate change. This includes enabling seasonal or temporary migration to align with the availability of resources, improving infrastructure and technology to support mobility, and fostering flexible governance to manage transboundary resources sustainably. These actions aim to maintain livelihoods and reduce economic impacts of climate variability.",0,1,2,1,0,2,1,"Ensures equitable access to resources for vulnerable communities, including small-scale fishers and those dependent on seasonal income, by promoting inclusive governance structures and reducing barriers to mobility.",,,,,,high,medium,5-10 years,"['Infrastructure and technology investments', 'Transboundary agreements', 'Capacity-building initiatives to support mobility']","['Reduction in resource overexploitation', 'Increase in seasonal employment opportunities', 'Enhanced management of transboundary fisheries']",,"""low""",,,"""medium""",,"""medium""",,,coastal_marine,2025-01-01,false,false
ipcc_0103,Cooperative governance,{adaptation},"{sea-level-rise,storms}","{water_resources,biodiversity}",,{climate_resilience},"Enhancing cooperative governance through transboundary fishing agreements and inclusive ocean governance. This involves participatory approaches, structured decision-making tools, and decentralized frameworks that couple top-down management with community-driven initiatives. Additional strategies include collective water management systems to optimize resource use under climate-induced variability, indigenous water-sharing systems rooted in traditional practices to ensure sustainable and equitable resource allocation, and enforcing the land rights of Indigenous populations to protect biodiversity and cultural heritage. Adaptive co-management in Arctic fisheries integrates local and scientific knowledge to address climate impacts on marine resources. The international compact on migration fosters orderly and safe migration as an adaptive response to climate risks, and policies for adaptive governance promote ecosystem-based solutions, legal frameworks, and institutional adaptations to enhance resilience to climate change. These combined measures address geopolitical complexities, ensure equitable resource distribution, and strengthen resilience to climate-induced hazards.",0,1,2,1,0,0,2,"Promotes inclusivity by incorporating Indigenous knowledge systems, ensuring representation of marginalized communities in decision-making processes, and creating equitable access to marine resources for vulnerable populations. Recognizes the importance of Indigenous land rights and traditional governance systems to enhance community resilience and equitable resource management.",,,,,,high,medium,5-10 years,"['Establishment of transboundary agreements', 'Investment in marine observation technologies', 'Capacity building for local communities', 'Recognition of Indigenous land and water rights', 'Implementation of adaptive co-management frameworks']","['Number of transboundary agreements signed', 'Increase in fish stock sustainability', 'Stakeholder satisfaction with governance processes', 'Improved water-sharing outcomes in Indigenous communities', 'Integration of adaptive co-management in fisheries governance']",,,,,"""high""",,"""high""",,,none,2025-01-01,false,false
ipcc_0104,Permanent migration,{adaptation},"{floods,landslides,sea-level-rise}","{geo-hydrological_disasters,public_health,water_resources}",,{climate_resilience},"Resettlement of communities from flood-prone areas and rural–urban migration as a strategy to mitigate vulnerabilities caused by climate change. This includes addressing urbanization challenges, such as unplanned development, water insecurity, and socioeconomic disparities, while providing equitable opportunities for migrants in urban centers. Measures include enhancing urban planning, water resource management, and social support systems for displaced populations.",0,1,1,-1,-1,1,2,"Promotes inclusion by addressing the vulnerabilities of marginalized populations and ensuring equitable access to resources, opportunities, and support systems for displaced communities.",,,,,,medium,high,5-10 years,"['Development of urban infrastructure', 'Equitable resource allocation', 'Strong governance frameworks', 'Capacity building for displaced populations']","['Reduction in displacement-related mortality', 'Increase in access to water and housing', 'Improvement in migrant livelihoods and employment rates']",,,,"""high""","""medium""","""medium""",,,,none,2025-01-01,false,false
ipcc_0005,Shared Mobility,{mitigation},,{transportation},{on-road},{ghg_reduction},"Promoting shared mobility solutions such as car sharing, bike sharing, e-scooters, and carpooling to reduce reliance on privately owned vehicles and decrease greenhouse gas emissions. Shared Mobility includes Mobility as a Service (MaaS), integrating various transportation services for increased system efficiency.",0,0,0,1,0,1,1,"Promotes equitable access to affordable transport options, especially for underserved communities, while reducing individual costs.",,0-19,,,,,medium,5-10 years,"['Development of efficient shared mobility platforms', 'supportive urban policies', 'technological advancements in ride-sharing systems']","['Increase in shared mobility trips', 'reduction in private vehicle kilometers traveled', 'decreased transport-related emissions']",,,,,,,,,,none,2025-01-01,false,true
ipcc_0012,Electric Technologies,{mitigation},,{transportation},{on-road},{ghg_reduction},"Adoption of electric vehicle technologies, including Battery Electric Vehicles (BEVs), Hybrid Electric Vehicles (HEVs), and Plug-in Hybrid Electric Vehicles (PHEVs), to reduce GHG emissions and dependence on fossil fuels. BEVs operate on electricity alone, producing zero emissions; HEVs combine an internal combustion engine with an electric motor; PHEVs allow extended electric-only driving.",1,0,0,0,0,1,0,"Reduces reliance on fossil fuels, improves air quality, and provides cleaner transport options that can benefit underserved communities.",,80-100,,,,,high,5-10 years,"['Dependence on advancements in battery technologies', 'development of charging infrastructure', 'policies for subsidies and incentives', 'integration with renewable energy sources for electricity generation']","['Percentage of electric vehicles in the vehicle fleet', 'reduction in GHG emissions per kilometer traveled', 'availability of charging infrastructure']",,,,,,,,,,none,2025-01-01,false,true
ipcc_0015,Improved Energy Efficiency for Vehicles,{mitigation},,{transportation},"{on-road,railways,waterborne_navigation,aviation}",{ghg_reduction},"Optimizing vehicle design, technology, and operations to reduce energy consumption and emissions. This includes advanced aerodynamics, efficient powertrains, low rolling resistance tires, better thermal management systems, turbocharging, direct fuel injection, and cylinder deactivation in internal combustion engines, among others.",1,0,0,1,0,1,0,"Promotes access to efficient and cost-saving transportation technologies, benefiting diverse communities, including underserved regions with high transport costs.",,20-39,,,,,high,5-10 years,"['Development and deployment of advanced vehicle technologies', 'regulatory frameworks', 'consumer acceptance']","['Improvements in fuel economy (km/l)', 'reduction in GHG emissions per km', 'share of energy-efficient vehicles in fleets', 'fuel cost savings']",,,,,,,,,,none,2025-01-01,false,true
ipcc_0027,Process Coupling and Improvements,{mitigation},,{ippu},{industrial_processes},{ghg_reduction},"This action focuses on reducing energy and emissions intensity in the steel production process by improving coupling between processes, such as Endless Strip Production (ESP). Techniques include reducing the number of temperature cycles, integrating process stages, and adopting energy-efficient technologies.",0,0,0,0,0,0,0,"Promotes access to advanced manufacturing technologies for small and medium-sized enterprises, ensuring broader participation in decarbonization efforts.",,,,40-59,,,high,5-10 years,"['Development and deployment of advanced process integration technologies', 'skilled workforce training', 'supportive policies to incentivize adoption']","['Reduction in energy consumption per unit of steel', 'increase in process coupling efficiency', 'reduction in GHG emissions per ton of steel produced']",,,,,,,,,,none,2025-01-01,false,true
ipcc_0029,Drying/Dewatering Process Improvements,{mitigation},,{ippu},{industrial_processes},{ghg_reduction},"Enhancing energy efficiency in the pulp, paper, and food processing industries by optimizing drying and dewatering processes. This includes using advanced technologies like heat exchanger networks, thermal vapor recompression, and reverse osmosis for energy savings.",0,0,0,0,0,0,0,"Promotes the use of advanced, cost-effective technologies accessible to small and medium enterprises, reducing barriers for entry and enabling equitable benefits.",,,,20-39,,,medium,5-10 years,"['Availability of advanced drying/dewatering technologies', 'skilled workforce for implementation', 'supportive policies or incentives to offset initial costs']","['Reduction in energy consumption per unit of output', 'percentage improvement in drying efficiency', 'reduction in GHG emissions from manufacturing processes']",,,,,,,,,,none,2025-01-01,false,true
ipcc_0034,Energy Recycling in Furnaces and Kilns,{mitigation},,{ippu},{industrial_processes},{ghg_reduction},"Recycling energy from furnaces and kilns through technologies like heat recovery systems, including advanced heat exchangers and top pressure recovery turbines, to enhance energy efficiency and reduce emissions in steel production.",0,0,0,0,0,0,0,"Ensures access to energy recovery technologies for smaller manufacturers, promoting wider adoption across industries and geographies.",,,,40-59,,,high,5-10 years,"['Availability of advanced heat recovery technologies', 'skilled workforce for installation and operation', 'supportive policies and funding incentives']","['Reduction in energy consumption per ton of product', 'increase in waste energy recovery rates', 'decrease in GHG emissions intensity in industrial processes']",,,,,,,,,,none,2025-01-01,false,false
ipcc_0043,Circular Economy Policies,{mitigation},,{ippu},{industrial_processes},{ghg_reduction},"Circular Economy (CE) policies aim to close the loop for materials and energy flows by reducing, reusing, and recycling resources. These policies promote durable goods, reuse and remanufacturing, industrial symbiosis, and urban symbiosis to minimize waste and reduce GHG emissions. CE policies operate at micro, meso, and macro levels to integrate strategies like eco-design, sustainable supply chains, and urban energy symbiosis.",0,0,0,0,0,0,0,"Promotes access to CE practices for small and medium-sized enterprises (SMEs), ensures equitable participation in industrial symbiosis networks, and supports underserved regions by creating economic opportunities through resource-efficient policies.",,,,40-59,,,high,5-10 years,"['Effective coordination between industries, governments, and communities', 'supportive policies and regulations', 'development of recycling infrastructure', 'data sharing platforms for material and energy flows']","['Reduction in virgin material use', 'GHG emissions avoided through CE practices', 'increase in recycling rates', 'number of industrial symbiosis networks implemented', 'resource recovery metrics']",,,,,,,,,,none,2025-01-01,false,false
ipcc_0051,Reducing overall demand for product services,{mitigation},,{ippu},{product_use},{ghg_reduction},"This action focuses on mitigating climate change by reducing the demand for industrial products and services, particularly in sectors such as clothing and tourism. It emphasizes behavioral and lifestyle changes, such as sustainable consumption patterns, reduced long-haul travel, and lower demand for products linked to excessive material production and emissions.",1,0,0,0,0,1,1,"Encourages equitable access to sustainable alternatives, particularly for underserved communities, ensuring reduced environmental impacts without excluding vulnerable populations.",,,,40-59,,,medium,5-10 years,"['Implementation of policies and programs promoting sustainable consumption', 'availability of alternatives to high-emission activities', 'societal support for behavioral and lifestyle changes']","['Reduction in demand for high-emission products and services', 'decreased industrial emissions linked to product use', 'increased adoption of sustainable consumption practices']",,,,,,,,,,none,2025-01-01,false,true
ipcc_0059,Reduce Conversion of Coastal Wetlands,{mitigation},,{afolu},{land},{ghg_reduction},"This action involves reducing the conversion of coastal wetlands such as mangroves, marshes, and seagrass ecosystems to avoid emissions from biomass and soil carbon loss. It also supports biodiversity conservation, fisheries production, soil stabilization, water quality regulation, flood prevention, and resilience against cyclones.",0,1,1,0,0,0,0,"Supports coastal communities by preserving livelihoods linked to wetlands, enhancing resilience to climate change, and ensuring fair distribution of benefits from ecosystem services.",,,,,40-59,,high,5-10 years,"['Effective integration of coastal climate mitigation policies', 'marine spatial planning', 'economic incentives to prioritize wetland conservation']","['Area of coastal wetlands preserved', 'GHG emissions avoided from biomass and soil carbon loss', 'improvements in biodiversity metrics', 'ecosystem resilience']",,,,,,,,,,coastal_marine,2025-01-01,false,true
ipcc_0065,Improve rice management,{mitigation},,{afolu},{land},{ghg_reduction},"Implementation of improved water management practices (e.g., single and multiple drainage systems), residue management, better fertiliser application (e.g., slow-release fertilisers), and soil amendments (e.g., biochar) to reduce CH4 and N2O emissions while enhancing sustainability and system resilience.",0,1,0,0,0,0,0,"Supports small-scale farmers by reducing input costs (e.g., seeds, labour, and water), increasing income through higher yields, and providing tools and knowledge for sustainable rice farming.",,,,,20-39,,medium,5-10 years,"['Adequate irrigation infrastructure', 'training for farmers on advanced techniques', 'access to slow-release fertilisers and biochar', 'coordinated water management practices among neighboring farmers and regions']","['Reduction in CH4 and N2O emissions per hectare', 'increased water use efficiency', 'yield stability during droughts', 'adoption rate of improved rice cultivation techniques']",,,,,,,,,,wetlands,2025-01-01,false,true
ipcc_0068,Bioenergy and BECCS(Bioenergy with Carbon Capture and Storage),{mitigation},,{afolu},{land},{ghg_reduction},"Bioenergy involves producing energy from organic sources like biomass, organic waste, and harvest residues, displacing fossil fuels in heat, electricity, and fuel production. When combined with carbon capture and storage (BECCS), it stores biogenic carbon in geological or terrestrial reservoirs, achieving negative emissions. BECCS can also integrate with agriculture and forestry for co-benefits like land restoration and biogas production.",1,1,0,0,0,0,1,"Focuses on sustainable land-use practices, including degraded land restoration, while ensuring energy access and food security for vulnerable communities.",,,,,60-79,,high,>10 years,"['Requires sustainable land management', 'advanced bioenergy technology development', 'infrastructure for carbon capture and storage', 'global governance for trade and supply chains']","['Amount of carbon removed through BECCS (in GtCO2 per year)', 'total energy produced from bioenergy', 'land restored for biomass production', 'GHG emissions reduction from displaced fossil fuel use']",,,,,,,,,,none,2025-01-01,false,false
ipcc_0075,Electrification and Decarbonisation of the Urban Energy System,{mitigation},,{stationary_energy},{energy_generation_supplied_to_the_grid},{ghg_reduction},"This action involves replacing fossil fuel-based technologies with electrified alternatives, such as electric vehicles, heat pumps, and renewable energy systems, to decarbonize urban energy infrastructure. It focuses on integrating renewable energy, increasing demand-side flexibility, and promoting energy efficiency in urban systems to support decarbonization and reduce GHG emissions.",1,0,0,0,0,1,1,"Promotes equitable access to renewable energy and electrified infrastructure, addressing barriers faced by low-income and underserved communities through subsidies, incentives, and public participation.",60-79,,,,,,high,5-10 years,"['Requires grid upgrades', 'supportive policies', 'stakeholder cooperation', 'financial incentives', 'public awareness campaigns', 'access to renewable energy', 'advanced storage technologies is critical']","['Reduction in GHG emissions per kWh', 'increase in renewable energy penetration', 'adoption rates of EVs and heat pumps', 'improved urban air quality']",,,,,,,,,,none,2025-01-01,false,true
ipcc_0087,Infrastructure retrofitting,{adaptation},"{floods,droughts,heatwaves}","{road_infrastructure,public_health,energy_security}",,{climate_resilience},"Strengthening and upgrading existing infrastructure, including roads, housing, and energy systems, to improve resilience against climate risks such as floods, droughts, and heatwaves. Efforts include Air conditioning, using thermosiphons for permafrost degradation, increasing rooftop albedo (for reflectivity) and shading",1,1,0,-1,1,1,1,"Improves resilience for vulnerable communities, especially in low-income regions, by reducing risks from extreme climate events.",,,,,,high,high,5-10 years,"['Policy alignment', 'Funding availability', 'Engineering and construction expertise']","['Reduced infrastructure failure during hazards', 'Increased capacity for housing and energy systems']",,"""medium""","""high""","""high""",,,,,,none,2025-01-01,false,false
ipcc_0093,Availability of health infrastructure,{adaptation},"{droughts,floods,sea-level-rise,diseases}","{public_health,water_resources}",,{climate_resilience},"Ensuring access to safe drinking water infrastructure, protecting health services, and improving sanitation systems to mitigate climate impacts. This includes developing adaptive measures for water security against droughts, floods, and sea-level rise. Strengthening infrastructure resilience ensures equitable access to health services, reduces contamination risks, and addresses the impacts of climate-induced hazards.",0,2,1,1,0,0,2,"Enhances access to critical health and water resources for vulnerable and underserved communities, mitigating inequities caused by climate impacts.",,,,,,high,medium,5-10 years,"['Adequate funding', 'technological investments in health and water infrastructure', 'effective governance and cross-sector coordination']","['Reduction in waterborne diseases', 'improved access to potable water', 'number of resilient health facilities developed']",,"""high""",,"""high""","""high""",,,,"""high""",none,2025-01-01,false,true
ipcc_0006,Teleworking,{mitigation},,{transportation},{on-road},{ghg_reduction},"Encouraging teleworking (working from home) and videoconferencing as alternatives to commuting and in-person meetings, thereby reducing light-duty vehicle travel and associated emissions.",1,0,0,1,0,1,1,"Improves work flexibility, enabling greater participation from individuals with mobility constraints or caregiving responsibilities.",,0-19,,,,,low,<5 years,"['Widespread access to high-speed internet', 'supportive organizational policies', 'employee willingness to adopt teleworking']","['Reduction in commuter trips', 'increase in teleworking adoption rates', 'decreased transport-related emissions']",,,,,,,,,,none,2025-01-01,false,true
ipcc_0001,Changes in Urban Form,{mitigation},,{transportation},{on-road},{ghg_reduction},"Enhancing urban density and mixed land use to reduce travel distances, car dependency, and associated greenhouse gas emissions. Includes public transport infrastructure, pedestrian pathways, and bike-friendly zones.",1,0,0,1,0,1,0,"Improves access to efficient, affordable transport options for underserved communities, reducing social and economic disparities.",,0-19,,,,,medium,5-10 years,"['Policy support for land-use planning', 'public acceptance', 'reallocation of transport budgets towards sustainable modes']","['Reduction in per capita car use', 'increase in public transport ridership', 'improved walkability index']",,,,,,,,,,none,2025-05-12,false,false
ipcc_0002,Active Transport Modes,{mitigation},,{transportation},{on-road},{ghg_reduction},Promoting walking and cycling as primary modes of transport for short journeys (5 km or less) to reduce dependency on light-duty vehicles and decrease GHG emissions.,1,0,0,1,0,1,0,"Improves access to safe and affordable transport options, particularly for low-income communities, while enhancing urban mobility for underserved groups.",,0-19,,,,,medium,<5 years,"['Investment in safe walking and cycling infrastructure', 'public awareness campaigns', 'supportive urban planning policies']","['Increase in kilometers of bicycle and walking networks', 'rise in active transport modal share', 'reduction in car usage for short trips']",,,,,,,,,,none,2025-05-12,false,true
ipcc_0003,Public Transit,{mitigation},,{transportation},{on-road},{ghg_reduction},Promoting the use of public transportation systems such as buses and rail for urban and intercity travel to reduce dependency on light-duty vehicles and decrease greenhouse gas emissions.,1,0,0,1,0,1,1,"Improves access to affordable and efficient transport options, particularly benefiting low-income and underserved communities.",,20-39,,,,,medium,5-10 years,"['Investments in modern and efficient transit systems', 'policies to disincentivize private car use', 'public awareness campaigns to encourage public transit adoption']","['Increase in public transit ridership', 'reduction in private vehicle kilometers traveled', 'emissions reduction per passenger kilometer']",,,,,,,,,,none,2025-05-12,false,true
ipcc_0004,Dematerialisation of the Economy,{mitigation},,{transportation},{on-road},{ghg_reduction},"Promoting the reduction in the quantity of materials used per unit of output to improve material efficiency, reduce transport needs, and enhance the efficiency of freight transport. Examples include combining multiple functions into single devices, localized production through 3D printing, and circular economy principles.",0,0,0,1,0,1,1,Supports equitable access to sustainable products and promotes efficient resource use to benefit underserved communities,,0-19,,,,,medium,>10 years,"['Technological innovation', 'adoption of circular economy practices', 'behavioral shifts towards minimalism and efficiency']","['Reduction in material intensity per unit output', 'decrease in freight transport emissions', 'increased adoption of circular economy practices']",,,,,,,,,,none,2025-05-12,false,true
ipcc_0007,Smart Mobility,{mitigation},,{transportation},{on-road},{ghg_reduction},"Utilizing advanced technologies, such as ICT, IoT sensors, AI, and Mobility as a Service (MaaS), to improve transport efficiency, reduce emissions, and enhance urban mobility. Smart mobility integrates various transport modes and optimizes operations to compete with private vehicles.",1,0,0,0,0,1,1,"Improves access to efficient and affordable transportation options, especially for marginalized groups, while supporting urban regeneration and connectivity.",,0-19,,,,,high,5-10 years,"['Widespread adoption of ICT and IoT technologies', 'supportive urban planning', 'investments in shared and digitalized mobility systems']","['Increase in shared and public transport use', 'reduction in private vehicle kilometers traveled', 'decreased transport-related emissions']",,,,,,,,,,none,2025-05-12,false,true
ipcc_0008,Supply Chain Management,{mitigation},,{transportation},{on-road},{ghg_reduction},"Improving logistics planning in freight transport through strategies such as route optimisation, load optimisation, and eco-driving to reduce travel distances and enhance efficiency, thereby lowering GHG emissions.",1,0,0,1,0,1,0,Promotes equitable access to sustainable logistics solutions for small and medium enterprises while supporting job retention in the logistics sector.,,0-19,,,,,medium,5-10 years,"['Access to advanced logistics tools and software', 'collaboration between supply chain stakeholders', 'integration of eco-driving training']","['Reduced freight distances', 'increased vehicle carrying capacity', 'improved fuel efficiency', 'reduced operating costs']",,,,,,,,,,none,2025-05-12,false,true
ipcc_0009,E-commerce,{mitigation},,{transportation},{on-road},{ghg_reduction},Encouraging consumer purchasing of goods online to reduce travel by light-duty vehicles for shopping purposes. This trades vehicle kilometers traveled for light-duty vehicles with freight transport through light trucks ('last-mile delivery').,1,0,0,1,0,1,0,"Promotes accessibility to goods for individuals in underserved or remote areas, while reducing personal transportation costs.",,0-19,,,,,medium,5-10 years,"['Expansion of e-commerce platforms', 'investments in last-mile delivery logistics', 'consumer trust in online shopping']","['Reduction in vehicle kilometers traveled (VMT) for shopping', 'increase in online shopping adoption rates', 'emissions reductions in freight logistics']",,,,,,,,,,none,2025-05-12,false,true
ipcc_0010,Vehicle Automation,{mitigation},,{transportation},{on-road},{ghg_reduction},"Utilizes advanced technologies to automate driving tasks, improve road safety, optimize driving patterns, reduce congestion, and enhance efficient use of road space. Levels range from driver assistance to full autonomy.",1,0,0,0,0,1,0,"Provides mobility access to marginalized groups, including the elderly, people with disabilities, and those unable to drive, while promoting safer transport systems.",,0-19,,,,,high,>10 years,"['Development and deployment of autonomous vehicle technologies', 'supportive regulatory frameworks', 'public acceptance of automated systems']","['Reduction in congestion', 'improved fuel efficiency', 'decreased transport-related emissions per vehicle kilometer', 'increased accessibility for marginalized groups']",,,,,,,,,,none,2025-05-12,false,true
ipcc_0011,Alternative Fuels for Vehicles,{mitigation},,{transportation},{on-road},{ghg_reduction},"Utilizes low-carbon or zero-carbon fuels, including natural gas, biofuels, ammonia, and synthetic fuels, to replace conventional petrol and diesel in internal combustion engines (ICE). These fuels offer pathways to reduce greenhouse gas emissions and diversify energy sources, though challenges remain in production costs, lifecycle emissions, and infrastructure.",1,0,0,0,0,1,0,Provides a pathway to reduce energy dependency and enhance energy equity by enabling access to alternative fuels that support local and regional energy needs.,,80-100,,,,,high,>10 years,"['Development of low-cost and sustainable production technologies', 'supportive policy measures (e.g., fuel standards, blending mandates)', 'investment in distribution and storage infrastructure']","['Reduction in GHG emissions from fuel lifecycle', 'percentage of vehicle fleet using alternative fuels', 'infrastructure deployment metrics']",,,,,,,,,,none,2025-05-12,false,true
ipcc_0013,Fuel Cell Technologies,{mitigation},,{transportation},{on-road},{ghg_reduction},"Use of fuel cell technology to power vehicles by converting hydrogen into electricity through an electrochemical reaction. Produces zero emissions at the point of use and water as a by-product. Hydrogen fuel cells are highly efficient, particularly when hydrogen is produced from renewable sources.",1,0,0,0,0,1,0,"Reduces emissions in underserved and urban areas, offering cleaner air and sustainable mobility solutions for all communities.",,60-79,,,,,high,>10 years,"['Hydrogen production infrastructure', 'availability of low-carbon hydrogen', 'cost reductions in fuel cell systems', 'durable policies to support adoption']","['Share of fuel cell vehicles in the vehicle fleet', 'reduction in GHG emissions per kilometer', 'deployment of hydrogen refueling stations', 'cost parity with diesel vehicles']",,,,,,,,,,none,2025-05-12,false,true
ipcc_0014,Lightweighting of Vehicles,{mitigation},,{transportation},{on-road},{ghg_reduction},"Reducing the overall weight of vehicles by using advanced materials such as high-strength steel, aluminum, carbon fiber, and composites to improve fuel efficiency and reduce greenhouse gas emissions. Lightweighting enhances vehicle performance without compromising safety.",1,0,0,0,0,1,0,"Promotes sustainable mobility solutions that can reduce fuel costs and emissions, indirectly benefiting underserved communities.",,0-19,,,,,high,>10 years,"['Availability and development of advanced lightweight materials', 'efficient recycling processes', 'industry-scale implementation']","['Reduction in vehicle mass', 'improvement in fuel efficiency (km/l)', 'lifecycle GHG emissions avoided', 'share of lightweighted vehicles in the fleet']",,,,,,,,,,none,2025-05-12,false,true
ipcc_0016,Eco-driving,{mitigation},,{transportation},{on-road},{ghg_reduction},"A set of driving practices aimed at improving fuel efficiency, reducing greenhouse gas emissions, and minimizing wear and tear on vehicles by promoting smooth driving, regular vehicle maintenance, and traffic anticipation.",1,0,0,1,0,1,1,"Promotes accessibility to fuel-saving techniques for all drivers, reducing operating costs and supporting vulnerable communities dependent on vehicle transport.",,0-19,,,,,low,<5 years,"['Driver education', 'effective training programs', 'policy support', 'incentive mechanisms', 'encourage adoption of eco-driving practices']","['Percentage reduction in fuel consumption', 'GHG emissions per vehicle', 'number of drivers trained in eco-driving', 'adherence to eco-driving practices among trained drivers']",,,,,,,,,,none,2025-05-12,false,true
ipcc_0017,Increased Aircraft Efficiency,{mitigation},,{transportation},{aviation},{ghg_reduction},"Optimization of aircraft technology, including improvements in engine design, aerodynamics, airframe mass reduction, and operational navigation to reduce fuel consumption and emissions.",1,0,0,0,0,1,0,Supports global connectivity while reducing environmental impacts; may require equitable distribution of technology and resources for developing regions.,,0-19,,,,,high,>10 years,"['Development and adoption of advanced aircraft technology', 'global air traffic management optimization', 'industry investments in research and development']","['Percentage reduction in fuel consumption per flight', 'improvement in navigation efficiency', 'adoption rate of advanced aircraft designs']",,,,,,,,,,none,2025-05-12,false,true
ipcc_0018,Alternative Fuels for Aircraft,{mitigation},,{transportation},{aviation},{ghg_reduction},"Development and deployment of alternative aviation fuels, including bio-based SAFs, synthetic fuels, and liquid hydrogen, to reduce aviation greenhouse gas emissions.",1,0,0,0,0,0,0,"Focus on balancing aviation demand with sustainable practices, addressing food vs. fuel concerns, and ensuring global access to alternative fuel technologies.",,60-79,,,,,high,>10 years,"['Availability of low-carbon energy', 'advancements in fuel production technologies', 'cost reductions', 'policy support', 'infrastructure for production and distribution']","['Adoption rates of SAFs', 'lifecycle emissions reductions', 'advancements in fuel production technologies']",,,,,,,,,,none,2025-05-12,false,true
ipcc_0019,Modal Shift from Aircraft to Train,{mitigation},,{transportation},{aviation},{ghg_reduction},"Promoting a shift from regional and medium-haul flights to high-speed rail (HSR) as a low-carbon alternative. HSR can serve distances of 400–1000 km effectively, reducing demand for air travel and associated emissions. Infrastructure improvements, supportive policies, and enhanced HSR networks are critical for this transition.",1,0,0,0,0,1,0,"Provides affordable and accessible regional travel options, particularly benefiting communities with limited access to air travel and reducing transportation inequities.",,40-59,,,,,high,5-10 years,"['Requires significant investments in HSR infrastructure', 'policy support to limit competing air travel options', 'integration of rail networks with existing transportation systems']","['Reduction in domestic and regional air travel demand', 'increase in HSR ridership', 'measurable reductions in transportation sector GHG emissions']",,,,,,,,,,none,2025-05-12,false,true
ipcc_0020,Alternative Fuels for Shipping,{mitigation},,{transportation},{waterborne_navigation},{ghg_reduction},"Transition to alternative fuels in the shipping sector, including hydrogen, ammonia, methanol, synthetic hydrocarbons, advanced biofuels, and electric propulsion. Focus on fuels produced using low-carbon energy sources to reduce lifecycle greenhouse gas emissions and achieve International Maritime Organization (IMO) targets.",1,0,0,0,0,1,1,"Ensures equitable access to new shipping technologies, reduces reliance on fossil fuels, and promotes sustainable economic practices, considering impacts on global trade and port communities.",,40-59,,,,,high,>10 years,"['Availability of low-carbon fuels and energy', 'infrastructure investments', 'retrofitting capabilities for existing ships', 'policy and regulatory support', 'advances in fuel storage and safety technologies']","['Adoption rate of alternative fuels', 'emissions reductions achieved (tank-to-wake and well-to-wake)', 'advancements in bunkering and storage infrastructure']",,,,,,,,,,none,2025-05-12,false,true
ipcc_0021,Electric Technologies for Shipping,{mitigation},,{transportation},{waterborne_navigation},{ghg_reduction},"Adoption of electric propulsion technologies, including battery-electric and hybrid-electric systems, for short-sea shipping, ferries, and inland waterways to reduce greenhouse gas emissions. Includes advancements in design and engineering, such as optimizing hull shapes and integrating renewable energy sources like wind and solar for propulsion.",1,1,0,0,0,1,0,"Promotes equitable access to clean transportation technologies, benefiting port communities and reducing pollution near densely populated areas. Ensures affordability and accessibility of new infrastructure for small-scale shipping operators.",,20-39,,,,,high,>10 years,"['Availability of low-carbon electricity', 'advancements in battery technology', 'infrastructure for charging and maintenance', 'supportive regulatory frameworks for the maritime industry']","['Reduction in lifecycle emissions of vessels', 'number of electric and hybrid-electric ships in operation', 'improvements in port infrastructure to support electric propulsion systems']",,,,,,,,,,none,2025-05-12,false,true
ipcc_0022,Improved Energy Efficiency for Shipping,{mitigation},,{transportation},{waterborne_navigation},{ghg_reduction},"Enhancing energy efficiency in shipping through operational measures, optimized hull designs, advanced propulsion systems, and adoption of low-carbon fuels like hydrogen and ammonia. Includes reducing ship speeds ('slow steaming'), improving port operations, and retrofitting vessels with modern technologies to minimize emissions and fuel consumption.",1,1,0,0,0,1,0,Promotes equitable access to low-carbon shipping technologies for smaller operators. Supports vulnerable communities by reducing near-shore pollution and improving local air and water quality.,,20-39,,,,,high,5-10 years,"['Availability of low-carbon fuels', 'advancements in propulsion and hull design technologies', 'investments in port infrastructure', 'regulatory support for energy efficiency and emissions reductions']","['Reduction in shipping emissions', 'adoption rate of energy-efficient technologies', 'operational measures', 'number of retrofitted vessels', 'efficiency improvements in port operations']",,,,,,,,,,coastal_marine,2025-05-12,false,true
ipcc_0023,Improved Heat and Energy Recovery,{mitigation},,{ippu},{industrial_processes},{ghg_reduction},"Enhanced energy efficiency in industrial processes by recovering heat and energy from waste streams, improving process coupling, and adopting advanced technologies such as coke dry quenching, black liquor gasification, and top pressure recovery turbines. Includes reducing energy use in comminution, paper drying, and other industrial processes through optimized designs, operational improvements, and material efficiency strategies.",1,0,0,0,0,0,0,Supports equitable access to energy-efficient technologies and promotes sustainable practices in developing regions with high industrial emissions. Focuses on reducing resource competition and ensuring fair distribution of technological advancements.,,,,20-39,,,high,5-10 years,"['Availability of advanced technologies', 'supportive regulatory frameworks', 'investment in research and development', 'alignment with global standards for emissions reduction and energy efficiency']","['Reduction in industrial GHG emissions', 'adoption rates of heat and energy recovery technologies', 'energy intensity improvements in key industries', 'recycling rates']",,,,,,,,,,none,2025-05-12,false,false
ipcc_0024,Improved Fuel Delivery for Heating,{mitigation},,{ippu},{industrial_processes},{ghg_reduction},"Enhancing fuel delivery systems in the steel production process by implementing technologies such as pulverized coal injection, improving furnace designs and process controls, and optimizing fuel combustion for heating. Includes energy efficiency measures to reduce emissions from coal and coke used in conventional iron-making, and the potential adoption of alternative reductants like biomass and waste plastics.",1,0,0,0,0,0,0,"Supports the equitable deployment of energy-efficient technologies in developing economies, ensuring fair access to resources and reducing environmental pollution in industrial regions.",,,,20-39,,,high,5-10 years,"['Availability of advanced fuel delivery systems', 'supportive policy frameworks', 'investment in R&D for alternative reductants', 'industry-wide adoption of optimized process controls and technologies']","['Reduction in GHG emissions from heating in steel production', 'energy intensity improvements', 'increased adoption rates of pulverized coal injection and alternative fuels', 'reduced production of hazardous wastes']",,,,,,,,,,none,2025-05-12,false,false
ipcc_0025,Improved Efficiency of Furnace or Kilns,{mitigation},,{ippu},{industrial_processes},{ghg_reduction},"Enhancing the design and operation of furnaces and kilns to improve energy efficiency and reduce emissions. Includes technologies such as improved heat and energy recovery from process gases, advanced process controls, and better furnace designs to minimize temperature cycles and optimize fuel usage.",1,0,0,0,0,0,0,"Ensures that efficient furnace technologies are accessible to industries in developing economies, reducing pollution and improving workplace safety.",,,,20-39,,,high,5-10 years,"['Availability of advanced furnace designs', 'supportive policies and incentives', 'skilled workforce for installation and maintenance', 'industry-wide adoption of energy-efficient technologies']","['Reduction in energy intensity', 'GHG emissions', 'hazardous waste production', 'increased adoption of advanced furnaces', 'process controls']",,,,,,,,,,none,2025-05-12,false,false
ipcc_0026,Heat Recovery and Reuse through Heat Exchanger Networks or Heat Pumps,{mitigation},,{ippu},{industrial_processes},{ghg_reduction},"This action involves improving heat-use energy efficiency by utilizing heat exchanger networks and high-temperature heat pumps to recover and reuse waste heat in industrial processes. Techniques include reducing heat needs via thermal insulation, reusing waste heat at various temperature grades, and recycling waste heat for power generation through technologies such as mechanical vapor recompression and thermoelectric conversion.",1,0,0,0,0,0,0,"Ensures that advanced heat recovery technologies are accessible to small and medium industries, particularly in developing regions, helping them reduce energy costs and emissions.",,,,40-59,,,high,5-10 years,"['Availability of advanced heat recovery and pump technologies', 'skilled workforce for installation and maintenance', 'policy support for adoption of waste heat recovery systems']","['Increase in waste heat recovery rate', 'reduction in energy intensity', 'percentage of heat reused through high-efficiency systems']",,,,,,,,,,none,2025-05-12,false,false
ipcc_0028,Introduction of Energy Efficiency Technologies in Processing,{mitigation},,{ippu},{industrial_processes},{ghg_reduction},"Implementation of energy-efficient technologies in mining processes, particularly in comminution, by upgrading ore concentration methods, using efficient grinding and crushing technologies, and optimizing particle size feed. Other opportunities include improving separation, drying, and materials handling processes.",0,0,0,0,0,0,0,"Promotes equitable access to efficient technologies for small-scale mining operations, reducing energy costs and environmental impacts for vulnerable communities dependent on mining activities.",,,,20-39,,,high,5-10 years,"['Development of advanced comminution and ore sorting technologies', 'availability of renewable energy sources for power generation', 'policy support to incentivize adoption']","['Reduction in energy consumption per ton of ore processed', 'improvement in ore recovery ratio', 'reduction in GHG emissions from mining operations']",,,,,,,,,,none,2025-05-12,false,false
ipcc_0031,Smart Energy Management,{mitigation},,{ippu},{industrial_processes},{ghg_reduction},"The implementation of energy management systems using digitalisation and smart technologies to optimise energy use. These systems leverage real-time monitoring, advanced analytics, machine learning, and automation to improve energy efficiency, productivity, and cost-effectiveness.",0,0,0,0,0,1,1,"Facilitates access to energy-efficient technologies for small and medium enterprises, ensuring equitable participation in energy-saving initiatives.",,,,20-39,,,high,5-10 years,"['Availability of advanced technologies like sensors and machine learning systems', 'adequate digital infrastructure', 'supportive policies for energy efficiency adoption']","['Reduction in energy use', 'cost savings per production cycle', 'percentage improvement in process efficiency']",,,,,,,,,,none,2025-05-12,false,false
ipcc_0033,Electrification of Processes,{mitigation},,{ippu},{industrial_processes},{ghg_reduction},"Transitioning steel production processes to electrified methods such as molten oxide electrolysis, advanced direct reduction, and other methods powered by low-carbon electricity to reduce emissions and improve energy efficiency.",1,0,0,0,0,0,0,"Promotes equitable access to advanced electrification technologies and training for workforce, ensuring participation from underserved industrial sectors.",,,,60-79,,,high,5-10 years,"['Availability of low-carbon electricity', 'development of suitable anode materials', 'infrastructure for large-scale electrification in steel production']","['Reduction in emissions per ton of steel produced', 'increase in the share of electrified processes', 'energy savings in production stages']",,,,,,,,,,none,2025-05-12,false,false
ipcc_0037,Feedstock Decarbonisation,{mitigation},,{ippu},{product_use},{ghg_reduction},"Decarbonising feedstocks for industrial processes through Carbon Capture and Storage (CCS), Carbon Capture and Utilisation (CCU), and integration with low-carbon energy sources. This includes capturing carbon from various industrial emissions and reusing or storing it to reduce greenhouse gas emissions. Applications include creating synthetic fuels, chemicals, and materials while using renewable energy or biogenic carbon sources.",1,0,0,0,0,0,0,"Supports equitable industrial development by promoting access to cleaner technologies, especially for industries in developing regions, to reduce emissions without compromising economic growth.",,,,60-79,,,high,>10 years,"['Requires advancements in CCS and CCU technologies', 'availability of low-GHG electricity', 'supportive policies to incentivize industrial decarbonization']","['Reduction in GHG emissions from industrial processes', 'increase in the use of low-carbon feedstocks', 'the number of CCS/CCU projects implemented']",,,,,,,,,,none,2025-05-12,false,false
ipcc_0038,Carbon Capture and Utilization (CCU),{mitigation},,{ippu},{product_use},{ghg_reduction},"Capturing carbon dioxide (CO2) from industrial processes or combustion gases and reusing it for producing fuels, chemicals, and building materials. This process reduces emissions from the initial source and provides an alternative to using new fossil or biomass feedstocks.",1,0,0,0,0,0,0,"Ensures that benefits from CCU technologies are accessible to low-income regions, including reduced costs of building materials and fuels.",,,,20-39,,,high,5-10 years,"['Availability of clean energy for hydrogen production', 'development of CCU technologies', 'policies to support adoption']","['Quantity of CO2 captured and reused', 'reduction in emissions per ton of product', 'market penetration of CCU-derived products']",,,,,,,,,,none,2025-05-12,false,false
ipcc_0039,Carbon Capture and Storage (CCS),{mitigation},,{ippu},{product_use},{ghg_reduction},"Carbon Capture and Storage (CCS) involves capturing CO2 from industrial processes, energy generation, or the atmosphere and storing it in geological formations for millennia to prevent its release into the atmosphere. CCS technologies can also enable near-zero or negative emissions when combined with sustainably sourced biofuels or direct air capture, supporting decarbonization of hard-to-abate sectors.",1,0,0,0,0,0,0,"Supports equitable transition by providing decarbonization pathways for energy-intensive and hard-to-abate industries, ensuring jobs and economic stability in regions dependent on these sectors.",,,,80-100,,,high,>10 years,"['Requires the development of CO2 transport and storage infrastructure', 'supportive policy frameworks', 'sufficient clean energy for capture processes', 'incentives for adoption']","['Amount of CO2 captured and stored annually', 'percentage reduction in industrial emissions', 'operational capacity of CCS projects globally']",,,,,,,,,,none,2025-05-12,false,false
ipcc_0040,Design with Less / Lightweighting of Products,{mitigation},,{ippu},{industrial_processes},{ghg_reduction},"This action involves improving material efficiency by designing lighter products, optimizing material usage to maintain functionality, and incorporating circular economy principles such as reusability, repairability, and recyclability. It spans the entire product lifecycle, from design to end-of-life management.",0,0,0,0,0,0,0,"Promotes access to durable, affordable products for underserved communities and reduces waste in resource-constrained regions.",,,,40-59,,,medium,5-10 years,"['Availability of advanced materials', 'supportive policies for circular economy', 'stakeholder collaboration across supply chains', 'investment in R&D for lightweight materials', 'high-efficiency design methods']","['Reduction in material usage per product', 'increase in product lifespan', 'percentage of materials recovered and reused', 'reduction in GHG emissions from production processes']",,,,,,,,,,none,2025-05-12,false,false
ipcc_0041,Improved Material Utilization (Near-Net Shape Casting),{mitigation},,{ippu},{industrial_processes},{ghg_reduction},"This action focuses on enhancing material efficiency by adopting near-net shape casting and similar innovative manufacturing techniques. These methods reduce material wastage during production, improve yield from raw materials, and enhance energy efficiency by minimizing reprocessing. Strategies include optimizing product design, lightweighting, and improving recycling and reuse processes.",0,0,0,0,0,0,0,"Promotes access to advanced material-efficient technologies for industries of all scales, enabling smaller enterprises to participate in sustainable manufacturing practices.",,,,40-59,,,medium,5-10 years,"['Availability of advanced manufacturing technologies', 'workforce training', 'supportive regulations', 'access to materials for near-net shape casting']","['Reduction in material waste', 'increase in production yield', 'reduction in GHG emissions per unit of material produced']",,,,,,,,,,none,2025-05-12,false,false
ipcc_0042,"Design for Recovery, Reuse, or Repurposing",{mitigation},,{ippu},{industrial_processes},{ghg_reduction},"This action involves designing products to enable circular principles such as extended product life, reusability, repairability, and ease of recycling. It emphasizes lightweighting, material optimization, and improved recovery of materials at the end of their lifecycle through reuse, remanufacturing, or recycling.",0,0,0,0,0,0,0,"Ensures equitable access to advanced recycling and repurposing technologies, creating opportunities for underserved communities to participate in sustainable material management initiatives.",,,,40-59,,,high,5-10 years,"['Collaboration across supply chains', 'advances in recycling and remanufacturing technologies', 'supportive policy frameworks to incentivize adoption']","['Percentage of materials recovered and reused', 'reduction in production waste', 'decrease in GHG emissions per unit of product lifecycle']",,,,,,,,,,none,2025-05-12,false,false
ipcc_0044,Alternative feedstocks (e.g. in cement),{mitigation},,{ippu},{industrial_processes},{ghg_reduction},"Utilizing alternative feedstocks, such as blast furnace slag, fly ash, and pozzolans, to reduce the clinker-to-cement ratio in cement production. These alternatives lower emissions associated with calcination and energy-intensive processes. Improved material efficiency through high-strength concretes and innovative placement methods further reduces material usage.",1,0,0,0,0,0,0,"Promotes equitable access to innovative cement technologies and ensures benefits are shared across both developed and developing nations, fostering inclusive construction practices.",,,,40-59,,,high,5-10 years,"['Development and availability of alternative feedstocks', 'regulatory support for material substitution', 'investment in research and development for innovative concrete applications']","['Reduction in clinker-to-cement ratio', 'lower CO2 emissions per tonne of cement', 'increased adoption of alternative materials in cement production']",,,,,,,,,,none,2025-05-12,false,true
ipcc_0045,"Behavioral Changes for Reduced Waste (e.g., Food)",{mitigation},,{ippu},{industrial_processes},{ghg_reduction},"Encouraging behavioral changes to reduce waste in industrial processes and consumer habits, particularly in food production and consumption. This includes reducing food waste through better planning, optimizing portion sizes, and improving recycling and reuse practices in production and post-consumption stages.",1,0,0,1,0,0,1,"Promotes fair access to education and resources for waste reduction, particularly for low-income and underserved communities to improve resource efficiency and reduce waste management costs.",,,,20-39,,,medium,<5 years,"['Availability of infrastructure for waste collection and recycling', 'public awareness campaigns', 'supportive policy frameworks']","['Reduction in food waste percentage', 'increased recycling rates', 'reduced greenhouse gas emissions from waste management']",,,,,,,,,,none,2025-05-12,false,false
ipcc_0046,Optimised Dosing of Consumable Products,{mitigation},,{ippu},{product_use},{ghg_reduction},Encourages precise use of consumable products like detergents and fertilizers to minimize material and energy waste while maximizing product-service efficiency. This strategy aims to reduce material intensity and waste production in the industry sector.,0,0,0,0,0,0,0,"Ensures equitable access to educational resources and guidelines on the optimized use of consumables, benefitting underserved communities by reducing costs and improving efficiency.",,,,20-39,,,low,<5 years,"['Requires clear guidelines', 'consumer education campaigns', 'industry compliance with precise dosing recommendations']","['Reduction in material waste', 'increased adherence to dosing guidelines', 'measurable decreases in associated emissions']",,,,,,,,,,none,2025-05-12,false,true
ipcc_0047,Enhanced product service levels per product (e.g. product sharing),{mitigation},,{ippu},{industrial_processes},{ghg_reduction},"Promotes more intensive use of durable products by encouraging product sharing, which reduces the demand for new products and the associated GHG emissions from their manufacturing and supply chain.",0,0,0,1,0,1,1,"Supports equitable access to goods and services by reducing ownership costs, enabling underserved communities to participate in product-sharing initiatives.",,,,40-59,,,medium,5-10 years,"['Development of platforms and systems to facilitate product sharing', 'stakeholder collaboration', 'supportive policies to incentivize shared usage models']","['Number of shared product-service systems implemented', 'reduction in material demand per capita', 'decrease in GHG emissions from product manufacturing']",,,,,,,,,,none,2025-05-12,false,true
ipcc_0048,Design for extended product life-time,{mitigation},,{ippu},{product_use},{ghg_reduction},"Designing products with longer lifespans, increased reusability, repairability, and recyclability to reduce material use and improve resource efficiency. This includes optimizing product designs to minimize material consumption and emissions, supporting a circular economy.",0,0,0,0,0,0,1,"Promotes affordability of durable and reusable products, ensuring low-income populations have access to long-lasting, high-quality goods.",,,,40-59,,,medium,5-10 years,"['Requires collaboration across material supply chains', 'advancements in product design', 'supportive policy frameworks to incentivize circular economy practices']","['Reduction in material use per product', 'increase in product lifespan', 'rate of reuse and repair', 'reduction in GHG emissions from material production and waste']",,,,,,,,,,none,2025-05-12,false,true
ipcc_0049,Improved product stock maintenance to extend life-time,{mitigation},,{ippu},{industrial_processes},{ghg_reduction},Extending the lifespan of buildings and infrastructure by maintaining their structural integrity through improved product stock maintenance. This involves ensuring concrete structures remain functional for over 200 years.,0,0,0,0,0,0,0,"Supports affordable infrastructure by reducing the need for frequent rebuilding, benefiting underserved and resource-limited communities.",,,,40-59,,,medium,5-10 years,"['Development of advanced maintenance techniques', 'effective policies to promote longer building lifespans', 'education for construction professionals on durable practices']","['Increase in the average lifespan of buildings and infrastructure', 'reduction in cement demand per capita', 'overall CO2 emissions reductions in cement production']",,,,,,,,,,none,2025-05-12,false,false
ipcc_0050,Shift to a sufficiency behaviour,{mitigation},,{ippu},{industrial_processes},{ghg_reduction},"Promotes behavioral and consumption changes to reduce overall industrial emissions, emphasizing reduced demand for products, reuse and recycling, and more efficient use of resources.",0,0,0,1,0,0,0,"Ensures inclusive participation in sufficiency initiatives, enabling low-income groups to access cost-saving measures while promoting sustainable consumption across all economic strata.",,,,20-39,,,low,<5 years,"['Public awareness campaigns', 'supportive policies', 'integration of sustainability into business and governmental frameworks']","['Reduction in material and energy intensity per capita', 'decrease in waste generation rates', 'improvement in recycling and reuse statistics']",,,,,,,,,,none,2025-05-12,false,false
ipcc_0052,Reduce Deforestation and Degradation,{mitigation},,{afolu},{land},{ghg_reduction},"Reducing deforestation and forest degradation conserves carbon pools in forest vegetation and soil by avoiding tree cover loss and disturbance. This involves controlling drivers of deforestation, improving forest governance, and supporting community forest management.",1,1,0,0,0,0,0,"Promotes secure land tenure, supports community-based forest management, and ensures participation of marginalized and indigenous groups in decision-making processes.",,,,,60-79,,medium,5-10 years,"['Requires improved governance', 'clear land tenure policies', 'funding for protected areas', 'community participation in forest conservation efforts']","['Reduction in deforestation rates', 'increased forest cover', 'the amount of GHG emissions avoided per year']",,,,,,,,,,tropical_rainforest,2025-05-12,false,false
ipcc_0053,"Afforestation, Reforestation and Forest Ecosystem Restoration",{mitigation},,{afolu},{land},{ghg_reduction},"Activities focused on converting land to forests, restoring degraded forests, and prioritizing ecological integrity. Afforestation targets historically non-forested land, while reforestation targets previously forested areas. Efforts include enhancing biodiversity, improving ecosystem services, and increasing carbon sequestration.",0,1,1,0,0,0,0,"Supports local livelihoods, promotes land-use equity, and ensures inclusive stakeholder participation in afforestation and restoration programs.",,,,,60-79,,high,5-10 years,"['Requires funding for land restoration', 'access to suitable species for planting', 'local community engagement', 'monitoring systems for ecosystem integrity and carbon sequestration']","['Area of land reforested or afforested', 'carbon sequestration rates', 'improvement in biodiversity indices', 'ecosystem service metrics such as water regulation and soil quality']",,,,,,,,,,none,2025-05-12,false,false
ipcc_0054,Improved Forest Management,{mitigation},,{afolu},{land},{ghg_reduction},"Sustainable forest management of already managed forests to increase carbon stocks, improve wood quality, mitigate disturbances, and provide co-benefits like biodiversity conservation, water regulation, and soil protection. Includes longer rotations, reduced harvesting, mixed stands, and climate-smart forestry.",0,1,1,0,0,0,0,"Promotes inclusive participation in forest management and provides support for smallholders and local communities, especially in tropical regions where sustainable practices can enhance livelihoods and mitigate climate change.",,,,,40-59,,high,5-10 years,"['Requires expertise in sustainable forestry', 'investment in nurseries with adapted species', 'supportive policies', 'incentives to overcome economic barriers', 'ensure accessibility for local stakeholders']","['Increase in forest carbon stocks', 'reduction in GHG emissions', 'improvements in biodiversity indicators', 'reduction in soil erosion and water-related issues']",,,,,,,,,,none,2025-05-12,false,false
ipcc_0055,Fire Management (Forest and Grassland / Savanna Fires),{mitigation},,{afolu},{land},{ghg_reduction},"Implementation of fire management practices, including prescribed burning and natural resource management, to reduce uncontrolled wildfires in forests and savannas. Focuses on safeguarding life, property, and resources while mitigating GHG emissions and maintaining carbon stocks.",1,0,0,0,0,0,0,"Promotes equitable access to fire management resources, focusing on capacity building and governance in vulnerable or underserved regions such as least developed countries in Africa.",,,,,20-39,,medium,5-10 years,"['Effective governance frameworks', 'access to research and technology for fire management', 'community engagement', 'alignment with regional legal and policy frameworks']","['Reduction in frequency and intensity of uncontrolled wildfires', 'Area managed with prescribed burns', 'Reduction in GHG emissions from fires', 'Improvement in biodiversity and soil health metrics']",,,,,,,,,,none,2025-05-12,false,false
ipcc_0056,Reduce Degradation and Conversion of Grasslands and Savannas,{mitigation},,{afolu},{land},{ghg_reduction},"This action involves preventing the conversion of grasslands and savannas to croplands to avoid soil carbon loss and mitigate GHG emissions. It includes activities such as vegetation management, animal management, and fire management to enhance soil carbon sequestration and conserve biodiversity.",0,0,0,0,0,0,0,"Promotes conservation practices that benefit local communities, protect vulnerable ecosystems, and enhance landowners' economic resilience through sustainable use of grasslands.",,,,,20-39,,medium,5-10 years,"['Strong policy frameworks', 'financial incentives for conservation', 'collaboration between governments', 'local communities', 'landowners to implement sustainable practices']","['Reduction in conversion rates of grasslands', 'increase in soil organic carbon levels', 'measurable reduction in GHG emissions from targeted areas']",,,,,,,,,,grassland_savanna,2025-05-12,false,false
ipcc_0057,"Reduce Degradation and Conversion of Peatlands Activities, Co-benefits, Risks and Implementation Barriers",{mitigation},,{afolu},{land},{ghg_reduction},"Prevent conversion and degradation of peatlands to avoid emissions from vegetation clearing, fires, and peat decomposition. Includes improving governance and management to preserve carbon-rich ecosystems critical for biodiversity and carbon storage.",0,1,1,0,0,0,0,"Promotes equitable access to preserved peatland resources while reducing health risks caused by fire-related pollutants, especially for vulnerable and rural communities.",,,,,40-59,,high,5-10 years,"['Requires strong governance', 'financial support', 'international cooperation', 'policies to control land conversion drivers', 'such as agriculture', 'mining', 'urban development']","['Reduction in peatland conversion rates', 'avoided emissions per hectare', 'improvements in biodiversity and water quality metrics']",,,,,,,,,,wetlands,2025-05-12,false,false
ipcc_0058,Peatland Restoration,{mitigation},,{afolu},{land},{ghg_reduction},"Peatland restoration involves rewetting and revegetating degraded peatlands to increase carbon accumulation in vegetation and soils, while avoiding ongoing CO2 emissions. This includes restoring hydrology, reducing fire risk, and maintaining ecosystem services like water regulation and flood prevention. It also addresses biodiversity conservation and paludiculture.",0,1,1,0,0,0,1,"Promotes the inclusion of local communities in planning and implementation, ensures alternative livelihoods are maintained, and addresses potential conflicts over land use.",,,,,60-79,,high,>10 years,"['Availability of funding', 'collaboration among local and national stakeholders', 'scientific research on optimal restoration practices', 'policies to incentivize restoration efforts']","['Availability of funding', 'collaboration among local and national stakeholders', 'scientific research on optimal restoration practices', 'policies to incentivize restoration efforts']",,,,,,,,,,wetlands,2025-05-12,false,true
ipcc_0060,Coastal Wetland Restoration,{mitigation},,{afolu},{land},{ghg_reduction},"Coastal wetland restoration involves restoring degraded or damaged coastal ecosystems, including mangroves, salt marshes, and seagrass beds, to sequester ""blue carbon"" in vegetation and soils. Restoration includes passive (removal of degradation drivers) and active (environmental manipulation) approaches to reinstate ecosystem functions and carbon sequestration potential.",0,1,1,0,0,0,0,"Involves local communities in decision-making, implementation, and monitoring stages to ensure equitable access to ecosystem benefits and protection of vulnerable coastal populations.",,,,,40-59,,high,>10 years,"['Requires long-term commitments', 'supportive policies', 'funding', 'monitoring frameworks', 'technical capacity', 'to address drivers of degradation', 'ensure restoration success']","['Area of wetlands restored', 'carbon sequestration rates', 'biodiversity recovery metrics', 'reduction in storm damage costs', 'water quality improvements']",,,,,,,,,,none,2025-05-12,false,false
ipcc_0061,Soil Carbon Management in Croplands and Grasslands,{mitigation},,{afolu},{land},{ghg_reduction},"Implementation of sustainable soil management practices in croplands and grasslands to enhance soil organic carbon. Practices include improved crop and nutrient management, reduced tillage, residue retention, water and rice management, biochar application, improved grass varieties, livestock stocking management, and fire management. These activities aim to increase soil organic matter, mitigate GHG emissions, and provide co-benefits for biodiversity, water provision, and food security.",0,1,0,0,0,0,0,Promotes inclusion of smallholder farmers and resource-limited communities by providing cost-effective and regionally adaptable practices that improve agricultural productivity and resilience to climate change.,,,,,60-79,,low,5-10 years,"['Success depends on the availability of resources for monitoring and verification', 'regional adaptation of practices', 'addressing barriers such as soil saturation and permanence issues']","['Increase in soil organic carbon', 'reduction in GHG emissions', 'improvement in agricultural productivity', 'biodiversity enhancements']",,,,,,,,,,none,2025-05-12,false,true
ipcc_0062,Biochar,{mitigation},,{afolu},{land},{ghg_reduction},"Biochar is produced by heating organic matter (e.g., forestry residues, straw, manure) in oxygen-limited environments. It has significant mitigation potential through carbon dioxide removal (CDR), reduced greenhouse gas emissions, and soil application benefits like improved fertility and reduced N2O emissions.",0,0,0,0,0,0,0,"Promotes access to sustainable biochar technologies for smallholder farmers and developing regions, improving food security and livelihoods.",,,,,20-39,,high,5-10 years,"['Availability of sustainably sourced biomass', 'standardization of production methods', 'monitoring systems', 'incentives for scaling up biochar production and application']","['Carbon sequestration rates', 'reduction in soil N2O emissions', 'crop yield improvements', 'displacement of fossil fuel use through pyrolysis gases']",,,,,,,,,,none,2025-05-12,false,false
ipcc_0063,Agroforesry,{mitigation},,{afolu},{land},{ghg_reduction},"Agroforestry integrates trees and shrubs with crops and/or livestock to sequester carbon, enhance soil health, reduce soil erosion, improve water quality, and diversify livelihoods. It also offers co-benefits like mitigating regional climates and increasing land productivity while addressing risks like biodiversity and hydrology impacts.",0,1,1,0,0,0,1,"Supports smallholder farmers by providing access to tools, market opportunities, and information while addressing barriers like land tenure, credit access, and species selection suitable for local contexts.",,,,,40-59,,medium,5-10 years,"['Requires access to appropriate germplasm', 'supportive policies', 'extension systems', 'credit access', 'reforms in land tenure systems', 'Adoption depends on aligning agroforestry practices to biophysical and socio-economic contexts']","['Carbon sequestration rates (above and below ground)', 'improved soil health metrics', 'increase in farmer income', 'reduction in soil erosion', 'adoption rates of agroforestry systems']",,,,,,,,,,none,2025-05-12,false,true
ipcc_0064,Enteric fermentation,{mitigation},,{afolu},{livestock},{ghg_reduction},"This action targets methane (CH4) emissions from enteric fermentation in livestock through direct interventions like feed additives, inhibitors, or vaccines, and indirect measures like improving production efficiency through better breeding and husbandry practices. It also includes early-life manipulation of the ruminal biome.",0,0,0,0,0,0,0,"Supports small-scale farmers in accessing advanced technologies and breeding programs, with special focus on developing countries where feed quality improvement can enhance livestock productivity.",,,,,20-39,,medium,5-10 years,"['Development and regulatory approval of feed additives, vaccines, and inhibitors', 'regional adaptation of mitigation strategies', 'overcoming barriers like costs, infrastructure, and public acceptance']","['Reduction in CH4 emissions per animal', 'adoption rates of improved feeding practices', 'increase in production efficiency per unit of livestock product']",,,,,,,,,,none,2025-05-12,false,false
ipcc_0066,Crop nutrient management,{mitigation},,{afolu},{land},{ghg_reduction},"Implementation of improved crop nutrient management practices to reduce N2O emissions from cropland soils. Practices include optimizing fertilizer application rates, timing, and types; using nitrification inhibitors and slow-release fertilizers; and integrating nutrient management techniques such as crop rotations, cover crops, and bio-fertilizer application.",0,1,1,0,0,0,0,"Promotes sustainable agricultural practices that can be adapted for smallholder and large-scale farms, addressing regional imbalances in fertilizer access and ensuring inclusivity in adoption of new technologies.",,,,,20-39,,medium,5-10 years,"['Availability of training and technical support for farmers', 'development of regional nutrient management roadmaps', 'access to affordable fertilizers and inhibitors']","['Reduction in N2O emissions', 'improvement in crop yields', 'increase in soil carbon sequestration', 'reduction in fertilizer use per hectare']",,,,,,,,,,none,2025-05-12,false,true
ipcc_0067,Manure management,{mitigation},,{afolu},{livestock},{ghg_reduction},"Manure management measures aim to mitigate CH4 and N2O emissions from manure storage and deposition through techniques such as anaerobic digestion, nitrification inhibitors, composting, improved storage and application practices, grazing practices, and livestock diet alteration. Co-benefits include improved nutrient recovery, fertiliser value, and biogas production.",1,1,1,0,0,0,0,"Supports small-scale anaerobic digestion technologies and regionally applicable measures in developing countries, providing economic opportunities and improving resilience for underserved farming communities.",,,,,20-39,,high,5-10 years,"['Development of cost-effective anaerobic digestion systems', 'supportive policies for nitrification inhibitors', 'region-specific training programs', 'accessible financing for farmers']","['Reduction in CH4 and N2O emissions from manure storage', 'increased adoption of anaerobic digestion systems', 'improved nitrogen use efficiency', 'enhanced biogas production']",,,,,,,,,,none,2025-05-12,false,false
ipcc_0069,Shift to sustainable healthy diets,{mitigation},,{afolu},{livestock},{ghg_reduction},"Transitioning dietary patterns to promote individual health and well-being while minimizing environmental impacts. Focuses on reducing animal-based food consumption, particularly from ruminant animals, and increasing plant-based food consumption to reduce GHG emissions and preserve biodiversity.",0,1,0,0,0,0,0,"Promotes access to affordable, culturally acceptable diets that meet nutritional needs, particularly in underserved and vulnerable communities. Policies address equity in food access and mitigate adverse economic impacts on agricultural sectors.",,,,,40-59,,medium,5-10 years,"['Implementation of integrated food-system policies', 'financial incentives for sustainable agriculture', 'awareness campaigns', 'the development of local food systems to support dietary transitions']","['Reduction in GHG emissions from food production', 'reduction in land use for livestock', 'increase in plant-based food consumption', 'improvement in public health metrics related to diet-related diseases']",,,,,,,,,,none,2025-05-12,false,false
ipcc_0070,Reduce food loss and waste,{mitigation},,{afolu},{land},{ghg_reduction},"Reduction of food loss and waste (FLW) through improved harvesting and post-harvesting technologies, mandatory reporting, reduction targets, consumer awareness campaigns, taxation, and marketing of imperfect food products. Includes measures across the entire food supply chain to minimize spoilage and waste.",0,1,1,1,0,0,0,"Supports vulnerable communities by reducing food insecurity and poverty, while addressing resource competition and improving access to affordable food.",,,,,20-39,,medium,5-10 years,"['Adequate infrastructure for food storage and transportation', 'policy frameworks for waste reduction', 'financial incentives', 'widespread consumer education to change behaviors']","['Reduction in food waste percentages at consumer and business levels', 'decrease in land used for agricultural production', 'measurable GHG emission reductions across the food supply chain']",,,,,,,,,,none,2025-05-12,false,false
ipcc_0071,Improved and enhanced use of wood products,{mitigation},,{afolu},{land},{ghg_reduction},"Promotes the use of sustainably harvested wood for material substitution (e.g., replacing concrete or steel) and increasing carbon storage in wood products. Includes strategies like increasing recycling, extending product lifetimes, and shifting to long-lived wood products.",0,0,1,0,0,0,0,"Supports local and indigenous communities by creating sustainable livelihoods, promoting equitable forest resource management, and enhancing access to long-term benefits.",,,,,40-59,,medium,5-10 years,"['Requires sustainable forest management practices', 'advanced wood processing technologies', 'market demand for wood substitutes', 'global cooperation to prevent resource exploitation']","['Increased use of wood products in construction', 'reduction in GHG emissions from material substitution', 'increase in recycled wood product utilization rates']",,,,,,,,,,none,2025-05-12,false,false
ipcc_0072,Urban Form,{mitigation},,{transportation},{on-road},{ghg_reduction},"Developing urban areas with medium to high densities of housing, jobs, and commerce; a high mix of land uses; connected streets; and high accessibility. This layout reduces vehicle miles traveled and supports low-carbon transportation and energy efficiency.",1,0,0,1,0,1,0,"Promotes accessibility for underserved communities through inclusive planning, ensuring equitable access to jobs, housing, and services.",,20-39,,,,,high,>10 years,"['Requires integrated spatial planning', 'infrastructure development', 'zoning regulations', 'public transport investment']","['Reduction in vehicle miles traveled', 'increase in public transport usage', 'percentage of urban areas with mixed-use development', 'lower per capita energy use in urban areas']",,,,,,,,,,none,2025-05-12,false,true
ipcc_0073,"Co-located Housing and Jobs, Mixed Land Use, and High Street Connectivity",{mitigation},,{transportation},{on-road},{ghg_reduction},"This action integrates spatial planning strategies based on the 5Ds of transit-oriented development (density, diversity, design, destination accessibility, and distance to transit). It aims to reduce vehicle miles traveled (VMT) and transport-related GHG emissions by increasing residential and job densities, improving street connectivity, and encouraging mixed land uses.",1,0,0,1,1,1,1,"Promotes equitable access to jobs and housing by improving public transit, increasing affordable housing options near employment hubs, and reducing commuting burdens for underserved communities.",,20-39,,,,,high,5-10 years,"['Requires effective urban planning', 'policy support for mixed land use', 'investment in public transit infrastructure', 'cooperation across municipal agencies']","['Reduction in VMT', 'increase in public transit ridership', 'decrease in transport-related GHG emissions', 'improved accessibility to jobs and housing']",,,,,,,,,,none,2025-05-12,false,true
ipcc_0074,Spatial Planning for Compact Urban Form,{mitigation},,{stationary_energy},{commercial_and_institutional_buildings_and_facilities},{ghg_reduction},"Integrated spatial planning promotes compact urban form to reduce GHG emissions by increasing urban efficiency, supporting sustainable infrastructure such as district heating/cooling networks, and enhancing green areas. Co-design processes improve public acceptance and institutional capacity to support coordinated mitigation strategies.",1,0,1,0,1,1,0,"Balances urban densification with affordable housing and equitable green space access, ensuring that low-income and vulnerable populations benefit from urban planning initiatives.",60-79,,,,,,high,>10 years,"['High institutional capacity for cross-sector collaboration', 'advanced GIS tools for spatial planning', 'stakeholder engagement for co-design processes']","['Reduction in GHG emissions per capita', 'adoption rates of district heating/cooling systems', 'proportion of urban population with access to green areas']",,,,,,,,,,none,2025-05-12,false,false
ipcc_0076,Switching to Net-zero-emissions Materials and Supply Chains,{mitigation},,{ippu},{industrial_processes},{ghg_reduction},"Transition to net-zero embodied carbon in construction materials and supply chains by substituting emissions-intensive materials like steel and concrete with engineered timber systems. This includes mass timber technologies for mid-rise urban buildings, integrating sustainable forestry, recycling, and reuse.",1,0,0,0,0,0,0,Supports regions with low forest cover through sustainable timber trade and agroforestry practices to reduce land-use conflicts. Promotes job creation in sustainable forestry and timber industries.,,,,60-79,,,high,>10 years,"['Sustainable forestry management', 'international carbon accounting standards', 'development of mass timber technologies', 'robust forest and urban land governance policies', 'incentivized afforestation practices']","['Reduction in embodied carbon in construction', 'number of mid-rise urban buildings using engineered timber', 'carbon sequestration capacity of urban timber infrastructure', 'improvement in sustainable forestry practices']",,,,,,,,,,none,2025-05-12,false,false
ipcc_0078,"Green Roofs, Green Walls, and Greenways",{mitigation},,{stationary_energy},{commercial_and_institutional_buildings_and_facilities},{ghg_reduction},"The implementation of green roofs, green walls, and greenways mitigates urban heat island effects, improves thermal comfort, reduces energy demand in buildings, manages stormwater, and promotes active transportation through connected green spaces, contributing to emissions reductions and urban livability.",1,1,1,0,0,1,1,Provides green infrastructure that benefits underserved communities by improving access to public green spaces and supporting healthier urban environments.,20-39,,,,,,high,5-10 years,"['Requires local government coordination', 'community engagement', 'urban planning integration', 'adequate funding for infrastructure development and maintenance']","['Reduction in building energy consumption', 'increase in urban green coverage', 'stormwater retention rates', 'increased active transportation use (cycling/walking)', 'improved thermal comfort']",,,,,,,,,,none,2025-05-12,false,false
ipcc_0080,"Avoiding, Minimising, and Recycling Waste",{mitigation},,{waste},{disposal_of_solid_waste_generated_in_the_city},{ghg_reduction},"Implementation of waste hierarchy principles to reduce waste generation, improve source separation, and increase recycling and composting. Promotes decentralized waste management, home composting, and circular economy approaches to transform waste into energy or by-products while minimizing transport-related emissions.",1,0,0,1,0,1,1,"Supports informal workers in waste management, provides employment opportunities, and reduces inequalities by integrating informal sectors into formal systems. Ensures cost-sharing and benefit distribution among stakeholders.",,,40-59,,,,medium,5-10 years,"['Requires institutional capacity', 'governance', 'cross-sectoral coordination', 'public awareness campaigns', 'needs infrastructure for decentralized waste treatment', 'policies to promote circular economy practices']","['Reduction in waste generation per capita', 'increase in recycling and composting rates', 'reduction in CH4 emissions from waste', 'employment opportunities created in waste management']",,,,,,,,,,none,2025-05-12,false,true
ipcc_0081,Coastal Accommodation,{adaptation},"{floods,sea-level-rise}","{road_infrastructure,geo-hydrological_disasters}",,{climate_resilience},"Raising dwellings and key infrastructure such as coastal roads above ground level to reduce flooding impacts in small islands, with government subsidies supporting elevated houses in flood-prone areas.",0,0,1,-1,1,0,1,"Provides flood mitigation and safety for vulnerable coastal populations, though local opposition has limited implementation in some areas.",,,,,,medium,high,5-10 years,"['Government subsidies', 'Community support', 'Availability of construction materials']","['Percentage of houses elevated', 'Reduction in flood-related damages', 'Number of roads raised']",,,,"""high""","""medium""",,,,,coastal_marine,2025-05-12,false,true
ipcc_0083,Strategic coastal retreat,{adaptation},"{sea-level-rise,floods,storms,landslides}","{geo-hydrological_disasters,public_health}",,{climate_resilience},"Planned relocation and retreat of people, assets, and activities from coastal hazard zones to reduce exposure and risks caused by sea-level rise and associated coastal hazards.",0,1,2,-1,1,1,1,"Strategic retreat ensures inclusion of vulnerable populations, respecting cultural ties, and addressing place-attachment and livelihoods.",,,,,,high,high,>10 years,"['Suitable and affordable land', 'Adequate financing', 'Effective governance and planning', 'Community engagement']","['Number of communities relocated', 'Reduction in exposure to hazards', 'Restoration of ecosystem services in retreat zones']",,,,"""high""","""high""","""high""","""high""",,,coastal_marine,2025-05-12,false,false
ipcc_0084,Restore/create natural areas,{adaptation},"{sea-level-rise,floods,storms,droughts}","{biodiversity,water_resources,geo-hydrological_disasters}",,{climate_resilience},"Restoration and conservation of marine and coastal habitats, such as mangroves, vegetated dunes, seagrasses, coral reefs, and kelp forests, to protect coastal communities, support biodiversity, sequester carbon, and mitigate climate change. Efforts include creating marine protected areas, active restoration of coral reefs, ridge-to-reef management, restoring\n dunes, planting salinity-tolerant trees, increasing forest cover, detect and manage forest pests.",1,2,2,1,1,0,1,Promotes inclusion by protecting ecosystems that support vulnerable coastal communities and enhances livelihoods through sustainable fisheries and recreation opportunities.,,,,,,high,medium,5-10 years,"['Community engagement', 'Funding for restoration projects', 'Integration of local knowledge', 'Sustainable management of marine resources']","['Area of habitats restored', 'Reduction in coastal flooding incidents', 'Improvement in biodiversity indices', 'Carbon sequestration capacity']",,"""medium""",,"""high""","""high""",,"""high""",,,coastal_marine,2025-05-12,false,false
ipcc_0085,Reduce ecosystem stress,{adaptation},"{droughts,floods,sea-level-rise,wildfires,storms}","{biodiversity,water_resources,geo-hydrological_disasters}",,{climate_resilience},"Reduce pollution, eutrophication, and anthropogenic pressures on natural systems, including marine and terrestrial ecosystems. Efforts include managing runoff, protecting sensitive habitats like the Great Barrier Reef, addressing non-climate drivers, promoting sustainable fisheries harvest, and increasing connectivity between natural areas to enhance ecosystem resilience.",1,2,2,0,0,0,1,"Supports vulnerable communities reliant on ecosystems for livelihoods by improving ecosystem services, promoting sustainable fisheries, and ensuring access to connected habitats that can mitigate climate-related hazards.",,,,,,high,medium,5-10 years,"['Enforcement of pollution regulations', 'Funding for ecosystem restoration', 'Monitoring fish stocks and habitat connectivity', 'Community engagement', 'Strategic habitat restoration planning']","['Reduction in pollutant levels', 'Improvement in water quality indices', 'Increase in biodiversity resilience scores', 'Reduction in frequency of ecosystem stress events', 'Increase in sustainable fishery yields', 'Increase in habitat connectivity']",,"""medium""",,"""high""","""high""",,"""high""","""medium""",,none,2025-05-12,false,false
ipcc_0086,Ecosystem-based adaptation,{adaptation},"{storms,sea-level-rise,heatwaves,floods}","{biodiversity,geo-hydrological_disasters,water_resources,public_health}",,{climate_resilience},"Restoring and sustainably managing marine, coastal, urban, riverine, and wetland ecosystems to protect against climate hazards such as storm surges, floods, and heatwaves. Efforts include agroecology, coastal and marine vegetation and reefs, vegetation corridors, mangrove habitat restoration, urban green space to reduce temperatures. These actions improve biodiversity, store carbon, enhance water quality, and provide socio-economic and cultural co-benefits.",1,2,2,0,1,1,1,"Supports vulnerable communities by enhancing climate resilience, promoting equitable access to ecosystem services, and creating livelihood opportunities, especially for marginalized and underserved populations.",,,,,,high,medium,5-10 years,"['Community engagement', 'Regulatory support', 'Financial investment', 'Urban planning', 'Climate-resilient vegetation', 'Biodiversity assessments', 'Catchment management', 'Upstream planning', 'Sustainable funding']","['Reduction in storm surge damage', 'Carbon sequestration rates', 'Increased biodiversity', 'Temperature reduction in urban areas', 'Improved water quality', 'Access to green spaces by underserved communities', 'Reduction in flood events', 'Enhanced ecosystem health']",,,"""high""","""high""","""high""",,"""high""",,,none,2025-05-12,false,false
ipcc_0088,Building codes,{adaptation},"{floods,landslides}","{road_infrastructure,geo-hydrological_disasters}",,{climate_resilience},"The development and implementation of building codes and architectural design regulations aimed at integrating climate adaptation parameters. These codes are focused on reducing risks from climate-induced hazards like floods and landslides. They also support climate-resilient urban development by guiding land use, construction practices, and infrastructure standards. The initiative fosters strategic long-term urban planning to coordinate public and private investments in adaptation, including the creation of safe zones and the transformation of precarious settlements. It ensures that new infrastructure is resilient to climate risks and that urban spaces are safe and sustainable for current and future populations.",2,0,1,1,2,1,1,Promotes inclusive urban planning by addressing risks in informal and precarious settlements and integrating eco-parks and eco-gardens for vulnerable populations.,,,,,,high,medium,5-10 years,"['Integration with local climate risk assessments', 'Strategic collaboration between urban planners and municipal authorities']","['Reduction in urban flood incidents', 'Increased availability of safe housing in risk areas', 'Implementation rate of eco-parks and eco-gardens in vulnerable areas']",,,,"""high""",,"""high""",,,,none,2025-05-12,false,false
ipcc_0089,Spatially redirect development,{adaptation},"{floods,heatwaves,sea-level-rise}","{water_resources,food_security,geo-hydrological_disasters}",,{climate_resilience},"Use zoning and land-use planning to regulate coastal development by implementing spatial development strategies that consider environmental vulnerabilities, protect ecosystems, and mitigate risks from flooding, heatwaves, and sea-level rise. This includes ensuring that development is directed away from high-risk areas, integrating climate adaptation considerations into urban planning, and promoting sustainable practices to close adaptation gaps while addressing urban inequality.",1,1,2,-1,1,0,2,Addresses inequality in urban populations by targeting the poorest quintiles and ensuring equitable adaptation deployment.,,,,,,medium,medium,5-10 years,"['Effective governance frameworks', 'Community engagement', 'Financial investments', 'Technical expertise']","['Reduction in adaptation gap', 'Decrease in urban vulnerability disparities', 'Improved resilience of coastal areas']",,,"""medium""","""medium""","""medium""",,,,,coastal_marine,2025-05-12,false,false
ipcc_0090,Insurance,{adaptation},"{droughts,floods,storms}","{food_security,water_resources,energy_security}",,{climate_resilience}," Insurance provides financial risk management tools tailored to climate-induced challenges. This includes traditional agricultural insurance to protect farmers from weather-related losses and innovative index-based insurance solutions. Index-based insurance leverages measurable weather indices, such as rainfall or temperature, to trigger payouts automatically when thresholds are reached, bypassing the need for loss verification. These tools help stabilize incomes, encourage investment in climate-resilient practices, and reduce the economic vulnerability of stakeholders in agriculture, aquaculture, and energy sectors. Furthermore, bundled insurance products with additional services like fertilizer or seed access enhance overall resilience, particularly in underserved and rural communities. By mitigating risks associated with droughts, floods, and storms, insurance supports sustainable development and adaptation goals",0,1,0,-1,0,0,2,"Supports small-scale farmers, marginalized communities, and those in vulnerable areas by improving access to financial resilience tools and mitigating climate-related risks",,,,,,medium,medium,<5 years,"['Availability of climate data', 'Regulatory frameworks', 'Collaboration among financial institutions and governments']","['Increase in number of insurance beneficiaries', 'Reduction in economic losses from extreme events', 'Adoption of index-based insurance products']",,"""high""",,"""medium""",,,"""medium""",,,none,2025-05-12,false,false
ipcc_0091,Diversification of livelihoods,{adaptation},"{storms,sea-level-rise}","{food_security,biodiversity}",,{climate_resilience},"Diversifying income-generating activities within fisheries and mariculture sectors to mitigate the economic impacts of climate change. This includes shifting target species, adapting harvest tactics, and transitioning to mariculture and ecotourism. Technology and infrastructure upgrades improve marine harvest efficiency and promote sustainable resource management. These adaptations aim to stabilize fisheries, enhance sustainability, and protect livelihoods under shifting marine species distributions and climate variability.",0,1,2,1,0,0,2,Promotes equitable opportunities for vulnerable fishing communities by supporting transitions to alternative employment sectors like ecotourism and mariculture.,,,,,,high,medium,<5 years,"['Investment in education', 'infrastructure', 'technology to support the transition to diversified livelihoods']","['Increase in income diversity', 'employment rates in alternative sectors', 'reduction in overexploitation of marine species']",,,,,"""high""",,"""high""",,,coastal_marine,2025-05-12,false,false
ipcc_0092,Social safety nets,{adaptation},"{droughts,heatwaves,floods,storms}","{food_security,public_health}",,{climate_resilience},"Social safety nets encompass adaptive social protection mechanisms to reduce food insecurity and malnutrition, especially for vulnerable populations. These include cash transfers, school feeding programs, public work initiatives, unemployment compensation, land reforms, credit and insurance schemes. Integrated approaches combine climate risk assessments with disaster risk reduction, education, and social equity to enhance resilience to climate stresses.",0,1,1,2,1,0,2,"Enhances the social status and rights of marginalized groups, protects vulnerable populations, reduces inequalities, and promotes education and gender equity.",,,,,,high,medium,5-10 years,"['Integration of climate and disaster risk into social protection', 'education programs', 'coordination with sustainable livelihoods and financial inclusion initiatives']","['Reduction in malnutrition rates', 'Increase in education access for vulnerable groups', 'Participation in social protection programs']",,"""high""","""high""","""medium""",,,"""medium""",,,none,2025-05-12,false,false
ipcc_0094,Access to health care,{adaptation},"{heatwaves,floods,droughts}","{public_health,water_resources}",,{climate_resilience},"Enhancing access to health care services, including health and nutrition services, clean water, sanitation, and culturally appropriate mental health resources. Expanding telemedicine capabilities enables efficient health service delivery, particularly for remote and underserved populations. Strengthening basic public health systems and disaster preparedness can rapidly reduce vulnerability to climate-related health risks.",1,2,0,1,1,0,2,"Promotes equitable access to health care for marginalized and vulnerable groups, including homeless populations, remote communities, and those affected by housing inequities.",,,,,,high,medium,5-10 years,"['Investment in telemedicine technologies', 'Strengthened governance of public health systems', 'Capacity building for health workers', 'Infrastructure upgrades for health facilities']","['Reduction in climate-related mortality', 'Increased access to telemedicine', 'Number of culturally tailored health programs implemented', 'Improved water and sanitation access metrics']",,"""high""","""high""","""high""",,,,,,none,2025-05-12,false,false
ipcc_0095,Disaster early warning,{adaptation},"{heatwaves,droughts,storms}","{public_health,biodiversity,geo-hydrological_disasters}",,{climate_resilience},"Establishing and maintaining early warning systems for disasters, including marine heatwaves, pest outbreaks, and heatwaves. These systems involve timely information dissemination to individuals, communities, and emergency services, enabling proactive measures to mitigate risks. Heat Action Plans (HAPs) are part of these systems and include detailed strategies like urban planning with nature-based solutions (e.g., green-blue spaces, cool materials), public awareness campaigns, and targeted measures for vulnerable groups (e.g., elderly, children, outdoor workers). Critical actions also include evaluation of system effectiveness post-disaster, lessons sharing, and improvements for better preparedness in future events.",2,1,2,0,0,1,2,"Focuses on addressing vulnerabilities among low-income groups, elderly, pregnant women, children, and outdoor workers by incorporating targeted communication, access to cool areas, and specific health interventions. Promotes equity by engaging marginalized communities in planning and ensuring access to necessary resources.",,,,,,high,medium,<5 years,"['Coordination among emergency services and health agencies', 'Investment in urban planning and nature-based solutions', 'Community education and public awareness campaigns', 'Technological infrastructure for early warning systems']","['Reduction in heatwave-related mortality rates', 'Timeliness of warnings', 'Public awareness levels', 'Community adoption of protective measures']",,"""medium""","""high""",,,,"""high""",,,none,2025-05-12,false,true
ipcc_0096,Farm/fishery improvements,{adaptation},"{droughts,heatwaves,floods,wildfires,storms}","{food_security,biodiversity,water_resources}",,{climate_resilience},"Implementing a range of strategies to adapt farms and fisheries to climate impacts. This includes changing fishing gear or vessel power, adopting new crop varieties or adjusting planting schedules, improving irrigation schemes, integrating crop and livestock systems, relocating livestock with improved pasture management, and adopting agroecological and agroforestry systems. Technological innovations like smart farming and financial measures such as subsidies support these adaptations.",1,2,2,1,0,0,2,"Ensures access to resources for marginalized farmers and fishers, promotes diverse livelihood options, and builds resilience in underserved communities.",,,,,,high,medium,5-10 years,"['Policy support for climate-resilient agriculture and fisheries', 'Access to finance and subsidies', 'Training for adopting new practices', 'Improved market infrastructure']","['Increase in agricultural and fishery productivity', 'Adoption rate of integrated systems', 'Reduction in climate-related yield losses']",,"""high""","""high""","""medium""",,,"""medium""","""low""",,none,2025-05-12,false,false
ipcc_0097,Food storage/distribution improvements,{adaptation},"{droughts,floods,storms,heatwaves}","{food_security,road_infrastructure}",,{climate_resilience},"Enhancing food storage and distribution systems by improving transportation infrastructure, optimizing trade networks, and shortening supply chains to ensure local food availability and resilience to climate impacts. This action also includes increasing the capacity of local food storage facilities to reduce post-harvest losses, addressing inefficiencies in logistics, and bolstering infrastructure for perishable goods. It aims to improve food security and reduce vulnerability to extreme events, disruptions, and cascading impacts, especially during pandemics and other crises.",0,1,1,1,0,2,2,Supports equitable access to food for marginalized and vulnerable populations by prioritizing local food production and improving distribution systems that reach underserved areas.,,,,,,high,medium,5-10 years,"['Investment in infrastructure', 'Policy incentives for local food production', 'Collaboration with logistics and trade sectors', 'Technology for supply chain optimization']","['Reduction in post-harvest losses', 'Increased local food availability', 'Improved transportation efficiency for food distribution', 'Shortened supply chains']",,"""high""","""high""","""high""",,,"""high""",,,none,2025-05-12,false,false
ipcc_0098,Behaviour change in diets and food waste,{adaptation},"{droughts,heatwaves,floods,wildfires}","{food_security,biodiversity}",,{climate_resilience},"Reducing food loss and waste through improved food production, distribution, and consumption practices. Actions include enhancing agricultural techniques, adopting water-saving technologies, implementing low-cost storage solutions, and promoting plant-based diets. Policymakers can encourage these behaviors with appropriate pricing policies, sustainable agriculture initiatives, and support for disadvantaged groups. The action emphasizes shifting to healthier diets, reducing overconsumption, and supporting local food systems to mitigate greenhouse gas emissions and ensure food security under climate change.",1,2,2,1,0,0,2,"Promotes access to affordable, healthy food for vulnerable communities, empowering women, youth, and socially disadvantaged groups. Encourages equitable participation in sustainable agricultural practices and local food networks.",,,,,,high,medium,5-10 years,"['Education and training for farmers', 'Access to sustainable agricultural inputs', 'Policy support for sustainable practices', 'Technological infrastructure for storage and processing']","['Reduction in food loss and waste percentages', 'Increase in adoption of plant-based diets', 'Improved food security indicators', 'Reduction in GHG emissions from food systems']",,"""high""","""medium""","""medium""",,,,"""low""",,none,2025-05-12,false,false
ipcc_0099,Water capture/storage,{adaptation},"{droughts,floods,storms}","{water_resources,food_security,energy_security,geo-hydrological_disasters}",,{climate_resilience},"Implementing water capture and storage solutions such as farm ponds, revival of water bodies, rain gardens, bioswales, retention ponds, and water storage tanks. These measures aim to mitigate climate-induced impacts by improving water management, reducing stormwater runoff, enhancing water quality, and supporting agriculture and energy production under changing climate scenarios. Multi-purpose water reservoirs and dams provide additional benefits by addressing water shortages and managing risks associated with natural hazards.",0,2,2,1,0,1,2,"Ensures access to water for underserved communities, supports sustainable livelihoods in water-scarce regions, and promotes equitable resource distribution through inclusive decision-making processes.",,,,,,high,medium,5-10 years,"['Investment in green infrastructure', 'community engagement', 'policy support for water resource management']","['Reduction in stormwater runoff', 'increase in water storage capacity', 'improvement in water quality', 'stability in agricultural yields']",,"""high""",,"""high""",,,"""high""",,,none,2025-05-12,false,false
ipcc_0100,Efficient water use/demand,{adaptation},"{droughts,heatwaves}","{water_resources,food_security}",,{climate_resilience},"Implementing advanced irrigation techniques such as precision and drip irrigation to enhance water use efficiency in agriculture. Managed Aquifer Recharge (MAR) is applied to replenish groundwater supplies using stormwater, treated wastewater, or other sources. These actions are complemented by cooperative policies across multiple sectors to ensure sustainable water resource management, equitable access, and regional collaboration. Additionally, promoting changes in water consumption patterns, such as reducing waste and improving efficiency in urban and agricultural water use, supports resilience against water scarcity and enhances adaptive capacity in vulnerable regions. These efforts collectively aim to address the growing demand for freshwater in the face of climate change and ensure long-term sustainability.",0,2,1,1,0,0,2,"Supports vulnerable farming and urban communities by ensuring equitable access to water resources, promoting sustainable consumption patterns, and addressing persistent water stress in underserved areas.",,,,,,high,medium,5-10 years,"['Infrastructure for water reuse and MAR', 'Regulatory frameworks for water management', 'Education and training on irrigation techniques', 'Regional and cross-sector policy coordination']","['Reduction in agricultural water usage', 'Increase in groundwater recharge rates', 'Improved crop yields', 'Adoption of sustainable water consumption patterns', 'Regional collaboration metrics']",,"""high""","""medium""",,,,,,,none,2025-05-12,false,false
ipcc_0101,Efficient water supply/distribution,{adaptation},"{droughts,floods,storms}",{water_resources},,{climate_resilience},"Implementing sustainable water supply systems by constructing irrigation infrastructure, promoting inter-basin water transfers, utilizing nature-based solutions (NBS) such as rain gardens, bioswales, and wetlands, and integrating advanced techniques like water reuse and water upgrading. Water reuse involves treating and recycling wastewater for non-potable or potable purposes, while water upgrading focuses on improving the quality of available water for diverse uses. These approaches enhance stormwater infiltration, improve urban water management, increase drought resilience, and support groundwater recharge. They provide energy-efficient and economical water solutions while maintaining sustainable urban development.",0,2,2,1,0,0,1,"Promotes equitable access to water resources, particularly in underserved urban areas, by integrating natural and engineered water management systems to benefit all communities, including low-income groups.",,,,,,high,medium,5-10 years,"['Adequate funding for infrastructure development', 'Community engagement for NBS implementation', 'Integration of urban planning with water management']","['Reduction in water scarcity incidents', 'Increase in groundwater recharge rates', 'Enhanced urban water infiltration capacity']",,"""high""",,"""high""",,,"""high""",,,none,2025-05-12,false,false
ipcc_0102,Seasonal/temporary mobility,{adaptation},"{sea-level-rise,storms,droughts}","{food_security,biodiversity}",,{climate_resilience},"Facilitating mobility of fishing fleets and workers to adapt to shifting marine species distributions caused by climate change. This includes enabling seasonal or temporary migration to align with the availability of resources, improving infrastructure and technology to support mobility, and fostering flexible governance to manage transboundary resources sustainably. These actions aim to maintain livelihoods and reduce economic impacts of climate variability.",0,1,2,1,0,2,1,"Ensures equitable access to resources for vulnerable communities, including small-scale fishers and those dependent on seasonal income, by promoting inclusive governance structures and reducing barriers to mobility.",,,,,,high,medium,5-10 years,"['Infrastructure and technology investments', 'Transboundary agreements', 'Capacity-building initiatives to support mobility']","['Reduction in resource overexploitation', 'Increase in seasonal employment opportunities', 'Enhanced management of transboundary fisheries']",,"""low""",,,"""medium""",,"""medium""",,,coastal_marine,2025-05-12,false,false
ipcc_0103,Cooperative governance,{adaptation},"{sea-level-rise,storms}","{water_resources,biodiversity}",,{climate_resilience},"Enhancing cooperative governance through transboundary fishing agreements and inclusive ocean governance. This involves participatory approaches, structured decision-making tools, and decentralized frameworks that couple top-down management with community-driven initiatives. Additional strategies include collective water management systems to optimize resource use under climate-induced variability, indigenous water-sharing systems rooted in traditional practices to ensure sustainable and equitable resource allocation, and enforcing the land rights of Indigenous populations to protect biodiversity and cultural heritage. Adaptive co-management in Arctic fisheries integrates local and scientific knowledge to address climate impacts on marine resources. The international compact on migration fosters orderly and safe migration as an adaptive response to climate risks, and policies for adaptive governance promote ecosystem-based solutions, legal frameworks, and institutional adaptations to enhance resilience to climate change. These combined measures address geopolitical complexities, ensure equitable resource distribution, and strengthen resilience to climate-induced hazards.",0,1,2,1,0,0,2,"Promotes inclusivity by incorporating Indigenous knowledge systems, ensuring representation of marginalized communities in decision-making processes, and creating equitable access to marine resources for vulnerable populations. Recognizes the importance of Indigenous land rights and traditional governance systems to enhance community resilience and equitable resource management.",,,,,,high,medium,5-10 years,"['Establishment of transboundary agreements', 'Investment in marine observation technologies', 'Capacity building for local communities', 'Recognition of Indigenous land and water rights', 'Implementation of adaptive co-management frameworks']","['Number of transboundary agreements signed', 'Increase in fish stock sustainability', 'Stakeholder satisfaction with governance processes', 'Improved water-sharing outcomes in Indigenous communities', 'Integration of adaptive co-management in fisheries governance']",,,,,"""high""",,"""high""",,,none,2025-05-12,false,false
ipcc_0104,Permanent migration,{adaptation},"{floods,landslides,sea-level-rise}","{geo-hydrological_disasters,public_health,water_resources}",,{climate_resilience},"Resettlement of communities from flood-prone areas and rural–urban migration as a strategy to mitigate vulnerabilities caused by climate change. This includes addressing urbanization challenges, such as unplanned development, water insecurity, and socioeconomic disparities, while providing equitable opportunities for migrants in urban centers. Measures include enhancing urban planning, water resource management, and social support systems for displaced populations.",0,1,1,-1,-1,1,2,"Promotes inclusion by addressing the vulnerabilities of marginalized populations and ensuring equitable access to resources, opportunities, and support systems for displaced communities.",,,,,,medium,high,5-10 years,"['Development of urban infrastructure', 'Equitable resource allocation', 'Strong governance frameworks', 'Capacity building for displaced populations']","['Reduction in displacement-related mortality', 'Increase in access to water and housing', 'Improvement in migrant livelihoods and employment rates']",,,,"""high""","""medium""","""medium""",,,,none,2025-05-12,false,false
ipcc_0005,Shared Mobility,{mitigation},,{transportation},{on-road},{ghg_reduction},"Promoting shared mobility solutions such as car sharing, bike sharing, e-scooters, and carpooling to reduce reliance on privately owned vehicles and decrease greenhouse gas emissions. Shared Mobility includes Mobility as a Service (MaaS), integrating various transportation services for increased system efficiency.",0,0,0,1,0,1,1,"Promotes equitable access to affordable transport options, especially for underserved communities, while reducing individual costs.",,0-19,,,,,medium,5-10 years,"['Development of efficient shared mobility platforms', 'supportive urban policies', 'technological advancements in ride-sharing systems']","['Increase in shared mobility trips', 'reduction in private vehicle kilometers traveled', 'decreased transport-related emissions']",,,,,,,,,,none,2025-05-12,false,true
ipcc_0012,Electric Technologies,{mitigation},,{transportation},{on-road},{ghg_reduction},"Adoption of electric vehicle technologies, including Battery Electric Vehicles (BEVs), Hybrid Electric Vehicles (HEVs), and Plug-in Hybrid Electric Vehicles (PHEVs), to reduce GHG emissions and dependence on fossil fuels. BEVs operate on electricity alone, producing zero emissions; HEVs combine an internal combustion engine with an electric motor; PHEVs allow extended electric-only driving.",1,0,0,0,0,1,0,"Reduces reliance on fossil fuels, improves air quality, and provides cleaner transport options that can benefit underserved communities.",,80-100,,,,,high,5-10 years,"['Dependence on advancements in battery technologies', 'development of charging infrastructure', 'policies for subsidies and incentives', 'integration with renewable energy sources for electricity generation']","['Percentage of electric vehicles in the vehicle fleet', 'reduction in GHG emissions per kilometer traveled', 'availability of charging infrastructure']",,,,,,,,,,none,2025-05-12,false,true
ipcc_0015,Improved Energy Efficiency for Vehicles,{mitigation},,{transportation},"{on-road,railways,waterborne_navigation,aviation}",{ghg_reduction},"Optimizing vehicle design, technology, and operations to reduce energy consumption and emissions. This includes advanced aerodynamics, efficient powertrains, low rolling resistance tires, better thermal management systems, turbocharging, direct fuel injection, and cylinder deactivation in internal combustion engines, among others.",1,0,0,1,0,1,0,"Promotes access to efficient and cost-saving transportation technologies, benefiting diverse communities, including underserved regions with high transport costs.",,20-39,,,,,high,5-10 years,"['Development and deployment of advanced vehicle technologies', 'regulatory frameworks', 'consumer acceptance']","['Improvements in fuel economy (km/l)', 'reduction in GHG emissions per km', 'share of energy-efficient vehicles in fleets', 'fuel cost savings']",,,,,,,,,,none,2025-05-12,false,true
ipcc_0027,Process Coupling and Improvements,{mitigation},,{ippu},{industrial_processes},{ghg_reduction},"This action focuses on reducing energy and emissions intensity in the steel production process by improving coupling between processes, such as Endless Strip Production (ESP). Techniques include reducing the number of temperature cycles, integrating process stages, and adopting energy-efficient technologies.",0,0,0,0,0,0,0,"Promotes access to advanced manufacturing technologies for small and medium-sized enterprises, ensuring broader participation in decarbonization efforts.",,,,40-59,,,high,5-10 years,"['Development and deployment of advanced process integration technologies', 'skilled workforce training', 'supportive policies to incentivize adoption']","['Reduction in energy consumption per unit of steel', 'increase in process coupling efficiency', 'reduction in GHG emissions per ton of steel produced']",,,,,,,,,,none,2025-05-12,false,true
ipcc_0029,Drying/Dewatering Process Improvements,{mitigation},,{ippu},{industrial_processes},{ghg_reduction},"Enhancing energy efficiency in the pulp, paper, and food processing industries by optimizing drying and dewatering processes. This includes using advanced technologies like heat exchanger networks, thermal vapor recompression, and reverse osmosis for energy savings.",0,0,0,0,0,0,0,"Promotes the use of advanced, cost-effective technologies accessible to small and medium enterprises, reducing barriers for entry and enabling equitable benefits.",,,,20-39,,,medium,5-10 years,"['Availability of advanced drying/dewatering technologies', 'skilled workforce for implementation', 'supportive policies or incentives to offset initial costs']","['Reduction in energy consumption per unit of output', 'percentage improvement in drying efficiency', 'reduction in GHG emissions from manufacturing processes']",,,,,,,,,,none,2025-05-12,false,true
ipcc_0034,Energy Recycling in Furnaces and Kilns,{mitigation},,{ippu},{industrial_processes},{ghg_reduction},"Recycling energy from furnaces and kilns through technologies like heat recovery systems, including advanced heat exchangers and top pressure recovery turbines, to enhance energy efficiency and reduce emissions in steel production.",0,0,0,0,0,0,0,"Ensures access to energy recovery technologies for smaller manufacturers, promoting wider adoption across industries and geographies.",,,,40-59,,,high,5-10 years,"['Availability of advanced heat recovery technologies', 'skilled workforce for installation and operation', 'supportive policies and funding incentives']","['Reduction in energy consumption per ton of product', 'increase in waste energy recovery rates', 'decrease in GHG emissions intensity in industrial processes']",,,,,,,,,,none,2025-05-12,false,false
ipcc_0043,Circular Economy Policies,{mitigation},,{ippu},{industrial_processes},{ghg_reduction},"Circular Economy (CE) policies aim to close the loop for materials and energy flows by reducing, reusing, and recycling resources. These policies promote durable goods, reuse and remanufacturing, industrial symbiosis, and urban symbiosis to minimize waste and reduce GHG emissions. CE policies operate at micro, meso, and macro levels to integrate strategies like eco-design, sustainable supply chains, and urban energy symbiosis.",0,0,0,0,0,0,0,"Promotes access to CE practices for small and medium-sized enterprises (SMEs), ensures equitable participation in industrial symbiosis networks, and supports underserved regions by creating economic opportunities through resource-efficient policies.",,,,40-59,,,high,5-10 years,"['Effective coordination between industries, governments, and communities', 'supportive policies and regulations', 'development of recycling infrastructure', 'data sharing platforms for material and energy flows']","['Reduction in virgin material use', 'GHG emissions avoided through CE practices', 'increase in recycling rates', 'number of industrial symbiosis networks implemented', 'resource recovery metrics']",,,,,,,,,,none,2025-05-12,false,false
ipcc_0051,Reducing overall demand for product services,{mitigation},,{ippu},{product_use},{ghg_reduction},"This action focuses on mitigating climate change by reducing the demand for industrial products and services, particularly in sectors such as clothing and tourism. It emphasizes behavioral and lifestyle changes, such as sustainable consumption patterns, reduced long-haul travel, and lower demand for products linked to excessive material production and emissions.",1,0,0,0,0,1,1,"Encourages equitable access to sustainable alternatives, particularly for underserved communities, ensuring reduced environmental impacts without excluding vulnerable populations.",,,,40-59,,,medium,5-10 years,"['Implementation of policies and programs promoting sustainable consumption', 'availability of alternatives to high-emission activities', 'societal support for behavioral and lifestyle changes']","['Reduction in demand for high-emission products and services', 'decreased industrial emissions linked to product use', 'increased adoption of sustainable consumption practices']",,,,,,,,,,none,2025-05-12,false,true
ipcc_0059,Reduce Conversion of Coastal Wetlands,{mitigation},,{afolu},{land},{ghg_reduction},"This action involves reducing the conversion of coastal wetlands such as mangroves, marshes, and seagrass ecosystems to avoid emissions from biomass and soil carbon loss. It also supports biodiversity conservation, fisheries production, soil stabilization, water quality regulation, flood prevention, and resilience against cyclones.",0,1,1,0,0,0,0,"Supports coastal communities by preserving livelihoods linked to wetlands, enhancing resilience to climate change, and ensuring fair distribution of benefits from ecosystem services.",,,,,40-59,,high,5-10 years,"['Effective integration of coastal climate mitigation policies', 'marine spatial planning', 'economic incentives to prioritize wetland conservation']","['Area of coastal wetlands preserved', 'GHG emissions avoided from biomass and soil carbon loss', 'improvements in biodiversity metrics', 'ecosystem resilience']",,,,,,,,,,coastal_marine,2025-05-12,false,true
ipcc_0065,Improve rice management,{mitigation},,{afolu},{land},{ghg_reduction},"Implementation of improved water management practices (e.g., single and multiple drainage systems), residue management, better fertiliser application (e.g., slow-release fertilisers), and soil amendments (e.g., biochar) to reduce CH4 and N2O emissions while enhancing sustainability and system resilience.",0,1,0,0,0,0,0,"Supports small-scale farmers by reducing input costs (e.g., seeds, labour, and water), increasing income through higher yields, and providing tools and knowledge for sustainable rice farming.",,,,,20-39,,medium,5-10 years,"['Adequate irrigation infrastructure', 'training for farmers on advanced techniques', 'access to slow-release fertilisers and biochar', 'coordinated water management practices among neighboring farmers and regions']","['Reduction in CH4 and N2O emissions per hectare', 'increased water use efficiency', 'yield stability during droughts', 'adoption rate of improved rice cultivation techniques']",,,,,,,,,,wetlands,2025-05-12,false,true
ipcc_0068,Bioenergy and BECCS(Bioenergy with Carbon Capture and Storage),{mitigation},,{afolu},{land},{ghg_reduction},"Bioenergy involves producing energy from organic sources like biomass, organic waste, and harvest residues, displacing fossil fuels in heat, electricity, and fuel production. When combined with carbon capture and storage (BECCS), it stores biogenic carbon in geological or terrestrial reservoirs, achieving negative emissions. BECCS can also integrate with agriculture and forestry for co-benefits like land restoration and biogas production.",1,1,0,0,0,0,1,"Focuses on sustainable land-use practices, including degraded land restoration, while ensuring energy access and food security for vulnerable communities.",,,,,60-79,,high,>10 years,"['Requires sustainable land management', 'advanced bioenergy technology development', 'infrastructure for carbon capture and storage', 'global governance for trade and supply chains']","['Amount of carbon removed through BECCS (in GtCO2 per year)', 'total energy produced from bioenergy', 'land restored for biomass production', 'GHG emissions reduction from displaced fossil fuel use']",,,,,,,,,,none,2025-05-12,false,false
ipcc_0075,Electrification and Decarbonisation of the Urban Energy System,{mitigation},,{stationary_energy},{energy_generation_supplied_to_the_grid},{ghg_reduction},"This action involves replacing fossil fuel-based technologies with electrified alternatives, such as electric vehicles, heat pumps, and renewable energy systems, to decarbonize urban energy infrastructure. It focuses on integrating renewable energy, increasing demand-side flexibility, and promoting energy efficiency in urban systems to support decarbonization and reduce GHG emissions.",1,0,0,0,0,1,1,"Promotes equitable access to renewable energy and electrified infrastructure, addressing barriers faced by low-income and underserved communities through subsidies, incentives, and public participation.",60-79,,,,,,high,5-10 years,"['Requires grid upgrades', 'supportive policies', 'stakeholder cooperation', 'financial incentives', 'public awareness campaigns', 'access to renewable energy', 'advanced storage technologies is critical']","['Reduction in GHG emissions per kWh', 'increase in renewable energy penetration', 'adoption rates of EVs and heat pumps', 'improved urban air quality']",,,,,,,,,,none,2025-05-12,false,true
ipcc_0087,Infrastructure retrofitting,{adaptation},"{floods,droughts,heatwaves}","{road_infrastructure,public_health,energy_security}",,{climate_resilience},"Strengthening and upgrading existing infrastructure, including roads, housing, and energy systems, to improve resilience against climate risks such as floods, droughts, and heatwaves. Efforts include Air conditioning, using thermosiphons for permafrost degradation, increasing rooftop albedo (for reflectivity) and shading",1,1,0,-1,1,1,1,"Improves resilience for vulnerable communities, especially in low-income regions, by reducing risks from extreme climate events.",,,,,,high,high,5-10 years,"['Policy alignment', 'Funding availability', 'Engineering and construction expertise']","['Reduced infrastructure failure during hazards', 'Increased capacity for housing and energy systems']",,"""medium""","""high""","""high""",,,,,,none,2025-05-12,false,false
ipcc_0093,Availability of health infrastructure,{adaptation},"{droughts,floods,sea-level-rise,diseases}","{public_health,water_resources}",,{climate_resilience},"Ensuring access to safe drinking water infrastructure, protecting health services, and improving sanitation systems to mitigate climate impacts. This includes developing adaptive measures for water security against droughts, floods, and sea-level rise. Strengthening infrastructure resilience ensures equitable access to health services, reduces contamination risks, and addresses the impacts of climate-induced hazards.",0,2,1,1,0,0,2,"Enhances access to critical health and water resources for vulnerable and underserved communities, mitigating inequities caused by climate impacts.",,,,,,high,medium,5-10 years,"['Adequate funding', 'technological investments in health and water infrastructure', 'effective governance and cross-sector coordination']","['Reduction in waterborne diseases', 'improved access to potable water', 'number of resilient health facilities developed']",,"""high""",,"""high""","""high""",,,,"""high""",none,2025-05-12,false,true
ipcc_0006,Teleworking,{mitigation},,{transportation},{on-road},{ghg_reduction},"Encouraging teleworking (working from home) and videoconferencing as alternatives to commuting and in-person meetings, thereby reducing light-duty vehicle travel and associated emissions.",1,0,0,1,0,1,1,"Improves work flexibility, enabling greater participation from individuals with mobility constraints or caregiving responsibilities.",,0-19,,,,,low,<5 years,"['Widespread access to high-speed internet', 'supportive organizational policies', 'employee willingness to adopt teleworking']","['Reduction in commuter trips', 'increase in teleworking adoption rates', 'decreased transport-related emissions']",,,,,,,,,,none,2025-05-12,false,true
ipcc_0001,Promote compact urban form and transit-oriented development,{mitigation},,{transport},{on_road},{},"Encourages compact and mixed-use urban development to reduce travel distances, car dependency, and related GHG emissions. Measures include transit-oriented development (TOD), zoning reforms, densification around transport corridors, and integration of land use and mobility planning. Particularly suited for larger cities with the capacity to update master plans and invest in transit infrastructure.",1,0,0,1,1,2,1,"Improves access to efficient, affordable transport options for underserved communities, reducing social and economic disparities.",,0-19,,,,,high,>10 years,Policy support for land-use planning\npublic acceptance\nreallocation of transport budgets towards sustainable modes,,,,,,,,,,,,2025-10-22,true,false
ipcc_0023,Design products with lightweight materials,{mitigation},,{ippu},{industrial_processes},{},"This action involves improving material efficiency by designing lighter products, optimizing material usage to maintain functionality, and incorporating circular economy principles such as reusability, repairability, and recyclability. It spans the entire product lifecycle, from design to end-of-life management.",1,0,0,0,0,0,0,Supports equitable access to energy-efficient technologies and promotes sustainable practices in developing regions with high industrial emissions. Focuses on reducing resource competition and ensuring fair distribution of technological advancements.,,,,20-39,,,high,5-10 years,Availability of advanced technologies\nsupportive regulatory frameworks\ninvestment in research and development\nalignment with global standards for emissions reduction and energy efficiency,Reduction in industrial GHG emissions\nadoption rates of heat and energy recovery technologies\nenergy intensity improvements in key industries\nrecycling rates,,,,,,,,,,,2025-10-22,true,false
ipcc_0024,Improve material utilization efficiency in production,{mitigation},,{ippu},{industrial_processes},{},"This action focuses on enhancing material efficiency by adopting near-net shape casting and similar innovative manufacturing techniques. These methods reduce material wastage during production, improve yield from raw materials, and enhance energy efficiency by minimizing reprocessing. Strategies include optimizing product design, lightweighting, and improving recycling and reuse processes.",1,0,0,0,0,0,0,"Supports the equitable deployment of energy-efficient technologies in developing economies, ensuring fair access to resources and reducing environmental pollution in industrial regions.",,,,20-39,,,high,5-10 years,Availability of advanced fuel delivery systems\nsupportive policy frameworks\ninvestment in R&D for alternative reductants\nindustry-wide adoption of optimized process controls and technologies,Reduction in GHG emissions from heating in steel production\nenergy intensity improvements\nincreased adoption rates of pulverized coal injection and alternative fuels\nreduced production of hazardous wastes,,,,,,,,,,,2025-10-22,true,false
ipcc_0025,"Design for Recovery, Reuse, or Repurposing",{mitigation},,{ippu},{industrial_processes},{},"This action involves designing products to enable circular principles such as extended product life, reusability, repairability, and ease of recycling. It emphasizes lightweighting, material optimization, and improved recovery of materials at the end of their lifecycle through reuse, remanufacturing, or recycling.",1,0,0,0,0,0,0,"Ensures that efficient furnace technologies are accessible to industries in developing economies, reducing pollution and improving workplace safety.",,,,20-39,,,high,5-10 years,Availability of advanced furnace designs\nsupportive policies and incentives\nskilled workforce for installation and maintenance\nindustry-wide adoption of energy-efficient technologies,Reduction in energy intensity\nGHG emissions\nhazardous waste production\nincreased adoption of advanced furnaces\nprocess controls,,,,,,,,,,,2025-10-22,true,false
ipcc_0026,Adopt alternative feedstocks in industrial production,{mitigation},,{ippu},{industrial_processes},{},"Utilizing alternative feedstocks, such as blast furnace slag, fly ash, and pozzolans, to reduce the clinker-to-cement ratio in cement production. These alternatives lower emissions associated with calcination and energy-intensive processes. Improved material efficiency through high-strength concretes and innovative placement methods further reduces material usage.",1,0,0,0,0,0,0,"Ensures that advanced heat recovery technologies are accessible to small and medium industries, particularly in developing regions, helping them reduce energy costs and emissions.",60-79,,,40-59,,,high,5-10 years,Availability of advanced heat recovery technologies and pumps\nskilled workforce for installation and maintenance\npolitical support for the adoption of waste heat recovery systems\nInvestment in infrastructure to capture and redirect waste heat to meet other energy needs within the facility,Increase in waste heat recovery rate\nreduction in energy intensity\npercentage of heat reused through high-efficiency systems,,,,,,,,,,,2025-10-22,true,false
ipcc_0028,"Behavioral Changes for Reduced Waste (e.g., Food)",{mitigation},,{ippu},{industrial_processes},{},"Encouraging behavioral changes to reduce waste in industrial processes and consumer habits, particularly in food production and consumption. This includes reducing food waste through better planning, optimizing portion sizes, and improving recycling and reuse practices in production and post-consumption stages.",0,0,0,0,0,0,0,"Promotes equitable access to efficient technologies for small-scale mining operations, reducing energy costs and environmental impacts for vulnerable communities dependent on mining activities.",,,,20-39,,,high,5-10 years,Development of advanced comminution and ore sorting technologies\navailability of renewable energy sources for power generation\npolicy support to incentivize adoption,Reduction in energy consumption per ton of ore processed\nimprovement in ore recovery ratio\nreduction in GHG emissions from mining operations,,,,,,,,,,,2025-10-22,true,false
ipcc_0031,Enhanced product service levels per product (e.g. product sharing),{mitigation},,{ippu},{industrial_processes},{},"Promotes more intensive use of durable products by encouraging product sharing, which reduces the demand for new products and the associated GHG emissions from their manufacturing and supply chain.",0,0,0,0,0,1,1,"Facilitates access to energy-efficient technologies for small and medium enterprises, ensuring equitable participation in energy-saving initiatives.",,,,20-39,,,high,5-10 years,Availability of advanced technologies like sensors and machine learning systems\nadequate digital infrastructure\nsupportive policies for energy efficiency adoption,Reduction in energy use\ncost savings per production cycle\npercentage improvement in process efficiency,,,,,,,,,,,2025-10-22,true,false
ipcc_0033,Improve product maintenance to extend lifespan,{mitigation},,{ippu},{industrial_processes},{},Extending the lifespan of buildings and infrastructure by maintaining their structural integrity through improved product stock maintenance. This involves ensuring concrete structures remain functional for over 200 years.,1,0,0,0,0,0,0,"Promotes equitable access to advanced electrification technologies and training for workforce, ensuring participation from underserved industrial sectors.",,,,40-59,,,high,5-10 years,Availability of low-carbon electricity\ndevelopment of suitable anode materials\ninfrastructure for large-scale electrification in steel production,Reduction in emissions per ton of steel produced\nincrease in the share of electrified processes\nenergy savings in production stages,,,,,,,,,,,2025-10-22,true,false
ipcc_0034,Promote consumer behavior focused on sufficiency and reduced consumption,{mitigation},,{ippu},{industrial_processes},{},"Promotes behavioral and consumption changes to reduce overall industrial emissions, emphasizing reduced demand for products, reuse and recycling, and more efficient use of resources.",0,0,0,0,0,0,0,"Ensures access to energy recovery technologies for smaller manufacturers, promoting wider adoption across industries and geographies.",,,,40-59,,,high,5-10 years,Availability of advanced heat recovery technologies\nskilled workforce for installation and operation\nsupportive policies and funding incentives,Reduction in energy consumption per ton of product\nincrease in waste energy recovery rates\ndecrease in GHG emissions intensity in industrial processes,,,,,,,,,,,2025-10-22,true,false
ipcc_0037,Adopt net-zero-emissions materials and supply chains,{mitigation},,{ippu},{industrial_processes},{},"Transition to net-zero embodied carbon in construction by substituting emissions-intensive materials (e.g., steel, concrete) with engineered timber systems (including mass timber for mid-rise buildings) and by integrating circular practices (reuse, recycling, design for disassembly). Prioritize certified sustainable forestry (e.g., FSC/PEFC), cascading use, and no-deforestation safeguards, ensuring timber use does not conflict with energy feedstocks. Use lifecycle assessment to guide material choices and supply-chain improvements.",1,0,0,0,0,0,0,"Supports equitable industrial development by promoting access to cleaner technologies, especially for industries in developing regions, to reduce emissions without compromising economic growth.",,,,40-59,,,high,>10 years,Requires advancements in CCS and CCU technologies\navailability of low-GHG electricity\nsupportive policies to incentivize industrial decarbonization,Reduction in GHG emissions from industrial processes\nincrease in the use of low-carbon feedstocks\nthe number of CCS/CCU projects implemented,,,,,,,,,,,2025-10-22,true,false
ipcc_0038,Stimulate solar energy production in industrial facilities,{mitigation},,{ippu},{industrial_processes},{},Encourage the installation of solar energy systems in factories to reduce dependence on fossil fuels and minimize associated emissions.,1,0,0,0,0,0,0,"Ensures that benefits from CCU technologies are accessible to low-income regions, including reduced costs of building materials and fuels.",,,,20-39,,,high,5-10 years,Availability of clean energy for hydrogen production\ndevelopment of CCU technologies\npolicies to support adoption,Quantity of CO2 captured and reused\nreduction in emissions per ton of product\nmarket penetration of CCU-derived products,,,,,,,,,,,2025-10-22,true,false
ipcc_0039,Promote the substitution of traditional materials with sustainable alternatives,{mitigation},,{ippu},{industrial_processes},{},"Stimulate the replacement of conventional materials in consumer goods with alternatives from Brazil's bioeconomy, such as sugarcane-based bioplastics, high-quality recycled polymers, bio-textiles made from biomass fibers or agricultural waste such as açaí seeds and coconut husks.",1,0,0,0,0,0,0,"Supports equitable transition by providing decarbonization pathways for energy-intensive and hard-to-abate industries, ensuring jobs and economic stability in regions dependent on these sectors.",,,,40-59,,,high,>10 years,Requires the development of CO2 transport and storage infrastructure\nsupportive policy frameworks\nsufficient clean energy for capture processes\nincentives for adoption,Amount of CO2 captured and stored annually\npercentage reduction in industrial emissions\noperational capacity of CCS projects globally,,,,,,,,,,,2025-10-22,true,false
ipcc_0040,Promote industry-government collaborations on emissions reduction,{mitigation},,{ippu},{industrial_processes},{},Foster collaborations between industry and government to create policies and incentives for reducing industrial emissions and supporting sustainability goals.,0,0,0,0,0,0,0,"Promotes access to durable, affordable products for underserved communities and reduces waste in resource-constrained regions.",,,,40-59,,,medium,5-10 years,Availability of advanced materials\nsupportive policies for circular economy\nstakeholder collaboration across supply chains\ninvestment in R&D for lightweight materials\nhigh-efficiency design methods,Reduction in material usage per product\nincrease in product lifespan\npercentage of materials recovered and reused\nreduction in GHG emissions from production processes,,,,,,,,,,,2025-10-22,true,false
ipcc_0041,Support research into carbon-neutral manufacturing technologies,{mitigation},,{ippu},{industrial_processes},{},Invest in research and development of carbon-neutral technologies and encourage their adoption in industrial production.,0,0,0,0,0,0,0,"Promotes access to advanced material-efficient technologies for industries of all scales, enabling smaller enterprises to participate in sustainable manufacturing practices.",,,,20-39,,,medium,5-10 years,Availability of advanced manufacturing technologies\nworkforce training\nsupportive regulations\naccess to materials for near-net shape casting,Reduction in material waste\nincrease in production yield\nreduction in GHG emissions per unit of material produced,,,,,,,,,,,2025-10-22,true,false
ipcc_0042,Set carbon emissions reduction targets for industrial sectors,{mitigation},,{ippu},{industrial_processes},{},Establish clear and achievable carbon emissions reduction goals for industries and require periodic reporting to ensure progress.,0,0,0,0,0,0,1,"Ensures equitable access to advanced recycling and repurposing technologies, creating opportunities for underserved communities to participate in sustainable material management initiatives.",,,,40-59,,,high,5-10 years,Collaboration across supply chains\nadvances in recycling and remanufacturing technologies\nsupportive policy frameworks to incentivize adoption,Percentage of materials recovered and reused\nreduction in production waste\ndecrease in GHG emissions per unit of product lifecycle,,,,,,,,,,,2025-10-22,true,false
ipcc_0043,Encourage the Use of Zero-Emission Fuels in Industrial Processes,{mitigation},,{ippu},{industrial_processes},{},"Promote the transition to zero-emission energy sources and feedstocks in industrial processes, such as green hydrogen, biogas from sustainable sources, and synthetic e-fuels or chemicals produced with renewable electricity. These alternatives significantly reduce or eliminate process emissions compared to fossil-based fuels.\nCities can accelerate this shift by implementing pilot and demonstration projects, establishing green procurement standards, streamlining permitting processes, and creating targeted incentives, all aligned with national and sectoral decarbonization roadmaps.",0,0,0,0,0,0,0,"Promotes access to CE practices for small and medium-sized enterprises (SMEs), ensures equitable participation in industrial symbiosis networks, and supports underserved regions by creating economic opportunities through resource-efficient policies.",,,,40-59,,,high,5-10 years,"Effective coordination between industries, governments, and communities\nsupportive policies and regulations\ndevelopment of recycling infrastructure\ndata sharing platforms for material and energy flows",Reduction in virgin material use\nGHG emissions avoided through CE practices\nincrease in recycling rates\nnumber of industrial symbiosis networks implemented\nresource recovery metrics,,,,,,,,,,,2025-10-22,true,false
ipcc_0045,Transition to renewable energy for industrial operations,{mitigation},,{ippu},{industrial_processes},{},"Encourage the shift to renewable energy sources such as wind, solar, and hydroelectric power in industrial operations to reduce fossil fuel use.",1,0,0,1,0,0,1,"Promotes fair access to education and resources for waste reduction, particularly for low-income and underserved communities to improve resource efficiency and reduce waste management costs.",,,,20-39,,,medium,<5 years,Availability of infrastructure for waste collection and recycling\npublic awareness campaigns\nsupportive policy frameworks,Reduction in food waste percentage\nincreased recycling rates\nreduced greenhouse gas emissions from waste management,,,,,,,,,,,2025-10-22,true,false
ipcc_0049,Develop and implement circular economy policies,{mitigation},,{ippu},{industrial_processes},{},"Circular Economy (CE) policies aim to close the loop for materials and energy flows by reducing, reusing, and recycling resources. These policies promote durable goods, reuse and remanufacturing, industrial symbiosis, and urban symbiosis to minimize waste and reduce GHG emissions. CE policies operate at micro, meso, and macro levels to integrate strategies like eco-design, sustainable supply chains, and urban energy symbiosis.",0,0,0,0,0,0,0,"Supports affordable infrastructure by reducing the need for frequent rebuilding, benefiting underserved and resource-limited communities.",,,,40-59,,,medium,5-10 years,Development of advanced maintenance techniques\neffective policies to promote longer building lifespans\neducation for construction professionals on durable practices,Increase in the average lifespan of buildings and infrastructure\nreduction in cement demand per capita\noverall CO2 emissions reductions in cement production,,,,,,,,,,,2025-10-22,true,false
ipcc_0050,Create tax incentives for companies adopting clean technologies,{mitigation},,{ippu},{industrial_processes},{},"Implement tax incentives and subsidies for companies that invest in clean technologies, leading to substantial emission reductions.",0,0,0,1,0,0,0,"Ensures inclusive participation in sufficiency initiatives, enabling low-income groups to access cost-saving measures while promoting sustainable consumption across all economic strata.",,,,20-39,,,low,<5 years,Public awareness campaigns\nsupportive policies\nintegration of sustainability into business and governmental frameworks,Reduction in material and energy intensity per capita\ndecrease in waste generation rates\nimprovement in recycling and reuse statistics,,,,,,,,,,,2025-10-22,true,false
ipcc_0052,Reduce Deforestation and Degradation,{mitigation},,{afolu},{land},{},Reduce deforestation and forest degradation to conserve carbon sequestered in forest vegetation and soil by avoiding tree cover loss and disturbance. This involves improving forest governance and supporting community forest management. Enhance monitoring and enforcement to prevent illegal deforestation and promote sustainable land use.,1,1,0,0,0,0,0,"Promotes secure land tenure, supports community-based forest management, and ensures participation of marginalized and indigenous groups in decision-making processes.",,,,,60-79,,medium,5-10 years,Requires improved governance\nclear land tenure policies\nfunding for protected areas\ncommunity participation in forest conservation efforts,Reduction in deforestation rates\nincreased forest cover\nthe amount of GHG emissions avoided per year,,,,,,,,,,tropical_rainforest,2025-10-22,true,false
ipcc_0053,"Implement afforestation, reforestation, and forest ecosystem restoration",{mitigation},,{afolu},{land},{},"Advance tree-planting and forest recovery initiatives that strengthen biodiversity, ecosystem services, and carbon sequestration. Afforestation establishes new forests on historically non-forested land, reforestation restores deforested areas, and ecosystem restoration prioritizes native species and ecological integrity. Municipal governments should avoid monocultures, ensure projects deliver long-term benefits, and engage local communities so that restoration efforts provide social, cultural, and economic value alongside environmental gains.",0,1,1,0,0,0,0,"Supports local livelihoods, promotes land-use equity, and ensures inclusive stakeholder participation in afforestation and restoration programs.",,,,,60-79,,high,5-10 years,Requires funding for land restoration\naccess to suitable species for planting\nlocal community engagement\nmonitoring systems for ecosystem integrity and carbon sequestration,Area of land reforested or afforested\ncarbon sequestration rates\nimprovement in biodiversity indices\necosystem service metrics such as water regulation and soil quality,,,,,,,,,,,2025-10-22,true,false
ipcc_0054,Adopt sustainable forest management practices,{mitigation},,{afolu},{land},{},"Sustainable forest management of already managed forests will increase carbon stocks, improve wood quality, mitigate disturbances, and provide co-benefits like biodiversity conservation, water regulation, and soil protection. Practises include longer rotations, reduced harvesting, mixed stands, and climate-smart forestry, and working with Indigenous Peoples is essential to safeguard their work and practices. Cities can apply these principles if they are responsible for forest management, or partner with those responsible to encourage and support best practice.",0,1,1,0,0,0,0,"Promotes inclusive participation in forest management and provides support for smallholders and local communities, especially in tropical regions where sustainable practices can enhance livelihoods and mitigate climate change.",,,,,40-59,,high,5-10 years,Requires expertise in sustainable forestry\ninvestment in nurseries with adapted species\nsupportive policies\nincentives to overcome economic barriers\nensure accessibility for local stakeholders,Increase in forest carbon stocks\nreduction in GHG emissions\nimprovements in biodiversity indicators\nreduction in soil erosion and water-related issues,,,,,,,,,,,2025-10-22,true,false
ipcc_0055,"Implement fire management in forests, grasslands, and savannas",{mitigation},,{afolu},{land},{},"Implement fire management practices, including prescribed burning and natural resource management, to reduce uncontrolled wildfires in forests and savannas. Focuses on safeguarding life, property, and resources while mitigating GHG emissions and maintaining carbon stocks. Cities can apply these principles if they are responsible for forest management, or partner with those responsible to encourage and support best practice. Work with Indigenous Peoples to safeguard or support their own burning practices and fire management approaches.",1,0,0,0,0,0,0,"Promotes equitable access to fire management resources, focusing on capacity building and governance in vulnerable or underserved regions such as least developed countries in Africa.",,,,,20-39,,medium,5-10 years,Effective governance frameworks\naccess to research and technology for fire management\ncommunity engagement\nalignment with regional legal and policy frameworks,Reduction in frequency and intensity of uncontrolled wildfires\nArea managed with prescribed burns\nReduction in GHG emissions from fires\nImprovement in biodiversity and soil health metrics,,,,,,,,,,,2025-10-22,true,false
ipcc_0056,Reduce and prevent degradation and conversion of Grasslands and Savannas,{mitigation},,{afolu},{land},{},"Prevent the conversion of grasslands and savannas to croplands to conserve soil carbon and biodiversity, and implement sustainable soil management practices in croplands and grasslands to enhance soil organic carbon. Cities can promote sustainable grazing, reduced tillage, fire management, biochar application, improved grass varieties and vegetation management practices, while discouraging land-use change that accelerates degradation. Partnerships with local communities and alignment with regional conservation initiatives strengthen the protection of these ecosystems.These activities aim to increase soil organic matter, mitigate GHG emissions, and provide co-benefits for biodiversity, water provision, and food security.",0,0,0,0,0,0,0,"Promotes conservation practices that benefit local communities, protect vulnerable ecosystems, and enhance landowners' economic resilience through sustainable use of grasslands.",,,,,20-39,,medium,5-10 years,Strong policy frameworks\nfinancial incentives for conservation\ncollaboration between governments\nlocal communities\nlandowners to implement sustainable practices,Reduction in conversion rates of grasslands\nincrease in soil organic carbon levels\nmeasurable reduction in GHG emissions from targeted areas,,,,,,,,,,grassland_savanna,2025-10-22,true,false
ipcc_0057,Restore degraded peatlands and prevent further conversion or degradation.,{mitigation},,{afolu},{land},{},"Protect intact peatlands from clearing, drainage, and conversion that release large carbon emissions, and rewet and revegetate degraded peatlands to prevent further degradation. Municipal governments can enhance governance and monitoring, restrict agricultural expansion, and collaborate with regional and national programs for wetland conservation. Safeguarding these ecosystems preserves carbon storage, reduces fire risks, and protects biodiversity and ecosystem services. Peatland restoration maintains water regulation, flood prevention, and can foster sustainable livelihoods through paludiculture.",0,1,1,0,0,0,0,"Promotes equitable access to preserved peatland resources while reducing health risks caused by fire-related pollutants, especially for vulnerable and rural communities.",,,,,40-59,,high,5-10 years,Requires strong governance\nfinancial support\ninternational cooperation\npolicies to control land conversion drivers\nsuch as agriculture\nmining\nurban development,Reduction in peatland conversion rates\navoided emissions per hectare\nimprovements in biodiversity and water quality metrics,,,,,,,,,,wetlands,2025-10-22,true,false
ipcc_0060,Protect and Restore Coastal Wetlands,{mitigation},,{afolu},{land},{},"Restore degraded or damaged coastal ecosystems, including mangroves, salt marshes, and seagrass beds. Restoration includes passive (removal of degradation drivers) and active (environmental manipulation) approaches to reinstate ecosystem functions and carbon sequestration potential. This supports biodiversity conservation, fisheries production, soil stabilization, water quality regulation, flood prevention, and resilience against cyclones. Cities can either take on restoration activities themselves, require restoration as part of Urban Planning and land use regulations, or partner with government, ecological organisations and other partners to carry out restoration projects. Economic incentives or regulations on activities that degrade coastal wetlands may also be effective.",0,1,1,0,0,0,0,"Involves local communities in decision-making, implementation, and monitoring stages to ensure equitable access to ecosystem benefits and protection of vulnerable coastal populations.",,,,,40-59,,high,>10 years,Requires long-term commitments\nsupportive policies\nfunding\nmonitoring frameworks\ntechnical capacity\nto address drivers of degradation\nensure restoration success,Area of wetlands restored\ncarbon sequestration rates\nbiodiversity recovery metrics\nreduction in storm damage costs\nwater quality improvements,,,,,,,,,,,2025-10-22,true,false
ipcc_0062,Create partnerships to implement biochar plants.,{mitigation},,{afolu},{land},{},"Biochar is produced by heating organic matter (e.g., forestry residues, straw, manure) in oxygen-limited environments. It has significant mitigation potential through carbon dioxide removal (CDR), reduced greenhouse gas emissions, and soil application benefits like improved fertility and reduced N2O emissions. Cities can consider trialling and adopting these technologies, in collaboration with local rural producers, utility companies and other industrial stakeholders.",0,0,0,0,0,0,0,"Promotes access to sustainable biochar technologies for smallholder farmers and developing regions, improving food security and livelihoods.",,,,,20-39,,high,5-10 years,Availability of sustainably sourced biomass\nstandardization of production methods\nmonitoring systems\nincentives for scaling up biochar production and application,Carbon sequestration rates\nreduction in soil N2O emissions\ncrop yield improvements\ndisplacement of fossil fuel use through pyrolysis gases,,,,,,,,,,,2025-10-22,true,false
ipcc_0064,Reduce methane emissions from enteric fermentation in livestock,{mitigation},,{afolu},{livestock},{},"This action targets methane (CH4) emissions from enteric fermentation in livestock through direct interventions like feed additives, inhibitors, or vaccines, and indirect measures like improving production efficiency through better breeding and husbandry practices. It also includes early-life manipulation of the ruminal biome. Adopt or develop local standards for feed additives, vaccines, and inhibitors, and support rural producers to overcome barriers to costs, infrastructure and skills on this topic.",0,0,0,0,0,0,0,"Supports small-scale farmers in accessing advanced technologies and breeding programs, with special focus on developing countries where feed quality improvement can enhance livestock productivity.",,,,,20-39,,medium,5-10 years,"Development and regulatory approval of feed additives, vaccines, and inhibitors\nregional adaptation of mitigation strategies\novercoming barriers like costs, infrastructure, and public acceptance",Reduction in CH4 emissions per animal\nadoption rates of improved feeding practices\nincrease in production efficiency per unit of livestock product,,,,,,,,,,,2025-10-22,true,false
ipcc_0067,Improve manure management and crop nutrient practices,{mitigation},,{afolu},{livestock},{},"Promote collective and cost-effective approaches to reduce methane (CH₄) and nitrous oxide (N₂O) emissions from manure storage and use, and implementation of improved crop nutrient management practices to reduce N2O emissions from cropland soils. Municipal governments can support the development of cooperative biodigesters, composting initiatives, and improved storage facilities, while encouraging better fertilizer application, crop rotation and grazing practices. These measures enhance nutrient recovery for crop production, reduce fertilizer costs, and generate co-benefits such as renewable energy through biogas. By facilitating financing models, partnerships, and technical assistance, cities can help farmers adopt sustainable manure and nutrient management practices at scale. ",1,1,1,0,0,0,0,"Supports small-scale anaerobic digestion technologies and regionally applicable measures in developing countries, providing economic opportunities and improving resilience for underserved farming communities.",,,,,20-39,,high,5-10 years,Development of cost-effective anaerobic digestion systems\nsupportive policies for nitrification inhibitors\nregion-specific training programs\naccessible financing for farmers,Reduction in CH4 and N2O emissions from manure storage\nincreased adoption of anaerobic digestion systems\nimproved nitrogen use efficiency\nenhanced biogas production,,,,,,,,,,,2025-10-22,true,false
ipcc_0068,Pilot Bioenergy with Carbon Capture in Partnership with Utilities/Industry.,{mitigation},,{afolu},{land},{},"Bioenergy involves producing energy from organic sources like biomass, organic waste, and harvest residues, displacing fossil fuels in heat, electricity, and fuel production. When combined with carbon capture and storage (BECCS), it stores biogenic carbon in geological or terrestrial reservoirs, achieving negative emissions. BECCS can also integrate with agriculture and forestry for co-benefits like land restoration and biogas production. Cities can consider piloting and trialling these technologies, in collaboration with local rural producers, utility companies and other industrial stakeholders.",1,1,0,0,0,0,1,"Focuses on sustainable land-use practices, including degraded land restoration, while ensuring energy access and food security for vulnerable communities.",,,,,60-79,,high,>10 years,Requires sustainable land management\nadvanced bioenergy technology development\ninfrastructure for carbon capture and storage\nglobal governance for trade and supply chains,Amount of carbon removed through BECCS (in GtCO2 per year)\ntotal energy produced from bioenergy\nland restored for biomass production\nGHG emissions reduction from displaced fossil fuel use,,,,,,,,,,,2025-10-22,true,false
ipcc_0069,Promote sustainable and healthy diets,{mitigation},,{afolu},{livestock},{},"Support the transition to dietary patterns that improve health and reduce environmental impacts. This usually focusses on reducing animal-based food consumption (especially ruminants) and promoting plant-based options, making the action implementable and socially equitable. Cities can act through public procurement policies in schools, hospitals, events, and other institutions, as well as awareness campaigns and promoting national food guidelines.",0,1,0,0,0,0,0,"Promotes access to affordable, culturally acceptable diets that meet nutritional needs, particularly in underserved and vulnerable communities. Policies address equity in food access and mitigate adverse economic impacts on agricultural sectors.",,,,,40-59,,medium,5-10 years,Implementation of integrated food-system policies\nfinancial incentives for sustainable agriculture\nawareness campaigns\nthe development of local food systems to support dietary transitions,Reduction in GHG emissions from food production\nreduction in land use for livestock\nincrease in plant-based food consumption\nimprovement in public health metrics related to diet-related diseases,,,,,,,,,,,2025-10-22,true,false
ipcc_0070,Reduce food loss and waste,{mitigation},,{afolu},{land},{},"Food loss and waste can be reduced through measures across the food supply chain, including improved harvesting and post-harvesting technologies and behaviours. To achieve these changes, cities can consider implementing food waste policies like mandatory reporting, reduction targets, consumer awareness and education campaigns, infrastructure for food storage and transportation, policy frameworks for waste reduction, financial incentives and taxation, and positive marketing for imperfect food products.",0,1,1,1,0,0,0,"Supports vulnerable communities by reducing food insecurity and poverty, while addressing resource competition and improving access to affordable food.",,,,,20-39,,medium,5-10 years,Adequate infrastructure for food storage and transportation\npolicy frameworks for waste reduction\nfinancial incentives\nwidespread consumer education to change behaviors,Reduction in food waste percentages at consumer and business levels\ndecrease in land used for agricultural production\nmeasurable GHG emission reductions across the food supply chain,,,,,,,,,,,2025-10-22,true,false
ipcc_0071,Increase sustainable use of wood products,{mitigation},,{afolu},{land},{},"Promote the use of certified sustainable wood (e.g., FSC, PEFC) as a substitute for more carbon-intensive and ecologically destructive materials like concrete or steel. Policies can include amending Building Regulations to include requirements on sustainable wood products, and urban procurement policies for municipal capital projects and spending that prioritize sustainable wood, recycling, and extending product lifetimes. Ensure policies include safeguards to avoid promoting unsustainable wood use.",0,0,1,0,0,0,0,"Supports local and indigenous communities by creating sustainable livelihoods, promoting equitable forest resource management, and enhancing access to long-term benefits.",,,,,40-59,,medium,5-10 years,Requires sustainable forest management practices\nadvanced wood processing technologies\nmarket demand for wood substitutes\nglobal cooperation to prevent resource exploitation,Increased use of wood products in construction\nreduction in GHG emissions from material substitution\nincrease in recycled wood product utilization rates,,,,,,,,,,,2025-10-22,true,false
ipcc_0074,Promote compact urban form through spatial planning,{mitigation},,{stationary_energy},{commercial_and_institutional_buildings_and_facilities},{},"Integrated spatial planning promotes compact urban form to reduce GHG emissions by increasing urban efficiency, supporting sustainable infrastructure such as district heating/cooling networks, and enhancing green areas. Co-design processes improve public acceptance and institutional capacity to support coordinated mitigation strategies.",1,0,1,0,1,1,0,"Balances urban densification with affordable housing and equitable green space access, ensuring that low-income and vulnerable populations benefit from urban planning initiatives.",20-39,,,,,,high,>10 years,High institutional capacity for cross-sector collaboration\nadvanced GIS tools for spatial planning\nstakeholder engagement for co-design processes,Reduction in GHG emissions per capita\nadoption rates of district heating/cooling systems\nproportion of urban population with access to green areas,,,,,,,,,,,2025-10-22,true,false
ipcc_0076,Implement energy audits in industrial plants,{mitigation},,{ippu},{industrial_processes},{},Conduct regular energy audits to identify opportunities for energy savings and reduction in emissions.,1,1,1,0,0,0,1,Supports regions with low forest cover through sustainable timber trade and agroforestry practices to reduce land-use conflicts. Promotes job creation in sustainable forestry and timber industries.,,,,20-39,,,high,>10 years,Sustainable forestry management\ninternational carbon accounting standards\ndevelopment of mass timber technologies\nrobust forest and urban land governance policies\nincentivized afforestation practices,Reduction in embodied carbon in construction\nnumber of mid-rise urban buildings using engineered timber\ncarbon sequestration capacity of urban timber infrastructure\nimprovement in sustainable forestry practices,,,,,,,,,,,2025-10-22,true,false
ipcc_0078,Implement green roofs and walls,{adaptation},"{heatwaves,storms}",,{commercial_and_institutional_buildings_and_facilities},{},"The implementation of green roofs and green walls mitigates urban heat island effects, improves thermal comfort, reduces energy demand in buildings, manages stormwater, and enhances urban livability and biodiversity.",1,1,1,0,0,1,1,Provides green infrastructure that benefits underserved communities by improving access to public green spaces and supporting healthier urban environments.,20-39,,,,,,high,5-10 years,Requires local government coordination\ncommunity engagement\nurban planning integration\nadequate funding for infrastructure development and maintenance,Reduction in building energy consumption\nincrease in urban green coverage\nstormwater retention rates\nincreased active transportation use (cycling/walking)\nimproved thermal comfort,,,"""high""",,,,"""medium""",,,,2025-10-22,true,false
ipcc_0083,Plan strategic coastal retreat for vulnerable communities,{adaptation},"{sea_level_rise,floods,storms,landslides}",,"{sea_level_rise,floods,storms,landslides}",{},"Planned relocation and retreat of people, assets, and activities from coastal hazard zones to reduce exposure and risks caused by sea-level rise and associated coastal hazards.",0,1,2,-1,1,1,1,"Strategic retreat ensures inclusion of vulnerable populations, respecting cultural ties, and addressing place-attachment and livelihoods.",,,,,,high,high,>10 years,Suitable and affordable land\nAdequate financing\nEffective governance and planning\nCommunity engagement,Number of communities relocated\nReduction in exposure to hazards\nRestoration of ecosystem services in retreat zones,,,,"""high""","""high""","""high""","""high""",,,coastal_marine,2025-10-22,true,false
ipcc_0084,Restore/create natural areas,{adaptation},"{sea_level_rise,floods,storms,droughts}",,"{sea_level_rise,floods,storms,droughts}",{},"Restoration and conservation of marine and coastal habitats, such as mangroves, vegetated dunes, seagrasses, coral reefs, and kelp forests, to protect coastal communities, support biodiversity, sequester carbon, and mitigate climate change. Efforts include creating marine protected areas, active restoration of coral reefs, ridge-to-reef management, restoring dunes, planting salinity-tolerant trees, increasing forest cover, detect and manage forest pests.",1,2,2,1,1,0,1,Promotes inclusion by protecting ecosystems that support vulnerable coastal communities and enhances livelihoods through sustainable fisheries and recreation opportunities.,,,,,,high,medium,5-10 years,Community engagement\nFunding for restoration projects\nIntegration of local knowledge\nSustainable management of marine resources,Area of habitats restored\nReduction in coastal flooding incidents\nImprovement in biodiversity indices\nCarbon sequestration capacity,,"""medium""",,"""high""","""high""",,"""high""",,,coastal_marine,2025-10-22,true,false
ipcc_0085,Reduce pressures on ecosystems to build resilience,{adaptation},"{droughts,floods,sea_level_rise,wildfires,storms}",,"{droughts,floods,sea_level_rise,wildfires,storms}",{},"Reduce pollution, eutrophication, and anthropogenic pressures on natural systems, including marine and terrestrial ecosystems. Efforts include managing runoff, protecting sensitive habitats like the Great Barrier Reef, addressing non-climate drivers, promoting sustainable fisheries harvest, and increasing connectivity between natural areas to enhance ecosystem resilience.",1,2,2,0,0,0,1,"Supports vulnerable communities reliant on ecosystems for livelihoods by improving ecosystem services, promoting sustainable fisheries, and ensuring access to connected habitats that can mitigate climate-related hazards.",,,,,,high,medium,5-10 years,Enforcement of pollution regulations\nFunding for ecosystem restoration\nMonitoring fish stocks and habitat connectivity\nCommunity engagement\nStrategic habitat restoration planning,Reduction in pollutant levels\nImprovement in water quality indices\nIncrease in biodiversity resilience scores\nReduction in frequency of ecosystem stress events\nIncrease in sustainable fishery yields\nIncrease in habitat connectivity,,"""medium""",,"""high""","""high""",,"""high""","""medium""",,,2025-10-22,true,false
ipcc_0086,Implement ecosystem‑based adaptation measures,{adaptation},"{storms,sea_level_rise,heatwaves,floods}",,"{storms,sea_level_rise,heatwaves,floods}",{},"Restoring and sustainably managing marine, coastal, urban, riverine, and wetland ecosystems to protect against climate hazards such as storm surges, floods, and heatwaves. Efforts include agroecology, coastal and marine vegetation and reefs, vegetation corridors, mangrove habitat restoration, urban green space to reduce temperatures. These actions improve biodiversity, store carbon, enhance water quality, and provide socio-economic and cultural co-benefits.",1,2,2,0,1,1,1,"Supports vulnerable communities by enhancing climate resilience, promoting equitable access to ecosystem services, and creating livelihood opportunities, especially for marginalized and underserved populations.",,,,,,high,medium,5-10 years,Community engagement\nRegulatory support\nFinancial investment\nUrban planning\nClimate-resilient vegetation\nBiodiversity assessments\nCatchment management\nUpstream planning\nSustainable funding,Reduction in storm surge damage\nCarbon sequestration rates\nIncreased biodiversity\nTemperature reduction in urban areas\nImproved water quality\nAccess to green spaces by underserved communities\nReduction in flood events\nEnhanced ecosystem health,,,"""high""","""high""","""high""",,"""high""",,,,2025-10-22,true,false
ipcc_0087,Improve Infrastructure retrofitting,{adaptation},"{floods,droughts,heatwaves}",,"{floods,droughts,heatwaves}",{},"Strengthen and upgrade existing infrastructure, including roads, housing, and energy systems, to improve resilience against climate risks such as floods, droughts, and heatwaves. Efforts include using thermosiphons for permafrost degradation, increasing rooftop albedo (for reflectivity) and shading",1,1,0,-1,1,1,1,"Improves resilience for vulnerable communities, especially in low-income regions, by reducing risks from extreme climate events.",,,,,,high,high,5-10 years,Policy alignment\nFunding availability\nEngineering and construction expertise,Reduced infrastructure failure during hazards\nIncreased capacity for housing and energy systems,,"""medium""","""high""","""high""",,,,,,,2025-10-22,true,false
ipcc_0088,Update and enforce climate‑resilient building codes,{adaptation},"{floods,landslides}",,"{floods,landslides}",{},"The development and implementation of building codes and architectural design regulations aimed at integrating climate adaptation parameters. These codes are focused on reducing risks from climate-induced hazards like floods and landslides. They also support climate-resilient urban development by guiding land use, construction practices, and infrastructure standards. The initiative fosters strategic long-term urban planning to coordinate public and private investments in adaptation, including the creation of safe zones and the transformation of precarious settlements. It ensures that new infrastructure is resilient to climate risks and that urban spaces are safe and sustainable for current and future populations.",2,0,1,1,2,1,1,Promotes inclusive urban planning by addressing risks in informal and precarious settlements and integrating eco-parks and eco-gardens for vulnerable populations.,,,,,,high,medium,5-10 years,Integration with local climate risk assessments\nStrategic collaboration between urban planners and municipal authorities,Reduction in urban flood incidents\nIncreased availability of safe housing in risk areas\nImplementation rate of eco-parks and eco-gardens in vulnerable areas,,,,"""high""",,"""high""",,,,,2025-10-22,true,false
ipcc_0089,Spatially redirect development,{adaptation},"{floods,heatwaves,sea_level_rise}",,"{floods,heatwaves,sea_level_rise}",{},"Use zoning and land-use planning to regulate coastal development by implementing spatial development strategies that consider environmental vulnerabilities, protect ecosystems, and mitigate risks from flooding, heatwaves, and sea-level rise. This includes ensuring that development is directed away from high-risk areas, integrating climate adaptation considerations into urban planning, and promoting sustainable practices to close adaptation gaps while addressing urban inequality.",1,1,2,-1,1,0,2,Addresses inequality in urban populations by targeting the poorest quintiles and ensuring equitable adaptation deployment.,,,,,,medium,medium,5-10 years,Effective governance frameworks\nCommunity engagement\nFinancial investments\nTechnical expertise,Reduction in adaptation gap\nDecrease in urban vulnerability disparities\nImproved resilience of coastal areas,,,"""medium""","""medium""","""medium""",,,,,coastal_marine,2025-10-22,true,false
ipcc_0090,Expand climate risk insurance coverage,{adaptation},"{droughts,floods,storms}",,"{droughts,floods,storms}",{}," Insurance provides financial risk management tools tailored to climate-induced challenges. This includes traditional agricultural insurance to protect farmers from weather-related losses and innovative index-based insurance solutions. Index-based insurance leverages measurable weather indices, such as rainfall or temperature, to trigger payouts automatically when thresholds are reached, bypassing the need for loss verification. These tools help stabilize incomes, encourage investment in climate-resilient practices, and reduce the economic vulnerability of stakeholders in agriculture, aquaculture, and energy sectors. Furthermore, bundled insurance products with additional services like fertilizer or seed access enhance overall resilience, particularly in underserved and rural communities. By mitigating risks associated with droughts, floods, and storms, insurance supports sustainable development and adaptation goals",0,1,0,-1,0,0,2,"Supports small-scale farmers, marginalized communities, and those in vulnerable areas by improving access to financial resilience tools and mitigating climate-related risks",,,,,,medium,medium,<5 years,Availability of climate data\nRegulatory frameworks\nCollaboration among financial institutions and governments,Increase in number of insurance beneficiaries\nReduction in economic losses from extreme events\nAdoption of index-based insurance products,,"""high""",,"""medium""",,,"""medium""",,,,2025-10-22,true,false
ipcc_0091,Support livelihood diversification for climate resilience,{adaptation},"{storms,sea_level_rise}",,"{storms,sea_level_rise}",{},"Promote alternative income opportunities to reduce the vulnerability of communities dependent on fisheries and mariculture. Municipal governments can facilitate training, microcredit programs, and connections to value chains that enable diversification into eco-tourism, agro-processing, crafts, and service sectors. By supporting infrastructure upgrades, skills development, and access to finance, cities can help stabilize incomes, strengthen local economies, and protect livelihoods from the impacts of shifting marine species distributions and climate variability.",0,1,2,1,0,0,2,Promotes equitable opportunities for vulnerable fishing communities by supporting transitions to alternative employment sectors like ecotourism and mariculture.,,,,,,high,medium,<5 years,Investment in education\ninfrastructure\ntechnology to support the transition to diversified livelihoods,Increase in income diversity\nemployment rates in alternative sectors\nreduction in overexploitation of marine species,,,,,"""high""",,"""high""",,,coastal_marine,2025-10-22,true,false
ipcc_0092,Expand climate‑responsive social safety nets,{adaptation},"{droughts,heatwaves,floods,storms}",,"{droughts,heatwaves,floods,storms}",{},"Social safety nets encompass adaptive social protection mechanisms to reduce food insecurity and malnutrition, especially for vulnerable populations. These include cash transfers, school feeding programs, public work initiatives, unemployment compensation, land reforms, credit and insurance schemes. Integrated approaches combine climate risk assessments with disaster risk reduction, education, and social equity to enhance resilience to climate stresses.",0,1,1,2,1,0,2,"Enhances the social status and rights of marginalized groups, protects vulnerable populations, reduces inequalities, and promotes education and gender equity.",,,,,,high,medium,5-10 years,Integration of climate and disaster risk into social protection\neducation programs\ncoordination with sustainable livelihoods and financial inclusion initiatives,Reduction in malnutrition rates\nIncrease in education access for vulnerable groups\nParticipation in social protection programs,,"""high""","""high""","""medium""",,,"""medium""",,,,2025-10-22,true,false
ipcc_0094,Strengthen climate‑resilient health services,{adaptation},"{heatwaves,floods,droughts}",,"{heatwaves,floods,droughts}",{},"Enhancing access to health care services, including health and nutrition services, clean water, sanitation, and culturally appropriate mental health resources. Expanding telemedicine capabilities enables efficient health service delivery, particularly for remote and underserved populations. Strengthening basic public health systems and disaster preparedness can rapidly reduce vulnerability to climate-related health risks.",1,2,0,1,1,0,2,"Promotes equitable access to health care for marginalized and vulnerable groups, including homeless populations, remote communities, and those affected by housing inequities.",,,,,,high,medium,5-10 years,Investment in telemedicine technologies\nStrengthened governance of public health systems\nCapacity building for health workers\nInfrastructure upgrades for health facilities,Reduction in climate-related mortality\nIncreased access to telemedicine\nNumber of culturally tailored health programs implemented\nImproved water and sanitation access metrics,,"""high""","""high""","""high""",,,,,,,2025-10-22,true,false
ipcc_0096,Strengthen climate resilience in farming and fisheries,{adaptation},"{droughts,heatwaves,floods,wildfires,storms}",,"{droughts,heatwaves,floods,wildfires,storms}",{},"Support the adoption of climate-smart agricultural and aquaculture practices by creating enabling conditions for farmers and fishers. Municipal governments can promote improved breeds, feed, and fertilizers, enhance irrigation efficiency, and foster aquaculture resilience through extension services, research partnerships, and targeted procurement. By offering incentives, technical assistance, and facilitating access to innovation and finance, cities can help producers adopt agroecological systems, diversify crops, and strengthen sustainable practices that build resilience to climate impacts.",1,2,2,1,0,0,2,"Ensures access to resources for marginalized farmers and fishers, promotes diverse livelihood options, and builds resilience in underserved communities.",,,,,,high,medium,5-10 years,Policy support for climate-resilient agriculture and fisheries\nAccess to finance and subsidies\nTraining for adopting new practices\nImproved market infrastructure,Increase in agricultural and fishery productivity\nAdoption rate of integrated systems\nReduction in climate-related yield losses,,"""high""","""high""","""medium""",,,"""medium""","""low""",,,2025-10-22,true,false
ipcc_0097,Upgrade food storage and distribution for climate resilience,{adaptation},"{droughts,floods,storms,heatwaves}",,"{droughts,floods,storms,heatwaves}",{},"Strengthen local food systems by improving storage and distribution infrastructure to reduce losses and enhance resilience to climate impacts. Municipal governments can invest in public facilities such as cool storage units, silos, and warehouses, while upgrading logistics to handle perishable goods more efficiently. By supporting local markets, optimizing distribution networks, and facilitating access to reliable storage for producers and vendors, cities can improve food security, reduce waste, and ensure stable food availability during crises and extreme events.",0,1,1,1,0,2,2,Supports equitable access to food for marginalized and vulnerable populations by prioritizing local food production and improving distribution systems that reach underserved areas.,,,,,,high,medium,5-10 years,Investment in infrastructure\nPolicy incentives for local food production\nCollaboration with logistics and trade sectors\nTechnology for supply chain optimization,Reduction in post-harvest losses\nIncreased local food availability\nImproved transportation efficiency for food distribution\nShortened supply chains,,"""high""","""high""","""high""",,,"""high""",,,,2025-10-22,true,false
ipcc_0098,"Increase resilience by improving access to food, improving livelihoods and promoting dietary shifts and food waste reduction",{adaptation},"{droughts,heatwaves,floods,wildfires}",,"{droughts,heatwaves,floods,wildfires}",{},"Increase resilience through improved food production, distribution, and consumption practices. Actions include enhancing agricultural techniques, adopting water-saving technologies, implementing low-cost storage solutions, and promoting plant-based diets. Policymakers can encourage these behaviors with appropriate pricing policies, sustainable agriculture initiatives, and support for disadvantaged groups. The action emphasizes shifting to healthier diets, reducing overconsumption, and supporting local food systems to mitigate greenhouse gas emissions and ensure food security under climate change.",1,2,2,1,0,0,2,"Promotes access to affordable, healthy food for vulnerable communities, empowering women, youth, and socially disadvantaged groups. Encourages equitable participation in sustainable agricultural practices and local food networks.",,,,,,high,medium,5-10 years,Education and training for farmers\nAccess to sustainable agricultural inputs\nPolicy support for sustainable practices\nTechnological infrastructure for storage and processing,Reduction in food loss and waste percentages\nIncrease in adoption of plant-based diets\nImproved food security indicators\nReduction in GHG emissions from food systems,,"""high""","""medium""","""medium""",,,,"""low""",,,2025-10-22,true,false
ipcc_0099,Increase Water Capture and Storage,{adaptation},"{droughts,floods,storms}",,"{droughts,floods,storms}",{},"Implementation of water harvesting and storage solutions, such as on-farm ponds, water body revitalization, rain gardens, bioswales, retention ponds, pumped storage, and water storage tanks. These measures aim to mitigate climate-induced impacts by improving water management, reducing stormwater runoff, improving water quality, and supporting agriculture and energy production in changing climate scenarios. Water reservoirs and multipurpose dams offer additional benefits by addressing water scarcity and managing risks associated with natural disasters. These adaptation strategies contribute to sustainable water use and resilience to climate-related challenges.",0,2,2,1,0,1,2,"Ensuring access to water for underserved communities, other solutions directly promote equity and inclusion by ensuring that vulnerable or underserved communities have reliable access to water resources, especially in times of scarcity. By improving water resource management, these solutions help mitigate the disproportionate impacts of climate change on these communities, which often face greater challenges in accessing clean and sufficient water. In addition, focusing on sustainable water use supports the long-term resilience of these communities, enabling them to better address climate-related challenges. This action recognizes the specific needs of underserved populations, ensuring that they are not left behind in the face of water scarcity and climate impacts. Overall, implementing these water management strategies promotes a more equitable distribution of resources, empowering vulnerable communities to thrive despite environmental challenges.",,,,,,high,medium,5-10 years,"""Investment in green infrastructure"",""community engagement"",""political support for water management"",""Regulatory frameworks that support water management and climate adaptation strategies"",""Investment and financing for construction and maintenance of water storage facilities"",""Availability of suitable sites for water storage infrastructure",Reduction in stormwater runoff\nincrease in water storage capacity\nimprovement in water quality\nstability in agricultural yields\nVolume of water stored\nPercentage reduction in water scarcity incidents\nLocal ecosystem resilience index\nFrequency of water supply interruptions\nUser satisfaction with water availability\nReduction in water-related conflicts.,,"""high""",,"""high""",,,"""high""",,,,2025-10-22,true,false
ipcc_0100,Improve Efficient water use/demand,{adaptation},"{droughts,heatwaves}",,"{droughts,heatwaves}",{},"Implementing advanced irrigation techniques such as precision and drip irrigation to enhance water use efficiency in agriculture. Managed Aquifer Recharge (MAR) is applied to replenish groundwater supplies using stormwater, treated wastewater, or other sources. These actions are complemented by cooperative policies across multiple sectors to ensure sustainable water resource management, equitable access, and regional collaboration. Additionally, promoting changes in water consumption patterns, such as reducing waste and improving efficiency in urban and agricultural water use, supports resilience against water scarcity and enhances adaptive capacity in vulnerable regions. These efforts collectively aim to address the growing demand for freshwater in the face of climate change and ensure long-term sustainability.",0,2,1,1,0,0,2,"Supports vulnerable farming and urban communities by ensuring equitable access to water resources, promoting sustainable consumption patterns, and addressing persistent water stress in underserved areas.",,,,,,high,medium,5-10 years,Infrastructure for water reuse and MAR\nRegulatory frameworks for water management\nEducation and training on irrigation techniques\nRegional and cross-sector policy coordination,Reduction in agricultural water usage\nIncrease in groundwater recharge rates\nImproved crop yields\nAdoption of sustainable water consumption patterns\nRegional collaboration metrics,,"""high""","""medium""",,,,,,,,2025-10-22,true,false
ipcc_0101,Improve urban water management,{adaptation},"{droughts,floods,storms}",,"{droughts,floods,storms}",{},"Implementing sustainable water supply systems by constructing irrigation infrastructure, promoting inter-basin water transfers, utilizing nature-based solutions (NBS) such as rain gardens, bioswales, and wetlands, and integrating advanced techniques like water reuse and water upgrading. Water reuse involves treating and recycling wastewater for non-potable or potable purposes, while water upgrading focuses on improving the quality of available water for diverse uses. These approaches enhance stormwater infiltration, improve urban water management, increase drought resilience, and support groundwater recharge. They provide energy-efficient and economical water solutions while maintaining sustainable urban development.",0,2,2,1,0,0,1,"Promotes equitable access to water resources, particularly in underserved urban areas, by integrating natural and engineered water management systems to benefit all communities, including low-income groups.",,,,,,high,medium,5-10 years,Adequate funding for infrastructure development\nCommunity engagement for NBS implementation\nIntegration of urban planning with water management,Reduction in water scarcity incidents\nIncrease in groundwater recharge rates\nEnhanced urban water infiltration capacity,,"""high""",,"""high""",,,"""high""",,,,2025-10-22,true,false
ipcc_0102,Facilitate seasonal and temporary mobility strategies,{adaptation},"{sea_level_rise,storms,droughts}",,"{sea_level_rise,storms,droughts}",{},"Facilitating mobility of fishing fleets and workers to adapt to shifting marine species distributions caused by climate change. This includes enabling seasonal or temporary migration to align with the availability of resources, improving infrastructure and technology to support mobility, and fostering flexible governance to manage transboundary resources sustainably. These actions aim to maintain livelihoods and reduce economic impacts of climate variability.",0,1,2,1,0,2,1,"Ensures equitable access to resources for vulnerable communities, including small-scale fishers and those dependent on seasonal income, by promoting inclusive governance structures and reducing barriers to mobility.",,,,,,high,medium,5-10 years,Infrastructure and technology investments\nTransboundary agreements\nCapacity-building initiatives to support mobility,Reduction in resource overexploitation\nIncrease in seasonal employment opportunities\nEnhanced management of transboundary fisheries,,"""low""",,,"""medium""",,"""medium""",,,coastal_marine,2025-10-22,true,false
ipcc_0103,Strengthen cooperative climate governance,{adaptation},"{sea_level_rise,storms}",,"{sea_level_rise,storms}",{},"Enhancing cooperative governance through transboundary fishing agreements and inclusive ocean governance. This involves participatory approaches, structured decision-making tools, and decentralized frameworks that couple top-down management with community-driven initiatives. Additional strategies include collective water management systems to optimize resource use under climate-induced variability, indigenous water-sharing systems rooted in traditional practices to ensure sustainable and equitable resource allocation, and enforcing the land rights of Indigenous populations to protect biodiversity and cultural heritage. Adaptive co-management in Arctic fisheries integrates local and scientific knowledge to address climate impacts on marine resources. The international compact on migration fosters orderly and safe migration as an adaptive response to climate risks, and policies for adaptive governance promote ecosystem-based solutions, legal frameworks, and institutional adaptations to enhance resilience to climate change. These combined measures address geopolitical complexities, ensure equitable resource distribution, and strengthen resilience to climate-induced hazards.",0,1,2,1,0,0,2,"Promotes inclusivity by incorporating Indigenous knowledge systems, ensuring representation of marginalized communities in decision-making processes, and creating equitable access to marine resources for vulnerable populations. Recognizes the importance of Indigenous land rights and traditional governance systems to enhance community resilience and equitable resource management.",,,,,,high,medium,5-10 years,Establishment of transboundary agreements\nInvestment in marine observation technologies\nCapacity building for local communities\nRecognition of Indigenous land and water rights\nImplementation of adaptive co-management frameworks,Number of transboundary agreements signed\nIncrease in fish stock sustainability\nStakeholder satisfaction with governance processes\nImproved water-sharing outcomes in Indigenous communities\nIntegration of adaptive co-management in fisheries governance,,,,,"""high""",,"""high""",,,,2025-10-22,true,false
ipcc_0104,Plan and support permanent climate‑related migration,{adaptation},"{floods,landslides,sea_level_rise}",,"{floods,landslides,sea_level_rise}",{},"Resettlement of communities from flood-prone areas and rural–urban migration as a strategy to mitigate vulnerabilities caused by climate change. This includes addressing urbanization challenges, such as unplanned development, water insecurity, and socioeconomic disparities, while providing equitable opportunities for migrants in urban centers. Measures include enhancing urban planning, water resource management, and social support systems for displaced populations.",0,1,1,-1,-1,1,2,"Promotes inclusion by addressing the vulnerabilities of marginalized populations and ensuring equitable access to resources, opportunities, and support systems for displaced communities.",,,,,,medium,high,5-10 years,Development of urban infrastructure\nEquitable resource allocation\nStrong governance frameworks\nCapacity building for displaced populations,Reduction in displacement-related mortality\nIncrease in access to water and housing\nImprovement in migrant livelihoods and employment rates,,,,"""high""","""medium""","""medium""",,,,,2025-10-22,true,false
ipcc_0105,Promote active mobility through road space reallocation,{mitigation},,{transport},{on_road},{},"Promotes walking and cycling by reallocating road space from cars to active and sustainable modes on a permanent basis. Measures include developing pedestrian pathways, protected cycling infrastructure, green corridors, and universal accessibility improvements. By prioritizing active mobility, cities enhance public health, equity, and resilience while reducing emissions from private vehicles.",1,0,0,0,0,1,1,Provides infrastructure that benefits underserved communities by improving access to active mobility and supporting healthier urban environments.,,20-39,,,,medium,medium,<5 years,"Supportive urban policies\nA robust communication and public consultation plan to engage local communities, retailers, and transport operators\nEnsure new pathways connect key origins and destinations (e.g., homes, schools, transit hubs)\nReallocation of transport budgets towards active mobility","New protected cycle lanes implemented (km)\nRequalified pedestrian pathways implemented (km)\nIncrease in walkability index (%)\nReduction in the rate of injuries and fatalities involving pedestrians and cyclists (per 100,000 inhabitants)\nIncrease in the number of pedestrians and cyclists in the intervention corridors (%)",,,,,,,,,,,2025-10-22,true,false
