bip_id,codigo_bip_full,nombre_clean,tipologia,sector,subsector,etapa_actual,etapa_index,anio,region,comuna,fuente_principal,cost_clp,cost_clp_millions,cost_usd,beneficiarios,rate,rate_label,is_recommended,institucion_formuladora,name_has_mojibake,first_year,last_year,peak_cost_clp
20099568,20099568-0,"CONSTRUCCION INFRAESTRUCTURAS SANITARIAS MANZANAR, CURACAUTIN",PROYECTO,VIVIENDA Y DESARROLLO URBANO,SOLUCION HABITACIONAL PARCIAL O COMPLEMENTARIA,PERFIL,0,2018,,CURACAUTIN,F.N.D.R.,2974733000.0,2974.733,,575.0,OT,Objetado técnicamente (OT),False,MUNICIPALIDAD DE CURACAUTIN,False,2014,2018,2974733000.0
20101022,20101022-0,"CONSTRUCCION INFRAESTRUCTURAS SANITARIAS BARROS ARANA, T. SCHMIDT",PROYECTO,VIVIENDA Y DESARROLLO URBANO,SOLUCION HABITACIONAL PARCIAL O COMPLEMENTARIA,PERFIL,0,2023,,TEODORO SCHMIDT,F.N.D.R.,3368908000.0,3368.908,,1608.0,FI,Falta información (FI),False,MUNICIPALIDAD DE TEODORO SCHMIDT,False,1998,2023,3368908000.0
20102082,20102082-0,"CONSTRUCCION INFRAESTRUCTURAS SANITARIAS PUERTO DOMINGUEZ, SAAVEDRA",PROYECTO,VIVIENDA Y DESARROLLO URBANO,SOLUCION HABITACIONAL PARCIAL O COMPLEMENTARIA,PERFIL,0,2014,,SAAVEDRA,SECTORIAL,94115000.0,94.115,,172.0,FI,Falta información (FI),False,MUNICIPALIDAD DE SAAVEDRA,False,2012,2014,94115000.0
20114670,20114670-0,"CONSTRUCCION SOLUC. SANITARIAS SECTOR PUTAGAN, VILLA ALEGRE",PROYECTO,VIVIENDA Y DESARROLLO URBANO,SOLUCION HABITACIONAL PARCIAL O COMPLEMENTARIA,EJECUCION,0,2014,,VILLA ALEGRE,F.N.D.R.,1596481000.0,1596.481,,1110.0,RS,Recomendado (RS),True,MUNICIPALIDAD DE VILLA ALEGRE,False,1999,2014,1596481000.0
20115998,20115998-0,CONSTRUCCION OBRAS DE CONTROL ALUVIONAL EN QUEBRADA UNIVERSIDAD ANTOFAGASTA,PROYECTO,RECURSOS HIDRICOS,"DEFENSAS FLUVIALES,MARITIMAS Y CAUCES NATURALES",DISEÑO,0,2026,,ANTOFAGASTA,SECTORIAL,537091000.0,537.091,,6000.0,RS,Recomendado (RS),True,DIRECCION DE OBRAS HIDRAULICAS MOP REGION DE ANTOFAGASTA,False,2020,2026,537091000.0
20116978,20116978-0,CONSTRUCCION SOLUCIONES SANITARIAS PALQUIBUDI,PROYECTO,VIVIENDA Y DESARROLLO URBANO,SOLUCION HABITACIONAL PARCIAL O COMPLEMENTARIA,EJECUCION,0,2005,,RAUCO,SECTORIAL,15000000.0,15.0,,1080.0,,Sin evaluación,False,MUNICIPALIDAD DE RAUCO,False,2005,2005,15000000.0
20134990,20134990-0,"CONSTRUCCION INFRAESTRUCTURA SANITARIA P.M.B. QUEULE, TOLTEN.",PROYECTO,VIVIENDA Y DESARROLLO URBANO,SOLUCION HABITACIONAL PARCIAL O COMPLEMENTARIA,PERFIL,0,2011,,TOLTEN,F.N.D.R.,82001000.0,82.001,,1329.0,OT,Objetado técnicamente (OT),False,MUNICIPALIDAD DE TOLTEN,False,1998,2011,82001000.0
20140866,20140866-0,"CONSTRUCCION INFRAESTRUCTURAS SANITARIAS RADAL, FREIRE",PROYECTO,VIVIENDA Y DESARROLLO URBANO,SOLUCION HABITACIONAL PARCIAL O COMPLEMENTARIA,PERFIL,0,2020,,FREIRE,F.N.D.R.,110000000.0,110.0,,955.0,OT,Objetado técnicamente (OT),False,MUNICIPALIDAD DE FREIRE,False,2006,2020,110000000.0
20145338,20145338-0,CONSTRUCCION CASETAS SANITARIAS CARAMPANGUE Y RAMADILLAS COM. ARAUCO,PROYECTO,VIVIENDA Y DESARROLLO URBANO,SOLUCION HABITACIONAL PARCIAL O COMPLEMENTARIA,EJECUCION,0,2007,,ARAUCO,F.N.D.R.,4671991000.0,4671.991,,7535.0,FI,Falta información (FI),False,MUNICIPALIDAD DE ARAUCO,False,1999,2007,4671991000.0
20157270,20157270-0,CONSTRUCCION SOLUCIONES SANITARIAS PANGUILEMO UNIDO,PROYECTO,RECURSOS HIDRICOS,EVACUACION DISPOSICION FINAL AGUAS SERVIDAS,PERFIL,0,2002,,TALCA,SECTORIAL,211209000.0,211.209,,1401.0,OT,Objetado técnicamente (OT),False,MUNICIPALIDAD DE TALCA,False,2000,2002,211209000.0
20178162,20178162-0,CONSTRUCCION DEFENSAS FLUVIALES EN RÍO CAUTÍN SECTOR URBANO DE TEMUCO Y LABRANZA,PROYECTO,RECURSOS HIDRICOS,"DEFENSAS FLUVIALES,MARITIMAS Y CAUCES NATURALES",PERFIL,0,2025,LA ARAUCANIA,,SECTORIAL,236894000.0,236.894,,27000.0,RS,Recomendado (RS),True,DIRECCION DE OBRAS HIDRAULICAS MOP REGION DE LA ARAUCANIA,False,2025,2025,236894000.0
20178214,20178214-0,"CONSTRUCCION SERVICIO ALCANTARILLADO SANITARIO NEHUENTUE, CARAHUE",PROYECTO,VIVIENDA Y DESARROLLO URBANO,SOLUCION HABITACIONAL PARCIAL O COMPLEMENTARIA,PERFIL,0,2015,,CARAHUE,SECTORIAL,85850000.0,85.85,,315.0,IN,Incumplimiento (IN),False,MUNICIPALIDAD DE CARAHUE,False,2002,2015,691763000.0
20178353,20178353-0,"CONSTRUCCION INFRAESTRUCTURAS SANITARIAS QUILQUEN, TRAIGUEN",PROYECTO,VIVIENDA Y DESARROLLO URBANO,SOLUCION HABITACIONAL PARCIAL O COMPLEMENTARIA,PERFIL,0,2005,,TRAIGUEN,SECTORIAL,12719000.0,12.719,,300.0,RS,Recomendado (RS),True,MUNICIPALIDAD DE TRAIGUEN,False,2002,2005,14230000.0
20183292,20183292-0,CONSTRUCCION OBRAS DE CONTROL ALUVIONAL EN QUEBRADA CLUB HIPICO DE ANTOFAGASTA,PROYECTO,RECURSOS HIDRICOS,"DEFENSAS FLUVIALES,MARITIMAS Y CAUCES NATURALES",PERFIL,0,2025,,ANTOFAGASTA,SECTORIAL,416903000.0,416.903,,11000.0,OT,Objetado técnicamente (OT),False,DIRECCION DE OBRAS HIDRAULICAS MOP REGION DE ANTOFAGASTA,False,2020,2025,416903000.0
20183294,20183294-0,CONSTRUCCION OBRAS DE CONTROL ALUVIONAL EN QUEBRADA BONILLA,PROYECTO,RECURSOS HIDRICOS,"DEFENSAS FLUVIALES,MARITIMAS Y CAUCES NATURALES",PERFIL,0,2020,ANTOFAGASTA,,SECTORIAL,5161500000.0,5161.5,,0.0,OT,Objetado técnicamente (OT),False,DIRECCION DE OBRAS HIDRAULICAS MOP REGION DE ANTOFAGASTA,False,2020,2020,5161500000.0
20183300,20183300-0,CONSTRUCCION OBRAS DE CONTROL ALUVIONAL EN QUEBRADA FARELLONES ANTOF,PROYECTO,RECURSOS HIDRICOS,"DEFENSAS FLUVIALES,MARITIMAS Y CAUCES NATURALES",EJECUCION,1,2016,,ANTOFAGASTA,SECTORIAL,5195524000.0,5195.524,,348669.0,RS,Recomendado (RS),True,DIRECCION DE OBRAS HIDRAULICAS MOP REGION DE ANTOFAGASTA,False,2015,2016,5195524000.0
20183310,20183310-0,CONSTRUCCION OBRAS DE CONTROL ALUVIONAL EN QUEB. RIQUELME-ANTOF.,PROYECTO,RECURSOS HIDRICOS,"DEFENSAS FLUVIALES,MARITIMAS Y CAUCES NATURALES",EJECUCION,1,2018,ANTOFAGASTA,,SECTORIAL,3424081000.0,3424.081,,348669.0,RS,Recomendado (RS),True,DIRECCION DE OBRAS HIDRAULICAS MOP REGION DE ANTOFAGASTA,False,2002,2018,3424081000.0
20183313,20183313-0,CONSTRUCCION OBRAS DE CONTROL ALUVIONAL EN QUEBRADA LA CHIMBA ANTOFA,PROYECTO,RECURSOS HIDRICOS,"DEFENSAS FLUVIALES,MARITIMAS Y CAUCES NATURALES",DISEÑO,1,2017,,ANTOFAGASTA,F.N.D.R.,12502590000.0,12502.59,,348669.0,RS,Recomendado (RS),True,DIRECCION DE OBRAS HIDRAULICAS MOP REGION DE ANTOFAGASTA,False,2015,2017,12502590000.0
20183318,20183318-0,CONSTRUCCION OBRAS DE CONTROL ALUVIONAL EN QUEBRADA CALICHE,PROYECTO,RECURSOS HIDRICOS,"DEFENSAS FLUVIALES,MARITIMAS Y CAUCES NATURALES",EJECUCION,0,2025,,ANTOFAGASTA,SECTORIAL,13688178000.0,13688.178,,12860.0,RS,Recomendado (RS),True,DIRECCION DE OBRAS HIDRAULICAS MOP REGION DE ANTOFAGASTA,False,2002,2025,13688178000.0
20183321,20183321-0,CONSTRUCCION OBRAS DE CONTROL ALUVIONAL EN QUEBRADA EL HUASCAR,PROYECTO,RECURSOS HIDRICOS,"DEFENSAS FLUVIALES,MARITIMAS Y CAUCES NATURALES",EJECUCION,0,2021,,ANTOFAGASTA,SECTORIAL,2869615000.0,2869.615,,5000.0,RS,Recomendado (RS),True,DIRECCION DE OBRAS HIDRAULICAS MOP REGION DE ANTOFAGASTA,False,2002,2021,2869615000.0
20188580,20188580-0,"CONSTRUCCION COLECTOR INTERCEPTOR AGUAS LLUVIAS SANTA ROSA, TEMUCO",PROYECTO,RECURSOS HIDRICOS,AGUAS LLUVIAS,EJECUCION,0,2005,,TEMUCO,SECTORIAL,150001000.0,150.001,,66000.0,OT,Objetado técnicamente (OT),False,DIRECCION DE OBRAS HIDRAULICAS MOP REGION DE LA ARAUCANIA,False,2003,2005,250000000.0
20188809,20188809-0,"CONSTRUCCION INFRAESTRUCTURAS SANITARIAS LA ESPERANZA, COLLIPULLI",PROYECTO,VIVIENDA Y DESARROLLO URBANO,SOLUCION HABITACIONAL PARCIAL O COMPLEMENTARIA,EJECUCION,0,2009,,COLLIPULLI,SECTORIAL,52252000.0,52.252,,467.0,RS,Recomendado (RS),True,MUNICIPALIDAD DE COLLIPULLI,False,2007,2009,54000000.0
20189185,20189185-0,CONSTRUCCION INFRAESTRUCTURA SANITARIA UNIDAD VECINAL TRES Y OTROS,PROYECTO,VIVIENDA Y DESARROLLO URBANO,SOLUCION HABITACIONAL PARCIAL O COMPLEMENTARIA,EJECUCION,0,2007,,COLLIPULLI,F.N.D.R.,537389000.0,537.389,,0.0,RS,Recomendado (RS),True,MUNICIPALIDAD DE COLLIPULLI,False,2005,2007,537389000.0
20189912,20189912-0,CONSTRUCCION COLECTOR DE AGUAS LLUVIAS FREIRE,PROYECTO,RECURSOS HIDRICOS,EVACUACION DISPOSICION FINAL AGUAS SERVIDAS,EJECUCION,0,2009,,CURICO,F.N.D.R.,766025000.0,766.025,,1500.0,RS,Recomendado (RS),True,DIRECCION DE OBRAS HIDRAULICAS MOP REGION DEL MAULE,False,2005,2009,766025000.0
20191865,20191865-0,"CONSTRUCCION SOLUCIONES SANITARIAS EL TAMBO CENTRO, SALAMANCA",PROYECTO,VIVIENDA Y DESARROLLO URBANO,SOLUCION HABITACIONAL PARCIAL O COMPLEMENTARIA,EJECUCION,0,2010,,SALAMANCA,F.N.D.R.,630684000.0,630.684,,1536.0,OT,Objetado técnicamente (OT),False,MUNICIPALIDAD DE SALAMANCA,False,2006,2010,630684000.0
20192885,20192885-0,"CONSTRUCCION SOLUCIONES SANITARIAS Y SIST. ALCANTAR, PUNTA DE CHOROS",PROYECTO,VIVIENDA Y DESARROLLO URBANO,SOLUCION HABITACIONAL PARCIAL O COMPLEMENTARIA,EJECUCION,0,2011,,LA HIGUERA,F.N.D.R.,664840000.0,664.84,,565.0,RS,Recomendado (RS),True,MUNICIPALIDAD DE LA HIGUERA,False,2008,2011,664840000.0
30028047,30028047-0,INSTALACION SISTEMA DE COMUNICACIONES TREN TIERRA,PROYECTO,TRANSPORTE,TRANSPORTE FERROVIARIO,EJECUCION,0,2008,,,EMPRESA,886676000.0,886.676,,2.0,RS,Recomendado (RS),True,EMPRESA DE FERROCARRILES DEL ESTADO,False,2005,2008,1804564000.0
30035516,30035516-0,"AMPLIACION PARQUE URBANO LAMBERT ETAPA III-IV-V, LAS CIAS, LA SERE",PROYECTO,VIVIENDA Y DESARROLLO URBANO,DESARROLLO URBANO,EJECUCION,0,2015,,LA SERENA,SECTORIAL,771275000.0,771.275,,96962.0,RS,Recomendado (RS),True,SEREMI VIVIENDA REGION DE COQUIMBO,False,2005,2015,771275000.0
30039296,30039296-0,CONSTRUCCION PARQUE URBANO B. OHIGGINS RETIRO,PROYECTO,VIVIENDA Y DESARROLLO URBANO,DESARROLLO URBANO,EJECUCION,0,2012,,RETIRO,F.N.D.R.,33074000.0,33.074,,18487.0,RS,Recomendado (RS),True,MUNICIPALIDAD DE RETIRO,False,2004,2012,33074000.0
30044279,30044279-0,"CONSTRUCCION DEFENSAS FLUVIALES RIO ANDALIEN Y OTROS, CONCEPCION",PROYECTO,RECURSOS HIDRICOS,"DEFENSAS FLUVIALES,MARITIMAS Y CAUCES NATURALES",EJECUCION,0,2006,,,SECTORIAL,250000000.0,250.0,,100000.0,RS,Recomendado (RS),True,DIRECCION DE OBRAS HIDRAULICAS MOP,False,2006,2006,250000000.0
30044764,30044764-0,CONSTRUCCION CICLO VIA ACCESO ORIENTE ARAUCO RUTA P - 20,PROYECTO,TRANSPORTE,TRANSPORTE CAMINERO,EJECUCION,0,2015,,ARAUCO,F.N.D.R.,488703000.0,488.703,,0.0,RS,Recomendado (RS),True,MUNICIPALIDAD DE ARAUCO,False,2006,2015,488703000.0
30044873,30044873-0,"REPOSICION PARCIAL SISTEMA AGUA POTABLE RURAL PAILAHUEQUE,ERCILLA",PROYECTO,RECURSOS HIDRICOS,AGUA POTABLE,EJECUCION,0,2006,,ERCILLA,SECTORIAL,11400000.0,11.4,,2335.0,OT,Objetado técnicamente (OT),False,DIRECCION DE OBRAS HIDRAULICAS MOP REGION DE LA ARAUCANIA,False,2006,2006,11400000.0
30045293,30045293-0,"MEJORAMIENTO INTEGRAL SITEMA AGUA POTABLE RURAL PIDIMA, ERCILLA",PROYECTO,RECURSOS HIDRICOS,AGUA POTABLE,EJECUCION,0,2006,,ERCILLA,SECTORIAL,9120000.0,9.12,,0.0,OT,Objetado técnicamente (OT),False,DIRECCION DE OBRAS HIDRAULICAS MOP REGION DE LA ARAUCANIA,False,2006,2006,9120000.0
30045445,30045445-0,"REPOSICION PARCIAL SAPR HUALACURA, COMUNA DE NUEVA IMPERIAL",PROYECTO,RECURSOS HIDRICOS,AGUA POTABLE,EJECUCION,0,2006,,NUEVA IMPERIAL,SECTORIAL,9120000.0,9.12,,785.0,OT,Objetado técnicamente (OT),False,DIRECCION DE OBRAS HIDRAULICAS MOP REGION DE LA ARAUCANIA,False,2006,2006,9120000.0
30045573,30045573-0,"MEJORAMIENTO CICLOVIA Y PARQUE URBANO TOBALABA, PEÑALOLEN",PROYECTO,VIVIENDA Y DESARROLLO URBANO,DESARROLLO URBANO,DISEÑO,0,2007,,PEÑALOLEN,F.N.D.R.,30097000.0,30.097,,0.0,RS,Recomendado (RS),True,MUNICIPALIDAD DE PEÑALOLEN,False,2005,2007,32000000.0
30046389,30046389-0,"CONSTRUCCION CASETAS SANITARIAS HUISCAPI, LONCOCHE",PROYECTO,VIVIENDA Y DESARROLLO URBANO,SOLUCION HABITACIONAL PARCIAL O COMPLEMENTARIA,PERFIL,0,2016,,LONCOCHE,F.N.D.R.,720021000.0,720.021,,1814.0,RS,Recomendado (RS),True,MUNICIPALIDAD DE LONCOCHE,False,2006,2016,1054885000.0
30061904,30061904-0,CONSTRUCCION CICLOVIA COMUNA DE PIRQUE,PROYECTO,TRANSPORTE,TRANSPORTE CAMINERO,DISEÑO,0,2011,,PIRQUE,F.N.D.R.,26176000.0,26.176,,0.0,RS,Recomendado (RS),True,MUNICIPALIDAD DE PIRQUE,False,2007,2011,224700000.0
30062037,30062037-0,CONSERVACION DE RIBERAS DE CAUCES NATURALES REGION METROPOLITANA,PROYECTO,RECURSOS HIDRICOS,"DEFENSAS FLUVIALES,MARITIMAS Y CAUCES NATURALES",EJECUCION,1,2007,METROPOLITANA DE SANTIAGO,,SECTORIAL,3111744000.0,3111.744,,0.0,OT,Objetado técnicamente (OT),False,DIRECCION DE OBRAS HIDRAULICAS MOP REGION METROPOLITANA DE SANTIAGO,False,2007,2007,3111744000.0
30062115,30062115-0,CONSERVACION Y OPERACIÓN SISTEMAS DE AGUAS LLUVIAS RM,PROYECTO,RECURSOS HIDRICOS,EVACUACION DISPOSICION FINAL AGUAS SERVIDAS,EJECUCION,0,2007,METROPOLITANA DE SANTIAGO,,SECTORIAL,1278678000.0,1278.678,,0.0,RS,Recomendado (RS),True,DIRECCION DE OBRAS HIDRAULICAS MOP REGION METROPOLITANA DE SANTIAGO,False,2007,2007,1278678000.0
30063942,30063942-0,"CONSTRUCCION COLECTOR INTERCEPTOR AGUAS LLUVIAS SAN MARTIN, TEMUCO",PROYECTO,RECURSOS HIDRICOS,AGUAS LLUVIAS,EJECUCION,0,2008,,TEMUCO,SECTORIAL,150000000.0,150.0,,29500.0,FI,Falta información (FI),False,DIRECCION DE OBRAS HIDRAULICAS MOP REGION DE LA ARAUCANIA,False,2007,2008,150000000.0
30064502,30064502-0,CONSTRUCCION RED BÁSICA DE DRENAJE AGUAS LLUVIAS PUERTO WILLIAMS,PROYECTO,RECURSOS HIDRICOS,EVACUACION DISPOSICION FINAL AGUAS SERVIDAS,EJECUCION,0,2010,,CABO DE HORNOS,F.N.D.R.,116684000.0,116.684,,0.0,RS,Recomendado (RS),True,DIRECCION DE OBRAS HIDRAULICAS MOP REGION DE MAGALLANES Y ANTARTICA CHILENA,False,2007,2010,116684000.0
30064908,30064908-0,"INSTALACION A.P.R.QUILLEM BAJO, ALTO Y QUEBRADA MOLINO, CARAHUE",PROYECTO,RECURSOS HIDRICOS,AGUA POTABLE,EJECUCION,0,2009,,CARAHUE,F.N.D.R.,5000000.0,5.0,,276.0,FI,Falta información (FI),False,MUNICIPALIDAD DE CARAHUE,False,2007,2009,33568000.0
30065086,30065086-0,"CONSTRUCCION CASETAS SANITARIAS DE HUANA, MONTE PATRIA",PROYECTO,VIVIENDA Y DESARROLLO URBANO,SOLUCION HABITACIONAL PARCIAL O COMPLEMENTARIA,EJECUCION,0,2011,,MONTE PATRIA,F.N.D.R.,1111792000.0,1111.792,,713.0,RS,Recomendado (RS),True,MUNICIPALIDAD DE MONTE PATRIA,False,2008,2011,1111792000.0
30066135,30066135-0,"CONSTRUCCION CICLOVIA CONTULMO -VALLE ELICURA , CONTULMO",PROYECTO,TRANSPORTE,"TRANSPORTE URBANO,VIALIDAD PEATONAL",EJECUCION,0,2010,,CONTULMO,F.N.D.R.,498168000.0,498.168,,3000.0,RS,Recomendado (RS),True,MUNICIPALIDAD DE CONTULMO,False,2007,2010,498168000.0
30066772,30066772-0,CONSTRUCCION CASETAS SANITARIAS R. PALMILLA-LIHUEIMO-R. PERALILLO,PROYECTO,VIVIENDA Y DESARROLLO URBANO,SOLUCION HABITACIONAL PARCIAL O COMPLEMENTARIA,PERFIL,0,2021,,PALMILLA,F.N.D.R.,5685445000.0,5685.445,,0.0,,Sin evaluación,False,MUNICIPALIDAD DE PALMILLA,False,2008,2021,5685445000.0
30067729,30067729-0,CONSTRUCCION SOLUCIONES SANITARIAS SECTOR SUR ORIENTE,PROYECTO,VIVIENDA Y DESARROLLO URBANO,SOLUCION HABITACIONAL PARCIAL O COMPLEMENTARIA,EJECUCION,0,2014,,LONGAVI,F.N.D.R.,680972000.0,680.972,,765.0,RS,Recomendado (RS),True,MUNICIPALIDAD DE LONGAVI,False,2007,2014,713276000.0
30068424,30068424-0,CONSTRUCCION SOLUCIONES SANITARIAS SAN ISIDRO-CALINGASTA VICUÑA,PROYECTO,VIVIENDA Y DESARROLLO URBANO,SOLUCION HABITACIONAL PARCIAL O COMPLEMENTARIA,EJECUCION,0,2010,,VICUÑA,F.N.D.R.,1001747000.0,1001.747,,0.0,RS,Recomendado (RS),True,MUNICIPALIDAD DE VICUÑA,False,2007,2010,1001747000.0
30068608,30068608-0,"CONSTRUCCION SANEAMIENTO SANITARIO, NUEVA ALDEA, RANQUIL.",PROYECTO,VIVIENDA Y DESARROLLO URBANO,SOLUCION HABITACIONAL PARCIAL O COMPLEMENTARIA,EJECUCION,0,2013,,RANQUIL - REGION DE ÑUBLE,F.N.D.R.,137682000.0,137.682,,299.0,RS,Recomendado (RS),True,MUNICIPALIDAD DE RANQUIL,False,2007,2013,717779000.0
30069187,30069187-0,REPARACION Y REHABILITACIÓN DE VIA FFCC ARICA - LA PAZ (FCALP),PROYECTO,TRANSPORTE,TRANSPORTE FERROVIARIO,EJECUCION,0,2010,ARICA Y PARINACOTA,,EMPRESA,16923239000.0,16923.239,,0.0,RS,Recomendado (RS),True,EMPRESA DE FERROCARRILES DEL ESTADO,False,2007,2010,16923239000.0
30069350,30069350-0,"CONSTRUCCION CASETAS SANITARIAS Y URBANIZACION TRANAQUEPE, TIRUA",PROYECTO,VIVIENDA Y DESARROLLO URBANO,SOLUCION HABITACIONAL PARCIAL O COMPLEMENTARIA,PERFIL,0,2014,,TIRUA,F.N.D.R.,625367000.0,625.367,,838.0,RS,Recomendado (RS),True,MUNICIPALIDAD DE TIRUA,False,2008,2014,1083793000.0
30069769,30069769-0,"CONSTRUCCION SANEAMIENTO SANITARIO INTEGRAL LLICO, COMUNA DE ARAUCO",PROYECTO,RECURSOS HIDRICOS,EVACUACION DISPOSICION FINAL AGUAS SERVIDAS,EJECUCION,0,2011,,ARAUCO,F.N.D.R.,1385650000.0,1385.65,,732.0,OT,Objetado técnicamente (OT),False,MUNICIPALIDAD DE ARAUCO,False,2007,2011,1385654000.0
30069901,30069901-0,CONSERVACION INFRAESTRUCTURA AGUAS LLUVIAS DE TEMUCO 2008 - 2010,PROYECTO,RECURSOS HIDRICOS,EVACUACION DISPOSICION FINAL AGUAS SERVIDAS,EJECUCION,0,2008,,TEMUCO,SECTORIAL,1120000000.0,1120.0,,0.0,OT,Objetado técnicamente (OT),False,DIRECCION DE OBRAS HIDRAULICAS MOP REGION DE LA ARAUCANIA,False,2008,2008,1120000000.0
30070026,30070026-0,"AMPLIACION SERVICIO APR QUEBRADA ALVARADO, COMUNA DE OLMUÉ.",PROYECTO,RECURSOS HIDRICOS,AGUA POTABLE,EJECUCION,0,2008,,OLMUE,SECTORIAL,26500000.0,26.5,,3398.0,RS,Recomendado (RS),True,DIRECCION DE OBRAS HIDRAULICAS MOP REGION DE VALPARAISO,False,2008,2008,26500000.0
30070143,30070143-0,"CONSTRUCCION RED DE CICLOVIAS, SEGUNDA ETAPA, ARICA",PROYECTO,TRANSPORTE,"TRANSPORTE URBANO,VIALIDAD PEATONAL",DISEÑO,0,2018,,ARICA - REGION XV,SECTORIAL,126160000.0,126.16,,185268.0,RS,Recomendado (RS),True,SEREMI VIVIENDA REGION DE ARICA Y PARINACOTA,False,2008,2018,126160000.0
30070207,30070207-0,AMPLIACION SERVICIO APR QUEBRADA HERRERA COMUNA DE PUTAENDO.,PROYECTO,RECURSOS HIDRICOS,AGUA POTABLE,EJECUCION,0,2008,,PUTAENDO,SECTORIAL,29222000.0,29.222,,0.0,RS,Recomendado (RS),True,DIRECCION DE OBRAS HIDRAULICAS MOP REGION DE VALPARAISO,False,2008,2008,29222000.0
30073324,30073324-0,CONSTRUCCION SOLUCIONES SANITARIAS LA CALERA VILLA EL ARRAYAN VICUÑA,PROYECTO,VIVIENDA Y DESARROLLO URBANO,SOLUCION HABITACIONAL PARCIAL O COMPLEMENTARIA,EJECUCION,0,2011,,VICUÑA,F.N.D.R.,2009086000.0,2009.086,,198.0,RS,Recomendado (RS),True,MUNICIPALIDAD DE VICUÑA,False,2008,2011,2009086000.0
30073659,30073659-0,"CONSTRUCCION SOLUCIONES SANITARIAS NUEVA AURORA, OVALLE",PROYECTO,RECURSOS HIDRICOS,EVACUACION DISPOSICION FINAL AGUAS SERVIDAS,EJECUCION,0,2012,,OVALLE,F.N.D.R.,1365275000.0,1365.275,,1196.0,RS,Recomendado (RS),True,MUNICIPALIDAD DE OVALLE,False,2008,2012,1365376000.0
30073855,30073855-0,CONSTRUCCION RELLENO SANITARIO COMUNA DE MEJILLONES,PROYECTO,RECURSOS NATURALES Y MEDIO AMBIENTE,MEDIO AMBIENTE,EJECUCION,0,2011,,MEJILLONES,F.N.D.R.,1335264000.0,1335.264,,0.0,RS,Recomendado (RS),True,MUNICIPALIDAD DE MEJILLONES,False,2007,2011,1335264000.0
30074220,30074220-0,"CONSTRUCCION SOLUCIONES SANITARIAS DE PANGUESILLO, SALAMANCA",PROYECTO,VIVIENDA Y DESARROLLO URBANO,SOLUCION HABITACIONAL PARCIAL O COMPLEMENTARIA,EJECUCION,0,2013,,SALAMANCA,F.N.D.R.,2070490000.0,2070.49,,1406.0,RS,Recomendado (RS),True,MUNICIPALIDAD DE SALAMANCA,False,2008,2013,2070490000.0
30074815,30074815-0,MEJORAMIENTO ACCESO AL PUERTO DE VALPARAÍSO (LINEA LA VIEJA),PROYECTO,TRANSPORTE,TRANSPORTE FERROVIARIO,EJECUCION,0,2011,VALPARAISO,,EMPRESA,445883000.0,445.883,,0.0,RS,Recomendado (RS),True,EMPRESA DE FERROCARRILES DEL ESTADO,False,2007,2011,447573000.0
30075371,30075371-0,CONSTRUCCION SENDAS PEATONALES/CICLOVIAS EN RUTAS DE LA DVRM,PROYECTO,TRANSPORTE,TRANSPORTE CAMINERO,EJECUCION,0,2007,METROPOLITANA DE SANTIAGO,,SECTORIAL,300000000.0,300.0,,0.0,RS,Recomendado (RS),True,VIALIDAD MOP REGION METROPOLITANA DE SANTIAGO,False,2007,2007,300000000.0
30075738,30075738-0,"CONSTRUCCION CASETAS SANITARIAS, LA COMPAÑÍA, GRANEROS",PROYECTO,RECURSOS HIDRICOS,EVACUACION DISPOSICION FINAL AGUAS SERVIDAS,PERFIL,0,2019,,GRANEROS,F.N.D.R.,9216078000.0,9216.078,,2265.0,,Sin evaluación,False,MUNICIPALIDAD DE GRANEROS,False,2008,2019,9216078000.0
30076463,30076463-0,"CONSTRUCCION TRANQUE RETENEDOR AGUAS LLUVIAS LOS LOROS, T. AMARILLA",PROYECTO,RECURSOS HIDRICOS,"DEFENSAS FLUVIALES,MARITIMAS Y CAUCES NATURALES",EJECUCION,0,2013,,TIERRA AMARILLA,F.N.D.R.,26877000.0,26.877,,1176.0,RS,Recomendado (RS),True,DIRECCION DE OBRAS HIDRAULICAS MOP REGION DE ATACAMA,False,2008,2013,26877000.0
30077291,30077291-0,"INSTALACION SISTEMA AUTOGENERACION ELECTRICA ERNC, R.VERDE",PROYECTO,ENERGIA,AUTOGENERACION,PREFACTIBILIDAD,0,2012,,RIO VERDE,F.N.D.R.,33470000.0,33.47,,358.0,RS,Recomendado (RS),True,MUNICIPALIDAD DE RIO VERDE,False,2008,2012,89156000.0
30077528,30077528-0,NORMALIZACION Y RECUPERACION AREAS EX VERTEDERO LO ERRAZURIZ 2°ETAPA,PROYECTO,RECURSOS NATURALES Y MEDIO AMBIENTE,MEDIO AMBIENTE,EJECUCION,0,2012,,ESTACION CENTRAL,F.N.D.R.,2499048000.0,2499.048,,346722.0,RS,Recomendado (RS),True,GOBIERNO REGIONAL - REGION METROPOLITANA DE SANTIAGO,False,2009,2012,2499048000.0
30078294,30078294-0,"CONSTRUCCION DEFENSAS FLUVIALES RIO CHOL-CHOL (URBANO), N. IMPERIAL",PROYECTO,RECURSOS HIDRICOS,"DEFENSAS FLUVIALES,MARITIMAS Y CAUCES NATURALES",DISEÑO,0,2015,,NUEVA IMPERIAL,SECTORIAL,1502781000.0,1502.781,,2000.0,FI,Falta información (FI),False,DIRECCION DE OBRAS HIDRAULICAS MOP REGION DE LA ARAUCANIA,False,2011,2015,1502781000.0
30079482,30079482-0,HABILITACION CORREDOR TRANSPORTE PÚBLICO AVENIDA DORSAL TRAMO 2,PROYECTO,TRANSPORTE,"TRANSPORTE URBANO,VIALIDAD PEATONAL",EJECUCION,0,2012,,RECOLETA,SECTORIAL,23473225000.0,23473.225,,500000.0,RS,Recomendado (RS),True,SEREMI VIVIENDA REGION METROPOLITANA DE SANTIAGO,False,2008,2012,23473225000.0
30079953,30079953-0,"CONSTRUCCION SOLUCIONES SANITARIAS DE TAHUINCO, SALAMANCA",PROYECTO,VIVIENDA Y DESARROLLO URBANO,SOLUCION HABITACIONAL PARCIAL O COMPLEMENTARIA,EJECUCION,0,2013,,SALAMANCA,F.N.D.R.,1837237000.0,1837.237,,769.0,OT,Objetado técnicamente (OT),False,MUNICIPALIDAD DE SALAMANCA,False,2010,2013,1837237000.0
30080470,30080470-0,CONSERVACION Y REPARACIÓN COLECTORES DE AGUAS LLUVIAS V REGIÓN,PROYECTO,RECURSOS HIDRICOS,EVACUACION DISPOSICION FINAL AGUAS SERVIDAS,EJECUCION,0,2012,VALPARAISO,,SECTORIAL,2129407000.0,2129.407,,250000.0,,Sin evaluación,False,DIRECCION DE OBRAS HIDRAULICAS MOP REGION DE VALPARAISO,False,2009,2012,2129407000.0
30081026,30081026-0,"MEJORAMIENTO INTEGRAL Y AMPLIACION S.AGUA POTABLE PUYANGUE, CARAHUE",PROYECTO,RECURSOS HIDRICOS,AGUA POTABLE,EJECUCION,0,2013,,CARAHUE,SECTORIAL,29770000.0,29.77,,530.0,RS,Recomendado (RS),True,DIRECCION DE OBRAS HIDRAULICAS MOP REGION DE LA ARAUCANIA,False,2009,2013,43238000.0
30081186,30081186-0,CONSTRUCCION CICLOVIAS EN DIVERSAS COMUNAS PROVINCIA CACHAPOAL,PROYECTO,TRANSPORTE,TRANSPORTE CAMINERO,EJECUCION,0,2012,,,F.N.D.R.,1798769000.0,1798.769,,0.0,RS,Recomendado (RS),True,VIALIDAD MOP REGION DEL LIBERTADOR GENERAL BERNARDO O'HIGGINS,False,2009,2012,1910918000.0
30081368,30081368-0,CONSERVACION DE RIBERAS CAUCES NATURALES SISTEMA FLUVIAL ANDALIEN,PROYECTO,RECURSOS HIDRICOS,"DEFENSAS FLUVIALES,MARITIMAS Y CAUCES NATURALES",EJECUCION,0,2012,,,SECTORIAL,1970419000.0,1970.419,,0.0,,Sin evaluación,False,DIRECCION DE OBRAS HIDRAULICAS MOP,False,2008,2012,1970419000.0
30082004,30082004-0,CONSTRUCCION RED PRIMARIA DE AGUAS LLUVIAS SECTOR PONIENTE PTO MONTT,PROYECTO,RECURSOS HIDRICOS,EVACUACION DISPOSICION FINAL AGUAS SERVIDAS,EJECUCION,0,2012,,PUERTO MONTT,SECTORIAL,182246000.0,182.246,,2500.0,RS,Recomendado (RS),True,DIRECCION DE OBRAS HIDRAULICAS MOP REGION DE LOS LAGOS,False,2009,2012,182246000.0
30083334,30083334-0,"MEJORAMIENTO ESPACIO PUBLICO PATRIA VIEJA, HUALPEN",PROYECTO,VIVIENDA Y DESARROLLO URBANO,DESARROLLO URBANO,EJECUCION,0,2014,,HUALPEN,F.N.D.R.,1038792000.0,1038.792,,21835.0,OT,Objetado técnicamente (OT),False,MUNICIPALIDAD DE HUALPEN,False,2009,2014,1038792000.0
30084230,30084230-0,"CONSTRUCCION CASETAS SANITARIAS SECTOR ALTO BELLAVISTA, SAN ANTONIO",PROYECTO,VIVIENDA Y DESARROLLO URBANO,SOLUCION HABITACIONAL PARCIAL O COMPLEMENTARIA,EJECUCION,0,2012,,SAN ANTONIO,F.N.D.R.,574098000.0,574.098,,0.0,RS,Recomendado (RS),True,MUNICIPALIDAD DE SAN ANTONIO,False,2009,2012,574098000.0
30084743,30084743-0,MEJORAMIENTO INFRAESTRUCTURA FERROVIARIA ACCESO PUERTOS VIII REGION,PROYECTO,TRANSPORTE,TRANSPORTE FERROVIARIO,EJECUCION,0,2012,L BIO BIO,,EMPRESA,19787796000.0,19787.796,,0.0,RS,Recomendado (RS),True,EMPRESA DE FERROCARRILES DEL ESTADO,False,2009,2012,19787796000.0
30084748,30084748-0,"CONSTRUCCION OBRAS PLAN DE CIERRE VERTEDERO BOYECO, TEMUCO",PROYECTO,RECURSOS NATURALES Y MEDIO AMBIENTE,MEDIO AMBIENTE,EJECUCION,0,2013,,TEMUCO,F.N.D.R.,3915479000.0,3915.479,,0.0,RS,Recomendado (RS),True,MUNICIPALIDAD DE TEMUCO,False,2009,2013,4472351000.0
30084991,30084991-0,"CONSTRUCCION REDES DE ALCANTARILLADO QUEBRADA MANUEL RÍO FRÍO, VALPO",PROYECTO,RECURSOS HIDRICOS,EVACUACION DISPOSICION FINAL AGUAS SERVIDAS,EJECUCION,0,2012,,VALPARAISO,F.N.D.R.,160529000.0,160.529,,3257.0,RS,Recomendado (RS),True,MUNICIPALIDAD DE VALPARAISO,False,2009,2012,175643000.0
30085099,30085099-0,MANEJO GESTION Y ADMIN. RECURSO HIDRICO CUENCA RIO LIGUA,PROGRAMA,RECURSOS HIDRICOS,RECURSOS,EJECUCION,0,2013,,CABILDO,F.N.D.R.,347867000.0,347.867,667101.98,14460.0,RS,Recomendado (RS),True,MUNICIPALIDAD DE CABILDO,False,2009,2013,347867000.0
30085275,30085275-0,"CONSTRUCCION CENTRO TRATAMIENTO INTERMEDIO RSD, CASABLANCA",PROYECTO,RECURSOS NATURALES Y MEDIO AMBIENTE,MEDIO AMBIENTE,EJECUCION,0,2016,,CASABLANCA,F.N.D.R.,1540112000.0,1540.112,,30661.0,RS,Recomendado (RS),True,MUNICIPALIDAD DE CASABLANCA,False,2011,2016,1540112000.0
30086036,30086036-0,CONSTRUCCION OBRAS ALUVIONALES EN QUEBRADAS DE IQUIQUE Y ALTO HOSPIC,PROYECTO,RECURSOS HIDRICOS,"DEFENSAS FLUVIALES,MARITIMAS Y CAUCES NATURALES",EJECUCION,0,2012,,,SECTORIAL,202721000.0,202.721,,250000.0,RS,Recomendado (RS),True,DIRECCION DE OBRAS HIDRAULICAS MOP REGION DE TARAPACA,False,2009,2012,202721000.0
30086478,30086478-0,CONSERVACION REDES SECUNDARIAS ALC. AGUAS LLUVIAS VIII REGION 2009,PROYECTO,RECURSOS HIDRICOS,EVACUACION DISPOSICION FINAL AGUAS SERVIDAS,EJECUCION,0,2012,L BIO BIO,,F.N.D.R.,623357000.0,623.357,,380952.0,,Sin evaluación,False,SEREMI VIVIENDA REGION DEL BIO BIO,False,2009,2012,696097000.0
30086682,30086682-0,CONSTRUCCION SIST. DE EVACUACION DE AGUAS LLUVIAS - VALDIVIA Y LANCO,PROYECTO,RECURSOS HIDRICOS,AGUAS LLUVIAS,DISEÑO,0,2015,LOS RIOS,,F.N.D.R.,221975000.0,221.975,,135567.0,RS,Recomendado (RS),True,SEREMI VIVIENDA REGION DE LOS RIOS,False,2011,2015,221975000.0
30086695,30086695-0,CONSTRUCCION CASETAS SANITARIAS CALAMA,PROYECTO,VIVIENDA Y DESARROLLO URBANO,ADMINISTRACION VIVIENDA,EJECUCION,0,2015,,CALAMA,F.N.D.R.,93806000.0,93.806,,29.0,RS,Recomendado (RS),True,MUNICIPALIDAD DE CALAMA,False,2011,2015,135860000.0
30086815,30086815-0,CONSTRUCCION RELLENO SANITARIO PROVINCIA DE OSORNO,PROYECTO,RECURSOS NATURALES Y MEDIO AMBIENTE,MEDIO AMBIENTE,EJECUCION,0,2013,,OSORNO,F.N.D.R.,7393802000.0,7393.802,,221509.0,RS,Recomendado (RS),True,MUNICIPALIDAD DE OSORNO,False,2009,2013,7393802000.0
30087249,30087249-0,"CONSTRUCCION DE SOLUCIONES SANITARIAS DE CAIMANES, COMUNA LOS VILOS",PROYECTO,VIVIENDA Y DESARROLLO URBANO,SOLUCION HABITACIONAL PARCIAL O COMPLEMENTARIA,EJECUCION,0,2013,,LOS VILOS,F.N.D.R.,358392000.0,358.392,,1205.0,RS,Recomendado (RS),True,MUNICIPALIDAD DE LOS VILOS,False,2009,2013,358392000.0
30087787,30087787-0,CONSTRUCCION RELLENO SANITARIO DE LONQUIMAY,PROYECTO,RECURSOS NATURALES Y MEDIO AMBIENTE,MEDIO AMBIENTE,PERFIL,0,2014,,LONQUIMAY,F.N.D.R.,85511000.0,85.511,,8466.0,FI,Falta información (FI),False,MUNICIPALIDAD DE LONQUIMAY,False,2009,2014,90000000.0
30088561,30088561-0,"CONSTRUCCION PARQUE URBANO RECREACIONAL SUSTENTABLE, COMUNA RANCAGUA",PROYECTO,VIVIENDA Y DESARROLLO URBANO,DESARROLLO URBANO,DISEÑO,0,2013,,RANCAGUA,F.N.D.R.,745138000.0,745.138,,75206.0,RS,Recomendado (RS),True,MUNICIPALIDAD DE RANCAGUA,False,2010,2013,745138000.0
30090959,30090959-0,CONSERVACION OBRAS DE CANALIZACION QUEBRADA DE RAMÓN LA REINA - RM,PROYECTO,RECURSOS HIDRICOS,EVACUACION DISPOSICION FINAL AGUAS SERVIDAS,EJECUCION,0,2012,METROPOLITANA DE SANTIAGO,,SECTORIAL,2656772000.0,2656.772,,50000.0,,Sin evaluación,False,DIRECCION DE OBRAS HIDRAULICAS MOP,False,2009,2012,2656772000.0
30091815,30091815-0,"MEJORAMIENTO PARQUE URBANO AVENIDA SUR, COMBARBALA",PROYECTO,VIVIENDA Y DESARROLLO URBANO,DESARROLLO URBANO,EJECUCION,0,2018,,COMBARBALA,F.N.D.R.,84481000.0,84.481,,5494.0,RS,Recomendado (RS),True,MUNICIPALIDAD DE COMBARBALA,False,2014,2018,84481000.0
30092037,30092037-0,"CONSTRUCCION REDES SANEAMIENTO SANITARIO VILLA GENESIS, LOS ANGELES",PROYECTO,VIVIENDA Y DESARROLLO URBANO,SOLUCION HABITACIONAL PARCIAL O COMPLEMENTARIA,EJECUCION,0,2013,,LOS ANGELES,F.N.D.R.,2278096000.0,2278.096,,2625.0,RS,Recomendado (RS),True,MUNICIPALIDAD DE LOS ANGELES,False,2010,2013,3569382000.0
30092296,30092296-0,REPOSICION SISTEMA CONTROL DE TRENES DE LINEA 1 METRO DE SANTIAGO,PROYECTO,TRANSPORTE,"TRANSPORTE URBANO,VIALIDAD PEATONAL",EJECUCION,0,2012,METROPOLITANA DE SANTIAGO,,EMPRESA,47805501000.0,47805.501,,0.0,RS,Recomendado (RS),True,METRO S.A.,False,2009,2012,47805501000.0
30092599,30092599-0,CONSTRUCCION SISTEMA EVAC.AGUAS LLUVIAS POB LIBERTAD SECTOR PONIENTE,PROYECTO,RECURSOS HIDRICOS,AGUAS LLUVIAS,EJECUCION,0,2013,,TALCAHUANO,F.N.D.R.,488974000.0,488.974,,6066.0,RS,Recomendado (RS),True,MUNICIPALIDAD DE TALCAHUANO,False,2010,2013,513966000.0
30092632,30092632-0,"CONSERVACION DEFENSAS FLUVIALES RIO LLOLLELHUE Y RADIMADI, LA UNIÓN",PROYECTO,RECURSOS HIDRICOS,"DEFENSAS FLUVIALES,MARITIMAS Y CAUCES NATURALES",EJECUCION,0,2012,LOS RIOS,,SECTORIAL,846399000.0,846.399,,0.0,,Sin evaluación,False,DIRECCION DE OBRAS HIDRAULICAS MOP,False,2010,2012,1180000000.0
30093054,30093054-0,"CONSTRUCCION CICLOVIA LICAHUE - COMUNIDAD MELIMAN,CONTULMO",PROYECTO,TRANSPORTE,"TRANSPORTE URBANO,VIALIDAD PEATONAL",EJECUCION,0,2014,,CONTULMO,F.N.D.R.,301025000.0,301.025,,3000.0,RS,Recomendado (RS),True,MUNICIPALIDAD DE CONTULMO,False,2010,2014,308828000.0
30093301,30093301-0,AMPLIACION AGUA POTABLE APR QUEBRADA ESCOBARES COMUNA DE VILLA ALEMANA,PROYECTO,RECURSOS HIDRICOS,AGUA POTABLE,DISEÑO,0,2013,,VILLA ALEMANA,F.N.D.R.,35178000.0,35.178,,2233.0,IN,Incumplimiento (IN),False,DIRECCION DE OBRAS HIDRAULICAS MOP REGION DE VALPARAISO,False,2010,2013,35178000.0
30093507,30093507-0,MEJORAMIENTO INFRAESTRUCTURA FFCC SECTOR S.ROSENDO - P.MONTT ETAPA 2,PROYECTO,TRANSPORTE,TRANSPORTE FERROVIARIO,EJECUCION,0,2012,,,EMPRESA,27361821000.0,27361.821,,0.0,RS,Recomendado (RS),True,EMPRESA DE FERROCARRILES DEL ESTADO,False,2009,2012,27361821000.0
30093579,30093579-0,CONSTRUCCION CICLOVIAS COMUNA DE QUILLOTA,PROYECTO,TRANSPORTE,TRANSPORTE CAMINERO,PREFACTIBILIDAD,0,2014,,QUILLOTA,F.N.D.R.,110772000.0,110.772,,0.0,RS,Recomendado (RS),True,MUNICIPALIDAD DE QUILLOTA,False,2010,2014,110772000.0
30094200,30094200-0,"CONSTRUCCION PARQUE URBANO POTSDAM, HUALPEN",PROYECTO,VIVIENDA Y DESARROLLO URBANO,DESARROLLO URBANO,EJECUCION,0,2014,,HUALPEN,F.N.D.R.,1846314000.0,1846.314,,21971.0,RS,Recomendado (RS),True,MUNICIPALIDAD DE HUALPEN,False,2010,2014,1846314000.0
30094673,30094673-0,CONSTRUCCION CENTRO DE VALORIZACIÓN DE RESIDUOS VEGETALES COMUNA PEÑALOLEN,PROYECTO,RECURSOS NATURALES Y MEDIO AMBIENTE,MEDIO AMBIENTE,DISEÑO,0,2015,,PEÑALOLEN,F.N.D.R.,95551000.0,95.551,,250849.0,FI,Falta información (FI),False,MUNICIPALIDAD DE PEÑALOLEN,False,2010,2015,95551000.0
30094741,30094741-0,CONSERVACION REDES SECUNDARIAS AGUAS LLUVIAS REGIÓN DEL BÍO BÍO 2010,PROYECTO,RECURSOS HIDRICOS,AGUAS LLUVIAS,EJECUCION,0,2013,L BIO BIO,,F.N.D.R.,720887000.0,720.887,,380952.0,,Sin evaluación,False,SEREMI VIVIENDA REGION DEL BIO BIO,False,2010,2013,720887000.0
30094829,30094829-0,MEJORAMIENTO LIMPIEZA Y REHABILITACIÓN 31 TRANSFORMADORES SSEE EFE,PROYECTO,TRANSPORTE,TRANSPORTE FERROVIARIO,EJECUCION,0,2013,,,EMPRESA,3361326000.0,3361.326,,40000.0,RS,Recomendado (RS),True,EMPRESA DE FERROCARRILES DEL ESTADO,False,2010,2013,3361326000.0
30094869,30094869-0,ADQUISICION MAQUINAS DE AUTOSERVICIO PARA RED METRO S.A.,PROYECTO,TRANSPORTE,"TRANSPORTE URBANO,VIALIDAD PEATONAL",EJECUCION,0,2012,METROPOLITANA DE SANTIAGO,,EMPRESA,1401486000.0,1401.486,,2.0,RS,Recomendado (RS),True,METRO S.A.,False,2009,2012,1401486000.0
30095172,30095172-0,"CONSTRUCCION CASETAS SANITARIAS ASENTAMIENTO VILLA JERICO,LOTA",PROYECTO,VIVIENDA Y DESARROLLO URBANO,SOLUCION HABITACIONAL PARCIAL O COMPLEMENTARIA,PERFIL,0,2014,,LOTA,F.N.D.R.,1485334000.0,1485.334,,459.0,RS,Recomendado (RS),True,MUNICIPALIDAD DE LOTA,False,2010,2014,1485334000.0
30095398,30095398-0,"CONSTRUCCION PARQUE URBANO Y DE MITIGACIÓN SANTA CLARA, TALCAHUANO",PROYECTO,VIVIENDA Y DESARROLLO URBANO,DESARROLLO URBANO,PERFIL,0,2022,,TALCAHUANO,F.N.D.R.,8945652000.0,8945.652,,163628.0,OT,Objetado técnicamente (OT),False,MUNICIPALIDAD DE TALCAHUANO,False,2010,2022,9178244000.0
30095758,30095758-0,"CONSTRUCCION SANEAMIENTO SANITARIO INTEGRAL, LOCALIDAD CAYUCUPIL",PROYECTO,VIVIENDA Y DESARROLLO URBANO,SOLUCION HABITACIONAL PARCIAL O COMPLEMENTARIA,EJECUCION,0,2013,,CAÑETE,F.N.D.R.,1499249000.0,1499.249,,797.0,RS,Recomendado (RS),True,MUNICIPALIDAD DE CAÑETE,False,2010,2013,1499249000.0
30095785,30095785-0,"CONSTRUCCION REDES SANEAMIENTO SANITARIO MARÍA AUXILIADORA, LOS ANGE",PROYECTO,VIVIENDA Y DESARROLLO URBANO,SOLUCION HABITACIONAL PARCIAL O COMPLEMENTARIA,EJECUCION,0,2013,,LOS ANGELES,F.N.D.R.,250387000.0,250.387,,80.0,RS,Recomendado (RS),True,MUNICIPALIDAD DE LOS ANGELES,False,2010,2013,250387000.0
30096018,30096018-0,"CONSTRUCCION COLECTORES AGUAS LLUVIAS SECTOR LOS PRESIDENTES, ANGOL",PROYECTO,RECURSOS HIDRICOS,AGUAS LLUVIAS,EJECUCION,0,2015,,ANGOL,SECTORIAL,506243000.0,506.243,,1991.0,RS,Recomendado (RS),True,SEREMI VIVIENDA REGION DE LA ARAUCANIA,False,2010,2015,687618000.0
30096044,30096044-0,CONSTRUCCION OBRAS PLAN DE CIERRE VERTEDERO MUNICIPAL DE VICTORIA,PROYECTO,RECURSOS NATURALES Y MEDIO AMBIENTE,MEDIO AMBIENTE,EJECUCION,0,2013,,VICTORIA,F.N.D.R.,2068128000.0,2068.128,,33501.0,RS,Recomendado (RS),True,MUNICIPALIDAD DE VICTORIA,False,2010,2013,2097136000.0
30096047,30096047-0,"CONSTRUCCION RED CICLOVIAS CALLES G.MISTRAL, P.NERUDA Y HOCHSTETTER",PROYECTO,TRANSPORTE,"TRANSPORTE URBANO,VIALIDAD PEATONAL",EJECUCION,0,2015,,TEMUCO,SECTORIAL,2114372000.0,2114.372,,28000.0,RS,Recomendado (RS),True,SEREMI VIVIENDA REGION DE LA ARAUCANIA,False,2010,2015,2114372000.0
30096102,30096102-0,CONSTRUCCION OBRAS DE CIERRE VERTEDERO MUNICIPAL - PUREN,PROYECTO,RECURSOS NATURALES Y MEDIO AMBIENTE,MEDIO AMBIENTE,EJECUCION,0,2014,,PUREN,F.N.D.R.,455901000.0,455.901,,12868.0,RS,Recomendado (RS),True,MUNICIPALIDAD DE PUREN,False,2010,2014,455901000.0
30096195,30096195-0,"MEJORAMIENTO SERVICIOS BASICOS Y URBANIZACION GUANAQUEROS, COQUIMBO",PROYECTO,RECURSOS HIDRICOS,EVACUACION DISPOSICION FINAL AGUAS SERVIDAS,PERFIL,0,2019,,COQUIMBO,F.N.D.R.,2429411000.0,2429.411,,293.0,RS,Recomendado (RS),True,MUNICIPALIDAD DE COQUIMBO,False,2010,2019,2429411000.0
30096547,30096547-0,CONSTRUCCION CASETAS SANITARIAS SECTOR LLALLAUQUEN,PROYECTO,RECURSOS HIDRICOS,EVACUACION DISPOSICION FINAL AGUAS SERVIDAS,PERFIL,0,2021,,LAS CABRAS,F.N.D.R.,9121287000.0,9121.287,,3495.0,,Sin evaluación,False,MUNICIPALIDAD DE LAS CABRAS,False,2010,2021,9121287000.0
30096601,30096601-0,ADQUISICION MÁQUINA REGISTRADORA GEOMETRÍA,PROYECTO,TRANSPORTE,TRANSPORTE FERROVIARIO,EJECUCION,0,2014,,,EMPRESA,5488167000.0,5488.167,,100000.0,RS,Recomendado (RS),True,EMPRESA DE FERROCARRILES DEL ESTADO,False,2010,2014,5488167000.0
30096937,30096937-0,CONSTRUCCION ESTACIONES DE INTERCAMBIO MODAL METRO VALPARÁISO S.A.,PROYECTO,TRANSPORTE,TRANSPORTE FERROVIARIO,EJECUCION,0,2013,VALPARAISO,,EMPRESA,1388519000.0,1388.519,,23000.0,RS,Recomendado (RS),True,EMPRESA DE FERROCARRILES DEL ESTADO,False,2010,2013,1388519000.0
30096941,30096941-0,MEJORAMIENTO ESTACIONES DE METRO VALPARAÍSO S.A.,PROYECTO,TRANSPORTE,TRANSPORTE FERROVIARIO,EJECUCION,0,2014,,,EMPRESA,705665000.0,705.665,,23000.0,RS,Recomendado (RS),True,EMPRESA DE FERROCARRILES DEL ESTADO,False,2010,2014,705665000.0
30096946,30096946-0,MEJORAMIENTO CONFIABILIDAD SISTEMAS DE ENERGIA METRO VALPARAÍSO S.A.,PROYECTO,TRANSPORTE,TRANSPORTE FERROVIARIO,EJECUCION,0,2012,,,EMPRESA,1701688000.0,1701.688,,23000.0,RS,Recomendado (RS),True,MERVAL S.A.,False,2010,2012,1701688000.0
30096947,30096947-0,HABILITACION TERCERA VÍA METRO VALPARAÍSO S.A.,PROYECTO,TRANSPORTE,TRANSPORTE FERROVIARIO,EJECUCION,0,2013,,,EMPRESA,166336000.0,166.336,,23000.0,RS,Recomendado (RS),True,EMPRESA DE FERROCARRILES DEL ESTADO,False,2010,2013,166336000.0
30096969,30096969-0,MEJORAMIENTO SISTEMA DE RESCATE ASCENSORES ELECTROMECANICOS METRO,PROYECTO,TRANSPORTE,"TRANSPORTE URBANO,VIALIDAD PEATONAL",EJECUCION,0,2013,METROPOLITANA DE SANTIAGO,,EMPRESA,235501000.0,235.501,,2.0,RS,Recomendado (RS),True,METRO S.A.,False,2010,2013,235501000.0
30097101,30097101-0,REPOSICION EQUIPOS PUNTOS DE VENTA MÓVILES RED METRO,PROYECTO,TRANSPORTE,"TRANSPORTE URBANO,VIALIDAD PEATONAL",EJECUCION,0,2014,METROPOLITANA DE SANTIAGO,,EMPRESA,204431000.0,204.431,,2.0,RS,Recomendado (RS),True,METRO S.A.,False,2010,2014,204431000.0
30097239,30097239-0,HABILITACION UP-GRADE SISTEMA DE SEÑALIZACIÓN DE METRO VALPARAÍSO,PROYECTO,TRANSPORTE,TRANSPORTE FERROVIARIO,EJECUCION,0,2013,VALPARAISO,,EMPRESA,4977457000.0,4977.457,,23000.0,RS,Recomendado (RS),True,EMPRESA DE FERROCARRILES DEL ESTADO,False,2010,2013,4977457000.0
30097900,30097900-0,CONSTRUCCION OBRAS DE RETENCIÓN EN HONDONADA. QUEBRADA DE MACUL,PROYECTO,RECURSOS HIDRICOS,"DEFENSAS FLUVIALES,MARITIMAS Y CAUCES NATURALES",EJECUCION,0,2011,,PEÑALOLEN,SECTORIAL,5784576000.0,5784.576,,200000.0,RS,Recomendado (RS),True,DIRECCION DE OBRAS HIDRAULICAS MOP,False,2010,2011,5784576000.0
30097977,30097977-0,"CONSTRUCCION CIERRE VERTEDERO MUNICIPAL, COMUNA RIO NEGRO",PROYECTO,RECURSOS NATURALES Y MEDIO AMBIENTE,MEDIO AMBIENTE,PERFIL,0,2026,,RIO NEGRO,F.N.D.R.,830770000.0,830.77,,14085.0,RS,Recomendado (RS),True,MUNICIPALIDAD DE RIO NEGRO,False,2011,2026,830770000.0
30098451,30098451-0,"CONSTRUCCION URBANIZACIÓN LOCALIDAD DE SAN AGUSTÍN, SALAMANCA",PROYECTO,RECURSOS HIDRICOS,EVACUACION DISPOSICION FINAL AGUAS SERVIDAS,EJECUCION,0,2018,,SALAMANCA,F.N.D.R.,1663938000.0,1663.938,,689.0,OT,Objetado técnicamente (OT),False,MUNICIPALIDAD DE SALAMANCA,False,2014,2018,1663938000.0
30098787,30098787-0,CONSERVACION RED PRIMARIA AGUAS LLUVIAS REG. DE COQUIMBO (2011-2013),PROYECTO,RECURSOS HIDRICOS,EVACUACION DISPOSICION FINAL AGUAS SERVIDAS,EJECUCION,0,2014,COQUIMBO,,SECTORIAL,571728000.0,571.728,,45040.0,,Sin evaluación,False,DIRECCION DE OBRAS HIDRAULICAS MOP,False,2011,2014,571728000.0
30099104,30099104-0,CONSERVACION COLECTORES DE AGUAS LLUVIAS PUNTA ARENAS,PROYECTO,RECURSOS HIDRICOS,AGUAS LLUVIAS,EJECUCION,0,2015,,PUNTA ARENAS,SECTORIAL,2488348000.0,2488.348,,25000.0,,Sin evaluación,False,DIRECCION DE OBRAS HIDRAULICAS MOP REGION DE MAGALLANES Y ANTARTICA CHILENA,False,2011,2015,2488348000.0
30099554,30099554-0,CONSERVACION RED PRIMARIA DE AGUAS LLUVIAS REGION DE LOS LAGOS,PROYECTO,RECURSOS HIDRICOS,AGUAS LLUVIAS,EJECUCION,0,2018,LOS LAGOS,,SECTORIAL,1737623000.0,1737.623,,3000.0,,Sin evaluación,False,DIRECCION DE OBRAS HIDRAULICAS MOP REGION DE LOS LAGOS,False,2015,2018,1737623000.0
30099557,30099557-0,CONSERVACION RED PRIMARIA DE AGUAS LLUVIAS REGION DE LOS LAGOS,PROYECTO,RECURSOS HIDRICOS,AGUAS LLUVIAS,EJECUCION,0,2014,LOS LAGOS,,SECTORIAL,2004529000.0,2004.529,,3000.0,,Sin evaluación,False,DIRECCION DE OBRAS HIDRAULICAS MOP REGION DE LOS LAGOS,False,2011,2014,2383072000.0
30099611,30099611-0,CONSTRUCCION CICLOVIAS RUTA H-30 EL COLERA Y RUTA 66 EL MANZANO,PROYECTO,TRANSPORTE,TRANSPORTE CAMINERO,EJECUCION,0,2015,,,SECTORIAL,1500854000.0,1500.854,,0.0,RS,Recomendado (RS),True,VIALIDAD MOP REGION DEL LIBERTADOR GENERAL BERNARDO O'HIGGINS,False,2011,2015,1500854000.0
30100481,30100481-0,"MEJORAMIENTO SISTEMA DE DRENAJES AEROPUERTO AMB, REGION METROPOLITANA",PROYECTO,TRANSPORTE,TRANSPORTE AEREO,EJECUCION,0,2016,METROPOLITANA DE SANTIAGO,,SECTORIAL,172284000.0,172.284,,23500000.0,RS,Recomendado (RS),True,DIRECCION DE AEROPUERTOS MOP,False,2011,2016,185938000.0
30100932,30100932-0,CONSTRUCCION RED DE CICLOVIAS URBANAS - CIUDAD DE VALDIVIA,PROYECTO,TRANSPORTE,"TRANSPORTE URBANO,VIALIDAD PEATONAL",EJECUCION,0,2018,,VALDIVIA - REGION XIV,SECTORIAL,768119000.0,768.119,,129952.0,RS,Recomendado (RS),True,SEREMI VIVIENDA REGION DE LOS RIOS,False,2015,2018,768119000.0
30101214,30101214-0,NORMALIZACION Y AMPLIACION RELLENO SANITARIO SAN PEDRO DE ATACAMA,PROYECTO,RECURSOS NATURALES Y MEDIO AMBIENTE,MEDIO AMBIENTE,EJECUCION,0,2014,,SAN PEDRO DE ATACAMA,F.N.D.R.,213414000.0,213.414,,4969.0,RS,Recomendado (RS),True,MUNICIPALIDAD DE SAN PEDRO ATACAMA,False,2011,2014,213414000.0
30101297,30101297-0,CAPACITACION GESTIÓN DE RECURSOS HÍDRICOS COMUNA SAN ANTONIO,PROGRAMA,RECURSOS NATURALES Y MEDIO AMBIENTE,AGRICULTURA,EJECUCION,0,2015,,SAN ANTONIO,F.N.D.R.,161966000.0,161.966,309237.06,,RS,Recomendado (RS),True,MUNICIPALIDAD DE SAN ANTONIO,False,2011,2015,161966000.0
30101318,30101318-0,CONSERVACION RED PRIMARIA DE AGUAS LLUVIAS DE PTO AYSEN (2012-2014),PROYECTO,RECURSOS HIDRICOS,AGUAS LLUVIAS,EJECUCION,0,2015,,AYSEN,SECTORIAL,923618000.0,923.618,,13000.0,,Sin evaluación,False,DIRECCION DE OBRAS HIDRAULICAS MOP REGION DE AISEN DEL GENERAL CARLOS IBAÑEZ DEL,False,2012,2015,923618000.0
30101702,30101702-0,CONSTRUCCION COLECTORES RED PRIMARIA AGUAS LLUVIAS COYHAIQUE,PROYECTO,RECURSOS HIDRICOS,AGUAS LLUVIAS,EJECUCION,1,2012,,COYHAIQUE,SECTORIAL,4977439000.0,4977.439,,20000.0,RS,Recomendado (RS),True,DIRECCION DE OBRAS HIDRAULICAS MOP REGION DE AISEN DEL GENERAL CARLOS IBAÑEZ DEL,False,2011,2012,4977439000.0
30101803,30101803-0,REPOSICION RED HIDROMETRICA CUENCA RIO COPIAPO,PROYECTO,RECURSOS HIDRICOS,RECURSOS HIDRICOS,EJECUCION,0,2017,,,SECTORIAL,606148000.0,606.148,,188015.0,RS,Recomendado (RS),True,DIRECCION GENERAL DE AGUAS MOP,False,2011,2017,750000000.0
30102291,30102291-0,"CONSTRUCCION SISTEMA DE AGUAS LLUVIAS TRINIDAD 2, LA FLORIDA",PROYECTO,RECURSOS HIDRICOS,AGUAS LLUVIAS,EJECUCION,0,2012,,LA FLORIDA,SECTORIAL,154912000.0,154.912,,19375.0,RS,Recomendado (RS),True,DIRECCION DE OBRAS HIDRAULICAS MOP,False,2011,2012,154912000.0
30102353,30102353-0,CONSTRUCCION RELLENO SANITARIO CHILE CHICO,PROYECTO,RECURSOS NATURALES Y MEDIO AMBIENTE,MEDIO AMBIENTE,DISEÑO,0,2015,,CHILE CHICO,F.N.D.R.,199760000.0,199.76,,5217.0,RS,Recomendado (RS),True,MUNICIPALIDAD DE CHILE CHICO,False,2011,2015,199760000.0
30102358,30102358-0,"CONSTRUCCION CICLOVÍA CALLE COLO COLO ENTRE PRAT Y TEMUCO, L ANGELES",PROYECTO,TRANSPORTE,"TRANSPORTE URBANO,VIALIDAD PEATONAL",PERFIL,0,2016,,LOS ANGELES,F.N.D.R.,303762000.0,303.762,,47000.0,RS,Recomendado (RS),True,MUNICIPALIDAD DE LOS ANGELES,False,2011,2016,303762000.0
30102451,30102451-0,CONSTRUCCION SOLUCIÓN DE AGUAS LLUVIAS POBL. RETIRO. QUILPUE,PROYECTO,RECURSOS HIDRICOS,AGUAS LLUVIAS,EJECUCION,0,2015,,QUILPUE,F.N.D.R.,283496000.0,283.496,,4289.0,RS,Recomendado (RS),True,MUNICIPALIDAD DE QUILPUE,False,2011,2015,283496000.0
30102550,30102550-0,AMPLIACION SISTEMAS DE SEGURIDAD,PROYECTO,TRANSPORTE,TRANSPORTE FERROVIARIO,EJECUCION,0,2015,VALPARAISO,,EMPRESA,835382000.0,835.382,,23000.0,RS,Recomendado (RS),True,EMPRESA DE FERROCARRILES DEL ESTADO,False,2011,2015,835382000.0
30102558,30102558-0,ADQUISICION EQUIPOS FERROVIARIOS MENORES,PROYECTO,TRANSPORTE,TRANSPORTE FERROVIARIO,EJECUCION,0,2013,VALPARAISO,,EMPRESA,29624000.0,29.624,,23000.0,RS,Recomendado (RS),True,EMPRESA DE FERROCARRILES DEL ESTADO,False,2011,2013,29624000.0
30102570,30102570-0,HABILITACION SITE REMOTO SISTEMA CENTRAL DE PEAJES,PROYECTO,TRANSPORTE,TRANSPORTE FERROVIARIO,EJECUCION,0,2014,VALPARAISO,,EMPRESA,171003000.0,171.003,,55000.0,RS,Recomendado (RS),True,EMPRESA DE FERROCARRILES DEL ESTADO,False,2011,2014,171003000.0
30102596,30102596-0,MEJORAMIENTO SISTEMA DE DISTRIBUCIÓN ENERGÍA DE TRACCIÓN,PROYECTO,TRANSPORTE,TRANSPORTE FERROVIARIO,EJECUCION,0,2013,VALPARAISO,,EMPRESA,55162000.0,55.162,,62000.0,RS,Recomendado (RS),True,EMPRESA DE FERROCARRILES DEL ESTADO,False,2011,2013,55162000.0
30102600,30102600-0,EQUIPAMIENTO SUPERVISIÓN Y CONTROL PARA SISTEMA ALTA TENSIÓN,PROYECTO,TRANSPORTE,TRANSPORTE FERROVIARIO,EJECUCION,0,2013,VALPARAISO,,EMPRESA,55162000.0,55.162,,7650.0,RS,Recomendado (RS),True,EMPRESA DE FERROCARRILES DEL ESTADO,False,2011,2013,55162000.0
30102715,30102715-0,"CONSTRUCCION PARQUE URBANO EL TRAPICHE, SEGUNDA ETAPA.PEÑAFLOR",PROYECTO,VIVIENDA Y DESARROLLO URBANO,DESARROLLO URBANO,PERFIL,0,2014,,PEÑAFLOR,F.N.D.R.,3805719000.0,3805.719,,84910.0,FI,Falta información (FI),False,MUNICIPALIDAD DE PEÑAFLOR,False,2011,2014,3805719000.0
30102927,30102927-0,"CONSTRUCCION COLECTOR AGUAS LLUVIAS AV.SANTA RAQUEL, LA FLORIDA",PROYECTO,RECURSOS HIDRICOS,AGUAS LLUVIAS,EJECUCION,0,2015,,LA FLORIDA,F.N.D.R.,1384061000.0,1384.061,,75000.0,FI,Falta información (FI),False,MUNICIPALIDAD DE LA FLORIDA,False,2011,2015,1384061000.0
30102964,30102964-0,"CONSTRUCCION DE CICLOVIA SECTOR CERRILLOS, COMUNA DE CURACAVI",PROYECTO,TRANSPORTE,TRANSPORTE CAMINERO,PERFIL,0,2015,,CURACAVI,F.N.D.R.,759167000.0,759.167,,2000.0,RS,Recomendado (RS),True,MUNICIPALIDAD DE CURACAVI,False,2014,2015,759167000.0
30103179,30103179-0,"CONSTRUCCION OBRAS DE URBANIZACION Y CASETAS SANITARIAS, ANTUCO",PROYECTO,VIVIENDA Y DESARROLLO URBANO,SOLUCION HABITACIONAL PARCIAL O COMPLEMENTARIA,EJECUCION,0,2014,,ANTUCO,F.N.D.R.,5241390000.0,5241.39,,2389.0,RS,Recomendado (RS),True,MUNICIPALIDAD DE ANTUCO,False,2011,2014,5241390000.0
30103210,30103210-0,"CONSTRUCCION CASETAS SANITARIAS SECTOR PUNTA DE PARRA, TOME",PROYECTO,VIVIENDA Y DESARROLLO URBANO,SOLUCION HABITACIONAL PARCIAL O COMPLEMENTARIA,EJECUCION,0,2015,,TOME,F.N.D.R.,1721395000.0,1721.395,,984.0,RS,Recomendado (RS),True,MUNICIPALIDAD DE TOME,False,2011,2015,2528971000.0
30103215,30103215-0,CONSTRUCCION PARQUE RIBERA RIO BIO BIO CHIGUAYANTE,PROYECTO,VIVIENDA Y DESARROLLO URBANO,DESARROLLO URBANO,EJECUCION,0,2015,,CHIGUAYANTE,F.N.D.R.,1784013000.0,1784.013,,33325.0,RS,Recomendado (RS),True,MUNICIPALIDAD DE CHIGUAYANTE,False,2011,2015,1784013000.0
30103323,30103323-0,CONSTRUCCION CIERRE EX VERTEDERO MUNICIPAL DE LOS MUERMOS,PROYECTO,RECURSOS NATURALES Y MEDIO AMBIENTE,MEDIO AMBIENTE,EJECUCION,0,2015,,LOS MUERMOS,F.N.D.R.,198532000.0,198.532,,16964.0,RS,Recomendado (RS),True,MUNICIPALIDAD DE LOS MUERMOS,False,2011,2015,198532000.0
30103437,30103437-0,CONSTRUCCION DE CICLOVÍAS EN DICHATO COMUNA DE TOMÉ,PROYECTO,TRANSPORTE,"TRANSPORTE URBANO,VIALIDAD PEATONAL",PERFIL,0,2015,,TOME,F.N.D.R.,18754000.0,18.754,,3400.0,RS,Recomendado (RS),True,SEREMI VIVIENDA REGION DEL BIO BIO,False,2011,2015,36838000.0
30104476,30104476-0,CONSTRUCCION CIERRE VERTEDERO MUNICIPAL COMUNA DE PUERTO MONTT,PROYECTO,RECURSOS NATURALES Y MEDIO AMBIENTE,MEDIO AMBIENTE,EJECUCION,0,2018,,PUERTO MONTT,F.N.D.R.,1113394000.0,1113.394,,236693.0,RS,Recomendado (RS),True,MUNICIPALIDAD DE PUERTO MONTT,False,2011,2018,1856528000.0
30105540,30105540-0,REPOSICION DE TRANSFORMADORES CON PCB EN SAF METRO,PROYECTO,TRANSPORTE,"TRANSPORTE URBANO,VIALIDAD PEATONAL",EJECUCION,0,2015,METROPOLITANA DE SANTIAGO,,EMPRESA,891382000.0,891.382,,2.0,RS,Recomendado (RS),True,METRO S.A.,False,2011,2015,891382000.0
30105724,30105724-0,CONSTRUCCION OBRAS CONTROL ALUVIONAL Y CRECIDAS LIQUIDAS QUEB. RAMÓN,PROYECTO,RECURSOS HIDRICOS,"DEFENSAS FLUVIALES,MARITIMAS Y CAUCES NATURALES",DISEÑO,0,2013,,,SECTORIAL,504984000.0,504.984,,11957.0,RS,Recomendado (RS),True,DIRECCION DE OBRAS HIDRAULICAS MOP,False,2011,2013,504984000.0
30106078,30106078-0,CONSERVACION RED DE COLECTORES DE AGUAS LLUVIAS AÑO 2013 VI REGIÓN,PROYECTO,RECURSOS HIDRICOS,AGUAS LLUVIAS,EJECUCION,0,2015,L LIBERTADOR GENERAL,,SECTORIAL,608529000.0,608.529,,5500.0,,Sin evaluación,False,DIRECCION DE OBRAS HIDRAULICAS MOP REGION DEL LIBERTADOR GENERAL BERNARDO O'HIGGINS,False,2012,2015,608529000.0
30106289,30106289-0,CONSERVACION OBRAS POR SEQUÍA DE AP RURAL VALPARAÍSO,PROYECTO,RECURSOS HIDRICOS,AGUA POTABLE,EJECUCION,0,2015,VALPARAISO,,SECTORIAL,20997144000.0,20997.144,,6047.0,,Sin evaluación,False,AGUA POTABLE RURAL MOP,False,2011,2015,22021693000.0
30106353,30106353-0,HABILITACION CORREDOR DE TRANSPORTE PÚBLICO SANTA ROSA SUR EXTENSIÓN,PROYECTO,TRANSPORTE,"TRANSPORTE URBANO,VIALIDAD PEATONAL",EJECUCION,0,2013,METROPOLITANA DE SANTIAGO,,SECTORIAL,269465000.0,269.465,,300000.0,RS,Recomendado (RS),True,SEREMI VIVIENDA REGION METROPOLITANA DE SANTIAGO,False,2011,2013,269465000.0
30106430,30106430-0,"CONSTRUCCION COLECTOR AGUAS LLUVIAS SANTIAGO BUERAS, COMUNA VALDIVIA",PROYECTO,RECURSOS HIDRICOS,AGUAS LLUVIAS,EJECUCION,0,2013,,VALDIVIA - REGION XIV,SECTORIAL,61877000.0,61.877,,25000.0,RS,Recomendado (RS),True,DIRECCION DE OBRAS HIDRAULICAS MOP REGION DE LOS RIOS,False,2011,2013,61877000.0
30106902,30106902-0,CONSTRUCCION CICLOVIAS COMUNA DE SAN ANTONIO,PROYECTO,TRANSPORTE,TRANSPORTE CAMINERO,PREFACTIBILIDAD,0,2016,,SAN ANTONIO,F.N.D.R.,67982000.0,67.982,,94164.0,RS,Recomendado (RS),True,MUNICIPALIDAD DE SAN ANTONIO,False,2012,2016,67982000.0
30106969,30106969-0,CONSTRUCCION CICLOVIA AVDA. LIBERTAD DE CHILLÁN,PROYECTO,TRANSPORTE,"TRANSPORTE URBANO,VIALIDAD PEATONAL",EJECUCION,0,2016,,CHILLAN - REGION DE ÑUBLE,F.N.D.R.,248217000.0,248.217,,172225.0,RS,Recomendado (RS),True,MUNICIPALIDAD DE CHILLAN,False,2012,2016,248217000.0
30106972,30106972-0,"CONSTRUCCION CICLOVIA AVDA. ECUADOR, LOS PUELCHES Y OTROS, CHILLÁN",PROYECTO,TRANSPORTE,"TRANSPORTE URBANO,VIALIDAD PEATONAL",EJECUCION,0,2015,,CHILLAN - REGION DE ÑUBLE,F.N.D.R.,261210000.0,261.21,,4178.0,RS,Recomendado (RS),True,MUNICIPALIDAD DE CHILLAN,False,2012,2015,261210000.0
30107184,30107184-0,CONSTRUCCION CICLOVIA AVDA. BRASIL Y PRAT DE CHILLAN.,PROYECTO,TRANSPORTE,"TRANSPORTE URBANO,VIALIDAD PEATONAL",EJECUCION,0,2016,,CHILLAN - REGION DE ÑUBLE,F.N.D.R.,267458000.0,267.458,,77495.0,RS,Recomendado (RS),True,MUNICIPALIDAD DE CHILLAN,False,2012,2016,267458000.0
30107197,30107197-0,"CONSTRUCCION CICLOVIAS BARROS ARANA Y ALONSO DE ERCILLA, CHILLAN",PROYECTO,TRANSPORTE,"TRANSPORTE URBANO,VIALIDAD PEATONAL",PERFIL,0,2015,,CHILLAN - REGION DE ÑUBLE,F.N.D.R.,285866000.0,285.866,,68943.0,RS,Recomendado (RS),True,MUNICIPALIDAD DE CHILLAN,False,2012,2015,285866000.0
30107222,30107222-0,CONSTRUCCION CICLOVIA AVDA. LA CASTILLA-COLLIN DE CHILLÁN,PROYECTO,TRANSPORTE,"TRANSPORTE URBANO,VIALIDAD PEATONAL",EJECUCION,0,2016,,CHILLAN - REGION DE ÑUBLE,F.N.D.R.,330655000.0,330.655,,62111.0,RS,Recomendado (RS),True,MUNICIPALIDAD DE CHILLAN,False,2012,2016,330655000.0
30108094,30108094-0,"MEJORAMIENTO DEL RIEGO DE LA CUENCA DEL RIO TENO, REGION DEL MAULE",PROYECTO,RECURSOS HIDRICOS,RIEGO,PREFACTIBILIDAD,0,2014,L MAULE,,F.N.D.R.,740387000.0,740.387,,4500.0,RS,Recomendado (RS),True,DIRECCION DE OBRAS HIDRAULICAS MOP,False,2011,2014,740387000.0
30108268,30108268-0,CONSTRUCCION SOLUCIONES SANITARIAS LOCALIDAD INCA DE ORO,PROYECTO,VIVIENDA Y DESARROLLO URBANO,SOLUCION HABITACIONAL PARCIAL O COMPLEMENTARIA,EJECUCION,0,2014,,DIEGO DE ALMAGRO,F.N.D.R.,977943000.0,977.943,,355.0,RS,Recomendado (RS),True,MUNICIPALIDAD DE DIEGO DE ALMAGRO,False,2011,2014,977943000.0
30108556,30108556-0,CONSTRUCCION DEFENSAS FLUVIALES RÍO IBÁÑEZ,PROYECTO,RECURSOS HIDRICOS,"DEFENSAS FLUVIALES,MARITIMAS Y CAUCES NATURALES",EJECUCION,0,2015,,RIO IBAÑEZ,SECTORIAL,1518058000.0,1518.058,,1430.0,RS,Recomendado (RS),True,DIRECCION DE OBRAS HIDRAULICAS MOP REGION DE AISEN DEL GENERAL CARLOS IBAÑEZ DEL,False,2013,2015,1518058000.0
30109116,30109116-0,CONSTRUCCION CENTRO MANEJO RESIDUOS SÓLIDOS ISLA LAS HUICHAS,PROYECTO,RECURSOS NATURALES Y MEDIO AMBIENTE,MEDIO AMBIENTE,EJECUCION,0,2015,,AYSEN,F.N.D.R.,883406000.0,883.406,,1499.0,RS,Recomendado (RS),True,MUNICIPALIDAD DE AYSEN,False,2012,2015,883406000.0
30109352,30109352-0,CONSTRUCCION LINEA 6 Y LINEA 3 DE LA RED METRO S.A.,PROYECTO,TRANSPORTE,"TRANSPORTE URBANO,VIALIDAD PEATONAL",DISEÑO,0,2015,METROPOLITANA DE SANTIAGO,,EMPRESA,189256095000.0,189256.095,,103152000.0,RS,Recomendado (RS),True,METRO S.A.,False,2011,2015,189256095000.0
30109379,30109379-0,CONSTRUCCION CENTRO DE TRATAMIENTO Y DISPOSICIÓN FINAL RSD,PROYECTO,RECURSOS NATURALES Y MEDIO AMBIENTE,MEDIO AMBIENTE,EJECUCION,0,2014,,ANTOFAGASTA,F.N.D.R.,4218190000.0,4218.19,,392160.0,RS,Recomendado (RS),True,MUNICIPALIDAD DE ANTOFAGASTA,False,2011,2014,4218190000.0
30109452,30109452-0,CONSTRUCCION COLECTORES RED PRIMARIA DE AGUAS LLUVIAS PUERTO AYSÉN,PROYECTO,RECURSOS HIDRICOS,AGUAS LLUVIAS,EJECUCION,0,2015,,AYSEN,SECTORIAL,206294000.0,206.294,,9885.0,RS,Recomendado (RS),True,DIRECCION DE OBRAS HIDRAULICAS MOP REGION DE AISEN DEL GENERAL CARLOS IBAÑEZ DEL,False,2012,2015,206294000.0
30109506,30109506-0,CONSTRUCCION PLAN DE CIERRE VERTEDERO EL GALLO COMUNA ANDACOLLO,PROYECTO,RECURSOS NATURALES Y MEDIO AMBIENTE,MEDIO AMBIENTE,EJECUCION,0,2015,,ANDACOLLO,F.N.D.R.,583879000.0,583.879,,7920.0,RS,Recomendado (RS),True,MUNICIPALIDAD DE ANDACOLLO,False,2012,2015,583879000.0
30109555,30109555-0,"CONSTRUCCION INFRAESTRUCTURA SANITARIA LOCALIDAD CIRUELOS,MARIQUINA",PROYECTO,RECURSOS HIDRICOS,EVACUACION DISPOSICION FINAL AGUAS SERVIDAS,EJECUCION,0,2015,,SAN JOSE DE LA MARIQUINA -,F.N.D.R.,2447393000.0,2447.393,,758.0,RS,Recomendado (RS),True,MUNICIPALIDAD DE MARIQUINA REGION DE LOS RIOS,False,2012,2015,2447393000.0
30109564,30109564-0,"CONSTRUCCION INFRAESTRUCTURA SANITARIA ESTACION MARIQUINA, MARIQUINA",PROYECTO,VIVIENDA Y DESARROLLO URBANO,SOLUCION HABITACIONAL PARCIAL O COMPLEMENTARIA,EJECUCION,0,2015,,SAN JOSE DE LA MARIQUINA -,F.N.D.R.,2651285000.0,2651.285,,1108.0,RS,Recomendado (RS),True,MUNICIPALIDAD DE MARIQUINA REGION DE LOS RIOS,False,2012,2015,2651285000.0
30109585,30109585-0,REPARACION PAVIMENTACION Y AGUAS LLUVIAS ATRAVIESO C. LOS ROSALES,PROYECTO,TRANSPORTE,"TRANSPORTE URBANO,VIALIDAD PEATONAL",PERFIL,0,2019,,BUIN,F.N.D.R.,20043000.0,20.043,,7197.0,,Sin evaluación,False,MUNICIPALIDAD DE BUIN,False,2011,2019,20043000.0
30109652,30109652-0,"CONSTRUCCION MUROS CONTENCION Y DRENES VILLA 2001, VICTORIA",PROYECTO,VIVIENDA Y DESARROLLO URBANO,SOLUCION HABITACIONAL PARCIAL O COMPLEMENTARIA,EJECUCION,0,2015,,VICTORIA,SECTORIAL,215128000.0,215.128,,150.0,RS,Recomendado (RS),True,SEREMI VIVIENDA REGION DE LA ARAUCANIA,False,2012,2015,215128000.0
30109696,30109696-0,"CONSTRUCCION SOLUCIONES SANITARIAS LOCALIDAD DE BARRAZA, OVALLE",PROYECTO,VIVIENDA Y DESARROLLO URBANO,SOLUCION HABITACIONAL PARCIAL O COMPLEMENTARIA,PERFIL,0,2015,,OVALLE,F.N.D.R.,2357255000.0,2357.255,,900.0,RS,Recomendado (RS),True,MUNICIPALIDAD DE OVALLE,False,2013,2015,2357255000.0
30110140,30110140-0,CONSTRUCCION CICLOVIA EN EL CENTRO HISTORICO DE MAIPU,PROYECTO,TRANSPORTE,INTERSUBSECTORIAL TRANSPORTE,PERFIL,0,2017,,MAIPU,F.N.D.R.,1275067000.0,1275.067,,64000.0,FI,Falta información (FI),False,MUNICIPALIDAD DE MAIPU,False,2013,2017,1275067000.0
30110910,30110910-0,"CONSERVACION ÁREAS VERDES EN SECTORES MÁS DETERIORADOS, LA CISTERNA",PROYECTO,VIVIENDA Y DESARROLLO URBANO,DESARROLLO URBANO,EJECUCION,0,2014,,LA CISTERNA,F.N.D.R.,526375000.0,526.375,,42649.0,,Sin evaluación,False,MUNICIPALIDAD DE LA CISTERNA,False,2011,2014,526375000.0
30111115,30111115-0,HABILITACION CORREDOR DE TRANSPORTE PÚBLICO INDEPENDENCIA,PROYECTO,TRANSPORTE,"TRANSPORTE URBANO,VIALIDAD PEATONAL",DISEÑO,0,2015,METROPOLITANA DE SANTIAGO,,SECTORIAL,602078000.0,602.078,,500000.0,RS,Recomendado (RS),True,DIRECTORIO DE TRANSPORTE DE SANTIAGO,False,2011,2015,602078000.0
30112230,30112230-0,ADQUISICION DE 108 COCHES PARA RED NEUMATICA METRO S.A.,PROYECTO,TRANSPORTE,"TRANSPORTE URBANO,VIALIDAD PEATONAL",EJECUCION,0,2015,METROPOLITANA DE SANTIAGO,,EMPRESA,144916042000.0,144916.042,,2.0,RS,Recomendado (RS),True,METRO S.A.,False,2011,2015,144916042000.0
30112477,30112477-0,"MEJORAMIENTO SISTEMA AGUAS LLUVIAS R. CASTRO Y L. SOTO, LOS ANGELES",PROYECTO,RECURSOS HIDRICOS,AGUAS LLUVIAS,EJECUCION,0,2015,,LOS ANGELES,SECTORIAL,308881000.0,308.881,,306.0,RS,Recomendado (RS),True,SEREMI VIVIENDA REGION DEL BIO BIO,False,2012,2015,308881000.0
30112768,30112768-0,HABILITACION MIGRACIÓN TARJETA MIFARE CLASSIC A MIFARE PLUS,PROYECTO,TRANSPORTE,TRANSPORTE FERROVIARIO,EJECUCION,0,2015,VALPARAISO,,EMPRESA,224701000.0,224.701,,64000.0,RS,Recomendado (RS),True,EMPRESA DE FERROCARRILES DEL ESTADO,False,2011,2015,224701000.0
30112916,30112916-0,"CONSTRUCCION ÁREA VERDE GABRIELA MISTRAL, CONCEPCIÓN",PROYECTO,VIVIENDA Y DESARROLLO URBANO,DESARROLLO URBANO,EJECUCION,0,2023,,CONCEPCION,F.N.D.R.,372011000.0,372.011,,20078.0,RS,Recomendado (RS),True,MUNICIPALIDAD DE CONCEPCION,False,2017,2023,372011000.0
30113148,30113148-0,"CONSTRUCCION DE CICLOVIAS V ETAPA, VI REGIÓN",PROYECTO,TRANSPORTE,TRANSPORTE CAMINERO,DISEÑO,0,2016,L LIBERTADOR GENERAL,,SECTORIAL,203293000.0,203.293,,0.0,RS,Recomendado (RS),True,VIALIDAD MOP REGION DEL LIBERTADOR GENERAL BERNARDO O'HIGGINS,False,2012,2016,215906000.0
30113250,30113250-0,CONSTRUCCION CICLOVIA RUTA 060 CABRERO-MONTEAGUILA,PROYECTO,TRANSPORTE,TRANSPORTE CAMINERO,EJECUCION,0,2016,,CABRERO,SECTORIAL,2289597000.0,2289.597,,18000.0,RS,Recomendado (RS),True,SEREMI VIVIENDA REGION DEL BIO BIO,False,2012,2016,2289597000.0
30113715,30113715-0,REPOSICION RED HIDROMETRICA CUENCA RIO HUASCO,PROYECTO,RECURSOS HIDRICOS,RECURSOS HIDRICOS,EJECUCION,0,2018,ATACAMA,,SECTORIAL,833305000.0,833.305,,72719.0,RS,Recomendado (RS),True,DIRECCION GENERAL DE AGUAS MOP,False,2011,2018,1817042000.0
30114697,30114697-0,"CONSTRUCCION ESTACIÓN TRANSFERENCIA RESIDUOS SÓLIDOS,CONSTITUCION.",PROYECTO,RECURSOS NATURALES Y MEDIO AMBIENTE,MEDIO AMBIENTE,EJECUCION,0,2014,,CONSTITUCION,F.N.D.R.,107123000.0,107.123,,58582.0,RS,Recomendado (RS),True,MUNICIPALIDAD DE CONSTITUCION,False,2012,2014,107123000.0
30114699,30114699-0,"CONSTRUCCION SIST. DRENAJE AALL ELVIRA RUBÍN VILLA, PTA ARENAS",PROYECTO,RECURSOS HIDRICOS,AGUAS LLUVIAS,EJECUCION,0,2015,,PUNTA ARENAS,F.N.D.R.,1061203000.0,1061.203,,,RS,Recomendado (RS),True,DIRECCION DE OBRAS HIDRAULICAS MOP REGION DE MAGALLANES Y ANTARTICA CHILENA,False,2011,2015,1061203000.0
30114985,30114985-0,TRANSFERENCIA PROGRAMA DE PRODUCCION Y COMER. DE LEÑA DE CALIDAD,PROGRAMA,RECURSOS NATURALES Y MEDIO AMBIENTE,SILVICULTURA,PERFIL,0,2015,LOS RIOS,,F.N.D.R.,107101000.0,107.101,204484.88,,,Sin evaluación,False,SEREMI AGRICULTURA REGION DE LOS RIOS,False,2012,2015,107101000.0
30115264,30115264-0,"CONSTRUCCION SISTEMA DE AGUAS LLUVIAS BARON DE JURAS, CONCHALÍ",PROYECTO,RECURSOS HIDRICOS,AGUAS LLUVIAS,EJECUCION,1,2012,METROPOLITANA DE SANTIAGO,,SECTORIAL,3934706000.0,3934.706,,29375.0,RS,Recomendado (RS),True,DIRECCION DE OBRAS HIDRAULICAS MOP,False,2011,2012,3934706000.0
30115587,30115587-0,CONSTRUCCION SISTEMAS DE GENERACION FOTOVOLTAICA PROV. CAPITAN PRAT,PROYECTO,ENERGIA,AUTOGENERACION,EJECUCION,0,2015,,,F.N.D.R.,792504000.0,792.504,,120.0,RS,Recomendado (RS),True,GOBIERNO REGIONAL - REGION DE AISEN DEL GENERAL CARLOS IBAÑEZ DEL CAMPO,False,2012,2015,792504000.0
30116001,30116001-0,CONSTRUCCION 16 DEFENSAS FLUVIALES DE PUENTES,PROYECTO,TRANSPORTE,TRANSPORTE FERROVIARIO,EJECUCION,0,2015,,,EMPRESA,7331183000.0,7331.183,,500000.0,RS,Recomendado (RS),True,EMPRESA DE FERROCARRILES DEL ESTADO,False,2011,2015,7331183000.0
30116378,30116378-0,CONSTRUCCION SERVICIO PASAJEROS RANCAGUA EXPRESS,PROYECTO,TRANSPORTE,TRANSPORTE FERROVIARIO,EJECUCION,0,2012,,,EMPRESA,2112490000.0,2112.49,,130000.0,RS,Recomendado (RS),True,EMPRESA DE FERROCARRILES DEL ESTADO,False,2011,2012,2112490000.0
30116613,30116613-0,"CONSTRUCCION TALUDES Y OTROS, ALTO LOS PADRES, CIUDAD DE ARAUCO",PROYECTO,VIVIENDA Y DESARROLLO URBANO,INTERSUBSECTORIAL VIVIENDA Y DESARROLLO URBANO,EJECUCION,0,2015,,ARAUCO,F.N.D.R.,169824000.0,169.824,,500.0,RS,Recomendado (RS),True,MUNICIPALIDAD DE ARAUCO,False,2011,2015,169824000.0
30116875,30116875-0,"TRANSFERENCIA TEC EN MANEJO DE BOSQUE NATIVO, COMO EJE PROD DE AYSÉN",PROGRAMA,RECURSOS NATURALES Y MEDIO AMBIENTE,SILVICULTURA,EJECUCION,0,2015,AISEN DEL GENERAL CARLOS,,F.N.D.R.,425793000.0,425.793,812954.41,,,Sin evaluación,False,CORPORACION NACIONAL FORESTAL REGION DE AISEN DEL GENERAL CARLOS IBAÑEZ DEL CAMPO,False,2012,2015,425793000.0
30117002,30117002-0,"CONSTRUCCION ESTABILIZACIÓN TALUD V. HERMOSA, SECTOR BOCO, QUILLOTA",PROYECTO,VIVIENDA Y DESARROLLO URBANO,DESARROLLO URBANO,EJECUCION,0,2015,,QUILLOTA,F.N.D.R.,132105000.0,132.105,,8030.0,RS,Recomendado (RS),True,MUNICIPALIDAD DE QUILLOTA,False,2012,2015,132105000.0
30117066,30117066-0,CONSTRUCCION COLECTOR AGUAS LLUVIAS QUEBRADA ROBLERIA VALPARAISO,PROYECTO,RECURSOS HIDRICOS,AGUAS LLUVIAS,PERFIL,0,2015,,VALPARAISO,F.N.D.R.,494287000.0,494.287,,2082.0,OT,Objetado técnicamente (OT),False,MUNICIPALIDAD DE VALPARAISO,False,2012,2015,494287000.0
30117096,30117096-0,"FORESTACION GERMOPLASMA DE INTERES FORESTAL, XII REGION",PROGRAMA,RECURSOS NATURALES Y MEDIO AMBIENTE,SILVICULTURA,EJECUCION,0,2015,MAGALLANES Y ANTARTICA,,F.N.D.R.,243709000.0,243.709,465306.63,,,Sin evaluación,False,GOBIERNO REGIONAL - REGION DE MAGALLANES Y ANTARTICA CHILENA,False,2011,2015,319540000.0
30117333,30117333-0,REPARACION SEGURIDAD INFRAESTRUCTURA FERROVIARIA VI - IX REGIÓN,PROYECTO,TRANSPORTE,TRANSPORTE FERROVIARIO,EJECUCION,0,2014,,,EMPRESA,569188000.0,569.188,,300000.0,RS,Recomendado (RS),True,EMPRESA DE FERROCARRILES DEL ESTADO,False,2011,2014,569188000.0
30117946,30117946-0,"CONSERVACION OBRAS DE REGADÍO SEQUÍA, V REGIÓN",PROYECTO,RECURSOS HIDRICOS,RIEGO,EJECUCION,0,2015,VALPARAISO,,SECTORIAL,33747495000.0,33747.495,,2000.0,,Sin evaluación,False,DIRECCION DE OBRAS HIDRAULICAS MOP,False,2011,2015,33747495000.0
30117947,30117947-0,CONSERVACION OBRAS DE REGADIO SEQUÍA IV REGIÓN,PROYECTO,RECURSOS HIDRICOS,RIEGO,EJECUCION,0,2015,COQUIMBO,,SECTORIAL,7159912000.0,7159.912,,2000.0,,Sin evaluación,False,DIRECCION DE OBRAS HIDRAULICAS MOP,False,2011,2015,7159912000.0
30118215,30118215-0,TRANSFERENCIA CONCURSO COMPLEMENTARIO LEY 18450 RIEGO Y DRENAJE RM,PROGRAMA,RECURSOS HIDRICOS,RIEGO,PERFIL,0,2015,METROPOLITANA DE SANTIAGO,,F.N.D.R.,1434028000.0,1434.028,2737948.68,2500.0,,Sin evaluación,False,SEREMI AGRICULTURA REGION METROPOLITANA DE SANTIAGO,False,2012,2015,3155193000.0
30118345,30118345-0,CONSTRUCCION CENTRO DE RECICLAJE COMUNAL - CRC LA REINA,PROYECTO,RECURSOS NATURALES Y MEDIO AMBIENTE,MEDIO AMBIENTE,PERFIL,0,2016,,LA REINA,F.N.D.R.,664501000.0,664.501,,95516.0,FI,Falta información (FI),False,MUNICIPALIDAD DE LA REINA,False,2012,2016,664501000.0
30118455,30118455-0,NORMALIZACION DE DESVIOS DE CARGA EN ESTACIONES DE EFE,PROYECTO,TRANSPORTE,TRANSPORTE FERROVIARIO,EJECUCION,0,2016,,,EMPRESA,5607505000.0,5607.505,,4000.0,RS,Recomendado (RS),True,EMPRESA DE FERROCARRILES DEL ESTADO,False,2012,2016,5607505000.0
30118664,30118664-0,"CONSTRUCCION SISTEMA EVACUAC AGUAS LLUVIAS Y MURO P.JARAQUEMADA, CUR",PROYECTO,RECURSOS HIDRICOS,AGUAS LLUVIAS,PERFIL,0,2014,,CURANILAHUE,F.N.D.R.,59051000.0,59.051,,900.0,,Sin evaluación,False,MUNICIPALIDAD DE CURANILAHUE,False,2011,2014,59051000.0
30118762,30118762-0,CONSTRUCCION PLAN DE CIERRE VERTEDERO MUNICIPAL DE VILCÚN,PROYECTO,RECURSOS NATURALES Y MEDIO AMBIENTE,MEDIO AMBIENTE,DISEÑO,0,2016,,VILCUN,F.N.D.R.,49040000.0,49.04,,13672.0,RS,Recomendado (RS),True,MUNICIPALIDAD DE VILCUN,False,2012,2016,49040000.0
30118821,30118821-0,HABILITACION RAMAL FERROVIARIO TALCA - CONSTITUCIÓN,PROYECTO,TRANSPORTE,TRANSPORTE FERROVIARIO,EJECUCION,0,2016,L MAULE,,EMPRESA,5593316000.0,5593.316,,50000.0,RS,Recomendado (RS),True,EMPRESA DE FERROCARRILES DEL ESTADO,False,2012,2016,5593316000.0
30119312,30119312-0,HABILITACION DE UN SISTEMA DE CONTROL TRAFICO PARA EL FCALP,PROYECTO,TRANSPORTE,TRANSPORTE FERROVIARIO,EJECUCION,0,2014,ARICA Y PARINACOTA,,EMPRESA,1363387000.0,1363.387,,15000.0,RS,Recomendado (RS),True,EMPRESA DE FERROCARRILES DEL ESTADO,False,2012,2014,1363387000.0
30119536,30119536-0,ADQUISICION CONTENEDORES DE BASURA COMUNA DE RENCA,PROYECTO,RECURSOS NATURALES Y MEDIO AMBIENTE,MEDIO AMBIENTE,PERFIL,0,2016,,RENCA,F.N.D.R.,1134994000.0,1134.994,,144163.0,,Sin evaluación,False,MUNICIPALIDAD DE RENCA,False,2012,2016,1134994000.0
30120044,30120044-0,CONSTRUCCION OBRAS DE AGUAS LLUVIAS SECTOR SUR ORIENTE SANTIAGO,PROYECTO,RECURSOS HIDRICOS,AGUAS LLUVIAS,FACTIBILIDAD,0,2015,METROPOLITANA DE SANTIAGO,,SECTORIAL,439224000.0,439.224,,390000.0,RS,Recomendado (RS),True,DIRECCION DE OBRAS HIDRAULICAS MOP,False,2012,2015,439224000.0
30120090,30120090-0,"CONSTRUCCION SISTEMA DE AGUAS LLUVIAS QUILQUE, LOS ANGELES, VIII REGIÓN",PROYECTO,RECURSOS HIDRICOS,AGUAS LLUVIAS,EJECUCION,0,2021,,LOS ANGELES,SECTORIAL,36250179000.0,36250.179,,123445.0,FI,Falta información (FI),False,DIRECCION DE OBRAS HIDRAULICAS MOP,False,2012,2021,36250179000.0
30120105,30120105-0,MEJORAMIENTO VIA FERREA TRAMO SAN PEDRO - VENTANAS,PROYECTO,TRANSPORTE,TRANSPORTE FERROVIARIO,EJECUCION,0,2016,VALPARAISO,,EMPRESA,14113163000.0,14113.163,,40000.0,RS,Recomendado (RS),True,EMPRESA DE FERROCARRILES DEL ESTADO,False,2012,2016,14113163000.0
30120323,30120323-0,"CONSTRUCCION CRUCE FERROVIARIO CALLE ERASMO OVANDO, LAUTARO",PROYECTO,TRANSPORTE,"TRANSPORTE URBANO,VIALIDAD PEATONAL",EJECUCION,0,2017,,LAUTARO,F.N.D.R.,341990000.0,341.99,,21000.0,RS,Recomendado (RS),True,MUNICIPALIDAD DE LAUTARO,False,2014,2017,342313000.0
30120337,30120337-0,CONSTRUCCION BIOPLANTA DE COMPOSTAJE Y LOMBRICULTURA LOS ANDES,PROYECTO,RECURSOS NATURALES Y MEDIO AMBIENTE,MEDIO AMBIENTE,PERFIL,0,2015,,LOS ANDES,F.N.D.R.,33003000.0,33.003,,22523.0,RS,Recomendado (RS),True,MUNICIPALIDAD DE LOS ANDES,False,2012,2015,33003000.0
30121579,30121579-0,CONSERVACION INFRAESTRUCTURA FERROVIARIA CPIF ZONA NORTE 2012 ¿ 2014,PROYECTO,TRANSPORTE,TRANSPORTE FERROVIARIO,,0,2015,,,EMPRESA,6128378000.0,6128.378,,4000.0,RS,Recomendado (RS),True,EMPRESA DE FERROCARRILES DEL ESTADO,False,2012,2015,6128378000.0
30121585,30121585-0,CONSERVACION INFRAESTRUCTURA FERROVIARIA CPIF ZONA CENTRO 2012-2014,PROYECTO,TRANSPORTE,TRANSPORTE FERROVIARIO,,0,2015,,,EMPRESA,14626405000.0,14626.405,,4000.0,RS,Recomendado (RS),True,EMPRESA DE FERROCARRILES DEL ESTADO,False,2012,2015,14626405000.0
30121760,30121760-0,"CONSERVACION DE RIBERAS IV REGIÓN, (2013-2015)",PROYECTO,RECURSOS HIDRICOS,"DEFENSAS FLUVIALES,MARITIMAS Y CAUCES NATURALES",EJECUCION,0,2017,COQUIMBO,,SECTORIAL,2908520000.0,2908.52,,1500.0,,Sin evaluación,False,DIRECCION DE OBRAS HIDRAULICAS MOP,False,2013,2017,2908520000.0
30121830,30121830-0,RECUPERACION CAUDALES POR EST. PRECIPITACIONES VI REGIÓN.,PROGRAMA,RECURSOS NATURALES Y MEDIO AMBIENTE,AGRICULTURA,EJECUCION,0,2015,L LIBERTADOR GENERAL,,F.N.D.R.,421224000.0,421.224,804230.95,,RS,Recomendado (RS),True,SEREMI AGRICULTURA REGION DEL LIBERTADOR GENERAL BERNARDO O'HIGGINS,False,2012,2015,421224000.0
30121838,30121838-0,MEJORAMIENTO RED FERROVIARIA SISTEMAS DE MOVILIZACION,PROYECTO,TRANSPORTE,TRANSPORTE FERROVIARIO,EJECUCION,0,2015,,,EMPRESA,177514000.0,177.514,,8000.0,RS,Recomendado (RS),True,EMPRESA DE FERROCARRILES DEL ESTADO,False,2012,2015,177514000.0
30121873,30121873-0,CONSERVACION SISTEMAS DE AGUAS LLUVIAS REGION DEL BIOBIO 2013 - 2014,PROYECTO,RECURSOS HIDRICOS,AGUAS LLUVIAS,EJECUCION,0,2016,L BIO BIO,,SECTORIAL,7742923000.0,7742.923,,300.0,,Sin evaluación,False,DIRECCION DE OBRAS HIDRAULICAS MOP REGION DEL BIO BIO,False,2013,2016,7742923000.0
30121973,30121973-0,CONSERVACION SISTEMA DE ALCANTARILLADO DE AGUAS LLUVIAS,PROYECTO,RECURSOS HIDRICOS,EVACUACION DISPOSICION FINAL AGUAS SERVIDAS,EJECUCION,0,2015,L MAULE,,SECTORIAL,738751000.0,738.751,,360000.0,,Sin evaluación,False,DIRECCION DE OBRAS HIDRAULICAS MOP REGION DEL MAULE,False,2013,2015,738751000.0
30122153,30122153-0,REPOSICION ESCALERAS MECANICAS ESTACIONES METRO (FASE III),PROYECTO,TRANSPORTE,"TRANSPORTE URBANO,VIALIDAD PEATONAL",EJECUCION,0,2016,METROPOLITANA DE SANTIAGO,,EMPRESA,1572107000.0,1572.107,,2.0,RS,Recomendado (RS),True,METRO S.A.,False,2012,2016,1583037000.0
30123236,30123236-0,CONSTRUCCION RED DE TRANSMISIÓN DE DATOS EFE,PROYECTO,TRANSPORTE,TRANSPORTE FERROVIARIO,EJECUCION,0,2015,,,EMPRESA,175966000.0,175.966,,8000.0,RS,Recomendado (RS),True,EMPRESA DE FERROCARRILES DEL ESTADO,False,2012,2015,175966000.0
30123280,30123280-0,HABILITACION SISTEMA DE INFORMACIÓN GEOGRÁFICA DE INFRAESTRUCTURA,PROYECTO,TRANSPORTE,TRANSPORTE FERROVIARIO,EJECUCION,0,2014,,,EMPRESA,475728000.0,475.728,,8000.0,RS,Recomendado (RS),True,EMPRESA DE FERROCARRILES DEL ESTADO,False,2012,2014,475728000.0
30123523,30123523-0,"CONSTRUCCION COLECTOR AGUAS LLUVIAS CENTRO SUR DE RENGO, RENGO",PROYECTO,RECURSOS HIDRICOS,AGUAS LLUVIAS,PREFACTIBILIDAD,0,2015,,RENGO,SECTORIAL,259591000.0,259.591,,36173.0,RS,Recomendado (RS),True,DIRECCION DE OBRAS HIDRAULICAS MOP REGION DEL LIBERTADOR GENERAL BERNARDO O'HIGGINS,False,2014,2015,259591000.0
30123598,30123598-0,CAPACITACION COMPOSTAJE PARA RES. SOL. ORG. DOM. EN LA REGION,PROGRAMA,RECURSOS NATURALES Y MEDIO AMBIENTE,MEDIO AMBIENTE,EJECUCION,0,2018,MAGALLANES Y ANTARTICA,,F.N.D.R.,231500000.0,231.5,346925.62,,,Sin evaluación,False,GOBIERNO REGIONAL - REGION DE MAGALLANES Y ANTARTICA CHILENA,False,2012,2018,231500000.0
30123633,30123633-0,CONSTRUCCION CORREDOR TRANSP. PUBLICO COLON: PERALES - ALESSANDRI,PROYECTO,TRANSPORTE,"TRANSPORTE URBANO,VIALIDAD PEATONAL",EJECUCION,1,2016,,TALCAHUANO,SECTORIAL,26100161000.0,26100.161,,350000.0,RS,Recomendado (RS),True,SEREMI VIVIENDA REGION DEL BIO BIO,False,2012,2016,26442028000.0
30123647,30123647-0,CONSTRUCCION CORREDOR TRANSP. PUBLICO 21 DE MAYO: ALESSANDRI-VICUÑA,PROYECTO,TRANSPORTE,"TRANSPORTE URBANO,VIALIDAD PEATONAL",EJECUCION,0,2015,,CONCEPCION,SECTORIAL,17006271000.0,17006.271,,350000.0,RS,Recomendado (RS),True,SEREMI VIVIENDA REGION DEL BIO BIO,False,2012,2015,17006271000.0
30123672,30123672-0,CONSTRUCCION CORREDOR TRANSP. PUBLICO CORONEL: P. AGUIRRE - E. MANCO,PROYECTO,TRANSPORTE,"TRANSPORTE URBANO,VIALIDAD PEATONAL",EJECUCION,0,2015,,CORONEL,SECTORIAL,16611344000.0,16611.344,,95000.0,IN,Incumplimiento (IN),False,SEREMI VIVIENDA REGION DEL BIO BIO,False,2012,2015,25680599000.0
30123709,30123709-0,REPOSICION MATERIAL RODANTE SERVICIO PASAJEROS SANTIAGO - RANCAGUA,PROYECTO,TRANSPORTE,TRANSPORTE FERROVIARIO,EJECUCION,0,2015,,,EMPRESA,39468802000.0,39468.802,,7000000.0,RS,Recomendado (RS),True,EMPRESA DE FERROCARRILES DEL ESTADO,False,2012,2015,39468802000.0
30123907,30123907-0,"CONSTRUCCION SANEAMIENTO SANITARIO INTEGRAL, LOCALIDAD HUILLINCO",PROYECTO,VIVIENDA Y DESARROLLO URBANO,SOLUCION HABITACIONAL PARCIAL O COMPLEMENTARIA,PERFIL,0,2017,,CAÑETE,F.N.D.R.,3676698000.0,3676.698,,1200.0,OT,Objetado técnicamente (OT),False,MUNICIPALIDAD DE CAÑETE,False,2012,2017,3676698000.0
30124002,30124002-0,"CONSTRUCCION CICLOVIA RUTA U-99-V S:NOCHACO-CASCADAS, PTO.OCTAY",PROYECTO,TRANSPORTE,TRANSPORTE CAMINERO,DISEÑO,0,2015,,PUERTO OCTAY,SECTORIAL,105070000.0,105.07,,1000.0,RS,Recomendado (RS),True,VIALIDAD MOP REGION DE LOS LAGOS,False,2013,2015,105070000.0
30124158,30124158-0,"CONSTRUCCION PARQUE URBANO ISLA CAUTIN, TEMUCO",PROYECTO,VIVIENDA Y DESARROLLO URBANO,DESARROLLO URBANO,EJECUCION,0,2016,,TEMUCO,SECTORIAL,222691000.0,222.691,,,RS,Recomendado (RS),True,SEREMI VIVIENDA REGION DE LA ARAUCANIA,False,2012,2016,222691000.0
30124358,30124358-0,HABILITACION SEÑALIZACIÓN LINEA LA VIEJA PUERTO VALPARAÍSO,PROYECTO,TRANSPORTE,TRANSPORTE FERROVIARIO,EJECUCION,0,2015,VALPARAISO,,EMPRESA,578418000.0,578.418,,2000000.0,RS,Recomendado (RS),True,EMPRESA DE FERROCARRILES DEL ESTADO,False,2012,2015,578418000.0
30124512,30124512-0,CONSTRUCCION SOLUCIONES SANITARIAS RECOLETA OVALLE,PROYECTO,RECURSOS HIDRICOS,EVACUACION DISPOSICION FINAL AGUAS SERVIDAS,EJECUCION,0,2017,,OVALLE,F.N.D.R.,1727538000.0,1727.538,,560.0,RS,Recomendado (RS),True,MUNICIPALIDAD DE OVALLE,False,2013,2017,1727538000.0
30124532,30124532-0,"CONSTRUCCION CICLOVIA RUTA H-111 SECTOR LOS LAGARTOS, MOSTAZAL",PROYECTO,TRANSPORTE,TRANSPORTE CAMINERO,PERFIL,0,2019,,MOSTAZAL,F.N.D.R.,612064000.0,612.064,,19500.0,,Sin evaluación,False,MUNICIPALIDAD DE MOSTAZAL,False,2013,2019,701656000.0
30124535,30124535-0,"CONSTRUCCION CASETAS SANITARIAS SECTOR EL ROBLE, MOSTAZAL",PROYECTO,RECURSOS HIDRICOS,INTERSUBSECTORIAL RECURSOS HIDRICOS,PERFIL,0,2022,,MOSTAZAL,F.N.D.R.,2571705000.0,2571.705,,552.0,,Sin evaluación,False,MUNICIPALIDAD DE MOSTAZAL,False,2013,2022,3464034000.0
30124660,30124660-0,"CONSTRUCCION COLECTOR DE AGUAS LLUVIAS LOS ALAMOS, CONCON",PROYECTO,RECURSOS HIDRICOS,AGUAS LLUVIAS,EJECUCION,0,2016,,CONCON,F.N.D.R.,1369933000.0,1369.933,,13635.0,RS,Recomendado (RS),True,MUNICIPALIDAD DE CONCON,False,2012,2016,1369933000.0
30124675,30124675-0,"CONSTRUCCION MUROS DE CONTENCION ENTRE VIVIENDAS, A.HOSPICIO",PROYECTO,VIVIENDA Y DESARROLLO URBANO,SOLUCION HABITACIONAL PARCIAL O COMPLEMENTARIA,EJECUCION,0,2015,,ALTO HOSPICIO,SECTORIAL,314186000.0,314.186,,208.0,RS,Recomendado (RS),True,SEREMI VIVIENDA REGION DE TARAPACA,False,2013,2015,327223000.0
30124868,30124868-0,NORMALIZACION VÍA FÉRREA TRAMO CORONEL - HORCONES (ESTÁNDAR A),PROYECTO,TRANSPORTE,TRANSPORTE FERROVIARIO,EJECUCION,0,2015,L BIO BIO,,EMPRESA,4194354000.0,4194.354,,2000000.0,RS,Recomendado (RS),True,EMPRESA DE FERROCARRILES DEL ESTADO,False,2012,2015,4194354000.0
30124993,30124993-0,CONSTRUCCION COLECTOR DE AGUAS LLUVIAS CALLE CUATRO,PROYECTO,RECURSOS HIDRICOS,AGUAS LLUVIAS,EJECUCION,0,2016,,CONCON,F.N.D.R.,1670894000.0,1670.894,,10298.0,RS,Recomendado (RS),True,MUNICIPALIDAD DE CONCON,False,2012,2016,1670894000.0
30125387,30125387-0,CONSTRUCCION MICROCENTRAL HIDROELECTRICA PUERTO GAVIOTA,PROYECTO,ENERGIA,AUTOGENERACION,EJECUCION,0,2018,,CISNES,F.N.D.R.,1754198000.0,1754.198,,120.0,RS,Recomendado (RS),True,SEREMI DE ENERGIA REGION DE AISEN DEL GENERAL CARLOS IBAÑEZ DEL CAMPO,False,2013,2018,1754198000.0
30125423,30125423-0,"CONSTRUCCION SOLUCIONES SANITARIAS SECTOR LA QUINTA, LONGAVI",PROYECTO,VIVIENDA Y DESARROLLO URBANO,SOLUCION HABITACIONAL PARCIAL O COMPLEMENTARIA,PERFIL,0,2016,,LONGAVI,F.N.D.R.,1874074000.0,1874.074,,900.0,FI,Falta información (FI),False,MUNICIPALIDAD DE LONGAVI,False,2013,2016,1874074000.0
30125426,30125426-0,"CONSTRUCCION INFRAESTRUCTURAS SANITARIAS BELLAVISTA, VILLARRICA",PROYECTO,VIVIENDA Y DESARROLLO URBANO,SOLUCION HABITACIONAL PARCIAL O COMPLEMENTARIA,EJECUCION,0,2015,,VILLARRICA,F.N.D.R.,903820000.0,903.82,,353.0,RS,Recomendado (RS),True,MUNICIPALIDAD DE VILLARRICA,False,2012,2015,903820000.0
30125431,30125431-0,REPARACION 7 ALCANTARILLAS TRAMO ALAMEDA - CHILLÁN,PROYECTO,TRANSPORTE,TRANSPORTE FERROVIARIO,,0,2015,,,EMPRESA,854379000.0,854.379,,8000.0,RS,Recomendado (RS),True,EMPRESA DE FERROCARRILES DEL ESTADO,False,2012,2015,854379000.0
30125568,30125568-0,CONSTRUCCION SISTEMAS DE GENERACION FOTOVOLTAICA COMUNA DE AYSEN,PROYECTO,ENERGIA,AUTOGENERACION,EJECUCION,0,2015,,AYSEN,F.N.D.R.,253435000.0,253.435,,49.0,RS,Recomendado (RS),True,GOBIERNO REGIONAL - REGION DE AISEN DEL GENERAL CARLOS IBAÑEZ DEL CAMPO,False,2012,2015,253435000.0
30125572,30125572-0,CONSTRUCCION PLAN DE CIERRE VERTEDERO MUNICIPAL DE CUNCO,PROYECTO,RECURSOS NATURALES Y MEDIO AMBIENTE,MEDIO AMBIENTE,EJECUCION,0,2016,,CUNCO,F.N.D.R.,920032000.0,920.032,,13716.0,RS,Recomendado (RS),True,MUNICIPALIDAD DE CUNCO,False,2012,2016,920032000.0
30125721,30125721-0,MEJORAMIENTO USO Y REGULACIÓN RECURSOS HÍDRICOS RÍO MOSTAZAL,PROYECTO,RECURSOS HIDRICOS,RIEGO,PREFACTIBILIDAD,0,2018,,MONTE PATRIA,SECTORIAL,557146000.0,557.146,,350.0,RS,Recomendado (RS),True,COMISION NACIONAL DE RIEGO,False,2013,2018,557146000.0
30125758,30125758-0,SANEAMIENTO DE PROPIEDAD DEL AGUA Y SU USO EFICIENTE.,PROGRAMA,RECURSOS NATURALES Y MEDIO AMBIENTE,AGRICULTURA,EJECUCION,0,2016,AISEN DEL GENERAL CARLOS,,F.N.D.R.,406690000.0,406.69,669580.82,1105.0,,Sin evaluación,False,SEREMI AGRICULTURA REGION DE AISEN DEL GENERAL CARLOS IBAÑEZ DEL CAMPO,False,2012,2016,476764000.0
30125785,30125785-0,CONSERVACION REDES SECUNDARIAS DE AGUAS LLUVIAS REGIÓN DEL BIO BIO,PROYECTO,RECURSOS HIDRICOS,AGUAS LLUVIAS,EJECUCION,0,2015,L BIO BIO,,SECTORIAL,2422095000.0,2422.095,,380953.0,,Sin evaluación,False,SEREMI VIVIENDA REGION DEL BIO BIO,False,2012,2015,2422095000.0
30126047,30126047-0,CONSTRUCCION OBRAS PARA AUMENTO DE FRECUENCIA SERVICIO BIOTREN,PROYECTO,TRANSPORTE,TRANSPORTE FERROVIARIO,EJECUCION,0,2015,L BIO BIO,,EMPRESA,4084112000.0,4084.112,,8000.0,RS,Recomendado (RS),True,EMPRESA DE FERROCARRILES DEL ESTADO,False,2012,2015,4084112000.0
30126178,30126178-0,CONSTRUCCION CICLOVÍA EN EL RÍO MAPOCHO: MAPOCHO PEDALEABLE,PROYECTO,TRANSPORTE,"TRANSPORTE URBANO,VIALIDAD PEATONAL",FACTIBILIDAD,0,2016,,SANTIAGO,F.N.D.R.,6514016000.0,6514.016,,1000000.0,OT,Objetado técnicamente (OT),False,SECTRA,False,2012,2016,6514016000.0
30126248,30126248-0,"CONSTRUCCION CICLOVIAS SECTOR COPAYAPU Y RUTA 5, COPIAPO",PROYECTO,TRANSPORTE,"TRANSPORTE URBANO,VIALIDAD PEATONAL",EJECUCION,1,2016,,COPIAPO,F.N.D.R.,4775377000.0,4775.377,,129091.0,RS,Recomendado (RS),True,VIALIDAD MOP REGION DE ATACAMA,False,2012,2016,6463396000.0
30126718,30126718-0,"CONSTRUCCION PARQUE URBANO KAUKARI, 2° ETAPA, COPIAPÓ",PROYECTO,VIVIENDA Y DESARROLLO URBANO,DESARROLLO URBANO,EJECUCION,0,2017,ATACAMA,,SECTORIAL,16785509000.0,16785.509,,158261.0,RS,Recomendado (RS),True,SEREMI VIVIENDA REGION DE ATACAMA,False,2013,2017,16785509000.0
30126868,30126868-0,CONSTRUCCION PARQUE RIBERA BIO BIO LOS HÉROES-LAS CONDES CHIGUAYANTE,PROYECTO,VIVIENDA Y DESARROLLO URBANO,DESARROLLO URBANO,EJECUCION,0,2016,,CHIGUAYANTE,SECTORIAL,1962308000.0,1962.308,,27786.0,RS,Recomendado (RS),True,SEREMI VIVIENDA REGION DEL BIO BIO,False,2013,2016,1962308000.0
30126888,30126888-0,"CONSTRUCCION PARQUE HUMEDAL BOCA MAULE, CORONEL",PROYECTO,VIVIENDA Y DESARROLLO URBANO,DESARROLLO URBANO,EJECUCION,0,2017,,CORONEL,SECTORIAL,84482000.0,84.482,,14224.0,RS,Recomendado (RS),True,SEREMI VIVIENDA REGION DEL BIO BIO,False,2013,2017,84482000.0
30126910,30126910-0,"MEJORAMIENTO PARQUE URBANO DE RAPEL, COMUNA DE NAVIDAD",PROYECTO,VIVIENDA Y DESARROLLO URBANO,DESARROLLO URBANO,EJECUCION,0,2017,,NAVIDAD,F.N.D.R.,805338000.0,805.338,,7488.0,RS,Recomendado (RS),True,SEREMI VIVIENDA REGION DEL LIBERTADOR GENERAL BERNARDO O'HIGGINS,False,2013,2017,805338000.0
30126911,30126911-0,"CONSTRUCCION PARQUE URBANO DE PUPUYA, COMUNA DE NAVIDAD",PROYECTO,VIVIENDA Y DESARROLLO URBANO,DESARROLLO URBANO,EJECUCION,0,2017,,NAVIDAD,SECTORIAL,812918000.0,812.918,,3366.0,RS,Recomendado (RS),True,SEREMI VIVIENDA REGION DEL LIBERTADOR GENERAL BERNARDO O'HIGGINS,False,2013,2017,812918000.0
30126916,30126916-0,CONSTRUCCION Y ADQUISICION EQUIPAMIENTO RELLENO SANITARIO CAMARONES,PROYECTO,RECURSOS NATURALES Y MEDIO AMBIENTE,MEDIO AMBIENTE,EJECUCION,0,2016,,CAMARONES - REGION XV,F.N.D.R.,827996000.0,827.996,,1220.0,RS,Recomendado (RS),True,MUNICIPALIDAD DE CAMARONES REGION DE ARICA Y PARINACOTA,False,2013,2016,827996000.0
30126918,30126918-0,"MEJORAMIENTO CANAL AGUAS LLUVIAS NAHUELCO, PUREN",PROYECTO,RECURSOS HIDRICOS,AGUAS LLUVIAS,EJECUCION,0,2016,,PUREN,SECTORIAL,568390000.0,568.39,,567.0,RS,Recomendado (RS),True,SEREMI VIVIENDA REGION DE LA ARAUCANIA,False,2013,2016,568390000.0
30127254,30127254-0,"MEJORAMIENTO CBI RUTA D-37 E, SECTOR LIMAHUIDA - SOCAVÓN",PROYECTO,TRANSPORTE,TRANSPORTE CAMINERO,EJECUCION,0,2015,,ILLAPEL,SECTORIAL,1621912000.0,1621.912,,0.0,RS,Recomendado (RS),True,VIALIDAD MOP REGION DE COQUIMBO,False,2012,2015,1621912000.0
30127452,30127452-0,CONSTRUCCION CORREDOR DE TRANSPORTE PÚBLICO VICUÑA MACKENNA NORTE,PROYECTO,TRANSPORTE,"TRANSPORTE URBANO,VIALIDAD PEATONAL",EJECUCION,0,2016,METROPOLITANA DE SANTIAGO,,SECTORIAL,114557154000.0,114557.154,,1000000.0,IN,Incumplimiento (IN),False,SUBSECRETARIA DE TRANSPORTES,False,2013,2016,114557154000.0
30127534,30127534-0,NORMALIZACION MITIGACIÓN DE RIESGOS EN VÍAS DE PRUEBAS TALLERES METRO,PROYECTO,TRANSPORTE,"TRANSPORTE URBANO,VIALIDAD PEATONAL",EJECUCION,0,2015,METROPOLITANA DE SANTIAGO,,EMPRESA,3819425000.0,3819.425,,2.0,RS,Recomendado (RS),True,METRO S.A.,False,2012,2015,3819425000.0
30127622,30127622-0,"MEJORAMIENTO BORDE COSTERO Y PARQUE URBANO CERRO LA VIRGEN, TALTAL",PROYECTO,VIVIENDA Y DESARROLLO URBANO,DESARROLLO URBANO,DISEÑO,0,2017,,TALTAL,SECTORIAL,350522000.0,350.522,,11982.0,RS,Recomendado (RS),True,SEREMI VIVIENDA REGION DE ANTOFAGASTA,False,2014,2017,350522000.0
30127629,30127629-0,TRANSFERENCIA SUBSIDIO TÉRMICO PROG. PROTECCIÓN PATRIMONIO FAMILIAR,PROGRAMA,SOLUCION HABITACIONAL PARCIAL O,,EJECUCION,0,2017,,TEMUCO,F.N.D.R.,2250826000.0,2250.826,3182099.13,,,Sin evaluación,False,SEREMI VIVIENDA REGION DE LA ARAUCANIA,False,2012,2017,2250826000.0
30127921,30127921-0,CONSTRUCCION CIERRE Y SELLADO VERTEDERO DE HUASCO,PROYECTO,RECURSOS NATURALES Y MEDIO AMBIENTE,MEDIO AMBIENTE,PERFIL,0,2019,,HUASCO,F.N.D.R.,654116000.0,654.116,,6445.0,RS,Recomendado (RS),True,MUNICIPALIDAD DE HUASCO,False,2013,2019,654116000.0
30128010,30128010-0,"MEJORAMIENTO SISTEMA APR LOS MAQUIS-CUENCA-RIGOLEMU, MALLOA",PROYECTO,RECURSOS HIDRICOS,AGUA POTABLE,EJECUCION,0,2016,,MALLOA,F.N.D.R.,991180000.0,991.18,,1345.0,RS,Recomendado (RS),True,MUNICIPALIDAD DE MALLOA,False,2012,2016,991180000.0
30128056,30128056-0,"MEJORAMIENTO SERVICIO CORTO LAJA, ESTACIONES Y BAÑOS EN UT",PROYECTO,TRANSPORTE,TRANSPORTE FERROVIARIO,EJECUCION,0,2015,ÑUBLE,,EMPRESA,667776000.0,667.776,,10000.0,RS,Recomendado (RS),True,EMPRESA DE FERROCARRILES DEL ESTADO,False,2012,2015,667776000.0
30128232,30128232-0,MEJORAMIENTO ESTACION E INTERMODAL PAJARITOS,PROYECTO,TRANSPORTE,"TRANSPORTE URBANO,VIALIDAD PEATONAL",EJECUCION,0,2016,METROPOLITANA DE SANTIAGO,,EMPRESA,2995191000.0,2995.191,,6732207.0,RS,Recomendado (RS),True,METRO S.A.,False,2012,2016,2995191000.0
30128325,30128325-0,"CONSTRUCCION COLECTORES AGUAS LLUVIAS, CALLE ARTURO PRAT, LOS ANDES",PROYECTO,RECURSOS HIDRICOS,AGUAS LLUVIAS,EJECUCION,0,2017,,LOS ANDES,F.N.D.R.,2804628000.0,2804.628,,6610.0,RS,Recomendado (RS),True,MUNICIPALIDAD DE LOS ANDES,False,2014,2017,2888329000.0
30128380,30128380-0,"MEJORAMIENTO SISTEMA DE AGUAS LLUVIAS VILLA LAS GARZAS, CONCEPCION",PROYECTO,RECURSOS HIDRICOS,AGUAS LLUVIAS,EJECUCION,0,2016,,CONCEPCION,SECTORIAL,12048000.0,12.048,,,RS,Recomendado (RS),True,SEREMI VIVIENDA REGION DEL BIO BIO,False,2013,2016,12850000.0
30128600,30128600-0,"TRANSFERENCIA INCENTIVOS SUSTENTABILIDAD SUELOS AGROPECUARIOS, XII RE",PROGRAMA,RECURSOS NATURALES Y MEDIO AMBIENTE,INTERSUBSECTORIAL,PERFIL,0,2016,MAGALLANES Y ANTARTICA,,F.N.D.R.,232344000.0,232.344,382534.82,,,Sin evaluación,False,GOBIERNO REGIONAL - REGION DE MAGALLANES Y ANTARTICA CHILENA,False,2013,2016,232344000.0
30128621,30128621-0,CONSERVACION DE AGUAS LLUVIAS CANAL PAPEN VIII REGION,PROYECTO,RECURSOS HIDRICOS,AGUAS LLUVIAS,PERFIL,0,2015,L BIO BIO,,SECTORIAL,104541000.0,104.541,,2400.0,,Sin evaluación,False,DIRECCION DE OBRAS HIDRAULICAS MOP,False,2013,2015,104541000.0
30128636,30128636-0,CONSERVACION OBRAS POR SEQUÍA REGIÓN DE COQUIMBO 2012-2013,PROYECTO,RECURSOS HIDRICOS,AGUA POTABLE,EJECUCION,0,2016,COQUIMBO,,SECTORIAL,8834204000.0,8834.204,,22124.0,,Sin evaluación,False,DIRECCION DE OBRAS HIDRAULICAS MOP REGION DE COQUIMBO,False,2012,2016,8834204000.0
30128771,30128771-0,MEJORAMIENTO PUENTE BIO BIO VIII REGIÓN,PROYECTO,TRANSPORTE,TRANSPORTE FERROVIARIO,DISEÑO,0,2014,L BIO BIO,,EMPRESA,3497550000.0,3497.55,,8000.0,OT,Objetado técnicamente (OT),False,EMPRESA DE FERROCARRILES DEL ESTADO,False,2012,2014,3497550000.0
30128988,30128988-0,CONSTRUCCION LINEA 6 DE LA RED METRO S.A.,PROYECTO,TRANSPORTE,"TRANSPORTE URBANO,VIALIDAD PEATONAL",EJECUCION,0,2016,METROPOLITANA DE SANTIAGO,,EMPRESA,769583510000.0,769583.51,,103152000.0,RS,Recomendado (RS),True,METRO S.A.,False,2012,2016,769583510000.0
30129111,30129111-0,MEJORAMIENTO BALIZAJE Y COMUNICACIONES PARA LA SEGURIDAD FERROVIARIA,PROYECTO,TRANSPORTE,TRANSPORTE FERROVIARIO,EJECUCION,0,2015,,,EMPRESA,188114000.0,188.114,,2000.0,RS,Recomendado (RS),True,EMPRESA DE FERROCARRILES DEL ESTADO,False,2012,2015,188114000.0
30129197,30129197-0,HABILITACION DATA CENTER EMPRESA DE FERROCARRILES DEL ESTADO,PROYECTO,TRANSPORTE,TRANSPORTE FERROVIARIO,EJECUCION,0,2014,METROPOLITANA DE SANTIAGO,,EMPRESA,1144218000.0,1144.218,,8000.0,RS,Recomendado (RS),True,EMPRESA DE FERROCARRILES DEL ESTADO,False,2012,2014,1144218000.0
30129207,30129207-0,TRANSFERENCIA MANEJO SUSTENTABLE BOSQUE NATIVO CAPITAN PRAT,PROGRAMA,RECURSOS NATURALES Y MEDIO AMBIENTE,SILVICULTURA,EJECUCION,0,2017,,,F.N.D.R.,581366000.0,581.366,821904.6,50.0,,Sin evaluación,False,CORPORACION NACIONAL FORESTAL REGION DE AISEN DEL GENERAL CARLOS IBAÑEZ DEL CAMPO,False,2013,2017,581366000.0
30129282,30129282-0,TRANSFERENCIA REGULARIZACION DERECHOS DE AGUA PARA RIEGO EN EL MAULE,PROGRAMA,RECURSOS NATURALES Y MEDIO AMBIENTE,AGRICULTURA,EJECUCION,0,2015,L MAULE,,F.N.D.R.,419520000.0,419.52,800977.55,750.0,,Sin evaluación,False,GOBIERNO REGIONAL - REGION DEL MAULE,False,2012,2015,419520000.0
30129340,30129340-0,ADQUISICION MATERIAL RODANTE MERVAL E INFRAESTRUCTURA ASOCIADA,PROYECTO,TRANSPORTE,TRANSPORTE FERROVIARIO,EJECUCION,0,2016,VALPARAISO,,EMPRESA,28189066000.0,28189.066,,960000.0,RS,Recomendado (RS),True,EMPRESA DE FERROCARRILES DEL ESTADO,False,2013,2016,28189066000.0
30129657,30129657-0,CONSTRUCCION CIERRE VERTEDERO MUNICIPAL DE FRESIA,PROYECTO,RECURSOS NATURALES Y MEDIO AMBIENTE,MEDIO AMBIENTE,EJECUCION,0,2017,,FRESIA,F.N.D.R.,268342000.0,268.342,,12090.0,RS,Recomendado (RS),True,MUNICIPALIDAD DE FRESIA,False,2013,2017,276811000.0
30129743,30129743-0,CONSTRUCCION LINEA 3 DE LA RED METRO S.A.,PROYECTO,TRANSPORTE,"TRANSPORTE URBANO,VIALIDAD PEATONAL",EJECUCION,0,2016,METROPOLITANA DE SANTIAGO,,EMPRESA,1067689667000.0,1067689.667,,103152000.0,RS,Recomendado (RS),True,METRO S.A.,False,2012,2016,1067689667000.0
30130299,30130299-0,"MEJORAMIENTO AREA VERDE SECTOR LA VERTIENTE, TALCAHUANO",PROYECTO,VIVIENDA Y DESARROLLO URBANO,DESARROLLO URBANO,EJECUCION,0,2016,,TALCAHUANO,F.N.D.R.,56721000.0,56.721,,4372.0,,Sin evaluación,False,MUNICIPALIDAD DE TALCAHUANO,False,2012,2016,56721000.0
30130436,30130436-0,ADQUISICION INSTALACION ALUMBRADO PUBLICO SOLAR COMUNA DE PENCAHUE,PROYECTO,ENERGIA,ALUMBRADO PUBLICO,EJECUCION,0,2015,,PENCAHUE,F.N.D.R.,24125000.0,24.125,,3300.0,,Sin evaluación,False,MUNICIPALIDAD DE PENCAHUE,False,2013,2015,24125000.0
30130466,30130466-0,CONSTRUCCION SERVICIO FERROVIARIO DE PASAJEROS ALAMEDA -MALLOCO,PROYECTO,TRANSPORTE,TRANSPORTE FERROVIARIO,DISEÑO,0,2015,METROPOLITANA DE SANTIAGO,,EMPRESA,6817773000.0,6817.773,,1400000.0,RS,Recomendado (RS),True,EMPRESA DE FERROCARRILES DEL ESTADO,False,2013,2015,6817773000.0
30130534,30130534-0,MEJORAMIENTO GRANDES REPARACIONES EQUIPOS UT-440 AÑO 2013,PROYECTO,TRANSPORTE,TRANSPORTE FERROVIARIO,EJECUCION,0,2015,METROPOLITANA DE SANTIAGO,,EMPRESA,1207922000.0,1207.922,,7000000.0,RS,Recomendado (RS),True,EMPRESA DE FERROCARRILES DEL ESTADO,False,2013,2015,1207922000.0
30130554,30130554-0,CONSTRUCCION EXTENSIÓN FERROVIARIA BIO BIO CORONEL,PROYECTO,TRANSPORTE,TRANSPORTE FERROVIARIO,EJECUCION,0,2015,L BIO BIO,,EMPRESA,46705942000.0,46705.942,,20000.0,RS,Recomendado (RS),True,EMPRESA DE FERROCARRILES DEL ESTADO,False,2013,2015,46705942000.0
30130713,30130713-0,MEJORAMIENTO AUMENTO CAPACIDAD DE TRANSPORTE EN TRENES UTS 444,PROYECTO,TRANSPORTE,TRANSPORTE FERROVIARIO,EJECUCION,0,2015,,,EMPRESA,75064000.0,75.064,,2000000.0,RS,Recomendado (RS),True,EMPRESA DE FERROCARRILES DEL ESTADO,False,2013,2015,75064000.0
30130781,30130781-0,"CONSTRUCCION RELLENO SANITARIO, NATALES",PROYECTO,RECURSOS NATURALES Y MEDIO AMBIENTE,MEDIO AMBIENTE,EJECUCION,0,2017,,NATALES,F.N.D.R.,5496952000.0,5496.952,,19116.0,RS,Recomendado (RS),True,GOBIERNO REGIONAL - REGION DE MAGALLANES Y ANTARTICA CHILENA,False,2013,2017,5496952000.0
30130798,30130798-0,HABILITACION OFICINAS FCALP ARICA,PROYECTO,TRANSPORTE,TRANSPORTE FERROVIARIO,EJECUCION,0,2016,ARICA Y PARINACOTA,,EMPRESA,92207000.0,92.207,,36.0,RS,Recomendado (RS),True,EMPRESA DE FERROCARRILES DEL ESTADO,False,2013,2016,92207000.0
30130877,30130877-0,CONSTRUCCION SISTEMA DE GESTIÓN DOCUMENTAL,PROYECTO,TRANSPORTE,TRANSPORTE FERROVIARIO,DISEÑO,0,2016,METROPOLITANA DE SANTIAGO,,EMPRESA,153148000.0,153.148,,8000.0,RS,Recomendado (RS),True,EMPRESA DE FERROCARRILES DEL ESTADO,False,2013,2016,153148000.0
30130914,30130914-0,CONSTRUCCION SENDAS PEATONALES/CICLOVIAS RUTAS DVRM II ETAPA,PROYECTO,TRANSPORTE,TRANSPORTE CAMINERO,EJECUCION,0,2017,METROPOLITANA DE SANTIAGO,,SECTORIAL,6199372000.0,6199.372,,0.0,RS,Recomendado (RS),True,VIALIDAD MOP REGION METROPOLITANA DE SANTIAGO,False,2014,2017,7930063000.0
30131015,30131015-0,"ADQUISICION CAMIONES RECOLECTORES DE RSD, NATALES",PROYECTO,RECURSOS NATURALES Y MEDIO AMBIENTE,MEDIO AMBIENTE,PERFIL,0,2021,,NATALES,F.N.D.R.,192367000.0,192.367,,20000.0,,Sin evaluación,False,MUNICIPALIDAD DE NATALES,False,2013,2021,192367000.0
30131175,30131175-0,CONSERVACION VÍAS FERROCARRIL DE ARICA A LA PAZ SECCIÓN CHILENA,PROYECTO,TRANSPORTE,TRANSPORTE FERROVIARIO,EJECUCION,0,2017,ARICA Y PARINACOTA,,EMPRESA,5367974000.0,5367.974,,190000.0,RS,Recomendado (RS),True,EMPRESA DE FERROCARRILES DEL ESTADO,False,2013,2017,5729505000.0
30131241,30131241-0,CONSTRUCCION PROYECTO INTEGRAL DE CICLOVIAS REGION DE VALPARAISO,PROYECTO,TRANSPORTE,TRANSPORTE CAMINERO,DISEÑO,0,2016,VALPARAISO,,SECTORIAL,303951000.0,303.951,,0.0,RS,Recomendado (RS),True,VIALIDAD MOP REGION DE VALPARAISO,False,2014,2016,313803000.0
30131315,30131315-0,CONSTRUCCION RED CICLOVIAS DE LA ASOCIACIÓN DE MUNICIPIOS CIUDAD SUR,PROYECTO,TRANSPORTE,"TRANSPORTE URBANO,VIALIDAD PEATONAL",PERFIL,0,2016,,EL BOSQUE,F.N.D.R.,377555000.0,377.555,,1294419.0,FI,Falta información (FI),False,MUNICIPALIDAD DE EL BOSQUE,False,2014,2016,377555000.0
30131318,30131318-0,"CONSTRUCCION RED DE CICLOVIAS EN LA SERENA, PRIMERA ETAPA",PROYECTO,TRANSPORTE,"TRANSPORTE URBANO,VIALIDAD PEATONAL",EJECUCION,0,2018,,LA SERENA,SECTORIAL,4156819000.0,4156.819,,150000.0,RS,Recomendado (RS),True,SEREMI VIVIENDA REGION DE COQUIMBO,False,2014,2018,4156819000.0
30131397,30131397-0,CONSTRUCCION COLECTOR DE AGUAS LLUVIAS COLECTOR DIVISADERO,PROYECTO,RECURSOS HIDRICOS,AGUAS LLUVIAS,PERFIL,0,2016,,COYHAIQUE,SECTORIAL,387063000.0,387.063,,5000.0,FI,Falta información (FI),False,DIRECCION DE OBRAS HIDRAULICAS MOP REGION DE AISEN DEL GENERAL CARLOS IBAÑEZ DEL,False,2014,2016,660421000.0
30131607,30131607-0,"MEJORAMIENTO QUEBRADA PENUELAS, COMUNA DE LA SERENA",PROYECTO,RECURSOS HIDRICOS,"DEFENSAS FLUVIALES,MARITIMAS Y CAUCES NATURALES",EJECUCION,0,2020,,LA SERENA,SECTORIAL,3518280000.0,3518.28,,10000.0,RS,Recomendado (RS),True,DIRECCION DE OBRAS HIDRAULICAS MOP REGION DE COQUIMBO,False,2016,2020,5448520000.0
30131624,30131624-0,"CONSTRUCCION PARQUE URBANO FINLANDIA, ENTRE AVDA COSTANERA Y GENOVA",PROYECTO,VIVIENDA Y DESARROLLO URBANO,DESARROLLO URBANO,DISEÑO,0,2017,,HUALPEN,F.N.D.R.,100756000.0,100.756,,31459.0,RS,Recomendado (RS),True,MUNICIPALIDAD DE HUALPEN,False,2014,2017,100756000.0
30131636,30131636-0,"CONSTRUCCION PARQUE URBANO ESCOCIA ENTRE BUCAREST Y GENOVA, HUALPEN",PROYECTO,VIVIENDA Y DESARROLLO URBANO,DESARROLLO URBANO,DISEÑO,0,2017,,HUALPEN,F.N.D.R.,28133000.0,28.133,,17738.0,FI,Falta información (FI),False,MUNICIPALIDAD DE HUALPEN,False,2014,2017,28133000.0
30131640,30131640-0,"MEJORAMIENTO ESPACIO PUBLICO ALEMANIA, HUALPEN",PROYECTO,VIVIENDA Y DESARROLLO URBANO,DESARROLLO URBANO,PERFIL,0,2022,,HUALPEN,F.N.D.R.,91542000.0,91.542,,38295.0,FI,Falta información (FI),False,MUNICIPALIDAD DE HUALPEN,False,2014,2022,96694000.0
30131791,30131791-0,CONSERVACION RIBERAS DE CAUCES NATURALES VALLE DE CAMIÑA,PROYECTO,RECURSOS HIDRICOS,"DEFENSAS FLUVIALES,MARITIMAS Y CAUCES NATURALES",PERFIL,0,2017,,CAMIÑA (Prov. Tamarugal),SECTORIAL,3888715000.0,3888.715,,5000.0,,Sin evaluación,False,DIRECCION DE OBRAS HIDRAULICAS MOP REGION DE TARAPACA,False,2014,2017,3888715000.0
30131879,30131879-0,CONSTRUCCION SISTEMA DRENAJE AALL SECTOR LA PUNTILLA PTA ARENAS,PROYECTO,RECURSOS HIDRICOS,AGUAS LLUVIAS,PERFIL,0,2015,,PUNTA ARENAS,F.N.D.R.,59658000.0,59.658,,200.0,RS,Recomendado (RS),True,DIRECCION DE OBRAS HIDRAULICAS MOP REGION DE MAGALLANES Y ANTARTICA CHILENA,False,2013,2015,59658000.0
30131948,30131948-0,"CONSTRUCCION AREA VERDE DINAHUE, HUALPEN",PROYECTO,VIVIENDA Y DESARROLLO URBANO,DESARROLLO URBANO,PERFIL,0,2017,,HUALPEN,F.N.D.R.,37761000.0,37.761,,3410.0,,Sin evaluación,False,MUNICIPALIDAD DE HUALPEN,False,2013,2017,37761000.0
30131955,30131955-0,"CONSTRUCCION OBRAS DE CONTROL ALUVIONAL PARQUE VICENTE PEREZ ROSALES, PUERTO VARAS",PROYECTO,RECURSOS HIDRICOS,"DEFENSAS FLUVIALES,MARITIMAS Y CAUCES NATURALES",DISEÑO,0,2022,,PUERTO VARAS,SECTORIAL,564581000.0,564.581,,68.0,RS,Recomendado (RS),True,DIRECCION DE OBRAS HIDRAULICAS MOP REGION DE LOS LAGOS,False,2019,2022,564581000.0
30132034,30132034-0,CONSTRUCCION PASEO Y PROTECCION BORDE COSTERO SECTOR CORAZONES-ARICA,PROYECTO,VIVIENDA Y DESARROLLO URBANO,"BORDE COSTERO,PASEOS PEATONALES, PLAYAS",EJECUCION,0,2016,,ARICA - REGION XV,F.N.D.R.,7897547000.0,7897.547,,339028.0,RS,Recomendado (RS),True,OBRAS PORTUARIAS MOP REGION DE ARICA Y PARINACOTA,False,2014,2016,7897547000.0
30132282,30132282-0,CONSTRUCCION ELECTRIFICACIÓN DOMICILIARIA CON SISTEMA FOTOVOLTAICO,PROYECTO,ENERGIA,AUTOGENERACION,PERFIL,0,2015,,ARAUCO,F.N.D.R.,253039000.0,253.039,,80.0,OT,Objetado técnicamente (OT),False,MUNICIPALIDAD DE ARAUCO,False,2013,2015,253039000.0
30132621,30132621-0,"REPOSICION PUENTE FERROVIARIO RIECILLO, RUTA LOS ANDES - SALADILLO",PROYECTO,TRANSPORTE,TRANSPORTE FERROVIARIO,DISEÑO,0,2015,VALPARAISO,,EMPRESA,67285000.0,67.285,,2000.0,RS,Recomendado (RS),True,EMPRESA DE FERROCARRILES DEL ESTADO,False,2013,2015,67285000.0
30132982,30132982-0,"MEJORAMIENTO TALUDES C-527, SECTOR ACCESO NORTE A VALLENAR",PROYECTO,TRANSPORTE,TRANSPORTE CAMINERO,EJECUCION,0,2018,,VALLENAR,SECTORIAL,1580940000.0,1580.94,,0.0,RS,Recomendado (RS),True,VIALIDAD MOP REGION DE ATACAMA,False,2014,2018,1580940000.0
30133018,30133018-0,"CONSTRUCCION AREA VERDE BARTOLOME DEL POZO, CONCEPCIÓN",PROYECTO,VIVIENDA Y DESARROLLO URBANO,DESARROLLO URBANO,EJECUCION,0,2016,,CONCEPCION,F.N.D.R.,38546000.0,38.546,,,,Sin evaluación,False,MUNICIPALIDAD DE CONCEPCION,False,2013,2016,38546000.0
30133391,30133391-0,"CONSTRUCCION PAVIMENTACION Y AGUAS LLUVIAS PASAJE LA PAZ, CONCEPCION",PROYECTO,TRANSPORTE,"TRANSPORTE URBANO,VIALIDAD PEATONAL",PERFIL,0,2016,,CONCEPCION,F.N.D.R.,65599000.0,65.599,,50000.0,,Sin evaluación,False,MUNICIPALIDAD DE CONCEPCION,False,2013,2016,65599000.0
30133400,30133400-0,"CONSTRUCCION CICLOVIA M.RODRIGUEZ ENTRE MACKENNA-LISZT, LOS ANGELES",PROYECTO,TRANSPORTE,"TRANSPORTE URBANO,VIALIDAD PEATONAL",EJECUCION,0,2017,,LOS ANGELES,F.N.D.R.,279257000.0,279.257,,81176.0,RS,Recomendado (RS),True,MUNICIPALIDAD DE LOS ANGELES,False,2013,2017,279257000.0
30133517,30133517-0,"MEJORAMIENTO PAVIMENTACIÓN Y AGUAS LLUVIAS AV O'HIGGINS, NANCAGUA",PROYECTO,TRANSPORTE,"TRANSPORTE URBANO,VIALIDAD PEATONAL",PERFIL,0,2017,,NANCAGUA,F.N.D.R.,516795000.0,516.795,,9264.0,,Sin evaluación,False,MUNICIPALIDAD DE NANCAGUA,False,2014,2017,516795000.0
30133573,30133573-0,CONSERVACION DE OBRAS POR SEQUÍA REGIÓN DE COQUIMBO 2013,PROYECTO,RECURSOS HIDRICOS,AGUA POTABLE,EJECUCION,0,2016,COQUIMBO,,SECTORIAL,4081913000.0,4081.913,,12232.0,,Sin evaluación,False,DIRECCION DE OBRAS HIDRAULICAS MOP REGION DE COQUIMBO,False,2013,2016,4316675000.0
30133578,30133578-0,CONSERVACION RED PRIMARIA DE AGUAS LLUVIAS REGION DE AYSEN,PROYECTO,RECURSOS HIDRICOS,AGUAS LLUVIAS,EJECUCION,0,2015,AISEN DEL GENERAL CARLOS,,SECTORIAL,719226000.0,719.226,,70000.0,,Sin evaluación,False,DIRECCION DE OBRAS HIDRAULICAS MOP REGION DE AISEN DEL GENERAL CARLOS IBAÑEZ DEL,False,2013,2015,719226000.0
30133691,30133691-0,CONSTRUCCION CICLOVIAS VARIOS SECTORES DE PICHIDEGUA,PROYECTO,TRANSPORTE,"TRANSPORTE URBANO,VIALIDAD PEATONAL",PERFIL,0,2020,,PICHIDEGUA,F.N.D.R.,973745000.0,973.745,,5358.0,,Sin evaluación,False,MUNICIPALIDAD DE PICHIDEGUA,False,2015,2020,973745000.0
30133852,30133852-0,CONSTRUCCION SISTEMA DE DRENAJE URBANO ZONA SUR PONIENTE DE SANTIAGO,PROYECTO,RECURSOS HIDRICOS,AGUAS LLUVIAS,DISEÑO,0,2014,METROPOLITANA DE SANTIAGO,,SECTORIAL,484659000.0,484.659,,1268762.0,RS,Recomendado (RS),True,DIRECCION DE OBRAS HIDRAULICAS MOP,False,2013,2014,484659000.0
30133865,30133865-0,TRANSFERENCIA SISTEMA DE INCENTIVOS PARA LA SUSTENTABILIDAD AGROAMBIE,PROGRAMA,RECURSOS NATURALES Y MEDIO AMBIENTE,AGRICULTURA,EJECUCION,0,2015,L LIBERTADOR GENERAL,,F.N.D.R.,1321030000.0,1321.03,2522204.83,,,Sin evaluación,False,SERVICIO AGRICOLA GANADERO REGION DEL LIBERTADOR GENERAL BERNARDO O'HIGGINS,False,2013,2015,1321030000.0
30133891,30133891-0,HABILITACION ACCESOS DE PERSONAS DISCAPACITADAS A ESTACIONES MERVAL,PROYECTO,TRANSPORTE,TRANSPORTE FERROVIARIO,DISEÑO,0,2017,VALPARAISO,,EMPRESA,1413663000.0,1413.663,,2000000.0,RS,Recomendado (RS),True,EMPRESA DE FERROCARRILES DEL ESTADO,False,2013,2017,1413663000.0
30133912,30133912-0,MEJORAMIENTO ERP SAP FERROCARRILES DEL ESTADO,PROYECTO,TRANSPORTE,TRANSPORTE FERROVIARIO,EJECUCION,0,2017,METROPOLITANA DE SANTIAGO,,EMPRESA,442191000.0,442.191,,4000.0,RS,Recomendado (RS),True,EMPRESA DE FERROCARRILES DEL ESTADO,False,2013,2017,442191000.0
30133974,30133974-0,CONSERVACION OBRA MITIGACION RIESGO CERRO DIVISADERO SN JSE DE MAIPO,PROYECTO,MULTISECTORIAL,INTERSUBSECTORIAL MULTISECTOR,EJECUCION,0,2015,,SAN JOSE DE MAIPO,F.N.D.R.,525219000.0,525.219,,2000.0,,Sin evaluación,False,VIALIDAD MOP REGION METROPOLITANA DE SANTIAGO,False,2013,2015,525219000.0
30134096,30134096-0,"MEJORAMIENTO SIST. AGUAS LLUVIAS LA PAMPA CON LA CANDELARIA, CHILLAN",PROYECTO,RECURSOS HIDRICOS,AGUAS LLUVIAS,EJECUCION,0,2017,,CHILLAN - REGION DE ÑUBLE,SECTORIAL,211991000.0,211.991,,100.0,RS,Recomendado (RS),True,SEREMI VIVIENDA REGION DEL BIO BIO,False,2014,2017,211991000.0
30134246,30134246-0,CONSTRUCCION CORREDOR TRANSP. PUBLICO CORONEL: LABOREOS - P. AGUIRRE,PROYECTO,TRANSPORTE,"TRANSPORTE URBANO,VIALIDAD PEATONAL",EJECUCION,0,2019,,CORONEL,SECTORIAL,10273035000.0,10273.035,,200000.0,RS,Recomendado (RS),True,SEREMI VIVIENDA REGION DEL BIO BIO,False,2016,2019,26325979000.0
30134295,30134295-0,CONSTRUCCION ÁREA VERDE ESTACIÓN PICHIRROPULLI - PAILLACO,PROYECTO,VIVIENDA Y DESARROLLO URBANO,DESARROLLO URBANO,EJECUCION,0,2019,,PAILLACO - REGION XIV,SECTORIAL,692026000.0,692.026,,1500.0,RS,Recomendado (RS),True,SEREMI VIVIENDA REGION DE LOS RIOS,False,2014,2019,692026000.0
30134340,30134340-0,"CONSTRUCCION PARQUE URBANO SECTOR EL BOSQUE, LOS VILOS",PROYECTO,VIVIENDA Y DESARROLLO URBANO,DESARROLLO URBANO,EJECUCION,0,2020,,LOS VILOS,F.N.D.R.,865501000.0,865.501,,2112.0,RS,Recomendado (RS),True,MUNICIPALIDAD DE LOS VILOS,False,2016,2020,865501000.0
30134352,30134352-0,MEJORAMIENTO ÁREA VERDE COSTANERA ALDERETE - LOS LAGOS,PROYECTO,VIVIENDA Y DESARROLLO URBANO,DESARROLLO URBANO,EJECUCION,0,2022,,LOS LAGOS - REGION XIV,F.N.D.R.,1919631000.0,1919.631,,2271.0,RS,Recomendado (RS),True,SEREMI VIVIENDA REGION DE LOS RIOS,False,2014,2022,1919631000.0
30134437,30134437-0,CONSERVACION Y MANTENCIÓN SISTEMA AGUAS LLUVIAS 2014 R.M.,PROYECTO,TRANSPORTE,"TRANSPORTE URBANO,VIALIDAD PEATONAL",EJECUCION,0,2015,METROPOLITANA DE SANTIAGO,,SECTORIAL,1426700000.0,1426.7,,6000000.0,,Sin evaluación,False,SEREMI VIVIENDA REGION METROPOLITANA DE SANTIAGO,False,2014,2015,1426700000.0
30134577,30134577-0,ADQUISICION MATERIAL RODANTE ADICIONAL SERVICIO RANCAGUA EXPRESS,PROYECTO,TRANSPORTE,TRANSPORTE FERROVIARIO,EJECUCION,0,2016,,,EMPRESA,13061656000.0,13061.656,,40000.0,RS,Recomendado (RS),True,EMPRESA DE FERROCARRILES DEL ESTADO,False,2013,2016,13061656000.0
30134590,30134590-0,"REPOSICION MURO DE CONTENCION LOMAS DE SAN FRANCISCO, NACIMIENTO",PROYECTO,VIVIENDA Y DESARROLLO URBANO,SOLUCION HABITACIONAL PARCIAL O COMPLEMENTARIA,EJECUCION,0,2018,,NACIMIENTO,SECTORIAL,19382000.0,19.382,,30.0,RS,Recomendado (RS),True,SEREMI VIVIENDA REGION DEL BIO BIO,False,2017,2018,19382000.0
30134591,30134591-0,"REPARACION MUROS DE CONTENCION POBLACION CARLOS MAHNS, TOME",PROYECTO,VIVIENDA Y DESARROLLO URBANO,SOLUCION HABITACIONAL PARCIAL O COMPLEMENTARIA,EJECUCION,0,2016,,TOME,SECTORIAL,111196000.0,111.196,,12.0,RS,Recomendado (RS),True,SEREMI VIVIENDA REGION DEL BIO BIO,False,2016,2016,111196000.0
30134595,30134595-0,REPOSICION MUROS DE CONTENCION CIUDAD DE LEBU,PROYECTO,VIVIENDA Y DESARROLLO URBANO,SOLUCION HABITACIONAL PARCIAL O COMPLEMENTARIA,EJECUCION,0,2019,,LEBU,SECTORIAL,423189000.0,423.189,,60.0,RS,Recomendado (RS),True,SEREMI VIVIENDA REGION DEL BIO BIO,False,2015,2019,423189000.0
30134639,30134639-0,MEJORAMIENTO GRANDES REPARACIONES EQUIPOS UT-440 FESUB AÑO 2013,PROYECTO,TRANSPORTE,TRANSPORTE FERROVIARIO,EJECUCION,0,2015,L BIO BIO,,EMPRESA,604324000.0,604.324,,2000000.0,RS,Recomendado (RS),True,EMPRESA DE FERROCARRILES DEL ESTADO,False,2013,2015,604324000.0
30134702,30134702-0,"CONSTRUCCION EVACUACION AGUAS LLUVIAS AVDA BORGOÑO, VIÑA DEL MAR",PROYECTO,RECURSOS HIDRICOS,AGUAS LLUVIAS,DISEÑO,0,2015,,VIÑA DEL MAR,SECTORIAL,10157000.0,10.157,,50000.0,RS,Recomendado (RS),True,SEREMI VIVIENDA REGION DE VALPARAISO,False,2014,2015,10157000.0
30134703,30134703-0,"CONSTRUCCION EVACUACION AGUAS LLUVIAS CALLE SUBERCASEAUX, QUILPUE",PROYECTO,RECURSOS HIDRICOS,AGUAS LLUVIAS,DISEÑO,0,2015,,QUILPUE,SECTORIAL,7200000.0,7.2,,700.0,RS,Recomendado (RS),True,SEREMI VIVIENDA REGION DE VALPARAISO,False,2014,2015,7200000.0
30134704,30134704-0,"CONSTRUCCION EVACUACION AGUAS LLUVIAS AVDA TUPUNGATO, VALPARAISO",PROYECTO,RECURSOS HIDRICOS,AGUAS LLUVIAS,EJECUCION,0,2018,,VALPARAISO,SECTORIAL,1272875000.0,1272.875,,16000.0,RS,Recomendado (RS),True,SEREMI VIVIENDA REGION DE VALPARAISO,False,2014,2018,1272875000.0
30134705,30134705-0,"CONSTRUCCION EVACUACION AGUAS LLUVIAS POB RICARDO CANALES, QUILLOTA",PROYECTO,RECURSOS HIDRICOS,AGUAS LLUVIAS,EJECUCION,0,2016,,QUILLOTA,SECTORIAL,429888000.0,429.888,,130.0,RS,Recomendado (RS),True,SEREMI VIVIENDA REGION DE VALPARAISO,False,2014,2016,429888000.0
30134706,30134706-0,"CONSTRUCCION EVACUACION AGUAS LLUVIAS CALLE P DE VALDIVIA, LA CALERA",PROYECTO,RECURSOS HIDRICOS,AGUAS LLUVIAS,EJECUCION,0,2016,,LA CALERA,SECTORIAL,229828000.0,229.828,,100.0,RS,Recomendado (RS),True,SEREMI VIVIENDA REGION DE VALPARAISO,False,2014,2016,229828000.0
30134707,30134707-0,"CONSTRUCCION EVACUACION AGUAS LLUVIAS SECTOR VICTORIA, VILLA ALEMANA",PROYECTO,RECURSOS HIDRICOS,AGUAS LLUVIAS,EJECUCION,0,2018,,VILLA ALEMANA,SECTORIAL,270150000.0,270.15,,4000.0,RS,Recomendado (RS),True,SEREMI VIVIENDA REGION DE VALPARAISO,False,2014,2018,270150000.0
30134837,30134837-0,CONSTRUCCION PROTECCIÓN COSTERA SECTOR SUR PUERTO SAN ANTONIO,PROYECTO,TRANSPORTE,"TRANSPORTE MARITIMO, FLUVIAL Y LACUSTRE",EJECUCION,0,2017,,SAN ANTONIO,EMPRESA,1787231000.0,1787.231,,9000.0,RS,Recomendado (RS),True,EMPRESA PORTUARIA SAN ANTONIO,False,2013,2017,1787231000.0
30134983,30134983-0,"ADQUISICION Y REPOS. DE CAMIONES PARA PROG. RECICLAJE, VIÑA DEL M.",PROYECTO,RECURSOS NATURALES Y MEDIO AMBIENTE,MEDIO AMBIENTE,PERFIL,0,2017,,VIÑA DEL MAR,F.N.D.R.,83698000.0,83.698,,331399.0,,Sin evaluación,False,MUNICIPALIDAD DE VIÑA DEL MAR,False,2013,2017,88951000.0
30135060,30135060-0,CONSERVACION RED SECUNDARIA AGUAS LLUVIAS VARIAS COMUNAS,PROYECTO,RECURSOS HIDRICOS,AGUAS LLUVIAS,EJECUCION,0,2015,LA ARAUCANIA,,SECTORIAL,394241000.0,394.241,,109377.0,,Sin evaluación,False,SEREMI VIVIENDA REGION DE LA ARAUCANIA,False,2014,2015,394241000.0
30135072,30135072-0,ADQUISICION EXCAVADORA PARA MANEJO DE RESIDUOS SÓLIDOS,PROYECTO,RECURSOS NATURALES Y MEDIO AMBIENTE,MEDIO AMBIENTE,PERFIL,0,2019,,QUINCHAO,F.N.D.R.,119909000.0,119.909,,8976.0,,Sin evaluación,False,MUNICIPALIDAD DE QUINCHAO,False,2017,2019,161804000.0
30135250,30135250-0,"CONSTRUCCION MUROS DE CONTENCION POB. PABLO NERUDA, PADRE LAS CASAS",PROYECTO,VIVIENDA Y DESARROLLO URBANO,SOLUCION HABITACIONAL PARCIAL O COMPLEMENTARIA,EJECUCION,0,2017,,PADRE LAS CASAS,SECTORIAL,719495000.0,719.495,,171.0,RS,Recomendado (RS),True,SEREMI VIVIENDA REGION DE LA ARAUCANIA,False,2014,2017,719495000.0
30135253,30135253-0,"CONSTRUCCION MUROS DE CONTENCION SECTOR CONSTITUCION, TEMUCO",PROYECTO,VIVIENDA Y DESARROLLO URBANO,SOLUCION HABITACIONAL PARCIAL O COMPLEMENTARIA,EJECUCION,0,2017,,TEMUCO,F.N.D.R.,467790000.0,467.79,,180.0,RS,Recomendado (RS),True,SEREMI VIVIENDA REGION DE LA ARAUCANIA,False,2014,2017,467790000.0
30135310,30135310-0,HABILITACION AUTOMOTOR TLD 502 PARA SERVICIO VICTORIA-TEMUCO,PROYECTO,TRANSPORTE,TRANSPORTE FERROVIARIO,PERFIL,0,2015,LA ARAUCANIA,,EMPRESA,156924000.0,156.924,,540000.0,RS,Recomendado (RS),True,EMPRESA DE FERROCARRILES DEL ESTADO,False,2013,2015,156924000.0
30135531,30135531-0,CONSTRUCCION MUROS DE CONTENCION DIVERSOS SECTORES COYHAIQUE,PROYECTO,VIVIENDA Y DESARROLLO URBANO,INTERSUBSECTORIAL VIVIENDA Y DESARROLLO URBANO,PERFIL,0,2015,,COYHAIQUE,SECTORIAL,212386000.0,212.386,,230.0,RS,Recomendado (RS),True,SEREMI VIVIENDA REGION DE AISEN DEL GENERAL CARLOS IBAÑEZ DEL CAMPO,False,2014,2015,212386000.0
30135536,30135536-0,"CONSTRUCCION CICLOVIAS VI ETAPA, REGION DE O'HIGGINS",PROYECTO,TRANSPORTE,TRANSPORTE CAMINERO,DISEÑO,0,2023,L LIBERTADOR GENERAL,,SECTORIAL,469732000.0,469.732,,0.0,RS,Recomendado (RS),True,VIALIDAD MOP REGION DEL LIBERTADOR GENERAL BERNARDO O'HIGGINS,False,2019,2023,469732000.0
30135587,30135587-0,CONSERVACION DRENAJES AERÓDROMO PICHOY FASE 1. LOS RIOS,PROYECTO,TRANSPORTE,TRANSPORTE AEREO,EJECUCION,0,2016,LOS RIOS,,SECTORIAL,385906000.0,385.906,,363887.0,,Sin evaluación,False,AEROPUERTOS MOP REGION DE LOS RIOS,False,2014,2016,469017000.0
30135765,30135765-0,ADQUISICION PANTALLAS DE ACCESO EN ESTACIONES DE LA RED DE METRO,PROYECTO,TRANSPORTE,"TRANSPORTE URBANO,VIALIDAD PEATONAL",EJECUCION,0,2017,METROPOLITANA DE SANTIAGO,,EMPRESA,736927000.0,736.927,,699741.0,RS,Recomendado (RS),True,METRO S.A.,False,2013,2017,890504000.0
30135866,30135866-0,ADQUISICION MATERIAL RODANTE SERVICIO FERROVIARIO ALAMEDA - MALLOCO,PROYECTO,TRANSPORTE,TRANSPORTE FERROVIARIO,PERFIL,0,2016,METROPOLITANA DE SANTIAGO,,EMPRESA,57382928000.0,57382.928,,200000.0,RS,Recomendado (RS),True,EMPRESA DE FERROCARRILES DEL ESTADO,False,2013,2016,57382928000.0
30135934,30135934-0,"CONSTRUCCION ALUMBRADO Y PLANTA SOLAR CON CONEXION A RED, PETORCA",PROYECTO,ENERGIA,ALUMBRADO PUBLICO,EJECUCION,0,2020,,PETORCA,F.N.D.R.,100587000.0,100.587,,588.0,RS,Recomendado (RS),True,MUNICIPALIDAD DE PETORCA,False,2017,2020,105678000.0
30136060,30136060-0,"CONSTRUCCION DEFENSAS FLUVIALES RÍO BLANCO EN CHAITÉN SUR, PALENA",PROYECTO,RECURSOS HIDRICOS,"DEFENSAS FLUVIALES,MARITIMAS Y CAUCES NATURALES",EJECUCION,0,2014,,CHAITEN,SECTORIAL,148382000.0,148.382,,4000.0,RS,Recomendado (RS),True,DIRECCION DE OBRAS HIDRAULICAS MOP REGION DE LOS LAGOS,False,2013,2014,148382000.0
30136095,30136095-0,MEJORAMIENTO PARQUE URBANO ALAMEDA DE NANCAGUA,PROYECTO,VIVIENDA Y DESARROLLO URBANO,DESARROLLO URBANO,PERFIL,0,2017,,NANCAGUA,F.N.D.R.,70876000.0,70.876,,9264.0,,Sin evaluación,False,MUNICIPALIDAD DE NANCAGUA,False,2014,2017,70876000.0
30136287,30136287-0,TRANSFERENCIA PROYECTOS AUTOABASTECIMIENTO ERNC MIPYMES BIOBIO,PROGRAMA,ENERGIA,AUTOGENERACION,PERFIL,0,2018,L BIO BIO,,F.N.D.R.,664494000.0,664.494,995809.92,38.0,,Sin evaluación,False,GOBIERNO REGIONAL - REGION DEL BIO BIO,False,2014,2018,664494000.0
30136316,30136316-0,CONSTRUCCION SALAS DE COORDINACIÓN GENERAL PARA LA RED DE METRO S.A.,PROYECTO,TRANSPORTE,"TRANSPORTE URBANO,VIALIDAD PEATONAL",EJECUCION,0,2016,METROPOLITANA DE SANTIAGO,,EMPRESA,959019000.0,959.019,,2.0,RS,Recomendado (RS),True,METRO S.A.,False,2013,2016,959019000.0
30136428,30136428-0,CONSTRUCCION SERVICIO FERROVIARIO DE PASAJEROS MAPOCHO - BATUCO,PROYECTO,TRANSPORTE,TRANSPORTE FERROVIARIO,DISEÑO,0,2017,METROPOLITANA DE SANTIAGO,,EMPRESA,4512338000.0,4512.338,,16000000.0,RS,Recomendado (RS),True,EMPRESA DE FERROCARRILES DEL ESTADO,False,2013,2017,4512338000.0
30136480,30136480-0,TRANSFERENCIA ALTERNATIVAS PARA APROVECHAMIENTO DE LA ENERGIA EÓLICA,PROGRAMA,ENERGIA,AUTOGENERACION,EJECUCION,0,2016,L MAULE,,F.N.D.R.,117880000.0,117.88,194079.49,,,Sin evaluación,False,GOBIERNO REGIONAL - REGION DEL MAULE,False,2013,2016,117880000.0
30136667,30136667-0,"AMPLIACION APR QUEBRADA LA PITRA A LO MARCHANT,MARCHIGUE-PUMANQUE",PROYECTO,RECURSOS HIDRICOS,AGUA POTABLE,EJECUCION,0,2016,,MARCHIGUE,SECTORIAL,1753104000.0,1753.104,,982.0,RS,Recomendado (RS),True,DIRECCION DE OBRAS HIDRAULICAS MOP REGION DEL LIBERTADOR GENERAL BERNARDO O'HIGGINS,False,2014,2016,2014620000.0
30136711,30136711-0,ADQUISICION SISTEMA DE COMUNICACIONES TETRA PARA LA RED DE METRO,PROYECTO,TRANSPORTE,"TRANSPORTE URBANO,VIALIDAD PEATONAL",EJECUCION,0,2016,METROPOLITANA DE SANTIAGO,,EMPRESA,8356766000.0,8356.766,,2.0,RS,Recomendado (RS),True,METRO S.A.,False,2013,2016,8356766000.0
30136883,30136883-0,"CONSTRUCCION MUROS DE CONTENCIÓN POBLACIÓN LANIN, TEMUCO",PROYECTO,VIVIENDA Y DESARROLLO URBANO,SOLUCION HABITACIONAL PARCIAL O COMPLEMENTARIA,EJECUCION,0,2017,,TEMUCO,SECTORIAL,518996000.0,518.996,,230.0,FI,Falta información (FI),False,SEREMI VIVIENDA REGION DE LA ARAUCANIA,False,2014,2017,1540487000.0
30136885,30136885-0,CONSTRUCCION PARQUE URBANO SECCIÓN LONGITUDINAL SUR - VALDIVIA,PROYECTO,VIVIENDA Y DESARROLLO URBANO,DESARROLLO URBANO,EJECUCION,0,2016,,VALDIVIA - REGION XIV,SECTORIAL,4408150000.0,4408.15,,46210.0,RS,Recomendado (RS),True,SEREMI VIVIENDA REGION DE LOS RIOS,False,2013,2016,4408150000.0
30137010,30137010-0,"CONSTRUCCION SISTEMA ALCANTARILLADO QUEBRADA HERRERA, PUTAENDO",PROYECTO,RECURSOS HIDRICOS,EVACUACION DISPOSICION FINAL AGUAS SERVIDAS,DISEÑO,0,2016,,PUTAENDO,F.N.D.R.,62713000.0,62.713,,1957.0,RS,Recomendado (RS),True,MUNICIPALIDAD DE PUTAENDO,False,2013,2016,90174000.0
30137215,30137215-0,REPARACION ESTRIBOS PUENTE FERROVIARIO PUANGUE,PROYECTO,TRANSPORTE,TRANSPORTE FERROVIARIO,,0,2015,METROPOLITANA DE SANTIAGO,,EMPRESA,282601000.0,282.601,,2000.0,RS,Recomendado (RS),True,EMPRESA DE FERROCARRILES DEL ESTADO,False,2013,2015,282601000.0
30137337,30137337-0,AMPLIACION ALUMBRADO PEATONAL DE EFICIENCIA ENERGETICA PARA LA COM,PROYECTO,ENERGIA,ALUMBRADO PUBLICO,PERFIL,0,2016,,DALCAHUE,F.N.D.R.,69731000.0,69.731,,10693.0,,Sin evaluación,False,MUNICIPALIDAD DE DALCAHUE,False,2014,2016,69731000.0
30137372,30137372-0,ADQUISICION CAMIONES RECOLECTORES RESIDUOS SOLIDOS,PROYECTO,RECURSOS NATURALES Y MEDIO AMBIENTE,MEDIO AMBIENTE,EJECUCION,0,2017,,RAUCO,F.N.D.R.,408910000.0,408.91,,9805.0,,Sin evaluación,False,GOBIERNO REGIONAL - REGION DEL MAULE,False,2015,2017,408910000.0
30137390,30137390-0,CONSTRUCCION EJE LO MARCOLETA ENTRE LOS AMERICANOS (FFCC) Y RUTA 5,PROYECTO,TRANSPORTE,"TRANSPORTE URBANO,VIALIDAD PEATONAL",EJECUCION,0,2016,METROPOLITANA DE SANTIAGO,,SECTORIAL,20744990000.0,20744.99,,300000.0,RS,Recomendado (RS),True,SEREMI VIVIENDA REGION METROPOLITANA DE SANTIAGO,False,2013,2016,20744990000.0
30137423,30137423-0,"ADQUISICION EQUIPOS Y EQUIPAMIENTO PARA TRANSPORTE DE RSD, LAUTARO",PROYECTO,RECURSOS NATURALES Y MEDIO AMBIENTE,MEDIO AMBIENTE,PERFIL,0,2019,,LAUTARO,F.N.D.R.,433757000.0,433.757,,35300.0,,Sin evaluación,False,MUNICIPALIDAD DE LAUTARO,False,2013,2019,433757000.0
30137456,30137456-0,CONSERVACION DE PROTECCIÓN ANTICORROSIVA 4 PUENTES METÁLICOS,PROYECTO,TRANSPORTE,TRANSPORTE FERROVIARIO,EJECUCION,0,2016,,,EMPRESA,3917329000.0,3917.329,,8000.0,RS,Recomendado (RS),True,EMPRESA DE FERROCARRILES DEL ESTADO,False,2013,2016,3917329000.0
30137472,30137472-0,MEJORAMIENTO ESTACIÓN CENTRAL Y ESTACIÓN SAN BERNARDO,PROYECTO,TRANSPORTE,TRANSPORTE FERROVIARIO,EJECUCION,0,2017,METROPOLITANA DE SANTIAGO,,EMPRESA,4414952000.0,4414.952,,2000000.0,RS,Recomendado (RS),True,EMPRESA DE FERROCARRILES DEL ESTADO,False,2013,2017,4414952000.0
30137644,30137644-0,"ADQUISICION LUMINARIAS FOTOVOLTAICAS, COMUNA LLAY LLAY",PROYECTO,ENERGIA,ALUMBRADO PUBLICO,PERFIL,0,2015,,LLAY LLAY,F.N.D.R.,99731000.0,99.731,,21644.0,,Sin evaluación,False,MUNICIPALIDAD DE LLAY LLAY,False,2013,2015,117998000.0
30137839,30137839-0,ADQUISICION PANELES FOTOVOLTAICOS EN MALL ZOFRI,PROYECTO,MULTISECTORIAL,INTERSUBSECTORIAL MULTISECTOR,EJECUCION,0,2015,TARAPACA,,EMPRESA,433262000.0,433.262,,1600.0,RS,Recomendado (RS),True,ZONA FRANCA IQUIQUE S.A.,False,2014,2015,433262000.0
30137877,30137877-0,ADQUISICION SISTEMA DE APOYO PARA CONTROL DE GESTIÓN - EFE,PROYECTO,TRANSPORTE,TRANSPORTE FERROVIARIO,EJECUCION,0,2017,METROPOLITANA DE SANTIAGO,,EMPRESA,169541000.0,169.541,,1300.0,RS,Recomendado (RS),True,EMPRESA DE FERROCARRILES DEL ESTADO,False,2013,2017,169541000.0
30138174,30138174-0,CONSERVACION DE RIELES EN REGIÓN METROPOLITANA Y VIII REGIÓN,PROYECTO,TRANSPORTE,TRANSPORTE FERROVIARIO,EJECUCION,0,2017,,,EMPRESA,3141716000.0,3141.716,,2000.0,RS,Recomendado (RS),True,EMPRESA DE FERROCARRILES DEL ESTADO,False,2013,2017,3141716000.0
30140272,30140272-0,CONSTRUCCION INFRAESTRUCTURA SANITARIA LA PAZ- LONCOCHE,PROYECTO,VIVIENDA Y DESARROLLO URBANO,SOLUCION HABITACIONAL PARCIAL O COMPLEMENTARIA,PERFIL,0,2016,,LONCOCHE,F.N.D.R.,1900950000.0,1900.95,,672.0,FI,Falta información (FI),False,MUNICIPALIDAD DE LONCOCHE,False,2014,2016,1900950000.0
30140323,30140323-0,"CONSTRUCCION AREA VERDE HAMBURGO - DINAHUE, HUALPEN",PROYECTO,VIVIENDA Y DESARROLLO URBANO,DESARROLLO URBANO,EJECUCION,0,2017,,HUALPEN,F.N.D.R.,31741000.0,31.741,,2317.0,,Sin evaluación,False,MUNICIPALIDAD DE HUALPEN,False,2013,2017,31741000.0
30140822,30140822-0,REPOSICION DEL SISTEMA SCADA DE ENERGÍA PARA LA RED DE METRO S.A,PROYECTO,TRANSPORTE,"TRANSPORTE URBANO,VIALIDAD PEATONAL",EJECUCION,0,2016,METROPOLITANA DE SANTIAGO,,EMPRESA,3304603000.0,3304.603,,2.0,RS,Recomendado (RS),True,METRO S.A.,False,2013,2016,3304603000.0
30155122,30155122-0,"MEJORAMIENTO CBI RUTA D-37E, SECTOR: SOCAVON - TUNEL LAS ASTAS",PROYECTO,TRANSPORTE,TRANSPORTE CAMINERO,EJECUCION,0,2016,,,SECTORIAL,1325191000.0,1325.191,,0.0,RS,Recomendado (RS),True,VIALIDAD MOP REGION DE COQUIMBO,False,2014,2016,1325191000.0
30157122,30157122-0,ADQUISICION DE LUMINARIAS ALTA EFICIENCIA TIPO LED PUENTE ALTO,PROYECTO,ENERGIA,ALUMBRADO PUBLICO,PERFIL,0,2015,,PUENTE ALTO,F.N.D.R.,925912000.0,925.912,,128520.0,,Sin evaluación,False,MUNICIPALIDAD DE PUENTE ALTO,False,2013,2015,925912000.0
30158972,30158972-0,"CONSTRUCCION ESTANQUE RETENCIÓN AGUAS LLUVIAS P.DE VALDIVIA,TEMUCO",PROYECTO,RECURSOS HIDRICOS,AGUAS LLUVIAS,EJECUCION,0,2017,,TEMUCO,F.N.D.R.,866020000.0,866.02,,3142.0,RS,Recomendado (RS),True,MUNICIPALIDAD DE TEMUCO,False,2014,2017,1058756000.0
30163923,30163923-0,CONSTRUCCION CICLOVÍA AMÉRICA - OCHAGAVÍA,PROYECTO,VIVIENDA Y DESARROLLO URBANO,DESARROLLO URBANO,PERFIL,0,2018,,SAN BERNARDO,F.N.D.R.,1429117000.0,1429.117,,10000.0,FI,Falta información (FI),False,MUNICIPALIDAD DE SAN BERNARDO,False,2014,2018,1429117000.0
30167472,30167472-0,"CONSTRUCCION RELLENO SANITARIO, COMUNA DE SIERRA GORDA",PROYECTO,RECURSOS NATURALES Y MEDIO AMBIENTE,MEDIO AMBIENTE,EJECUCION,0,2017,,SIERRA GORDA,F.N.D.R.,265366000.0,265.366,,,RS,Recomendado (RS),True,MUNICIPALIDAD DE SIERRA GORDA,False,2014,2017,272906000.0
30170522,30170522-0,TRANSFERENCIA APLICACIÓN MEDIDAS EFICIENCIA ENERGÉTICA MINERIA AYP,PROGRAMA,MINERIA,INTERSUBSECTORIAL MINERIA,EJECUCION,0,2015,ARICA Y PARINACOTA,,F.N.D.R.,98229000.0,98.229,187545.82,,,Sin evaluación,False,GOBIERNO REGIONAL - REGION DE ARICA Y PARINACOTA,False,2013,2015,98229000.0
30170873,30170873-0,HABILITACION DE LA NAVE Y ESTACIÓN TALCA,PROYECTO,TRANSPORTE,TRANSPORTE FERROVIARIO,EJECUCION,0,2017,L MAULE,,F.N.D.R.,3726295000.0,3726.295,,400000.0,RS,Recomendado (RS),True,EMPRESA DE FERROCARRILES DEL ESTADO,False,2013,2017,3726295000.0
30174972,30174972-0,CONSTRUCCION ESTACIÓN FFCC 5 PINOS - RANCAGUA EXPRESS,PROYECTO,TRANSPORTE,TRANSPORTE FERROVIARIO,EJECUCION,0,2017,METROPOLITANA DE SANTIAGO,,EMPRESA,4338245000.0,4338.245,,400000.0,RS,Recomendado (RS),True,EMPRESA DE FERROCARRILES DEL ESTADO,False,2013,2017,4338245000.0
30176826,30176826-0,"CONSTRUCCION PLANTA DE COMPOSTAJE, CASABLANCA",PROYECTO,RECURSOS NATURALES Y MEDIO AMBIENTE,MEDIO AMBIENTE,EJECUCION,0,2022,,CASABLANCA,F.N.D.R.,788453000.0,788.453,,26867.0,RS,Recomendado (RS),True,MUNICIPALIDAD DE CASABLANCA,False,2014,2022,788453000.0
30176923,30176923-0,MEJORAMIENTO PROTECCIÓN COSTERA SECTOR MOLO SUR EPSA,PROYECTO,TRANSPORTE,"TRANSPORTE MARITIMO, FLUVIAL Y LACUSTRE",EJECUCION,0,2017,,SAN ANTONIO,EMPRESA,6396094000.0,6396.094,,9000.0,RS,Recomendado (RS),True,EMPRESA PORTUARIA SAN ANTONIO,False,2014,2017,6396094000.0
30187273,30187273-0,CONSTRUCCION RED DE CICLOVIAS COMUNA DE SANTA JUANA,PROYECTO,TRANSPORTE,"TRANSPORTE URBANO,VIALIDAD PEATONAL",PERFIL,0,2015,,SANTA JUANA,F.N.D.R.,721075000.0,721.075,,13458.0,OT,Objetado técnicamente (OT),False,MUNICIPALIDAD DE SANTA JUANA,False,2014,2015,721075000.0
30189522,30189522-0,MEJORAMIENTO 4 ESTACIONES SERVICIO RANCAGUA EXPRESS,PROYECTO,TRANSPORTE,TRANSPORTE FERROVIARIO,,0,2016,,,EMPRESA,2717260000.0,2717.26,,4000000.0,RS,Recomendado (RS),True,EMPRESA DE FERROCARRILES DEL ESTADO,False,2014,2016,2717260000.0
30191622,30191622-0,"MEJORAMIENTO 3 ÁREAS VERDES SECTOR NORTE, PUNTA ARENAS",PROYECTO,VIVIENDA Y DESARROLLO URBANO,DESARROLLO URBANO,PERFIL,0,2017,,PUNTA ARENAS,F.N.D.R.,518838000.0,518.838,,3588.0,RS,Recomendado (RS),True,MUNICIPALIDAD DE PUNTA ARENAS,False,2014,2017,518838000.0
30193572,30193572-0,CONSERVACION SISTEMA SEC MANTENIMIENTO MAYOR,PROYECTO,TRANSPORTE,TRANSPORTE FERROVIARIO,EJECUCION,0,2018,,,EMPRESA,2804235000.0,2804.235,,4000000.0,RS,Recomendado (RS),True,EMPRESA DE FERROCARRILES DEL ESTADO,False,2014,2018,2804235000.0
30196572,30196572-0,MEJORAMIENTO DE CALCES DESRIELADORES EN ZONAS CTC,PROYECTO,TRANSPORTE,TRANSPORTE FERROVIARIO,EJECUCION,0,2017,,,EMPRESA,75307000.0,75.307,,400000.0,RS,Recomendado (RS),True,EMPRESA DE FERROCARRILES DEL ESTADO,False,2014,2017,75307000.0
30197977,30197977-0,CONSERVACION POSTES SOLARES VÍAS DE EVACUACIÓN ZOFRI,PROYECTO,MULTISECTORIAL,INTERSUBSECTORIAL MULTISECTOR,PERFIL,0,2015,TARAPACA,,EMPRESA,75833000.0,75.833,,30000.0,RS,Recomendado (RS),True,ZONA FRANCA IQUIQUE S.A.,False,2014,2015,75833000.0
30202372,30202372-0,HABILITACION AUTOMATIZADA DE PASOS A NIVEL CON GUARDACRUCES,PROYECTO,TRANSPORTE,TRANSPORTE FERROVIARIO,EJECUCION,0,2017,,,EMPRESA,11667545000.0,11667.545,,2000000.0,RS,Recomendado (RS),True,EMPRESA DE FERROCARRILES DEL ESTADO,False,2014,2017,11667545000.0
30209422,30209422-0,TRANSFERENCIA CARACT. Y PREDICC. RADIACION SOLAR USO TRANSF. PRODUCT.,PROGRAMA,ENERGIA,INTERSUBSECTORIAL ENERGIA,EJECUCION,0,2015,ARICA Y PARINACOTA,,F.N.D.R.,182187000.0,182.187,347844.43,,,Sin evaluación,False,GOBIERNO REGIONAL - REGION DE ARICA Y PARINACOTA,False,2014,2015,182187000.0
30210072,30210072-0,TRANSFERENCIA COMPETITIVIDAD TRANSPORTE PUBLICO CIUDAD DE ARICA,PROGRAMA,TRANSPORTE,"TRANSPORTE URBANO,VIALIDAD PEATONAL",EJECUCION,0,2016,XV,,F.N.D.R.,180232000.0,180.232,296736.8,,,Sin evaluación,False,GOBIERNO REGIONAL - REGION DE ARICA Y PARINACOTA,False,2014,2016,180232000.0
30214423,30214423-0,CONSERVACION DE OBRAS POR SEQUIA PROVINCIA DE PETORCA REGION DE VALPARAISO,PROYECTO,RECURSOS HIDRICOS,AGUA POTABLE,EJECUCION,0,2017,,PETORCA,SECTORIAL,10302565000.0,10302.565,,4311.0,,Sin evaluación,False,DIRECCION DE OBRAS HIDRAULICAS MOP REGION DE VALPARAISO,False,2014,2017,10478463000.0
30215072,30215072-0,"CONSERVACION DE RIBERAS NATURALES AÑO 2015, VI REGIÓN",PROYECTO,RECURSOS HIDRICOS,"DEFENSAS FLUVIALES,MARITIMAS Y CAUCES NATURALES",EJECUCION,0,2018,L LIBERTADOR GENERAL,,SECTORIAL,4729135000.0,4729.135,,4000.0,,Sin evaluación,False,DIRECCION DE OBRAS HIDRAULICAS MOP REGION DEL LIBERTADOR GENERAL BERNARDO O'HIGGINS,False,2014,2018,4729135000.0
30215222,30215222-0,"CONSERVACION DE RED COLECTORES DE AGUAS LLUVIAS AÑO 2015, VI REGIÓN",PROYECTO,RECURSOS HIDRICOS,AGUAS LLUVIAS,EJECUCION,0,2017,L LIBERTADOR GENERAL,,SECTORIAL,764494000.0,764.494,,4000.0,,Sin evaluación,False,DIRECCION DE OBRAS HIDRAULICAS MOP REGION DEL LIBERTADOR GENERAL BERNARDO O'HIGGINS,False,2014,2017,764494000.0
30215322,30215322-0,"CONSERVACION OBRAS DE RIEGO, AGUAS LLUVIAS PROEMPLEO AÑO 2017,VI REG",PROYECTO,RECURSOS HIDRICOS,RIEGO,PERFIL,0,2017,L LIBERTADOR GENERAL,,SECTORIAL,159345000.0,159.345,,2500.0,,Sin evaluación,False,DIRECCION DE OBRAS HIDRAULICAS MOP REGION DEL LIBERTADOR GENERAL BERNARDO O'HIGGINS,False,2015,2017,159345000.0
30215723,30215723-0,CONSTRUCCION RELLENO SANITARIO COMUNA DE ARICA,PROYECTO,RECURSOS NATURALES Y MEDIO AMBIENTE,MEDIO AMBIENTE,FACTIBILIDAD,0,2018,,ARICA - REGION XV,F.N.D.R.,2448193000.0,2448.193,,175500.0,OT,Objetado técnicamente (OT),False,MUNICIPALIDAD DE ARICA REGION DE ARICA Y PARINACOTA,False,2014,2018,2448193000.0
30217572,30217572-0,"MEJORAMIENTO EFICIENCIA ENERGETICA DE ALUMBRADO PUBLICO, SANTA CRUZ",PROYECTO,ENERGIA,ALUMBRADO PUBLICO,EJECUCION,0,2017,,SANTA CRUZ,F.N.D.R.,1526083000.0,1526.083,,36061.0,,Sin evaluación,False,MUNICIPALIDAD DE SANTA CRUZ,False,2014,2017,1526083000.0
30220623,30220623-0,"CONSERVACION RIBERAS DE CAUCES NATURALES 2015-2017, XII REGIÓN",PROYECTO,RECURSOS HIDRICOS,"DEFENSAS FLUVIALES,MARITIMAS Y CAUCES NATURALES",EJECUCION,0,2017,MAGALLANES Y ANTARTICA,,SECTORIAL,2258565000.0,2258.565,,118000.0,,Sin evaluación,False,DIRECCION DE OBRAS HIDRAULICAS MOP REGION DE MAGALLANES Y ANTARTICA CHILENA,False,2014,2017,2258565000.0
30220722,30220722-0,"CONSERVACION DE COLECTORES DE AGUAS LLUVIAS 2015-2019, PUNTA ARENAS",PROYECTO,RECURSOS HIDRICOS,AGUAS LLUVIAS,EJECUCION,0,2017,,PUNTA ARENAS,SECTORIAL,2030233000.0,2030.233,,120000.0,,Sin evaluación,False,DIRECCION DE OBRAS HIDRAULICAS MOP REGION DE MAGALLANES Y ANTARTICA CHILENA,False,2014,2017,2030233000.0
30220876,30220876-0,CONSTRUCCION NUEVA ESTACIÓN VALENCIA DE METRO VALPARAÍSO,PROYECTO,TRANSPORTE,TRANSPORTE FERROVIARIO,EJECUCION,0,2018,,QUILPUE,EMPRESA,231288000.0,231.288,,2300000.0,RS,Recomendado (RS),True,EMPRESA DE FERROCARRILES DEL ESTADO,False,2014,2018,231288000.0
30222272,30222272-0,CONSTRUCCION CICLOVIA RUTA I-86 COMUNAS DE STA. CRUZ Y CHÉPICA,PROYECTO,TRANSPORTE,TRANSPORTE CAMINERO,PERFIL,0,2017,,,SECTORIAL,2356611000.0,2356.611,,0.0,RS,Recomendado (RS),True,VIALIDAD MOP REGION DEL LIBERTADOR GENERAL BERNARDO O'HIGGINS,False,2015,2017,2356611000.0
30222322,30222322-0,CONSTRUCCION CICLOVIAS RUTAS H-65 Y H-579 COMUNA DE RENGO,PROYECTO,TRANSPORTE,TRANSPORTE CAMINERO,EJECUCION,0,2018,,RENGO,SECTORIAL,737025000.0,737.025,,0.0,,Sin evaluación,False,VIALIDAD MOP REGION DEL LIBERTADOR GENERAL BERNARDO O'HIGGINS,False,2015,2018,737025000.0
30222323,30222323-0,"CONSTRUCCION CICLOVIA RUTAS H-418 KM 0,0 AL 5,1; COMUNA REQUÍNOA",PROYECTO,TRANSPORTE,TRANSPORTE CAMINERO,PERFIL,0,2018,,REQUINOA,SECTORIAL,363204000.0,363.204,,0.0,,Sin evaluación,False,VIALIDAD MOP REGION DEL LIBERTADOR GENERAL BERNARDO O'HIGGINS,False,2016,2018,363204000.0
30225822,30225822-0,CONSERVACION RIBERAS CAUCES NATURALES REGIÓN VALPARAÍSO 2015 - 2017,PROYECTO,RECURSOS HIDRICOS,"DEFENSAS FLUVIALES,MARITIMAS Y CAUCES NATURALES",EJECUCION,0,2017,VALPARAISO,,SECTORIAL,3582668000.0,3582.668,,200000.0,,Sin evaluación,False,DIRECCION DE OBRAS HIDRAULICAS MOP REGION DE VALPARAISO,False,2014,2017,3582668000.0
30226672,30226672-0,CONSERVACION RIBERAS CAUCES NATURALES REGION DE LOS LAGOS,PROYECTO,RECURSOS HIDRICOS,"DEFENSAS FLUVIALES,MARITIMAS Y CAUCES NATURALES",EJECUCION,0,2018,LOS LAGOS,,SECTORIAL,8514908000.0,8514.908,,10000.0,,Sin evaluación,False,DIRECCION DE OBRAS HIDRAULICAS MOP REGION DE LOS LAGOS,False,2014,2018,8514908000.0
30227122,30227122-0,CONSERVACION DE RIBERAS REGIÓN DE COQUIMBO (2015-2017),PROYECTO,RECURSOS HIDRICOS,"DEFENSAS FLUVIALES,MARITIMAS Y CAUCES NATURALES",EJECUCION,0,2017,COQUIMBO,,SECTORIAL,5961174000.0,5961.174,,1600.0,,Sin evaluación,False,DIRECCION DE OBRAS HIDRAULICAS MOP REGION DE COQUIMBO,False,2014,2017,5961174000.0
30227372,30227372-0,CONSERVACION RED PRIMARIA DE AGUAS LLUVIAS IV REGIÓN (2015-2017),PROYECTO,RECURSOS HIDRICOS,AGUAS LLUVIAS,EJECUCION,0,2017,COQUIMBO,,SECTORIAL,1748673000.0,1748.673,,45040.0,,Sin evaluación,False,DIRECCION DE OBRAS HIDRAULICAS MOP REGION DE COQUIMBO,False,2014,2017,1748673000.0
30227573,30227573-0,AMPLIACION DEL RELLENO SANITARIO DE PICA,PROYECTO,RECURSOS NATURALES Y MEDIO AMBIENTE,MEDIO AMBIENTE,,0,2018,,PICA (Prov. Tamarugal),F.N.D.R.,46896000.0,46.896,,4033.0,RS,Recomendado (RS),True,MUNICIPALIDAD DE PICA,False,2014,2018,48798000.0
30228522,30228522-0,"CONSERVACION DE RIBERAS EN VARIOS CAUCES, REG ARAUCANIA 2015 - 2017",PROYECTO,RECURSOS HIDRICOS,"DEFENSAS FLUVIALES,MARITIMAS Y CAUCES NATURALES",EJECUCION,0,2017,LA ARAUCANIA,,SECTORIAL,6189250000.0,6189.25,,3600.0,,Sin evaluación,False,DIRECCION DE OBRAS HIDRAULICAS MOP REGION DE LA ARAUCANIA,False,2014,2017,6189250000.0
30229826,30229826-0,CONSTRUCCION RELLENO SANITARIO PARA LA COMUNA DE POZO A,PROYECTO,RECURSOS NATURALES Y MEDIO AMBIENTE,MEDIO AMBIENTE,DISEÑO,0,2018,,POZO ALMONTE (Prov. Tamarugal),F.N.D.R.,63276000.0,63.276,,17935.0,RS,Recomendado (RS),True,MUNICIPALIDAD DE POZO ALMONTE,False,2014,2018,63276000.0
30233223,30233223-0,CONSERVACION SISTEMAS DE AGUAS LLUVIAS REGION DEL BIOBIO 2015 - 2018,PROYECTO,RECURSOS HIDRICOS,AGUAS LLUVIAS,PERFIL,0,2015,L BIO BIO,,SECTORIAL,3603000000.0,3603.0,,11600.0,,Sin evaluación,False,DIRECCION DE OBRAS HIDRAULICAS MOP REGION DEL BIO BIO,False,2015,2015,3603000000.0
30233424,30233424-0,TRANSFERENCIA PROD. BIOGAS A TRAVÉS DE RESIDUOS ORGANICOS,PROGRAMA,ENERGIA,INTERSUBSECTORIAL ENERGIA,EJECUCION,0,2016,LOS LAGOS,,F.N.D.R.,40832000.0,40.832,67226.45,,,Sin evaluación,False,GOBIERNO REGIONAL - REGION DE LOS LAGOS,False,2014,2016,111646000.0
30233426,30233426-0,TRANSFERENCIA VALORIZACIÓN AGRÓMICA DE BIOSÓLIDOS,PROGRAMA,MULTISECTORIAL,INTERSUBSECTORIAL MULTISECTOR,EJECUCION,0,2016,LOS LAGOS,,F.N.D.R.,71987000.0,71.987,118520.53,,,Sin evaluación,False,GOBIERNO REGIONAL - REGION DE LOS LAGOS,False,2014,2016,89690000.0
30233623,30233623-0,TRANSFERENCIA PROD. DE BRIQUETAS Y PELLET EN BASE AL CHACAY,PROGRAMA,ENERGIA,INTERSUBSECTORIAL ENERGIA,EJECUCION,0,2016,LOS LAGOS,,F.N.D.R.,93990000.0,93.99,154746.62,,,Sin evaluación,False,GOBIERNO REGIONAL - REGION DE LOS LAGOS,False,2014,2016,119000000.0
30233972,30233972-0,CONSERVACION RIELES VÍA FÉRREA DEL FERROCARRIL DE ARICA A LA PAZ,PROYECTO,TRANSPORTE,TRANSPORTE FERROVIARIO,EJECUCION,0,2018,ARICA Y PARINACOTA,,EMPRESA,5415524000.0,5415.524,,190000.0,RS,Recomendado (RS),True,EMPRESA DE FERROCARRILES DEL ESTADO,False,2014,2018,5415524000.0
30234472,30234472-0,TRANSFERENCIA GENERACIÓN DE COMPETENCIAS ERNC,PROGRAMA,ENERGIA,INTERSUBSECTORIAL ENERGIA,EJECUCION,0,2015,LOS LAGOS,,F.N.D.R.,119725000.0,119.725,228587.52,,,Sin evaluación,False,GOBIERNO REGIONAL - REGION DE LOS LAGOS,False,2014,2015,119725000.0
30235172,30235172-0,CONSERVACION DE RIBERAS CAUCE RIO MAPOCHO SECTOR RENATO POBLETE,PROYECTO,RECURSOS HIDRICOS,"DEFENSAS FLUVIALES,MARITIMAS Y CAUCES NATURALES",EJECUCION,0,2017,METROPOLITANA DE SANTIAGO,,SECTORIAL,3046078000.0,3046.078,,1000000.0,,Sin evaluación,False,DIRECCION DE OBRAS HIDRAULICAS MOP,False,2014,2017,11409013000.0
30235872,30235872-0,"CONSTRUCCION CICLOVÍA, COMUNA DE PERQUENCO",PROYECTO,TRANSPORTE,INTERSUBSECTORIAL TRANSPORTE,PERFIL,0,2016,,PERQUENCO,F.N.D.R.,36202000.0,36.202,,2492.0,FI,Falta información (FI),False,MUNICIPALIDAD DE PERQUENCO,False,2015,2016,36202000.0
30236422,30236422-0,CONSERVACION RED PRIMARIA DE AGUAS LLUVIAS REGION DE AYSEN,PROYECTO,RECURSOS HIDRICOS,AGUAS LLUVIAS,EJECUCION,0,2018,AISEN DEL GENERAL CARLOS,,SECTORIAL,1196800000.0,1196.8,,80000.0,,Sin evaluación,False,DIRECCION DE OBRAS HIDRAULICAS MOP REGION DE AISEN DEL GENERAL CARLOS IBAÑEZ DEL,False,2014,2018,1196800000.0
30237372,30237372-0,"CONSERVACION DE RIBERAS DE CAUCES NATURALES, XI REGIÓN",PROYECTO,RECURSOS HIDRICOS,"DEFENSAS FLUVIALES,MARITIMAS Y CAUCES NATURALES",EJECUCION,0,2018,AISEN DEL GENERAL CARLOS,,SECTORIAL,4054788000.0,4054.788,,4400.0,,Sin evaluación,False,DIRECCION DE OBRAS HIDRAULICAS MOP REGION DE AISEN DEL GENERAL CARLOS IBAÑEZ DEL,False,2014,2018,4054788000.0
30239022,30239022-0,"CONSTRUCCION ETAPA 1 PARQUE URBANO CERRO LA VIRGEN, YUMBEL",PROYECTO,VIVIENDA Y DESARROLLO URBANO,DESARROLLO URBANO,EJECUCION,0,2018,,YUMBEL,SECTORIAL,2454080000.0,2454.08,,103828.0,RS,Recomendado (RS),True,SEREMI VIVIENDA REGION DEL BIO BIO,False,2014,2018,2454080000.0
30241923,30241923-0,"CONSTRUCCION PARQUE URBANO PRICE, HUALPEN",PROYECTO,VIVIENDA Y DESARROLLO URBANO,DESARROLLO URBANO,DISEÑO,0,2018,,HUALPEN,F.N.D.R.,39854000.0,39.854,,22405.0,FI,Falta información (FI),False,MUNICIPALIDAD DE HUALPEN,False,2014,2018,39854000.0
30242522,30242522-0,"ADQUISICION E INSTALACIÓN LUMINARIAS SOLARES RURALES, CAÑETE",PROYECTO,ENERGIA,ALUMBRADO PUBLICO,EJECUCION,0,2016,,CAÑETE,F.N.D.R.,52568000.0,52.568,,5088.0,,Sin evaluación,False,MUNICIPALIDAD DE CAÑETE,False,2014,2016,61703000.0
30243272,30243272-0,HABILITACION NUEVO MODELO DE MANTENIMIENTO DE INFRAESTRUCTURA EFE,PROYECTO,TRANSPORTE,TRANSPORTE FERROVIARIO,DISEÑO,0,2017,,,EMPRESA,1689534000.0,1689.534,,6000000.0,RS,Recomendado (RS),True,EMPRESA DE FERROCARRILES DEL ESTADO,False,2014,2017,1689534000.0
30245922,30245922-0,ADQUISICION E IMPLANTACIÓN DEL ERP SAP EN METRO VALPARAÍSO,PROYECTO,TRANSPORTE,TRANSPORTE FERROVIARIO,EJECUCION,0,2018,VALPARAISO,,EMPRESA,150344000.0,150.344,,2000000.0,RS,Recomendado (RS),True,EMPRESA DE FERROCARRILES DEL ESTADO,False,2014,2018,150344000.0
30246022,30246022-0,"RESTAURACION SISTEMAS SEÑALIZADOS DE EFE, SECTOR CHILLÁN - TEMUCO",PROYECTO,TRANSPORTE,TRANSPORTE FERROVIARIO,EJECUCION,0,2017,,,EMPRESA,223548000.0,223.548,,2000000.0,RS,Recomendado (RS),True,EMPRESA DE FERROCARRILES DEL ESTADO,False,2014,2017,223548000.0
30246272,30246272-0,HABILITACION AUTOMATIZACION DE CRUCES A NIVEL EN LA RED EFE,PROYECTO,TRANSPORTE,TRANSPORTE FERROVIARIO,EJECUCION,0,2017,,,EMPRESA,268387000.0,268.387,,,RS,Recomendado (RS),True,EMPRESA DE FERROCARRILES DEL ESTADO,False,2014,2017,268387000.0
30246323,30246323-0,ADQUISICION SISTEMA DE ABASTECIMIENTO Y GESTIÓN DE CONTRATOS EFE,PROYECTO,TRANSPORTE,TRANSPORTE FERROVIARIO,EJECUCION,0,2017,METROPOLITANA DE SANTIAGO,,EMPRESA,733354000.0,733.354,,600.0,RS,Recomendado (RS),True,EMPRESA DE FERROCARRILES DEL ESTADO,False,2014,2017,733354000.0
30250172,30250172-0,HABILITACION EMPALMES DE RESPALDO LOCALES TECNICOS,PROYECTO,TRANSPORTE,TRANSPORTE FERROVIARIO,EJECUCION,0,2017,,,EMPRESA,281748000.0,281.748,,2000000.0,RS,Recomendado (RS),True,EMPRESA DE FERROCARRILES DEL ESTADO,False,2014,2017,281748000.0
30258572,30258572-0,CONSTRUCCION AREA VERDE ATENAS ENTRE MALLORCA Y LAS PALMAS,PROYECTO,VIVIENDA Y DESARROLLO URBANO,DESARROLLO URBANO,EJECUCION,0,2018,,HUALPEN,F.N.D.R.,63374000.0,63.374,,17457.0,,Sin evaluación,False,MUNICIPALIDAD DE HUALPEN,False,2014,2018,63374000.0
30259623,30259623-0,CONSTRUCCION DE CICLOVIAS Y OBRAS ANEXAS VARIAS RUTAS REG DEL BIOBIO,PROYECTO,TRANSPORTE,TRANSPORTE CAMINERO,DISEÑO,0,2019,L BIO BIO,,SECTORIAL,510417000.0,510.417,,0.0,RS,Recomendado (RS),True,DIRECCION DE VIALIDAD MOP,False,2015,2019,512047000.0
30263472,30263472-0,HABILITACION EXTENSIÓN METRO VALPARAÍSO QUILLOTA LA CALERA,PROYECTO,TRANSPORTE,TRANSPORTE FERROVIARIO,DISEÑO,0,2017,VALPARAISO,,EMPRESA,2241181000.0,2241.181,,2000000.0,RS,Recomendado (RS),True,EMPRESA DE FERROCARRILES DEL ESTADO,False,2014,2017,2241181000.0
30264172,30264172-0,"CONSTRUCCION SOLUCIONES SANITARIAS LOCALIDAD DE CACHIYUYO, VALLENAR",PROYECTO,VIVIENDA Y DESARROLLO URBANO,SOLUCION HABITACIONAL PARCIAL O COMPLEMENTARIA,EJECUCION,0,2018,,VALLENAR,F.N.D.R.,2906208000.0,2906.208,,164.0,RS,Recomendado (RS),True,MUNICIPALIDAD DE VALLENAR,False,2015,2018,2906208000.0
30264173,30264173-0,"CONSTRUCCION SOLUCIONES SANITARIAS LOCALIDAD DE INCAHUASI, VALLENAR",PROYECTO,VIVIENDA Y DESARROLLO URBANO,SOLUCION HABITACIONAL PARCIAL O COMPLEMENTARIA,EJECUCION,0,2018,,VALLENAR,F.N.D.R.,2071204000.0,2071.204,,208.0,RS,Recomendado (RS),True,MUNICIPALIDAD DE VALLENAR,False,2015,2018,2071204000.0
30264672,30264672-0,"CONSTRUCCION AREA VERDE BRISAS DE PALOMARES, CONCEPCION",PROYECTO,VIVIENDA Y DESARROLLO URBANO,DESARROLLO URBANO,EJECUCION,0,2017,,CONCEPCION,F.N.D.R.,65796000.0,65.796,,11446.0,,Sin evaluación,False,MUNICIPALIDAD DE CONCEPCION,False,2014,2017,65796000.0
30264923,30264923-0,REPOSICION EQUIPOS AIRE ACONDICIONADO EN BOLETERIAS DE METRO S.A,PROYECTO,TRANSPORTE,"TRANSPORTE URBANO,VIALIDAD PEATONAL",EJECUCION,0,2015,METROPOLITANA DE SANTIAGO,,EMPRESA,51132000.0,51.132,,153.0,RS,Recomendado (RS),True,METRO S.A.,False,2014,2015,100801000.0
30265974,30265974-0,"CONSTRUCCION ALUMBRADO SOLAR VIAL, SECTOR LA AGUADA, LOS ALAMOS.",PROYECTO,ENERGIA,AUTOGENERACION,PERFIL,0,2017,,LOS ALAMOS,F.N.D.R.,63028000.0,63.028,,21245.0,,Sin evaluación,False,MUNICIPALIDAD DE LOS ALAMOS,False,2014,2017,63028000.0
30266078,30266078-0,CONSTRUCCION ALUMBRADO SOLAR VIAL SECTOR SARA DE LEBU,PROYECTO,ENERGIA,AUTOGENERACION,EJECUCION,0,2016,,LOS ALAMOS,F.N.D.R.,59905000.0,59.905,,21245.0,,Sin evaluación,False,MUNICIPALIDAD DE LOS ALAMOS,False,2014,2016,61712000.0
30266374,30266374-0,"CONSTRUCCION ALUMBRADO FOTOVOLTAICO, VARIOS SECTORES RURALES",PROYECTO,ENERGIA,ALUMBRADO PUBLICO,EJECUCION,0,2017,,TREGUACO - REGION DE ÑUBLE,F.N.D.R.,63456000.0,63.456,,,,Sin evaluación,False,MUNICIPALIDAD DE TREHUACO,False,2014,2017,63456000.0
30267225,30267225-0,CONSTRUCCION ALUMBRADO FOTOVOLTAICO DIVERSOS SECTORES CONTULMO,PROYECTO,ENERGIA,ALUMBRADO PUBLICO,PERFIL,0,2015,,CONTULMO,F.N.D.R.,50796000.0,50.796,,650.0,,Sin evaluación,False,MUNICIPALIDAD DE CONTULMO,False,2014,2015,50796000.0
30271023,30271023-0,"CONSTRUCCION CICLO VIA LARAQUETE - EL PINAR, COMUNA DE ARAUCO",PROYECTO,TRANSPORTE,TRANSPORTE CAMINERO,PERFIL,0,2023,,ARAUCO,F.N.D.R.,354151000.0,354.151,,4617.0,FI,Falta información (FI),False,MUNICIPALIDAD DE ARAUCO,False,2014,2023,359194000.0
30271572,30271572-0,"CONSTRUCCION CICLOVIA CARAMPANGUE-LA MESETA, COMUNA DE ARAUCO",PROYECTO,TRANSPORTE,TRANSPORTE CAMINERO,EJECUCION,0,2018,,ARAUCO,F.N.D.R.,331197000.0,331.197,,3831.0,RS,Recomendado (RS),True,MUNICIPALIDAD DE ARAUCO,False,2014,2018,331197000.0
30271576,30271576-0,CONSTRUCCION CICLOVIA PUENTE HUILLINES-CARAMPANGUE,PROYECTO,TRANSPORTE,TRANSPORTE CAMINERO,PERFIL,0,2015,,ARAUCO,F.N.D.R.,256703000.0,256.703,,0.0,FI,Falta información (FI),False,MUNICIPALIDAD DE ARAUCO,False,2014,2015,256703000.0
30272972,30272972-0,REPOSICION CAMIÓN COMPACTADOR RSD Y ADQUISICION DE CONTENEDORES,PROYECTO,RECURSOS NATURALES Y MEDIO AMBIENTE,MEDIO AMBIENTE,PERFIL,0,2017,,SAN PABLO,F.N.D.R.,150084000.0,150.084,,8324.0,,Sin evaluación,False,MUNICIPALIDAD DE SAN PABLO,False,2014,2017,172193000.0
30273183,30273183-0,MEJORAMIENTO SISTEMA TRANSPORTE PÚBLICO COQUIMBO,PROYECTO,TRANSPORTE,"TRANSPORTE URBANO,VIALIDAD PEATONAL",PREFACTIBILIDAD,0,2017,,COQUIMBO,SECTORIAL,179631000.0,179.631,,196838.0,RS,Recomendado (RS),True,SECTRA,False,2014,2017,206026000.0
30273473,30273473-0,"REPOSICION AREA VERDE COMPLEJO JULIO VERGARA, SAN CLEMENTE",PROYECTO,VIVIENDA Y DESARROLLO URBANO,DESARROLLO URBANO,EJECUCION,0,2019,,SAN CLEMENTE,SECTORIAL,883637000.0,883.637,,16538.0,RS,Recomendado (RS),True,SEREMI VIVIENDA REGION DEL MAULE,False,2015,2019,883637000.0
30274025,30274025-0,ADQUISICION CAMION RECOLECTOR DE BASURA COMUNA DE SANTA JUANA,PROYECTO,RECURSOS NATURALES Y MEDIO AMBIENTE,MEDIO AMBIENTE,PERFIL,0,2018,,SANTA JUANA,F.N.D.R.,168687000.0,168.687,,12713.0,,Sin evaluación,False,MUNICIPALIDAD DE SANTA JUANA,False,2016,2018,168687000.0
30275422,30275422-0,HABILITACION SEÑALIZACION MINIMA EN CRUCES A NIVEL,PROYECTO,TRANSPORTE,TRANSPORTE FERROVIARIO,EJECUCION,0,2018,,,EMPRESA,391474000.0,391.474,,4000000.0,RS,Recomendado (RS),True,EMPRESA DE FERROCARRILES DEL ESTADO,False,2014,2018,391474000.0
30278228,30278228-0,"CONSTRUCCION CICLOVIA RUTA G 734, COMUNA MARIA PINTO",PROYECTO,TRANSPORTE,TRANSPORTE CAMINERO,EJECUCION,0,2019,,MARIA PINTO,F.N.D.R.,958446000.0,958.446,,12500.0,RS,Recomendado (RS),True,MUNICIPALIDAD DE MARIA PINTO,False,2016,2019,965638000.0
30280824,30280824-0,ADQUISICION POSTES SOLARES PARA VIAS DE EVACUACIÓN DE MEJILLONES,PROYECTO,ENERGIA,INTERSUBSECTORIAL ENERGIA,EJECUCION,0,2015,,MEJILLONES,F.N.D.R.,60749000.0,60.749,,11840.0,,Sin evaluación,False,MUNICIPALIDAD DE MEJILLONES,False,2014,2015,60749000.0
30281222,30281222-0,REPOSICION MATERIAL RODANTE BUSCARRIL,PROYECTO,TRANSPORTE,TRANSPORTE FERROVIARIO,EJECUCION,0,2018,L MAULE,,EMPRESA,137839000.0,137.839,,50000.0,RS,Recomendado (RS),True,EMPRESA DE FERROCARRILES DEL ESTADO,False,2014,2018,2737100000.0
30281972,30281972-0,"CONSTRUCCION CICLOVIAS Y GESTION TRANSITO ETAPA 1, LA CALERA",PROYECTO,TRANSPORTE,"TRANSPORTE URBANO,VIALIDAD PEATONAL",EJECUCION,0,2019,,LA CALERA,SECTORIAL,6661702000.0,6661.702,,50000.0,RS,Recomendado (RS),True,SEREMI VIVIENDA REGION DE VALPARAISO,False,2015,2019,9142461000.0
30282022,30282022-0,"CONSTRUCCION CICLOVIAS Y GESTION TRANSITO ETAPA 1, SAN FELIPE",PROYECTO,TRANSPORTE,"TRANSPORTE URBANO,VIALIDAD PEATONAL",EJECUCION,0,2019,,SAN FELIPE,SECTORIAL,5514532000.0,5514.532,,60000.0,RS,Recomendado (RS),True,SEREMI VIVIENDA REGION DE VALPARAISO,False,2015,2019,5514532000.0
30283076,30283076-0,CONSERVACION REDES SECUNDARIAS DE AGUAS LLUVIAS REGION DE LOS LAGOS,PROYECTO,RECURSOS HIDRICOS,AGUAS LLUVIAS,EJECUCION,0,2016,LOS LAGOS,,SECTORIAL,257564000.0,257.564,,550000.0,,Sin evaluación,False,SEREMI VIVIENDA REGION DE LOS LAGOS,False,2015,2016,257564000.0
30283175,30283175-0,CONSTRUCCION RED CICLOVIAS OSORNO,PROYECTO,TRANSPORTE,"TRANSPORTE URBANO,VIALIDAD PEATONAL",EJECUCION,0,2018,,OSORNO,SECTORIAL,3999679000.0,3999.679,,150000.0,RS,Recomendado (RS),True,SEREMI VIVIENDA REGION DE LOS LAGOS,False,2015,2018,3999679000.0
30283372,30283372-0,TRANSFERENCIA PROGRAMA PARA LA VALORIZACIÓN DE RESIDUOS DE LA ACTIVID,PROGRAMA,RECURSOS NATURALES Y MEDIO AMBIENTE,SILVICULTURA,EJECUCION,0,2017,LOS RIOS,,F.N.D.R.,251748000.0,251.748,355908.05,16525.0,,Sin evaluación,False,SEREMI AGRICULTURA REGION DE LOS RIOS,False,2014,2017,486549000.0
30283422,30283422-0,CONSTRUCCION RED DE CICLOVIA COMUNA DE TALAGANTE,PROYECTO,TRANSPORTE,"TRANSPORTE URBANO,VIALIDAD PEATONAL",EJECUCION,0,2016,METROPOLITANA DE SANTIAGO,,SECTORIAL,1944005000.0,1944.005,,70000.0,RS,Recomendado (RS),True,SEREMI VIVIENDA REGION METROPOLITANA DE SANTIAGO,False,2015,2016,1944005000.0
30283424,30283424-0,CONSTRUCCION RED DE CICLOVIA COMUNA DE BUIN,PROYECTO,TRANSPORTE,"TRANSPORTE URBANO,VIALIDAD PEATONAL",EJECUCION,0,2017,METROPOLITANA DE SANTIAGO,,SECTORIAL,3012840000.0,3012.84,,270000.0,RS,Recomendado (RS),True,SEREMI VIVIENDA REGION METROPOLITANA DE SANTIAGO,False,2015,2017,3012840000.0
30283522,30283522-0,TRANSFERENCIA PROGRAMA DE HABILITACIÓN DE OBRAS Y TECNIFICACIÓN DE RI,PROGRAMA,RECURSOS HIDRICOS,RIEGO,EJECUCION,0,2017,LOS RIOS,,F.N.D.R.,364602000.0,364.602,515455.09,1000.0,,Sin evaluación,False,SEREMI AGRICULTURA REGION DE LOS RIOS,False,2014,2017,1079859000.0
30284472,30284472-0,CONSTRUCCION RED DE CICLOVIAS PUERTO AYSEN,PROYECTO,TRANSPORTE,"TRANSPORTE URBANO,VIALIDAD PEATONAL",EJECUCION,0,2017,,AYSEN,SECTORIAL,1486073000.0,1486.073,,2000.0,RS,Recomendado (RS),True,SEREMI VIVIENDA REGION DE AISEN DEL GENERAL CARLOS IBAÑEZ DEL CAMPO,False,2016,2017,1486073000.0
30286022,30286022-0,"HABILITACION SISTEMA DE COBRO INTEGRADO MV, ASCENSORES Y TROLEBUSES",PROYECTO,TRANSPORTE,TRANSPORTE FERROVIARIO,EJECUCION,0,2017,,VALPARAISO,EMPRESA,810123000.0,810.123,,2000000.0,RS,Recomendado (RS),True,EMPRESA DE FERROCARRILES DEL ESTADO,False,2014,2017,810123000.0
30286023,30286023-0,"CONSTRUCCION RED CICLOVIA ETAPA I (EJE SANTA MARIA),ARICA",PROYECTO,TRANSPORTE,"TRANSPORTE URBANO,VIALIDAD PEATONAL",EJECUCION,0,2018,ARICA Y PARINACOTA,,SECTORIAL,2334383000.0,2334.383,,39418.0,RS,Recomendado (RS),True,SEREMI VIVIENDA REGION DE ARICA Y PARINACOTA,False,2015,2018,2334383000.0
30286372,30286372-0,"REPOSICION SISTEMA DE AGUAS LLUVIAS POB. ALTOS DEL LAJA, LAJA",PROYECTO,RECURSOS HIDRICOS,AGUAS LLUVIAS,EJECUCION,0,2017,,LAJA,F.N.D.R.,365579000.0,365.579,,7200.0,RS,Recomendado (RS),True,MUNICIPALIDAD DE LAJA,False,2014,2017,365579000.0
30288175,30288175-0,EQUIPAMIENTO NUEVOS MEDIOS DE PAGO PARA METRO DE VALPARAISO,PROYECTO,TRANSPORTE,TRANSPORTE FERROVIARIO,EJECUCION,0,2018,VALPARAISO,,EMPRESA,801436000.0,801.436,,20000000.0,RS,Recomendado (RS),True,EMPRESA DE FERROCARRILES DEL ESTADO,False,2014,2018,801436000.0
30288773,30288773-0,CONSTRUCCION CENTRO TRATAMIENTO INTEGRAL RESIDUOS SÓLIDOS FUTALEUFÚ,PROYECTO,RECURSOS NATURALES Y MEDIO AMBIENTE,MEDIO AMBIENTE,EJECUCION,0,2018,,FUTALEUFU,F.N.D.R.,1249192000.0,1249.192,,2300.0,RS,Recomendado (RS),True,MUNICIPALIDAD DE FUTALEUFU,False,2015,2018,1249192000.0
30289678,30289678-0,MEJORAMIENTO ÁREAS VERDES CALLE SANTIAGO - LANCO,PROYECTO,VIVIENDA Y DESARROLLO URBANO,DESARROLLO URBANO,EJECUCION,0,2019,,LANCO - REGION XIV,SECTORIAL,792749000.0,792.749,,4800.0,RS,Recomendado (RS),True,SEREMI VIVIENDA REGION DE LOS RIOS,False,2015,2019,792749000.0
30290122,30290122-0,"CONSTRUCCION PLAN MAESTRO HUMEDAL LOS BATROS, SAN PEDRO DE LA PAZ",PROYECTO,VIVIENDA Y DESARROLLO URBANO,DESARROLLO URBANO,DISEÑO,0,2017,,SAN PEDRO DE LA PAZ,SECTORIAL,198847000.0,198.847,,121650.0,RS,Recomendado (RS),True,SEREMI VIVIENDA REGION DEL BIO BIO,False,2014,2017,232802000.0
30291130,30291130-0,"CONSTRUCCION PARQUE URBANO COSTANERA ESTERO LIMACHE, COMUNA LIMACHE",PROYECTO,VIVIENDA Y DESARROLLO URBANO,DESARROLLO URBANO,DISEÑO,0,2017,,LIMACHE,F.N.D.R.,79881000.0,79.881,,46291.0,RS,Recomendado (RS),True,MUNICIPALIDAD DE LIMACHE,False,2014,2017,79881000.0
30291324,30291324-0,ADQUISICION CONTE. DE BASURA DOMICI. SECTOR ORIENTE Y SUR PTE ALTO,PROYECTO,RECURSOS NATURALES Y MEDIO AMBIENTE,MEDIO AMBIENTE,PERFIL,0,2017,,PUENTE ALTO,F.N.D.R.,980152000.0,980.152,,155000.0,,Sin evaluación,False,MUNICIPALIDAD DE PUENTE ALTO,False,2014,2017,1000000000.0
30291325,30291325-0,CONSERVACION VÍAS DE TRANSPORTE PUBLICO CALDERA,PROYECTO,TRANSPORTE,"TRANSPORTE URBANO,VIALIDAD PEATONAL",PERFIL,0,2015,,CALDERA,SECTORIAL,909250000.0,909.25,,16017.0,,Sin evaluación,False,MUNICIPALIDAD DE CALDERA,False,2015,2015,909250000.0
30292772,30292772-0,CONSTRUCCION CORREDOR TRANSPORTE PUBLICO EJE VIAL RINCONADA MAIPU,PROYECTO,TRANSPORTE,"TRANSPORTE URBANO,VIALIDAD PEATONAL",EJECUCION,0,2016,METROPOLITANA DE SANTIAGO,,SECTORIAL,31804775000.0,31804.775,,46000.0,RS,Recomendado (RS),True,DIRECTORIO DE TRANSPORTE DE SANTIAGO,False,2014,2016,31804775000.0
30292977,30292977-0,HABILITACION INFRAESTRUCTURA FERROV. CARGA ALAMEDA BARRANCAS,PROYECTO,TRANSPORTE,TRANSPORTE FERROVIARIO,PREFACTIBILIDAD,0,2016,,,EMPRESA,1210817000.0,1210.817,,300000.0,RS,Recomendado (RS),True,EMPRESA DE FERROCARRILES DEL ESTADO,False,2014,2016,2984902000.0
30293633,30293633-0,MEJORAMIENTO SISTEMA DE DRENAJES AERODROMO MOCOPULLI,PROYECTO,TRANSPORTE,TRANSPORTE AEREO,EJECUCION,0,2016,LOS LAGOS,,SECTORIAL,1280716000.0,1280.716,,64000.0,RS,Recomendado (RS),True,DIRECCION DE AEROPUERTOS MOP,False,2014,2016,1280716000.0
30294123,30294123-0,"CONSTRUCCION AV. DEL TREN, ALTO LABRANZA, TEMUCO",PROYECTO,TRANSPORTE,"TRANSPORTE URBANO,VIALIDAD PEATONAL",DISEÑO,0,2022,,TEMUCO,SECTORIAL,132867000.0,132.867,,17503.0,RS,Recomendado (RS),True,SEREMI VIVIENDA REGION DE LA ARAUCANIA,False,2018,2022,132867000.0
30294622,30294622-0,CONSERVACION DE RIBERAS CAUCES NATURALES - REGIÓN DEL MAULE,PROYECTO,RECURSOS HIDRICOS,"DEFENSAS FLUVIALES,MARITIMAS Y CAUCES NATURALES",EJECUCION,0,2018,L MAULE,,SECTORIAL,5001468000.0,5001.468,,16500.0,,Sin evaluación,False,DIRECCION DE OBRAS HIDRAULICAS MOP,False,2014,2018,5001468000.0
30296324,30296324-0,TRANSFERENCIA FORESTACIÓN GERMOPLASMA SEGUNDA ETAPA,PROGRAMA,RECURSOS NATURALES Y MEDIO AMBIENTE,SILVICULTURA,EJECUCION,0,2019,MAGALLANES Y ANTARTICA,,F.N.D.R.,531088000.0,531.088,795887.84,23000.0,,Sin evaluación,False,GOBIERNO REGIONAL - REGION DE MAGALLANES Y ANTARTICA CHILENA,False,2015,2019,535647000.0
30296574,30296574-0,HABILITACION INFRAESTRUCTURA FERROVIARIA PARA LA CARGA RED NORTE,PROYECTO,TRANSPORTE,TRANSPORTE FERROVIARIO,PREFACTIBILIDAD,0,2016,,,EMPRESA,1976725000.0,1976.725,,1000000.0,RS,Recomendado (RS),True,EMPRESA DE FERROCARRILES DEL ESTADO,False,2014,2016,4835321000.0
30297473,30297473-0,HABILITACION INFRAEST FERROVIARIA PARA CARGA RED REGION DE BIO BIO,PROYECTO,TRANSPORTE,TRANSPORTE FERROVIARIO,PREFACTIBILIDAD,0,2016,,,EMPRESA,1275526000.0,1275.526,,1000000.0,RS,Recomendado (RS),True,EMPRESA DE FERROCARRILES DEL ESTADO,False,2014,2016,3122581000.0
30297722,30297722-0,HABILITACION INFRAESTRUCTURA FERROVIARIA PARA LA CARGA RED SUR,PROYECTO,TRANSPORTE,TRANSPORTE FERROVIARIO,PREFACTIBILIDAD,0,2016,,,EMPRESA,420744000.0,420.744,,2000000.0,RS,Recomendado (RS),True,EMPRESA DE FERROCARRILES DEL ESTADO,False,2014,2016,1040860000.0
30297830,30297830-0,CONSERVACION DE RIBERAS DE CAUCES NATURALES XIV REGIÓN,PROYECTO,RECURSOS HIDRICOS,"DEFENSAS FLUVIALES,MARITIMAS Y CAUCES NATURALES",EJECUCION,0,2018,LOS RIOS,,SECTORIAL,3413958000.0,3413.958,,2000.0,,Sin evaluación,False,DIRECCION DE OBRAS HIDRAULICAS MOP,False,2014,2018,3430738000.0
30297832,30297832-0,CONSERVACION DE RIBERAS DE CAUCES NATURALES XV REGIÓN,PROYECTO,RECURSOS HIDRICOS,"DEFENSAS FLUVIALES,MARITIMAS Y CAUCES NATURALES",EJECUCION,0,2019,ARICA Y PARINACOTA,,SECTORIAL,9260090000.0,9260.09,,2000.0,,Sin evaluación,False,DIRECCION DE OBRAS HIDRAULICAS MOP,False,2014,2019,9260090000.0
30297833,30297833-0,CONSERVACION DE RIBERAS DE CAUCES NATURALES,PROYECTO,RECURSOS HIDRICOS,"DEFENSAS FLUVIALES,MARITIMAS Y CAUCES NATURALES",EJECUCION,0,2018,,,SECTORIAL,6099328000.0,6099.328,,2000.0,,Sin evaluación,False,DIRECCION DE OBRAS HIDRAULICAS MOP,False,2014,2018,6099328000.0
30298580,30298580-0,DIFUSION PARA MEJORAR LA CALIDAD DEL AIRE EN COYHAIQUE,PROGRAMA,RECURSOS NATURALES Y MEDIO AMBIENTE,MEDIO AMBIENTE,EJECUCION,0,2017,,COYHAIQUE,F.N.D.R.,358039000.0,358.039,506176.66,,RS,Recomendado (RS),True,SEREMI DE MEDIO AMBIENTE REGION DE AISEN DEL GENERAL CARLOS IBAÑEZ DEL CAMPO,False,2014,2017,358039000.0
30302223,30302223-0,CONSTRUCCION PLAN DE CIERRE VERTEDERO,PROYECTO,RECURSOS NATURALES Y MEDIO AMBIENTE,MEDIO AMBIENTE,PERFIL,0,2017,,SALAMANCA,F.N.D.R.,894910000.0,894.91,,25671.0,OT,Objetado técnicamente (OT),False,MUNICIPALIDAD DE SALAMANCA,False,2016,2017,894910000.0
30304875,30304875-0,REPOSICION PLATAFORMA SCADA METRO VALPARAISO,PROYECTO,TRANSPORTE,TRANSPORTE FERROVIARIO,EJECUCION,0,2018,,,EMPRESA,637859000.0,637.859,,150000.0,RS,Recomendado (RS),True,EMPRESA DE FERROCARRILES DEL ESTADO,False,2014,2018,637859000.0
30305576,30305576-0,CONSERVACION REHABILIT. INFRAEST. FERROV ARICA LA PAZ TERREMOTO 2014,PROYECTO,TRANSPORTE,TRANSPORTE FERROVIARIO,EJECUCION,0,2015,,,EMPRESA,1159964000.0,1159.964,,200000.0,,Sin evaluación,False,EMPRESA DE FERROCARRILES DEL ESTADO,False,2014,2015,1565512000.0
30306622,30306622-0,CONSTRUCCION CICLOVIA AVENIDA ARTURO PRAT,PROYECTO,TRANSPORTE,"TRANSPORTE URBANO,VIALIDAD PEATONAL",PERFIL,0,2015,,TIL TIL,F.N.D.R.,65185000.0,65.185,,16405.0,,Sin evaluación,False,MUNICIPALIDAD DE TIL TIL,False,2014,2015,65185000.0
30307073,30307073-0,"HABILITACION LUMINARIAS SOLARES RURALES, VILLARRICA 2014",PROYECTO,ENERGIA,ALUMBRADO PUBLICO,PERFIL,0,2015,,VILLARRICA,F.N.D.R.,30000000.0,30.0,,6000.0,,Sin evaluación,False,MUNICIPALIDAD DE VILLARRICA,False,2014,2015,30000000.0
30308475,30308475-0,"CONSTRUCCION RED DE CICLOVIAS RED CORTO PLAZO, TALCA",PROYECTO,TRANSPORTE,"TRANSPORTE URBANO,VIALIDAD PEATONAL",DISEÑO,0,2017,,TALCA,SECTORIAL,47195000.0,47.195,,17000.0,RS,Recomendado (RS),True,SEREMI VIVIENDA REGION DEL MAULE,False,2015,2017,47195000.0
30309372,30309372-0,"CONSERVACION SISTEMA DE ALCANTARILLADO DE AGUAS LLUVIAS, REG. DEL M",PROYECTO,RECURSOS HIDRICOS,AGUAS LLUVIAS,EJECUCION,0,2017,L MAULE,,SECTORIAL,1257779000.0,1257.779,,360000.0,,Sin evaluación,False,DIRECCION DE OBRAS HIDRAULICAS MOP,False,2014,2017,1257779000.0
30309772,30309772-0,CONSERVACION SISTEMAS DE AGUAS LLUVIAS REGIÓN METROPOLITANA,PROYECTO,RECURSOS HIDRICOS,AGUAS LLUVIAS,EJECUCION,0,2018,METROPOLITANA DE SANTIAGO,,SECTORIAL,5486197000.0,5486.197,,2500000.0,,Sin evaluación,False,DIRECCION DE OBRAS HIDRAULICAS MOP,False,2014,2018,5486197000.0
30309823,30309823-0,CONSERVACION RED PRIMARIA DE EVACUACION Y DRENAJE DE AGUAS LLUVIAS,PROYECTO,RECURSOS HIDRICOS,AGUAS LLUVIAS,EJECUCION,0,2016,ATACAMA,,SECTORIAL,517450000.0,517.45,,45000.0,,Sin evaluación,False,DIRECCION DE OBRAS HIDRAULICAS MOP,False,2014,2016,517450000.0
30309824,30309824-0,CONSERVACION DE OBRAS DE CONTROL ALUVIONAL DE LA II REG,PROYECTO,RECURSOS HIDRICOS,"DEFENSAS FLUVIALES,MARITIMAS Y CAUCES NATURALES",EJECUCION,0,2018,ANTOFAGASTA,,SECTORIAL,1041254000.0,1041.254,,542000.0,,Sin evaluación,False,DIRECCION DE OBRAS HIDRAULICAS MOP REGION DE ANTOFAGASTA,False,2014,2018,1041254000.0
30313376,30313376-0,MEJORAMIENTO AREAS VERDES Y PLAZA ACTIVA LOS LIRQUENES-ALERCE NORTE,PROYECTO,VIVIENDA Y DESARROLLO URBANO,DESARROLLO URBANO,PERFIL,0,2017,,PUERTO MONTT,F.N.D.R.,69746000.0,69.746,,3400.0,,Sin evaluación,False,MUNICIPALIDAD DE PUERTO MONTT,False,2014,2017,69746000.0
30313675,30313675-0,HABILITACION ALUMBRADO PUBLICO FOTOVOLTAICO EN SERVICIOS PÚBLICOS Y,PROYECTO,ENERGIA,ALUMBRADO PUBLICO,EJECUCION,0,2015,,EMPEDRADO,F.N.D.R.,25144000.0,25.144,,2225.0,,Sin evaluación,False,GOBIERNO REGIONAL - REGION DEL MAULE,False,2014,2015,25144000.0
30315823,30315823-0,REPOSICION PLATAFORMA CTC METRO VALPARAÍSO,PROYECTO,TRANSPORTE,TRANSPORTE FERROVIARIO,EJECUCION,0,2018,,,EMPRESA,1650212000.0,1650.212,,150000.0,RS,Recomendado (RS),True,EMPRESA DE FERROCARRILES DEL ESTADO,False,2014,2018,1650212000.0
30315824,30315824-0,CONSTRUCCION DE OBRAS DE CONTROL ALUVIONAL QUEBRADA EL TORO - ANTOF,PROYECTO,RECURSOS HIDRICOS,"DEFENSAS FLUVIALES,MARITIMAS Y CAUCES NATURALES",EJECUCION,1,2019,ANTOFAGASTA,,F.N.D.R.,7827464000.0,7827.464,,318779.0,RS,Recomendado (RS),True,DIRECCION DE OBRAS HIDRAULICAS MOP REGION DE ANTOFAGASTA,False,2015,2019,8215655000.0
30318723,30318723-0,TRANSFERENCIA MANEJO BOSQUE NATIVO COMO EJE PROD DENDROENERGIA,PROGRAMA,RECURSOS NATURALES Y MEDIO AMBIENTE,SILVICULTURA,EJECUCION,0,2018,AISEN DEL GENERAL CARLOS,,F.N.D.R.,881694000.0,881.694,1321305.58,345.0,,Sin evaluación,False,CORPORACION NACIONAL FORESTAL REGION DE AISEN DEL GENERAL CARLOS IBAÑEZ DEL CAMPO,False,2015,2018,881694000.0
30320823,30320823-0,TRANSFERENCIA SISTEMA SOLAR PARA CULTIVO TECNIFICADO EN EL DESIERTO,PROGRAMA,ENERGIA,INTERSUBSECTORIAL ENERGIA,EJECUCION,0,2016,ANTOFAGASTA,,F.N.D.R.,198557000.0,198.557,326907.37,,,Sin evaluación,False,GOBIERNO REGIONAL - REGION DE ANTOFAGASTA,False,2014,2016,198557000.0
30321372,30321372-0,TRANSFERENCIA PARA EL DESARROLLO DE VALORIZACIÓN SILVOAGROPECUARIA,PROGRAMA,RECURSOS NATURALES Y MEDIO AMBIENTE,AGRICULTURA,EJECUCION,0,2018,AISEN DEL GENERAL CARLOS,,F.N.D.R.,462963000.0,462.963,693795.8,,,Sin evaluación,False,SEREMI AGRICULTURA REGION DE AISEN DEL GENERAL CARLOS IBAÑEZ DEL CAMPO,False,2015,2018,462963000.0
30326072,30326072-0,TRANSFERENCIA TECNICA EN DESARROLLO DE LA LEÑA (DENDROENERGIA) Y PFNM,PROGRAMA,RECURSOS NATURALES Y MEDIO AMBIENTE,SILVICULTURA,EJECUCION,0,2018,AISEN DEL GENERAL CARLOS,,F.N.D.R.,875264000.0,875.264,1311669.59,120.0,,Sin evaluación,False,INSTITUTO DESARROLLO AGROPECUARIO REGION DE AISEN DEL GENERAL CARLOS IBAÑEZ DEL,False,2015,2018,993837000.0
30327173,30327173-0,"CONSTRUCCION INFRAESTRUCTURAS SANITARIAS VILLA NUEVA ESPERANZA, LOS LAURELES, CUNCO",PROYECTO,VIVIENDA Y DESARROLLO URBANO,SOLUCION HABITACIONAL PARCIAL O COMPLEMENTARIA,PERFIL,0,2024,,CUNCO,F.N.D.R.,776593000.0,776.593,,273.0,RS,Recomendado (RS),True,MUNICIPALIDAD DE CUNCO,False,2020,2024,1229947000.0
30328073,30328073-0,REPARACION SOCAVON MOLO PRINCIPAL POR DAÑOS MAREJADAS PTO AFTA,PROYECTO,TRANSPORTE,"TRANSPORTE MARITIMO, FLUVIAL Y LACUSTRE",EJECUCION,0,2016,,ANTOFAGASTA,EMPRESA,5659408000.0,5659.408,,3100.0,RS,Recomendado (RS),True,EMPRESA PORTUARIA DE ANTOFAGASTA,False,2015,2016,5659408000.0
30334872,30334872-0,CONSTRUCCION PARQUE URBANO SECCIÓN ORIENTE - VALDIVIA,PROYECTO,VIVIENDA Y DESARROLLO URBANO,DESARROLLO URBANO,EJECUCION,0,2018,,VALDIVIA - REGION XIV,SECTORIAL,13331417000.0,13331.417,,33829.0,RS,Recomendado (RS),True,SEREMI VIVIENDA REGION DE LOS RIOS,False,2015,2018,13331417000.0
30335172,30335172-0,HABILITACION RECONSTRUCCIÓN INFRAESTRUCTURA FERROVIARIA ARICA LA PAZ,PROYECTO,TRANSPORTE,TRANSPORTE FERROVIARIO,EJECUCION,0,2017,,,EMPRESA,2903206000.0,2903.206,,2000.0,RS,Recomendado (RS),True,EMPRESA DE FERROCARRILES DEL ESTADO,False,2014,2017,2903206000.0
30335222,30335222-0,CONSTRUCCION OBRAS DE CIERRE VERTEDERO RESIDUOS PUERTO TRANQUILO,PROYECTO,RECURSOS NATURALES Y MEDIO AMBIENTE,MEDIO AMBIENTE,PERFIL,0,2018,AISEN DEL GENERAL CARLOS,,F.N.D.R.,135036000.0,135.036,,498.0,RS,Recomendado (RS),True,GOBIERNO REGIONAL - REGION DE AISEN DEL GENERAL CARLOS IBAÑEZ DEL CAMPO,False,2015,2018,135036000.0
30336022,30336022-0,CONSTRUCCION OBRAS DE CIERRE VERTEDERO RESIDUOS CERRO CASTILLO,PROYECTO,RECURSOS NATURALES Y MEDIO AMBIENTE,MEDIO AMBIENTE,EJECUCION,0,2018,AISEN DEL GENERAL CARLOS,,F.N.D.R.,150591000.0,150.591,,341.0,RS,Recomendado (RS),True,GOBIERNO REGIONAL - REGION DE AISEN DEL GENERAL CARLOS IBAÑEZ DEL CAMPO,False,2015,2018,150591000.0
30336023,30336023-0,CONSTRUCCION OBRAS DE CIERRE PROGRESIVO VERTEDERO DE COCHRANE,PROYECTO,RECURSOS NATURALES Y MEDIO AMBIENTE,MEDIO AMBIENTE,EJECUCION,0,2018,,COCHRANE,F.N.D.R.,990403000.0,990.403,,2992.0,RS,Recomendado (RS),True,GOBIERNO REGIONAL - REGION DE AISEN DEL GENERAL CARLOS IBAÑEZ DEL CAMPO,False,2015,2018,990403000.0
30336272,30336272-0,"CONSTRUCCION ILUMINACIÓN FOTOVOLTAÍCA SECTORES RURALES, COLLIPULLI",PROYECTO,ENERGIA,ALUMBRADO PUBLICO,PERFIL,0,2015,,COLLIPULLI,F.N.D.R.,41000000.0,41.0,,2000.0,,Sin evaluación,False,MUNICIPALIDAD DE COLLIPULLI,False,2014,2015,41000000.0
30341173,30341173-0,CAPACITACION PARA LA VALORIZACION SELLO DE ORIGEN PRODUCTOS SAP,PROGRAMA,RECURSOS NATURALES Y MEDIO AMBIENTE,AGRICULTURA,EJECUCION,0,2019,LOS LAGOS,,F.N.D.R.,453663000.0,453.663,679858.83,,,Sin evaluación,False,SEREMI AGRICULTURA REGION DE LOS LAGOS,False,2015,2019,470700000.0
30341427,30341427-0,"CONSTRUCCION ASCENSORES LAS CAÑAS, LOS CIPRESES Y EL LITRE EN VALPAR",PROYECTO,TRANSPORTE,TRANSPORTE FERROVIARIO,PERFIL,0,2017,,,EMPRESA,673651000.0,673.651,,850000.0,OT,Objetado técnicamente (OT),False,EMPRESA DE FERROCARRILES DEL ESTADO,False,2014,2017,673651000.0
30341439,30341439-0,RECUPERACION SUELOS DEGRADADOS EN TERRITORIO PATAGONIA VERDE,PROGRAMA,RECURSOS NATURALES Y MEDIO AMBIENTE,AGRICULTURA,EJECUCION,0,2021,,,F.N.D.R.,210000000.0,210.0,301858.59,53.0,,Sin evaluación,False,SERVICIO AGRICOLA GANADERO REGION DE LOS LAGOS,False,2017,2021,210057000.0
30341623,30341623-0,REPARACION EQUIPOS UT-440 Y UTS-444 AÑO 2015-2016,PROYECTO,TRANSPORTE,TRANSPORTE FERROVIARIO,EJECUCION,0,2018,,,EMPRESA,3458934000.0,3458.934,,7811000.0,RS,Recomendado (RS),True,EMPRESA DE FERROCARRILES DEL ESTADO,False,2015,2018,3458934000.0
30341679,30341679-0,"CONSTRUCCION DE CICLOVÍAS INTERCOMUNALES EN EL GRAN STGO, ETAPA I",PROYECTO,TRANSPORTE,"TRANSPORTE URBANO,VIALIDAD PEATONAL",FACTIBILIDAD,0,2016,METROPOLITANA DE SANTIAGO,,SECTORIAL,161635000.0,161.635,,111939.0,RS,Recomendado (RS),True,SECTRA,False,2014,2016,161635000.0
30341777,30341777-0,AMPLIACION SISTEMA RADIOCOMUNICACIONES DE EFE,PROYECTO,TRANSPORTE,TRANSPORTE FERROVIARIO,EJECUCION,0,2018,,,EMPRESA,3512750000.0,3512.75,,28600000.0,RS,Recomendado (RS),True,EMPRESA DE FERROCARRILES DEL ESTADO,False,2014,2018,3512750000.0
30342381,30342381-0,MEJORAMIENTO SISTEMA DE EVACUACIÓN DE AGUAS LLUVIAS SAAAVEDRA,PROYECTO,RECURSOS HIDRICOS,AGUAS LLUVIAS,PERFIL,0,2015,,SAAVEDRA,F.N.D.R.,15000000.0,15.0,,14400.0,,Sin evaluación,False,MUNICIPALIDAD DE SAAVEDRA,False,2014,2015,15000000.0
30342385,30342385-0,TRANSFERENCIA PLANTA PILOTO APROVECHAMIENTO DE RESIDUOS DEL MAULE,PROGRAMA,ENERGIA,AUTOGENERACION,EJECUCION,0,2017,L MAULE,,F.N.D.R.,214816000.0,214.816,303695.54,,,Sin evaluación,False,GOBIERNO REGIONAL - REGION DEL MAULE,False,2014,2017,214816000.0
30343122,30343122-0,CONSTRUCCION SERVICIO FERROVIARIO SANTIAGO - VALPARAÍSO,PROYECTO,TRANSPORTE,TRANSPORTE FERROVIARIO,PREFACTIBILIDAD,0,2016,VALPARAISO,,EMPRESA,328927000.0,328.927,,19000000.0,RS,Recomendado (RS),True,EMPRESA DE FERROCARRILES DEL ESTADO,False,2014,2016,328927000.0
30343834,30343834-0,HABILITACION SISTEMA TRANSPORTE MASIVO FERROVIARIO GRAN CONCEPCION,PROYECTO,TRANSPORTE,TRANSPORTE FERROVIARIO,PERFIL,0,2015,,,EMPRESA,300000000.0,300.0,,1370000.0,OT,Objetado técnicamente (OT),False,EMPRESA DE FERROCARRILES DEL ESTADO,False,2014,2015,300000000.0
30345482,30345482-0,REPARACION REHABILITACIÓN Y REFORZAMIENTO DE PUENTE MAIPO,PROYECTO,TRANSPORTE,TRANSPORTE FERROVIARIO,EJECUCION,0,2018,,,EMPRESA,2724417000.0,2724.417,,4650000.0,RS,Recomendado (RS),True,EMPRESA DE FERROCARRILES DEL ESTADO,False,2014,2018,2724417000.0
30345504,30345504-0,"REPOSICION CAMION RECOLECTOR RSD Y ADQUISICION RECOLECTOR RSD, COMUNA CHAITÉN",PROYECTO,RECURSOS NATURALES Y MEDIO AMBIENTE,MEDIO AMBIENTE,PERFIL,0,2022,,CHAITEN,F.N.D.R.,321748000.0,321.748,,4498.0,,Sin evaluación,False,MUNICIPALIDAD DE CHAITEN,False,2020,2022,321748000.0
30345825,30345825-0,TRANSFERENCIA RECUPERACIÓN RECURSO HÍDRICO VÍA PROCESO INNOVADOR,PROGRAMA,RECURSOS HIDRICOS,RIEGO,EJECUCION,0,2016,L MAULE,,F.N.D.R.,206176000.0,206.176,339451.41,,,Sin evaluación,False,GOBIERNO REGIONAL - REGION DEL MAULE,False,2014,2016,206176000.0
30346473,30346473-0,"CONSTRUCCION DE BASUREROS Y MÓDULOS DE RECICLAJE, LOS SAUCES.",PROYECTO,RECURSOS NATURALES Y MEDIO AMBIENTE,MEDIO AMBIENTE,PERFIL,0,2017,,LOS SAUCES,F.N.D.R.,42031000.0,42.031,,6709.0,,Sin evaluación,False,MUNICIPALIDAD DE LOS SAUCES,False,2014,2017,42031000.0
30347123,30347123-0,TRANSFERENCIA ESTRATEGIAS FORRAJERAS PARA PERIODOS DE SEQUÍA ESTIVAL,PROGRAMA,RECURSOS NATURALES Y MEDIO AMBIENTE,INTERSUBSECTORIAL,EJECUCION,0,2017,AISEN DEL GENERAL CARLOS,,F.N.D.R.,117516000.0,117.516,166137.93,208.0,,Sin evaluación,False,GOBIERNO REGIONAL - REGION DE AISEN DEL GENERAL CARLOS IBAÑEZ DEL CAMPO,False,2014,2017,131954000.0
30348628,30348628-0,"MEJORAMIENTO CAMBIO DE LUMINARIAS COMÚN A TECN. LED, PICA Y MATILLA",PROYECTO,ENERGIA,ALUMBRADO PUBLICO,EJECUCION,1,2016,,PICA (Prov. Tamarugal),F.N.D.R.,107359000.0,107.359,,4033.0,RS,Recomendado (RS),True,MUNICIPALIDAD DE PICA,False,2014,2016,107359000.0
30349329,30349329-0,CONSTRUCCION CICLOVIA RUTA INFANCIA DESDE LA GRANJA A RECOLETA,PROYECTO,TRANSPORTE,"TRANSPORTE URBANO,VIALIDAD PEATONAL",EJECUCION,0,2017,,,F.N.D.R.,4117722000.0,4117.722,,700000.0,RS,Recomendado (RS),True,GOBIERNO REGIONAL - REGION METROPOLITANA DE SANTIAGO,False,2015,2017,4117722000.0
30349629,30349629-0,REPARACION PUENTES EN LA VIII REGIÓN PARA CONTINUIDAD OPERACIONAL,PROYECTO,TRANSPORTE,TRANSPORTE FERROVIARIO,EJECUCION,0,2019,,,EMPRESA,9129297000.0,9129.297,,1896000.0,RS,Recomendado (RS),True,EMPRESA DE FERROCARRILES DEL ESTADO,False,2015,2019,9129297000.0
30351343,30351343-0,CAPACITACION Y VALORIZACION DE PRODUCTOS AGROPECUARIOS,PROGRAMA,RECURSOS NATURALES Y MEDIO AMBIENTE,INTERSUBSECTORIAL,EJECUCION,0,2020,LOS LAGOS,,F.N.D.R.,455248000.0,455.248,739975.94,,,Sin evaluación,False,SEREMI AGRICULTURA REGION DE LOS LAGOS,False,2016,2020,455248000.0
30352036,30352036-0,CONSTRUCCION CICLOVIAS ALTO ESTANDAR COMUNA DE RANCAGUA,PROYECTO,TRANSPORTE,"TRANSPORTE URBANO,VIALIDAD PEATONAL",EJECUCION,0,2018,,RANCAGUA,SECTORIAL,1660316000.0,1660.316,,316789.0,RS,Recomendado (RS),True,SEREMI VIVIENDA REGION DEL LIBERTADOR GENERAL BERNARDO O'HIGGINS,False,2015,2018,1660316000.0
30352577,30352577-0,REPOSICION CAMIÓN RECOLECTOR DE RSD,PROYECTO,RECURSOS NATURALES Y MEDIO AMBIENTE,MEDIO AMBIENTE,PERFIL,0,2019,,GORBEA,F.N.D.R.,57982000.0,57.982,,5081.0,,Sin evaluación,False,MUNICIPALIDAD DE GORBEA,False,2016,2019,268000000.0
30354830,30354830-0,CONSTRUCCION ESTABILIZACION DE TALUDES ALTO COVADONGA TOCOPILLA,PROYECTO,VIVIENDA Y DESARROLLO URBANO,SOLUCION HABITACIONAL PARCIAL O COMPLEMENTARIA,EJECUCION,0,2016,,TOCOPILLA,F.N.D.R.,245176000.0,245.176,,500.0,RS,Recomendado (RS),True,SEREMI VIVIENDA REGION DE ANTOFAGASTA,False,2015,2016,245176000.0
30355479,30355479-0,CONSTRUCCION COLECTOR AGUAS LLUVIAS EMILIO COK STGO BUERAS VALDIVIA,PROYECTO,RECURSOS HIDRICOS,AGUAS LLUVIAS,EJECUCION,0,2019,,VALDIVIA - REGION XIV,SECTORIAL,341297000.0,341.297,,2000.0,RS,Recomendado (RS),True,DIRECCION DE OBRAS HIDRAULICAS MOP REGION DE LOS RIOS,False,2019,2019,341297000.0
30355586,30355586-0,"CONSTRUCCION RED DE CICLOVIAS, COMUNA DE VALDIVIA",PROYECTO,TRANSPORTE,"TRANSPORTE URBANO,VIALIDAD PEATONAL",PERFIL,0,2018,,VALDIVIA - REGION XIV,F.N.D.R.,117024000.0,117.024,,169735.0,RS,Recomendado (RS),True,MUNICIPALIDAD DE VALDIVIA REGION DE LOS RIOS,False,2015,2018,117024000.0
30355925,30355925-0,CONSERVACION PARADAS FERROVIARIAS VICTORIA-TEMUCO,PROYECTO,TRANSPORTE,TRANSPORTE FERROVIARIO,PERFIL,0,2015,LA ARAUCANIA,,SECTORIAL,260000000.0,260.0,,253000.0,,Sin evaluación,False,SEREMI TRANSPORTES REGION DE LA ARAUCANIA,False,2015,2015,260000000.0
30356522,30356522-0,TRANSFERENCIA GESTIÓN HÍDRICA ADECUADA EN LA PROVINCIA DE SAN ANTONIO,PROGRAMA,RECURSOS HIDRICOS,RIEGO,PERFIL,0,2015,,,F.N.D.R.,887285000.0,887.285,1694067.89,,,Sin evaluación,False,SEREMI AGRICULTURA REGION DE VALPARAISO,False,2015,2015,887285000.0
30356526,30356526-0,CONSTRUCCION DESVÍOS PARA PROYECTO PUERTO VILUCO,PROYECTO,TRANSPORTE,TRANSPORTE FERROVIARIO,EJECUCION,0,2018,,,EMPRESA,1195806000.0,1195.806,,164090.0,RS,Recomendado (RS),True,EMPRESA DE FERROCARRILES DEL ESTADO,False,2015,2018,1195806000.0
30356929,30356929-0,CONSERVACION AREAS VERDES Y TURISTICAS COMUNA DE LAGO VERDE,PROYECTO,VIVIENDA Y DESARROLLO URBANO,DESARROLLO URBANO,EJECUCION,0,2022,,LAGO VERDE,F.N.D.R.,73023000.0,73.023,,60.0,,Sin evaluación,False,MUNICIPALIDAD DE LAGO VERDE,False,2014,2022,73023000.0
30357274,30357274-0,CONSTRUCCION DE SENDAS Y MUROS DE CONTENCIÓN EN CERROS DE TALCAHUANO,PROYECTO,VIVIENDA Y DESARROLLO URBANO,DESARROLLO URBANO,EJECUCION,0,2018,,TALCAHUANO,F.N.D.R.,334105000.0,334.105,,14786.0,RS,Recomendado (RS),True,MUNICIPALIDAD DE TALCAHUANO,False,2015,2018,337635000.0
30357377,30357377-0,TRANSFERENCIA OBRAS DE TECNIFICACIÓN DEL REGADÍO INTRAPREDIAL Y EXTRA,PROGRAMA,RECURSOS HIDRICOS,RIEGO,EJECUCION,0,2018,AISEN DEL GENERAL CARLOS,,F.N.D.R.,960663000.0,960.663,1439648.43,300.0,,Sin evaluación,False,INSTITUTO DESARROLLO AGROPECUARIO REGION DE AISEN DEL GENERAL CARLOS IBAÑEZ DEL,False,2015,2018,1085330000.0
30357433,30357433-0,REPARACION REHABILITACIÓN Y REFORZAMIENTO - PUENTES RUTA MINERA,PROYECTO,TRANSPORTE,TRANSPORTE FERROVIARIO,EJECUCION,0,2018,,,EMPRESA,18276083000.0,18276.083,,4650000.0,RS,Recomendado (RS),True,EMPRESA DE FERROCARRILES DEL ESTADO,False,2015,2018,18276083000.0
30357628,30357628-0,"CONSTRUCCION PROTECCIÓN COSTERA Y REPARACIÓN HUNDIMIENTOS, EPA",PROYECTO,TRANSPORTE,ADMINISTRACION TRANSPORTE,PERFIL,0,2015,,,EMPRESA,350337000.0,350.337,,8919.0,RS,Recomendado (RS),True,EMPRESA PORTUARIA DE ARICA REGION DE ARICA Y PARINACOTA,False,2015,2015,350337000.0
30357686,30357686-0,CONSTRUCCION CIERRE VERTEDERO MUNICIPAL COMUNA DE RIO CLARO,PROYECTO,RECURSOS NATURALES Y MEDIO AMBIENTE,MEDIO AMBIENTE,EJECUCION,0,2019,,RIO CLARO,F.N.D.R.,525267000.0,525.267,,13016.0,RS,Recomendado (RS),True,MUNICIPALIDAD DE RIO CLARO,False,2015,2019,525267000.0
30357727,30357727-0,REPARACION REHABILITACIÓN Y REFORZAMIENTO - PUENTES RUTA DEL ÁCIDO,PROYECTO,TRANSPORTE,TRANSPORTE FERROVIARIO,EJECUCION,0,2017,,,EMPRESA,8433012000.0,8433.012,,950402.0,RS,Recomendado (RS),True,EMPRESA DE FERROCARRILES DEL ESTADO,False,2015,2017,8433012000.0
30358172,30358172-0,MEJORAMIENTO RAMAL ANTILHUE - VALDIVIA,PROYECTO,TRANSPORTE,TRANSPORTE FERROVIARIO,EJECUCION,0,2018,,,EMPRESA,1364194000.0,1364.194,,173745.0,RS,Recomendado (RS),True,EMPRESA DE FERROCARRILES DEL ESTADO,False,2014,2018,1364194000.0
30358225,30358225-0,ADQUISICION DE CONTENEDORES DE RSD COMUNA DE MACUL,PROYECTO,RECURSOS NATURALES Y MEDIO AMBIENTE,MEDIO AMBIENTE,PERFIL,0,2017,,MACUL,F.N.D.R.,75450000.0,75.45,,20636.0,,Sin evaluación,False,MUNICIPALIDAD DE MACUL,False,2015,2017,75450000.0
30358325,30358325-0,HABILITACION PASARELA PEATONAL-CICLOVIA LAJA-SAN ROSENDO,PROYECTO,VIVIENDA Y DESARROLLO URBANO,DESARROLLO URBANO,EJECUCION,0,2017,,LAJA,F.N.D.R.,289880000.0,289.88,,30000.0,RS,Recomendado (RS),True,MUNICIPALIDAD DE LAJA,False,2015,2017,289880000.0
30358922,30358922-0,TRANSFERENCIA ADAPTACIÓN ECON. AGRI. POR CAMBIO CLIMATICO CURICO OTE.,PROGRAMA,RECURSOS NATURALES Y MEDIO AMBIENTE,AGRICULTURA,PERFIL,0,2015,,,F.N.D.R.,120000000.0,120.0,229112.57,,,Sin evaluación,False,GOBIERNO REGIONAL - REGION DEL MAULE,False,2015,2015,120000000.0
30359927,30359927-0,CONSTRUCCION RED DE CICLOVIAS ANGOL,PROYECTO,TRANSPORTE,"TRANSPORTE URBANO,VIALIDAD PEATONAL",EJECUCION,0,2017,,ANGOL,SECTORIAL,1217168000.0,1217.168,,55570.0,RS,Recomendado (RS),True,SEREMI VIVIENDA REGION DE LA ARAUCANIA,False,2016,2017,1217168000.0
30359972,30359972-0,CONSTRUCCION RED DE CICLOVÍAS DE VILLARRICA,PROYECTO,TRANSPORTE,"TRANSPORTE URBANO,VIALIDAD PEATONAL",EJECUCION,0,2017,,VILLARRICA,SECTORIAL,1246943000.0,1246.943,,45500.0,RS,Recomendado (RS),True,SEREMI VIVIENDA REGION DE LA ARAUCANIA,False,2015,2017,1246943000.0
30359973,30359973-0,CONSTRUCCION RED DE CICLOVIAS DE VICTORIA,PROYECTO,TRANSPORTE,"TRANSPORTE URBANO,VIALIDAD PEATONAL",EJECUCION,0,2017,,VICTORIA,SECTORIAL,1022661000.0,1022.661,,33500.0,RS,Recomendado (RS),True,SEREMI VIVIENDA REGION DE LA ARAUCANIA,False,2015,2017,1022661000.0
30360172,30360172-0,REPOSICION OFICINAS ESTACION PUERTO METRO VALPARAISO,PROYECTO,TRANSPORTE,TRANSPORTE FERROVIARIO,PERFIL,0,2018,VALPARAISO,,EMPRESA,36290000.0,36.29,,215.0,OT,Objetado técnicamente (OT),False,EMPRESA DE FERROCARRILES DEL ESTADO,False,2018,2018,36290000.0
30360231,30360231-0,CONSTRUCCION CICLOVIA RUTA S-65 PITRUFQUEN CEMENTERIO,PROYECTO,TRANSPORTE,TRANSPORTE CAMINERO,PERFIL,0,2015,,PITRUFQUEN,F.N.D.R.,195609000.0,195.609,,2500.0,OT,Objetado técnicamente (OT),False,MUNICIPALIDAD DE PITRUFQUEN,False,2015,2015,195609000.0
30360373,30360373-0,CONSTRUCCION MUROS DE CONTENCIÓN Y SOLUCIÓN AGUAS LLUVIAS CALLE Y PA,PROYECTO,TRANSPORTE,"TRANSPORTE URBANO,VIALIDAD PEATONAL",PERFIL,0,2017,,CARAHUE,F.N.D.R.,229143000.0,229.143,,2137.0,,Sin evaluación,False,MUNICIPALIDAD DE CARAHUE,False,2015,2017,229143000.0
30361674,30361674-0,"ADQUISICION CONTENEDORES PARA MANEJO DE RSD, COMUNA DE QUILICURA",PROYECTO,RECURSOS NATURALES Y MEDIO AMBIENTE,MEDIO AMBIENTE,PERFIL,0,2018,,QUILICURA,F.N.D.R.,1144122000.0,1144.122,,236081.0,,Sin evaluación,False,MUNICIPALIDAD DE QUILICURA,False,2014,2018,1144122000.0
30361972,30361972-0,"CONSTRUCCION CICLOVIAS DIVERSOS SECTORES, I ETAPA COMUNA DE SANTIAGO",PROYECTO,TRANSPORTE,"TRANSPORTE URBANO,VIALIDAD PEATONAL",EJECUCION,0,2017,,SANTIAGO,F.N.D.R.,1992022000.0,1992.022,,257982.0,RS,Recomendado (RS),True,MUNICIPALIDAD DE SANTIAGO,False,2015,2017,1992022000.0
30362030,30362030-0,REPOSICION CONTENEDORES PARA LA DISPOSICION DE RSD EN LA COMUNA,PROYECTO,RECURSOS NATURALES Y MEDIO AMBIENTE,MEDIO AMBIENTE,PERFIL,0,2020,,PUERTO OCTAY,F.N.D.R.,49799000.0,49.799,,7689.0,,Sin evaluación,False,MUNICIPALIDAD DE PUERTO OCTAY,False,2018,2020,49799000.0
30362585,30362585-0,CONSERVACION SISTEMAS SECUNDARIOS DE AGUAS LLUVIAS AÑO 2015 VR,PROYECTO,RECURSOS HIDRICOS,AGUAS LLUVIAS,EJECUCION,0,2016,VALPARAISO,,SECTORIAL,776218000.0,776.218,,550000.0,,Sin evaluación,False,SEREMI VIVIENDA REGION DE VALPARAISO,False,2015,2016,776218000.0
30363922,30363922-0,"CONSTRUCCION CICLOVIAS RURALES , COMUNAS ASOCIACION PUNILLA",PROYECTO,TRANSPORTE,TRANSPORTE CAMINERO,PERFIL,0,2018,ÑUBLE,,F.N.D.R.,179661000.0,179.661,,0.0,RS,Recomendado (RS),True,ASOCIACION DE MUNICIPALIDADES DEL PUNILLA,False,2015,2018,182709000.0
30365475,30365475-0,"NORMALIZACION SISTEMA DE DISTRIBUCIÓN DE ENERGÍA DE TRACCIÓN, ETAPA B",PROYECTO,TRANSPORTE,TRANSPORTE FERROVIARIO,EJECUCION,0,2017,VALPARAISO,,EMPRESA,151550000.0,151.55,,20000000.0,RS,Recomendado (RS),True,EMPRESA DE FERROCARRILES DEL ESTADO,False,2015,2017,166497000.0
30366992,30366992-0,"CONSTRUCCION RELLENO SANITARIO, REGION DE LOS RIOS",PROYECTO,RECURSOS NATURALES Y MEDIO AMBIENTE,MEDIO AMBIENTE,EJECUCION,0,2021,,VALDIVIA - REGION XIV,F.N.D.R.,16065984000.0,16065.984,,350000.0,RS,Recomendado (RS),True,MUNICIPALIDAD DE VALDIVIA REGION DE LOS RIOS,False,2017,2021,16065984000.0
30367333,30367333-0,FORESTACION Y CAPACITACIÓN EN DIVERSIFICACIÓN FORESTAL MULTIPROP.,PROGRAMA,RECURSOS NATURALES Y MEDIO AMBIENTE,ADMINISTRACION SILVOAGROPECUARIO,PERFIL,0,2015,LA ARAUCANIA,,F.N.D.R.,1032540000.0,1032.54,1971399.11,,,Sin evaluación,False,CORPORACION NACIONAL FORESTAL REGION DE LA ARAUCANIA,False,2015,2015,1032540000.0
30368174,30368174-0,"REPOSICION DOS CAMIONES RECOLECTORES DE BASURA, LEBU",PROYECTO,RECURSOS NATURALES Y MEDIO AMBIENTE,MEDIO AMBIENTE,EJECUCION,0,2017,,LEBU,F.N.D.R.,272152000.0,272.152,,25035.0,,Sin evaluación,False,MUNICIPALIDAD DE LEBU,False,2015,2017,272152000.0
30369029,30369029-0,MEJORAMIENTO INTEGRAL Y EXTENSIÓN RED AGUA POTABLE APR LAS LOMAS,PROYECTO,RECURSOS HIDRICOS,AGUA POTABLE,PERFIL,0,2015,,SAN CLEMENTE,SECTORIAL,46200000.0,46.2,,855.0,FI,Falta información (FI),False,MUNICIPALIDAD DE SAN CLEMENTE,False,2015,2015,46200000.0
30369627,30369627-0,"CONSTRUCCION CICLOVIA AV. EL PALOMAR, TRAMO 2, COPIAPÓ",PROYECTO,TRANSPORTE,"TRANSPORTE URBANO,VIALIDAD PEATONAL",EJECUCION,0,2016,,COPIAPO,SECTORIAL,603937000.0,603.937,,8723.0,RS,Recomendado (RS),True,SEREMI VIVIENDA REGION DE ATACAMA,False,2015,2016,603937000.0
30369742,30369742-0,"CONSTRUCCION MUROS DE CONTENCION POBLACION MEZA, PADRE LAS CASAS",PROYECTO,VIVIENDA Y DESARROLLO URBANO,SOLUCION HABITACIONAL PARCIAL O COMPLEMENTARIA,PERFIL,0,2016,,PADRE LAS CASAS,SECTORIAL,30750000.0,30.75,,230.0,FI,Falta información (FI),False,SEREMI VIVIENDA REGION DE LA ARAUCANIA,False,2016,2016,30750000.0
30370223,30370223-0,TRANSFERENCIA TECNOLOGICA TICS PARA USO EFICIENTE RECURSOS HIDRICOS,PROGRAMA,RECURSOS HIDRICOS,RIEGO,PERFIL,0,2015,VALPARAISO,,F.N.D.R.,5900000.0,5.9,11264.7,,,Sin evaluación,False,GOBIERNO REGIONAL - REGION DE VALPARAISO,False,2015,2015,5900000.0
30370234,30370234-0,TRANSFERENCIA PRODUCCION ORGANICA CON BAJO CONSUMO DE AGUA,PROGRAMA,RECURSOS NATURALES Y MEDIO AMBIENTE,AGRICULTURA,PERFIL,0,2015,VALPARAISO,,F.N.D.R.,7000000.0,7.0,13364.9,,,Sin evaluación,False,GOBIERNO REGIONAL - REGION DE VALPARAISO,False,2015,2015,7000000.0
30370421,30370421-0,CONSTRUCCION CIERRE VERTEDERO MUNICIPAL DE CONSTITUCION,PROYECTO,RECURSOS NATURALES Y MEDIO AMBIENTE,MEDIO AMBIENTE,EJECUCION,0,2023,,CONSTITUCION,F.N.D.R.,1497538000.0,1497.538,,55778.0,RS,Recomendado (RS),True,MUNICIPALIDAD DE CONSTITUCION,False,2015,2023,1497538000.0
30370672,30370672-0,CONSERVACION DE RIBERAS DE CAUCES NATURALES XIV REGIÓN,PROYECTO,RECURSOS HIDRICOS,"DEFENSAS FLUVIALES,MARITIMAS Y CAUCES NATURALES",EJECUCION,0,2020,LOS RIOS,,SECTORIAL,3721658000.0,3721.658,,2000.0,,Sin evaluación,False,DIRECCION DE OBRAS HIDRAULICAS MOP REGION DE LOS RIOS,False,2016,2020,3721658000.0
30371038,30371038-0,TRANSFERENCIA PROGRAMA CAPACITACIÓN PRÁCTICOS AGRICOLAS TAMARUGAL,PROGRAMA,RECURSOS NATURALES Y MEDIO AMBIENTE,AGRICULTURA,EJECUCION,0,2018,,,F.N.D.R.,290230000.0,290.23,434938.33,274.0,,Sin evaluación,False,SEREMI AGRICULTURA REGION DE TARAPACA,False,2015,2018,294160000.0
30371275,30371275-0,"CONSTRUCCION TRANQUES DESARENADORES SISTEMA FRANCIA, VALPARAÍSO",PROYECTO,RECURSOS HIDRICOS,AGUAS LLUVIAS,EJECUCION,0,2020,,VALPARAISO,SECTORIAL,751637000.0,751.637,,10000.0,RS,Recomendado (RS),True,DIRECCION DE OBRAS HIDRAULICAS MOP REGION DE VALPARAISO,False,2017,2020,751637000.0
30371522,30371522-0,CONSERVACION COLECTOR DE AGUAS LLUVIAS SANTA ROSA SUR,PROYECTO,RECURSOS HIDRICOS,AGUAS LLUVIAS,EJECUCION,0,2016,,PUENTE ALTO,SECTORIAL,5908032000.0,5908.032,,2.0,,Sin evaluación,False,DIRECCION DE OBRAS HIDRAULICAS MOP,False,2015,2016,5908032000.0
30371682,30371682-0,CONSERVACION SISTEMAS DE AGUAS LLUVIAS REGION DEL BIOBIO 2016 - 2018,PROYECTO,RECURSOS HIDRICOS,AGUAS LLUVIAS,EJECUCION,0,2018,L BIO BIO,,SECTORIAL,8050850000.0,8050.85,,11600.0,,Sin evaluación,False,DIRECCION DE OBRAS HIDRAULICAS MOP REGION DEL BIO BIO,False,2016,2018,8050850000.0
30374724,30374724-0,"CONSTRUCCION CIERRE VERTEDERO SECTOR PUEBLO DE INDIOS, SAN VICENTE",PROYECTO,RECURSOS NATURALES Y MEDIO AMBIENTE,MEDIO AMBIENTE,EJECUCION,0,2018,,SAN VICENTE DE TAGUA TAGUA,F.N.D.R.,84154000.0,84.154,,45000.0,RS,Recomendado (RS),True,MUNICIPALIDAD DE SAN VICENTE,False,2015,2018,84154000.0
30375122,30375122-0,CONSTRUCCION ILUMINACION AREAS VERDES POBL. CURAMALAL Y NAHUELBUTA,PROYECTO,VIVIENDA Y DESARROLLO URBANO,DESARROLLO URBANO,EJECUCION,0,2017,,CURANILAHUE,F.N.D.R.,59847000.0,59.847,,1284.0,,Sin evaluación,False,MUNICIPALIDAD DE CURANILAHUE,False,2015,2017,59996000.0
30375822,30375822-0,REPOSICION MÁQUINA EXCAVADADORA PARA OPERACIÓN VERTEDERO MUNICIPAL,PROYECTO,RECURSOS NATURALES Y MEDIO AMBIENTE,MEDIO AMBIENTE,PERFIL,0,2017,,QUELLON,F.N.D.R.,159016000.0,159.016,,20665.0,,Sin evaluación,False,MUNICIPALIDAD DE QUELLON,False,2016,2017,159016000.0
30380073,30380073-0,CONSERVACION DE RIBERAS DE CAUCES NATURALES R.M. AÑOS 2015 - 2017,PROYECTO,RECURSOS HIDRICOS,"DEFENSAS FLUVIALES,MARITIMAS Y CAUCES NATURALES",EJECUCION,0,2018,METROPOLITANA DE SANTIAGO,,SECTORIAL,2938273000.0,2938.273,,265000.0,,Sin evaluación,False,DIRECCION DE OBRAS HIDRAULICAS MOP,False,2015,2018,6936273000.0
30381207,30381207-0,CONSERVACION RIBERAS DE CAUCES NATURALES REGION DE TARAPACA,PROYECTO,RECURSOS HIDRICOS,"DEFENSAS FLUVIALES,MARITIMAS Y CAUCES NATURALES",EJECUCION,1,2017,,,F.N.D.R.,3931873000.0,3931.873,,3874.0,,Sin evaluación,False,DIRECCION DE OBRAS HIDRAULICAS MOP REGION DE TARAPACA,False,2015,2017,3931873000.0
30381472,30381472-0,"MEJORAMIENTO AREA VERDE VILLA DON JORGE, SAN JAVIER",PROYECTO,VIVIENDA Y DESARROLLO URBANO,DESARROLLO URBANO,EJECUCION,0,2018,,SAN JAVIER,F.N.D.R.,89090000.0,89.09,,720.0,,Sin evaluación,False,GOBIERNO REGIONAL - REGION DEL MAULE,False,2015,2018,89090000.0
30381925,30381925-0,"CONSTRUCCION CANALES HORMIGÓN AGUAS LLUVIAS Y OTRAS OBRAS, V. ALEGRE",PROYECTO,VIVIENDA Y DESARROLLO URBANO,DESARROLLO URBANO,EJECUCION,0,2018,,VILLA ALEGRE,F.N.D.R.,88949000.0,88.949,,15340.0,,Sin evaluación,False,GOBIERNO REGIONAL - REGION DEL MAULE,False,2015,2018,94290000.0
30383272,30383272-0,"CONSTRUCCION AREA VERDE POBLACION EDUARDO FREI, COMUNA DE BULNES.",PROYECTO,VIVIENDA Y DESARROLLO URBANO,DESARROLLO URBANO,PERFIL,0,2018,,BULNES - REGION DE ÑUBLE,F.N.D.R.,56024000.0,56.024,,1100.0,,Sin evaluación,False,MUNICIPALIDAD DE BULNES,False,2015,2018,59900000.0
30384373,30384373-0,"CONSTRUCCION AREA VERDE EN LA AGUADA, YUMBEL",PROYECTO,VIVIENDA Y DESARROLLO URBANO,DESARROLLO URBANO,EJECUCION,0,2019,,YUMBEL,F.N.D.R.,62425000.0,62.425,,579.0,,Sin evaluación,False,MUNICIPALIDAD DE YUMBEL,False,2015,2019,62425000.0
30384872,30384872-0,"MEJORAMIENTO AREA VERDE VILLA PARAISO, TALCAHUANO",PROYECTO,VIVIENDA Y DESARROLLO URBANO,DESARROLLO URBANO,EJECUCION,0,2019,,TALCAHUANO,F.N.D.R.,66798000.0,66.798,,2770.0,,Sin evaluación,False,MUNICIPALIDAD DE TALCAHUANO,False,2015,2019,66798000.0
30385123,30385123-0,"CONSTRUCCION PARQUE URBANO CERRO GRANDE I ETAPA, LA SERENA",PROYECTO,VIVIENDA Y DESARROLLO URBANO,DESARROLLO URBANO,EJECUCION,0,2021,,LA SERENA,SECTORIAL,4588820000.0,4588.82,,51886.0,RS,Recomendado (RS),True,SEREMI VIVIENDA REGION DE COQUIMBO,False,2017,2021,4588820000.0
30386022,30386022-0,MEJORAMIENTO ÁREA VERDE MIRADOR HUALQUI,PROYECTO,VIVIENDA Y DESARROLLO URBANO,DESARROLLO URBANO,PERFIL,0,2017,,HUALQUI,F.N.D.R.,59991000.0,59.991,,6075.0,,Sin evaluación,False,MUNICIPALIDAD DE HUALQUI,False,2015,2017,59991000.0
30386072,30386072-0,"CONSTRUCCION CENTRO DE GESTIÓN RESIDUOS SÓLIDOS, MAGALLANES",PROYECTO,RECURSOS NATURALES Y MEDIO AMBIENTE,MEDIO AMBIENTE,DISEÑO,0,2020,,PUNTA ARENAS,F.N.D.R.,2331266000.0,2331.266,,124067.0,RS,Recomendado (RS),True,GOBIERNO REGIONAL - REGION DE MAGALLANES Y ANTARTICA CHILENA,False,2016,2020,2331266000.0
30386977,30386977-0,TRANSFERENCIA VALORIZACION DE RESIDUOS CON AGENTES ANTIGLICANTES,PROGRAMA,RECURSOS NATURALES Y MEDIO AMBIENTE,INTERSUBSECTORIAL,PERFIL,0,2016,L MAULE,,F.N.D.R.,234404000.0,234.404,385926.44,,,Sin evaluación,False,GOBIERNO REGIONAL - REGION DEL MAULE,False,2015,2016,234404000.0
30387091,30387091-0,TRANSFERENCIA DESARROLLO DE PELLET MEDIANTE RESIDUOS AGROINDUSTRIALES,PROGRAMA,ENERGIA,AUTOGENERACION,EJECUCION,0,2018,L MAULE,,F.N.D.R.,212658000.0,212.658,318689.03,200.0,,Sin evaluación,False,GOBIERNO REGIONAL - REGION DEL MAULE,False,2015,2018,212658000.0
30387094,30387094-0,"CONSTRUCCION PARQUE URBANO DE PICHIDANGUI, COMUNA LOS VILOS",PROYECTO,VIVIENDA Y DESARROLLO URBANO,DESARROLLO URBANO,EJECUCION,0,2020,,LOS VILOS,SECTORIAL,541609000.0,541.609,,371.0,RS,Recomendado (RS),True,MUNICIPALIDAD DE LOS VILOS,False,2016,2020,541609000.0
30387773,30387773-0,"CONSTRUCCION CENTRO DE GESTIÓN DE RESIDUOS SÓLIDOS, TIERRA DEL FUEGO",PROYECTO,RECURSOS NATURALES Y MEDIO AMBIENTE,MEDIO AMBIENTE,DISEÑO,0,2020,,PORVENIR,F.N.D.R.,1489063000.0,1489.063,,9827.0,RS,Recomendado (RS),True,GOBIERNO REGIONAL - REGION DE MAGALLANES Y ANTARTICA CHILENA,False,2015,2020,1489063000.0
30388025,30388025-0,"CONSTRUCCION MUROS DE CONTENCIÓN DIVERSOS SECTORES, COMUNA DE LEBU",PROYECTO,VIVIENDA Y DESARROLLO URBANO,DESARROLLO URBANO,EJECUCION,0,2018,,LEBU,F.N.D.R.,1159709000.0,1159.709,,1947.0,RS,Recomendado (RS),True,MUNICIPALIDAD DE LEBU,False,2015,2018,1159709000.0
30388028,30388028-0,TRANSFERENCIA INSTALACIÓN PILOTO DE ENERGÍA FOTOVOLTAICA DISTRIBUIDA,PROGRAMA,ENERGIA,INTERSUBSECTORIAL ENERGIA,EJECUCION,0,2018,L MAULE,,F.N.D.R.,240083000.0,240.083,359788.1,2000.0,,Sin evaluación,False,GOBIERNO REGIONAL - REGION DEL MAULE,False,2015,2018,240083000.0
30389274,30389274-0,CONSERVACION AREAS VERDES PASAJE QUILLAGUA COMUNA DE SAN JOAQUIN,PROYECTO,VIVIENDA Y DESARROLLO URBANO,DESARROLLO URBANO,EJECUCION,0,2019,,SAN JOAQUIN,F.N.D.R.,121542000.0,121.542,,1585.0,,Sin evaluación,False,MUNICIPALIDAD DE SAN JOAQUIN,False,2016,2019,121542000.0
30389922,30389922-0,"REPOSICION LUMINARIAS ALUMBRADO PUBLICO EN CALLES Y PASAJES, SAN PEDRO DE LA PAZ",PROYECTO,ENERGIA,ALUMBRADO PUBLICO,EJECUCION,0,2019,,SAN PEDRO DE LA PAZ,F.N.D.R.,1185035000.0,1185.035,,33057.0,RS,Recomendado (RS),True,MUNICIPALIDAD DE SAN PEDRO DE LA PAZ,False,2017,2019,1185035000.0
30390924,30390924-0,"CONSTRUCCION OBRAS DE CONTROL ALUVIONAL QUEB. URIBE, ANTOFAGASTA",PROYECTO,RECURSOS HIDRICOS,"DEFENSAS FLUVIALES,MARITIMAS Y CAUCES NATURALES",EJECUCION,1,2017,,ANTOFAGASTA,F.N.D.R.,5460207000.0,5460.207,,348669.0,RS,Recomendado (RS),True,DIRECCION DE OBRAS HIDRAULICAS MOP REGION DE ANTOFAGASTA,False,2015,2017,5460207000.0
30391372,30391372-0,"CONSTRUCCION OBRAS DE CIERRE VERTEDERO ORITO, ISLA DE PASCUA",PROYECTO,RECURSOS NATURALES Y MEDIO AMBIENTE,MEDIO AMBIENTE,PERFIL,0,2019,,ISLA DE PASCUA,F.N.D.R.,1101038000.0,1101.038,,5589.0,IN,Incumplimiento (IN),False,MUNICIPALIDAD DE ISLA DE PASCUA,False,2015,2019,1101038000.0
30391634,30391634-0,CONSERVACION SISTEMAS SECUNDARIOS DE AGUAS LLUVIAS AÑO 2016 VR,PROYECTO,RECURSOS HIDRICOS,AGUAS LLUVIAS,EJECUCION,0,2017,VALPARAISO,,SECTORIAL,662061000.0,662.061,,550000.0,,Sin evaluación,False,SEREMI VIVIENDA REGION DE VALPARAISO,False,2016,2017,662061000.0
30392022,30392022-0,CONSERVACION DE RIBERAS Y CAUCES NATURALES REG. DE ATACAMA AÑO 2015,PROYECTO,RECURSOS HIDRICOS,"DEFENSAS FLUVIALES,MARITIMAS Y CAUCES NATURALES",EJECUCION,0,2018,ATACAMA,,SECTORIAL,19145797000.0,19145.797,,2.0,,Sin evaluación,False,DIRECCION DE OBRAS HIDRAULICAS MOP,False,2015,2018,19145797000.0
30392028,30392028-0,CONSERVACION REDES SECUNDARIAS DE AGUAS LLUVIAS 2016 REG LOS LAGOS,PROYECTO,RECURSOS HIDRICOS,AGUAS LLUVIAS,EJECUCION,0,2017,LOS LAGOS,,SECTORIAL,218565000.0,218.565,,100000.0,,Sin evaluación,False,SEREMI VIVIENDA REGION DE LOS LAGOS,False,2016,2017,218565000.0
30392275,30392275-0,"CONSERVACION DEFENSAS FLUVIALES RIO LONTUE, SECTOR LO VALDIVIA, SAGR",PROYECTO,RECURSOS HIDRICOS,"DEFENSAS FLUVIALES,MARITIMAS Y CAUCES NATURALES",PERFIL,0,2017,,SAGRADA FAMILIA,F.N.D.R.,514872000.0,514.872,,1400.0,,Sin evaluación,False,DIRECCION DE OBRAS HIDRAULICAS MOP REGION DEL MAULE,False,2015,2017,514872000.0
30392572,30392572-0,CONSERVACION DE RIBERAS Y CAUCES NATURALES XV REGIÓN AÑO 2015,PROYECTO,RECURSOS HIDRICOS,"DEFENSAS FLUVIALES,MARITIMAS Y CAUCES NATURALES",EJECUCION,0,2018,ARICA Y PARINACOTA,,SECTORIAL,4179654000.0,4179.654,,2.0,,Sin evaluación,False,DIRECCION DE OBRAS HIDRAULICAS MOP,False,2015,2018,4179654000.0
30392724,30392724-0,TRANSFERENCIA PROGRAMA INTEGRAL DE RIEGO REGIÓN DEL MAULE (2015-2018),PROGRAMA,RECURSOS NATURALES Y MEDIO AMBIENTE,AGRICULTURA,EJECUCION,0,2018,L MAULE,,F.N.D.R.,748975000.0,748.975,1122413.04,1200.0,,Sin evaluación,False,GOBIERNO REGIONAL - REGION DEL MAULE,False,2015,2018,748975000.0
30392925,30392925-0,CONSTRUCCION CENTRO GESTIÓN DE RESIDUOS SÓLIDOS COCHRANE-TORTEL,PROYECTO,RECURSOS NATURALES Y MEDIO AMBIENTE,MEDIO AMBIENTE,DISEÑO,0,2019,,,F.N.D.R.,757966000.0,757.966,,4014.0,RS,Recomendado (RS),True,MUNICIPALIDAD DE COCHRANE,False,2015,2019,757966000.0
30392981,30392981-0,REPOSICION DIVERSAS DE ÁREAS VERDES SECTOR NORTE - LANCO,PROYECTO,VIVIENDA Y DESARROLLO URBANO,DESARROLLO URBANO,EJECUCION,1,2021,,LANCO - REGION XIV,SECTORIAL,546488000.0,546.488,,4438.0,RS,Recomendado (RS),True,SEREMI VIVIENDA REGION DE LOS RIOS,False,2016,2021,604023000.0
30393527,30393527-0,ADQUISICION CONTENEDORES DE BASURA 2 ETAPA. SAN BERNARDO,PROYECTO,RECURSOS NATURALES Y MEDIO AMBIENTE,MEDIO AMBIENTE,PERFIL,0,2019,,SAN BERNARDO,F.N.D.R.,165042000.0,165.042,,328008.0,,Sin evaluación,False,MUNICIPALIDAD DE SAN BERNARDO,False,2015,2019,524387000.0
30394035,30394035-0,TRANSFERENCIA EN PRODUCCIÓN DE PLANTAS FORESTALES VIVERO EL MALLÍN,PROGRAMA,RECURSOS NATURALES Y MEDIO AMBIENTE,SILVICULTURA,PERFIL,0,2015,AISEN DEL GENERAL CARLOS,,F.N.D.R.,282732000.0,282.732,539812.13,,,Sin evaluación,False,CORPORACION NACIONAL FORESTAL REGION DE AISEN DEL GENERAL CARLOS IBAÑEZ DEL CAMPO,False,2015,2015,282732000.0
30394728,30394728-0,CONSTRUCCION OBRAS FLUVIALES Y CONTROL ALUVIONAL RÍO SALADO,PROYECTO,RECURSOS HIDRICOS,"DEFENSAS FLUVIALES,MARITIMAS Y CAUCES NATURALES",EJECUCION,0,2017,,,SECTORIAL,823830000.0,823.83,,6526.0,RS,Recomendado (RS),True,DIRECCION DE OBRAS HIDRAULICAS MOP,False,2016,2017,823830000.0
30394729,30394729-0,"CONSTRUCCION OBRAS FLUVIALES Y CONTROL ALUVIONAL QUEBRADA PAIPOTE, COPIAPO",PROYECTO,RECURSOS HIDRICOS,"DEFENSAS FLUVIALES,MARITIMAS Y CAUCES NATURALES",EJECUCION,0,2017,,COPIAPO,SECTORIAL,713878000.0,713.878,,46714.0,RS,Recomendado (RS),True,DIRECCION DE OBRAS HIDRAULICAS MOP,False,2016,2017,713878000.0
30394730,30394730-0,"CONSERVACION RIBERAS Y CAUCES NATURALES REGIÓN DE ATACAMA, AÑO 2015",PROYECTO,RECURSOS HIDRICOS,"DEFENSAS FLUVIALES,MARITIMAS Y CAUCES NATURALES",PERFIL,0,2017,ATACAMA,,SECTORIAL,21642161000.0,21642.161,,300000.0,,Sin evaluación,False,DIRECCION DE OBRAS HIDRAULICAS MOP,False,2015,2017,21642161000.0
30394732,30394732-0,"CONSTRUCCION O. FLUVIALES Y CONTROL ALUVIONAL CUENCA RIO TRANSITO Y EL CARMEN, A. DEL CARMEN",PROYECTO,RECURSOS HIDRICOS,"DEFENSAS FLUVIALES,MARITIMAS Y CAUCES NATURALES",DISEÑO,0,2017,,ALTO DEL CARMEN,SECTORIAL,1354704000.0,1354.704,,6307.0,RS,Recomendado (RS),True,DIRECCION DE OBRAS HIDRAULICAS MOP,False,2016,2017,1354704000.0
30397027,30397027-0,CONSERVACION DE RIBERAS CAUCES NATURALES VARIOS SECTORES REG. AYP,PROYECTO,RECURSOS HIDRICOS,"DEFENSAS FLUVIALES,MARITIMAS Y CAUCES NATURALES",EJECUCION,0,2018,ARICA Y PARINACOTA,,F.N.D.R.,6466549000.0,6466.549,,1400.0,,Sin evaluación,False,DIRECCION DE OBRAS HIDRAULICAS MOP REGION DE ARICA Y PARINACOTA,False,2015,2018,6466549000.0
30397322,30397322-0,"MEJORAMIENTO SISTEMA APR QUEBRADA DE PAIHUANO, COMUNA DE PAIHUANO",PROYECTO,RECURSOS HIDRICOS,AGUA POTABLE,EJECUCION,0,2019,,PAIHUANO,SECTORIAL,297674000.0,297.674,,279.0,RS,Recomendado (RS),True,DIRECCION DE OBRAS HIDRAULICAS MOP REGION DE COQUIMBO,False,2016,2019,297674000.0
30397477,30397477-0,TRANSFERENCIA TECNOLOGICA DESARROLLO ENERGIA EOLICA Y SOLAR VALPSO.,PROGRAMA,ENERGIA,INTERSUBSECTORIAL ENERGIA,PERFIL,0,2016,,VALPARAISO,F.N.D.R.,103106000.0,103.106,169755.34,,,Sin evaluación,False,GOBIERNO REGIONAL - REGION DE VALPARAISO,False,2015,2016,103106000.0
30397546,30397546-0,TRANSFERENCIA INNOVACION VIVIENDA MODULAR SOLAR SUSTENTABLE,PROGRAMA,MULTISECTORIAL,INTERSUBSECTORIAL MULTISECTOR,PERFIL,0,2016,VALPARAISO,,F.N.D.R.,145313000.0,145.313,239245.61,,,Sin evaluación,False,GOBIERNO REGIONAL - REGION DE VALPARAISO,False,2015,2016,145313000.0
30397547,30397547-0,CONSTRUCCION PARQUE URBANO HUMEDAL ESTERO QUILPUE,PROYECTO,VIVIENDA Y DESARROLLO URBANO,DESARROLLO URBANO,DISEÑO,0,2022,,QUILPUE,SECTORIAL,75625000.0,75.625,,6498.0,FI,Falta información (FI),False,SEREMI VIVIENDA REGION DE VALPARAISO,False,2016,2022,75625000.0
30397626,30397626-0,TRANSFERENCIA INTEGRACION SISTEMAS FOTOVOLTAICOS EN EDIFICACIONES,PROGRAMA,ENERGIA,AUTOGENERACION,PERFIL,0,2016,VALPARAISO,,F.N.D.R.,125279000.0,125.279,206261.32,,,Sin evaluación,False,GOBIERNO REGIONAL - REGION DE VALPARAISO,False,2015,2016,125279000.0
30398232,30398232-0,"CONSTRUCCION ÁREAS VERDES STA GEMITA/ROSAS DEL PARRON, MAULE",PROYECTO,VIVIENDA Y DESARROLLO URBANO,DESARROLLO URBANO,EJECUCION,0,2018,,MAULE,F.N.D.R.,90101000.0,90.101,,278.0,,Sin evaluación,False,GOBIERNO REGIONAL - REGION DEL MAULE,False,2016,2018,90101000.0
30398572,30398572-0,CONSTRUCCION ÁREA VERDE CHACARILLA COMUNA DE MAULE,PROYECTO,VIVIENDA Y DESARROLLO URBANO,DESARROLLO URBANO,EJECUCION,0,2018,,MAULE,F.N.D.R.,112029000.0,112.029,,224.0,,Sin evaluación,False,GOBIERNO REGIONAL - REGION DEL MAULE,False,2016,2018,112029000.0
30399423,30399423-0,"HABILITACION ALUMBRADO FOTOVOLTAICO DIVERSOS SECTORES, EMPEDRADO",PROYECTO,ENERGIA,ALUMBRADO PUBLICO,EJECUCION,0,2018,,EMPEDRADO,F.N.D.R.,86125000.0,86.125,,2225.0,,Sin evaluación,False,GOBIERNO REGIONAL - REGION DEL MAULE,False,2017,2018,86125000.0
30399494,30399494-0,CONSTRUCCION ALUMBRADO PUBLICO SOLAR CUREPTO,PROYECTO,ENERGIA,INTERSUBSECTORIAL ENERGIA,EJECUCION,0,2016,,CUREPTO,F.N.D.R.,60235000.0,60.235,,1224.0,,Sin evaluación,False,MUNICIPALIDAD DE CUREPTO,False,2015,2016,60235000.0
30399587,30399587-0,CONSTRUCCION ÁREA VERDE SECTOR PORTONES AZULES COMUNA YERBAS BUENAS,PROYECTO,VIVIENDA Y DESARROLLO URBANO,DESARROLLO URBANO,EJECUCION,0,2017,,YERBAS BUENAS,F.N.D.R.,88292000.0,88.292,,452.0,,Sin evaluación,False,GOBIERNO REGIONAL - REGION DEL MAULE,False,2015,2017,88292000.0
30399589,30399589-0,"TRANSFERENCIA EFICIENCIA ENERGÉTICA, REGIÓN DE ANTOFAGASTA",PROGRAMA,ENERGIA,INTERSUBSECTORIAL ENERGIA,EJECUCION,1,2016,ANTOFAGASTA,,F.N.D.R.,14331294000.0,14331.294,23595268.2,,,Sin evaluación,False,SEREMI DE ENERGIA REGION DE ANTOFAGASTA,False,2015,2016,14331294000.0
30399675,30399675-0,SANEAMIENTO REGULARIZACIÓN TÍTULOS DE DOMINO DE TIERRA,PROGRAMA,SOLUCION HABITACIONAL PARCIAL O,,PERFIL,0,2015,,ALTO DEL CARMEN,F.N.D.R.,98689000.0,98.689,188424.09,,OT,Objetado técnicamente (OT),False,GOBIERNO REGIONAL - REGION DE ATACAMA,False,2015,2015,98689000.0
30399972,30399972-0,CONSTRUCCION INFRAESTRUCTURA FOTOVOLTAICA MOLINA,PROYECTO,ENERGIA,ADMINISTRACION ENERGIA,PERFIL,0,2018,,MOLINA,F.N.D.R.,74435000.0,74.435,,1000.0,,Sin evaluación,False,MUNICIPALIDAD DE MOLINA,False,2015,2018,77715000.0
30400072,30400072-0,CONSTRUCCION ÁREA VERDE DISTINTOS SECTORES COMUNA YERBAS BUENAS,PROYECTO,VIVIENDA Y DESARROLLO URBANO,DESARROLLO URBANO,EJECUCION,0,2017,,YERBAS BUENAS,F.N.D.R.,88698000.0,88.698,,370.0,,Sin evaluación,False,GOBIERNO REGIONAL - REGION DEL MAULE,False,2016,2017,88698000.0
30400228,30400228-0,"MEJORAMIENTO AREAS VERDES, CHILLAN VIEJO",PROYECTO,VIVIENDA Y DESARROLLO URBANO,DESARROLLO URBANO,DISEÑO,0,2019,,CHILLAN VIEJO - REGION DE,F.N.D.R.,40364000.0,40.364,,32404.0,RS,Recomendado (RS),True,MUNICIPALIDAD DE CHILLAN VIEJO,False,2015,2019,45971000.0
30401223,30401223-0,TRANSFERENCIA HABILITACIÓN DE OBRAS Y TEC. DE RIEGO INDIV. Y ASOC.,PROGRAMA,RECURSOS NATURALES Y MEDIO AMBIENTE,AGRICULTURA,PERFIL,0,2016,,,F.N.D.R.,211000000.0,211.0,347393.72,,,Sin evaluación,False,INSTITUTO DESARROLLO AGROPECUARIO REGION DE LOS RIOS,False,2015,2016,415500000.0
30401224,30401224-0,TRANSFERENCIA HABILITACIÓN E IMPL. DE OBRAS DE ABAST. AGUA PREDIAL,PROGRAMA,RECURSOS NATURALES Y MEDIO AMBIENTE,AGRICULTURA,PERFIL,0,2016,,,F.N.D.R.,122500000.0,122.5,201685.93,,,Sin evaluación,False,INSTITUTO DESARROLLO AGROPECUARIO REGION DE LOS RIOS,False,2015,2016,234500000.0
30401623,30401623-0,"ADQUISICION CONTENEDORES DE RESIDUOS SÓLIDOS DOMICILIARIOS Y ASIMILABLES, COMUNA DE PARRAL",PROYECTO,RECURSOS NATURALES Y MEDIO AMBIENTE,MEDIO AMBIENTE,EJECUCION,0,2019,,PARRAL,F.N.D.R.,344357000.0,344.357,,41905.0,,Sin evaluación,False,MUNICIPALIDAD DE PARRAL,False,2016,2019,379478000.0
30401773,30401773-0,"REPOSICION MURO DE CONTENCION C.H. REY DEL MAR, COMUNA IQUIQUE",PROYECTO,VIVIENDA Y DESARROLLO URBANO,SOLUCION HABITACIONAL PARCIAL O COMPLEMENTARIA,PERFIL,0,2015,TARAPACA,,F.N.D.R.,1506270000.0,1506.27,,180.0,FI,Falta información (FI),False,SERVICIO VIVIENDA Y URBANIZACION REGION DE TARAPACA,False,2015,2015,1506270000.0
30403324,30403324-0,CONSTRUCCION ILUMINACIÓN SOLAR PARA MEJORAR SEGURIDAD RUTA A-469,PROYECTO,ENERGIA,ALUMBRADO PUBLICO,EJECUCION,0,2018,,CAMIÑA (Prov. Tamarugal),F.N.D.R.,200362000.0,200.362,,195.0,FI,Falta información (FI),False,MUNICIPALIDAD DE CAMIÑA,False,2015,2018,200362000.0
30404572,30404572-0,CONSTRUCCION MUROS DE CONTENCION COYHAIQUE 2016,PROYECTO,VIVIENDA Y DESARROLLO URBANO,VIVIENDA DEFINITIVA,EJECUCION,0,2017,,COYHAIQUE,SECTORIAL,429429000.0,429.429,,360.0,RS,Recomendado (RS),True,SEREMI VIVIENDA REGION DE AISEN DEL GENERAL CARLOS IBAÑEZ DEL CAMPO,False,2016,2017,429429000.0
30404573,30404573-0,"MEJORAMIENTO AREA VERDE Y SEDE SOCIAL BARRIO LOS MADEROS,CUNCO",PROYECTO,VIVIENDA Y DESARROLLO URBANO,DESARROLLO URBANO,PERFIL,0,2017,,CUNCO,F.N.D.R.,56000000.0,56.0,,312.0,,Sin evaluación,False,MUNICIPALIDAD DE CUNCO,False,2015,2017,56000000.0
30404623,30404623-0,"MEJORAMIENTO PARCIAL DE LUMINARIAS PUBLICAS, COMUNA DE LA GRANJA",PROYECTO,ENERGIA,ALUMBRADO PUBLICO,PERFIL,0,2019,,LA GRANJA,F.N.D.R.,2955267000.0,2955.267,,111930.0,RS,Recomendado (RS),True,MUNICIPALIDAD DE LA GRANJA,False,2017,2019,2955267000.0
30406325,30406325-0,DIFUSION Y AMPLIACIÓN COBERTURA RED AGROCLIMÁTICA REGIÓN DE MAG,PROGRAMA,RECURSOS NATURALES Y MEDIO AMBIENTE,INTERSUBSECTORIAL,PERFIL,0,2016,MAGALLANES Y ANTARTICA,,F.N.D.R.,305003000.0,305.003,502161.74,,,Sin evaluación,False,INSTITUTO INVESTIGACIONES AGROPECUARIAS REGION DE MAGALLANES Y ANTARTICA CHILENA,False,2015,2016,305003000.0
30406572,30406572-0,TRANSFERENCIA DE TECNOLOGÍAS PARA DISMINUIR RECURSOS HIDRICOS,PROGRAMA,RECURSOS NATURALES Y MEDIO AMBIENTE,AGRICULTURA,PERFIL,0,2016,MAGALLANES Y ANTARTICA,,F.N.D.R.,490003000.0,490.003,806748.66,,,Sin evaluación,False,INSTITUTO INVESTIGACIONES AGROPECUARIAS REGION DE MAGALLANES Y ANTARTICA CHILENA,False,2015,2016,490003000.0
30407076,30407076-0,"CONSERVACION OBRAS SEQUÍA 2015-2016, REGIÓN DE COQUIMBO",PROYECTO,RECURSOS HIDRICOS,AGUA POTABLE,EJECUCION,0,2017,COQUIMBO,,SECTORIAL,4488897000.0,4488.897,,28540.0,,Sin evaluación,False,DIRECCION DE OBRAS HIDRAULICAS MOP REGION DE COQUIMBO,False,2015,2017,7175660000.0
30407476,30407476-0,"ADQUISICION CONTENEDORES DE RSD Y A, COMUNA DE RAUCO",PROYECTO,RECURSOS NATURALES Y MEDIO AMBIENTE,MEDIO AMBIENTE,EJECUCION,0,2017,,RAUCO,F.N.D.R.,111492000.0,111.492,,8472.0,,Sin evaluación,False,GOBIERNO REGIONAL - REGION DEL MAULE,False,2016,2017,111492000.0
30408077,30408077-0,TRANSFERENCIA TECNOL. PARA MEJORAR EFICIENCIA DEL RIEGO EN RIO LLUTA,PROGRAMA,RECURSOS HIDRICOS,RIEGO,EJECUCION,0,2018,ARICA Y PARINACOTA,,SECTORIAL,228837000.0,228.837,342934.86,890.0,RS,Recomendado (RS),True,COMISION NACIONAL DE RIEGO,False,2016,2018,228837000.0
30408975,30408975-0,"CONSTRUCCION PARQUE URBANO AURORA, CONCEPCION",PROYECTO,VIVIENDA Y DESARROLLO URBANO,DESARROLLO URBANO,EJECUCION,0,2019,,CONCEPCION,SECTORIAL,103226000.0,103.226,,1964.0,RS,Recomendado (RS),True,SEREMI VIVIENDA REGION DEL BIO BIO,False,2016,2019,110157000.0
30411832,30411832-0,"TRANSFERENCIA SUBSIDIO TERMICO PDA, TEMUCO-PADRE LAS CASAS",PROGRAMA,SOLUCION HABITACIONAL PARCIAL O,,PERFIL,0,2016,,TEMUCO,F.N.D.R.,4049000000.0,4049.0,6666337.38,,,Sin evaluación,False,SEREMI VIVIENDA REGION DE LA ARAUCANIA,False,2016,2016,4049000000.0
30411835,30411835-0,CONSTRUCCION PLAN DECIERRE Y SELLADO VERTEDERO VILLA ALEMANA,PROYECTO,RECURSOS NATURALES Y MEDIO AMBIENTE,MEDIO AMBIENTE,EJECUCION,0,2018,,VILLA ALEMANA,F.N.D.R.,1842566000.0,1842.566,,138348.0,IN,Incumplimiento (IN),False,MUNICIPALIDAD DE VILLA ALEMANA,False,2015,2018,1842566000.0
30412172,30412172-0,TRANSFERENCIA INV. EN FOMENTO AL RIEGO Y DRENAJE REGIÓN ANTOFAGASTA,PROGRAMA,RECURSOS HIDRICOS,RIEGO,EJECUCION,0,2020,ANTOFAGASTA,,F.N.D.R.,1679456000.0,1679.456,2729846.23,1100.0,,Sin evaluación,False,COMISION NACIONAL DE RIEGO,False,2018,2020,4419713000.0
30412526,30412526-0,"MEJORAMIENTO PARQUE URBANO DEPORTIVO CENDYR, LA SERENA",PROYECTO,VIVIENDA Y DESARROLLO URBANO,DESARROLLO URBANO,PERFIL,0,2018,,LA SERENA,SECTORIAL,220063000.0,220.063,,57219.0,RS,Recomendado (RS),True,SEREMI VIVIENDA REGION DE COQUIMBO,False,2016,2018,220063000.0
30412725,30412725-0,CONSTRUCCION COLECTOR AGUAS LLUVIAS SECTOR CORDILLERA,PROYECTO,RECURSOS HIDRICOS,AGUAS LLUVIAS,PERFIL,0,2016,,PUCON,F.N.D.R.,368563000.0,368.563,,1369.0,FI,Falta información (FI),False,MUNICIPALIDAD DE PUCON,False,2016,2016,368563000.0
30412840,30412840-0,CONSTRUCCION PARQUE DE MITIGACIÓN DE INUNDACIONES BANDURRIAS COPIAPÓ,PROYECTO,RECURSOS HIDRICOS,AGUAS LLUVIAS,DISEÑO,0,2020,,COPIAPO,SECTORIAL,384988000.0,384.988,,11256.0,RS,Recomendado (RS),True,SEREMI VIVIENDA REGION DE ATACAMA,False,2017,2020,384988000.0
30413074,30413074-0,TRANSFERENCIA POSICIONAMIENTO LABORATORIO TECNOLOGÍAS SOLARES.,PROGRAMA,ENERGIA,AUTOGENERACION,EJECUCION,0,2018,ANTOFAGASTA,,F.N.D.R.,250257000.0,250.257,375034.84,,,Sin evaluación,False,GOBIERNO REGIONAL - REGION DE ANTOFAGASTA,False,2015,2018,394463000.0
30413089,30413089-0,TRANSFERENCIA ALMACENAMIENTO SOLAR LINO3,PROGRAMA,ENERGIA,AUTOGENERACION,EJECUCION,0,2017,ANTOFAGASTA,,F.N.D.R.,134408000.0,134.408,190018.94,,,Sin evaluación,False,GOBIERNO REGIONAL - REGION DE ANTOFAGASTA,False,2015,2017,134408000.0
30414823,30414823-0,TRANSFERENCIA TECNOLOGIA PARA EFICIENCIA ENERGETICA EN LA AGRICULTURA,PROGRAMA,RECURSOS NATURALES Y MEDIO AMBIENTE,AGRICULTURA,PERFIL,0,2017,VALPARAISO,,F.N.D.R.,5883000.0,5.883,8317.08,,,Sin evaluación,False,GOBIERNO REGIONAL - REGION DE VALPARAISO,False,2015,2017,7000000.0
30415172,30415172-0,"ADQUISICION DE CONTENEDORES DE RSD Y ASIMILABLE, COMUNA DE LICANTÉN",PROYECTO,RECURSOS NATURALES Y MEDIO AMBIENTE,MEDIO AMBIENTE,EJECUCION,0,2017,,LICANTEN,F.N.D.R.,82274000.0,82.274,,7711.0,,Sin evaluación,False,GOBIERNO REGIONAL - REGION DEL MAULE,False,2015,2017,82274000.0
30415573,30415573-0,"CONSTRUCCION PARQUE URBANO RIBEREÑO DE MITIGACIÓN, CHAÑARAL",PROYECTO,VIVIENDA Y DESARROLLO URBANO,DESARROLLO URBANO,PERFIL,0,2017,,CHAÑARAL,F.N.D.R.,341514000.0,341.514,,13527.0,OT,Objetado técnicamente (OT),False,SEREMI VIVIENDA REGION DE ATACAMA,False,2017,2017,341514000.0
30416829,30416829-0,HABILITACION PLANICIES DE INUNDACIÓN RIO LAS MINAS PTA ARENAS,PROYECTO,RECURSOS HIDRICOS,"DEFENSAS FLUVIALES,MARITIMAS Y CAUCES NATURALES",PREFACTIBILIDAD,0,2017,,PUNTA ARENAS,F.N.D.R.,149577000.0,149.577,,120000.0,RS,Recomendado (RS),True,DIRECCION DE OBRAS HIDRAULICAS MOP REGION DE MAGALLANES Y ANTARTICA CHILENA,False,2015,2017,149577000.0
30417228,30417228-0,CAPACITACION INNOVACIÓN EN EL USO EFICIENTE DEL RECURSO HIDRICO,PROGRAMA,RECURSOS NATURALES Y MEDIO AMBIENTE,AGRICULTURA,PERFIL,0,2016,,,F.N.D.R.,497750000.0,497.75,819503.44,,FI,Falta información (FI),False,GOBIERNO REGIONAL - REGION METROPOLITANA DE SANTIAGO,False,2016,2016,497750000.0
30417328,30417328-0,CONSERVACION ESPACIOS PÚBLICOS Y MUROS DE CONTENCIÓN TOCOPILLA,PROYECTO,VIVIENDA Y DESARROLLO URBANO,DESARROLLO URBANO,EJECUCION,0,2018,,TOCOPILLA,SECTORIAL,1018637000.0,1018.637,,9000.0,,Sin evaluación,False,SEREMI VIVIENDA REGION DE ANTOFAGASTA,False,2015,2018,2623053000.0
30417380,30417380-0,"CONSERVACION COLECTOR DE AGUAS LLUVIAS ALAMEDA CON CRUCE FF,RANCAGUA",PROYECTO,RECURSOS HIDRICOS,AGUAS LLUVIAS,PERFIL,0,2016,,RANCAGUA,F.N.D.R.,117579000.0,117.579,,4000.0,,Sin evaluación,False,DIRECCION DE OBRAS HIDRAULICAS MOP REGION DEL LIBERTADOR GENERAL BERNARDO O'HIGGINS,False,2015,2016,117579000.0
30417978,30417978-0,TRANSFERENCIA REDUCCION PERDIDAS DE AGUA EN CANALES VÍA POLÍMEROS,PROGRAMA,RECURSOS HIDRICOS,RIEGO,EJECUCION,0,2018,L MAULE,,F.N.D.R.,121775000.0,121.775,182491.87,130.0,,Sin evaluación,False,GOBIERNO REGIONAL - REGION DEL MAULE,False,2015,2018,147537000.0
30418206,30418206-0,CONSTRUCCION SISTEMA ABATIMIENTO EMISIONES ATMOSFÉRICAS FCCU - BB,PROYECTO,MINERIA,HIDROCARBUROS,EJECUCION,0,2016,VALPARAISO,,EMPRESA,56425000.0,56.425,92899.01,20.0,RS,Recomendado (RS),True,HOLDING ENAP,False,2015,2016,56425000.0
30418373,30418373-0,CONSTRUCCION LUMINARIA SOLAR CAMINO SAN AGUSTÍN - CALERA DE TANGO,PROYECTO,ENERGIA,ALUMBRADO PUBLICO,PERFIL,0,2019,,CALERA DE TANGO,F.N.D.R.,100129000.0,100.129,,704.0,,Sin evaluación,False,MUNICIPALIDAD DE CALERA DE TANGO,False,2015,2019,100129000.0
30419174,30419174-0,TRANSFERENCIA SISTEMAS PARA DESCONTAMINACIÓN DE AGUA DE RIEGO,PROGRAMA,RECURSOS NATURALES Y MEDIO AMBIENTE,AGRICULTURA,EJECUCION,0,2018,L LIBERTADOR GENERAL,,F.N.D.R.,179184000.0,179.184,268524.93,200.0,,Sin evaluación,False,GOBIERNO REGIONAL - REGION DEL LIBERTADOR GENERAL BERNARDO O'HIGGINS,False,2015,2018,179184000.0
30419287,30419287-0,TRANSFERENCIA INNOVACIÓN Y OPTIMIZACIÓN DEL RIEGO DE ARÁNDANOS,PROGRAMA,RECURSOS NATURALES Y MEDIO AMBIENTE,AGRICULTURA,PERFIL,0,2015,L LIBERTADOR GENERAL,,F.N.D.R.,146105000.0,146.105,278954.1,,,Sin evaluación,False,GOBIERNO REGIONAL - REGION DEL LIBERTADOR GENERAL BERNARDO O'HIGGINS,False,2015,2015,146105000.0
30419375,30419375-0,TRANSFERENCIA TÉCNICAS DE RIEGO DEFICITARIO CONTROLADO EN KIWI,PROGRAMA,RECURSOS NATURALES Y MEDIO AMBIENTE,AGRICULTURA,EJECUCION,0,2018,L LIBERTADOR GENERAL,,F.N.D.R.,164001000.0,164.001,245771.7,200.0,,Sin evaluación,False,GOBIERNO REGIONAL - REGION DEL LIBERTADOR GENERAL BERNARDO O'HIGGINS,False,2015,2018,199018000.0
30419577,30419577-0,TRANSFERENCIA RIEGO POR PULSOS EN FRUTALES Y HORTALIZAS,PROGRAMA,RECURSOS NATURALES Y MEDIO AMBIENTE,AGRICULTURA,PERFIL,0,2015,L LIBERTADOR GENERAL,,F.N.D.R.,266884000.0,266.884,509553.99,,,Sin evaluación,False,GOBIERNO REGIONAL - REGION DEL LIBERTADOR GENERAL BERNARDO O'HIGGINS,False,2015,2015,266884000.0
30420977,30420977-0,CONSTRUCCION SISTEMA AGUAS LLUVIAS CHOROMBO ALTO COMUNA MARIA PINTO,PROYECTO,RECURSOS HIDRICOS,AGUAS LLUVIAS,PERFIL,0,2015,,MARIA PINTO,F.N.D.R.,62174000.0,62.174,,12901.0,,Sin evaluación,False,MUNICIPALIDAD DE MARIA PINTO,False,2015,2015,62174000.0
30421774,30421774-0,CONSTRUCCION E INSTALACIÓN LUMINARIA LED CICLOVIA PLAZUELA-POLPAICO,PROYECTO,VIVIENDA Y DESARROLLO URBANO,DESARROLLO URBANO,PERFIL,0,2019,,TIL TIL,F.N.D.R.,104193000.0,104.193,,16405.0,,Sin evaluación,False,MUNICIPALIDAD DE TIL TIL,False,2015,2019,104193000.0
30423523,30423523-0,"CONSTRUCCION ESTANQUES EMERGENCIA APR UNIÓN CORDILLERA, CUNCO",PROYECTO,RECURSOS HIDRICOS,AGUA POTABLE,PERFIL,0,2016,,CUNCO,F.N.D.R.,31500000.0,31.5,,4800.0,,Sin evaluación,False,MUNICIPALIDAD DE CUNCO,False,2016,2016,31500000.0
30426174,30426174-0,CONSERVACION ÁREA VERDE EN RIBERA SUR,PROYECTO,VIVIENDA Y DESARROLLO URBANO,DESARROLLO URBANO,EJECUCION,0,2017,,AYSEN,F.N.D.R.,52111000.0,52.111,,1526.0,,Sin evaluación,False,MUNICIPALIDAD DE AYSEN,False,2015,2017,52111000.0
30427772,30427772-0,ADQUISICION CONTENEDORES RSD Y A SECTOR URBANO COMUNA DE MOLINA,PROYECTO,RECURSOS NATURALES Y MEDIO AMBIENTE,MEDIO AMBIENTE,EJECUCION,0,2017,,MOLINA,F.N.D.R.,339743000.0,339.743,,31000.0,,Sin evaluación,False,GOBIERNO REGIONAL - REGION DEL MAULE,False,2015,2017,435093000.0
30427877,30427877-0,REPOSICION INFRAESTRUCTURA FERROVIARIA TRAMO SAN ROSENDO LEONERA,PROYECTO,TRANSPORTE,TRANSPORTE FERROVIARIO,PERFIL,0,2015,,,EMPRESA,9428056000.0,9428.056,,2070000.0,FI,Falta información (FI),False,EMPRESA DE FERROCARRILES DEL ESTADO,False,2015,2015,9428056000.0
30427997,30427997-0,TRANSFERENCIA PLAN DE GESTIÓN INTEGRADA CUENCA RAPEL,PROGRAMA,RECURSOS HIDRICOS,RECURSOS,EJECUCION,0,2017,L LIBERTADOR GENERAL,,F.N.D.R.,102219000.0,102.219,144511.83,,,Sin evaluación,False,GOBIERNO REGIONAL - REGION DEL LIBERTADOR GENERAL BERNARDO O'HIGGINS,False,2015,2017,157460000.0
30427999,30427999-0,TRANSFERENCIA CATALOGO DE SOLUCIONES TECNOLÓGICAS EFICIENCIA HÍDRICA,PROGRAMA,RECURSOS NATURALES Y MEDIO AMBIENTE,AGRICULTURA,EJECUCION,0,2016,L LIBERTADOR GENERAL,,F.N.D.R.,73210000.0,73.21,120534.1,,,Sin evaluación,False,GOBIERNO REGIONAL - REGION DEL LIBERTADOR GENERAL BERNARDO O'HIGGINS,False,2015,2016,73210000.0
30428227,30428227-0,TRANSFERENCIA VALIDACIÓN DEL RIEGO SUB SUPERFICIAL,PROGRAMA,RECURSOS NATURALES Y MEDIO AMBIENTE,AGRICULTURA,PERFIL,0,2015,L LIBERTADOR GENERAL,,F.N.D.R.,195540000.0,195.54,373338.93,,,Sin evaluación,False,GOBIERNO REGIONAL - REGION DEL LIBERTADOR GENERAL BERNARDO O'HIGGINS,False,2015,2015,195540000.0
30428233,30428233-0,TRANSFERENCIA DIPLOMA EN GESTIÓN PROYECTOS EFICIENCIA ENERGÉTICA,PROGRAMA,MINERIA,ADMINISTRACION MINERIA,PERFIL,0,2015,L LIBERTADOR GENERAL,,F.N.D.R.,90375000.0,90.375,172550.4,,,Sin evaluación,False,GOBIERNO REGIONAL - REGION DEL LIBERTADOR GENERAL BERNARDO O'HIGGINS,False,2015,2015,90375000.0
30428274,30428274-0,TRANSFERENCIA FORTALECIMIENTO DE LA PLANIFICACIÓN RECURSOS HIDRICOS,PROGRAMA,RECURSOS NATURALES Y MEDIO AMBIENTE,INTERSUBSECTORIAL,PERFIL,0,2017,LOS RIOS,,F.N.D.R.,921232000.0,921.232,1302389.23,,,Sin evaluación,False,SEREMI AGRICULTURA REGION DE LOS RIOS,False,2016,2017,921232000.0
30428326,30428326-0,TRANSFERENCIA FORTALECIMIENTO DE CAPACIDADES PARA CAMBIO CLIMATICO,PROGRAMA,RECURSOS NATURALES Y MEDIO AMBIENTE,INTERSUBSECTORIAL,PERFIL,0,2019,LOS RIOS,,F.N.D.R.,308998000.0,308.998,463064.04,4500.0,,Sin evaluación,False,SEREMI AGRICULTURA REGION DE LOS RIOS,False,2016,2019,1157023000.0
30428730,30428730-0,TRANSFERENCIA IMPLEMENTACION OBRAS DE RIEGO INDAP,PROGRAMA,RECURSOS NATURALES Y MEDIO AMBIENTE,AGRICULTURA,PERFIL,0,2019,LOS RIOS,,F.N.D.R.,1029997000.0,1029.997,1543552.28,1500.0,,Sin evaluación,False,INSTITUTO DESARROLLO AGROPECUARIO REGION DE LOS RIOS,False,2019,2019,1029997000.0
30429522,30429522-0,CONSERVACION RED SECUNDARIA DE AGUAS LLUVIAS TCO.- PLC ETAPA 3,PROYECTO,RECURSOS HIDRICOS,AGUAS LLUVIAS,EJECUCION,0,2018,LA ARAUCANIA,,SECTORIAL,717796000.0,717.796,,255000.0,,Sin evaluación,False,SEREMI VIVIENDA REGION DE LA ARAUCANIA,False,2016,2018,754005000.0
30429523,30429523-0,CONSERVACION RED SECUNDARIA DE AGUAS LLUVIAS VARIAS COMUNAS ETAPA 3,PROYECTO,RECURSOS HIDRICOS,AGUAS LLUVIAS,EJECUCION,0,2017,LA ARAUCANIA,,SECTORIAL,660790000.0,660.79,,195000.0,,Sin evaluación,False,SEREMI VIVIENDA REGION DE LA ARAUCANIA,False,2016,2017,660790000.0
30429623,30429623-0,"CONSTRUCCION SISTEMAS DE GENERACIÓN FOTOVOLTAICOS, COMUNA COYHAIQUE",PROYECTO,ENERGIA,AUTOGENERACION,EJECUCION,0,2019,,COYHAIQUE,F.N.D.R.,714761000.0,714.761,,68.0,RS,Recomendado (RS),True,MUNICIPALIDAD DE COYHAIQUE,False,2016,2019,714761000.0
30429825,30429825-0,TRANSFERENCIA VALORIZACIÓN AGROINDUSTRIAL SUBPRODUCTOS DE LA QUINOA,PROGRAMA,RECURSOS NATURALES Y MEDIO AMBIENTE,AGRICULTURA,EJECUCION,0,2018,L LIBERTADOR GENERAL,,F.N.D.R.,265614000.0,265.614,398048.82,100.0,,Sin evaluación,False,GOBIERNO REGIONAL - REGION DEL LIBERTADOR GENERAL BERNARDO O'HIGGINS,False,2015,2018,282815000.0
30431472,30431472-0,CONSTRUCCION SERVICIO FERROVIARIO DE PASAJEROS ALAMEDA-MELIPILLA,PROYECTO,TRANSPORTE,TRANSPORTE FERROVIARIO,PERFIL,0,2017,METROPOLITANA DE SANTIAGO,,EMPRESA,712243336000.0,712243.336,,1400000.0,RS,Recomendado (RS),True,EMPRESA DE FERROCARRILES DEL ESTADO,False,2015,2017,712243336000.0
30431873,30431873-0,TRANSFERENCIA GESTIÓN DE INFORMACIÓN DE RECURSOS HÍDRICOS,PROGRAMA,RECURSOS HIDRICOS,RIEGO,EJECUCION,0,2018,L LIBERTADOR GENERAL,,F.N.D.R.,224761000.0,224.761,336826.57,23.0,,Sin evaluación,False,GOBIERNO REGIONAL - REGION DEL LIBERTADOR GENERAL BERNARDO O'HIGGINS,False,2015,2018,285299000.0
30432993,30432993-0,CONSTRUCCION CRUCE A DESNIVEL SECTOR CALETA PORTALES VALPARAISO,PROYECTO,TRANSPORTE,TRANSPORTE FERROVIARIO,FACTIBILIDAD,0,2018,,VALPARAISO,EMPRESA,216193000.0,216.193,,3678.0,RS,Recomendado (RS),True,EMPRESA DE FERROCARRILES DEL ESTADO,False,2015,2018,216193000.0
30433223,30433223-0,CONSERVACION DIVERSAS VÍAS RED DE TRANSPORTE PÚBLICO FRUTILLAR,PROYECTO,TRANSPORTE,"TRANSPORTE URBANO,VIALIDAD PEATONAL",PERFIL,0,2016,,FRUTILLAR,SECTORIAL,362500000.0,362.5,,18350.0,,Sin evaluación,False,SECTRA,False,2016,2016,362500000.0
30433224,30433224-0,CONSERVACION VIAL INFRAESTRUCTURA PARA TRANSPORTE PÚBLICO CHAÑARAL,PROYECTO,TRANSPORTE,"TRANSPORTE URBANO,VIALIDAD PEATONAL",PERFIL,0,2016,,CHAÑARAL,SECTORIAL,322500000.0,322.5,,6968.0,,Sin evaluación,False,SECTRA,False,2016,2016,322500000.0
30433227,30433227-0,CONSERVACION CAMINOS DE USO PÚBLICO PARA EL TRANSPORTE PÚBLICO PAINE,PROYECTO,TRANSPORTE,"TRANSPORTE URBANO,VIALIDAD PEATONAL",PERFIL,0,2016,,PAINE,SECTORIAL,295500000.0,295.5,,64222.0,,Sin evaluación,False,SECTRA,False,2016,2016,295500000.0
30433228,30433228-0,CONSERVACION DIVERSAS VÍAS RED TRANSPORTE PÚBLICO DIEGO DE ALMAGRO,PROYECTO,TRANSPORTE,"TRANSPORTE URBANO,VIALIDAD PEATONAL",PERFIL,0,2016,,DIEGO DE ALMAGRO,SECTORIAL,401000000.0,401.0,,18549.0,,Sin evaluación,False,SECTRA,False,2016,2016,401000000.0
30433272,30433272-0,CONSERVACION Y SEGURIDAD VIAL PARA EL TRANSPORTE PÚBLICO OSORNO,PROYECTO,TRANSPORTE,"TRANSPORTE URBANO,VIALIDAD PEATONAL",PERFIL,0,2016,,OSORNO,SECTORIAL,720500000.0,720.5,,145547.0,,Sin evaluación,False,SECTRA,False,2016,2016,720500000.0
30433275,30433275-0,CONSERVACION Y SEGURIDAD VIAL PARA EL TRANSPORTE PÚBLICO LOS LAGOS,PROYECTO,TRANSPORTE,"TRANSPORTE URBANO,VIALIDAD PEATONAL",PERFIL,0,2016,,LOS LAGOS - REGION XIV,SECTORIAL,190500000.0,190.5,,18733.0,,Sin evaluación,False,SECTRA,False,2016,2016,190500000.0
30433423,30433423-0,NORMALIZACION RESIDUOS PELIGROSOS EN EFE,PROYECTO,TRANSPORTE,TRANSPORTE FERROVIARIO,EJECUCION,0,2019,,,EMPRESA,1364812000.0,1364.812,,445.0,RS,Recomendado (RS),True,EMPRESA DE FERROCARRILES DEL ESTADO,False,2016,2019,1598759000.0
30434174,30434174-0,ADQUISICION 2 CAMIONES PARA RECOLECCION RSD Y BASCULA PARA CENTRO,PROYECTO,RECURSOS NATURALES Y MEDIO AMBIENTE,MEDIO AMBIENTE,PERFIL,0,2018,,SAN ANTONIO,F.N.D.R.,73480000.0,73.48,,86726.0,,Sin evaluación,False,MUNICIPALIDAD DE SAN ANTONIO,False,2015,2018,77190000.0
30434523,30434523-0,"CONSTRUCCION VARIOS COLECTORES DE AGUAS LLUVIAS, CIUDAD DE VALDIVIA",PROYECTO,RECURSOS HIDRICOS,AGUAS LLUVIAS,DISEÑO,0,2017,,VALDIVIA - REGION XIV,SECTORIAL,213755000.0,213.755,,5930.0,RS,Recomendado (RS),True,DIRECCION DE OBRAS HIDRAULICAS MOP REGION DE LOS RIOS,False,2016,2017,213755000.0
30435422,30435422-0,CONSERVACION RIBERAS DE VARIOS CAUCES COMUNA DE PUNTA ARENAS,PROYECTO,RECURSOS HIDRICOS,"DEFENSAS FLUVIALES,MARITIMAS Y CAUCES NATURALES",PERFIL,0,2019,,PUNTA ARENAS,F.N.D.R.,1317927000.0,1317.927,,120000.0,,Sin evaluación,False,DIRECCION DE OBRAS HIDRAULICAS MOP REGION DE MAGALLANES Y ANTARTICA CHILENA,False,2016,2019,1317927000.0
30436130,30436130-0,CONSERVACION REHABILITACIÓN METRO VALPARAÍSO DAÑOS TEMPORAL 8AGO2015,PROYECTO,TRANSPORTE,TRANSPORTE FERROVIARIO,PERFIL,0,2015,VALPARAISO,,EMPRESA,1841615000.0,1841.615,,1800000.0,,Sin evaluación,False,EMPRESA DE FERROCARRILES DEL ESTADO,False,2015,2015,1841615000.0
30436131,30436131-0,"CONSTRUCCION ÁREA VERDE VILLA LOS PRADOS, HORTENSIAS, CUNCO",PROYECTO,VIVIENDA Y DESARROLLO URBANO,DESARROLLO URBANO,PERFIL,0,2020,,CUNCO,F.N.D.R.,50000000.0,50.0,,500.0,,Sin evaluación,False,MUNICIPALIDAD DE CUNCO,False,2016,2020,50000000.0
30436476,30436476-0,"MEJORAMIENTO CORREDOR TRANSPORTE PUBLICO AVDA. BALMACEDA , LA SERENA",PROYECTO,TRANSPORTE,"TRANSPORTE URBANO,VIALIDAD PEATONAL",PERFIL,0,2017,,LA SERENA,SECTORIAL,422558000.0,422.558,,100000.0,RS,Recomendado (RS),True,SEREMI VIVIENDA REGION DE COQUIMBO,False,2017,2017,422558000.0
30436526,30436526-0,HABILITACION AREAS VERDES POBLACION LA CONQUISTA,PROYECTO,VIVIENDA Y DESARROLLO URBANO,DESARROLLO URBANO,PERFIL,0,2017,,LANCO - REGION XIV,F.N.D.R.,48000000.0,48.0,,109.0,,Sin evaluación,False,MUNICIPALIDAD DE LANCO REGION DE LOS RIOS,False,2015,2017,48000000.0
30436678,30436678-0,FORESTACION PARA RESTAURACIÓN VEGETACIONAL EN LA REG. DE AYSEN,PROGRAMA,RECURSOS NATURALES Y MEDIO AMBIENTE,SILVICULTURA,PERFIL,0,2015,AISEN DEL GENERAL CARLOS,,F.N.D.R.,4324992000.0,4324.992,8257583.63,,,Sin evaluación,False,CORPORACION NACIONAL FORESTAL REGION DE AISEN DEL GENERAL CARLOS IBAÑEZ DEL CAMPO,False,2015,2015,4324992000.0
30436823,30436823-0,CONSTRUCCION SIST. DRENAJE URBANO ZONA NORTE STGO.CANAL LOS CHOROS,PROYECTO,RECURSOS HIDRICOS,AGUAS LLUVIAS,DISEÑO,0,2019,,HUECHURABA,SECTORIAL,362236000.0,362.236,,50277.0,RS,Recomendado (RS),True,DIRECCION DE OBRAS HIDRAULICAS MOP,False,2017,2019,362236000.0
30436902,30436902-0,"CONSTRUCCION INFRAESTRUCTURA SANITARIA HUALLEPENCO, PERQUENCO",PROYECTO,VIVIENDA Y DESARROLLO URBANO,SOLUCION HABITACIONAL PARCIAL O COMPLEMENTARIA,EJECUCION,0,2019,,PERQUENCO,F.N.D.R.,764599000.0,764.599,,287.0,RS,Recomendado (RS),True,MUNICIPALIDAD DE PERQUENCO,False,2016,2019,764599000.0
30437134,30437134-0,CONSTRUCCION PAVIMENTACION Y AGUAS LLUVIAS CALLE BARROS ARANA,PROYECTO,RECURSOS HIDRICOS,AGUAS LLUVIAS,PERFIL,0,2016,,PAILLACO - REGION XIV,F.N.D.R.,77114000.0,77.114,,9973.0,,Sin evaluación,False,MUNICIPALIDAD DE PAILLACO REGION DE LOS RIOS,False,2016,2016,77114000.0
30437425,30437425-0,CONSERVACION SISTEMA DE AGUAS LLUVIAS REGION DEL BIOBIO 2016 - 2018,PROYECTO,RECURSOS HIDRICOS,AGUAS LLUVIAS,PERFIL,0,2016,L BIO BIO,,SECTORIAL,7397806000.0,7397.806,,300.0,,Sin evaluación,False,DIRECCION DE OBRAS HIDRAULICAS MOP,False,2016,2016,7397806000.0
30437436,30437436-0,CONSTRUCCION RED CORTO PLAZO DE CICLOVÍAS PARA LA COMUNA DE MOLINA,PROYECTO,TRANSPORTE,"TRANSPORTE URBANO,VIALIDAD PEATONAL",DISEÑO,0,2019,,MOLINA,SECTORIAL,44666000.0,44.666,,42860.0,RS,Recomendado (RS),True,SEREMI VIVIENDA REGION DEL MAULE,False,2016,2019,44666000.0
30437437,30437437-0,CONSTRUCCION RED CORTO PLAZO DE CICLOVÍAS COMUNA DE CONSTITUCIÓN,PROYECTO,TRANSPORTE,"TRANSPORTE URBANO,VIALIDAD PEATONAL",DISEÑO,0,2020,,CONSTITUCION,SECTORIAL,30760000.0,30.76,,55108.0,RS,Recomendado (RS),True,SEREMI VIVIENDA REGION DEL MAULE,False,2016,2020,30760000.0
30437440,30437440-0,CONSTRUCCION RED CORTO PLAZO DE CICLOVIAS PARA LA COMUNA DE PARRAL,PROYECTO,TRANSPORTE,"TRANSPORTE URBANO,VIALIDAD PEATONAL",DISEÑO,0,2019,,PARRAL,SECTORIAL,34344000.0,34.344,,37632.0,RS,Recomendado (RS),True,SEREMI VIVIENDA REGION DEL MAULE,False,2016,2019,34344000.0
30437442,30437442-0,CONSTRUCCION RED CORTO PLAZO DE CICLOVÍAS COMUNA DE CAUQUENES,PROYECTO,TRANSPORTE,"TRANSPORTE URBANO,VIALIDAD PEATONAL",DISEÑO,0,2020,,CAUQUENES,SECTORIAL,39023000.0,39.023,,42953.0,RS,Recomendado (RS),True,SEREMI VIVIENDA REGION DEL MAULE,False,2016,2020,39023000.0
30437447,30437447-0,TRANSFERENCIA VALORIZACIÓN DE LOS RECURSOS FORESTALES,PROGRAMA,RECURSOS NATURALES Y MEDIO AMBIENTE,SILVICULTURA,PERFIL,0,2016,LOS RIOS,,F.N.D.R.,380000000.0,380.0,625637.99,,,Sin evaluación,False,INSTITUTO FORESTAL REGION DE LOS RIOS,False,2016,2016,380000000.0
30437581,30437581-0,CONSTRUCCION CONEXIONES RED DE CICLOVÍAS DEL GRAN SANTIAGO GRUPO 2,PROYECTO,TRANSPORTE,"TRANSPORTE URBANO,VIALIDAD PEATONAL",EJECUCION,0,2019,,,F.N.D.R.,697758000.0,697.758,,3953406.0,RS,Recomendado (RS),True,GOBIERNO REGIONAL - REGION METROPOLITANA DE SANTIAGO,False,2016,2019,740674000.0
30438022,30438022-0,REPOSICION EQUIPAMIENTO TELECOMUNICACIONES EFE,PROYECTO,TRANSPORTE,TRANSPORTE FERROVIARIO,EJECUCION,0,2018,,,EMPRESA,928864000.0,928.864,,1600.0,RS,Recomendado (RS),True,EMPRESA DE FERROCARRILES DEL ESTADO,False,2015,2018,1048089000.0
30438276,30438276-0,ADQUISICION VEHÍCULOS Y CONTENEDORES PARA RECICLAJE EN LA SERENA,PROYECTO,RECURSOS NATURALES Y MEDIO AMBIENTE,MEDIO AMBIENTE,PERFIL,0,2019,,LA SERENA,F.N.D.R.,162528000.0,162.528,,229399.0,,Sin evaluación,False,MUNICIPALIDAD DE LA SERENA,False,2016,2019,162528000.0
30438574,30438574-0,REPOSICION DE EQUIPAMIENTO PARA LA RECOLECCION DE RSD DALCAHUE,PROYECTO,RECURSOS NATURALES Y MEDIO AMBIENTE,MEDIO AMBIENTE,PERFIL,0,2019,,DALCAHUE,F.N.D.R.,250876000.0,250.876,,12280.0,,Sin evaluación,False,MUNICIPALIDAD DE DALCAHUE,False,2015,2019,250876000.0
30441023,30441023-0,"CONSTRUCCION CICLO VÍA LA ESTRELLA, PUDAHUEL",PROYECTO,TRANSPORTE,"TRANSPORTE URBANO,VIALIDAD PEATONAL",PERFIL,0,2018,,PUDAHUEL,F.N.D.R.,1366659000.0,1366.659,,244156.0,FI,Falta información (FI),False,GOBIERNO REGIONAL - REGION METROPOLITANA DE SANTIAGO,False,2016,2018,1366659000.0
30442274,30442274-0,"CONSTRUCCION PARQUE URBANO SECTOR CAPPONI, LAJA",PROYECTO,VIVIENDA Y DESARROLLO URBANO,DESARROLLO URBANO,EJECUCION,0,2020,,LAJA,F.N.D.R.,2551192000.0,2551.192,,28150.0,RS,Recomendado (RS),True,MUNICIPALIDAD DE LAJA,False,2016,2020,2551192000.0
30442882,30442882-0,CONSTRUCCION CICLOVÍA LA BANDERA - LA CISTERNA Y SAN RAMÓN,PROYECTO,TRANSPORTE,"TRANSPORTE URBANO,VIALIDAD PEATONAL",EJECUCION,0,2019,,,F.N.D.R.,1024309000.0,1024.309,,166227.0,RS,Recomendado (RS),True,GOBIERNO REGIONAL - REGION METROPOLITANA DE SANTIAGO,False,2016,2019,1099769000.0
30444175,30444175-0,REPOSICION LUMINARIAS CON TECNOLOGÍA LED. VILLA ALEMANA,PROYECTO,ENERGIA,ALUMBRADO PUBLICO,PERFIL,0,2023,,VILLA ALEMANA,F.N.D.R.,1073084000.0,1073.084,,107908.0,RS,Recomendado (RS),True,MUNICIPALIDAD DE VILLA ALEMANA,False,2016,2023,1403934000.0
30444373,30444373-0,"CONSTRUCCION DE SISTEMAS FOTOVOLTAICOS, SECTOR SAN MIGUEL COYHAIQUE",PROYECTO,ENERGIA,AUTOGENERACION,EJECUCION,0,2018,,COYHAIQUE,F.N.D.R.,328408000.0,328.408,,28.0,RS,Recomendado (RS),True,GOBERNACION COYHAIQUE,False,2016,2018,328408000.0
30445022,30445022-0,TRANSFERENCIA FORESTACIÓN SUSTENTABLE Y MANEJO INTEGRADO DE CUENCAS,PROGRAMA,RECURSOS NATURALES Y MEDIO AMBIENTE,INTERSUBSECTORIAL,EJECUCION,0,2017,,,F.N.D.R.,132212000.0,132.212,186914.36,,,Sin evaluación,False,CORPORACION NACIONAL FORESTAL REGION DE LOS RIOS,False,2016,2017,132212000.0
30445173,30445173-0,"CONSTRUCCION INFRAESTRUCTURA SANITARIA SECTOR EL TEMO, SAAVEDRA",PROYECTO,VIVIENDA Y DESARROLLO URBANO,SOLUCION HABITACIONAL PARCIAL O COMPLEMENTARIA,EJECUCION,0,2019,,SAAVEDRA,F.N.D.R.,443061000.0,443.061,,156.0,RS,Recomendado (RS),True,MUNICIPALIDAD DE SAAVEDRA,False,2016,2019,443061000.0
30445372,30445372-0,CONSTRUCCION PROTECCIÓN COSTERA Y REPARACIÓN HUNDIMIENTOS - ETAPA II,PROYECTO,TRANSPORTE,"TRANSPORTE MARITIMO, FLUVIAL Y LACUSTRE",EJECUCION,0,2019,ARICA Y PARINACOTA,,EMPRESA,250082000.0,250.082,,8919.0,RS,Recomendado (RS),True,EMPRESA PORTUARIA DE ARICA REGION DE ARICA Y PARINACOTA,False,2016,2019,250082000.0
30445422,30445422-0,ADQUISICION EQUIPOS AIRE ACOND. EN 16 LOCALES TÉCNICOS DE METRO,PROYECTO,TRANSPORTE,"TRANSPORTE URBANO,VIALIDAD PEATONAL",EJECUCION,0,2017,METROPOLITANA DE SANTIAGO,,EMPRESA,94232000.0,94.232,,474702.0,RS,Recomendado (RS),True,METRO S.A.,False,2016,2017,146263000.0
30445522,30445522-0,NORMALIZACION DEL SISTEMA DE DISTRIBUCIÓN EN BAJA TENSIÓN SEAT METRO,PROYECTO,TRANSPORTE,"TRANSPORTE URBANO,VIALIDAD PEATONAL",DISEÑO,0,2018,METROPOLITANA DE SANTIAGO,,EMPRESA,115116000.0,115.116,,2268328.0,RS,Recomendado (RS),True,METRO S.A.,False,2016,2018,217106000.0
30445873,30445873-0,CONSERVACION CCBB ASOCIADOS AL TRANSPORTE PÚBLICO 2016-18 RMS,PROYECTO,TRANSPORTE,TRANSPORTE CAMINERO,PERFIL,0,2016,METROPOLITANA DE SANTIAGO,,SECTORIAL,24211000000.0,24211.0,,0.0,,Sin evaluación,False,VIALIDAD MOP REGION METROPOLITANA DE SANTIAGO,False,2016,2016,24211000000.0
30446023,30446023-0,MEJORAMIENTO DE LAS CONDICIONES AMBIENTALES SALAS TÉCNICAS METRO S.A,PROYECTO,TRANSPORTE,"TRANSPORTE URBANO,VIALIDAD PEATONAL",EJECUCION,0,2019,METROPOLITANA DE SANTIAGO,,EMPRESA,2557142000.0,2557.142,,2340578.0,FI,Falta información (FI),False,METRO S.A.,False,2016,2019,2557142000.0
30446033,30446033-0,NORMALIZACION SISTEMA DE CLIMATIZACIÓN SALAS CRÍTICAS SEAT METRO S.A.,PROYECTO,TRANSPORTE,"TRANSPORTE URBANO,VIALIDAD PEATONAL",EJECUCION,0,2018,METROPOLITANA DE SANTIAGO,,EMPRESA,160286000.0,160.286,,2268328.0,RS,Recomendado (RS),True,METRO S.A.,False,2016,2018,171857000.0
30446624,30446624-0,"CONSTRUCCION ALCANTARILLADO Y EXTENSION DE REDES DE AGUA POTABLE VILUCO, COMUNA DE BUIN",PROYECTO,VIVIENDA Y DESARROLLO URBANO,DESARROLLO URBANO,PERFIL,0,2021,,BUIN,F.N.D.R.,122532000.0,122.532,,3305.0,FI,Falta información (FI),False,MUNICIPALIDAD DE BUIN,False,2019,2021,122532000.0
30446723,30446723-0,REPOSICION CAMIÓN COMPACTADOR Y ADQUISIC CONTENEDORES DE BASURA,PROYECTO,RECURSOS NATURALES Y MEDIO AMBIENTE,MEDIO AMBIENTE,PERFIL,0,2017,,MAULLIN,F.N.D.R.,322877000.0,322.877,,10906.0,,Sin evaluación,False,MUNICIPALIDAD DE MAULLIN,False,2016,2017,322877000.0
30446824,30446824-0,"CONSTRUCCION SISTEMA EVACUACIÓN AGUAS LLUVIAS FREIRE INTERIOR, LEBU",PROYECTO,RECURSOS HIDRICOS,AGUAS LLUVIAS,EJECUCION,0,2018,,LEBU,F.N.D.R.,331568000.0,331.568,,210.0,RS,Recomendado (RS),True,MUNICIPALIDAD DE LEBU,False,2016,2018,331568000.0
30447694,30447694-0,"ADQUISICION DE CONTENEDORES PARA RESIDUOS S0LIDOS, CHIGUAYANTE.",PROYECTO,RECURSOS NATURALES Y MEDIO AMBIENTE,MEDIO AMBIENTE,PERFIL,0,2023,,CHIGUAYANTE,F.N.D.R.,852054000.0,852.054,,34386.0,,Sin evaluación,False,MUNICIPALIDAD DE CHIGUAYANTE,False,2016,2023,852054000.0
30448173,30448173-0,"ADQUISICION CONTENEDORES RSD Y ALZACONTENEDOR, COMUNA DE VICHUQUEN",PROYECTO,RECURSOS NATURALES Y MEDIO AMBIENTE,MEDIO AMBIENTE,EJECUCION,0,2017,,VICHUQUEN,F.N.D.R.,221353000.0,221.353,,5127.0,,Sin evaluación,False,GOBIERNO REGIONAL - REGION DEL MAULE,False,2016,2017,221353000.0
30448372,30448372-0,"CONSERVACION DE RIBERAS DE CAUCES NATURALES 2018-2022, XII REGIÓN",PROYECTO,RECURSOS HIDRICOS,"DEFENSAS FLUVIALES,MARITIMAS Y CAUCES NATURALES",EJECUCION,0,2021,MAGALLANES Y ANTARTICA,,SECTORIAL,5799051000.0,5799.051,,118000.0,,Sin evaluación,False,DIRECCION DE OBRAS HIDRAULICAS MOP REGION DE MAGALLANES Y ANTARTICA CHILENA,False,2018,2021,5799051000.0
30448825,30448825-0,"MEJORAMIENTO URBANO DE VEREDAS Y ÁREAS VERDES, NUEVA TOLTEN",PROYECTO,VIVIENDA Y DESARROLLO URBANO,DESARROLLO URBANO,PERFIL,0,2017,,TOLTEN,F.N.D.R.,40534000.0,40.534,,2000.0,,Sin evaluación,False,MUNICIPALIDAD DE TOLTEN,False,2016,2017,40534000.0
30448976,30448976-0,CONSERVACION INFRAESTRUCTURA FERROVIARIA CPIF ZONA CENTRO 2016A2018,PROYECTO,TRANSPORTE,TRANSPORTE FERROVIARIO,EJECUCION,0,2019,,,EMPRESA,36015925000.0,36015.925,,6800000.0,RS,Recomendado (RS),True,EMPRESA DE FERROCARRILES DEL ESTADO,False,2016,2019,36015925000.0
30449128,30449128-0,CONSERVACION DE LAS RIBERAS DE CAUCES NATURALES REGIÓN ANTOFAGASTA,PROYECTO,RECURSOS HIDRICOS,"DEFENSAS FLUVIALES,MARITIMAS Y CAUCES NATURALES",EJECUCION,0,2020,ANTOFAGASTA,,SECTORIAL,11446275000.0,11446.275,,25000.0,,Sin evaluación,False,DIRECCION DE OBRAS HIDRAULICAS MOP REGION DE ANTOFAGASTA,False,2017,2020,11446275000.0
30449176,30449176-0,"ADQUISICION CONTENEDORES RSD Y A, SECTORES URBANOS ETAPA 2, CURICÓ",PROYECTO,RECURSOS NATURALES Y MEDIO AMBIENTE,MEDIO AMBIENTE,EJECUCION,0,2019,,CURICO,F.N.D.R.,626927000.0,626.927,,65493.0,,Sin evaluación,False,MUNICIPALIDAD DE CURICO,False,2016,2019,728954000.0
30449222,30449222-0,CONSERVACION TALUDES PARA CONTROL EROSIÓN PARQUE CERROS DE CHENA PMS,PROYECTO,VIVIENDA Y DESARROLLO URBANO,DESARROLLO URBANO,PERFIL,0,2017,METROPOLITANA DE SANTIAGO,,SECTORIAL,133237000.0,133.237,,1245758.0,,Sin evaluación,False,PARQUE METROPOLITANO,False,2017,2017,133237000.0
30450322,30450322-0,"CONSTRUCCION PROYECTO INTEGRAL DE CICLOVIAS,ETAPA I,REGION DE VALPAR",PROYECTO,TRANSPORTE,TRANSPORTE CAMINERO,PERFIL,0,2017,VALPARAISO,,SECTORIAL,1040505000.0,1040.505,,0.0,FI,Falta información (FI),False,VIALIDAD MOP REGION DE VALPARAISO,False,2017,2017,1040505000.0
30450479,30450479-0,"REPOSICION CAMIÓN RECOLECTOR DE RESIDUOS SÓLIDOS, TOMÉ",PROYECTO,RECURSOS NATURALES Y MEDIO AMBIENTE,MEDIO AMBIENTE,PERFIL,0,2020,,TOME,F.N.D.R.,135060000.0,135.06,,14831.0,,Sin evaluación,False,MUNICIPALIDAD DE TOME,False,2016,2020,264702000.0
30450624,30450624-0,CONSERVACION COLECTORES PRIMARIOS DE AGUAS LLUVIAS RANCAGUA-MACHALI,PROYECTO,RECURSOS HIDRICOS,AGUAS LLUVIAS,EJECUCION,0,2017,L LIBERTADOR GENERAL,,F.N.D.R.,78356000.0,78.356,,3000.0,,Sin evaluación,False,DIRECCION DE OBRAS HIDRAULICAS MOP REGION DEL LIBERTADOR GENERAL BERNARDO O'HIGGINS,False,2016,2017,90859000.0
30451038,30451038-0,"CONSERVACION DE RIBERAS RIO FUY EN NELTUME, REGIÓN DE LOS RÍOS.",PROYECTO,RECURSOS HIDRICOS,"DEFENSAS FLUVIALES,MARITIMAS Y CAUCES NATURALES",DISEÑO,0,2019,,PANGUIPULLI - REGION XIV,SECTORIAL,203772000.0,203.772,,2125.0,,Sin evaluación,False,DIRECCION DE OBRAS HIDRAULICAS MOP REGION DE LOS RIOS,False,2017,2019,203772000.0
30451040,30451040-0,"CONSTRUCCION DEFENSAS FLUVIALES RÍO AYSÉN, SECTOR LA BALSA.",PROYECTO,RECURSOS HIDRICOS,"DEFENSAS FLUVIALES,MARITIMAS Y CAUCES NATURALES",EJECUCION,0,2020,,AYSEN,F.N.D.R.,1182760000.0,1182.76,,223.0,RS,Recomendado (RS),True,DIRECCION DE OBRAS HIDRAULICAS MOP REGION DE AISEN DEL GENERAL CARLOS IBAÑEZ DEL,False,2016,2020,2073712000.0
30452222,30452222-0,TRANSFERENCIA SISTEMA DE INCENTIVO PARA LA SUSTENTABILIDAD AGROAMBIEN,PROGRAMA,RECURSOS NATURALES Y MEDIO AMBIENTE,AGRICULTURA,EJECUCION,0,2017,L LIBERTADOR GENERAL,,F.N.D.R.,1540381000.0,1540.381,2177709.45,,,Sin evaluación,False,SERVICIO AGRICOLA GANADERO REGION DEL LIBERTADOR GENERAL BERNARDO O'HIGGINS,False,2016,2017,1540381000.0
30452374,30452374-0,REPOSICION MATERIAL RODANTE SERV FFCC DE PASAJEROS VICTORIA-TEMUCO,PROYECTO,TRANSPORTE,TRANSPORTE FERROVIARIO,EJECUCION,0,2019,LA ARAUCANIA,,EMPRESA,12037207000.0,12037.207,,700000.0,RS,Recomendado (RS),True,EMPRESA DE FERROCARRILES DEL ESTADO,False,2016,2019,12362709000.0
30452472,30452472-0,REPARACION PROTECCION COSTERA SECTOR EDWARDS-BARON P. VALPARAISO,PROYECTO,TRANSPORTE,"TRANSPORTE MARITIMO, FLUVIAL Y LACUSTRE",EJECUCION,0,2020,,VALPARAISO,EMPRESA,7689042000.0,7689.042,,996600.0,RS,Recomendado (RS),True,EMPRESA PORTUARIA DE VALPARAISO,False,2017,2020,7689042000.0
30452978,30452978-0,"DIFUSION LEY FOMENTO AL RIEGO, PEQUEÑA AGRICULTURA Y PUEBLOS ORIGINARIOS",PROGRAMA,RECURSOS NATURALES Y MEDIO AMBIENTE,AGRICULTURA,EJECUCION,0,2021,TARAPACA,,F.N.D.R.,2257250000.0,2257.25,3244620.45,1167.0,,Sin evaluación,False,COMISION NACIONAL DE RIEGO REGION DE TARAPACA,False,2018,2021,2275641000.0
30453123,30453123-0,CONSERVACION MANTENCIÓN-SEGURIDAD PARQUE URBANO CATRICO,PROYECTO,VIVIENDA Y DESARROLLO URBANO,DESARROLLO URBANO,EJECUCION,0,2019,,VALDIVIA - REGION XIV,SECTORIAL,1024989000.0,1024.989,,46210.0,,Sin evaluación,False,SEREMI VIVIENDA REGION DE LOS RIOS,False,2016,2019,1024989000.0
30453972,30453972-0,CONSTRUCCION ASCENSORES ESTACIÓN CENTRAL METRO S.A. 2016,PROYECTO,TRANSPORTE,"TRANSPORTE URBANO,VIALIDAD PEATONAL",EJECUCION,0,2018,METROPOLITANA DE SANTIAGO,,EMPRESA,91655000.0,91.655,,484390.0,RS,Recomendado (RS),True,METRO S.A.,False,2016,2018,91655000.0
30454078,30454078-0,CONSTRUCCION ASCENSORES ESTACIÓN PEDRO DE VALDIVIA METRO S.A. 2016,PROYECTO,TRANSPORTE,"TRANSPORTE URBANO,VIALIDAD PEATONAL",EJECUCION,0,2018,METROPOLITANA DE SANTIAGO,,EMPRESA,91309000.0,91.309,,,RS,Recomendado (RS),True,METRO S.A.,False,2016,2018,91309000.0
30454422,30454422-0,CONSTRUCCION NUEVO ACCESO ESTACIÓN TOBALABA Y TRASANDÉN METRO S.A.,PROYECTO,TRANSPORTE,"TRANSPORTE URBANO,VIALIDAD PEATONAL",EJECUCION,0,2019,,PROVIDENCIA,EMPRESA,11323148000.0,11323.148,,80206.0,RS,Recomendado (RS),True,METRO S.A.,False,2016,2019,11323148000.0
30454525,30454525-0,"ADQUISICION CONTENEDORES DE RSD Y A, COMUNA DE TENO",PROYECTO,RECURSOS NATURALES Y MEDIO AMBIENTE,MEDIO AMBIENTE,EJECUCION,0,2022,,TENO,F.N.D.R.,156014000.0,156.014,,10713.0,,Sin evaluación,False,MUNICIPALIDAD DE TENO,False,2016,2022,156014000.0
30455924,30455924-0,"HABILITACION DE LUMINARIAS LED, LOS GALPONES, PITRUFQUEN.",PROYECTO,ENERGIA,ALUMBRADO PUBLICO,PERFIL,0,2017,,PITRUFQUEN,F.N.D.R.,28000000.0,28.0,,2200.0,,Sin evaluación,False,MUNICIPALIDAD DE PITRUFQUEN,False,2016,2017,28000000.0
30456579,30456579-0,"MEJORAMIENTO AREA VERDE VILLA LOS JARDINES Y PABLO NERUDA, MELIPEUCO",PROYECTO,VIVIENDA Y DESARROLLO URBANO,DESARROLLO URBANO,EJECUCION,0,2019,,MELIPEUCO,F.N.D.R.,88036000.0,88.036,,330.0,,Sin evaluación,False,MUNICIPALIDAD DE MELIPEUCO,False,2017,2019,88036000.0
30457072,30457072-0,CONSTRUCCION DESVÍOS EN ESTACIÓN DE TRANSFERENCIA EL OLIVAR,PROYECTO,TRANSPORTE,TRANSPORTE FERROVIARIO,EJECUCION,0,2016,,,EMPRESA,1350881000.0,1350.881,,100000.0,RS,Recomendado (RS),True,EMPRESA DE FERROCARRILES DEL ESTADO,False,2016,2016,1350881000.0
30457275,30457275-0,CONSERVACION DEFENSAS FLUVIALES 2016-2018,PROYECTO,RECURSOS HIDRICOS,"DEFENSAS FLUVIALES,MARITIMAS Y CAUCES NATURALES",EJECUCION,0,2019,ATACAMA,,SECTORIAL,16750447000.0,16750.447,,20000.0,,Sin evaluación,False,DIRECCION DE OBRAS HIDRAULICAS MOP REGION DE ATACAMA,False,2017,2019,16750447000.0
30457583,30457583-0,"CONSTRUCCION DEFENSAS FLUVIALES RIO CACHAPOAL, RANCAGUA",PROYECTO,RECURSOS HIDRICOS,"DEFENSAS FLUVIALES,MARITIMAS Y CAUCES NATURALES",PERFIL,0,2017,,RANCAGUA,F.N.D.R.,2169838000.0,2169.838,,3300.0,,Sin evaluación,False,DIRECCION DE OBRAS HIDRAULICAS MOP REGION DEL LIBERTADOR GENERAL BERNARDO O'HIGGINS,False,2017,2017,2169838000.0
30457939,30457939-0,"CONSTRUCCION AREA VERDE FINAL PASAJE 3, NONGUEN, CONCEPCION",PROYECTO,VIVIENDA Y DESARROLLO URBANO,DESARROLLO URBANO,PERFIL,0,2017,,CONCEPCION,F.N.D.R.,60783000.0,60.783,,7837.0,,Sin evaluación,False,MUNICIPALIDAD DE CONCEPCION,False,2016,2017,60783000.0
30457977,30457977-0,"CONSTRUCCION DEFENSAS FLUVIALES EL MOLINO, TUNCA, PROV. CACHAPOAL",PROYECTO,RECURSOS HIDRICOS,"DEFENSAS FLUVIALES,MARITIMAS Y CAUCES NATURALES",PERFIL,0,2017,L LIBERTADOR GENERAL,,F.N.D.R.,839513000.0,839.513,,2860.0,,Sin evaluación,False,DIRECCION DE OBRAS HIDRAULICAS MOP REGION DEL LIBERTADOR GENERAL BERNARDO O'HIGGINS,False,2017,2017,839513000.0
30458032,30458032-0,"CONSTRUCCION DEFENSAS FLUVIALES SECTOR VICEPARROQUIA, PICHIDEGUA",PROYECTO,RECURSOS HIDRICOS,"DEFENSAS FLUVIALES,MARITIMAS Y CAUCES NATURALES",PERFIL,0,2017,,PICHIDEGUA,F.N.D.R.,608545000.0,608.545,,1830.0,,Sin evaluación,False,DIRECCION DE OBRAS HIDRAULICAS MOP REGION DEL LIBERTADOR GENERAL BERNARDO O'HIGGINS,False,2017,2017,608545000.0
30458043,30458043-0,"CONSTRUCCION DEFENSAS FLUVIALES SECTOR PICHIDEGUA, PICHIDEGUA",PROYECTO,RECURSOS HIDRICOS,"DEFENSAS FLUVIALES,MARITIMAS Y CAUCES NATURALES",PERFIL,0,2017,,PICHIDEGUA,F.N.D.R.,3490861000.0,3490.861,,2470.0,,Sin evaluación,False,DIRECCION DE OBRAS HIDRAULICAS MOP REGION DEL LIBERTADOR GENERAL BERNARDO O'HIGGINS,False,2017,2017,3490861000.0
30458274,30458274-0,"CONSTRUCCION ALUMBRADO VIAL SOLAR PONOTRO, TIRÚA",PROYECTO,VIVIENDA Y DESARROLLO URBANO,DESARROLLO URBANO,PERFIL,0,2020,,TIRUA,F.N.D.R.,65054000.0,65.054,,338.0,,Sin evaluación,False,MUNICIPALIDAD DE TIRUA,False,2016,2020,65054000.0
30458275,30458275-0,"CONSTRUCCION ALUMBRADO VIAL SOLAR MANQUECHE, TIRÚA",PROYECTO,VIVIENDA Y DESARROLLO URBANO,DESARROLLO URBANO,PERFIL,0,2020,,TIRUA,F.N.D.R.,65054000.0,65.054,,261.0,,Sin evaluación,False,MUNICIPALIDAD DE TIRUA,False,2016,2020,65054000.0
30458390,30458390-0,"CONSTRUCCION DEFENSAS FLUVIALES SECTOR PATAGUA ORILLA, PICHIDEGUA",PROYECTO,RECURSOS HIDRICOS,"DEFENSAS FLUVIALES,MARITIMAS Y CAUCES NATURALES",PERFIL,0,2017,,PICHIDEGUA,F.N.D.R.,2355252000.0,2355.252,,2290.0,,Sin evaluación,False,DIRECCION DE OBRAS HIDRAULICAS MOP REGION DEL LIBERTADOR GENERAL BERNARDO O'HIGGINS,False,2017,2017,2355252000.0
30458556,30458556-0,"HABILITACION FUENTE SISTEMA APR RINCONADA DE ALCONES,MARCHIGUE",PROYECTO,RECURSOS HIDRICOS,AGUA POTABLE,EJECUCION,0,2017,,MARCHIGUE,SECTORIAL,645730000.0,645.73,,1949.0,RS,Recomendado (RS),True,DIRECCION DE OBRAS HIDRAULICAS MOP REGION DEL LIBERTADOR GENERAL BERNARDO O'HIGGINS,False,2016,2017,645730000.0
30459077,30459077-0,"ADQUISICION CAMIONES SISTEMA DE RECOLECCION RSD, COMUNA TOCOPILLA",PROYECTO,RECURSOS NATURALES Y MEDIO AMBIENTE,MEDIO AMBIENTE,EJECUCION,0,2018,,TOCOPILLA,F.N.D.R.,1246049000.0,1246.049,,23986.0,,Sin evaluación,False,MUNICIPALIDAD DE TOCOPILLA,False,2016,2018,1246049000.0
30459123,30459123-0,CONSTRUCCION NUEVO RELLENO SANITARIO MANCOMUNADO,PROYECTO,RECURSOS NATURALES Y MEDIO AMBIENTE,MEDIO AMBIENTE,DISEÑO,0,2019,,ALTO HOSPICIO,F.N.D.R.,525431000.0,525.431,,108375.0,RS,Recomendado (RS),True,MUNICIPALIDAD DE ALTO HOSPICIO,False,2016,2019,525431000.0
30459169,30459169-0,MEJORAMIENTO Y CONSERVACIÓN ÁREA VERDE PUERTO CHACABUCO,PROYECTO,VIVIENDA Y DESARROLLO URBANO,DESARROLLO URBANO,EJECUCION,0,2017,,AYSEN,F.N.D.R.,60450000.0,60.45,,1245.0,,Sin evaluación,False,MUNICIPALIDAD DE AYSEN,False,2016,2017,60450000.0
30459173,30459173-0,"REPOSICION MUROS DE CONTENCION POBLACION GAJARDO SUR, CAÑETE",PROYECTO,VIVIENDA Y DESARROLLO URBANO,SOLUCION HABITACIONAL PARCIAL O COMPLEMENTARIA,EJECUCION,0,2019,,CAÑETE,SECTORIAL,509834000.0,509.834,,58.0,RS,Recomendado (RS),True,SEREMI VIVIENDA REGION DEL BIO BIO,False,2017,2019,509834000.0
30459254,30459254-0,"CONSTRUCCION ILUMINACIÓN FOTOVOLTAICA PARADEROS RURALES, LEBU",PROYECTO,ENERGIA,ALUMBRADO PUBLICO,EJECUCION,0,2018,,LEBU,F.N.D.R.,39382000.0,39.382,,3189.0,,Sin evaluación,False,MUNICIPALIDAD DE LEBU,False,2016,2018,39382000.0
30459304,30459304-0,CONSTRUCCION PLANTA DE RECUP. DE HIDROGENO EN URC ERA,PROYECTO,MINERIA,HIDROCARBUROS,EJECUCION,0,2020,VALPARAISO,,EMPRESA,18021000.0,18.021,24201.61,61.0,RS,Recomendado (RS),True,REFINERIA PETROLEO ACONCAGUA,False,2016,2020,20539000.0
30459415,30459415-0,"MEJORAMIENTO AREA VERDE VILLA EL PROGRESO HUALPÍN, COMUNA T.SCHMIDT",PROYECTO,VIVIENDA Y DESARROLLO URBANO,DESARROLLO URBANO,PERFIL,0,2019,,TEODORO SCHMIDT,F.N.D.R.,44763000.0,44.763,,2413.0,,Sin evaluación,False,MUNICIPALIDAD DE TEODORO SCHMIDT,False,2016,2019,46733000.0
30459421,30459421-0,"CONSTRUCCION ILUMINACIÓN FOTOVOLTAICA RURAL, COLLIPULLI",PROYECTO,ENERGIA,AUTOGENERACION,PERFIL,0,2017,,COLLIPULLI,F.N.D.R.,30000000.0,30.0,,1250.0,,Sin evaluación,False,MUNICIPALIDAD DE COLLIPULLI,False,2016,2017,30000000.0
30459424,30459424-0,MEJORAMIENTO ÁREA VERDE GALVARINO CON CENTRAL SAN PEDRO DE LA COSTA,PROYECTO,VIVIENDA Y DESARROLLO URBANO,DESARROLLO URBANO,EJECUCION,0,2018,,SAN PEDRO DE LA PAZ,F.N.D.R.,46020000.0,46.02,,1029.0,,Sin evaluación,False,MUNICIPALIDAD DE SAN PEDRO DE LA PAZ,False,2016,2018,46020000.0
30459502,30459502-0,"CONSTRUCCION CASETAS SANITARIAS SECTOR RURAL Y OTROS, PUNTA ARENAS",PROYECTO,VIVIENDA Y DESARROLLO URBANO,SOLUCION HABITACIONAL PARCIAL O COMPLEMENTARIA,PERFIL,0,2019,,PUNTA ARENAS,F.N.D.R.,1342059000.0,1342.059,,76.0,RS,Recomendado (RS),True,MUNICIPALIDAD DE PUNTA ARENAS,False,2016,2019,1342059000.0
30459538,30459538-0,"CONSTRUCCION MUROS DE CONTENCIÓN POBLACIÓN PABLO NERUDA, COYHAIQUE",PROYECTO,VIVIENDA Y DESARROLLO URBANO,SOLUCION HABITACIONAL PARCIAL O COMPLEMENTARIA,EJECUCION,0,2019,,COYHAIQUE,SECTORIAL,506909000.0,506.909,,280.0,RS,Recomendado (RS),True,SEREMI VIVIENDA REGION DE AISEN DEL GENERAL CARLOS IBAÑEZ DEL CAMPO,False,2016,2019,506909000.0
30459539,30459539-0,"CONSTRUCCION MUROS DE CONTENCIÓN, COMUNA DE FLORIDA",PROYECTO,VIVIENDA Y DESARROLLO URBANO,DESARROLLO URBANO,EJECUCION,0,2019,,FLORIDA,F.N.D.R.,63310000.0,63.31,,150.0,,Sin evaluación,False,MUNICIPALIDAD DE FLORIDA,False,2016,2019,63310000.0
30459655,30459655-0,REPOSICION CAMION RECOLECTOR DE RSD,PROYECTO,RECURSOS NATURALES Y MEDIO AMBIENTE,MEDIO AMBIENTE,PERFIL,0,2017,,SAN JUAN DE LA COSTA,F.N.D.R.,137034000.0,137.034,,4752.0,,Sin evaluación,False,MUNICIPALIDAD DE SAN JUAN DE LA COSTA,False,2016,2017,137034000.0
30459680,30459680-0,"REPOSICION DE AREAS VERDES VILLA LOS PROFESORES,COMUNA DE PENAFLOR",PROYECTO,VIVIENDA Y DESARROLLO URBANO,DESARROLLO URBANO,DISEÑO,0,2021,,PEÑAFLOR,F.N.D.R.,34880000.0,34.88,,7818.0,RS,Recomendado (RS),True,MUNICIPALIDAD DE PEÑAFLOR,False,2018,2021,36939000.0
30459733,30459733-0,ADQUISICION CONTENEDORES DE BASURA SECTOR RURAL COMUNA DE PELLUHUE,PROYECTO,RECURSOS NATURALES Y MEDIO AMBIENTE,MEDIO AMBIENTE,EJECUCION,0,2017,,PELLUHUE,F.N.D.R.,49485000.0,49.485,,3172.0,,Sin evaluación,False,GOBIERNO REGIONAL - REGION DEL MAULE,False,2016,2017,49485000.0
30459743,30459743-0,"TRANSFERENCIA I+D EN USO EFICIENTE DEL RECURSO HIDRICO,PROV MELIPILLA",PROGRAMA,RECURSOS HIDRICOS,RIEGO,EJECUCION,0,2019,,,F.N.D.R.,197126000.0,197.126,295412.79,255.0,,Sin evaluación,False,MINISTERIO DE AGRICULTURA,False,2016,2019,419301000.0
30459763,30459763-0,"CONSTRUCCION SISTEMA COLECTIVO DE AGUAS SERVIDAS SECTOR SAN MIGUEL, COMUNA DE SAN IGNACIO",PROYECTO,RECURSOS HIDRICOS,EVACUACION DISPOSICION FINAL AGUAS SERVIDAS,EJECUCION,0,2021,,SAN IGNACIO - REGION DE,F.N.D.R.,1494484000.0,1494.484,,1056.0,FI,Falta información (FI),False,MUNICIPALIDAD DE SAN IGNACIO,False,2016,2021,3195112000.0
30459933,30459933-0,ADQUISICION CAMIÓN RECOLECTOR DE RSD PARA LA COMUNA DE TENO,PROYECTO,RECURSOS NATURALES Y MEDIO AMBIENTE,MEDIO AMBIENTE,EJECUCION,0,2017,,TENO,F.N.D.R.,138497000.0,138.497,,27695.0,,Sin evaluación,False,GOBIERNO REGIONAL - REGION DEL MAULE,False,2017,2017,138497000.0
30459949,30459949-0,"REPOSICION SERVICIO APR RIBERA DE ÑUBLE, SAN CARLOS",PROYECTO,RECURSOS HIDRICOS,AGUA POTABLE,PERFIL,0,2016,,SAN CARLOS - REGION DE,SECTORIAL,54570000.0,54.57,,189.0,OT,Objetado técnicamente (OT),False,AGUA POTABLE RURAL MOP,False,2016,2016,54570000.0
30459952,30459952-0,CONSTRUCCION DE UNA RED DE PUNTOS LIMPIOS EN LA RM,PROYECTO,RECURSOS NATURALES Y MEDIO AMBIENTE,MEDIO AMBIENTE,EJECUCION,0,2020,METROPOLITANA DE SANTIAGO,,F.N.D.R.,3019066000.0,3019.066,,253839.0,RS,Recomendado (RS),True,SEREMI DE MEDIO AMBIENTE REGION METROPOLITANA DE SANTIAGO,False,2016,2020,3170593000.0
30459983,30459983-0,"MEJORAMIENTO CERRO AMARILLO MEDIANTE PARQUE URBANO, CONCEPCION",PROYECTO,VIVIENDA Y DESARROLLO URBANO,DESARROLLO URBANO,PERFIL,0,2018,,CONCEPCION,F.N.D.R.,87040000.0,87.04,,216061.0,OT,Objetado técnicamente (OT),False,MUNICIPALIDAD DE CONCEPCION,False,2018,2018,87040000.0
30460578,30460578-0,CAPACITACION Y TRANSF. CAMBIO CLIMATICO PEQ. AGRICULTURA ZONA NORTE,PROGRAMA,RECURSOS HIDRICOS,RIEGO,EJECUCION,0,2018,,,SECTORIAL,229555000.0,229.555,344010.85,650.0,RS,Recomendado (RS),True,COMISION NACIONAL DE RIEGO,False,2016,2018,229555000.0
30460583,30460583-0,CAPACITACION Y TRANSF. CAMBIO CLIMATICO PEQ. AGRICULTURA ZONA CENTRO,PROGRAMA,RECURSOS HIDRICOS,RIEGO,EJECUCION,0,2018,,,SECTORIAL,229658000.0,229.658,344165.21,508.0,RS,Recomendado (RS),True,COMISION NACIONAL DE RIEGO,False,2016,2018,229658000.0
30460624,30460624-0,CAPACITACION Y TRANSF. CAMBIO CLIMATICO PEQ. AGRICULTURA ZONA SUR,PROGRAMA,RECURSOS HIDRICOS,RIEGO,EJECUCION,0,2018,,,SECTORIAL,228401000.0,228.401,342281.47,748.0,RS,Recomendado (RS),True,COMISION NACIONAL DE RIEGO,False,2016,2018,228401000.0
30462081,30462081-0,"CONSTRUCCION DEFENSAS FLUVIALES SECTOR SAN FERNANDO, SAN FERNANDO",PROYECTO,RECURSOS HIDRICOS,"DEFENSAS FLUVIALES,MARITIMAS Y CAUCES NATURALES",PERFIL,0,2017,,SAN FERNANDO,F.N.D.R.,5501014000.0,5501.014,,3500.0,,Sin evaluación,False,DIRECCION DE OBRAS HIDRAULICAS MOP REGION DEL LIBERTADOR GENERAL BERNARDO O'HIGGINS,False,2017,2017,5501014000.0
30462093,30462093-0,ADQUISICION DE CONTENEDORES PARA RECOLECCION DE BASURA,PROYECTO,RECURSOS NATURALES Y MEDIO AMBIENTE,MEDIO AMBIENTE,PERFIL,0,2019,,NACIMIENTO,F.N.D.R.,126761000.0,126.761,,13650.0,,Sin evaluación,False,MUNICIPALIDAD DE NACIMIENTO,False,2016,2019,132670000.0
30462096,30462096-0,"CONSTRUCCION DEFENSAS FLUVIALES SECTOR LOS ARENEROS, SAN FERNANDO",PROYECTO,RECURSOS HIDRICOS,"DEFENSAS FLUVIALES,MARITIMAS Y CAUCES NATURALES",PERFIL,0,2017,,SAN FERNANDO,F.N.D.R.,342714000.0,342.714,,930.0,,Sin evaluación,False,DIRECCION DE OBRAS HIDRAULICAS MOP REGION DEL LIBERTADOR GENERAL BERNARDO O'HIGGINS,False,2017,2017,342714000.0
30462123,30462123-0,"CONSTRUCCION DEFENSAS FLUVIALES SECTOR PUPILLA, PALMILLA",PROYECTO,RECURSOS HIDRICOS,"DEFENSAS FLUVIALES,MARITIMAS Y CAUCES NATURALES",PERFIL,0,2017,,PALMILLA,F.N.D.R.,90256000.0,90.256,,1830.0,,Sin evaluación,False,DIRECCION DE OBRAS HIDRAULICAS MOP REGION DEL LIBERTADOR GENERAL BERNARDO O'HIGGINS,False,2017,2017,90256000.0
30462431,30462431-0,"ADQUISICION DE EQUIPO PARA RECICLAJE, TALCAHUANO",PROYECTO,RECURSOS NATURALES Y MEDIO AMBIENTE,MEDIO AMBIENTE,PERFIL,0,2021,,TALCAHUANO,F.N.D.R.,152082000.0,152.082,,135337.0,,Sin evaluación,False,MUNICIPALIDAD DE TALCAHUANO,False,2016,2021,152082000.0
30462534,30462534-0,CONSERVACION DEFENSAS FLUVIALES REGION DE TARAPACA,PROYECTO,RECURSOS HIDRICOS,"DEFENSAS FLUVIALES,MARITIMAS Y CAUCES NATURALES",PERFIL,0,2017,,,F.N.D.R.,9733795000.0,9733.795,,3874.0,,Sin evaluación,False,DIRECCION DE OBRAS HIDRAULICAS MOP REGION DE TARAPACA,False,2017,2017,9733795000.0
30462879,30462879-0,CONSERVACION RED SECUNDARIA DE AGUAS LLUVIAS VARIAS COMUNAS ETAPA 4,PROYECTO,RECURSOS HIDRICOS,AGUAS LLUVIAS,EJECUCION,0,2018,LA ARAUCANIA,,SECTORIAL,686849000.0,686.849,,2.0,,Sin evaluación,False,SEREMI VIVIENDA REGION DE LA ARAUCANIA,False,2017,2018,703300000.0
30462935,30462935-0,"MEJORAMIENTO Y RECUPERACIÓN ÁREAS VERDES DIVERSOS SECTORES, PUCÓN",PROYECTO,VIVIENDA Y DESARROLLO URBANO,DESARROLLO URBANO,PERFIL,0,2017,,PUCON,F.N.D.R.,24012000.0,24.012,,38154.0,,Sin evaluación,False,MUNICIPALIDAD DE PUCON,False,2016,2017,24012000.0
30463050,30463050-0,"CONSTRUCCION MUROS DE CONTENCION SECTOR PUNTA DE PARRA, TOME",PROYECTO,VIVIENDA Y DESARROLLO URBANO,SOLUCION HABITACIONAL PARCIAL O COMPLEMENTARIA,EJECUCION,0,2017,,TOME,SECTORIAL,311021000.0,311.021,,111.0,RS,Recomendado (RS),True,SEREMI VIVIENDA REGION DEL BIO BIO,False,2017,2017,311021000.0
30463227,30463227-0,"CONSERVACION DEL PARQUE Y HABILITACION OFICINAS, PARQUE KAUKARI, COPIAPO",PROYECTO,VIVIENDA Y DESARROLLO URBANO,DESARROLLO URBANO,EJECUCION,0,2020,,COPIAPO,SECTORIAL,3524341000.0,3524.341,,178781.0,,Sin evaluación,False,SEREMI VIVIENDA REGION DE ATACAMA,False,2017,2020,3524341000.0
30463316,30463316-0,"CONSTRUCCION COLECTOR AGUAS LLUVIAS SECTOR 21 DE MAYO, SAN ANTONIO",PROYECTO,RECURSOS HIDRICOS,AGUAS LLUVIAS,EJECUCION,0,2021,,SAN ANTONIO,SECTORIAL,842556000.0,842.556,,360.0,RS,Recomendado (RS),True,SEREMI VIVIENDA REGION DE VALPARAISO,False,2017,2021,842556000.0
30463317,30463317-0,"REPOSICION COLECTOR AGUAS LLUVIAS SECTOR TIERRAS ROJAS, VALPARAISO",PROYECTO,RECURSOS HIDRICOS,AGUAS LLUVIAS,EJECUCION,0,2021,,VALPARAISO,SECTORIAL,707281000.0,707.281,,2656.0,RS,Recomendado (RS),True,SEREMI VIVIENDA REGION DE VALPARAISO,False,2017,2021,707281000.0
30463318,30463318-0,"CONSTRUCCION COLECTOR AGUAS LLUVIAS SECTOR EKLONIA, VIÑA DEL MAR",PROYECTO,RECURSOS HIDRICOS,AGUAS LLUVIAS,DISEÑO,0,2020,,VIÑA DEL MAR,SECTORIAL,104568000.0,104.568,,320.0,RS,Recomendado (RS),True,SEREMI VIVIENDA REGION DE VALPARAISO,False,2017,2020,104568000.0
30463319,30463319-0,"CONSTRUCCION COLECTOR AGUAS LLUVIAS LAS PALOMAS, VIÑA DEL MAR",PROYECTO,RECURSOS HIDRICOS,AGUAS LLUVIAS,EJECUCION,0,2021,,VIÑA DEL MAR,SECTORIAL,71543000.0,71.543,,100.0,RS,Recomendado (RS),True,SEREMI VIVIENDA REGION DE VALPARAISO,False,2017,2021,71543000.0
30463320,30463320-0,"CONSTRUCCION EVACUACION AGUAS LLUVIAS SECTOR ANTICLEA, VALPARAISO",PROYECTO,RECURSOS HIDRICOS,AGUAS LLUVIAS,PERFIL,0,2017,,VALPARAISO,SECTORIAL,53763000.0,53.763,,100.0,FI,Falta información (FI),False,SEREMI VIVIENDA REGION DE VALPARAISO,False,2017,2017,53763000.0
30463321,30463321-0,"CONSTRUCCION SISTEMA AGUAS LLUVIAS SECTOR CHORRILLOS, LA CALERA",PROYECTO,RECURSOS HIDRICOS,AGUAS LLUVIAS,EJECUCION,0,2020,,LA CALERA,SECTORIAL,246779000.0,246.779,,432.0,RS,Recomendado (RS),True,SEREMI VIVIENDA REGION DE VALPARAISO,False,2017,2020,278098000.0
30463382,30463382-0,CONSERVACION SISTEMAS SECUNDARIOS DE AGUAS LLUVIAS AÑO 2017 VR,PROYECTO,RECURSOS HIDRICOS,AGUAS LLUVIAS,EJECUCION,0,2018,VALPARAISO,,SECTORIAL,648414000.0,648.414,,550000.0,,Sin evaluación,False,SEREMI VIVIENDA REGION DE VALPARAISO,False,2017,2018,703299000.0
30463432,30463432-0,"CONSTRUCCION TALUD VILLA FUTURO II LOMAS DE SAN JOSE, TOME",PROYECTO,VIVIENDA Y DESARROLLO URBANO,SOLUCION HABITACIONAL PARCIAL O COMPLEMENTARIA,EJECUCION,0,2021,,TOME,SECTORIAL,509821000.0,509.821,,104.0,IN,Incumplimiento (IN),False,SEREMI VIVIENDA REGION DEL BIO BIO,False,2017,2021,509821000.0
30463783,30463783-0,"CONSTRUCCION AREAS VERDES BIFURCACION ELEUTERIO RAMIREZ, COPIAPÓ",PROYECTO,VIVIENDA Y DESARROLLO URBANO,DESARROLLO URBANO,PERFIL,0,2020,,COPIAPO,SECTORIAL,84690000.0,84.69,,5420.0,RS,Recomendado (RS),True,SEREMI VIVIENDA REGION DE ATACAMA,False,2018,2020,84690000.0
30463927,30463927-0,CONSTRUCCION SS Y ALCANTARILLADO MARIPOSAS QUEBRADA DE AGUA,PROYECTO,RECURSOS HIDRICOS,EVACUACION DISPOSICION FINAL AGUAS SERVIDAS,EJECUCION,0,2020,,SAN CLEMENTE,F.N.D.R.,6018068000.0,6018.068,,1712.0,RS,Recomendado (RS),True,MUNICIPALIDAD DE SAN CLEMENTE,False,2016,2020,6018068000.0
30463983,30463983-0,CONSERVACION MANTENCIÓN Y SEGURIDAD PARQUE FLUVIAL DE CONSTITUCION,PROYECTO,VIVIENDA Y DESARROLLO URBANO,DESARROLLO URBANO,EJECUCION,0,2020,,CONSTITUCION,SECTORIAL,1143718000.0,1143.718,,33914.0,,Sin evaluación,False,SEREMI VIVIENDA REGION DEL MAULE,False,2017,2020,1143718000.0
30464031,30464031-0,"CONSTRUCCION ÁREA VERDE RIBERA SUR RÍO MAPOCHO, QTA NORMAL - CERRO NAVIA",PROYECTO,VIVIENDA Y DESARROLLO URBANO,DESARROLLO URBANO,PREFACTIBILIDAD,0,2019,METROPOLITANA DE SANTIAGO,,SECTORIAL,222478000.0,222.478,,158506.0,RS,Recomendado (RS),True,SEREMI VIVIENDA REGION METROPOLITANA DE SANTIAGO,False,2018,2019,222478000.0
30464320,30464320-0,TRANSFERENCIA TECNOLÓGICA SOBRE USO RED AGROCLIMÁTICA EN MAGALLANES,PROGRAMA,RECURSOS NATURALES Y MEDIO AMBIENTE,INTERSUBSECTORIAL,PERFIL,0,2016,MAGALLANES Y ANTARTICA,,F.N.D.R.,498145000.0,498.145,820153.78,,,Sin evaluación,False,INSTITUTO INVESTIGACIONES AGROPECUARIAS REGION DE MAGALLANES Y ANTARTICA CHILENA,False,2016,2016,498145000.0
30464374,30464374-0,CONSTRUCCION MURO CONTENCION VILLA ENTRE CERROS Y POLIDEPORTIVO,PROYECTO,VIVIENDA Y DESARROLLO URBANO,SOLUCION HABITACIONAL PARCIAL O COMPLEMENTARIA,PERFIL,0,2016,,CURARREHUE,SECTORIAL,158634000.0,158.634,,7913.0,RS,Recomendado (RS),True,MUNICIPALIDAD DE CURARREHUE,False,2016,2016,158634000.0
30464424,30464424-0,PREVENCION DE LA OCURRENCIA DE LOS INCENDIOS FORESTALES,PROGRAMA,RECURSOS NATURALES Y MEDIO AMBIENTE,INTERSUBSECTORIAL,EJECUCION,0,2019,L MAULE,,F.N.D.R.,436753000.0,436.753,654517.53,,,Sin evaluación,False,GOBIERNO REGIONAL - REGION DEL MAULE,False,2017,2019,436753000.0
30464687,30464687-0,"CONSTRUCCION PARQUE HUMEDAL EL CULEBRON, COQUIMBO",PROYECTO,VIVIENDA Y DESARROLLO URBANO,DESARROLLO URBANO,EJECUCION,0,2023,,COQUIMBO,SECTORIAL,12193010000.0,12193.01,,14828.0,RS,Recomendado (RS),True,SEREMI VIVIENDA REGION DE COQUIMBO,False,2019,2023,12193010000.0
30465985,30465985-0,ADQUISICION EQUIPAMIENTO PARA EL COMBATE DE INCENDIOS FORESTALES,PROYECTO,RECURSOS NATURALES Y MEDIO AMBIENTE,ADMINISTRACION SILVOAGROPECUARIO,PERFIL,0,2017,MAGALLANES Y ANTARTICA,,F.N.D.R.,443189000.0,443.189,,150000.0,,Sin evaluación,False,CORPORACION NACIONAL FORESTAL REGION DE MAGALLANES Y ANTARTICA CHILENA,False,2017,2017,443189000.0
30465996,30465996-0,CONSTRUCCION ILUMINACION FOTOVOLTAICA PARADEROS DIVERSOS SECTORES,PROYECTO,ENERGIA,ALUMBRADO PUBLICO,EJECUCION,0,2018,,CONTULMO,F.N.D.R.,32808000.0,32.808,,1000.0,,Sin evaluación,False,MUNICIPALIDAD DE CONTULMO,False,2016,2018,32808000.0
30466794,30466794-0,TRANSFERENCIA TECNOLOGIA MEJORAM. EFICIENCIA DE RIEGO CUENCA RIO CATO,PROGRAMA,RECURSOS HIDRICOS,RIEGO,EJECUCION,0,2019,ÑUBLE,,SECTORIAL,238977000.0,238.977,358130.65,,RS,Recomendado (RS),True,COMISION NACIONAL DE RIEGO,False,2017,2019,238977000.0
30466943,30466943-0,"AMPLIACION SISTEMA APR CUTEMU LA QUEBRADA, PAREDONES",PROYECTO,RECURSOS HIDRICOS,AGUA POTABLE,EJECUCION,0,2020,,PAREDONES,SECTORIAL,1073116000.0,1073.116,,234.0,RS,Recomendado (RS),True,DIRECCION DE OBRAS HIDRAULICAS MOP REGION DEL LIBERTADOR GENERAL BERNARDO O'HIGGINS,False,2016,2020,1073116000.0
30467151,30467151-0,ADQUISICION DE CAMIONES Y MAQUINARIA RSD - COMUNA DE RIO IBAÑEZ,PROYECTO,RECURSOS NATURALES Y MEDIO AMBIENTE,MEDIO AMBIENTE,EJECUCION,0,2017,,RIO IBAÑEZ,F.N.D.R.,417158000.0,417.158,,1924.0,,Sin evaluación,False,MUNICIPALIDAD DE RIO IBAÑEZ,False,2016,2017,417158000.0
30467739,30467739-0,"REPOSICION CAMION RECOLECTOR RSD Y 30 CONTENEDORES, COMUNA LUMACO",PROYECTO,RECURSOS NATURALES Y MEDIO AMBIENTE,MEDIO AMBIENTE,PERFIL,0,2018,,LUMACO,F.N.D.R.,179713000.0,179.713,,7904.0,,Sin evaluación,False,MUNICIPALIDAD DE LUMACO,False,2016,2018,179713000.0
30468183,30468183-0,"MEJORAMIENTO EQUIP. Y ÁREAS VERDES SECTOR PADRE JUAN, CURACAUTIN",PROYECTO,VIVIENDA Y DESARROLLO URBANO,DESARROLLO URBANO,PERFIL,0,2017,,CURACAUTIN,F.N.D.R.,58014000.0,58.014,,14655.0,,Sin evaluación,False,MUNICIPALIDAD DE CURACAUTIN,False,2016,2017,58014000.0
30468191,30468191-0,"MEJORAMIENTO ÁREAS VERDES VILLA LAS AMÉRICAS, COMUNA DE CURACAUTÍN",PROYECTO,VIVIENDA Y DESARROLLO URBANO,DESARROLLO URBANO,PERFIL,0,2017,,CURACAUTIN,F.N.D.R.,88975000.0,88.975,,14655.0,,Sin evaluación,False,MUNICIPALIDAD DE CURACAUTIN,False,2016,2017,88975000.0
30468192,30468192-0,TRANSFERENCIA MEJORAMIENTO DE LA EFICIENCIA ENERGETICA,PROGRAMA,RECURSOS NATURALES Y MEDIO AMBIENTE,INTERSUBSECTORIAL,PERFIL,0,2017,LOS LAGOS,,F.N.D.R.,472717000.0,472.717,668302.37,,,Sin evaluación,False,INSTITUTO DESARROLLO AGROPECUARIO REGION DE LOS LAGOS,False,2017,2017,472717000.0
30468944,30468944-0,CONSTRUCCION PLAN DE CIERRE VERTEDERO ANGOL,PROYECTO,RECURSOS NATURALES Y MEDIO AMBIENTE,MEDIO AMBIENTE,DISEÑO,0,2025,,ANGOL,F.N.D.R.,145115000.0,145.115,,23306.0,,Sin evaluación,False,MUNICIPALIDAD DE ANGOL,False,2021,2025,145115000.0
30468986,30468986-0,CONSTRUCCION SIST. DE ABATIMIENTO DE EMISIONES ATMOSFÉRICAS,PROYECTO,MINERIA,HIDROCARBUROS,EJECUCION,0,2017,,CONCON,EMPRESA,1611000.0,1.611,2414.24,,RS,Recomendado (RS),True,REFINERIA PETROLEO ACONCAGUA,False,2016,2017,1611000.0
30469145,30469145-0,"ADQUISICION E INST.LUMINARIAS FOTOVOLTAICAS, VILLAS LA CRUZ",PROYECTO,ENERGIA,ALUMBRADO PUBLICO,PERFIL,0,2018,,LA CRUZ,F.N.D.R.,160403000.0,160.403,,17000.0,,Sin evaluación,False,MUNICIPALIDAD DE LA CRUZ,False,2016,2018,160403000.0
30469790,30469790-0,"CONSTRUCCION COLECTOR AGUAS LLUVIAS CALLE PILOTO PARDO, NATALES",PROYECTO,RECURSOS HIDRICOS,AGUAS LLUVIAS,EJECUCION,0,2020,,NATALES,F.N.D.R.,465225000.0,465.225,,20000.0,RS,Recomendado (RS),True,MUNICIPALIDAD DE NATALES,False,2017,2020,465225000.0
30469836,30469836-0,"CONSTRUCCION CIERRE VERTEDERO MUNICIPAL,PUCHUNCAVI",PROYECTO,RECURSOS NATURALES Y MEDIO AMBIENTE,MEDIO AMBIENTE,EJECUCION,0,2020,,PUCHUNCAVI,F.N.D.R.,473994000.0,473.994,,17829.0,RS,Recomendado (RS),True,MUNICIPALIDAD DE PUCHUNCAVI,False,2017,2020,477031000.0
30469886,30469886-0,"ADQUISICION CONTENEDORES RSD Y A, COMUNA DE HUALAÑE",PROYECTO,RECURSOS NATURALES Y MEDIO AMBIENTE,MEDIO AMBIENTE,EJECUCION,0,2017,,HUALAÑE,F.N.D.R.,123476000.0,123.476,,10590.0,,Sin evaluación,False,MUNICIPALIDAD DE HUALAÑE,False,2017,2017,123476000.0
30470184,30470184-0,"MEJORAMIENTO ÁREA VERDE SECTOR LAS RAÍCES, COMUNA DE CURACAUTÍN",PROYECTO,VIVIENDA Y DESARROLLO URBANO,DESARROLLO URBANO,PERFIL,0,2017,,CURACAUTIN,F.N.D.R.,38083000.0,38.083,,14655.0,,Sin evaluación,False,MUNICIPALIDAD DE CURACAUTIN,False,2016,2017,38083000.0
30470237,30470237-0,"MEJORAMIENTO EQUIPAMIENTO Y ÁREAS VERDES VILLA CAPTRÉN ,CURACAUTIN",PROYECTO,VIVIENDA Y DESARROLLO URBANO,DESARROLLO URBANO,PERFIL,0,2017,,CURACAUTIN,F.N.D.R.,53577000.0,53.577,,14655.0,,Sin evaluación,False,MUNICIPALIDAD DE CURACAUTIN,False,2016,2017,53577000.0
30470987,30470987-0,"CONSTRUCCION INFRAESTRUCTURAS SANITARIAS, ENTRE RIOS-LLOLLINCO COMUNA DE T. SCHMIDT",PROYECTO,VIVIENDA Y DESARROLLO URBANO,SOLUCION HABITACIONAL PARCIAL O COMPLEMENTARIA,PERFIL,0,2018,,TEODORO SCHMIDT,F.N.D.R.,552206000.0,552.206,,351.0,FI,Falta información (FI),False,MUNICIPALIDAD DE TEODORO SCHMIDT,False,2018,2018,552206000.0
30471866,30471866-0,CONSTRUCCION SEDE SOCIAL Y ÁREA VERDE CAM. AL FUTURO Y. BUENAS,PROYECTO,VIVIENDA Y DESARROLLO URBANO,DESARROLLO URBANO,EJECUCION,0,2018,,YERBAS BUENAS,F.N.D.R.,81204000.0,81.204,,743.0,,Sin evaluación,False,GOBIERNO REGIONAL - REGION DEL MAULE,False,2017,2018,81204000.0
30472383,30472383-0,"CONSTRUCCION ESPACIO PUBLICO RECREATIVO PILOTO PARDO, NATALES",PROYECTO,VIVIENDA Y DESARROLLO URBANO,DESARROLLO URBANO,PERFIL,0,2020,,NATALES,F.N.D.R.,1567378000.0,1567.378,,5500.0,RS,Recomendado (RS),True,MUNICIPALIDAD DE NATALES,False,2017,2020,1567378000.0
30472843,30472843-0,CONSTRUCCION AREA VERDE VILLA EL BOSQUE COMUNA DE YERBAS BUENAS,PROYECTO,VIVIENDA Y DESARROLLO URBANO,DESARROLLO URBANO,EJECUCION,0,2018,,YERBAS BUENAS,F.N.D.R.,90332000.0,90.332,,1048.0,,Sin evaluación,False,GOBIERNO REGIONAL - REGION DEL MAULE,False,2017,2018,90332000.0
30472846,30472846-0,CONSTRUCCION PARQUE EOLICO CABO NEGRO,PROYECTO,ENERGIA,AUTOGENERACION,EJECUCION,1,2020,,,EMPRESA,24704000.0,24.704,33176.65,125493.0,RS,Recomendado (RS),True,EMPRESA NACIONAL DEL PETROLEO,False,2016,2020,24704000.0
30472853,30472853-0,"REPOSICION LUMINARIAS TECNOLOGÍA LED, COMUNA DE LIMACHE.",PROYECTO,ENERGIA,ALUMBRADO PUBLICO,PERFIL,0,2020,,LIMACHE,F.N.D.R.,1197980000.0,1197.98,,47487.0,FI,Falta información (FI),False,MUNICIPALIDAD DE LIMACHE,False,2016,2020,1197980000.0
30473137,30473137-0,CONSTRUCCION COLECTOR AGUAS LLUVIAS CALDERON DE LA BARCA SAN BDO.,PROYECTO,RECURSOS HIDRICOS,AGUAS LLUVIAS,EJECUCION,0,2020,,SAN BERNARDO,SECTORIAL,2446447000.0,2446.447,,3860000.0,RS,Recomendado (RS),True,SEREMI VIVIENDA REGION METROPOLITANA DE SANTIAGO,False,2017,2020,2446447000.0
30474258,30474258-0,TRANSFERENCIA PROGRAMA DE PRODUCCIÓN LIMPIA Y CAMBIO CLIMATICO,PROGRAMA,MULTISECTORIAL,INTERSUBSECTORIAL MULTISECTOR,EJECUCION,0,2020,L MAULE,,F.N.D.R.,1094003000.0,1094.003,1778230.55,,,Sin evaluación,False,GOBIERNO REGIONAL - REGION DEL MAULE,False,2017,2020,1094003000.0
30474636,30474636-0,CONSTRUCCION PLAZA ACCESO PARQUE URBANO CERRO LA VIRGEN TALTAL,PROYECTO,VIVIENDA Y DESARROLLO URBANO,DESARROLLO URBANO,EJECUCION,0,2017,ANTOFAGASTA,,SECTORIAL,451092000.0,451.092,,11982.0,RS,Recomendado (RS),True,SEREMI VIVIENDA REGION DE ANTOFAGASTA,False,2016,2017,451092000.0
30474704,30474704-0,"CONSTRUCCION ELECTRIFICACIÓN RURAL FOTOVOLTAICA LOS CAMBUCHOS, LEBU",PROYECTO,ENERGIA,AUTOGENERACION,PERFIL,0,2019,,LEBU,F.N.D.R.,363066000.0,363.066,,26.0,FI,Falta información (FI),False,MUNICIPALIDAD DE LEBU,False,2016,2019,375303000.0
30474710,30474710-0,TRANSFERENCIA PLATAFORMA GEOESPACIAL OPTIMIZACION RECURSOS HIDRICOS,PROGRAMA,RECURSOS NATURALES Y MEDIO AMBIENTE,AGRICULTURA,EJECUCION,0,2020,L LIBERTADOR GENERAL,,F.N.D.R.,131845000.0,131.845,214305.45,,,Sin evaluación,False,GOBIERNO REGIONAL - REGION DEL LIBERTADOR GENERAL BERNARDO O'HIGGINS,False,2017,2020,199886000.0
30474716,30474716-0,TRANSFERENCIA INNOVACIÓN Y OPTIMIZACIÓN DEL RIEGO EN ARANDANOS,PROGRAMA,RECURSOS NATURALES Y MEDIO AMBIENTE,AGRICULTURA,EJECUCION,0,2019,L LIBERTADOR GENERAL,,F.N.D.R.,136230000.0,136.23,204154.12,,,Sin evaluación,False,GOBIERNO REGIONAL - REGION DEL LIBERTADOR GENERAL BERNARDO O'HIGGINS,False,2017,2019,193404000.0
30475065,30475065-0,TRANSFERENCIA VALORIZACIÓN Y DIVERSIFICACIÓN DEL CULTIVO AJO,PROGRAMA,RECURSOS NATURALES Y MEDIO AMBIENTE,AGRICULTURA,EJECUCION,0,2018,L LIBERTADOR GENERAL,,F.N.D.R.,211270000.0,211.27,316608.97,102.0,,Sin evaluación,False,GOBIERNO REGIONAL - REGION DEL LIBERTADOR GENERAL BERNARDO O'HIGGINS,False,2016,2018,211270000.0
30476490,30476490-0,"CONSTRUCCION PARQUE HUMEDAL LOS BATROS, SAN PEDRO DE LA PAZ",PROYECTO,VIVIENDA Y DESARROLLO URBANO,DESARROLLO URBANO,EJECUCION,0,2018,,SAN PEDRO DE LA PAZ,SECTORIAL,7812316000.0,7812.316,,135093.0,RS,Recomendado (RS),True,SEREMI VIVIENDA REGION DEL BIO BIO,False,2016,2018,7812316000.0
30476692,30476692-0,NORMALIZACION INTEGRAL SISTEMA APR LOCALIDAD DE MACHUCA,PROYECTO,RECURSOS HIDRICOS,AGUA POTABLE,PERFIL,0,2016,,SAN PEDRO DE ATACAMA,F.N.D.R.,16030000.0,16.03,,85.0,FI,Falta información (FI),False,MUNICIPALIDAD DE SAN PEDRO ATACAMA,False,2016,2016,16030000.0
30476834,30476834-0,ADQUISICION DE LUMINARIAS SOLARES SECTORES RURALES CALERA DE TANGO,PROYECTO,ENERGIA,ALUMBRADO PUBLICO,PERFIL,0,2018,,CALERA DE TANGO,F.N.D.R.,519476000.0,519.476,,10189.0,,Sin evaluación,False,MUNICIPALIDAD DE CALERA DE TANGO,False,2017,2018,519476000.0
30477038,30477038-0,TRANSFERENCIA AGUA ATMOSFÉRICA PARA RIEGO CON ENERGÍAS RENOVABLES,PROGRAMA,RECURSOS NATURALES Y MEDIO AMBIENTE,AGRICULTURA,EJECUCION,0,2018,L LIBERTADOR GENERAL,,F.N.D.R.,183076000.0,183.076,274357.48,90.0,,Sin evaluación,False,GOBIERNO REGIONAL - REGION DEL LIBERTADOR GENERAL BERNARDO O'HIGGINS,False,2016,2018,183076000.0
30477340,30477340-0,TRANSFERENCIA PRODUCCIÓN NUTRACEUTICOS A PARTIR DE MICROALGAS NATIVAS,PROGRAMA,RECURSOS NATURALES Y MEDIO AMBIENTE,PECUARIO,EJECUCION,0,2019,TARAPACA,,F.N.D.R.,240524000.0,240.524,360448.98,,,Sin evaluación,False,GOBIERNO REGIONAL - REGION DE TARAPACA,False,2016,2019,240524000.0
30477739,30477739-0,"CONSTRUCCION MUROS DE CONTENCIÓN CALLE PRIETO ESQ SANTA MARGARITA, NACIMIENTO",PROYECTO,VIVIENDA Y DESARROLLO URBANO,DESARROLLO URBANO,EJECUCION,0,2021,,NACIMIENTO,F.N.D.R.,217753000.0,217.753,,20884.0,RS,Recomendado (RS),True,MUNICIPALIDAD DE NACIMIENTO,False,2017,2021,217753000.0
30478190,30478190-0,ADQUISICION DE LUMINARIAS SOLARES INTEGRALES EN COMUNA DE TIL TIL,PROYECTO,ENERGIA,ALUMBRADO PUBLICO,PERFIL,0,2018,,TIL TIL,F.N.D.R.,560982000.0,560.982,,17599.0,,Sin evaluación,False,MUNICIPALIDAD DE TIL TIL,False,2017,2018,560982000.0
30478437,30478437-0,"ADQUISICION LUMINARIAS SOLARES VIALES PARA CAMINO RIBEREÑO, BUIN",PROYECTO,ENERGIA,ALUMBRADO PUBLICO,PERFIL,0,2019,,BUIN,F.N.D.R.,171824000.0,171.824,,34851.0,,Sin evaluación,False,MUNICIPALIDAD DE BUIN,False,2017,2019,176290000.0
30479741,30479741-0,"HABILITACION FUENTE SISTEMA DE AGUA POTABLE IDAHUE,SAN VICENTE DE TT",PROYECTO,RECURSOS HIDRICOS,AGUA POTABLE,EJECUCION,0,2019,,SAN VICENTE DE TAGUA TAGUA,F.N.D.R.,197942000.0,197.942,,376.0,RS,Recomendado (RS),True,DIRECCION DE OBRAS HIDRAULICAS MOP REGION DEL LIBERTADOR GENERAL BERNARDO O'HIGGINS,False,2016,2019,197942000.0
30480604,30480604-0,PREVENCION Y REDUCCIÓN LOCAL DEL RIESGO DE INCENDIOS FORESTALES,PROGRAMA,RECURSOS NATURALES Y MEDIO AMBIENTE,ADMINISTRACION SILVOAGROPECUARIO,PERFIL,0,2017,,LAS CABRAS,F.N.D.R.,552846000.0,552.846,781584.53,,,Sin evaluación,False,CORPORACION NACIONAL FORESTAL REGION DEL LIBERTADOR GENERAL BERNARDO O'HIGGINS,False,2017,2017,552846000.0
30480716,30480716-0,"REPOSICION CAMIÓN RSD y REPOSICION DE CONTENEDORES,COMUNA DE QUEILEN",PROYECTO,RECURSOS NATURALES Y MEDIO AMBIENTE,MEDIO AMBIENTE,PERFIL,0,2022,,QUEILEN,F.N.D.R.,199743000.0,199.743,,4723.0,,Sin evaluación,False,MUNICIPALIDAD DE QUEILEN,False,2020,2022,199743000.0
30480767,30480767-0,"CONSERVACION DE RIBERAS NATURALES AÑO 2018, VI REGIÓN",PROYECTO,RECURSOS HIDRICOS,"DEFENSAS FLUVIALES,MARITIMAS Y CAUCES NATURALES",EJECUCION,0,2018,L LIBERTADOR GENERAL,,SECTORIAL,3801824000.0,3801.824,,5000.0,,Sin evaluación,False,DIRECCION DE OBRAS HIDRAULICAS MOP REGION DEL LIBERTADOR GENERAL BERNARDO O'HIGGINS,False,2017,2018,3801824000.0
30480768,30480768-0,"CONSERVACION DE RED COLECTORES DE AGUAS LLUVIAS AÑO 2018, VI REGIÓN",PROYECTO,RECURSOS HIDRICOS,RECURSOS HIDRICOS,EJECUCION,0,2018,,RANCAGUA,SECTORIAL,217177000.0,217.177,,3000.0,,Sin evaluación,False,DIRECCION DE OBRAS HIDRAULICAS MOP REGION DEL LIBERTADOR GENERAL BERNARDO O'HIGGINS,False,2017,2018,217177000.0
30480770,30480770-0,"CONSERVACION OBRAS DE RIEGO, AGUAS LLUVIAS PROEMPLEO AÑO 2018,VI REG",PROYECTO,RECURSOS HIDRICOS,RECURSOS HIDRICOS,PERFIL,0,2019,L LIBERTADOR GENERAL,,SECTORIAL,168697000.0,168.697,,1300.0,,Sin evaluación,False,DIRECCION DE OBRAS HIDRAULICAS MOP REGION DEL LIBERTADOR GENERAL BERNARDO O'HIGGINS,False,2017,2019,168697000.0
30480811,30480811-0,ADQUISICION CAMION RECOLECTOR DE RSD COMUNA DE LONGAVI,PROYECTO,RECURSOS NATURALES Y MEDIO AMBIENTE,MEDIO AMBIENTE,EJECUCION,0,2017,,LONGAVI,F.N.D.R.,83239000.0,83.239,,14389.0,,Sin evaluación,False,MUNICIPALIDAD DE LONGAVI,False,2017,2017,83239000.0
30480878,30480878-0,CONSERVACION COLECTORES PRIMARIOS AGUAS LLUVIAS RANCAGUA-MACHALI2017,PROYECTO,RECURSOS HIDRICOS,AGUAS LLUVIAS,EJECUCION,0,2019,,RANCAGUA,F.N.D.R.,111013000.0,111.013,,3000.0,,Sin evaluación,False,DIRECCION DE OBRAS HIDRAULICAS MOP REGION DEL LIBERTADOR GENERAL BERNARDO O'HIGGINS,False,2016,2019,111013000.0
30480942,30480942-0,"ADQUISICION CONTENEDORES DE RESIDUOS SÓLIDOS, COMUNA DE PENCO",PROYECTO,RECURSOS NATURALES Y MEDIO AMBIENTE,MEDIO AMBIENTE,PERFIL,0,2019,,PENCO,F.N.D.R.,586227000.0,586.227,,58681.0,,Sin evaluación,False,MUNICIPALIDAD DE PENCO,False,2018,2019,586227000.0
30481014,30481014-0,"CONSTRUCCION PARQUE RIBERA RÍO LAJA, COMUNA DE LAJA",PROYECTO,VIVIENDA Y DESARROLLO URBANO,DESARROLLO URBANO,PERFIL,0,2022,,LAJA,F.N.D.R.,931240000.0,931.24,,17398.0,FI,Falta información (FI),False,MUNICIPALIDAD DE LAJA,False,2017,2022,931240000.0
30481070,30481070-0,RECUPERACION RESTAURACIÓN ECOLÓGICA DE LAS COMUNIDADES VEGETACIONALES Y EL RECURSO SUELO DE L,PROGRAMA,,,PERFIL,0,2017,,PUNTA ARENAS,F.N.D.R.,190936000.0,190.936,269935.25,,,Sin evaluación,False,CORPORACION NACIONAL FORESTAL REGION DE MAGALLANES Y ANTARTICA CHILENA,False,2017,2017,190936000.0
30481090,30481090-0,FORESTACION TRANSFERENCIA TECNOLÓGICA CON QUEÑOA DE PRECORDILLERA EN LA COMUNA DE PUTRE,PROGRAMA,RECURSOS NATURALES Y MEDIO AMBIENTE,SILVICULTURA,PERFIL,0,2017,XV,,F.N.D.R.,306770000.0,306.77,433695.25,,,Sin evaluación,False,CORPORACION NACIONAL FORESTAL REGION DE ARICA Y PARINACOTA,False,2017,2017,306770000.0
30481100,30481100-0,"MEJORAMIENTO Y ENCAUZAMIENTO CANAL RAPACO, COMUNA DE LUMACO",PROYECTO,VIVIENDA Y DESARROLLO URBANO,DESARROLLO URBANO,PERFIL,0,2018,,LUMACO,F.N.D.R.,23000000.0,23.0,,1634.0,,Sin evaluación,False,MUNICIPALIDAD DE LUMACO,False,2017,2018,23000000.0
30481414,30481414-0,ADQUISICION CAMIÓN RECOLECTOR DE RSD COMUNA SAN PEDRO,PROYECTO,RECURSOS NATURALES Y MEDIO AMBIENTE,MEDIO AMBIENTE,PERFIL,0,2018,,SAN PEDRO,F.N.D.R.,127528000.0,127.528,,9907.0,,Sin evaluación,False,MUNICIPALIDAD DE SAN PEDRO,False,2017,2018,127528000.0
30481510,30481510-0,CONTROL MONITOREO DE CAMBIO CLIMATICO REGION DE TARAPACA,PROGRAMA,RECURSOS NATURALES Y MEDIO AMBIENTE,MEDIO AMBIENTE,PERFIL,0,2018,TARAPACA,,F.N.D.R.,540693000.0,540.693,810281.89,352712.0,OT,Objetado técnicamente (OT),False,SEREMI DE MEDIO AMBIENTE REGION DE TARAPACA,False,2017,2018,1316824000.0
30481618,30481618-0,ADQUISICION CAMION POLIBRAZO Y EQUIPAMIENTO RSD LONQUIMAY,PROYECTO,RECURSOS NATURALES Y MEDIO AMBIENTE,MEDIO AMBIENTE,PERFIL,0,2018,,LONQUIMAY,F.N.D.R.,181998000.0,181.998,,7362.0,,Sin evaluación,False,MUNICIPALIDAD DE LONQUIMAY,False,2017,2018,181998000.0
30481649,30481649-0,SANEAMIENTO TITULOS DE DOMINIO URBANO-RURAL MAGALLANES,PROGRAMA,VIVIENDA Y DESARROLLO URBANO,DESARROLLO URBANO,EJECUCION,0,2020,MAGALLANES Y ANTARTICA,,F.N.D.R.,314974000.0,314.974,511969.7,1200.0,,Sin evaluación,False,SEREMI BIENES NACIONALES REGION DE MAGALLANES Y ANTARTICA CHILENA,False,2017,2020,314974000.0
30481662,30481662-0,"CONSERVACION DE COLECTORES DE AGUAS LLUVIAS 2018-2022, PUNTA ARENAS",PROYECTO,RECURSOS HIDRICOS,AGUAS LLUVIAS,EJECUCION,0,2021,,PUNTA ARENAS,SECTORIAL,3947773000.0,3947.773,,,,Sin evaluación,False,DIRECCION DE OBRAS HIDRAULICAS MOP REGION DE MAGALLANES Y ANTARTICA CHILENA,False,2018,2021,3947773000.0
30481688,30481688-0,CAPACITACION Y FOMENTO A LA AGROECOLOGIA Y PRODUCCION ORGANICA,PROGRAMA,RECURSOS NATURALES Y MEDIO AMBIENTE,SILVICULTURA,EJECUCION,0,2020,LOS LAGOS,,F.N.D.R.,516615000.0,516.615,839724.0,,,Sin evaluación,False,SEREMI AGRICULTURA REGION DE LOS LAGOS,False,2017,2020,516615000.0
30481726,30481726-0,CONSERVACION RIBERAS DE CAUCES NATURALES REGIÓN DE TARAPACÁ,PROYECTO,RECURSOS HIDRICOS,"DEFENSAS FLUVIALES,MARITIMAS Y CAUCES NATURALES",EJECUCION,0,2021,,,SECTORIAL,17605516000.0,17605.516,,5000.0,,Sin evaluación,False,DIRECCION DE OBRAS HIDRAULICAS MOP REGION DE TARAPACA,False,2017,2021,18754900000.0
30481771,30481771-0,CONSTRUCCION MUROS DE CONTENCIÓN FINAL SAN SEBASTIAN Y NORTE PLAYA BLANCA,PROYECTO,VIVIENDA Y DESARROLLO URBANO,DESARROLLO URBANO,EJECUCION,0,2022,,IQUIQUE,F.N.D.R.,402930000.0,402.93,,13093.0,RS,Recomendado (RS),True,MUNICIPALIDAD DE IQUIQUE,False,2017,2022,402930000.0
30481867,30481867-0,ADQUISICION EQUIPOS PARA RELLENO SANITARIO Y EMERGENCIAS,PROYECTO,RECURSOS NATURALES Y MEDIO AMBIENTE,MEDIO AMBIENTE,PERFIL,0,2017,,TOCOPILLA,F.N.D.R.,450000000.0,450.0,,27807.0,,Sin evaluación,False,MUNICIPALIDAD DE TOCOPILLA,False,2017,2017,450000000.0
30481926,30481926-0,CONSERVACION RIBERAS CAUCES NATURALES REGIÓN VALPARAÍSO 2018 - 2020,PROYECTO,RECURSOS HIDRICOS,"DEFENSAS FLUVIALES,MARITIMAS Y CAUCES NATURALES",EJECUCION,0,2021,VALPARAISO,,SECTORIAL,3594139000.0,3594.139,,200000.0,,Sin evaluación,False,DIRECCION DE OBRAS HIDRAULICAS MOP REGION DE VALPARAISO,False,2018,2021,4243609000.0
30481927,30481927-0,"CONSTRUCCION ÁREAS VERDES POBLACIÓN LA ARAUCANA, CONCEPCION",PROYECTO,VIVIENDA Y DESARROLLO URBANO,DESARROLLO URBANO,EJECUCION,0,2019,,CONCEPCION,F.N.D.R.,55572000.0,55.572,,9351.0,,Sin evaluación,False,MUNICIPALIDAD DE CONCEPCION,False,2017,2019,55572000.0
30481945,30481945-0,TRANSFERENCIA VALORIZACIÓN DE DESECHOS RECICLABLES,PROGRAMA,RECURSOS NATURALES Y MEDIO AMBIENTE,MEDIO AMBIENTE,EJECUCION,0,2021,L MAULE,,F.N.D.R.,212317000.0,212.317,305189.09,,,Sin evaluación,False,GOBIERNO REGIONAL - REGION DEL MAULE,False,2017,2021,213358000.0
30481994,30481994-0,MEJORAMIENTO ALUMBRADO PUBLICO TECNOLOGIA COMUN A LED PICA Y MATILLA,PROYECTO,ENERGIA,ALUMBRADO PUBLICO,EJECUCION,0,2020,,PICA (Prov. Tamarugal),F.N.D.R.,66129000.0,66.129,,6650.0,,Sin evaluación,False,MUNICIPALIDAD DE PICA,False,2018,2020,66129000.0
30482065,30482065-0,CONSTRUCCION BORDE COSTERO PARQUE URBANO CERRO LA VIRGEN TALTAL,PROYECTO,VIVIENDA Y DESARROLLO URBANO,DESARROLLO URBANO,EJECUCION,0,2018,ANTOFAGASTA,,SECTORIAL,3921176000.0,3921.176,,11982.0,RS,Recomendado (RS),True,SEREMI VIVIENDA REGION DE ANTOFAGASTA,False,2017,2018,4318869000.0
30482092,30482092-0,"MEJORAMIENTO AREA VERDE SECTOR YACHTING, COMUNA DE VILLARRICA",PROYECTO,VIVIENDA Y DESARROLLO URBANO,"BORDE COSTERO,PASEOS PEATONALES, PLAYAS",PERFIL,0,2018,,VILLARRICA,F.N.D.R.,15000000.0,15.0,,59518.0,,Sin evaluación,False,MUNICIPALIDAD DE VILLARRICA,False,2017,2018,15000000.0
30482557,30482557-0,ADQUISICION E INSTALACIÓN LUMINARIAS SOLARES LENCANBOLDO,PROYECTO,ENERGIA,ALUMBRADO PUBLICO,EJECUCION,0,2018,,CAÑETE,F.N.D.R.,59990000.0,59.99,,303.0,,Sin evaluación,False,MUNICIPALIDAD DE CAÑETE,False,2017,2018,59990000.0
30482584,30482584-0,"CONSTRUCCION AREA VERDE VILLA BUENOS AIRES, CHILLAN",PROYECTO,VIVIENDA Y DESARROLLO URBANO,DESARROLLO URBANO,EJECUCION,0,2019,,CHILLAN - REGION DE ÑUBLE,F.N.D.R.,57096000.0,57.096,,300.0,,Sin evaluación,False,MUNICIPALIDAD DE CHILLAN,False,2017,2019,57096000.0
30482592,30482592-0,"CONSTRUCCION PLAZA JUEGO INFANTIL Y ÁREAS VERDES POBL VILLA MAGISTERIO, CURANILAHUE",PROYECTO,VIVIENDA Y DESARROLLO URBANO,DESARROLLO URBANO,EJECUCION,0,2019,,CURANILAHUE,F.N.D.R.,26215000.0,26.215,,1075.0,,Sin evaluación,False,MUNICIPALIDAD DE CURANILAHUE,False,2017,2019,26981000.0
30482608,30482608-0,"CONSTRUCCION COLECTOR DE AGUAS LLUVIAS LOS TREBOLES, COMUNA DE EL BOSQUE",PROYECTO,RECURSOS HIDRICOS,AGUAS LLUVIAS,PERFIL,0,2023,,EL BOSQUE,F.N.D.R.,249924000.0,249.924,,10595.0,FI,Falta información (FI),False,MUNICIPALIDAD DE EL BOSQUE,False,2021,2023,249924000.0
30482609,30482609-0,"CONSTRUCCION COLECTOR DE AGUAS LLUVIAS CALLE E. BARRIOS, EL BOSQUE",PROYECTO,RECURSOS HIDRICOS,AGUAS LLUVIAS,PERFIL,0,2023,,EL BOSQUE,F.N.D.R.,293097000.0,293.097,,2136.0,FI,Falta información (FI),False,MUNICIPALIDAD DE EL BOSQUE,False,2021,2023,293097000.0
30482626,30482626-0,CONSERVACION COLECTOR AGUAS LLUVIAS GENERAL LAGOS,PROYECTO,RECURSOS HIDRICOS,AGUAS LLUVIAS,PERFIL,0,2017,,VALDIVIA - REGION XIV,SECTORIAL,150300000.0,150.3,,4000.0,,Sin evaluación,False,DIRECCION DE OBRAS HIDRAULICAS MOP REGION DE LOS RIOS,False,2017,2017,150300000.0
30482674,30482674-0,CAPACITACION EFICIENCIA ENERGÉTICA HOGARES DE LA REGIÓN DEL MAULE,PROGRAMA,ENERGIA,INTERSUBSECTORIAL ENERGIA,EJECUCION,0,2018,L MAULE,,F.N.D.R.,150940000.0,150.94,226198.5,,,Sin evaluación,False,GOBIERNO REGIONAL - REGION DEL MAULE,False,2017,2018,150940000.0
30482706,30482706-0,"CONSERVACION OBRAS DE CONTROL ALUVIONAL CERRO DIVISADERO, COYHAIQUE",PROYECTO,RECURSOS HIDRICOS,"DEFENSAS FLUVIALES,MARITIMAS Y CAUCES NATURALES",EJECUCION,0,2021,,COYHAIQUE,SECTORIAL,1495663000.0,1495.663,,50000.0,,Sin evaluación,False,DIRECCION DE OBRAS HIDRAULICAS MOP REGION DE AISEN DEL GENERAL CARLOS IBAÑEZ DEL,False,2017,2021,1495663000.0
30482769,30482769-0,CAPACITACION GESTIÓN HÍDRICA INTRAPREDIAL SISTEMAS AGROPECUARIOS ÁREA CANAL FAJA MAISAN,PROGRAMA,RECURSOS NATURALES Y MEDIO AMBIENTE,AGRICULTURA,PERFIL,0,2018,,PITRUFQUEN,F.N.D.R.,341250000.0,341.25,511396.84,200.0,FI,Falta información (FI),False,INSTITUTO DE INVESTIGACIONES AGROPEC. CARILLANCA,False,2018,2018,341250000.0
30482777,30482777-0,"MEJORAMIENTO AREAS VERDES ACCESO POBL. SOL DEL VALLE, CURANILAHUE",PROYECTO,VIVIENDA Y DESARROLLO URBANO,DESARROLLO URBANO,PERFIL,0,2017,,CURANILAHUE,F.N.D.R.,50383000.0,50.383,,600.0,,Sin evaluación,False,MUNICIPALIDAD DE CURANILAHUE,False,2017,2017,50383000.0
30482821,30482821-0,"MEJORAMIENTO AREA VERDE EL ROSARIO, SAN PEDRO DE LA PAZ.",PROYECTO,VIVIENDA Y DESARROLLO URBANO,DESARROLLO URBANO,EJECUCION,0,2021,,SAN PEDRO DE LA PAZ,F.N.D.R.,33228000.0,33.228,,413.0,,Sin evaluación,False,MUNICIPALIDAD DE SAN PEDRO DE LA PAZ,False,2017,2021,33228000.0
30482829,30482829-0,"MEJORAMIENTO AREAS VERDES VALLE LA PIEDRA, SAN PEDRO DE LA PAZ.",PROYECTO,VIVIENDA Y DESARROLLO URBANO,DESARROLLO URBANO,EJECUCION,0,2021,,SAN PEDRO DE LA PAZ,F.N.D.R.,51125000.0,51.125,,204.0,,Sin evaluación,False,MUNICIPALIDAD DE SAN PEDRO DE LA PAZ,False,2017,2021,51500000.0
30482830,30482830-0,MEJORAMIENTO AREA VERDE CALLE CENTRAL SAN PEDRO DE LA COSTA,PROYECTO,VIVIENDA Y DESARROLLO URBANO,DESARROLLO URBANO,EJECUCION,0,2019,,SAN PEDRO DE LA PAZ,F.N.D.R.,42711000.0,42.711,,,,Sin evaluación,False,MUNICIPALIDAD DE SAN PEDRO DE LA PAZ,False,2017,2019,48663000.0
30482839,30482839-0,REPOSICION ALUMBRADO PUBLICO CON TECNOLOGÍA LED COMUNA DE COLCHANE,PROYECTO,ENERGIA,ALUMBRADO PUBLICO,EJECUCION,0,2020,,COLCHANE(Prov. Tamarugal),F.N.D.R.,497100000.0,497.1,,1689.0,RS,Recomendado (RS),True,GOBIERNO REGIONAL - REGION DE TARAPACA,False,2017,2020,497306000.0
30482882,30482882-0,CONSTRUCCION SISTEMA DE ILUMINACIÓN ÁREA VERDE CENTINELA 2,PROYECTO,VIVIENDA Y DESARROLLO URBANO,DESARROLLO URBANO,EJECUCION,0,2019,,TALCAHUANO,F.N.D.R.,15129000.0,15.129,,1600.0,,Sin evaluación,False,MUNICIPALIDAD DE TALCAHUANO,False,2017,2019,16665000.0
30482888,30482888-0,CONSTRUCCION PAVIMENTO Y AREA VERDE VILLA BUENOS AIRES,PROYECTO,VIVIENDA Y DESARROLLO URBANO,DESARROLLO URBANO,PERFIL,0,2017,,CHILLAN - REGION DE ÑUBLE,F.N.D.R.,35000000.0,35.0,,800.0,,Sin evaluación,False,MUNICIPALIDAD DE CHILLAN,False,2017,2017,35000000.0
30482894,30482894-0,HABILITACION ILUMINACIÓN ÁREA VERDE PLAZA SANTA CECILIA,PROYECTO,VIVIENDA Y DESARROLLO URBANO,DESARROLLO URBANO,EJECUCION,0,2019,,TALCAHUANO,F.N.D.R.,20592000.0,20.592,,1188.0,,Sin evaluación,False,MUNICIPALIDAD DE TALCAHUANO,False,2017,2019,23562000.0
30483004,30483004-0,"CONSTRUCCION DE ALUMBRADO PEATONAL LED CALLE PEDRO EYHERAMENDY, LOS ALAMOS",PROYECTO,ENERGIA,ALUMBRADO PUBLICO,EJECUCION,0,2020,,LOS ALAMOS,F.N.D.R.,65055000.0,65.055,,21245.0,,Sin evaluación,False,MUNICIPALIDAD DE LOS ALAMOS,False,2017,2020,65055000.0
30483009,30483009-0,"CONSTRUCCION DE ALUMBRADO PEATONAL LED CALLE LUIS SAEZ MORA, LOS ALAMOS",PROYECTO,ENERGIA,ALUMBRADO PUBLICO,PERFIL,0,2020,,LOS ALAMOS,F.N.D.R.,63406000.0,63.406,,21245.0,,Sin evaluación,False,MUNICIPALIDAD DE LOS ALAMOS,False,2017,2020,63406000.0
30483025,30483025-0,"CONSTRUCCION DE ALUMBRADO PEATONAL LED, AV. D. PORTALES, CERRO ALTO, LOS ALAMOS",PROYECTO,ENERGIA,ALUMBRADO PUBLICO,EJECUCION,0,2020,,LOS ALAMOS,F.N.D.R.,63405000.0,63.405,,21245.0,,Sin evaluación,False,MUNICIPALIDAD DE LOS ALAMOS,False,2017,2020,63405000.0
30483026,30483026-0,"CONSTRUCCION LUMINARIAS LED VARIOS SECTORES RURALES,ALTO BIOBIO",PROYECTO,ENERGIA,ALUMBRADO PUBLICO,EJECUCION,0,2019,,ALTO BIO BIO,F.N.D.R.,123192000.0,123.192,,270.0,,Sin evaluación,False,MUNICIPALIDAD DE ALTO BIO BIO,False,2017,2019,123192000.0
30483028,30483028-0,"CONSTRUCCION ALUMB. PEAT. LED, CALLE J. PABLO II Y COLO COLO , C. ALTO, LOS",PROYECTO,ENERGIA,ALUMBRADO PUBLICO,PERFIL,0,2020,,LOS ALAMOS,F.N.D.R.,63406000.0,63.406,,21245.0,,Sin evaluación,False,MUNICIPALIDAD DE LOS ALAMOS,False,2017,2020,63406000.0
30483034,30483034-0,"CONSTRUCCION DE ALUMBRADO PEATONAL LED CALLE LOS FRUTILLARES G.MISTRAL, C. ALTO, LOS ALAMOS",PROYECTO,ENERGIA,ALUMBRADO PUBLICO,EJECUCION,0,2020,,LOS ALAMOS,F.N.D.R.,61560000.0,61.56,,21245.0,,Sin evaluación,False,MUNICIPALIDAD DE LOS ALAMOS,False,2017,2020,63407000.0
30483053,30483053-0,"CONSTRUCCION AREA VERDE CHOLGUÁN ESTACIÓN , COMUNA DE YUNGAY",PROYECTO,VIVIENDA Y DESARROLLO URBANO,DESARROLLO URBANO,PERFIL,0,2019,,YUNGAY - REGION DE ÑUBLE,F.N.D.R.,49997000.0,49.997,,235.0,,Sin evaluación,False,MUNICIPALIDAD DE YUNGAY,False,2017,2019,49997000.0
30483165,30483165-0,"MEJORAMIENTO MIRADOR Y ÁREA VERDE PASAJE WERNER, TOMÉ",PROYECTO,VIVIENDA Y DESARROLLO URBANO,DESARROLLO URBANO,PERFIL,0,2020,,TOME,F.N.D.R.,35596000.0,35.596,,6513.0,,Sin evaluación,False,MUNICIPALIDAD DE TOME,False,2017,2020,35596000.0
30483171,30483171-0,"CONSTRUCCION LUMINARIAS LED DIVERSOS SECTORES, SAN FABIAN",PROYECTO,ENERGIA,ALUMBRADO PUBLICO,PERFIL,0,2019,,SAN FABIAN - REGION DE ÑUBLE,F.N.D.R.,28931000.0,28.931,,972.0,,Sin evaluación,False,MUNICIPALIDAD DE SAN FABIAN,False,2017,2019,28931000.0
30483172,30483172-0,"CONSTRUCCION DE POSTES SOLARES, LOS TORONJILES",PROYECTO,ENERGIA,ALUMBRADO PUBLICO,PERFIL,0,2019,,SAN FABIAN - REGION DE ÑUBLE,F.N.D.R.,59597000.0,59.597,,88.0,,Sin evaluación,False,MUNICIPALIDAD DE SAN FABIAN,False,2017,2019,59597000.0
30483258,30483258-0,ADQUISICION SISTEMAS FOTOVOLTAICOS COMUNA ROMERAL,PROYECTO,ENERGIA,AUTOGENERACION,EJECUCION,0,2021,,ROMERAL,F.N.D.R.,50351000.0,50.351,,15351.0,,Sin evaluación,False,MUNICIPALIDAD DE ROMERAL,False,2018,2021,50351000.0
30483316,30483316-0,CONSTRUCCION DESVIOS FERROVIARIOS ESTACION LAS BLANCAS-ANGLOAMERICAN,PROYECTO,TRANSPORTE,TRANSPORTE FERROVIARIO,EJECUCION,0,2019,,,EMPRESA,1331323000.0,1331.323,,22000.0,RS,Recomendado (RS),True,EMPRESA DE FERROCARRILES DEL ESTADO,False,2017,2019,1331323000.0
30483334,30483334-0,ADQUISICION DE MAQUINARIA PARA LA OPERACIÓN DEL VERTEDERO DE POPETA - MELIPILLA,PROYECTO,RECURSOS NATURALES Y MEDIO AMBIENTE,MEDIO AMBIENTE,PERFIL,0,2017,,MELIPILLA,F.N.D.R.,227460000.0,227.46,,143664.0,,Sin evaluación,False,MUNICIPALIDAD DE MELIPILLA,False,2017,2017,227460000.0
30483435,30483435-0,"REPOSICION DE ÁREA VERDE PLAZA LAS TRES AMÉRICAS, SAN RAMÓN",PROYECTO,VIVIENDA Y DESARROLLO URBANO,DESARROLLO URBANO,EJECUCION,0,2025,,SAN RAMON,SECTORIAL,951728000.0,951.728,,10292.0,RS,Recomendado (RS),True,MUNICIPALIDAD DE SAN RAMON,False,2018,2025,951728000.0
30483438,30483438-0,CONSTRUCCION ESTACION DE TRANSFERENCIA DE RESIDUOS SOLIDOS COMUNA DE CABILDO,PROYECTO,RECURSOS NATURALES Y MEDIO AMBIENTE,MEDIO AMBIENTE,DISEÑO,0,2020,,CABILDO,F.N.D.R.,148000000.0,148.0,,21385.0,RS,Recomendado (RS),True,MUNICIPALIDAD DE CABILDO,False,2017,2020,152955000.0
30483443,30483443-0,"ADQUISICION DE LUMINARIAS SOLARES PEATONALES PARA DIVERSOS SECTORES, COMUNA DE BUIN",PROYECTO,ENERGIA,ALUMBRADO PUBLICO,PERFIL,0,2019,,BUIN,F.N.D.R.,196912000.0,196.912,,83211.0,,Sin evaluación,False,MUNICIPALIDAD DE BUIN,False,2017,2019,196912000.0
30483486,30483486-0,ADQUISICION SISTEMAS FOTOVOLTAICOS COMUNA DE SAGRADA FAMILIA,PROYECTO,ENERGIA,AUTOGENERACION,PERFIL,0,2018,,SAGRADA FAMILIA,F.N.D.R.,31353000.0,31.353,,19655.0,,Sin evaluación,False,MUNICIPALIDAD DE SAGRADA FAMILIA,False,2017,2018,31353000.0
30483502,30483502-0,CONSERVACION MUROS DE CONTENCIÓN SECTOR SANTA OLGA CONSTITUCION,PROYECTO,VIVIENDA Y DESARROLLO URBANO,SOLUCION HABITACIONAL PARCIAL O COMPLEMENTARIA,EJECUCION,0,2020,,CONSTITUCION,SECTORIAL,5620370000.0,5620.37,,950.0,,Sin evaluación,False,SERVICIO VIVIENDA Y URBANIZACION REGION DEL MAULE,False,2017,2020,5620370000.0
30483817,30483817-0,CONSERVACION CONTROL ALUVIONAL ZONA ALTA SALAMANCA,PROYECTO,RECURSOS HIDRICOS,"DEFENSAS FLUVIALES,MARITIMAS Y CAUCES NATURALES",EJECUCION,0,2017,,SALAMANCA,SECTORIAL,100400000.0,100.4,,1264.0,,Sin evaluación,False,DIRECCION DE OBRAS HIDRAULICAS MOP REGION DE COQUIMBO,False,2017,2017,100400000.0
30483845,30483845-0,ADQUISICION SISTEMA FOTOVOLTAICO COMUNA CONSTITUCIÓN,PROYECTO,ENERGIA,AUTOGENERACION,PERFIL,0,2018,,CONSTITUCION,F.N.D.R.,20394000.0,20.394,,51031.0,,Sin evaluación,False,MUNICIPALIDAD DE CONSTITUCION,False,2017,2018,20394000.0
30483873,30483873-0,MEJORAMIENTO TERMINAL INTERMODAL BARRANCAS,PROYECTO,TRANSPORTE,TRANSPORTE FERROVIARIO,EJECUCION,0,2021,,SAN ANTONIO,EMPRESA,10273123000.0,10273.123,,96764.0,RS,Recomendado (RS),True,EMPRESA DE FERROCARRILES DEL ESTADO,False,2017,2021,10273123000.0
30483930,30483930-0,CONSERVACION MURO DE CONTENCIÓN CURVA LOS MAYO - AV ESPAÑA VIÑA DEL MAR,PROYECTO,VIVIENDA Y DESARROLLO URBANO,DESARROLLO URBANO,EJECUCION,0,2017,VALPARAISO,,SECTORIAL,401000000.0,401.0,,850000.0,,Sin evaluación,False,SERVICIO VIVIENDA Y URBANIZACION REGION DE VALPARAISO,False,2017,2017,401000000.0
30483932,30483932-0,REPOSICION SISTEMA DE DRENAJES AERÓDROMO DE ZAPAHUIRA REGIÓN DE ARICA Y PARINACOTA,PROYECTO,TRANSPORTE,TRANSPORTE AEREO,PERFIL,0,2022,ARICA Y PARINACOTA,,SECTORIAL,1057759000.0,1057.759,,10000.0,OT,Objetado técnicamente (OT),False,AEROPUERTOS MOP REGION DE ARICA Y PARINACOTA,False,2022,2022,1057759000.0
30483975,30483975-0,"CONSTRUCCION CICLOVIA EJE LOS LAURELES, ENTRE LOS MIMBRES/LOS TINEOS",PROYECTO,TRANSPORTE,"TRANSPORTE URBANO,VIALIDAD PEATONAL",EJECUCION,0,2017,,LA UNION - REGION XIV,SECTORIAL,119940000.0,119.94,,25615.0,RS,Recomendado (RS),True,SEREMI VIVIENDA REGION DE LOS RIOS,False,2017,2017,119940000.0
30484054,30484054-0,"MEJORAMIENTO 3 ÁREAS VERDES POBLACIÓN CHAPARRO, PUNTA ARENAS",PROYECTO,VIVIENDA Y DESARROLLO URBANO,DESARROLLO URBANO,PERFIL,0,2018,,PUNTA ARENAS,F.N.D.R.,179775000.0,179.775,,3275.0,FI,Falta información (FI),False,MUNICIPALIDAD DE PUNTA ARENAS,False,2018,2018,179775000.0
30484167,30484167-0,CONSTRUCCION PARQUE URBANO DEL ENCUENTRO COMUNITARIO PUNITAQUI,PROYECTO,VIVIENDA Y DESARROLLO URBANO,DESARROLLO URBANO,EJECUCION,0,2019,,PUNITAQUI,SECTORIAL,42587000.0,42.587,,1615.0,RS,Recomendado (RS),True,MUNICIPALIDAD DE PUNITAQUI,False,2017,2019,45425000.0
30484173,30484173-0,CONSTRUCCION ESTACIÓN DE INTERCAMBIO MODAL LOS LIBERTADORES METRO S.A.,PROYECTO,TRANSPORTE,"TRANSPORTE URBANO,VIALIDAD PEATONAL",EJECUCION,0,2019,,QUILICURA,EMPRESA,1619416000.0,1619.416,,16682458.0,RS,Recomendado (RS),True,METRO S.A.,False,2017,2019,3266748000.0
30484192,30484192-0,"REPOSICION DE SISTEMA DE EVACUACIÒN Y DRENAJE DE AGUAS LLUVIAS TOCOPILLA,COMUNA DE OVALLE",PROYECTO,RECURSOS HIDRICOS,AGUAS LLUVIAS,PERFIL,0,2020,,OVALLE,F.N.D.R.,1207067000.0,1207.067,,123239.0,OT,Objetado técnicamente (OT),False,MUNICIPALIDAD DE OVALLE,False,2017,2020,1207067000.0
30484235,30484235-0,"MEJORAMIENTO DE ACERAS Y ÁREAS VERDES CALLE IGNACIO CARRERA PINTO, SECTOR GUACOLDA. TRAIGUÉN",PROYECTO,VIVIENDA Y DESARROLLO URBANO,"BORDE COSTERO,PASEOS PEATONALES, PLAYAS",EJECUCION,0,2020,,TRAIGUEN,F.N.D.R.,92000000.0,92.0,,19534.0,,Sin evaluación,False,MUNICIPALIDAD DE TRAIGUEN,False,2017,2020,92000000.0
30484306,30484306-0,"MEJORAMIENTO ESTANDAR URBANO AREAS VERDES BARRIO CARDENAL RAUL SILVA HENRIQUEZ, NATALES",PROYECTO,VIVIENDA Y DESARROLLO URBANO,DESARROLLO URBANO,EJECUCION,0,2020,,NATALES,F.N.D.R.,1345845000.0,1345.845,,1535.0,RS,Recomendado (RS),True,SEREMI VIVIENDA REGION DE MAGALLANES Y ANTARTICA CHILENA,False,2017,2020,1345845000.0
30484328,30484328-0,CONSTRUCCION ESTACIONAMIENTO PARA BICICLETA DISTINTOS SECTORES IQUIQUE ALTO HOSPICIO,PROYECTO,TRANSPORTE,ADMINISTRACION TRANSPORTE,PERFIL,0,2017,,,F.N.D.R.,319226000.0,319.226,,267887.0,FI,Falta información (FI),False,GOBIERNO REGIONAL - REGION DE TARAPACA,False,2017,2017,319226000.0
30484361,30484361-0,"MEJORAMIENTO EV. AGUAS LLUVIAS AVDA. FRANCISCO ENCINA, LOS ANGELES",PROYECTO,RECURSOS HIDRICOS,AGUAS LLUVIAS,EJECUCION,0,2020,,LOS ANGELES,SECTORIAL,272039000.0,272.039,,17768.0,RS,Recomendado (RS),True,SEREMI VIVIENDA REGION DEL BIO BIO,False,2018,2020,272039000.0
30484381,30484381-0,CONSERVACION DE SISTEMAS DE AGUAS LLUVIAS REGIÓN DE LOS RIOS,PROYECTO,RECURSOS HIDRICOS,AGUAS LLUVIAS,EJECUCION,0,2019,LOS RIOS,,SECTORIAL,306653000.0,306.653,,110000.0,,Sin evaluación,False,SEREMI VIVIENDA REGION DE LOS RIOS,False,2018,2019,328320000.0
30484402,30484402-0,CONSTRUCCION CICLOVIAS URBANAS DE CHILLAN,PROYECTO,TRANSPORTE,"TRANSPORTE URBANO,VIALIDAD PEATONAL",EJECUCION,0,2022,,CHILLAN - REGION DE ÑUBLE,SECTORIAL,5755131000.0,5755.131,,184037.0,RS,Recomendado (RS),True,SEREMI VIVIENDA REGION DE ÑUBLE,False,2018,2022,5755131000.0
30484410,30484410-0,CONSTRUCCION CICLOVIAS DE CHIGUAYANTE,PROYECTO,TRANSPORTE,"TRANSPORTE URBANO,VIALIDAD PEATONAL",EJECUCION,0,2021,,CHIGUAYANTE,SECTORIAL,1178821000.0,1178.821,,81302.0,RS,Recomendado (RS),True,SEREMI VIVIENDA REGION DEL BIO BIO,False,2018,2021,1178821000.0
30484411,30484411-0,CONSTRUCCION CICLOVIA CAMINO LENGA DE HUALPÉN,PROYECTO,TRANSPORTE,"TRANSPORTE URBANO,VIALIDAD PEATONAL",DISEÑO,0,2025,,HUALPEN,SECTORIAL,56676000.0,56.676,,250348.0,RS,Recomendado (RS),True,SEREMI VIVIENDA REGION DEL BIO BIO,False,2021,2025,56676000.0
30484503,30484503-0,CONSTRUCCION MUROS DE CONTENCIÓN VIVIENDAS SECTOR FARELLÓN COSTERO COMUNA IQUIQUE,PROYECTO,VIVIENDA Y DESARROLLO URBANO,SOLUCION HABITACIONAL PARCIAL O COMPLEMENTARIA,EJECUCION,0,2022,,IQUIQUE,SECTORIAL,2978239000.0,2978.239,,336.0,RS,Recomendado (RS),True,SEREMI VIVIENDA REGION DE TARAPACA,False,2019,2022,2978239000.0
30484507,30484507-0,CONSTRUCCION MUROS DE CONTENCION VARIOS SECTORES COMUNA ALTO HOSPICIO,PROYECTO,VIVIENDA Y DESARROLLO URBANO,SOLUCION HABITACIONAL PARCIAL O COMPLEMENTARIA,DISEÑO,0,2022,,ALTO HOSPICIO,SECTORIAL,67009000.0,67.009,,120000.0,RS,Recomendado (RS),True,SERVICIO VIVIENDA Y URBANIZACION REGION DE TARAPACA,False,2019,2022,80350000.0
30484533,30484533-0,MEJORAMIENTO RED AGUAS LLUVIAS SECTOR PARQUE CENTRAL HUALPEN,PROYECTO,RECURSOS HIDRICOS,AGUAS LLUVIAS,DISEÑO,0,2024,,HUALPEN,SECTORIAL,1049336000.0,1049.336,,6384.0,RS,Recomendado (RS),True,SEREMI VIVIENDA REGION DEL BIO BIO,False,2018,2024,1049336000.0
30484541,30484541-0,CONSERVACION ALCANTARILLADO Y AGUA POTABLE PARQUE METROPOLITANO DE SANTIAGO,PROYECTO,VIVIENDA Y DESARROLLO URBANO,DESARROLLO URBANO,PERFIL,0,2018,METROPOLITANA DE SANTIAGO,,SECTORIAL,2376442000.0,2376.442,,5000000.0,,Sin evaluación,False,PARQUE METROPOLITANO,False,2018,2018,2376442000.0
30484587,30484587-0,CONSTRUCCION MUROS DE CONTENCIÓN POBLACIÓN SANTIAGO VERA CARTES-COYHA,PROYECTO,VIVIENDA Y DESARROLLO URBANO,VIVIENDA DEFINITIVA,EJECUCION,0,2020,,COYHAIQUE,SECTORIAL,145261000.0,145.261,,148.0,RS,Recomendado (RS),True,SEREMI VIVIENDA REGION DE AISEN DEL GENERAL CARLOS IBAÑEZ DEL CAMPO,False,2018,2020,145261000.0
30484590,30484590-0,CONSERVACION DE RIBERAS DE CAUCES NATURALES REGIÓN DE TARAPACÁ,PROYECTO,RECURSOS HIDRICOS,"DEFENSAS FLUVIALES,MARITIMAS Y CAUCES NATURALES",PERFIL,0,2017,,CAMIÑA (Prov. Tamarugal),F.N.D.R.,1313665000.0,1313.665,,5000.0,,Sin evaluación,False,DIRECCION DE OBRAS HIDRAULICAS MOP,False,2017,2017,1313665000.0
30484605,30484605-0,"CONSTRUCCION CICLOVIAS Y GESTION TRANSITO ETAPA 2, LA CALERA",PROYECTO,TRANSPORTE,"TRANSPORTE URBANO,VIALIDAD PEATONAL",PERFIL,0,2025,,LA CALERA,SECTORIAL,252637000.0,252.637,,50000.0,RS,Recomendado (RS),True,SEREMI VIVIENDA REGION DE VALPARAISO,False,2018,2025,252637000.0
30484639,30484639-0,CONSTRUCCION MUROS DE CONTENCIÓN DIVERSOS SECTORES DE COYHAIQUE,PROYECTO,VIVIENDA Y DESARROLLO URBANO,VIVIENDA DEFINITIVA,EJECUCION,0,2022,,COYHAIQUE,SECTORIAL,484145000.0,484.145,,217.0,RS,Recomendado (RS),True,SEREMI VIVIENDA REGION DE AISEN DEL GENERAL CARLOS IBAÑEZ DEL CAMPO,False,2020,2022,484145000.0
30484657,30484657-0,"MEJORAMIENTO SIST DE AGUAS LLUVIAS VILLA TODOS LOS SANTOS, LOS ANGELES",PROYECTO,RECURSOS HIDRICOS,AGUAS LLUVIAS,DISEÑO,0,2020,,LOS ANGELES,SECTORIAL,17921000.0,17.921,,4739.0,RS,Recomendado (RS),True,SEREMI VIVIENDA REGION DEL BIO BIO,False,2018,2020,20596000.0
30484658,30484658-0,"CONSERVACION RED SECUNDARIA DE AGUAS LLUVIAS, COYHAIQUE",PROYECTO,RECURSOS HIDRICOS,AGUAS LLUVIAS,PERFIL,0,2018,,COYHAIQUE,SECTORIAL,533520000.0,533.52,,50000.0,,Sin evaluación,False,SEREMI VIVIENDA REGION DE AISEN DEL GENERAL CARLOS IBAÑEZ DEL CAMPO,False,2018,2018,533520000.0
30484659,30484659-0,"CONSERVACION RED SECUNDARIA DE AGUAS LLUVIAS, PUERTO AYSEN",PROYECTO,RECURSOS HIDRICOS,AGUAS LLUVIAS,PERFIL,0,2018,,AYSEN,SECTORIAL,287280000.0,287.28,,30000.0,,Sin evaluación,False,SEREMI VIVIENDA REGION DE AISEN DEL GENERAL CARLOS IBAÑEZ DEL CAMPO,False,2018,2018,287280000.0
30484683,30484683-0,"REPOSICION CAMION R. DE BASURA, TRACTOR, CARGADOR FRONTAL Y COLOSO",PROYECTO,RECURSOS NATURALES Y MEDIO AMBIENTE,MEDIO AMBIENTE,PERFIL,0,2019,,MARCHIGUE,F.N.D.R.,152033000.0,152.033,,5000.0,,Sin evaluación,False,MUNICIPALIDAD DE MARCHIGUE,False,2018,2019,152033000.0
30484726,30484726-0,REPOSICION CAMIÓN RECOLECTOR DE BASURA COMUNA DE QUINCHAO,PROYECTO,RECURSOS NATURALES Y MEDIO AMBIENTE,MEDIO AMBIENTE,PERFIL,0,2019,,QUINCHAO,F.N.D.R.,111432000.0,111.432,,7761.0,,Sin evaluación,False,MUNICIPALIDAD DE QUINCHAO,False,2018,2019,111432000.0
30484757,30484757-0,REPARACION PUENTES ZONA CENTRO-SUR,PROYECTO,TRANSPORTE,TRANSPORTE FERROVIARIO,EJECUCION,0,2021,,,EMPRESA,4501933000.0,4501.933,,2000000.0,RS,Recomendado (RS),True,EMPRESA DE FERROCARRILES DEL ESTADO,False,2017,2021,4501933000.0
30484770,30484770-0,"REPOSICION CAMION RECOLECTOR DE BASURA, COMUNA DE MARCHIGÜE.",PROYECTO,RECURSOS NATURALES Y MEDIO AMBIENTE,MEDIO AMBIENTE,PERFIL,0,2018,,MARCHIGUE,F.N.D.R.,98286000.0,98.286,,5000.0,,Sin evaluación,False,MUNICIPALIDAD DE MARCHIGUE,False,2018,2018,98286000.0
30484904,30484904-0,CONSTRUCCION CICLOVIA RUTA I-870 E I-890 SECTOR CUESTA LO GONZALEZ CHIMBARONGO,PROYECTO,TRANSPORTE,TRANSPORTE CAMINERO,EJECUCION,0,2023,,CHIMBARONGO,SECTORIAL,3556579000.0,3556.579,,0.0,RS,Recomendado (RS),True,VIALIDAD MOP REGION DEL LIBERTADOR GENERAL BERNARDO O'HIGGINS,False,2020,2023,3556579000.0
30484930,30484930-0,"CONSERVACION RED SECUNDARIA DE AGUAS LLUVIAS, MELINKA",PROYECTO,RECURSOS HIDRICOS,AGUAS LLUVIAS,EJECUCION,0,2020,,GUAITECAS,SECTORIAL,389892000.0,389.892,,6938.0,,Sin evaluación,False,SEREMI VIVIENDA REGION DE AISEN DEL GENERAL CARLOS IBAÑEZ DEL CAMPO,False,2018,2020,389892000.0
30484956,30484956-0,CONSTRUCCION PARQUE URBANO DE COCHRANE,PROYECTO,VIVIENDA Y DESARROLLO URBANO,DESARROLLO URBANO,PERFIL,0,2024,,COCHRANE,SECTORIAL,2957685000.0,2957.685,,4001.0,RS,Recomendado (RS),True,SEREMI VIVIENDA REGION DE AISEN DEL GENERAL CARLOS IBAÑEZ DEL CAMPO,False,2022,2024,2957685000.0
30485064,30485064-0,"ADQUISICION 4 CAMIONES RECOLECTORES DE RSD, VILLA ALEMANA",PROYECTO,RECURSOS NATURALES Y MEDIO AMBIENTE,MEDIO AMBIENTE,PERFIL,0,2017,,VILLA ALEMANA,F.N.D.R.,453033000.0,453.033,,145139.0,,Sin evaluación,False,MUNICIPALIDAD DE VILLA ALEMANA,False,2017,2017,453033000.0
30485123,30485123-0,CAPACITACION VALORIZACION DE LA OFERTA GENETICA REGIONAL,PROGRAMA,RECURSOS NATURALES Y MEDIO AMBIENTE,PECUARIO,PERFIL,0,2018,LOS LAGOS,,F.N.D.R.,420660000.0,420.66,630400.58,400.0,,Sin evaluación,False,SEREMI AGRICULTURA REGION DE LOS LAGOS,False,2018,2018,420660000.0
30485193,30485193-0,"CONSTRUCCION AREAS VERDES AVENIDA ARTURO PRAT, COMUNA DE PICHIDEGUA",PROYECTO,VIVIENDA Y DESARROLLO URBANO,"BORDE COSTERO,PASEOS PEATONALES, PLAYAS",PERFIL,0,2019,,PICHIDEGUA,F.N.D.R.,82610000.0,82.61,,17756.0,,Sin evaluación,False,MUNICIPALIDAD DE PICHIDEGUA,False,2018,2019,82610000.0
30485218,30485218-0,TRANSFERENCIA SISTEMA DE INCENTIVO PARA LA SUSTENTABILIDAD,PROGRAMA,RECURSOS NATURALES Y MEDIO AMBIENTE,AGRICULTURA,EJECUCION,0,2020,L LIBERTADOR GENERAL,,F.N.D.R.,1641156000.0,1641.156,2667592.08,203.0,,Sin evaluación,False,SERVICIO AGRICOLA GANADERO REGION DEL LIBERTADOR GENERAL BERNARDO O'HIGGINS,False,2019,2020,1641156000.0
30485242,30485242-0,"TRANSFERENCIA PRODUCCION LEÑA SECA EN PEQUEÑOS PRODUCTORES USUARIOS DE INDAP, PROV PALENA",PROGRAMA,RECURSOS NATURALES Y MEDIO AMBIENTE,SILVICULTURA,PERFIL,0,2018,,,F.N.D.R.,305132000.0,305.132,457270.45,100.0,,Sin evaluación,False,INSTITUTO DESARROLLO AGROPECUARIO REGION DE LOS LAGOS,False,2018,2018,305132000.0
30485253,30485253-0,"CAPACITACION PILOTO EN VALORIZACION DE RESIDUOS, COMUNA IQUIQUE",PROGRAMA,RECURSOS NATURALES Y MEDIO AMBIENTE,MEDIO AMBIENTE,PERFIL,0,2018,,IQUIQUE,F.N.D.R.,416535000.0,416.535,624218.86,200897.0,OT,Objetado técnicamente (OT),False,GOBIERNO REGIONAL - REGION DE TARAPACA,False,2017,2018,435660000.0
30485295,30485295-0,"MEJORAMIENTO PLAZAS Y AREAS VERDES POBLACION BELLO HORIZONTE VENTANAS, PUCHUNCAVI",PROYECTO,VIVIENDA Y DESARROLLO URBANO,DESARROLLO URBANO,EJECUCION,0,2021,,PUCHUNCAVI,SECTORIAL,445673000.0,445.673,,4584.0,RS,Recomendado (RS),True,SEREMI VIVIENDA REGION DE VALPARAISO,False,2018,2021,445673000.0
30485297,30485297-0,"CONSTRUCCION AREAS VERDES EN AVDA OLEGARIO HENRIQUEZ, SAN ANTONIO",PROYECTO,VIVIENDA Y DESARROLLO URBANO,DESARROLLO URBANO,PERFIL,0,2021,,SAN ANTONIO,SECTORIAL,60200000.0,60.2,,16457.0,FI,Falta información (FI),False,SEREMI VIVIENDA REGION DE VALPARAISO,False,2018,2021,60200000.0
30485300,30485300-0,"CONSTRUCCION PARQUE PLAYAS BLANCAS, EL TABO",PROYECTO,VIVIENDA Y DESARROLLO URBANO,DESARROLLO URBANO,PERFIL,0,2024,,EL TABO,F.N.D.R.,69322000.0,69.322,,2094.0,RS,Recomendado (RS),True,SEREMI VIVIENDA REGION DE VALPARAISO,False,2018,2024,69322000.0
30485330,30485330-0,"NORMALIZACION DE VÍAS PRIORITARIAS DE TRANSPORTE PÚBLICO, PROVINCIA CONCEPCIÓN",PROYECTO,TRANSPORTE,"TRANSPORTE URBANO,VIALIDAD PEATONAL",EJECUCION,0,2021,,,SECTORIAL,2670528000.0,2670.528,,264216.0,RS,Recomendado (RS),True,SUBSECRETARIA DE TRANSPORTES,False,2018,2021,2729389000.0
30485351,30485351-0,CONSERVACION SISTEMA DE AGUAS LLUVIAS RANCAGUA - MACHALI,PROYECTO,VIVIENDA Y DESARROLLO URBANO,DESARROLLO URBANO,EJECUCION,0,2020,L LIBERTADOR GENERAL,,SECTORIAL,297470000.0,297.47,,242972.0,,Sin evaluación,False,SEREMI VIVIENDA REGION DEL LIBERTADOR GENERAL BERNARDO O'HIGGINS,False,2018,2020,1743682000.0
30485444,30485444-0,"REPOSICION ILUMINACION LED CON EFICIENCIA ENERGETICA, COMUNA DE LA CRUZ",PROYECTO,ENERGIA,ALUMBRADO PUBLICO,PERFIL,0,2019,,LA CRUZ,F.N.D.R.,6341000.0,6.341,,12851.0,RS,Recomendado (RS),True,MUNICIPALIDAD DE LA CRUZ,False,2017,2019,6341000.0
30485493,30485493-0,ADQUISICION DE CAMIÓN Y TOLVAS PARA TRASLADO DE RESIDUOS SÓLIDOS TORTEL,PROYECTO,RECURSOS NATURALES Y MEDIO AMBIENTE,MEDIO AMBIENTE,EJECUCION,0,2018,,TORTEL,F.N.D.R.,151824000.0,151.824,,546.0,,Sin evaluación,False,GOBIERNO REGIONAL - REGION DE AISEN DEL GENERAL CARLOS IBAÑEZ DEL CAMPO,False,2017,2018,151824000.0
30485534,30485534-0,TRANSFERENCIA PROGRAMA DE DOMESTICACIÓN Y DESARROLLO DE FRUTALES NATIVOS Y NATURALIZADOS,PROGRAMA,RECURSOS NATURALES Y MEDIO AMBIENTE,AGRICULTURA,PERFIL,0,2017,LOS RIOS,,F.N.D.R.,300000000.0,300.0,424124.18,,,Sin evaluación,False,SEREMI AGRICULTURA REGION DE LOS RIOS,False,2017,2017,300000000.0
30485645,30485645-0,"HABILITACION NUEVA FUENTE SISTEMA APR MARCHIGUE, MARCHIGUE",PROYECTO,RECURSOS HIDRICOS,AGUA POTABLE,EJECUCION,0,2019,,MARCHIGUE,SECTORIAL,283815000.0,283.815,,4424.0,,Sin evaluación,False,DIRECCION DE OBRAS HIDRAULICAS MOP REGION DEL LIBERTADOR GENERAL BERNARDO O'HIGGINS,False,2017,2019,283815000.0
30485646,30485646-0,"CONSTRUCCION SISTEMA DE ALCANTARILLADO SECTOR QUEBRADA DE ALVARADO, OLMUÉ",PROYECTO,RECURSOS HIDRICOS,EVACUACION DISPOSICION FINAL AGUAS SERVIDAS,PREFACTIBILIDAD,0,2020,,OLMUE,F.N.D.R.,384779000.0,384.779,,3243.0,OT,Objetado técnicamente (OT),False,MUNICIPALIDAD DE OLMUE,False,2017,2020,384779000.0
30485671,30485671-0,"REPOSICION LUMINARIAS LED DIVERSOS SECTORES, RANCAGUA",PROYECTO,ENERGIA,ALUMBRADO PUBLICO,PERFIL,0,2020,,RANCAGUA,F.N.D.R.,5315057000.0,5315.057,,257000.0,,Sin evaluación,False,MUNICIPALIDAD DE RANCAGUA,False,2019,2020,5315057000.0
30485799,30485799-0,CONSERVACION Y OPERACIÓN SISTEMAS DE AGUAS LLUVIAS RM. 2018-2022,PROYECTO,RECURSOS HIDRICOS,AGUAS LLUVIAS,PERFIL,0,2018,METROPOLITANA DE SANTIAGO,,SECTORIAL,4982503000.0,4982.503,,1730000.0,,Sin evaluación,False,DIRECCION DE OBRAS HIDRAULICAS MOP,False,2018,2018,4982503000.0
30485804,30485804-0,CONSERVACION RED PRIMARIA AGUAS LLUVIAS REG. DE COQUIMBO (2018-2022),PROYECTO,RECURSOS HIDRICOS,AGUAS LLUVIAS,EJECUCION,0,2021,COQUIMBO,,SECTORIAL,1989187000.0,1989.187,,45040.0,,Sin evaluación,False,DIRECCION DE OBRAS HIDRAULICAS MOP,False,2018,2021,1995796000.0
30485810,30485810-0,CONSERVACION DE RIBERAS IV REGIÓN (2018 - 2022),PROYECTO,RECURSOS HIDRICOS,"DEFENSAS FLUVIALES,MARITIMAS Y CAUCES NATURALES",EJECUCION,0,2022,COQUIMBO,,SECTORIAL,4556034000.0,4556.034,,1500.0,,Sin evaluación,False,DIRECCION DE OBRAS HIDRAULICAS MOP,False,2018,2022,4963675000.0
30485825,30485825-0,CONSERVACION DE RIBERAS DE CAUCES NATURALES REG. METROPOLITANA (2018-2022),PROYECTO,RECURSOS HIDRICOS,"DEFENSAS FLUVIALES,MARITIMAS Y CAUCES NATURALES",EJECUCION,0,2021,METROPOLITANA DE SANTIAGO,,SECTORIAL,8134571000.0,8134.571,,,,Sin evaluación,False,DIRECCION DE OBRAS HIDRAULICAS MOP,False,2018,2021,9086953000.0
30485881,30485881-0,"CONSTRUCCION SISTEMA FOTOVOLTAICO EN 6 SEDES, COMUNA DE CAMARONES",PROYECTO,ENERGIA,AUTOGENERACION,PERFIL,0,2018,,CAMARONES - REGION XV,F.N.D.R.,94811000.0,94.811,,109.0,,Sin evaluación,False,MUNICIPALIDAD DE CAMARONES REGION DE ARICA Y PARINACOTA,False,2017,2018,94811000.0
30485889,30485889-0,"CONSERVACION DE RIBERAS DE CAUCES NATURALES CHILE CHICO, XI REGIÓN",PROYECTO,RECURSOS HIDRICOS,"DEFENSAS FLUVIALES,MARITIMAS Y CAUCES NATURALES",EJECUCION,0,2018,AISEN DEL GENERAL CARLOS,,SECTORIAL,2770804000.0,2770.804,,180.0,,Sin evaluación,False,DIRECCION DE OBRAS HIDRAULICAS MOP,False,2017,2018,2770804000.0
30486162,30486162-0,REPOSICION REFUGIO PEATONAL Y ÁREA VERDE CESFAM EL MAITÉN,PROYECTO,VIVIENDA Y DESARROLLO URBANO,DESARROLLO URBANO,PERFIL,0,2018,,LA UNION - REGION XIV,F.N.D.R.,56680000.0,56.68,,1500.0,,Sin evaluación,False,MUNICIPALIDAD DE LA UNION REGION DE LOS RIOS,False,2018,2018,56680000.0
30486242,30486242-0,"CONSTRUCCION PROTECCION COSTERA Y OBRAS URBANAS AVENIDA PERU, VIÑA DEL MAR",PROYECTO,VIVIENDA Y DESARROLLO URBANO,"BORDE COSTERO,PASEOS PEATONALES, PLAYAS",PERFIL,0,2018,,VIÑA DEL MAR,SECTORIAL,272773000.0,272.773,,310000.0,OT,Objetado técnicamente (OT),False,OBRAS PORTUARIAS MOP REGION DE VALPARAISO,False,2018,2018,272773000.0
30486328,30486328-0,"CONSTRUCCION COLECTOR DE AGUAS LLUVIAS CALLE VICUÑA MACKENNA Y MAC-IVER, PAILLACO.",PROYECTO,RECURSOS HIDRICOS,INTERSUBSECTORIAL RECURSOS HIDRICOS,PERFIL,0,2019,,PAILLACO - REGION XIV,F.N.D.R.,83426000.0,83.426,,500.0,,Sin evaluación,False,MUNICIPALIDAD DE PAILLACO REGION DE LOS RIOS,False,2018,2019,83426000.0
30486479,30486479-0,TRANSFERENCIA VALORIZACIÓN DE BREA PROVENIENTE DE LA REGIÓN DE ATACAMA,PROGRAMA,RECURSOS NATURALES Y MEDIO AMBIENTE,AGRICULTURA,EJECUCION,0,2019,ATACAMA,,F.N.D.R.,99923000.0,99.923,149744.49,,,Sin evaluación,False,GOBIERNO REGIONAL - REGION DE ATACAMA,False,2017,2019,99923000.0
30486491,30486491-0,"CONSTRUCCION CENTRO ACOPIO Y PUNTO LIMPIO SANTA INÉS, VIÑA DEL MAR",PROYECTO,RECURSOS NATURALES Y MEDIO AMBIENTE,MEDIO AMBIENTE,PERFIL,0,2017,,VIÑA DEL MAR,F.N.D.R.,227220000.0,227.22,,331114.0,FI,Falta información (FI),False,MUNICIPALIDAD DE VIÑA DEL MAR,False,2017,2017,227220000.0
30486519,30486519-0,TRANSFERENCIA SISTEMA EFICIENTE DE CAPTACIÓN DE AGUA PARA DISMINUIR LA ESCASEZ HÍDRICA,PROGRAMA,RECURSOS HIDRICOS,RECURSOS,EJECUCION,0,2019,ATACAMA,,F.N.D.R.,82871000.0,82.871,124190.38,,,Sin evaluación,False,GOBIERNO REGIONAL - REGION DE ATACAMA,False,2017,2019,82871000.0
30486526,30486526-0,"TRANSFERENCIA LABORATORIO PARA EL ESTUDIO HÍDRICO DE LA CUENCA, USO EFICIENTE Y MONITOREO",PROGRAMA,RECURSOS HIDRICOS,RECURSOS,EJECUCION,0,2019,,,F.N.D.R.,152815000.0,152.815,229008.38,,,Sin evaluación,False,GOBIERNO REGIONAL - REGION DE ATACAMA,False,2017,2019,152815000.0
30486614,30486614-0,CONSTRUCCION DE PUNTOS LIMPIOS EN LA REGIÓN DE LA ARAUCANÍA,PROYECTO,RECURSOS NATURALES Y MEDIO AMBIENTE,MEDIO AMBIENTE,EJECUCION,0,2022,LA ARAUCANIA,,F.N.D.R.,3270258000.0,3270.258,,118713.0,RS,Recomendado (RS),True,SEREMI DE MEDIO AMBIENTE REGION DE LA ARAUCANIA,False,2018,2022,3270258000.0
30486689,30486689-0,CONSERVACION C DE VIAS PARA TRANSPORTE PUBLICO EN COMUNA DE LONQUIMAY,PROYECTO,TRANSPORTE,"TRANSPORTE URBANO,VIALIDAD PEATONAL",PERFIL,0,2017,,LONQUIMAY,SECTORIAL,250000000.0,250.0,,10981.0,,Sin evaluación,False,SUBSIDIO NACIONAL AL TRANSPORTE PUBLICO,False,2017,2017,250000000.0
30486763,30486763-0,TRANSFERENCIA SISTEMA DE INCENTIVOS PARA LA SUSTENTABILIDAD GANADERA.,PROGRAMA,RECURSOS NATURALES Y MEDIO AMBIENTE,AGRICULTURA,PERFIL,0,2018,AISEN DEL GENERAL CARLOS,,F.N.D.R.,2230983000.0,2230.983,3343348.47,220.0,,Sin evaluación,False,SERVICIO AGRICOLA GANADERO REGION DE AISEN DEL GENERAL CARLOS IBAÑEZ DEL CAMPO,False,2018,2018,2230983000.0
30486837,30486837-0,CONSTRUCCION INSTALACIONES PARA LAVADO DE TRENES UT Y UTS,PROYECTO,TRANSPORTE,TRANSPORTE FERROVIARIO,DISEÑO,0,2019,,,EMPRESA,396027000.0,396.027,,800000.0,RS,Recomendado (RS),True,EMPRESA DE FERROCARRILES DEL ESTADO,False,2017,2019,396027000.0
30486843,30486843-0,CONSTRUCCION SERVICIO FERROVIARIO TEMUCO GORBEA,PROYECTO,TRANSPORTE,TRANSPORTE FERROVIARIO,PERFIL,0,2020,,,EMPRESA,2518697000.0,2518.697,,3146700.0,OT,Objetado técnicamente (OT),False,EMPRESA DE FERROCARRILES DEL ESTADO,False,2017,2020,2518697000.0
30486873,30486873-0,"REPOSICION DESVIADORES DE VÍA FERROVIARIA, SECTOR ALAMEDA-CHILLÁN Y PUERTO- LIMACHE",PROYECTO,TRANSPORTE,TRANSPORTE FERROVIARIO,EJECUCION,0,2020,,,EMPRESA,25775380000.0,25775.38,,19940000.0,RS,Recomendado (RS),True,EMPRESA DE FERROCARRILES DEL ESTADO,False,2017,2020,25775380000.0
30486899,30486899-0,"CONSTRUCCION CIERRE PERIMETRAL AREA VERDE VILLA RAYEN MAPU, PADRE LAS CASAS",PROYECTO,VIVIENDA Y DESARROLLO URBANO,DESARROLLO URBANO,EJECUCION,0,2019,,PADRE LAS CASAS,F.N.D.R.,23000000.0,23.0,,75255.0,,Sin evaluación,False,MUNICIPALIDAD DE PADRE LAS CASAS,False,2017,2019,23000000.0
30486949,30486949-0,"ADQUISICION E INST.LUMINARIAS FOTOVOLTAICAS PLAZAS Y OTRAS,QUILLOTA",PROYECTO,ENERGIA,ALUMBRADO PUBLICO,PERFIL,0,2020,,QUILLOTA,F.N.D.R.,256397000.0,256.397,,88803.0,,Sin evaluación,False,MUNICIPALIDAD DE QUILLOTA,False,2017,2020,256397000.0
30486966,30486966-0,ADQUISICION 1000 SET DE COMPOSTAJE CASERO COMUNA DE FUTRONO,PROYECTO,RECURSOS NATURALES Y MEDIO AMBIENTE,MEDIO AMBIENTE,PERFIL,0,2018,,FUTRONO - REGION XIV,F.N.D.R.,61560000.0,61.56,,1000.0,,Sin evaluación,False,MUNICIPALIDAD DE FUTRONO REGION DE LOS RIOS,False,2018,2018,61560000.0
30487009,30487009-0,CONSERVACION DRENAJES AERÓDROMO DE PICHOY,PROYECTO,TRANSPORTE,TRANSPORTE AEREO,PERFIL,0,2017,LOS RIOS,,SECTORIAL,100250000.0,100.25,,129000.0,,Sin evaluación,False,DIRECCION DE AEROPUERTOS MOP,False,2017,2017,100250000.0
30487059,30487059-0,"ADQUISICION LUMINARIAS PEATONALES LED PARA VALDVIA DE PAINE, COMUNA DE BUIN",PROYECTO,ENERGIA,ALUMBRADO PUBLICO,PERFIL,0,2018,,BUIN,F.N.D.R.,269292000.0,269.292,,2036.0,,Sin evaluación,False,MUNICIPALIDAD DE BUIN,False,2017,2018,269292000.0
30487088,30487088-0,"CONSTRUCCION PARQUE URBANO COSTANERA RIO COLLILELFU, PAILLACO",PROYECTO,VIVIENDA Y DESARROLLO URBANO,DESARROLLO URBANO,PERFIL,0,2020,,PAILLACO - REGION XIV,F.N.D.R.,561690000.0,561.69,,29027.0,OT,Objetado técnicamente (OT),False,MUNICIPALIDAD DE PAILLACO REGION DE LOS RIOS,False,2020,2020,561690000.0
30487090,30487090-0,"HABILITACION ACERAS CENTRO CON ACCESIBILIDAD UNIVERSAL Y ARBORIZACION, VALDIVIA",PROYECTO,VIVIENDA Y DESARROLLO URBANO,DESARROLLO URBANO,PERFIL,0,2022,,VALDIVIA - REGION XIV,F.N.D.R.,69445000.0,69.445,,132772.0,,Sin evaluación,False,MUNICIPALIDAD DE VALDIVIA REGION DE LOS RIOS,False,2018,2022,69445000.0
30487160,30487160-0,ADQUISICION ESTACIÓN DE MONITOREO DE CALIDAD DEL AIRE CAUQUENES,PROYECTO,RECURSOS NATURALES Y MEDIO AMBIENTE,MEDIO AMBIENTE,EJECUCION,0,2020,L MAULE,,F.N.D.R.,73562000.0,73.562,,31542.0,,Sin evaluación,False,SEREMI DE MEDIO AMBIENTE REGION DEL MAULE,False,2018,2020,73562000.0
30487193,30487193-0,CONSERVACION EQUIPO MATERIAL RODANTE 2018-2019 (GRAN R),PROYECTO,TRANSPORTE,TRANSPORTE FERROVIARIO,EJECUCION,0,2020,,,EMPRESA,3632631000.0,3632.631,,0.0,RS,Recomendado (RS),True,EMPRESA DE FERROCARRILES DEL ESTADO,False,2017,2020,3632631000.0
30487218,30487218-0,"MEJORAMIENTO VEREDAS Y AREAS VERDES BANDEJON CENTRAL AV. BERNARDO O`HIGGINS, COMUNA TALAGANTE",PROYECTO,VIVIENDA Y DESARROLLO URBANO,DESARROLLO URBANO,EJECUCION,0,2020,,TALAGANTE,F.N.D.R.,1316337000.0,1316.337,,7262.0,RS,Recomendado (RS),True,MUNICIPALIDAD DE TALAGANTE,False,2017,2020,1316337000.0
30487230,30487230-0,"MEJORAMIENTO ÁREAS VERDES, VILLA FREI Y VILLA LOS HÉROES, CUNCO",PROYECTO,VIVIENDA Y DESARROLLO URBANO,DESARROLLO URBANO,EJECUCION,0,2019,,CUNCO,F.N.D.R.,37000000.0,37.0,,2500.0,,Sin evaluación,False,MUNICIPALIDAD DE CUNCO,False,2017,2019,37962000.0
30487357,30487357-0,CONSTRUCCION DE 4 PATIOS DE SALVATAJE (RINP) EN METRO S.A.,PROYECTO,TRANSPORTE,"TRANSPORTE URBANO,VIALIDAD PEATONAL",DISEÑO,0,2019,METROPOLITANA DE SANTIAGO,,EMPRESA,99558000.0,99.558,,401.0,RS,Recomendado (RS),True,METRO S.A.,False,2017,2019,99558000.0
30487370,30487370-0,TRANSFERENCIA PLANTA TRATAMIENTO AGUA PARA MEJORAR PRODUCTIVIDAD LIMON PICA,PROGRAMA,RECURSOS NATURALES Y MEDIO AMBIENTE,AGRICULTURA,EJECUCION,0,2019,,,F.N.D.R.,177163000.0,177.163,265496.26,6650.0,,Sin evaluación,False,GOBIERNO REGIONAL - REGION DE TARAPACA,False,2017,2019,177163000.0
30487422,30487422-0,ADQUISICION CONTENEDORES DE BASURA DOMICILIARIA COMUNA PAC,PROYECTO,RECURSOS NATURALES Y MEDIO AMBIENTE,MEDIO AMBIENTE,PERFIL,0,2021,,PEDRO A. CERDA,F.N.D.R.,893316000.0,893.316,,101174.0,,Sin evaluación,False,MUNICIPALIDAD DE PEDRO A. CERDA,False,2018,2021,1025724000.0
30487608,30487608-0,ADQUISICION HARDWARE Y SOFTWARE CORPORATIVO 2017 METRO S.A.,PROYECTO,TRANSPORTE,"TRANSPORTE URBANO,VIALIDAD PEATONAL",EJECUCION,0,2018,METROPOLITANA DE SANTIAGO,,EMPRESA,223163000.0,223.163,,131.0,RS,Recomendado (RS),True,METRO S.A.,False,2017,2018,268664000.0
30487764,30487764-0,REPOSICION VIA RAMAL TALCA-CONSITUCION POR INCENDIO ENE2017 ETAPA2,PROYECTO,TRANSPORTE,TRANSPORTE FERROVIARIO,EJECUCION,0,2020,,,EMPRESA,1645181000.0,1645.181,,50000.0,RS,Recomendado (RS),True,EMPRESA DE FERROCARRILES DEL ESTADO,False,2017,2020,1645181000.0
30487882,30487882-0,TRANSFERENCIA MODELO PRODUCTIVO ALFORFON MIEL VARIEDAD CAMBIO CLIMATI,PROGRAMA,RECURSOS NATURALES Y MEDIO AMBIENTE,AGRICULTURA,EJECUCION,0,2021,L LIBERTADOR GENERAL,,F.N.D.R.,97776000.0,97.776,140545.36,,,Sin evaluación,False,GOBIERNO REGIONAL - REGION DEL LIBERTADOR GENERAL BERNARDO O'HIGGINS,False,2017,2021,165979000.0
30487912,30487912-0,REPOSICION EQUIPOS DE AIRE ACONDICIONADO 2018 RED METRO S.A,PROYECTO,TRANSPORTE,"TRANSPORTE URBANO,VIALIDAD PEATONAL",EJECUCION,0,2019,METROPOLITANA DE SANTIAGO,,EMPRESA,226255000.0,226.255,,582.0,RS,Recomendado (RS),True,METRO S.A.,False,2017,2019,226255000.0
30488062,30488062-0,"HABILITACION CIRCUITO DE AREAS VERDES SECTOR ORIENTE, MARIQUINA",PROYECTO,VIVIENDA Y DESARROLLO URBANO,DESARROLLO URBANO,PERFIL,0,2018,,SAN JOSE DE LA MARIQUINA -,F.N.D.R.,46170000.0,46.17,,450.0,,Sin evaluación,False,MUNICIPALIDAD DE MARIQUINA REGION DE LOS RIOS,False,2018,2018,46170000.0
30488066,30488066-0,"CONSTRUCCION AREAS VERDES BANDEJON CALLE CARLOS WOOD, PORVENIR",PROYECTO,VIVIENDA Y DESARROLLO URBANO,DESARROLLO URBANO,PERFIL,0,2018,,PORVENIR,F.N.D.R.,1384280000.0,1384.28,,7446.0,FI,Falta información (FI),False,MUNICIPALIDAD DE PORVENIR,False,2018,2018,1384280000.0
30488423,30488423-0,ADQUISICION CONTENEDORES DE BASURA PARA LA COMUNA DE MAIPU IV ETAPA,PROYECTO,RECURSOS NATURALES Y MEDIO AMBIENTE,MEDIO AMBIENTE,PERFIL,0,2020,,MAIPU,F.N.D.R.,1319875000.0,1319.875,,158681.0,,Sin evaluación,False,MUNICIPALIDAD DE MAIPU,False,2017,2020,1359466000.0
30488435,30488435-0,PREVENCION MITIGACIÓN DEL RIESGO ASOCIADO A PROCESOS VOLCÁNICOS EN LA REGIÓN DE ANTOFAGASTA,PROGRAMA,MULTISECTORIAL,INTERSUBSECTORIAL MULTISECTOR,PERFIL,0,2017,ANTOFAGASTA,,F.N.D.R.,818775000.0,818.775,1157540.93,,,Sin evaluación,False,GOBIERNO REGIONAL - REGION DE ANTOFAGASTA,False,2017,2017,818775000.0
30488549,30488549-0,RECUPERACION PLANTA DE PILOTAJE PARA LA VALORIZACIÓN DE RESIDUOS TERMODEGRADABLES MEDIANTE,PROGRAMA,MULTISECTORIAL,INTERSUBSECTORIAL MULTISECTOR,EJECUCION,0,2021,ANTOFAGASTA,,F.N.D.R.,131848000.0,131.848,189521.19,200000.0,,Sin evaluación,False,GOBIERNO REGIONAL - REGION DE ANTOFAGASTA,False,2017,2021,131848000.0
30488832,30488832-0,PREVENCION MITIGACIÓN DEL RIESGO ASOCIADO A PROCESOS VOLCÁNICOS EN LA REGIÓN DE ANTOFAGASTA,PROGRAMA,MULTISECTORIAL,INTERSUBSECTORIAL MULTISECTOR,EJECUCION,0,2020,ANTOFAGASTA,,F.N.D.R.,593139000.0,593.139,964108.77,145650.0,,Sin evaluación,False,GOBIERNO REGIONAL - REGION DE ANTOFAGASTA,False,2017,2020,818775000.0
30488835,30488835-0,REPOSICION BANCOS DE PRUEBAS MANTENIMIENTO DE MATERIAL RODANTE NS-74 Y NS-93 METRO S.A.,PROYECTO,TRANSPORTE,"TRANSPORTE URBANO,VIALIDAD PEATONAL",EJECUCION,0,2019,METROPOLITANA DE SANTIAGO,,EMPRESA,1496031000.0,1496.031,,1155454.0,RS,Recomendado (RS),True,METRO S.A.,False,2017,2019,1567509000.0
30488854,30488854-0,"HABILITACION CIRCUITO DE ÁREAS VERDES POBLACIÓN PADRE MAMERTO, MARIQUINA",PROYECTO,VIVIENDA Y DESARROLLO URBANO,DESARROLLO URBANO,PERFIL,0,2018,,SAN JOSE DE LA MARIQUINA -,F.N.D.R.,46170000.0,46.17,,465.0,,Sin evaluación,False,MUNICIPALIDAD DE MARIQUINA REGION DE LOS RIOS,False,2018,2018,46170000.0
30488892,30488892-0,"CONSTRUCCION SISTEMA FOTOVOLTAICO PAMPA NUNE Y SAHUARA, COMU CAMARO",PROYECTO,ENERGIA,AUTOGENERACION,PERFIL,0,2019,,CAMARONES - REGION XV,F.N.D.R.,97678000.0,97.678,,19.0,,Sin evaluación,False,MUNICIPALIDAD DE CAMARONES REGION DE ARICA Y PARINACOTA,False,2017,2019,97678000.0
30488909,30488909-0,"ADQUISICION SISTEMA DE CONTROL DE ACCESO EN LÍNEAS 1,2,4-4A Y 5 DE LA RED DE METRO S.A.",PROYECTO,TRANSPORTE,"TRANSPORTE URBANO,VIALIDAD PEATONAL",EJECUCION,0,2020,METROPOLITANA DE SANTIAGO,,EMPRESA,374222000.0,374.222,,4063.0,RS,Recomendado (RS),True,METRO S.A.,False,2017,2020,374222000.0
40000060,40000060-0,CONSTRUCCION CORREDOR FERROVIARIO INTERMODAL ALAMEDA - BARRANCAS,PROYECTO,TRANSPORTE,TRANSPORTE FERROVIARIO,FACTIBILIDAD,0,2020,,,EMPRESA,4386617000.0,4386.617,,5286000.0,RS,Recomendado (RS),True,EMPRESA DE FERROCARRILES DEL ESTADO,False,2018,2020,4386617000.0
40000082,40000082-0,"MEJORAMIENTO ÁREA VERDE POBLACIÓN SANTA ADELA, CUNCO",PROYECTO,VIVIENDA Y DESARROLLO URBANO,DESARROLLO URBANO,PERFIL,0,2018,,CUNCO,F.N.D.R.,39570000.0,39.57,,2500.0,,Sin evaluación,False,MUNICIPALIDAD DE CUNCO,False,2017,2018,39570000.0
40000083,40000083-0,"CONSTRUCCION SOLUCIONES ELECTRICAS FOTOVOLTAICAS SECTOR EL CEBALLO, FACHINAL Y AVELLANO",PROYECTO,ENERGIA,AUTOGENERACION,EJECUCION,0,2022,,,F.N.D.R.,452478000.0,452.478,,30.0,RS,Recomendado (RS),True,GOBERNACION GENERAL CARRERA,False,2017,2022,452478000.0
40000141,40000141-0,CONSTRUCCION PLAZA ACTIVA Y AREA VERDE VILLA SAN MARCOS COMUNA DE,PROYECTO,VIVIENDA Y DESARROLLO URBANO,DESARROLLO URBANO,EJECUCION,0,2020,,CAUQUENES,F.N.D.R.,75383000.0,75.383,,1274.0,,Sin evaluación,False,MUNICIPALIDAD DE CAUQUENES,False,2018,2020,75416000.0
40000238,40000238-0,CONSTRUCCION TALLER DE MANTENIMIENTO REGION DEL BIOBIO,PROYECTO,TRANSPORTE,TRANSPORTE FERROVIARIO,EJECUCION,0,2022,,HUALQUI,EMPRESA,7400768000.0,7400.768,,340000.0,RS,Recomendado (RS),True,EMPRESA DE FERROCARRILES DEL ESTADO,False,2019,2022,7400768000.0
40000240,40000240-0,"ADQUISICION ESTACIÓN DE MONITOREO DE CALIDAD DEL AIRE, CAUQUENES",PROYECTO,RECURSOS NATURALES Y MEDIO AMBIENTE,MEDIO AMBIENTE,PERFIL,0,2018,L MAULE,,F.N.D.R.,62738000.0,62.738,,31542.0,,Sin evaluación,False,SEREMI DE MEDIO AMBIENTE REGION DEL MAULE,False,2018,2018,62738000.0
40000289,40000289-0,"ADQUISICION CAMIONES RECOLECTORES DE BASURA, LEBU",PROYECTO,RECURSOS NATURALES Y MEDIO AMBIENTE,MEDIO AMBIENTE,PERFIL,0,2022,,LEBU,F.N.D.R.,144580000.0,144.58,,25522.0,,Sin evaluación,False,MUNICIPALIDAD DE LEBU,False,2018,2022,144580000.0
40000326,40000326-0,"CONSTRUCCION DESCARGA AGUAS LLUVIAS POBLACION 27 DE FEBRERO, YUNGAY",PROYECTO,RECURSOS HIDRICOS,AGUAS LLUVIAS,PERFIL,0,2018,,YUNGAY - REGION DE ÑUBLE,SECTORIAL,246294000.0,246.294,,322.0,OT,Objetado técnicamente (OT),False,SEREMI VIVIENDA REGION DE ÑUBLE,False,2018,2018,246294000.0
40000327,40000327-0,"CONSTRUCCION COLECTOR AGUAS LLUVIAS OCHAGAVÍA, EL BOSQUE",PROYECTO,RECURSOS HIDRICOS,AGUAS LLUVIAS,PERFIL,0,2023,,EL BOSQUE,F.N.D.R.,840741000.0,840.741,,8376.0,FI,Falta información (FI),False,MUNICIPALIDAD DE EL BOSQUE,False,2018,2023,840741000.0
40000341,40000341-0,CONSTRUCCION ESTACIÓN DE INTERCAMBIO MODAL LOS LIBERTADORES METRO S.A (EJECUCIÓN).,PROYECTO,TRANSPORTE,"TRANSPORTE URBANO,VIALIDAD PEATONAL",PERFIL,0,2017,METROPOLITANA DE SANTIAGO,,EMPRESA,8042596000.0,8042.596,,16682458.0,,Sin evaluación,False,METRO S.A.,False,2017,2017,8042596000.0
40000375,40000375-0,"FORESTACION Y RECUPERACIÓN ARBOLADO URBANO, LA REINA",PROGRAMA,RECURSOS NATURALES Y MEDIO AMBIENTE,MEDIO AMBIENTE,PERFIL,0,2019,,LA REINA,F.N.D.R.,130649000.0,130.649,195790.44,92549.0,RS,Recomendado (RS),True,MUNICIPALIDAD DE LA REINA,False,2018,2019,130649000.0
40000395,40000395-0,"MEJORAMIENTO PAISAJISTICO Y ORNAMENTAL ÁREA VERDE, ACCESO VILLARRICA",PROYECTO,VIVIENDA Y DESARROLLO URBANO,DESARROLLO URBANO,EJECUCION,0,2019,,VILLARRICA,F.N.D.R.,33497000.0,33.497,,59518.0,,Sin evaluación,False,MUNICIPALIDAD DE VILLARRICA,False,2017,2019,33497000.0
40000404,40000404-0,FORESTACION BOSQUE NATIVO DESARROLLO SUSTENTABLE,PROGRAMA,RECURSOS NATURALES Y MEDIO AMBIENTE,INTERSUBSECTORIAL,PERFIL,0,2018,L MAULE,,F.N.D.R.,752989257000.0,752989.257,1128428804.57,400.0,,Sin evaluación,False,INSTITUTO FORESTAL REGION DEL MAULE,False,2017,2018,752989257000.0
40000411,40000411-0,CONSERVACION DE VÍAS DE TRANSPORTE PÚBLICO DE LA REGIÓN DE LA ARAUCANÍA,PROYECTO,TRANSPORTE,"TRANSPORTE URBANO,VIALIDAD PEATONAL",EJECUCION,0,2018,LA ARAUCANIA,,SECTORIAL,591040000.0,591.04,,430052.0,,Sin evaluación,False,SUBSIDIO NACIONAL AL TRANSPORTE PUBLICO,False,2017,2018,926000000.0
40000431,40000431-0,"REPOSICION LAT, SSEE Y CATENARIAS RED EFE",PROYECTO,TRANSPORTE,TRANSPORTE FERROVIARIO,FACTIBILIDAD,0,2021,,,EMPRESA,296224000.0,296.224,,25841820.0,RS,Recomendado (RS),True,EMPRESA DE FERROCARRILES DEL ESTADO,False,2017,2021,296224000.0
40000471,40000471-0,"CONSTRUCCION SOLUCIONES ELECTRICAS FOTOVOLTAICAS SECTOR VALLE LAGUNAS, COMUNA DE AYSEN",PROYECTO,ENERGIA,AUTOGENERACION,EJECUCION,0,2020,AISEN DEL GENERAL CARLOS,,F.N.D.R.,414069000.0,414.069,,120.0,RS,Recomendado (RS),True,SEREMI DE ENERGIA REGION DE AISEN DEL GENERAL CARLOS IBAÑEZ DEL CAMPO,False,2018,2020,474598000.0
40000481,40000481-0,"ADQUISICION CONTENEDORES DE BASURA INTRADOMICILIARIOS, COMUNA DE MULCHÉN",PROYECTO,RECURSOS NATURALES Y MEDIO AMBIENTE,MEDIO AMBIENTE,PERFIL,0,2019,,MULCHEN,F.N.D.R.,67968000.0,67.968,,9900.0,,Sin evaluación,False,MUNICIPALIDAD DE MULCHEN,False,2018,2019,113675000.0
40000485,40000485-0,CONSTRUCCION IMPLEMENTACION Y EQUIPAMIENTO PARA LA OPERACION DE UN PUNTO LIMPIO,PROYECTO,RECURSOS NATURALES Y MEDIO AMBIENTE,MEDIO AMBIENTE,PERFIL,0,2018,,OLMUE,F.N.D.R.,84547000.0,84.547,,16162.0,,Sin evaluación,False,MUNICIPALIDAD DE OLMUE,False,2018,2018,84547000.0
40000494,40000494-0,TRANSFERENCIA ZONIFICACIÓN AGROCLIMÁTICA DINÁMICA,PROGRAMA,RECURSOS NATURALES Y MEDIO AMBIENTE,MEDIO AMBIENTE,EJECUCION,0,2021,AISEN DEL GENERAL CARLOS,,F.N.D.R.,199256000.0,199.256,286414.93,300.0,,Sin evaluación,False,GOBIERNO REGIONAL - REGION DE AISEN DEL GENERAL CARLOS IBAÑEZ DEL CAMPO,False,2017,2021,204435000.0
40000496,40000496-0,TRANSFERENCIA BOSQUES DE AYSÉN: CAMBIO CLIMÁTICO Y COMPUESTOS BIOACTIVOS,PROGRAMA,RECURSOS NATURALES Y MEDIO AMBIENTE,MEDIO AMBIENTE,EJECUCION,0,2020,AISEN DEL GENERAL CARLOS,,F.N.D.R.,155405000.0,155.405,252600.7,100000.0,,Sin evaluación,False,GOBIERNO REGIONAL - REGION DE AISEN DEL GENERAL CARLOS IBAÑEZ DEL CAMPO,False,2017,2020,157426000.0
40000497,40000497-0,TRANSFERENCIA INNOVACIÓN PRÁCTICAS SUSTENTABLE ADAPTACIÓN CAMBIO CLIMÁTICO,PROGRAMA,RECURSOS NATURALES Y MEDIO AMBIENTE,MEDIO AMBIENTE,EJECUCION,0,2020,AISEN DEL GENERAL CARLOS,,F.N.D.R.,198021000.0,198.021,321870.23,500.0,,Sin evaluación,False,GOBIERNO REGIONAL - REGION DE AISEN DEL GENERAL CARLOS IBAÑEZ DEL CAMPO,False,2017,2020,198021000.0
40000503,40000503-0,REPARACION PUENTES ZONA SUR PARA CONTINUIDAD OPERACIONAL,PROYECTO,TRANSPORTE,TRANSPORTE FERROVIARIO,EJECUCION,0,2021,,,EMPRESA,5516902000.0,5516.902,,2000.0,RS,Recomendado (RS),True,EMPRESA DE FERROCARRILES DEL ESTADO,False,2017,2021,6282434000.0
40000517,40000517-0,CONSERVACION DEFENSAS VIADUCTO PILMAIQUÉN,PROYECTO,TRANSPORTE,TRANSPORTE FERROVIARIO,EJECUCION,0,2018,,,EMPRESA,585147000.0,585.147,,2000.0,,Sin evaluación,False,EMPRESA DE FERROCARRILES DEL ESTADO,False,2017,2018,585147000.0
40000534,40000534-0,"ADQUISICION CAMIÓN DE RECICLAJE, COMUNA DE PANGUIPULLI",PROYECTO,RECURSOS NATURALES Y MEDIO AMBIENTE,MEDIO AMBIENTE,PERFIL,0,2022,,PANGUIPULLI - REGION XIV,F.N.D.R.,64068000.0,64.068,,28508.0,,Sin evaluación,False,MUNICIPALIDAD DE PANGUIPULLI REGION DE LOS RIOS,False,2017,2022,32100000000.0
40000596,40000596-0,MEJORAMIENTO ESTABILIZACION TALUD CALLE BEAUCHEF ENTRE AV PRAT Y PUENTE CONTRA,PROYECTO,TRANSPORTE,"TRANSPORTE URBANO,VIALIDAD PEATONAL",EJECUCION,0,2021,,RIO BUENO - REGION XIV,F.N.D.R.,12294000.0,12.294,,32627.0,RS,Recomendado (RS),True,MUNICIPALIDAD DE RIO BUENO REGION DE LOS RIOS,False,2018,2021,12977000.0
40000654,40000654-0,"CONSTRUCCION OBRAS DE URBANIZACIÓN BELLAVISTA - CERES- QUEBRADA DE MONÁRDEZ, LA SERENA",PROYECTO,RECURSOS HIDRICOS,EVACUACION DISPOSICION FINAL AGUAS SERVIDAS,DISEÑO,0,2020,,LA SERENA,F.N.D.R.,291579000.0,291.579,,3176.0,OT,Objetado técnicamente (OT),False,MUNICIPALIDAD DE LA SERENA,False,2017,2020,291579000.0
40000746,40000746-0,CONSTRUCCION SISTEMAS FOTOVOLTAICOS NETBILLING JARDINES INFANTILES PUNTA ARENAS,PROYECTO,ENERGIA,INTERSUBSECTORIAL ENERGIA,PERFIL,0,2018,MAGALLANES Y ANTARTICA,,F.N.D.R.,108375000.0,108.375,,428.0,FI,Falta información (FI),False,SEREMI DE ENERGIA REGION DE MAGALLANES Y ANTARTICA CHILENA,False,2017,2018,108375000.0
40000776,40000776-0,FORESTACION BOSQUE NATIVO CAPACITACIÓN DESARROLLO,PROGRAMA,RECURSOS NATURALES Y MEDIO AMBIENTE,MEDIO AMBIENTE,PERFIL,0,2018,L MAULE,,F.N.D.R.,789131000.0,789.131,1182590.78,400.0,,Sin evaluación,False,INSTITUTO FORESTAL REGION DEL MAULE,False,2018,2018,789131000.0
40000955,40000955-0,CONSERVACION MUROS DE CONTENCIÓN SECTOR LOS AROMOS ETAPA I,PROYECTO,VIVIENDA Y DESARROLLO URBANO,SOLUCION HABITACIONAL PARCIAL O COMPLEMENTARIA,EJECUCION,0,2020,,CONSTITUCION,SECTORIAL,2695427000.0,2695.427,,680.0,,Sin evaluación,False,SERVICIO VIVIENDA Y URBANIZACION REGION DEL MAULE,False,2017,2020,2818036000.0
40001062,40001062-0,TRANSFERENCIA MEJORAMIENTO DE LA CALIDAD Y TOLERANCIA AL ESTRÉS EN ARANDANO,PROGRAMA,RECURSOS NATURALES Y MEDIO AMBIENTE,AGRICULTURA,EJECUCION,0,2020,L MAULE,,F.N.D.R.,96451000.0,96.451,156774.81,100.0,,Sin evaluación,False,GOBIERNO REGIONAL - REGION DEL MAULE,False,2017,2020,96451000.0
40001090,40001090-0,TRANSFERENCIA SISTEMA INTEGRADO PARA UAVS EN REPUESTA A INCENDIOS FORESTALES,PROGRAMA,RECURSOS NATURALES Y MEDIO AMBIENTE,AGRICULTURA,EJECUCION,0,2020,L MAULE,,F.N.D.R.,93555000.0,93.555,152067.55,480.0,,Sin evaluación,False,GOBIERNO REGIONAL - REGION DEL MAULE,False,2017,2020,93555000.0
40001091,40001091-0,TRANSFERENCIA MONITOREO CALIDAD DEL AIRE,PROGRAMA,RECURSOS NATURALES Y MEDIO AMBIENTE,MEDIO AMBIENTE,EJECUCION,0,2021,L MAULE,,F.N.D.R.,52014000.0,52.014,74766.06,250000.0,,Sin evaluación,False,GOBIERNO REGIONAL - REGION DEL MAULE,False,2018,2021,53260000.0
40001099,40001099-0,TRANSFERENCIA FORTALECIMIENTO DE GESTION DE RIESGO CLIMÁTICO EN LA AFC DE LA ARAUCANIA,PROGRAMA,RECURSOS NATURALES Y MEDIO AMBIENTE,AGRICULTURA,PERFIL,0,2017,LA ARAUCANIA,,F.N.D.R.,187000000.0,187.0,264370.74,,,Sin evaluación,False,INSTITUTO DE INVESTIGACIONES AGROPEC. CARILLANCA,False,2017,2017,187000000.0
40001438,40001438-0,"MEJORAMIENTO ÁREA VERDE VILLA CORDILLERA, VICTORIA",PROYECTO,MULTISECTORIAL,INTERSUBSECTORIAL MULTISECTOR,EJECUCION,0,2019,,VICTORIA,F.N.D.R.,14858000.0,14.858,,650.0,,Sin evaluación,False,MUNICIPALIDAD DE VICTORIA,False,2017,2019,14858000.0
40001482,40001482-0,"MEJORAMIENTO AREA VERDE RAMON RADA, PUNTA ARENAS",PROYECTO,VIVIENDA Y DESARROLLO URBANO,DESARROLLO URBANO,PERFIL,0,2026,,PUNTA ARENAS,F.N.D.R.,4729584000.0,4729.584,,2341.0,RS,Recomendado (RS),True,MUNICIPALIDAD DE PUNTA ARENAS,False,2019,2026,4729584000.0
40001820,40001820-0,CONSTRUCCION MUROS DE CONTENCION AGUA LAS NIÑAS Y LOS CEREZOS,PROYECTO,VIVIENDA Y DESARROLLO URBANO,DESARROLLO URBANO,PERFIL,0,2022,,LEBU,F.N.D.R.,575907000.0,575.907,,4650.0,FI,Falta información (FI),False,MUNICIPALIDAD DE LEBU,False,2022,2022,575907000.0
40001828,40001828-0,"ADQUISICION COMPACTADOR DE RESIDUOS SOLIDOS, COMUNA DE LEBU",PROYECTO,RECURSOS NATURALES Y MEDIO AMBIENTE,MEDIO AMBIENTE,PERFIL,0,2021,,LEBU,F.N.D.R.,420173000.0,420.173,,25522.0,,Sin evaluación,False,MUNICIPALIDAD DE LEBU,False,2019,2021,420173000.0
40001881,40001881-0,"REPOSICION DE DOS CAMIONES RECOLECTORES RESIDUOS SOLIDOS, FREIRINA",PROYECTO,RECURSOS NATURALES Y MEDIO AMBIENTE,MEDIO AMBIENTE,EJECUCION,0,2018,,FREIRINA,F.N.D.R.,185878000.0,185.878,,6620.0,,Sin evaluación,False,MUNICIPALIDAD DE FREIRINA,False,2018,2018,185878000.0
40001938,40001938-0,HABILITACION MINIMIZACION RESIDUOS SOLIDOS URBANOS MEDIANTE USO COMPOSTERAS Y PTOS LIMPIOS,PROYECTO,RECURSOS NATURALES Y MEDIO AMBIENTE,MEDIO AMBIENTE,PERFIL,0,2018,,CONCEPCION,F.N.D.R.,663380000.0,663.38,,70564.0,FI,Falta información (FI),False,MUNICIPALIDAD DE CONCEPCION,False,2018,2018,663380000.0
40002047,40002047-0,CAPACITACION GIRH EN LA SUBCUENCA DEL RÍO CACHAPOAL,PROGRAMA,RECURSOS HIDRICOS,RIEGO,PERFIL,0,2018,,,SECTORIAL,230000000.0,230.0,344677.73,486.0,,Sin evaluación,False,COMISION NACIONAL DE RIEGO,False,2018,2018,230000000.0
40002194,40002194-0,"INSTALACION SISTEMA APR QUEBRADA VALPARAISO, VALLENAR",PROYECTO,RECURSOS HIDRICOS,AGUA POTABLE,EJECUCION,0,2021,,VALLENAR,SECTORIAL,571070000.0,571.07,,113.0,RS,Recomendado (RS),True,DIRECCION DE OBRAS HIDRAULICAS MOP REGION DE ATACAMA,False,2020,2021,571070000.0
40002209,40002209-0,MEJORAMIENTO ACERAS Y AREAS VERDES CALLES BRICEÑO Y 4° CENTENARIO.,PROYECTO,VIVIENDA Y DESARROLLO URBANO,DESARROLLO URBANO,PERFIL,0,2023,,CONCEPCION,F.N.D.R.,930316000.0,930.316,,2184.0,FI,Falta información (FI),False,MUNICIPALIDAD DE CONCEPCION,False,2021,2023,930316000.0
40002288,40002288-0,"CONSTRUCCION AREA VERDE LAGUNILLAS NORTE, CORONEL.",PROYECTO,VIVIENDA Y DESARROLLO URBANO,DESARROLLO URBANO,PERFIL,0,2022,,CORONEL,F.N.D.R.,868259000.0,868.259,,13066.0,RS,Recomendado (RS),True,MUNICIPALIDAD DE CORONEL,False,2018,2022,868259000.0
40002520,40002520-0,"CONSTRUCCION OBRAS DE CONTENCIÓN DE SUELO Y PASAJES, SECTOR SAN JUAN, COMUNA DE TOMÉ",PROYECTO,VIVIENDA Y DESARROLLO URBANO,SOLUCION HABITACIONAL PARCIAL O COMPLEMENTARIA,EJECUCION,0,2022,,TOME,SECTORIAL,395078000.0,395.078,,78.0,RS,Recomendado (RS),True,SEREMI VIVIENDA REGION DEL BIO BIO,False,2018,2022,395078000.0
40002532,40002532-0,CONSERVACION SISTEMAS DE AGUAS LLUVIAS REGION DEL BIO BIO,PROYECTO,RECURSOS HIDRICOS,AGUAS LLUVIAS,EJECUCION,0,2023,L BIO BIO,,SECTORIAL,8316412000.0,8316.412,,990000.0,,Sin evaluación,False,DIRECCION DE OBRAS HIDRAULICAS MOP REGION DEL BIO BIO,False,2019,2023,8316412000.0
40002534,40002534-0,CONSERVACION SISTEMA DE AGUAS LLUVIAS REGION DE ÑUBLE,PROYECTO,RECURSOS HIDRICOS,AGUAS LLUVIAS,EJECUCION,0,2022,ÑUBLE,,SECTORIAL,2378529000.0,2378.529,,95000.0,,Sin evaluación,False,DIRECCION DE OBRAS HIDRAULICAS MOP,False,2019,2022,2378529000.0
40002570,40002570-0,TRANSFERENCIA GESTIÓN TECNOLÓGICA FRENTE AL CAMBIO CLIMÁTICO,PROGRAMA,MULTISECTORIAL,INTERSUBSECTORIAL MULTISECTOR,PERFIL,0,2018,L MAULE,,F.N.D.R.,988000000.0,988.0,1480615.62,5876.0,,Sin evaluación,False,CORPORACION DE FOMENTO DE LA PRODUCCION,False,2018,2018,988000000.0
40002621,40002621-0,INSTALACION VALORIZACION DE DESECHOS ELECTRONICOS (BATERIAS DE LITIO) PARA ELEVAR LA PRODUCT,PROYECTO,RECURSOS NATURALES Y MEDIO AMBIENTE,MEDIO AMBIENTE,EJECUCION,0,2019,METROPOLITANA DE SANTIAGO,,F.N.D.R.,90497000.0,90.497,,5.0,,Sin evaluación,False,GOBIERNO REGIONAL - REGION METROPOLITANA DE SANTIAGO,False,2018,2019,90497000.0
40002629,40002629-0,"CONSTRUCCION PARQUE URBANO COSTANERA, COMUNA DE LIMACHE.",PROYECTO,VIVIENDA Y DESARROLLO URBANO,DESARROLLO URBANO,PERFIL,0,2018,,LIMACHE,F.N.D.R.,4509203000.0,4509.203,,48052.0,OT,Objetado técnicamente (OT),False,MUNICIPALIDAD DE LIMACHE,False,2018,2018,4509203000.0
40002647,40002647-0,INSTALACION HACIA LA REDUCCION DEL CONSUMO DE AGUA EN AREAS VERDES DE LA REGION METROPOLITAN,PROYECTO,RECURSOS NATURALES Y MEDIO AMBIENTE,MEDIO AMBIENTE,EJECUCION,0,2021,METROPOLITANA DE SANTIAGO,,F.N.D.R.,58051000.0,58.051,,1000.0,,Sin evaluación,False,GOBIERNO REGIONAL - REGION METROPOLITANA DE SANTIAGO,False,2018,2021,102452000.0
40002692,40002692-0,CONSERVACION RED SECUNDARIA DE AGUAS LLUVIAS ARAUCANIA 2018-2019,PROYECTO,RECURSOS HIDRICOS,AGUAS LLUVIAS,EJECUCION,0,2020,LA ARAUCANIA,,SECTORIAL,1409529000.0,1409.529,,588408.0,,Sin evaluación,False,SEREMI VIVIENDA REGION DE LA ARAUCANIA,False,2018,2020,1409529000.0
40002695,40002695-0,"MEJORAMIENTO INTEGRAL SISTEMA APR DE CODPA, COMUNA DE CAMARONES",PROYECTO,RECURSOS HIDRICOS,AGUA POTABLE,PERFIL,0,2018,,CAMARONES - REGION XV,F.N.D.R.,47000000.0,47.0,,399.0,OT,Objetado técnicamente (OT),False,DIRECCION DE OBRAS HIDRAULICAS MOP REGION DE ARICA Y PARINACOTA,False,2018,2018,47000000.0
40002814,40002814-0,ADQUISICION DE PUNTOS LIMPIOS DOMICILIARIOS,PROYECTO,RECURSOS NATURALES Y MEDIO AMBIENTE,MEDIO AMBIENTE,PERFIL,0,2018,,JUAN FERNANDEZ,F.N.D.R.,24000.0,0.024,,926.0,,Sin evaluación,False,MUNICIPALIDAD DE JUAN FERNANDEZ,False,2018,2018,24000.0
40002949,40002949-0,"CONSERVACION DE RIBERAS NATURALES AÑO 2019, VI REGIÓN",PROYECTO,RECURSOS HIDRICOS,"DEFENSAS FLUVIALES,MARITIMAS Y CAUCES NATURALES",EJECUCION,0,2020,L LIBERTADOR GENERAL,,SECTORIAL,4263719000.0,4263.719,,5000.0,,Sin evaluación,False,DIRECCION DE OBRAS HIDRAULICAS MOP REGION DEL LIBERTADOR GENERAL BERNARDO O'HIGGINS,False,2019,2020,4263719000.0
40002952,40002952-0,"CONSERVACION DE RED COLECTORES DE AGUAS LLUVIAS AÑO 2019, VI REGIÓN",PROYECTO,RECURSOS HIDRICOS,AGUAS LLUVIAS,EJECUCION,0,2019,,RANCAGUA,SECTORIAL,699800000.0,699.8,,3000.0,,Sin evaluación,False,DIRECCION DE OBRAS HIDRAULICAS MOP REGION DEL LIBERTADOR GENERAL BERNARDO O'HIGGINS,False,2019,2019,699800000.0
40002999,40002999-0,CONSERVACION COLECTOR DE AGUAS LLUVIAS LAS GOLONDRINAS DE REÑACA,PROYECTO,RECURSOS HIDRICOS,AGUAS LLUVIAS,PERFIL,0,2019,,VIÑA DEL MAR,SECTORIAL,758720000.0,758.72,,5000.0,,Sin evaluación,False,DIRECCION DE OBRAS HIDRAULICAS MOP REGION DE VALPARAISO,False,2019,2019,758720000.0
40003000,40003000-0,"CONSERVACION COLECTOR DE AGUAS LLUVIAS TRASLAVIÑA, VIÑA DEL MAR",PROYECTO,RECURSOS HIDRICOS,AGUAS LLUVIAS,PERFIL,0,2019,,VIÑA DEL MAR,SECTORIAL,661134000.0,661.134,,10000.0,,Sin evaluación,False,DIRECCION DE OBRAS HIDRAULICAS MOP REGION DE VALPARAISO,False,2019,2019,661134000.0
40003001,40003001-0,"CONSERVACION COLECTOR DE AGUAS LLUVIAS VON SCHROEDERS, VIÑA DEL MAR",PROYECTO,RECURSOS HIDRICOS,AGUAS LLUVIAS,PERFIL,0,2019,,VIÑA DEL MAR,SECTORIAL,1407971000.0,1407.971,,10000.0,,Sin evaluación,False,DIRECCION DE OBRAS HIDRAULICAS MOP REGION DE VALPARAISO,False,2019,2019,1407971000.0
40003008,40003008-0,CONSTRUCCION TERMINACION SISTEMA ALCANTARILLADO Y PTAS COMUNA SAN FABIÁN,PROYECTO,VIVIENDA Y DESARROLLO URBANO,SOLUCION HABITACIONAL PARCIAL O COMPLEMENTARIA,PERFIL,0,2018,,SAN FABIAN - REGION DE ÑUBLE,F.N.D.R.,2413453000.0,2413.453,,3646.0,OT,Objetado técnicamente (OT),False,MUNICIPALIDAD DE SAN FABIAN,False,2018,2018,2413453000.0
40003019,40003019-0,"CONSTRUCCION COLECTOR AGUAS LLUVIAS A-01: BALMACEDA MATTA, VALDIVIA",PROYECTO,RECURSOS HIDRICOS,AGUAS LLUVIAS,EJECUCION,0,2021,,VALDIVIA - REGION XIV,SECTORIAL,707722000.0,707.722,,940.0,RS,Recomendado (RS),True,DIRECCION DE OBRAS HIDRAULICAS MOP REGION DE LOS RIOS,False,2020,2021,707722000.0
40003026,40003026-0,CONSERVACION DRENAJE AGUAS LLUVIAS ESTERO COLLICO A39,PROYECTO,RECURSOS HIDRICOS,AGUAS LLUVIAS,EJECUCION,0,2021,,VALDIVIA - REGION XIV,SECTORIAL,1028634000.0,1028.634,,6000.0,,Sin evaluación,False,DIRECCION DE OBRAS HIDRAULICAS MOP REGION DE LOS RIOS,False,2021,2021,1028634000.0
40003203,40003203-0,"CONSTRUCCION MUROS DE CONTENCIÓN PARA MITIGACIÓN SECTOR ATACAMA ALTO, CHAÑARAL",PROYECTO,MULTISECTORIAL,INTERSUBSECTORIAL MULTISECTOR,PERFIL,0,2021,,CHAÑARAL,F.N.D.R.,2226171000.0,2226.171,,1135.0,OT,Objetado técnicamente (OT),False,MUNICIPALIDAD DE CHAÑARAL,False,2018,2021,2226171000.0
40003252,40003252-0,"CONSTRUCCION ÁREA VERDE SOLAR DE HUALPÉN II, HUALPÉN",PROYECTO,MULTISECTORIAL,INTERSUBSECTORIAL MULTISECTOR,PERFIL,0,2018,,HUALPEN,F.N.D.R.,25373000.0,25.373,,500.0,,Sin evaluación,False,MUNICIPALIDAD DE HUALPEN,False,2018,2018,25373000.0
40003281,40003281-0,"REPOSICION CAMION RECOLECTOR RSD, COMUNA DE PERQUENCO",PROYECTO,RECURSOS NATURALES Y MEDIO AMBIENTE,MEDIO AMBIENTE,PERFIL,0,2020,,PERQUENCO,F.N.D.R.,113113000.0,113.113,,3825.0,,Sin evaluación,False,MUNICIPALIDAD DE PERQUENCO,False,2018,2020,151750000.0
40003293,40003293-0,CONSTRUCCION ENCAUSE AGUAS LLUVIAS,PROYECTO,VIVIENDA Y DESARROLLO URBANO,DESARROLLO URBANO,PERFIL,0,2018,,NINHUE - REGION DE ÑUBLE,F.N.D.R.,10000000.0,10.0,,4150.0,,Sin evaluación,False,MUNICIPALIDAD DE NINHUE,False,2018,2018,10000000.0
40003353,40003353-0,"CONSTRUCCION ÁREA VERDE POBL. QUEUCO, SANTA BÁRBARA",PROYECTO,VIVIENDA Y DESARROLLO URBANO,DESARROLLO URBANO,EJECUCION,0,2019,,SANTA BARBARA,F.N.D.R.,72058000.0,72.058,,300.0,,Sin evaluación,False,MUNICIPALIDAD DE SANTA BARBARA,False,2018,2019,72058000.0
40003415,40003415-0,"MEJORAMIENTO AREA VERDE EL CHEQUEN, TALCAHUANO",PROYECTO,VIVIENDA Y DESARROLLO URBANO,DESARROLLO URBANO,EJECUCION,0,2020,,TALCAHUANO,F.N.D.R.,71821000.0,71.821,,4116.0,,Sin evaluación,False,MUNICIPALIDAD DE TALCAHUANO,False,2018,2020,72100000.0
40003520,40003520-0,"ADQUISICION CONTENEDORES PARA RECOLECCIÓN DE RSD, ESTACIÓN CENTRAL",PROYECTO,RECURSOS NATURALES Y MEDIO AMBIENTE,MEDIO AMBIENTE,PERFIL,0,2020,,ESTACION CENTRAL,F.N.D.R.,836217000.0,836.217,,147041.0,,Sin evaluación,False,MUNICIPALIDAD DE ESTACION CENTRAL,False,2018,2020,836218000.0
40003528,40003528-0,"MEJORAMIENTO AREAS VERDES SAN PEDRO DE LA COSTA, ETAPA 1, SAN PEDRO DE LA",PROYECTO,VIVIENDA Y DESARROLLO URBANO,DESARROLLO URBANO,EJECUCION,0,2021,,SAN PEDRO DE LA PAZ,F.N.D.R.,58754000.0,58.754,,391.0,,Sin evaluación,False,MUNICIPALIDAD DE SAN PEDRO DE LA PAZ,False,2018,2021,58754000.0
40003529,40003529-0,CONSERVACION MUROS DE CONTENCIÓN SECTOR LOS AROMOS ETAPA II,PROYECTO,VIVIENDA Y DESARROLLO URBANO,SOLUCION HABITACIONAL PARCIAL O COMPLEMENTARIA,EJECUCION,0,2020,,CONSTITUCION,SECTORIAL,3882377000.0,3882.377,,680.0,,Sin evaluación,False,SERVICIO VIVIENDA Y URBANIZACION REGION DEL MAULE,False,2018,2020,3882377000.0
40003541,40003541-0,"MEJORAMIENTO AREAS VERDES AVDA. LAS TORRES SAN PEDRO DE LA COSTA, SAN PEDRO DE LA PAZ",PROYECTO,VIVIENDA Y DESARROLLO URBANO,DESARROLLO URBANO,EJECUCION,0,2021,,SAN PEDRO DE LA PAZ,F.N.D.R.,47633000.0,47.633,,354.0,,Sin evaluación,False,MUNICIPALIDAD DE SAN PEDRO DE LA PAZ,False,2018,2021,47633000.0
40003571,40003571-0,"CONSTRUCCION ALUMBRADO PEATONAL LED DIVERSAS CALLES CERRO ALTO, LOS",PROYECTO,ENERGIA,ALUMBRADO PUBLICO,PERFIL,0,2021,,LOS ALAMOS,F.N.D.R.,62945000.0,62.945,,21245.0,,Sin evaluación,False,MUNICIPALIDAD DE LOS ALAMOS,False,2018,2021,62945000.0
40003578,40003578-0,"CONSTRUCCION ALUMBRADO PEATONAL LED CALLE JUAN ANTONIO RIOS, LOS ÁLAMOS",PROYECTO,ENERGIA,ALUMBRADO PUBLICO,PERFIL,0,2021,,LOS ALAMOS,F.N.D.R.,44198000.0,44.198,,21245.0,,Sin evaluación,False,MUNICIPALIDAD DE LOS ALAMOS,False,2018,2021,44198000.0
40003586,40003586-0,"CONSTRUCCION ALUMBRADO PEATONAL LED CAMINO INTERIOR VILLA LOS RÍOS, LOS ÁLAMOS",PROYECTO,ENERGIA,ALUMBRADO PUBLICO,PERFIL,0,2021,,LOS ALAMOS,F.N.D.R.,64833000.0,64.833,,21245.0,,Sin evaluación,False,MUNICIPALIDAD DE LOS ALAMOS,False,2018,2021,64833000.0
40003592,40003592-0,"CONSTRUCCION ALUMBRADO PEATONAL LED CALLE PEDRO DE VALDIVIA, ANTIHUALA, LOS ÁLAMOS",PROYECTO,ENERGIA,ALUMBRADO PUBLICO,PERFIL,0,2021,,LOS ALAMOS,F.N.D.R.,62945000.0,62.945,,21245.0,,Sin evaluación,False,MUNICIPALIDAD DE LOS ALAMOS,False,2018,2021,62945000.0
40003593,40003593-0,"CONSTRUCCION ALUMBRADO PEATONAL LED CALLE BAJADA EL MOLINO, TRES PINOS, LOS ALAMOS",PROYECTO,ENERGIA,ALUMBRADO PUBLICO,PERFIL,0,2021,,LOS ALAMOS,F.N.D.R.,53592000.0,53.592,,21245.0,,Sin evaluación,False,MUNICIPALIDAD DE LOS ALAMOS,False,2018,2021,53592000.0
40003605,40003605-0,CONSTRUCCION DE ILUMINACION FOTOVOLTAICA EN DIVERSOS SECTORES DE LA COMUNA DE TREHUACO,PROYECTO,MULTISECTORIAL,INTERSUBSECTORIAL MULTISECTOR,PERFIL,0,2018,,TREGUACO - REGION DE ÑUBLE,F.N.D.R.,43118000.0,43.118,,1302.0,,Sin evaluación,False,MUNICIPALIDAD DE TREHUACO,False,2018,2018,43118000.0
40003617,40003617-0,AMPLIACION RELLENO SANITARIO PUERTO IBÁÑEZ,PROYECTO,RECURSOS NATURALES Y MEDIO AMBIENTE,MEDIO AMBIENTE,PERFIL,0,2019,AISEN DEL GENERAL CARLOS,,F.N.D.R.,305606000.0,305.606,,1159.0,OT,Objetado técnicamente (OT),False,GOBIERNO REGIONAL - REGION DE AISEN DEL GENERAL CARLOS IBAÑEZ DEL CAMPO,False,2019,2019,305606000.0
40003660,40003660-0,ADQUISICION EQUIPAMIENTO Y VEHICULO PARA LA IMPLEMENTACIÓN DE UN PUNTO LIMPIO,PROYECTO,RECURSOS NATURALES Y MEDIO AMBIENTE,MEDIO AMBIENTE,PERFIL,0,2018,,PAPUDO,F.N.D.R.,61000000.0,61.0,,6300.0,,Sin evaluación,False,MUNICIPALIDAD DE PAPUDO,False,2018,2018,61000000.0
40003903,40003903-0,CONSTRUCCION ÁREA VERDE EN PARQUE DEPORTIVO Y RECREACIONAL COMUNA DE SAN PEDRO,PROYECTO,VIVIENDA Y DESARROLLO URBANO,DESARROLLO URBANO,EJECUCION,1,2022,,SAN PEDRO,SECTORIAL,861163000.0,861.163,,10520.0,RS,Recomendado (RS),True,MUNICIPALIDAD DE SAN PEDRO,False,2019,2022,861163000.0
40003927,40003927-0,"MEJORAMIENTO ACERAS Y AREAS VERDES AVDA. OBISPO EDUARDO LARRAIN, LITUECHE URBANO",PROYECTO,VIVIENDA Y DESARROLLO URBANO,DESARROLLO URBANO,EJECUCION,0,2021,,LITUECHE,SECTORIAL,52946000.0,52.946,,6294.0,RS,Recomendado (RS),True,SEREMI VIVIENDA REGION DEL LIBERTADOR GENERAL BERNARDO O'HIGGINS,False,2018,2021,57530000.0
40003989,40003989-0,"ADQUISICION CAMIONES RECOLECTORES DE RSD, COMUNA DE CISNES",PROYECTO,RECURSOS NATURALES Y MEDIO AMBIENTE,MEDIO AMBIENTE,EJECUCION,0,2021,,CISNES,F.N.D.R.,283766000.0,283.766,,5979.0,,Sin evaluación,False,MUNICIPALIDAD DE CISNES,False,2021,2021,283766000.0
40003992,40003992-0,"CONSTRUCCION SUMINISTRO E. ELECTRICA FOTOVOLTAICA LOC. DE QUIACA-ISLA LLANCAHUE, HUALAIHUE",PROYECTO,ENERGIA,AUTOGENERACION,EJECUCION,0,2021,,HUALAIHUE,F.N.D.R.,485455000.0,485.455,,140.0,RS,Recomendado (RS),True,MUNICIPALIDAD DE HUALAIHUE,False,2019,2021,485455000.0
40004135,40004135-0,CONSTRUCCION PARQUE URBANO DE HUASCO,PROYECTO,VIVIENDA Y DESARROLLO URBANO,DESARROLLO URBANO,PERFIL,0,2023,,HUASCO,F.N.D.R.,4475090000.0,4475.09,,10149.0,OT,Objetado técnicamente (OT),False,MUNICIPALIDAD DE HUASCO,False,2019,2023,4475090000.0
40004201,40004201-0,TRANSFERENCIA PARA MEJORAR LA SOSTENIBILIDAD DE LOS SUELOS AGRÍCOLAS EN PROVINCIA DE LINARES,PROGRAMA,RECURSOS NATURALES Y MEDIO AMBIENTE,AGRICULTURA,PERFIL,0,2018,,,F.N.D.R.,1104000000.0,1104.0,1654453.09,200.0,,Sin evaluación,False,SERVICIO AGRICOLA GANADERO REGION DEL MAULE,False,2018,2018,1104000000.0
40004425,40004425-0,"ADQUISICION DE CONTENEDORES PARA EL RECICLAJE, COMUNA DE ALHUÉ",PROYECTO,RECURSOS NATURALES Y MEDIO AMBIENTE,MEDIO AMBIENTE,PERFIL,0,2019,,ALHUE,F.N.D.R.,78444000.0,78.444,,6444.0,,Sin evaluación,False,MUNICIPALIDAD DE ALHUE,False,2018,2019,78444000.0
40004435,40004435-0,MEJORAMIENTO SISTEMA ALUMBRADO PUBLICO DE ESTACIÓN CENTRAL,PROYECTO,ENERGIA,ALUMBRADO PUBLICO,PERFIL,0,2021,,ESTACION CENTRAL,F.N.D.R.,,,,147041.0,RS,Recomendado (RS),True,MUNICIPALIDAD DE ESTACION CENTRAL,False,2018,2021,
40004584,40004584-0,CONSTRUCCION ESPACIO PUBLICO PARQUE KELLOLLAMPU TIERRA AMARILLA,PROYECTO,VIVIENDA Y DESARROLLO URBANO,DESARROLLO URBANO,PERFIL,0,2020,,TIERRA AMARILLA,F.N.D.R.,3193765000.0,3193.765,,5330.0,FI,Falta información (FI),False,MUNICIPALIDAD DE TIERRA AMARILLA,False,2019,2020,3193765000.0
40004623,40004623-0,"SANEAMIENTO CHILE PROPIETARIO, PROGRAMA REGULARIZACION DE LA PEQUEÑA PROPIEDAD RAIZ",PROGRAMA,SOLUCION HABITACIONAL PARCIAL O,,PERFIL,0,2019,VALPARAISO,,F.N.D.R.,502073000.0,502.073,752406.0,2400.0,,Sin evaluación,False,SEREMI BIENES NACIONALES REGION DE VALPARAISO,False,2018,2019,502083000.0
40004683,40004683-0,"CONSTRUCCION ÃREAS VERDES VILLA EL MIRADOR , COMUNA SAN ANTONIO",PROYECTO,VIVIENDA Y DESARROLLO URBANO,DESARROLLO URBANO,PERFIL,0,2019,,SAN ANTONIO,SECTORIAL,46350000.0,46.35,,15420.0,FI,Falta información (FI),False,SEREMI VIVIENDA REGION DE VALPARAISO,True,2019,2019,46350000.0
40004686,40004686-0,CONSTRUCCION ESTACIÓN INTEGRAL DE RESIDUOS SÓLIDOS COMUNA DE RENGO,PROYECTO,RECURSOS NATURALES Y MEDIO AMBIENTE,MEDIO AMBIENTE,PERFIL,0,2023,,RENGO,F.N.D.R.,308110000.0,308.11,,58825.0,,Sin evaluación,False,MUNICIPALIDAD DE RENGO,False,2019,2023,308110000.0
40004687,40004687-0,"MEJORAMIENTO PARQUE AV. BULNES (MAIPU - EL BOSQUE), PUNTA ARENAS",PROYECTO,VIVIENDA Y DESARROLLO URBANO,DESARROLLO URBANO,DISEÑO,0,2025,,PUNTA ARENAS,SECTORIAL,3183703000.0,3183.703,,147057.0,RS,Recomendado (RS),True,SEREMI VIVIENDA REGION DE MAGALLANES Y ANTARTICA CHILENA,False,2019,2025,3183703000.0
40004843,40004843-0,"AMPLIACION RED DE AGUA POTABLE HUASCO BAJO SUR, HUASCO",PROYECTO,RECURSOS HIDRICOS,AGUA POTABLE,PERFIL,0,2023,,HUASCO,F.N.D.R.,1860084000.0,1860.084,,2592.0,RS,Recomendado (RS),True,MUNICIPALIDAD DE HUASCO,False,2019,2023,1860084000.0
40004902,40004902-0,CONSTRUCCION RELLENO SANITARIO DE DIEGO DE ALMAGRO,PROYECTO,RECURSOS NATURALES Y MEDIO AMBIENTE,MEDIO AMBIENTE,EJECUCION,0,2023,,DIEGO DE ALMAGRO,F.N.D.R.,1603213000.0,1603.213,,15224.0,RS,Recomendado (RS),True,MUNICIPALIDAD DE DIEGO DE ALMAGRO,False,2019,2023,1603213000.0
40004920,40004920-0,TRANSFERENCIA ADAPTACIÓN DEL RUBRO LECHERO PARA EL CAMBIO CLIMÁTICO,PROGRAMA,RECURSOS NATURALES Y MEDIO AMBIENTE,PECUARIO,PERFIL,0,2019,LOS RIOS,,F.N.D.R.,262650000.0,262.65,393606.98,110.0,,Sin evaluación,False,SEREMI AGRICULTURA REGION DE LOS RIOS,False,2019,2019,262650000.0
40004922,40004922-0,TRANSFERENCIA PLANES DE MANEJO HORTÍCOLA SOSTENIBLE PARA LOS DIFERENTES DISTRITOS CLIMÁTICOS,PROGRAMA,RECURSOS NATURALES Y MEDIO AMBIENTE,AGRICULTURA,PERFIL,0,2019,LOS RIOS,,F.N.D.R.,406850000.0,406.85,609704.93,120.0,,Sin evaluación,False,SEREMI AGRICULTURA REGION DE LOS RIOS,False,2019,2019,406850000.0
40004957,40004957-0,ADQUISICION MAQUINARIAS Y SET DE COMPOSTAJE PARA EL MANEJO INTEGRAL DE RESIDUOS SÓLIDOS,PROYECTO,RECURSOS NATURALES Y MEDIO AMBIENTE,MEDIO AMBIENTE,PERFIL,0,2019,,FUTRONO - REGION XIV,F.N.D.R.,140080000.0,140.08,,9100.0,,Sin evaluación,False,MUNICIPALIDAD DE FUTRONO REGION DE LOS RIOS,False,2019,2019,140080000.0
40005138,40005138-0,"CAPACITACION EN SEPARACIÓN DE RESIDUOS SÓLIDOS DOMICILIARIOS INORGÁNICOS, COMUNA",PROGRAMA,RECURSOS NATURALES Y MEDIO AMBIENTE,MEDIO AMBIENTE,EJECUCION,0,2021,TARAPACA,,F.N.D.R.,456657000.0,456.657,656408.75,6635.0,RS,Recomendado (RS),True,GOBIERNO REGIONAL - REGION DE TARAPACA,False,2018,2021,456657000.0
40005289,40005289-0,"MEJORAMIENTO ESPACIO PÚBLICO HUMEDAL EL LOTO, LLANQUIHUE",PROYECTO,VIVIENDA Y DESARROLLO URBANO,DESARROLLO URBANO,DISEÑO,0,2023,,LLANQUIHUE,F.N.D.R.,81352000.0,81.352,,17591.0,RS,Recomendado (RS),True,MUNICIPALIDAD DE LLANQUIHUE,False,2019,2023,86443000.0
40005376,40005376-0,TRANSFERENCIA DESARROLLO PRODUCTIVO DEL RUBRO HORTÍCOLA PARA LA ADAPTACIÓN AL CAMBIO CLIMÁTICO,PROGRAMA,,,PERFIL,0,2019,LOS LAGOS,,F.N.D.R.,231750000.0,231.75,347300.27,100.0,,Sin evaluación,False,SEREMI AGRICULTURA REGION DE LOS LAGOS,False,2019,2019,231750000.0
40005432,40005432-0,"CONSTRUCCION PARQUE URBANO KAUKARI 3RA ETAPA A, CON REDISEÑO FLUVIAL, RIO COPIAPO",PROYECTO,VIVIENDA Y DESARROLLO URBANO,DESARROLLO URBANO,EJECUCION,1,2022,,COPIAPO,SECTORIAL,20284754000.0,20284.754,,153937.0,RS,Recomendado (RS),True,SEREMI VIVIENDA REGION DE ATACAMA,False,2019,2022,20284754000.0
40005448,40005448-0,"CONSTRUCCION PARQUE URBANO KAUKARI 3ERA ETAPA, CON REDISEÑO FLUVIAL, RÍO COPIAPÓ",PROYECTO,VIVIENDA Y DESARROLLO URBANO,DESARROLLO URBANO,DISEÑO,0,2019,ATACAMA,,SECTORIAL,57680000.0,57.68,,153937.0,RS,Recomendado (RS),True,SEREMI VIVIENDA REGION DE ATACAMA,False,2018,2019,57680000.0
40005580,40005580-0,CONSTRUCCION PLAZA PAULA JARAQUEMADA ANTOFAGASTA,PROYECTO,VIVIENDA Y DESARROLLO URBANO,DESARROLLO URBANO,PERFIL,0,2025,,ANTOFAGASTA,F.N.D.R.,1152336000.0,1152.336,,2185.0,RS,Recomendado (RS),True,SEREMI VIVIENDA REGION DE ANTOFAGASTA,False,2020,2025,6618812000.0
40005652,40005652-0,"CAPACITACION EN EFICIENCIA ENERGÉTICA EN EL HOGAR, REGIÓN DEL MAULE",PROGRAMA,ENERGIA,INTERSUBSECTORIAL ENERGIA,EJECUCION,0,2021,L MAULE,,F.N.D.R.,251344000.0,251.344,361287.36,56000.0,,Sin evaluación,False,SEREMI DE ENERGIA REGION DEL MAULE,False,2018,2021,268260000.0
40005653,40005653-0,"REPOSICION CAMION RECOLECTOR RSD,COMUNA DE ERCILLA",PROYECTO,RECURSOS NATURALES Y MEDIO AMBIENTE,MEDIO AMBIENTE,PERFIL,0,2019,,ERCILLA,F.N.D.R.,132000000.0,132.0,,3513.0,,Sin evaluación,False,MUNICIPALIDAD DE ERCILLA,False,2018,2019,132000000.0
40005781,40005781-0,CONSTRUCCION PLANTA DE COMPOSTAJE DE RESIDUOS SOLIDOS ORGANICOS MOSTAZAL,PROYECTO,RECURSOS NATURALES Y MEDIO AMBIENTE,MEDIO AMBIENTE,PERFIL,0,2019,,MOSTAZAL,F.N.D.R.,110965000.0,110.965,,25343.0,,Sin evaluación,False,MUNICIPALIDAD DE MOSTAZAL,False,2019,2019,110965000.0
40005846,40005846-0,CONSTRUCCION CASETAS SANITARIAS LOCALIDAD DE ANGOSTURA - MOSTAZAL,PROYECTO,VIVIENDA Y DESARROLLO URBANO,SOLUCION HABITACIONAL PARCIAL O COMPLEMENTARIA,PERFIL,0,2023,,MOSTAZAL,F.N.D.R.,2667987000.0,2667.987,,1196.0,,Sin evaluación,False,MUNICIPALIDAD DE MOSTAZAL,False,2020,2023,11195461000.0
40005951,40005951-0,CONSERVACION PARQUE URBANO SECTOR EX FFCC TALTAL,PROYECTO,VIVIENDA Y DESARROLLO URBANO,DESARROLLO URBANO,EJECUCION,1,2025,,TALTAL,SECTORIAL,884349000.0,884.349,,11982.0,,Sin evaluación,False,SEREMI VIVIENDA REGION DE ANTOFAGASTA,False,2019,2025,1746375000.0
40006253,40006253-0,"MEJORAMIENTO ÁREA VERDE GIMNASIO VILLA LOS BOLDOS, TOLTEN",PROYECTO,VIVIENDA Y DESARROLLO URBANO,DESARROLLO URBANO,PERFIL,0,2020,,TOLTEN,F.N.D.R.,80000000.0,80.0,,508.0,,Sin evaluación,False,MUNICIPALIDAD DE TOLTEN,False,2018,2020,80000000.0
40006260,40006260-0,"CONSERVACION MUROS DE CONTENCION VILLA CAUPOLICAN Y OTROS, PUNTA ARENAS",PROYECTO,VIVIENDA Y DESARROLLO URBANO,DESARROLLO URBANO,PERFIL,0,2018,,PUNTA ARENAS,F.N.D.R.,50798000.0,50.798,,6710.0,,Sin evaluación,False,MUNICIPALIDAD DE PUNTA ARENAS,False,2018,2018,50798000.0
40006577,40006577-0,CONSTRUCCION PARQUE URBANO RENÉ SCHNEIDER CALAMA,PROYECTO,VIVIENDA Y DESARROLLO URBANO,DESARROLLO URBANO,DISEÑO,0,2021,,CALAMA,SECTORIAL,209380000.0,209.38,,21280.0,IN,Incumplimiento (IN),False,SEREMI VIVIENDA REGION DE ANTOFAGASTA,False,2018,2021,239500000.0
40006627,40006627-0,REPOSICION LUMINARIAS DEL ALUMBRADO PÚBLICO EN TECNOLOGÍA LED,PROYECTO,ENERGIA,ALUMBRADO PUBLICO,PERFIL,0,2021,,FUTALEUFU,F.N.D.R.,299833000.0,299.833,,1182.0,,Sin evaluación,False,MUNICIPALIDAD DE FUTALEUFU,False,2019,2021,299833000.0
40006827,40006827-0,CONSTRUCCION PARQUE URBANO OASIS CALAMA,PROYECTO,VIVIENDA Y DESARROLLO URBANO,DESARROLLO URBANO,EJECUCION,0,2024,,CALAMA,SECTORIAL,18746522000.0,18746.522,,165731.0,RS,Recomendado (RS),True,SEREMI VIVIENDA REGION DE ANTOFAGASTA,False,2020,2024,29290579000.0
40006852,40006852-0,"ADQUISICION CAMIÓN RECOLECTOR DE RESIDUOS SÓLIDOS DOMICILIARIOS, CHILE CHICO",PROYECTO,RECURSOS NATURALES Y MEDIO AMBIENTE,MEDIO AMBIENTE,EJECUCION,0,2019,,CHILE CHICO,F.N.D.R.,86999000.0,86.999,,3341.0,,Sin evaluación,False,MUNICIPALIDAD DE CHILE CHICO,False,2018,2019,86999000.0
40006924,40006924-0,TRANSFERENCIA VALORIZACIÓN DE RESIDUOS PECUARIOS Y FORESTALES,PROGRAMA,RECURSOS NATURALES Y MEDIO AMBIENTE,INTERSUBSECTORIAL,PERFIL,0,2019,LOS RIOS,,F.N.D.R.,250000000000.0,250000.0,374649702.53,250.0,,Sin evaluación,False,SEREMI AGRICULTURA REGION DE LOS RIOS,False,2019,2019,250000000000.0
40006953,40006953-0,"REPOSICION CAMIONES RECOLECTORES DE RESIDUOS SOLIDOS DOMICILIARIOS, COMUNA DE PUNITAQUI",PROYECTO,RECURSOS NATURALES Y MEDIO AMBIENTE,MEDIO AMBIENTE,PERFIL,0,2021,,PUNITAQUI,F.N.D.R.,250972000.0,250.972,,10956.0,,Sin evaluación,False,MUNICIPALIDAD DE PUNITAQUI,False,2018,2021,250972000.0
40006997,40006997-0,"ADQUISICION LUMINARIAS FOTOVOLTAICAS PLAZAS Y AREAS EQUIPAMIENTO ETAPA 2, QUILLOTA",PROYECTO,ENERGIA,ALUMBRADO PUBLICO,PERFIL,0,2022,,QUILLOTA,F.N.D.R.,391344000.0,391.344,,70000.0,,Sin evaluación,False,MUNICIPALIDAD DE QUILLOTA,False,2018,2022,391344000.0
40007042,40007042-0,"ADQUISICION CONTENEDORES DE BASURA PARA RSD, COMUNA DE ISLA DE MAIPO",PROYECTO,RECURSOS NATURALES Y MEDIO AMBIENTE,MEDIO AMBIENTE,PERFIL,0,2020,,ISLA DE MAIPO,F.N.D.R.,377896000.0,377.896,,36219.0,,Sin evaluación,False,MUNICIPALIDAD DE ISLA DE MAIPO,False,2018,2020,377896000.0
40007114,40007114-0,ADQUISICION MAQUINAS Y EQUIPOS PARA MANEJO RESIDUOS SOLIDOS PUNTA ARENAS,PROYECTO,RECURSOS NATURALES Y MEDIO AMBIENTE,MEDIO AMBIENTE,PERFIL,0,2025,,PUNTA ARENAS,F.N.D.R.,3637565000.0,3637.565,,119496.0,,Sin evaluación,False,MUNICIPALIDAD DE PUNTA ARENAS,False,2018,2025,3637565000.0
40007272,40007272-0,"ADQUISICION CONTENEDORES DE RSD Y A, COMUNA DE CUREPTO",PROYECTO,RECURSOS NATURALES Y MEDIO AMBIENTE,MEDIO AMBIENTE,EJECUCION,0,2024,,CUREPTO,F.N.D.R.,199599000.0,199.599,,9113.0,,Sin evaluación,False,MUNICIPALIDAD DE CUREPTO,False,2021,2024,199599000.0
40007341,40007341-0,"CONSTRUCCION OBRAS DE CIERRE VERTEDERO MUNICIPAL CURACO, OSORNO",PROYECTO,RECURSOS NATURALES Y MEDIO AMBIENTE,MEDIO AMBIENTE,PERFIL,0,2019,,OSORNO,F.N.D.R.,1439935000.0,1439.935,,161460.0,OT,Objetado técnicamente (OT),False,MUNICIPALIDAD DE OSORNO,False,2019,2019,1439935000.0
40007513,40007513-0,TRANSFERENCIA DE CAPACIDADES PARA EL DESARROLLO DEL RIEGO,PROGRAMA,RECURSOS NATURALES Y MEDIO AMBIENTE,AGRICULTURA,PERFIL,0,2019,AISEN DEL GENERAL CARLOS,,F.N.D.R.,308674000.0,308.674,462578.49,499.0,,Sin evaluación,False,SEREMI AGRICULTURA REGION DE AISEN DEL GENERAL CARLOS IBAÑEZ DEL CAMPO,False,2019,2019,308674000.0
40007578,40007578-0,ADQUISICION VEHICULOS PARA RECOLECCIÓN SEGREGADA DE RSD RECICLABLES EN LA,PROYECTO,RECURSOS NATURALES Y MEDIO AMBIENTE,MEDIO AMBIENTE,PERFIL,0,2020,METROPOLITANA DE SANTIAGO,,F.N.D.R.,951723000.0,951.723,,869409.0,,Sin evaluación,False,GOBIERNO REGIONAL - REGION METROPOLITANA DE SANTIAGO,False,2018,2020,951723000.0
40007649,40007649-0,REPOSICION 100 CONTENEDORES PARA LA DISPOSICIÓN DE RSD COMUNA SAN JUAN DE LA COSTA,PROYECTO,RECURSOS NATURALES Y MEDIO AMBIENTE,MEDIO AMBIENTE,PERFIL,0,2019,,SAN JUAN DE LA COSTA,F.N.D.R.,48652000.0,48.652,,8654.0,,Sin evaluación,False,MUNICIPALIDAD DE SAN JUAN DE LA COSTA,False,2018,2019,48652000.0
40007748,40007748-0,ADQUISICION CONTENEDORES DE BASURA DOMICILIARIA COMUNA DE CALERA DE TANGO,PROYECTO,RECURSOS NATURALES Y MEDIO AMBIENTE,MEDIO AMBIENTE,PERFIL,0,2019,,CALERA DE TANGO,F.N.D.R.,82391000.0,82.391,,31746.0,,Sin evaluación,False,MUNICIPALIDAD DE CALERA DE TANGO,False,2018,2019,82391000.0
40007893,40007893-0,"CONSTRUCCION PARQUE URBANO VILLA LA UNIÓN PISCO ELQUI, COMUNA DE PAIHUANO",PROYECTO,VIVIENDA Y DESARROLLO URBANO,DESARROLLO URBANO,DISEÑO,0,2023,,PAIHUANO,F.N.D.R.,102394000.0,102.394,,1281.0,RS,Recomendado (RS),True,MUNICIPALIDAD DE PAIHUANO,False,2020,2023,102394000.0
40007913,40007913-0,"SANEAMIENTO REGULARIZACION Y ORDENAMIENTO TERRITORIAL BORDE COSTERO, REGIÓN DE ATACAMA",PROGRAMA,SOLUCION HABITACIONAL PARCIAL O,,PERFIL,0,2018,ATACAMA,,F.N.D.R.,2154358000.0,2154.358,3228518.34,3160.0,OT,Objetado técnicamente (OT),False,SEREMI BIENES NACIONALES REGION DE ATACAMA,False,2018,2018,2154358000.0
40007928,40007928-0,CONSTRUCCION CENTRO DE TRATAMIENTO RESIDUOS SÓLIDOS . COMUNA DE PALENA,PROYECTO,RECURSOS NATURALES Y MEDIO AMBIENTE,MEDIO AMBIENTE,PERFIL,0,2026,,PALENA,F.N.D.R.,4670217000.0,4670.217,,2695.0,RS,Recomendado (RS),True,MUNICIPALIDAD DE PALENA,False,2018,2026,4670217000.0
40007939,40007939-0,REPOSICION EQUIPOS DE ALUMBRADO PÚBLICO CON TECNOLOGIA LED COMUNA DE MAULLIN,PROYECTO,ENERGIA,ALUMBRADO PUBLICO,PERFIL,0,2022,,MAULLIN,F.N.D.R.,902196000.0,902.196,,14216.0,,Sin evaluación,False,MUNICIPALIDAD DE MAULLIN,False,2019,2022,902723000.0
40007995,40007995-0,ADQUISICION CONTENEDORES DOMICILIARIOS Y DE RECICLAJE COMUNA DE PADRE HURTADO,PROYECTO,RECURSOS NATURALES Y MEDIO AMBIENTE,MEDIO AMBIENTE,PERFIL,0,2021,,PADRE HURTADO,F.N.D.R.,818468000.0,818.468,,63250.0,,Sin evaluación,False,MUNICIPALIDAD DE PADRE HURTADO,False,2019,2021,818468000.0
40008098,40008098-0,"CONSERVACION DIVERSOS MUROS DE CONTENCIÓN SECTOR SUR, PUNTA ARENAS",PROYECTO,VIVIENDA Y DESARROLLO URBANO,DESARROLLO URBANO,PERFIL,0,2019,,PUNTA ARENAS,F.N.D.R.,43514000.0,43.514,,4735.0,,Sin evaluación,False,MUNICIPALIDAD DE PUNTA ARENAS,False,2018,2019,43514000.0
40008108,40008108-0,"REPOSICION CAMION RECOLECTOR DE RSD Y ADQ. DE CONTENEDORES DE BASURA, COMUNA DE MELIPEUCO",PROYECTO,RECURSOS NATURALES Y MEDIO AMBIENTE,MEDIO AMBIENTE,PERFIL,0,2022,,MELIPEUCO,F.N.D.R.,184721000.0,184.721,,5601.0,,Sin evaluación,False,MUNICIPALIDAD DE MELIPEUCO,False,2019,2022,184721000.0
40008154,40008154-0,TRANSFERENCIA INVERSION RIEGO MAICEROS REGION DE O'HIGGINS,PROGRAMA,RECURSOS NATURALES Y MEDIO AMBIENTE,AGRICULTURA,PERFIL,0,2018,L LIBERTADOR GENERAL,,F.N.D.R.,100500000.0,100.5,150609.18,50.0,,Sin evaluación,False,INSTITUTO DESARROLLO AGROPECUARIO REGION DEL LIBERTADOR GENERAL BERNARDO,False,2018,2018,100500000.0
40008344,40008344-0,"AMPLIACION RED ALUMBRADO PUBLICO E IMPLEMENTACION DE POSTES SOLARES, PUREN",PROYECTO,ENERGIA,ALUMBRADO PUBLICO,PERFIL,0,2021,,PUREN,F.N.D.R.,42306000.0,42.306,,11779.0,,Sin evaluación,False,MUNICIPALIDAD DE PUREN,False,2019,2021,42306000.0
40008350,40008350-0,"TRANSFERENCIA MÓDULOS TECNOLÓGICOS EPA: ENERGÍA, PRODUCCIÓN Y AGUA",PROGRAMA,RECURSOS NATURALES Y MEDIO AMBIENTE,AGRICULTURA,PERFIL,0,2019,LA ARAUCANIA,,F.N.D.R.,507549000.0,507.549,760612.33,100.0,,Sin evaluación,False,INSTITUTO DE INVESTIGACIONES AGROPEC. CARILLANCA,False,2018,2019,507549000.0
40008479,40008479-0,"CAPACITACION EDUCATIVA INTEGRAL EN EFICIENCIA ENERGÉTICA, REGIÓN DE TARAPACÁ",PROGRAMA,ENERGIA,INTERSUBSECTORIAL ENERGIA,PERFIL,0,2021,TARAPACA,,F.N.D.R.,643458000.0,643.458,924920.58,12836.0,,Sin evaluación,False,SEREMI DE ENERGIA REGION DE TARAPACA,False,2018,2021,672513000.0
40008605,40008605-0,"INSTALACION SISTEMA SOLAR AGUA CALIENTE SANITARIA ESCUELA RURAL ISLA HUAPI, FUTRONO",PROYECTO,ENERGIA,INTERSUBSECTORIAL ENERGIA,PERFIL,0,2019,,FUTRONO - REGION XIV,F.N.D.R.,10000000.0,10.0,,109.0,RS,Recomendado (RS),True,MUNICIPALIDAD DE FUTRONO REGION DE LOS RIOS,False,2018,2019,10413000.0
40008649,40008649-0,CAPACITACION GESTION HIDRICA INTRAPREDIAL SISTEMAS AGROPECUARIOS AREA CANAL FAJA MAISAN,PROGRAMA,RECURSOS NATURALES Y MEDIO AMBIENTE,AGRICULTURA,PERFIL,0,2019,LA ARAUCANIA,,F.N.D.R.,410191000.0,410.191,614711.74,200.0,,Sin evaluación,False,INSTITUTO DE INVESTIGACIONES AGROPEC. CARILLANCA,False,2018,2019,410191000.0
40008776,40008776-0,"MEJORAMIENTO AREA VERDE LOS COIGUES 9, VICTORIA",PROYECTO,VIVIENDA Y DESARROLLO URBANO,DESARROLLO URBANO,PERFIL,0,2020,,VICTORIA,F.N.D.R.,10000000.0,10.0,,600.0,,Sin evaluación,False,MUNICIPALIDAD DE VICTORIA,False,2018,2020,10000000.0
40008979,40008979-0,"MEJORAMIENTO AREA VERDE HUICHAHUE SUR, PADRE LAS CASAS",PROYECTO,VIVIENDA Y DESARROLLO URBANO,DESARROLLO URBANO,PERFIL,0,2021,,PADRE LAS CASAS,F.N.D.R.,30229000.0,30.229,,2300.0,,Sin evaluación,False,MUNICIPALIDAD DE PADRE LAS CASAS,False,2019,2021,30229000.0
40008985,40008985-0,"MEJORAMIENTO ÁREA VERDE LOMAS DE HUITRAN, PADRE LAS CASAS",PROYECTO,VIVIENDA Y DESARROLLO URBANO,DESARROLLO URBANO,PERFIL,0,2021,,PADRE LAS CASAS,F.N.D.R.,42940000.0,42.94,,2300.0,,Sin evaluación,False,MUNICIPALIDAD DE PADRE LAS CASAS,False,2019,2021,42940000.0
40009048,40009048-0,"CONSTRUCCION PUNTOS LIMPIOS, TOLTEN",PROYECTO,RECURSOS NATURALES Y MEDIO AMBIENTE,MEDIO AMBIENTE,PERFIL,0,2018,,TOLTEN,F.N.D.R.,51200000.0,51.2,,3997.0,,Sin evaluación,False,MUNICIPALIDAD DE TOLTEN,False,2018,2018,51200000.0
40009201,40009201-0,"CONSTRUCCION PLANTA DE GENERACIÓN FOTOVOLTAICA PARA SECTOR VAI A REPA, RAPA NUI",PROYECTO,ENERGIA,AUTOGENERACION,PERFIL,0,2022,,ISLA DE PASCUA,F.N.D.R.,2566250000.0,2566.25,,381.0,FI,Falta información (FI),False,MUNICIPALIDAD DE ISLA DE PASCUA,False,2019,2022,2566250000.0
40009213,40009213-0,"ADQUISICION E INSTALACION LUMINARIAS LED BARRIO SAN SEBASTIAN, COMUNA DE ANGOL",PROYECTO,ENERGIA,ALUMBRADO PUBLICO,PERFIL,0,2019,,ANGOL,F.N.D.R.,40380000.0,40.38,,2000.0,,Sin evaluación,False,MUNICIPALIDAD DE ANGOL,False,2018,2019,40380000.0
40009365,40009365-0,"CONSTRUCCION PARQUE URBANO DEL PACÍFICO, SAN ANTONIO",PROYECTO,VIVIENDA Y DESARROLLO URBANO,DESARROLLO URBANO,DISEÑO,0,2023,,SAN ANTONIO,SECTORIAL,315171000.0,315.171,,91300.0,RS,Recomendado (RS),True,SEREMI VIVIENDA REGION DE VALPARAISO,False,2019,2023,317286000.0
40009457,40009457-0,"CONSTRUCCION INFRAESTRUCTURA SANITARIA VILLA ALTOS DEL SOL, LABRANZA,",PROYECTO,VIVIENDA Y DESARROLLO URBANO,SOLUCION HABITACIONAL PARCIAL O COMPLEMENTARIA,EJECUCION,0,2023,,TEMUCO,F.N.D.R.,733633000.0,733.633,,152.0,RS,Recomendado (RS),True,MUNICIPALIDAD DE TEMUCO,False,2019,2023,733633000.0
40009549,40009549-0,"ADQUISICION EQUIPAMIENTO PREVENCIÓN Y COMBATE DE INCENDIOS FORESTALES, REGIÓN AYSÉN",PROYECTO,RECURSOS NATURALES Y MEDIO AMBIENTE,MEDIO AMBIENTE,EJECUCION,0,2020,AISEN DEL GENERAL CARLOS,,F.N.D.R.,490524000.0,490.524,,101315.0,,Sin evaluación,False,CORPORACION NACIONAL FORESTAL REGION DE AISEN DEL GENERAL CARLOS IBAÑEZ DEL CAMPO,False,2019,2020,490525000.0
40009624,40009624-0,DIFUSION Y EDUCACIÓN AMBIENTAL EN CALIDAD DEL AIRE.,PROGRAMA,RECURSOS NATURALES Y MEDIO AMBIENTE,MEDIO AMBIENTE,EJECUCION,0,2023,AISEN DEL GENERAL CARLOS,,F.N.D.R.,640974000.0,640.974,901206.34,102970.0,,Sin evaluación,False,SEREMI DE MEDIO AMBIENTE REGION DE AISEN DEL GENERAL CARLOS IBAÑEZ DEL CAMPO,False,2019,2023,640974000.0
40009774,40009774-0,ADQUISICION CAMIONES BASURA Y CONTENEDORES PARA LA MUNICIPALIDAD DE ANCUD,PROYECTO,RECURSOS NATURALES Y MEDIO AMBIENTE,MEDIO AMBIENTE,PERFIL,0,2019,,ANCUD,F.N.D.R.,806218000.0,806.218,,38991.0,,Sin evaluación,False,MUNICIPALIDAD DE ANCUD,False,2019,2019,806218000.0
40009836,40009836-0,"ADQUISICION MAQUINARIA RELLENO SANITARIO, COMUNA DE CALDERA",PROYECTO,RECURSOS NATURALES Y MEDIO AMBIENTE,MEDIO AMBIENTE,EJECUCION,0,2019,,CALDERA,F.N.D.R.,433533000.0,433.533,,17662.0,,Sin evaluación,False,MUNICIPALIDAD DE CALDERA,False,2018,2019,433534000.0
40009841,40009841-0,"CONSTRUCCION ESPACIO PÚBLICO POBLACIÓN GABRIELA MISTRAL, CORONEL",PROYECTO,VIVIENDA Y DESARROLLO URBANO,DESARROLLO URBANO,EJECUCION,0,2023,,CORONEL,F.N.D.R.,1355704000.0,1355.704,,4000.0,RS,Recomendado (RS),True,MUNICIPALIDAD DE CORONEL,False,2019,2023,1355704000.0
40009881,40009881-0,ADQUISICION GALPÓN MODULAR VEHÍCULOS EMERGENCIA INCENDIOS FORESTALES REGIÓN VALPARAISO,PROYECTO,RECURSOS NATURALES Y MEDIO AMBIENTE,SILVICULTURA,PERFIL,0,2019,VALPARAISO,,F.N.D.R.,189568000.0,189.568,,1815902.0,,Sin evaluación,False,CORPORACION NACIONAL FORESTAL REGION DE VALPARAISO,False,2019,2019,189568000.0
40009900,40009900-0,TRANSFERENCIA PARA LA SOSTENIBILIDAD DE LOS SUELOS AGRÍCOLAS EN PROVINCIA DE LINARES,PROGRAMA,RECURSOS NATURALES Y MEDIO AMBIENTE,AGRICULTURA,EJECUCION,0,2021,L MAULE,,F.N.D.R.,307777000.0,307.777,442405.38,200.0,,Sin evaluación,False,SERVICIO AGRICOLA GANADERO REGION DEL MAULE,False,2019,2021,307777000.0
40010124,40010124-0,MEJORAMIENTO PLAZAS Y ÁREAS VERDES SECTOR HUERTOS FAMILIARES COMUNA DE TIL TIL,PROYECTO,VIVIENDA Y DESARROLLO URBANO,DESARROLLO URBANO,PERFIL,0,2020,,TIL TIL,F.N.D.R.,236969000.0,236.969,,4150.0,FI,Falta información (FI),False,MUNICIPALIDAD DE TIL TIL,False,2019,2020,236969000.0
40010151,40010151-0,ADQUISICION DE CONTENEDORES DE RSD PARA LA COMUNA DE CERRILLOS,PROYECTO,RECURSOS NATURALES Y MEDIO AMBIENTE,MEDIO AMBIENTE,PERFIL,0,2021,,CERRILLOS,F.N.D.R.,729009000.0,729.009,,80832.0,,Sin evaluación,False,MUNICIPALIDAD DE CERRILLOS,False,2019,2021,729009000.0
40010155,40010155-0,CONSTRUCCION SANEAMIENTO SANITARIO LOS PINOS ANTIQUINA,PROYECTO,VIVIENDA Y DESARROLLO URBANO,SOLUCION HABITACIONAL PARCIAL O COMPLEMENTARIA,PERFIL,0,2024,,CAÑETE,F.N.D.R.,428222000.0,428.222,,296.0,FI,Falta información (FI),False,MUNICIPALIDAD DE CAÑETE,False,2022,2024,428222000.0
40010220,40010220-0,"REPOSICION DOS CAMIONES DE RESIDUOS SÓLIDOS DOMICILIARIOS, COMUNA DE PINTO",PROYECTO,RECURSOS NATURALES Y MEDIO AMBIENTE,MEDIO AMBIENTE,PERFIL,0,2019,,PINTO - REGION DE ÑUBLE,F.N.D.R.,192520000.0,192.52,,10827.0,,Sin evaluación,False,MUNICIPALIDAD DE PINTO,False,2019,2019,192520000.0
40010353,40010353-0,"ADQUISICION CONTENEDORES PARA RESIDUOS SÓLIDOS, CAÑETE",PROYECTO,RECURSOS NATURALES Y MEDIO AMBIENTE,MEDIO AMBIENTE,PERFIL,0,2019,,CAÑETE,F.N.D.R.,268489000.0,268.489,,17420.0,,Sin evaluación,False,MUNICIPALIDAD DE CAÑETE,False,2019,2019,268489000.0
40010369,40010369-0,CAPACITACION Y TRANSFERENCIA EN MANEJO FORESTAL SUSTENTABLE DE BOSQUE NATIVO FASE - 1.,PROGRAMA,RECURSOS NATURALES Y MEDIO AMBIENTE,SILVICULTURA,PERFIL,0,2020,ÑUBLE,,F.N.D.R.,349841000.0,349.841,568643.74,150.0,,Sin evaluación,False,INSTITUTO FORESTAL REGION DE ÑUBLE,False,2020,2020,349841000.0
40010464,40010464-0,"ADQUISICION CONTENEDORES DE RESIDUOS SÓLIDOS INTRADOMICILIARIOS, COLINA",PROYECTO,RECURSOS NATURALES Y MEDIO AMBIENTE,MEDIO AMBIENTE,PERFIL,0,2022,,COLINA,F.N.D.R.,2545995000.0,2545.995,,40746.0,,Sin evaluación,False,MUNICIPALIDAD DE COLINA,False,2019,2022,2545995000.0
40010504,40010504-0,"CONSTRUCCION PARQUE URBANO SECTOR EL LITRE, COMUNA DE ALGARROBO",PROYECTO,VIVIENDA Y DESARROLLO URBANO,DESARROLLO URBANO,EJECUCION,0,2022,,ALGARROBO,F.N.D.R.,1931649000.0,1931.649,,8936.0,RS,Recomendado (RS),True,MUNICIPALIDAD DE ALGARROBO,False,2019,2022,1931649000.0
40010538,40010538-0,"ADQUISICION CONTENEDORES DE BASURA INTRADOMICILIARIos, comuna de la cisterna",PROYECTO,RECURSOS NATURALES Y MEDIO AMBIENTE,MEDIO AMBIENTE,PERFIL,0,2022,,LA CISTERNA,F.N.D.R.,623000000.0,623.0,,90119.0,,Sin evaluación,False,MUNICIPALIDAD DE LA CISTERNA,False,2019,2022,623000000.0
40010566,40010566-0,CONSTRUCCION RED DE PUNTOS LIMPIOS REGION DE TARAPACA,PROYECTO,RECURSOS NATURALES Y MEDIO AMBIENTE,MEDIO AMBIENTE,PERFIL,0,2024,TARAPACA,,F.N.D.R.,214008000.0,214.008,,237537.0,RS,Recomendado (RS),True,SEREMI DE MEDIO AMBIENTE REGION DE TARAPACA,False,2020,2024,214008000.0
40010623,40010623-0,ADQUISICION MAQUINARIA PARA DISPOSICIÓN FINAL DE RSD DE CURARREHUE Y PUCÓN,PROYECTO,RECURSOS NATURALES Y MEDIO AMBIENTE,MEDIO AMBIENTE,PERFIL,0,2019,,CURARREHUE,F.N.D.R.,379600000.0,379.6,,36012.0,,Sin evaluación,False,MUNICIPALIDAD DE CURARREHUE,False,2019,2019,379600000.0
40010828,40010828-0,"CAPACITACION ,EDUC. AMBIENTAL EN RECICLAJE CON USO DE COMPOSTERAS Y PTOS LIMPIOS,CONCEPCIÓN",PROGRAMA,RECURSOS NATURALES Y MEDIO AMBIENTE,MEDIO AMBIENTE,PERFIL,0,2022,,CONCEPCION,F.N.D.R.,976566000.0,976.566,1311495.8,23630.0,RS,Recomendado (RS),True,MUNICIPALIDAD DE CONCEPCION,False,2019,2022,976566000.0
40010991,40010991-0,TRANSFERENCIA INVERSIONES PARA LA MODERNIZACIÓN Y SUSTENTABILIDAD DE LA AFC.,PROGRAMA,RECURSOS NATURALES Y MEDIO AMBIENTE,AGRICULTURA,EJECUCION,0,2020,L LIBERTADOR GENERAL,,F.N.D.R.,728197000.0,728.197,1183636.75,100.0,,Sin evaluación,False,INSTITUTO DESARROLLO AGROPECUARIO REGION DEL LIBERTADOR GENERAL BERNARDO,False,2019,2020,728197000.0
40010992,40010992-0,TRANSFERENCIA MEJORAMIENTO SISTEMAS DE RIEGO EN LA PEQUEÑA AGRICULTURA,PROGRAMA,RECURSOS NATURALES Y MEDIO AMBIENTE,AGRICULTURA,EJECUCION,0,2020,L LIBERTADOR GENERAL,,F.N.D.R.,310788000.0,310.788,505165.63,60.0,,Sin evaluación,False,INSTITUTO DESARROLLO AGROPECUARIO REGION DEL LIBERTADOR GENERAL BERNARDO,False,2019,2020,310788000.0
40011035,40011035-0,"CONSERVACION CANTERAS, TALUDES Y LADERAS, PARQUE METROPOLITANO DE",PROYECTO,VIVIENDA Y DESARROLLO URBANO,DESARROLLO URBANO,EJECUCION,0,2022,METROPOLITANA DE SANTIAGO,,SECTORIAL,6613350000.0,6613.35,,5599807.0,,Sin evaluación,False,PARQUE METROPOLITANO,False,2019,2022,6613350000.0
40011047,40011047-0,TRANSFERENCIA Mejoramiento a la gestión del recurso hídrico en la RMS,PROGRAMA,RECURSOS NATURALES Y MEDIO AMBIENTE,AGRICULTURA,PERFIL,0,2023,METROPOLITANA DE SANTIAGO,,F.N.D.R.,2108088000.0,2108.088,2963961.53,700.0,,Sin evaluación,False,SEREMI AGRICULTURA REGION METROPOLITANA DE SANTIAGO,False,2023,2023,2108088000.0
40011086,40011086-0,"MEJORAMIENTO AREA VERDE VILLA EL ESFUERZO, T. SCHMIDT",PROYECTO,VIVIENDA Y DESARROLLO URBANO,DESARROLLO URBANO,PERFIL,0,2021,,TEODORO SCHMIDT,F.N.D.R.,40000000.0,40.0,,4173.0,,Sin evaluación,False,MUNICIPALIDAD DE TEODORO SCHMIDT,False,2019,2021,40000000.0
40011091,40011091-0,MEJORAMIENTO AREA VERDE VILLA LA ESPERANZA DE HUALPIN COMUNA DE TEODORO SCHMIDT,PROYECTO,VIVIENDA Y DESARROLLO URBANO,DESARROLLO URBANO,PERFIL,0,2021,,TEODORO SCHMIDT,F.N.D.R.,60000000.0,60.0,,4173.0,,Sin evaluación,False,MUNICIPALIDAD DE TEODORO SCHMIDT,False,2019,2021,60000000.0
40011208,40011208-0,TRANSFERENCIA Programa Prevención de Incendios Forestales en la Región del Maule,PROGRAMA,RECURSOS NATURALES Y MEDIO AMBIENTE,MEDIO AMBIENTE,EJECUCION,0,2021,L MAULE,,F.N.D.R.,193737000.0,193.737,278481.8,6520.0,,Sin evaluación,False,CORPORACION NACIONAL FORESTAL REGION DEL MAULE,False,2019,2021,194330000.0
40011404,40011404-0,"MEJORAMIENTO CON ERNC EL APR Y PTAS VILLA ESPERANZA, COLLIPULLI",PROYECTO,ENERGIA,AUTOGENERACION,PERFIL,0,2023,,COLLIPULLI,F.N.D.R.,94000000.0,94.0,,3000.0,,Sin evaluación,False,MUNICIPALIDAD DE COLLIPULLI,False,2019,2023,94000000.0
40011445,40011445-0,"MEJORAMIENTO DE AREA VERDE Y ESPACIO PUBLICO SECTOR ESTADIO, MELIPEUCO",PROYECTO,VIVIENDA Y DESARROLLO URBANO,DESARROLLO URBANO,PERFIL,0,2020,,MELIPEUCO,F.N.D.R.,80000000.0,80.0,,2624.0,,Sin evaluación,False,MUNICIPALIDAD DE MELIPEUCO,False,2019,2020,80000000.0
40011493,40011493-0,"ADQUISICION CAMION RECOLECTOR DE RSD ,COMUNA DE GORBEA",PROYECTO,RECURSOS NATURALES Y MEDIO AMBIENTE,MEDIO AMBIENTE,PERFIL,0,2023,,GORBEA,F.N.D.R.,197614000.0,197.614,,12350.0,,Sin evaluación,False,MUNICIPALIDAD DE GORBEA,False,2019,2023,197614000.0
40011555,40011555-0,"CONSERVACION INFRAESTRUCTURA Y CIERRES CENTRO ACTIVIDADES TÍPICAS, VILLA O'HIGGINS",PROYECTO,TURISMO Y COMERCIO,TURISMO,EJECUCION,0,2022,,OHIGGINS,F.N.D.R.,62160000.0,62.16,,625.0,,Sin evaluación,False,MUNICIPALIDAD DE OHIGGINS,False,2021,2022,62160000.0
40011670,40011670-0,"ADQUISICION DE MAQUINARIA PARA VERTEDERO MUNICIPAL, MONTE PATRIA",PROYECTO,RECURSOS NATURALES Y MEDIO AMBIENTE,MEDIO AMBIENTE,PERFIL,0,2023,,MONTE PATRIA,F.N.D.R.,890789000.0,890.789,,32607.0,,Sin evaluación,False,MUNICIPALIDAD DE MONTE PATRIA,False,2019,2023,890789000.0
40011890,40011890-0,"MEJORAMIENTO ÁREA VERDE CANAL LOS PATOS TRAMO CAUPOLICAN-LLEU LLEU, ARAUCO",PROYECTO,VIVIENDA Y DESARROLLO URBANO,DESARROLLO URBANO,PERFIL,0,2022,,ARAUCO,F.N.D.R.,59508000.0,59.508,,600.0,,Sin evaluación,False,MUNICIPALIDAD DE ARAUCO,False,2020,2022,59508000.0
40011897,40011897-0,"MEJORAMIENTO ÁREA VERDE VILLA ESPERANZA, COMUNA DE ARAUCO",PROYECTO,VIVIENDA Y DESARROLLO URBANO,DESARROLLO URBANO,PERFIL,0,2019,,ARAUCO,F.N.D.R.,70000000.0,70.0,,400.0,,Sin evaluación,False,MUNICIPALIDAD DE ARAUCO,False,2019,2019,70000000.0
40011900,40011900-0,"MEJORAMIENTO ÁREA VERDE CANAL LOS PATOS SECTOR VILLA RADIATA, ARAUCO",PROYECTO,VIVIENDA Y DESARROLLO URBANO,DESARROLLO URBANO,PERFIL,0,2019,,ARAUCO,F.N.D.R.,70000000.0,70.0,,600.0,,Sin evaluación,False,MUNICIPALIDAD DE ARAUCO,False,2019,2019,70000000.0
40011901,40011901-0,"MEJORAMIENTO ÁREA VERDE CANAL LOS PATOS SECTOR LOS PINOS, ARAUCO",PROYECTO,VIVIENDA Y DESARROLLO URBANO,DESARROLLO URBANO,PERFIL,0,2019,,ARAUCO,F.N.D.R.,70000000.0,70.0,,500.0,,Sin evaluación,False,MUNICIPALIDAD DE ARAUCO,False,2019,2019,70000000.0
40012050,40012050-0,"CONSTRUCCION CICLOVIA CALLE ALPATACAL, COMUNA DE COLINA",PROYECTO,TRANSPORTE,INTERSUBSECTORIAL TRANSPORTE,PERFIL,0,2021,,COLINA,F.N.D.R.,92402000.0,92.402,,2000.0,,Sin evaluación,False,MUNICIPALIDAD DE COLINA,False,2019,2021,92402000.0
40012053,40012053-0,"CONSTRUCCION CICLOVÍA CALLE ACONCAGUA TRAMO SUR, COMUNA DE COLINA",PROYECTO,TRANSPORTE,INTERSUBSECTORIAL TRANSPORTE,PERFIL,0,2019,,COLINA,F.N.D.R.,96706000.0,96.706,,2000.0,,Sin evaluación,False,MUNICIPALIDAD DE COLINA,False,2019,2019,96706000.0
40012056,40012056-0,"CONSTRUCCION CICLOVÍA AVENIDA CONCEPCIÓN, COMUNA DE COLINA",PROYECTO,TRANSPORTE,INTERSUBSECTORIAL TRANSPORTE,PERFIL,0,2021,,COLINA,F.N.D.R.,101452000.0,101.452,,2000.0,,Sin evaluación,False,MUNICIPALIDAD DE COLINA,False,2019,2021,101452000.0
40012098,40012098-0,"CONSTRUCCION CICLOVÍA CALETERA GENERAL SAN MARTÍN, COMUNA DE COLINA",PROYECTO,TRANSPORTE,INTERSUBSECTORIAL TRANSPORTE,PERFIL,0,2021,,COLINA,F.N.D.R.,101452000.0,101.452,,2000.0,,Sin evaluación,False,MUNICIPALIDAD DE COLINA,False,2019,2021,101452000.0
40012138,40012138-0,"INSTALACION ALUMBRADO PÚB EN CICLOVÍA Y CALZADA ORIENTE CARRETERA GRAL SAN MARTÍN, COLINA",PROYECTO,TRANSPORTE,INTERSUBSECTORIAL TRANSPORTE,PERFIL,0,2020,,COLINA,F.N.D.R.,71668000.0,71.668,,1000.0,,Sin evaluación,False,MUNICIPALIDAD DE COLINA,False,2019,2020,71668000.0
40012145,40012145-0,ADQUISICION DE LUMINARIAS LED PARA DIVERSOS SECTORES DE CALERA DE TANGO,PROYECTO,ENERGIA,ALUMBRADO PUBLICO,PERFIL,0,2021,,CALERA DE TANGO,F.N.D.R.,593397000.0,593.397,,9904.0,,Sin evaluación,False,MUNICIPALIDAD DE CALERA DE TANGO,False,2019,2021,593397000.0
40012309,40012309-0,"ADQUISICION 10.000 CONTENEDORES RSD ZONA URBANA, COMUNA DE VALDIVIA",PROYECTO,RECURSOS NATURALES Y MEDIO AMBIENTE,MEDIO AMBIENTE,PERFIL,0,2020,,VALDIVIA - REGION XIV,F.N.D.R.,304106000.0,304.106,,166080.0,,Sin evaluación,False,MUNICIPALIDAD DE VALDIVIA REGION DE LOS RIOS,False,2019,2020,304106000.0
40012326,40012326-0,CONSERVACION INFRAESTRUCTURA FERROVIARIA ZONA SUR,PROYECTO,TRANSPORTE,TRANSPORTE FERROVIARIO,EJECUCION,0,2023,,,EMPRESA,14642107000.0,14642.107,,4000.0,RS,Recomendado (RS),True,EMPRESA DE FERROCARRILES DEL ESTADO,False,2019,2023,15616664000.0
40012335,40012335-0,"NORMALIZACION REDES DE AGUA POTABLE, SECTOR ELENA CAFFARENA - IQUIQUE",PROYECTO,VIVIENDA Y DESARROLLO URBANO,SOLUCION HABITACIONAL PARCIAL O COMPLEMENTARIA,PERFIL,0,2022,,IQUIQUE,F.N.D.R.,296206000.0,296.206,,49.0,RS,Recomendado (RS),True,SEREMI VIVIENDA REGION DE TARAPACA,False,2020,2022,296206000.0
40012357,40012357-0,"ADQUISICION LUMINARIAS CON TECNOLOGIA LED, CURACAVI",PROYECTO,ENERGIA,ALUMBRADO PUBLICO,PERFIL,0,2021,,CURACAVI,F.N.D.R.,716603000.0,716.603,,27855.0,,Sin evaluación,False,MUNICIPALIDAD DE CURACAVI,False,2020,2021,716603000.0
40012364,40012364-0,CONSTRUCCION NUEVO PUENTE FERROVIARIO BIOBIO,PROYECTO,TRANSPORTE,TRANSPORTE FERROVIARIO,EJECUCION,0,2025,L BIO BIO,,EMPRESA,248847569000.0,248847.569,,825437.0,RS,Recomendado (RS),True,EMPRESA DE FERROCARRILES DEL ESTADO,False,2021,2025,248847569000.0
40012405,40012405-0,ADQUISICION MATERIAL RODANTE METROTREN NOS,PROYECTO,TRANSPORTE,TRANSPORTE FERROVIARIO,EJECUCION,0,2023,METROPOLITANA DE SANTIAGO,,EMPRESA,40965644000.0,40965.644,,1068291.0,RS,Recomendado (RS),True,EMPRESA DE FERROCARRILES DEL ESTADO,False,2019,2023,40965644000.0
40012408,40012408-0,CONSTRUCCION SERVICIO FERROVIARIO BIOTREN HACIA EL NORTE DE CONCEPCIÓN,PROYECTO,TRANSPORTE,TRANSPORTE FERROVIARIO,PREFACTIBILIDAD,0,2024,L BIO BIO,,EMPRESA,495877000.0,495.877,,270941.0,RS,Recomendado (RS),True,EMPRESA DE FERROCARRILES DEL ESTADO,False,2021,2024,495877000.0
40012441,40012441-0,"CONSTRUCCION RECAMBIO DE LUMINARIAS LED DIVERSOS SECTORES, COMUNA DE SAN FABIAN",PROYECTO,ENERGIA,ALUMBRADO PUBLICO,PERFIL,0,2021,,SAN FABIAN - REGION DE ÑUBLE,F.N.D.R.,82159000.0,82.159,,1539.0,,Sin evaluación,False,MUNICIPALIDAD DE SAN FABIAN,False,2020,2021,82159000.0
40012510,40012510-0,"MEJORAMIENTO AREAS VERDES DIVERSOS SECTORES, COMUNA DE RAUCO",PROYECTO,VIVIENDA Y DESARROLLO URBANO,DESARROLLO URBANO,EJECUCION,0,2021,,RAUCO,F.N.D.R.,98726000.0,98.726,,898.0,,Sin evaluación,False,MUNICIPALIDAD DE RAUCO,False,2019,2021,98726000.0
40012543,40012543-0,HABILITACION DESVÍOS Y DE COLA DE MANIOBRA EN ESTACIÓN CAJÓN,PROYECTO,TRANSPORTE,TRANSPORTE FERROVIARIO,PERFIL,0,2020,LA ARAUCANIA,,EMPRESA,703810000.0,703.81,,282415.0,FI,Falta información (FI),False,EMPRESA DE FERROCARRILES DEL ESTADO,False,2020,2020,703810000.0
40012545,40012545-0,NORMALIZACION GRUPOS RECTIFICADORES DE LA RED SUR DE EFE,PROYECTO,TRANSPORTE,TRANSPORTE FERROVIARIO,PERFIL,0,2021,,,EMPRESA,41396093000.0,41396.093,,0.0,FI,Falta información (FI),False,EMPRESA DE FERROCARRILES DEL ESTADO,False,2020,2021,41396093000.0
40012617,40012617-0,CONSTRUCCION PUNTOS LIMPIOS,PROYECTO,RECURSOS NATURALES Y MEDIO AMBIENTE,MEDIO AMBIENTE,PERFIL,0,2025,,CORRAL - REGION XIV,F.N.D.R.,56927000.0,56.927,,1151.0,,Sin evaluación,False,MUNICIPALIDAD DE CORRAL REGION DE LOS RIOS,False,2019,2025,56927000.0
40012731,40012731-0,"MEJORAMIENTO TALUDES AVENIDA LOS CANALES, VALLENAR",PROYECTO,TRANSPORTE,"TRANSPORTE URBANO,VIALIDAD PEATONAL",EJECUCION,0,2023,,VALLENAR,F.N.D.R.,1294336000.0,1294.336,,51917.0,RS,Recomendado (RS),True,MUNICIPALIDAD DE VALLENAR,False,2019,2023,1366568000.0
40012746,40012746-0,"REPOSICION CAMION RECOLECTOR RSD Y ADQUISICION 2 CONTENEDORES, LONQUIMAY",PROYECTO,RECURSOS NATURALES Y MEDIO AMBIENTE,MEDIO AMBIENTE,PERFIL,0,2023,,LONQUIMAY,F.N.D.R.,187030000.0,187.03,,8449.0,,Sin evaluación,False,MUNICIPALIDAD DE LONQUIMAY,False,2022,2023,187030000.0
40012747,40012747-0,CONSTRUCCION DE PUNTOS LIMPIOS EN PANGUIPULLI,PROYECTO,RECURSOS NATURALES Y MEDIO AMBIENTE,MEDIO AMBIENTE,PERFIL,0,2022,,PANGUIPULLI - REGION XIV,F.N.D.R.,43809000.0,43.809,,11091.0,,Sin evaluación,False,MUNICIPALIDAD DE PANGUIPULLI REGION DE LOS RIOS,False,2019,2022,46016000.0
40012774,40012774-0,"CONSTRUCCION PARQUE URBANO VIVERO MUNICIPAL, CHAÑARAL",PROYECTO,VIVIENDA Y DESARROLLO URBANO,DESARROLLO URBANO,PERFIL,0,2021,,CHAÑARAL,F.N.D.R.,2803189000.0,2803.189,,12219.0,OT,Objetado técnicamente (OT),False,MUNICIPALIDAD DE CHAÑARAL,False,2020,2021,2803189000.0
40012791,40012791-0,ADQUISICION DRONES PARA PREVENCIÓN y FISCALIZACIÓN DE INCENDIOS FORESTALES REGIÓN DEL MAULE,PROYECTO,RECURSOS NATURALES Y MEDIO AMBIENTE,MEDIO AMBIENTE,EJECUCION,0,2022,L MAULE,,F.N.D.R.,41949000.0,41.949,,1044950.0,,Sin evaluación,False,CORPORACION NACIONAL FORESTAL REGION DEL MAULE,False,2019,2022,41949000.0
40012816,40012816-0,CONSTRUCCION ALUMBRADO PUBLICO LED SECTORES RINCOMAVIDA Y OTROS- PORTEZUELO,PROYECTO,ENERGIA,INTERSUBSECTORIAL ENERGIA,PERFIL,0,2021,,PORTEZUELO - REGION DE,F.N.D.R.,53989000.0,53.989,,573.0,,Sin evaluación,False,MUNICIPALIDAD DE PORTEZUELO,False,2019,2021,53989000.0
40012981,40012981-0,"CONSTRUCCION MURO DE CONTENCIÓN Y RELLENO DE TERRENO ALTOS MIRAMAR, TOMÉ",PROYECTO,VIVIENDA Y DESARROLLO URBANO,SOLUCION HABITACIONAL PARCIAL O COMPLEMENTARIA,EJECUCION,0,2022,,TOME,SECTORIAL,207146000.0,207.146,,47.0,RS,Recomendado (RS),True,SEREMI VIVIENDA REGION DEL BIO BIO,False,2019,2022,207146000.0
40013028,40013028-0,CONSTRUCCION DE CICLOVÍAS COMUNA DE MACHALÍ,PROYECTO,TRANSPORTE,"TRANSPORTE URBANO,VIALIDAD PEATONAL",DISEÑO,0,2023,,MACHALI,SECTORIAL,83201000.0,83.201,,52505.0,RS,Recomendado (RS),True,SEREMI VIVIENDA REGION DEL LIBERTADOR GENERAL BERNARDO O'HIGGINS,False,2019,2023,93925000.0
40013045,40013045-0,"CONSTRUCCION SOLUCIONES ELÉCTRICAS FOTOVOLTAICAS SECTOR EL PEDREGOSO, COYHAIQUE",PROYECTO,ENERGIA,AUTOGENERACION,PERFIL,0,2026,,COYHAIQUE,F.N.D.R.,763324000.0,763.324,,102.0,RS,Recomendado (RS),True,MUNICIPALIDAD DE COYHAIQUE,False,2020,2026,790627000.0
40013114,40013114-0,"CONSTRUCCION ELECTRIFICACION FOTOVOLTAICA LUMACO, CANCAGUAL, TRES CHIFLONES Y CADILLAL",PROYECTO,ENERGIA,AUTOGENERACION,EJECUCION,0,2022,,CORRAL - REGION XIV,F.N.D.R.,1575746000.0,1575.746,,664.0,RS,Recomendado (RS),True,MUNICIPALIDAD DE CORRAL REGION DE LOS RIOS,False,2019,2022,1575746000.0
40013228,40013228-0,ADQUISICION CAMIÓN POLIBRAZO GESTIÓN DE RSD TRANSPORTE LANCO-VALDIVIA,PROYECTO,RECURSOS NATURALES Y MEDIO AMBIENTE,MEDIO AMBIENTE,PERFIL,0,2020,,LANCO - REGION XIV,F.N.D.R.,215502000.0,215.502,,16550.0,,Sin evaluación,False,MUNICIPALIDAD DE LANCO REGION DE LOS RIOS,False,2019,2020,215502000.0
40013241,40013241-0,ADQUISICION DE DOS PUESTOS DE MANDO MÓVIL PARA EL COMBATE DE INCENDIOS FORESTALES,PROYECTO,RECURSOS NATURALES Y MEDIO AMBIENTE,MEDIO AMBIENTE,EJECUCION,0,2021,L LIBERTADOR GENERAL,,F.N.D.R.,451600000.0,451.6,,870000.0,,Sin evaluación,False,CORPORACION NACIONAL FORESTAL REGION DEL LIBERTADOR GENERAL BERNARDO O'HIGGINS,False,2020,2021,452968000.0
40013361,40013361-0,"CONSTRUCCION MURO DE CONTENCIÓN CALLE LUIS CRUZ MARTINEZ, COMUNA CAÑETE",PROYECTO,TRANSPORTE,"TRANSPORTE URBANO,VIALIDAD PEATONAL",PERFIL,0,2022,,CAÑETE,F.N.D.R.,98930000.0,98.93,,821.0,,Sin evaluación,False,MUNICIPALIDAD DE CAÑETE,False,2019,2022,98930000.0
40013375,40013375-0,MEJORAMIENTO AREAS VERDES Y EQUIPAMIENTO URBANO PLAZA DE ARMAS DE,PROYECTO,VIVIENDA Y DESARROLLO URBANO,DESARROLLO URBANO,EJECUCION,0,2020,,COCHRANE,F.N.D.R.,34983000.0,34.983,,3490.0,,Sin evaluación,False,MUNICIPALIDAD DE COCHRANE,False,2019,2020,34983000.0
40013425,40013425-0,TRANSFERENCIA PRODUCCIÓN DE HIDRÓGENO UTILIZANDO ENERGÍA SOLAR FOTOVOLTAICA,PROGRAMA,MINERIA,INTERSUBSECTORIAL MINERIA,EJECUCION,0,2022,ATACAMA,,F.N.D.R.,65922000.0,65.922,88531.06,500.0,,Sin evaluación,False,GOBIERNO REGIONAL - REGION DE ATACAMA,False,2019,2022,150000000.0
40013453,40013453-0,"MEJORAMIENTO DE TALLERES LO OVALLE LÍNEA 2, METRO S.A.",PROYECTO,TRANSPORTE,"TRANSPORTE URBANO,VIALIDAD PEATONAL",DISEÑO,0,2022,METROPOLITANA DE SANTIAGO,,EMPRESA,904314000.0,904.314,,3648.0,RS,Recomendado (RS),True,METRO S.A.,False,2019,2022,2447227000.0
40013505,40013505-0,"MEJORAMIENTO PLAZOLETA ALDO BAGNARA, ESCALA Y MUROS DE CONTENCIÓN VIÑA DEL MAR",PROYECTO,VIVIENDA Y DESARROLLO URBANO,DESARROLLO URBANO,PERFIL,0,2019,,VIÑA DEL MAR,SECTORIAL,46000000.0,46.0,,17200.0,FI,Falta información (FI),False,SEREMI VIVIENDA REGION DE VALPARAISO,False,2019,2019,46000000.0
40013510,40013510-0,REPOSICION MATERIAL RODANTE METROTREN RANCAGUA UT-440,PROYECTO,TRANSPORTE,TRANSPORTE FERROVIARIO,EJECUCION,0,2022,,,EMPRESA,25907209000.0,25907.209,,1322776.0,IN,Incumplimiento (IN),False,EMPRESA DE FERROCARRILES DEL ESTADO,False,2019,2022,25907209000.0
40013525,40013525-0,ADQUISICION CAMIÓN COMPACTADOR PARA LA RECOLECCIÓN DE RSD,PROYECTO,RECURSOS NATURALES Y MEDIO AMBIENTE,MEDIO AMBIENTE,PERFIL,0,2020,,SAN PABLO,F.N.D.R.,92181000.0,92.181,,3049.0,,Sin evaluación,False,MUNICIPALIDAD DE SAN PABLO,False,2019,2020,92181000.0
40013679,40013679-0,REPARACION PUENTES FERROVIARIOS ZONA CENTRO-SUR TERCER GRUPO-EFE,PROYECTO,TRANSPORTE,TRANSPORTE FERROVIARIO,EJECUCION,0,2022,,,EMPRESA,20123392000.0,20123.392,,2.0,RS,Recomendado (RS),True,EMPRESA DE FERROCARRILES DEL ESTADO,False,2019,2022,20123392000.0
40013716,40013716-0,"MEJORAMIENTO PARALELISMO MATRIZ DE AGUA POTABLE RUTA J-80 LLICO, COMUNA DE VICHUQUÉN",PROYECTO,VIVIENDA Y DESARROLLO URBANO,DESARROLLO URBANO,EJECUCION,0,2022,,VICHUQUEN,F.N.D.R.,88193000.0,88.193,,993.0,,Sin evaluación,False,MUNICIPALIDAD DE VICHUQUEN,False,2019,2022,88193000.0
40013761,40013761-0,"TRANSFERENCIA PROGRAMA REGIONAL, DESAFÍOS DEL CAMBIO CLIMÁTICO EN LA REGIÓN DE LA ARAUCANÍA",PROGRAMA,MULTISECTORIAL,INTERSUBSECTORIAL MULTISECTOR,PERFIL,0,2019,LA ARAUCANIA,,F.N.D.R.,518821000.0,518.821,777504.53,65.0,,Sin evaluación,False,CORPORACION DE FOMENTO DE LA PRODUCCION,False,2019,2019,518821000.0
40013782,40013782-0,ADQUISICION EQUIPOS PARA LA GESTION DE LOS RSD COMUNA DE LAUTARO,PROYECTO,RECURSOS NATURALES Y MEDIO AMBIENTE,MEDIO AMBIENTE,PERFIL,0,2022,,LAUTARO,F.N.D.R.,1365222000.0,1365.222,,34907.0,,Sin evaluación,False,MUNICIPALIDAD DE LAUTARO,False,2019,2022,1365222000.0
40013849,40013849-0,TRANSFERENCIA INICIATIVAS CAMBIO CLIMATICO Y CONTAMINACION DEL AIRE,PROGRAMA,RECURSOS NATURALES Y MEDIO AMBIENTE,MEDIO AMBIENTE,PERFIL,0,2019,L LIBERTADOR GENERAL,,F.N.D.R.,396350000.0,396.35,593969.64,705576.0,,Sin evaluación,False,SEREMI DE MEDIO AMBIENTE REGION DEL LIBERTADOR GENERAL BERNARDO O'HIGGINS,False,2019,2019,396350000.0
40013879,40013879-0,TRANSFERENCIA PROGRAMA DE RIEGO ASOCIATIVO EN LA PEQUEÑA AGRICULTURA AÑO 2020,PROGRAMA,RECURSOS NATURALES Y MEDIO AMBIENTE,AGRICULTURA,EJECUCION,0,2022,L LIBERTADOR GENERAL,,F.N.D.R.,1062493000.0,1062.493,1426892.91,450.0,,Sin evaluación,False,INSTITUTO DESARROLLO AGROPECUARIO REGION DEL LIBERTADOR GENERAL BERNARDO,False,2020,2022,1062493000.0
40013924,40013924-0,REPOSICION ADQUISICIÓN DE CAMIONES Y MAQUINARIAS PARA LA RECOLECCIÓN Y MANEJO RSD CHONCHI,PROYECTO,RECURSOS NATURALES Y MEDIO AMBIENTE,MEDIO AMBIENTE,PERFIL,0,2020,,CHONCHI,F.N.D.R.,256500000.0,256.5,,9300.0,,Sin evaluación,False,MUNICIPALIDAD DE CHONCHI,False,2019,2020,256500000.0
40013968,40013968-0,"MEJORAMIENTO DE LUMINARIAS A LED VÍAS PRINCIPALES, COMUNA DE PURÉN",PROYECTO,ENERGIA,ALUMBRADO PUBLICO,PERFIL,0,2022,,PUREN,F.N.D.R.,88345000.0,88.345,,4386.0,,Sin evaluación,False,MUNICIPALIDAD DE PUREN,False,2021,2022,88345000.0
40014051,40014051-0,ADQUISICION CONTENEDORES RESIDUOS SÓLIDOS DOMICILIARIOS CHONCHI URBANO,PROYECTO,RECURSOS NATURALES Y MEDIO AMBIENTE,MEDIO AMBIENTE,PERFIL,0,2021,,CHONCHI,F.N.D.R.,195900000.0,195.9,,5720.0,,Sin evaluación,False,MUNICIPALIDAD DE CHONCHI,False,2020,2021,195900000.0
40014059,40014059-0,"ADQUISICION E INSTALACIÓN DE LUMINARIAS LED SECTORES RURALES, COMUNA DE",PROYECTO,ENERGIA,ALUMBRADO PUBLICO,PERFIL,0,2022,,ANGOL,F.N.D.R.,46305000.0,46.305,,2000.0,,Sin evaluación,False,MUNICIPALIDAD DE ANGOL,False,2019,2022,54998000.0
40014077,40014077-0,"REPARACION TALUD VILLA LAS ARAUCARIAS, TOMÉ",PROYECTO,TRANSPORTE,"TRANSPORTE URBANO,VIALIDAD PEATONAL",PERFIL,0,2019,,TOME,F.N.D.R.,29195000.0,29.195,,2.0,,Sin evaluación,False,MUNICIPALIDAD DE TOME,False,2019,2019,29195000.0
40014081,40014081-0,"CONSTRUCCION CICLOVÍA MILLÁN-ESTACIÓN, RANCAGUA.",PROYECTO,TRANSPORTE,"TRANSPORTE URBANO,VIALIDAD PEATONAL",EJECUCION,0,2020,,RANCAGUA,SECTORIAL,464123000.0,464.123,,241774.0,RS,Recomendado (RS),True,SEREMI VIVIENDA REGION DEL LIBERTADOR GENERAL BERNARDO O'HIGGINS,False,2019,2020,464123000.0
40014119,40014119-0,"TRANSFERENCIA PROGRAMA REGIONAL, DESAFÍOS DEL CAMBIO CLIMÁTICO EN LA REGIÓN DE LOS LAGOS",PROGRAMA,MULTISECTORIAL,INTERSUBSECTORIAL MULTISECTOR,PERFIL,0,2019,LOS LAGOS,,F.N.D.R.,550021000.0,550.021,824260.82,200.0,,Sin evaluación,False,CORPORACION DE FOMENTO DE LA PRODUCCION,False,2019,2019,550021000.0
40014125,40014125-0,"CONSTRUCCION PARQUE URBANO QUEBRADA MATADERO, OVALLE",PROYECTO,VIVIENDA Y DESARROLLO URBANO,DESARROLLO URBANO,DISEÑO,0,2024,,OVALLE,SECTORIAL,188204000.0,188.204,,19120.0,RS,Recomendado (RS),True,SEREMI VIVIENDA REGION DE COQUIMBO,False,2020,2024,188204000.0
40014132,40014132-0,NORMALIZACION INFRAESTRUCTURA FERROVIARIA COSTA NORTE ETAPA I,PROYECTO,TRANSPORTE,TRANSPORTE FERROVIARIO,EJECUCION,0,2023,VALPARAISO,,EMPRESA,37580442000.0,37580.442,,18546.0,RS,Recomendado (RS),True,EMPRESA DE FERROCARRILES DEL ESTADO,False,2019,2023,37580442000.0
40014173,40014173-0,CONSTRUCCION PARQUE URBANO SECTOR EX FFCC ENTORNO CALLE ESMERALDA TALTAL,PROYECTO,VIVIENDA Y DESARROLLO URBANO,DESARROLLO URBANO,EJECUCION,1,2024,,TALTAL,SECTORIAL,2902199000.0,2902.199,,13317.0,RS,Recomendado (RS),True,SEREMI VIVIENDA REGION DE ANTOFAGASTA,False,2022,2024,2908784000.0
40014187,40014187-0,"CONSTRUCCION INFRAESTRUCTURA SANITARIA PELECO TRES ESQUINAS, SAAVEDRA",PROYECTO,VIVIENDA Y DESARROLLO URBANO,SOLUCION HABITACIONAL PARCIAL O COMPLEMENTARIA,EJECUCION,0,2022,,SAAVEDRA,F.N.D.R.,446289000.0,446.289,,139.0,RS,Recomendado (RS),True,MUNICIPALIDAD DE SAAVEDRA,False,2019,2022,446289000.0
40014203,40014203-0,MEJORAMIENTO AL SISTEMA DE PAGO DE TRANSPORTE EN METRO S.A.,PROYECTO,TRANSPORTE,"TRANSPORTE URBANO,VIALIDAD PEATONAL",EJECUCION,0,2022,METROPOLITANA DE SANTIAGO,,EMPRESA,8363115000.0,8363.115,,3921978.0,RS,Recomendado (RS),True,METRO S.A.,False,2019,2022,8363115000.0
40014218,40014218-0,"MEJORAMIENTO ALCANTARILLADO PASAJES MARTA Y MARÍA, COMUNA DE SANTIAGO",PROYECTO,VIVIENDA Y DESARROLLO URBANO,DESARROLLO URBANO,PERFIL,0,2020,,SANTIAGO,F.N.D.R.,631003000.0,631.003,,544.0,OT,Objetado técnicamente (OT),False,MUNICIPALIDAD DE SANTIAGO,False,2019,2020,631003000.0
40014286,40014286-0,"MEJORAMIENTO PARQUE URBANO ABEL BOUCHON, COMUNA DE SAN FERNANDO",PROYECTO,VIVIENDA Y DESARROLLO URBANO,DESARROLLO URBANO,PERFIL,0,2025,,SAN FERNANDO,F.N.D.R.,4658055000.0,4658.055,,73216.0,,Sin evaluación,False,MUNICIPALIDAD DE SAN FERNANDO,False,2020,2025,4658055000.0
40014311,40014311-0,"REPOSICION DOS CAMIONES RECOLECTORES Y ADQ. CAMION RECOLECTOR RSD SECT. INSULARES,QUEMCHI",PROYECTO,RECURSOS NATURALES Y MEDIO AMBIENTE,MEDIO AMBIENTE,PERFIL,0,2022,,QUEMCHI,F.N.D.R.,304005000.0,304.005,,1991.0,,Sin evaluación,False,MUNICIPALIDAD DE QUEMCHI,False,2020,2022,304005000.0
40014316,40014316-0,ADQUISICION EXCAVADORA PARA VERTEDERO MUNICIPAL.,PROYECTO,RECURSOS NATURALES Y MEDIO AMBIENTE,MEDIO AMBIENTE,PERFIL,0,2020,,QUEMCHI,F.N.D.R.,128796000.0,128.796,,6361.0,,Sin evaluación,False,MUNICIPALIDAD DE QUEMCHI,False,2019,2020,128796000.0
40014321,40014321-0,ADQUISICION DE CÁMARAS CORPORALES PARA VIGILANTES DE ESTACIONES EN RED METRO S.A,PROYECTO,TRANSPORTE,"TRANSPORTE URBANO,VIALIDAD PEATONAL",EJECUCION,0,2022,METROPOLITANA DE SANTIAGO,,EMPRESA,132455000.0,132.455,,70.0,RS,Recomendado (RS),True,METRO S.A.,False,2019,2022,135650000.0
40014368,40014368-0,MEJORAMIENTO CICLOVÍA COMUNA DE REQUINOA,PROYECTO,TRANSPORTE,"TRANSPORTE URBANO,VIALIDAD PEATONAL",DISEÑO,0,2024,,REQUINOA,SECTORIAL,92579000.0,92.579,,10700.0,RS,Recomendado (RS),True,SEREMI VIVIENDA REGION DEL LIBERTADOR GENERAL BERNARDO O'HIGGINS,False,2020,2024,92740000.0
40014466,40014466-0,CAPACITACION Y FOMENTO PARA FORTALECER EL RIEGO TECNIFICADO EN LA REGION DE LOS LAGOS,PROGRAMA,RECURSOS NATURALES Y MEDIO AMBIENTE,AGRICULTURA,EJECUCION,0,2022,LOS LAGOS,,F.N.D.R.,2057810000.0,2057.81,2763570.68,150.0,,Sin evaluación,False,COMISION NACIONAL DE RIEGO,False,2019,2022,2057810000.0
40014591,40014591-0,"CONSTRUCCION MUROS DE CONTENCION SECTORES LANIN, LOS RISCOS Y NUEVA GENERACION, TEMUCO",PROYECTO,VIVIENDA Y DESARROLLO URBANO,SOLUCION HABITACIONAL PARCIAL O COMPLEMENTARIA,EJECUCION,0,2022,,TEMUCO,SECTORIAL,917968000.0,917.968,,236.0,RS,Recomendado (RS),True,SEREMI VIVIENDA REGION DE LA ARAUCANIA,False,2021,2022,917968000.0
40014623,40014623-0,"MEJORAMIENTO AREAS VERDES AV. ESPAÑA (AV. INDEPENDENCIA - AV. COLON), PUNTA ARENAS",PROYECTO,VIVIENDA Y DESARROLLO URBANO,DESARROLLO URBANO,EJECUCION,0,2024,,PUNTA ARENAS,SECTORIAL,1058313000.0,1058.313,,11896.0,RS,Recomendado (RS),True,SEREMI VIVIENDA REGION DE MAGALLANES Y ANTARTICA CHILENA,False,2020,2024,1058313000.0
40014850,40014850-0,"MEJORAMIENTO SISTEMA DE TRANSPORTE PÚBLICO CENTRO - ALERCE, PUERTO MONTT",PROYECTO,TRANSPORTE,"TRANSPORTE URBANO,VIALIDAD PEATONAL",PREFACTIBILIDAD,0,2022,,PUERTO MONTT,SECTORIAL,209975000.0,209.975,,245000.0,RS,Recomendado (RS),True,SECTRA,False,2020,2022,209975000.0
40014898,40014898-0,"MEJORAMIENTO AREAS VERDES ALTO MIRADOR VILLA MIRAMAR, SAN ANTONIO",PROYECTO,VIVIENDA Y DESARROLLO URBANO,DESARROLLO URBANO,PERFIL,0,2024,,SAN ANTONIO,SECTORIAL,58042000.0,58.042,,16625.0,FI,Falta información (FI),False,SEREMI VIVIENDA REGION DE VALPARAISO,False,2021,2024,58042000.0
40014949,40014949-0,CONSERVACION ELECTROMOVILIDAD REGIÓN DE ANTOFAGASTA,PROYECTO,TRANSPORTE,"TRANSPORTE URBANO,VIALIDAD PEATONAL",PERFIL,0,2019,ANTOFAGASTA,,SECTORIAL,555000000.0,555.0,,361873.0,,Sin evaluación,False,SUBSIDIO NACIONAL AL TRANSPORTE PUBLICO,False,2019,2019,555000000.0
40014954,40014954-0,CONSERVACION ELECTROMOVILIDAD COMUNAS RURALES RM,PROYECTO,TRANSPORTE,"TRANSPORTE URBANO,VIALIDAD PEATONAL",PERFIL,0,2019,METROPOLITANA DE SANTIAGO,,SECTORIAL,2220000000.0,2220.0,,19312.0,,Sin evaluación,False,SUBSIDIO NACIONAL AL TRANSPORTE PUBLICO,False,2019,2019,2220000000.0
40014956,40014956-0,"CONSTRUCCION AREAS VERDES VILLA EL MIRADOR, SAN ANTONIO",PROYECTO,VIVIENDA Y DESARROLLO URBANO,DESARROLLO URBANO,PERFIL,0,2020,,SAN ANTONIO,SECTORIAL,48600000.0,48.6,,15420.0,FI,Falta información (FI),False,SEREMI VIVIENDA REGION DE VALPARAISO,False,2020,2020,48600000.0
40014961,40014961-0,CONSERVACION ELECTROMOVILIDAD REGIÓN DE LA ARAUCANÍA,PROYECTO,TRANSPORTE,"TRANSPORTE URBANO,VIALIDAD PEATONAL",PERFIL,0,2019,LA ARAUCANIA,,SECTORIAL,1110000000.0,1110.0,,282415.0,,Sin evaluación,False,SUBSIDIO NACIONAL AL TRANSPORTE PUBLICO,False,2019,2019,1110000000.0
40014962,40014962-0,CONSERVACION ELECTROMOVILIDAD REGIÓN DE ATACAMA,PROYECTO,TRANSPORTE,"TRANSPORTE URBANO,VIALIDAD PEATONAL",PERFIL,0,2019,ATACAMA,,SECTORIAL,1110000000.0,1110.0,,153937.0,,Sin evaluación,False,SUBSIDIO NACIONAL AL TRANSPORTE PUBLICO,False,2019,2019,1110000000.0
40014990,40014990-0,CONSERVACION CONSERVACION AREA VERDE LUIS DAMMAN,PROYECTO,VIVIENDA Y DESARROLLO URBANO,DESARROLLO URBANO,EJECUCION,0,2021,,VALDIVIA - REGION XIV,SECTORIAL,46170000.0,46.17,,9412.0,,Sin evaluación,False,SEREMI VIVIENDA REGION DE LOS RIOS,False,2020,2021,46170000.0
40014993,40014993-0,CONSERVACION ELECTROMOVILIDAD REGIÓN DE MAULE,PROYECTO,TRANSPORTE,"TRANSPORTE URBANO,VIALIDAD PEATONAL",PERFIL,0,2019,L MAULE,,SECTORIAL,1110000000.0,1110.0,,220397.0,,Sin evaluación,False,SUBSIDIO NACIONAL AL TRANSPORTE PUBLICO,False,2019,2019,1110000000.0
40014995,40014995-0,CONSERVACION ELECTROMOVILIDAD REGIÓN DEL LIBERTADOR BERNARDO O´HIGGINS,PROYECTO,TRANSPORTE,"TRANSPORTE URBANO,VIALIDAD PEATONAL",PERFIL,0,2019,L LIBERTADOR GENERAL,,SECTORIAL,1110000000.0,1110.0,,241774.0,,Sin evaluación,False,SUBSIDIO NACIONAL AL TRANSPORTE PUBLICO,False,2019,2019,1110000000.0
40014996,40014996-0,CONSERVACION CONSERVACION AREA VERDE LUIS DAMANN,PROYECTO,VIVIENDA Y DESARROLLO URBANO,DESARROLLO URBANO,PERFIL,0,2020,,VALDIVIA - REGION XIV,SECTORIAL,46169874000.0,46169.874,,9412.0,,Sin evaluación,False,SEREMI VIVIENDA REGION DE LOS RIOS,False,2020,2020,46169874000.0
40014998,40014998-0,CONSERVACION ELECTROMOVILIDAD REGIÓN DE LOS LAGOS,PROYECTO,TRANSPORTE,"TRANSPORTE URBANO,VIALIDAD PEATONAL",PERFIL,0,2019,LOS LAGOS,,SECTORIAL,1110000000.0,1110.0,,293052.0,,Sin evaluación,False,SUBSIDIO NACIONAL AL TRANSPORTE PUBLICO,False,2019,2019,1110000000.0
40014999,40014999-0,CONSERVACION INFRAESTRUCTURA MENOR PARA EL TRANSPORTE PÚBLICO COMUNA DE CALAMA,PROYECTO,TRANSPORTE,"TRANSPORTE URBANO,VIALIDAD PEATONAL",PERFIL,0,2019,ANTOFAGASTA,,SECTORIAL,778000000.0,778.0,,165731.0,,Sin evaluación,False,SUBSIDIO NACIONAL AL TRANSPORTE PUBLICO,False,2019,2019,778000000.0
40015023,40015023-0,CONSERVACION INFRAESTRUCTURA MENOR PARA EL TRANSPORTE PÚBLICO COMUNA DE CHIGUAYANTE,PROYECTO,TRANSPORTE,"TRANSPORTE URBANO,VIALIDAD PEATONAL",EJECUCION,0,2021,,CHIGUAYANTE,SECTORIAL,1700000000.0,1700.0,,85938.0,,Sin evaluación,False,SUBSIDIO NACIONAL AL TRANSPORTE PUBLICO,False,2019,2021,1700000000.0
40015035,40015035-0,TRANSFERENCIA PROGRAMA DESAFÍOS DEL CAMBIO CLIMÁTICO EN LA COMUNA DE TIL TIL,PROGRAMA,MULTISECTORIAL,INTERSUBSECTORIAL MULTISECTOR,PERFIL,0,2023,METROPOLITANA DE SANTIAGO,,F.N.D.R.,291258000.0,291.258,409507.34,45.0,,Sin evaluación,False,CORPORACION DE FOMENTO DE LA PRODUCCION,False,2021,2023,291258000.0
40015076,40015076-0,REPOSICION Y ADQUISICIÓN DE CAMIONES RECOLECTORES DE RSD. COMUNA DE,PROYECTO,RECURSOS NATURALES Y MEDIO AMBIENTE,MEDIO AMBIENTE,PERFIL,0,2022,,TRAIGUEN,F.N.D.R.,412246000.0,412.246,,15216.0,,Sin evaluación,False,MUNICIPALIDAD DE TRAIGUEN,False,2020,2022,412246000.0
40015083,40015083-0,TRANSFERENCIA Programa Especial de fomento de obras civiles e intraprediales de riego VI,PROGRAMA,RECURSOS NATURALES Y MEDIO AMBIENTE,AGRICULTURA,PERFIL,0,2022,VALPARAISO,,F.N.D.R.,3285731000.0,3285.731,4412627.92,230.0,,Sin evaluación,False,INSTITUTO DESARROLLO AGROPECUARIO REGION DE VALPARAISO,False,2019,2022,3285731000.0
40015116,40015116-0,ADQUISICION TRES BUSES ELÉCTRICOS PARA LA COMUNA DE ÑUÑOA,PROYECTO,TRANSPORTE,"TRANSPORTE URBANO,VIALIDAD PEATONAL",PERFIL,0,2021,,ÑUÑOA,F.N.D.R.,1001878000.0,1001.878,,208237.0,,Sin evaluación,False,MUNICIPALIDAD DE ÑUÑOA,False,2019,2021,1001878000.0
40015188,40015188-0,INSTALACION PLANTA FOTOVOLTAICA JARDÍN INFANTIL CAMPANITA,PROYECTO,ENERGIA,AUTOGENERACION,PERFIL,0,2020,ARICA Y PARINACOTA,,F.N.D.R.,7049000.0,7.049,,198.0,,Sin evaluación,False,SEREMI DE ENERGIA REGION DE ARICA Y PARINACOTA,False,2020,2020,7049000.0
40015190,40015190-0,INSTALACION PLANTA FOTOVOLTAICA PARA JARDÍN INFANTIL PASITOS DE ESPERANZA,PROYECTO,ENERGIA,AUTOGENERACION,PERFIL,0,2020,ARICA Y PARINACOTA,,F.N.D.R.,13851000.0,13.851,,82.0,,Sin evaluación,False,SEREMI DE ENERGIA REGION DE ARICA Y PARINACOTA,False,2020,2020,13851000.0
40015194,40015194-0,INSTALACION PLANTA FOTOVOLTAICA JARDÍN INFANTIL RAYITO DE SOL,PROYECTO,ENERGIA,AUTOGENERACION,PERFIL,0,2020,ARICA Y PARINACOTA,,F.N.D.R.,5540000.0,5.54,,195.0,,Sin evaluación,False,SEREMI DE ENERGIA REGION DE ARICA Y PARINACOTA,False,2020,2020,5540000.0
40015198,40015198-0,INSTALACION PLANTA FOTOVOLTAICA REGISTRO CIVIL E IDENTIFICACIÓN DE ARICA,PROYECTO,ENERGIA,AUTOGENERACION,PERFIL,0,2020,ARICA Y PARINACOTA,,F.N.D.R.,25137000.0,25.137,,203210.0,,Sin evaluación,False,SEREMI DE ENERGIA REGION DE ARICA Y PARINACOTA,False,2020,2020,25137000.0
40015199,40015199-0,INSTALACION INSTALACION PLANTA FOTOVOLTAICA VILLA ALBERGUE MUNICIPAL,PROYECTO,ENERGIA,AUTOGENERACION,PERFIL,0,2020,ARICA Y PARINACOTA,,F.N.D.R.,13543000.0,13.543,,4220.0,,Sin evaluación,False,SEREMI DE ENERGIA REGION DE ARICA Y PARINACOTA,False,2020,2020,13543000.0
40015201,40015201-0,INSTALACION PLANTA FOTOVOLTAICA JARDIN INFANTIL ARDILLITAS,PROYECTO,ENERGIA,AUTOGENERACION,PERFIL,0,2020,ARICA Y PARINACOTA,,F.N.D.R.,7285000.0,7.285,,193.0,,Sin evaluación,False,SEREMI DE ENERGIA REGION DE ARICA Y PARINACOTA,False,2020,2020,7285000.0
40015208,40015208-0,INSTALACION PLANTA FOTOVOLTAICA PARA CESFAM EUGENIO PETRUCCELLI,PROYECTO,ENERGIA,AUTOGENERACION,PERFIL,0,2020,ARICA Y PARINACOTA,,F.N.D.R.,69255000.0,69.255,,94678.0,,Sin evaluación,False,SEREMI DE ENERGIA REGION DE ARICA Y PARINACOTA,False,2020,2020,69255000.0
40015210,40015210-0,INSTALACION PLANTA FOTOVOLTAICA PARA LICEO AGRÍCOLA JOSÉ ABELARDO NÚÑEZ,PROYECTO,ENERGIA,AUTOGENERACION,PERFIL,0,2020,ARICA Y PARINACOTA,,F.N.D.R.,6772000.0,6.772,,850.0,,Sin evaluación,False,SEREMI DE ENERGIA REGION DE ARICA Y PARINACOTA,False,2020,2020,6772000.0
40015211,40015211-0,INSTALACION PLANTA FOTOVOLTAICA LICEO JOVINA NARANJO FERNÁNDEZ A-5,PROYECTO,ENERGIA,AUTOGENERACION,PERFIL,0,2020,ARICA Y PARINACOTA,,F.N.D.R.,41142000.0,41.142,,1122.0,,Sin evaluación,False,SEREMI DE ENERGIA REGION DE ARICA Y PARINACOTA,False,2020,2020,41142000.0
40015212,40015212-0,INSTALACION PLANTA FOTOVOLTAICA EDIFICIO CONSISTORIAL ILUSTRE MUNICIPALIDAD DE ARICA,PROYECTO,ENERGIA,AUTOGENERACION,PERFIL,0,2020,ARICA Y PARINACOTA,,F.N.D.R.,27702000.0,27.702,,182570.0,,Sin evaluación,False,SEREMI DE ENERGIA REGION DE ARICA Y PARINACOTA,False,2020,2020,27702000.0
40015213,40015213-0,INSTALACION PLANTA FOTOVOLTAICA JARDÍN INFANTIL PACHAMAMA,PROYECTO,ENERGIA,AUTOGENERACION,PERFIL,0,2020,ARICA Y PARINACOTA,,F.N.D.R.,13338000.0,13.338,,79.0,,Sin evaluación,False,SEREMI DE ENERGIA REGION DE ARICA Y PARINACOTA,False,2020,2020,13338000.0
40015214,40015214-0,INSTALACION PLANTA FOTOVOLTAICA JARDÍN INFANTIL SANTA ROSA,PROYECTO,ENERGIA,AUTOGENERACION,PERFIL,0,2020,ARICA Y PARINACOTA,,F.N.D.R.,6361000.0,6.361,,204.0,,Sin evaluación,False,SEREMI DE ENERGIA REGION DE ARICA Y PARINACOTA,False,2020,2020,6361000.0
40015216,40015216-0,INSTALACION PLANTA FOTOVOLTAICA JARDÍN INFANTIL MILAGRO DE AMOR,PROYECTO,ENERGIA,AUTOGENERACION,PERFIL,0,2020,ARICA Y PARINACOTA,,F.N.D.R.,7592000.0,7.592,,201.0,,Sin evaluación,False,SEREMI DE ENERGIA REGION DE ARICA Y PARINACOTA,False,2020,2020,7592000.0
40015217,40015217-0,INSTALACION PLANTA FOTOVOLTAICA JARDÍN INFANTIL NUEVA ESPERANZA,PROYECTO,ENERGIA,AUTOGENERACION,PERFIL,0,2020,ARICA Y PARINACOTA,,F.N.D.R.,4514000.0,4.514,,161.0,,Sin evaluación,False,SEREMI DE ENERGIA REGION DE ARICA Y PARINACOTA,False,2020,2020,4514000.0
40015218,40015218-0,INSTALACION PLANTA FOTOVOLTAICA JARDÍN INFANTIL SAN MIGUEL DE AZAPA,PROYECTO,ENERGIA,AUTOGENERACION,PERFIL,0,2020,ARICA Y PARINACOTA,,F.N.D.R.,4617000.0,4.617,,131.0,,Sin evaluación,False,SEREMI DE ENERGIA REGION DE ARICA Y PARINACOTA,False,2020,2020,4617000.0
40015219,40015219-0,INSTALACION PLANTA FOTOVOLTAICA PARA JARDÍN INFANTIL ALBORADA,PROYECTO,ENERGIA,AUTOGENERACION,PERFIL,0,2020,ARICA Y PARINACOTA,,F.N.D.R.,4514000.0,4.514,,230.0,,Sin evaluación,False,SEREMI DE ENERGIA REGION DE ARICA Y PARINACOTA,False,2020,2020,4514000.0
40015220,40015220-0,INSTALACION PLANTA FOTOVOLTAICA JARDÍN INFANTIL SOMBRERITO,PROYECTO,ENERGIA,AUTOGENERACION,PERFIL,0,2020,ARICA Y PARINACOTA,,F.N.D.R.,6156000.0,6.156,,98.0,,Sin evaluación,False,SEREMI DE ENERGIA REGION DE ARICA Y PARINACOTA,False,2020,2020,6156000.0
40015221,40015221-0,INSTALACION PLANTA FOTOVOLTAICA JARDÍN INFANTIL POCONCHILE,PROYECTO,ENERGIA,AUTOGENERACION,PERFIL,0,2020,ARICA Y PARINACOTA,,F.N.D.R.,1847000.0,1.847,,52.0,,Sin evaluación,False,SEREMI DE ENERGIA REGION DE ARICA Y PARINACOTA,False,2020,2020,1847000.0
40015284,40015284-0,NORMALIZACION CRUCE FERROVIARIO A NIVEL VEHICULAR FREIRE REGIÓN DEL BIOBIO,PROYECTO,TRANSPORTE,TRANSPORTE FERROVIARIO,PERFIL,0,2021,,CORONEL,EMPRESA,328865000.0,328.865,,116262.0,RS,Recomendado (RS),True,EMPRESA DE FERROCARRILES DEL ESTADO,False,2019,2021,328865000.0
40015366,40015366-0,ADQUISICION E INSTALACIÓN DE SISTEMA SOLAR FOTO VOLTAICO DOMICILIARIO - COMUNA DE TIL TIL,PROYECTO,ENERGIA,AUTOGENERACION,PERFIL,0,2019,,TIL TIL,F.N.D.R.,880000000.0,880.0,,19312.0,,Sin evaluación,False,MUNICIPALIDAD DE TIL TIL,False,2019,2019,880000000.0
40015424,40015424-0,"ADQUISICION DE CONTENEDORES PARA RECOLECCIÓN DE BASURA, SEGUNDA ETAPA. NACIMIENTO",PROYECTO,RECURSOS NATURALES Y MEDIO AMBIENTE,MEDIO AMBIENTE,PERFIL,0,2020,,NACIMIENTO,F.N.D.R.,103691000.0,103.691,,26315.0,,Sin evaluación,False,MUNICIPALIDAD DE NACIMIENTO,False,2019,2020,103691000.0
40015429,40015429-0,"TRANSFERENCIA TRANSFERENCIA PROGRAMA REGIONAL, DESAFÍOS DEL CAMBIO CLIMÁTICO",PROGRAMA,MULTISECTORIAL,INTERSUBSECTORIAL MULTISECTOR,PERFIL,0,2020,AISEN DEL GENERAL CARLOS,,F.N.D.R.,244500000.0,244.5,397418.81,90.0,,Sin evaluación,False,CORPORACION DE FOMENTO DE LA PRODUCCION,False,2020,2020,244500000.0
40015488,40015488-0,"CONSTRUCCION MURO DE CONTENCION CALLE LAS PERLAS, REÑACA, VIÑA DEL MAR",PROYECTO,TRANSPORTE,"TRANSPORTE URBANO,VIALIDAD PEATONAL",PERFIL,0,2020,,VIÑA DEL MAR,SECTORIAL,91998000.0,91.998,,4000.0,FI,Falta información (FI),False,SEREMI VIVIENDA REGION DE VALPARAISO,False,2020,2020,91998000.0
40015489,40015489-0,"CONSTRUCCION MURO DE CONTENCION VIA PIV 1, REÑACA, VIÑA DEL MAR",PROYECTO,TRANSPORTE,"TRANSPORTE URBANO,VIALIDAD PEATONAL",PERFIL,0,2020,,VIÑA DEL MAR,SECTORIAL,61435000.0,61.435,,33032.0,RS,Recomendado (RS),True,SEREMI VIVIENDA REGION DE VALPARAISO,False,2020,2020,61435000.0
40015537,40015537-0,CONSTRUCCION DE ESTACIÓN INTERMODAL EN LA R.M.,PROYECTO,TRANSPORTE,"TRANSPORTE URBANO,VIALIDAD PEATONAL",PREFACTIBILIDAD,0,2024,METROPOLITANA DE SANTIAGO,,SECTORIAL,416696000.0,416.696,,7112808.0,RS,Recomendado (RS),True,SECTRA,False,2020,2024,416696000.0
40015538,40015538-0,"CONSTRUCCION ZARPA ENTRE CICLOVIA Y RUTA G-734, COMUNA DE MARIA PINTO",PROYECTO,TRANSPORTE,"TRANSPORTE URBANO,VIALIDAD PEATONAL",PERFIL,0,2019,,MARIA PINTO,F.N.D.R.,53375000.0,53.375,,13479.0,,Sin evaluación,False,MUNICIPALIDAD DE MARIA PINTO,False,2019,2019,53375000.0
40015679,40015679-0,CONSERVACION CONSERVACIÓN CICLOVIAS ARICA,PROYECTO,TRANSPORTE,"TRANSPORTE URBANO,VIALIDAD PEATONAL",PERFIL,0,2020,,ARICA - REGION XV,F.N.D.R.,461699000.0,461.699,,222619.0,,Sin evaluación,False,MUNICIPALIDAD DE ARICA REGION DE ARICA Y PARINACOTA,False,2020,2020,461699000.0
40015910,40015910-0,CONSTRUCCION PATIOS DE SALVATAJE ( RINP) EN METRO S.A.,PROYECTO,TRANSPORTE,"TRANSPORTE URBANO,VIALIDAD PEATONAL",EJECUCION,0,2021,METROPOLITANA DE SANTIAGO,,EMPRESA,1179950000.0,1179.95,,382.0,RS,Recomendado (RS),True,METRO S.A.,False,2019,2021,1179950000.0
40015930,40015930-0,"CONSTRUCCION CENTRO INTEGRAL DE VALORIZACIÓN DE RSD, COMUNA DE NOGALES",PROYECTO,RECURSOS NATURALES Y MEDIO AMBIENTE,MEDIO AMBIENTE,DISEÑO,0,2022,,NOGALES,F.N.D.R.,118361000.0,118.361,,22120.0,RS,Recomendado (RS),True,MUNICIPALIDAD DE NOGALES,False,2019,2022,118361000.0
40016095,40016095-0,NORMALIZACION DE CRUCES A NIVEL EN LA RED EFE - ETAPA II,PROYECTO,TRANSPORTE,TRANSPORTE FERROVIARIO,PERFIL,0,2026,,,EMPRESA,51497118000.0,51497.118,,2880561.0,RS,Recomendado (RS),True,EMPRESA DE FERROCARRILES DEL ESTADO,False,2021,2026,51497118000.0
40016110,40016110-0,"REPOSICION CAMIONES RECOLECTORES DE RESIDUOS SOLIDOS DOMICILIARIOS, COMUNA DE NEGRETE",PROYECTO,RECURSOS NATURALES Y MEDIO AMBIENTE,MEDIO AMBIENTE,PERFIL,0,2022,,NEGRETE,F.N.D.R.,286352000.0,286.352,,9737.0,,Sin evaluación,False,MUNICIPALIDAD DE NEGRETE,False,2019,2022,286352000.0
40016242,40016242-0,CONSTRUCCION DRENES Y VEREDAS EN CEMENTERIO MUNICIPAL NUEVA IMPERIAL,PROYECTO,VIVIENDA Y DESARROLLO URBANO,DESARROLLO URBANO,PERFIL,0,2022,,NUEVA IMPERIAL,F.N.D.R.,55000000.0,55.0,,20298.0,,Sin evaluación,False,MUNICIPALIDAD DE NUEVA IMPERIAL,False,2019,2022,55000000.0
40016323,40016323-0,RECUPERACION DE SUSTENTABILIDAD SOCIOAMBIENTAL Y ECONOMICA DE LA BAHIA MEJILLONES,PROGRAMA,RECURSOS NATURALES Y MEDIO AMBIENTE,MEDIO AMBIENTE,PERFIL,0,2020,ANTOFAGASTA,,F.N.D.R.,1541161000.0,1541.161,2505056.73,3025.0,,Sin evaluación,False,SEREMI DE MEDIO AMBIENTE REGION DE ANTOFAGASTA,False,2020,2020,1541161000.0
40016405,40016405-0,ADQUISICION MINICARGADOR PARA CENTRO DE RECICLAJE COMUNA DE CHAITEN,PROYECTO,RECURSOS NATURALES Y MEDIO AMBIENTE,MEDIO AMBIENTE,PERFIL,0,2022,,CHAITEN,F.N.D.R.,66022000.0,66.022,,1643.0,,Sin evaluación,False,MUNICIPALIDAD DE CHAITEN,False,2022,2022,66022000.0
40016443,40016443-0,MEJORAMIENTO PLATAFORMA DE COMUNICACIÓN Y SEGURIDAD DE LA RED DE CARGA Y USO EN METRO S.A.,PROYECTO,TRANSPORTE,"TRANSPORTE URBANO,VIALIDAD PEATONAL",EJECUCION,0,2021,METROPOLITANA DE SANTIAGO,,EMPRESA,284871000.0,284.871,,3921978.0,RS,Recomendado (RS),True,METRO S.A.,False,2019,2021,378594000.0
40016527,40016527-0,MEJORAMIENTO SISTEMA ELECTRIFICACIÓN METROTREN NOS,PROYECTO,TRANSPORTE,TRANSPORTE FERROVIARIO,EJECUCION,0,2024,METROPOLITANA DE SANTIAGO,,EMPRESA,24106229000.0,24106.229,,1215332.0,RS,Recomendado (RS),True,EMPRESA DE FERROCARRILES DEL ESTADO,False,2020,2024,24106229000.0
40016726,40016726-0,"MEJORAMIENTO ALUMBRADO PÚBLICO DE LA COMUNA DE FREIRE, SOBRE EFICIENCIA ENERGÉTICA",PROYECTO,ENERGIA,ALUMBRADO PUBLICO,PERFIL,0,2019,,FREIRE,F.N.D.R.,596449000.0,596.449,,24606.0,,Sin evaluación,False,MUNICIPALIDAD DE FREIRE,False,2019,2019,596449000.0
40016795,40016795-0,"MEJORAMIENTO PAVIMENTACIÓN Y AGUAS LLUVIAS ISLA TEJA; CONDELL; SANTA.FILOMENA, QUINTERO",PROYECTO,TRANSPORTE,"TRANSPORTE URBANO,VIALIDAD PEATONAL",EJECUCION,0,2022,,QUINTERO,F.N.D.R.,279384000.0,279.384,,1169.0,RS,Recomendado (RS),True,MUNICIPALIDAD DE QUINTERO,False,2019,2022,279384000.0
40016840,40016840-0,TRANSFERENCIA CAPACITACIÓN ACTIVIDADES EDUCATIVAS CAMBIO CLIMÁTICO REGIÓN DE O´HIGGINS,PROGRAMA,RECURSOS NATURALES Y MEDIO AMBIENTE,MEDIO AMBIENTE,PERFIL,0,2019,L LIBERTADOR GENERAL,,F.N.D.R.,40802000.0,40.802,61145.83,1590.0,,Sin evaluación,False,SEREMI DE MEDIO AMBIENTE REGION DEL LIBERTADOR GENERAL BERNARDO O'HIGGINS,False,2019,2019,40802000.0
40017144,40017144-0,HABILITACION DE CONTROL POR SEÑALIZACION VIRTUAL PARA RED DE EFE,PROYECTO,TRANSPORTE,TRANSPORTE FERROVIARIO,EJECUCION,0,2023,,,EMPRESA,76758768000.0,76758.768,,52000000.0,RS,Recomendado (RS),True,EMPRESA DE FERROCARRILES DEL ESTADO,False,2020,2023,76758768000.0
40017168,40017168-0,TRANSFERENCIA PROGRAMA INTEGRAL DE RIEGO EN LA PEQUEÑA AGRICULTURA DE LA REGIÓN DEL MAULE,PROGRAMA,RECURSOS NATURALES Y MEDIO AMBIENTE,AGRICULTURA,EJECUCION,0,2023,L MAULE,,F.N.D.R.,3015095000.0,3015.095,4239208.99,500.0,,Sin evaluación,False,INSTITUTO DESARROLLO AGROPECUARIO REGION DEL MAULE,False,2020,2023,3085535000.0
40017227,40017227-0,"TRANSFERENCIA PROGRAMA REGIONAL, DESAFÍOS DEL CAMBIO CLIMÁTICO EN LA REGIÓN DE MAGALLANES",PROGRAMA,MULTISECTORIAL,INTERSUBSECTORIAL MULTISECTOR,PERFIL,0,2020,MAGALLANES Y ANTARTICA,,F.N.D.R.,512917000.0,512.917,833713.14,165.0,,Sin evaluación,False,CORPORACION DE FOMENTO DE LA PRODUCCION,False,2020,2020,512917000.0
40017347,40017347-0,"CONSTRUCCION CENTRO OPERATIVO DE VEHÍCULOS DE EMERGENCIA DE INCENDIOS FORESTALES, VALPARAÍSO",PROYECTO,RECURSOS NATURALES Y MEDIO AMBIENTE,MEDIO AMBIENTE,DISEÑO,0,2023,,VALPARAISO,F.N.D.R.,51218000.0,51.218,,1815902.0,RS,Recomendado (RS),True,CORPORACION NACIONAL FORESTAL REGION DE VALPARAISO,False,2020,2023,51218000.0
40017752,40017752-0,ADQUISICION Y REPOSICION DE 3 CAMIONES RECOLECTORES DE RSD PARA LA COMUNA DE VILCUN,PROYECTO,RECURSOS NATURALES Y MEDIO AMBIENTE,MEDIO AMBIENTE,PERFIL,0,2022,,VILCUN,F.N.D.R.,443394000.0,443.394,,22948.0,,Sin evaluación,False,MUNICIPALIDAD DE VILCUN,False,2020,2022,443394000.0
40017811,40017811-0,CAPACITACION PROYECTO MST Y MITIGACIÓN DE EFECTOS CAMBIO CLIMATICO LITUECHE-PAILIMO,PROGRAMA,RECURSOS NATURALES Y MEDIO AMBIENTE,INTERSUBSECTORIAL,PERFIL,0,2019,,,F.N.D.R.,331860000.0,331.86,497325.0,71.0,,Sin evaluación,False,CORPORACION NACIONAL FORESTAL REGION DEL LIBERTADOR GENERAL BERNARDO O'HIGGINS,False,2019,2019,331860000.0
40017853,40017853-0,"ADQUISICION DE VEHÍCULOS PARA PREVENCIÓN Y COMBATE DE INCENDIOS FORESTALES, REGIÓN DE ÑUBLE",PROYECTO,RECURSOS NATURALES Y MEDIO AMBIENTE,AGRICULTURA,PERFIL,0,2024,ÑUBLE,,F.N.D.R.,680540000.0,680.54,,480609.0,,Sin evaluación,False,CORPORACION NACIONAL FORESTAL REGION DE ÑUBLE,False,2022,2024,680540000.0
40017929,40017929-0,TRANSFERENCIA MODELO DE SUSTENTABILIDAD GENERACIÓN MATERIAL BIOLÓGICO APÍCOLA,PROGRAMA,RECURSOS NATURALES Y MEDIO AMBIENTE,AGRICULTURA,EJECUCION,0,2022,L LIBERTADOR GENERAL,,F.N.D.R.,203134000.0,203.134,272802.23,33.0,,Sin evaluación,False,GOBIERNO REGIONAL - REGION DEL LIBERTADOR GENERAL BERNARDO O'HIGGINS,False,2019,2022,203134000.0
40017960,40017960-0,"REPOSICION DE LUMINARIAS LED PORTEZUELO ,1° DE MAYO Y PADRE HURTADO DE PICHIDEGUA",PROYECTO,ENERGIA,ALUMBRADO PUBLICO,PERFIL,0,2019,,PICHIDEGUA,F.N.D.R.,96705000.0,96.705,,2000.0,,Sin evaluación,False,MUNICIPALIDAD DE PICHIDEGUA,False,2019,2019,96705000.0
40017962,40017962-0,REPOSICION LUMINARIAS LED EN SECTOR PICHIDEGUA URBANO,PROYECTO,ENERGIA,ALUMBRADO PUBLICO,PERFIL,0,2021,,PICHIDEGUA,F.N.D.R.,98856000.0,98.856,,4000.0,,Sin evaluación,False,MUNICIPALIDAD DE PICHIDEGUA,False,2019,2021,98856000.0
40018087,40018087-0,"INSTALACION SISTEMA SOLAR AGUA CALIENTE SANITARIA INTERNADO LICEO RURAL LLIFEN, FUTRONO",PROYECTO,ENERGIA,INTERSUBSECTORIAL ENERGIA,EJECUCION,0,2022,,FUTRONO - REGION XIV,F.N.D.R.,47009000.0,47.009,,120.0,RS,Recomendado (RS),True,MUNICIPALIDAD DE FUTRONO REGION DE LOS RIOS,False,2019,2022,47009000.0
40018137,40018137-0,HABILITACION AREA VERDE CALLE 2 PUERTO CHACABUCO,PROYECTO,VIVIENDA Y DESARROLLO URBANO,DESARROLLO URBANO,EJECUCION,0,2021,,AYSEN,F.N.D.R.,98882000.0,98.882,,1239.0,,Sin evaluación,False,MUNICIPALIDAD DE AYSEN,False,2019,2021,98882000.0
40018148,40018148-0,"CONSTRUCCION MURO CONTENCION AV. ALEMANIA, VILLA HERMOSA, VIÑA ORIENTE",PROYECTO,VIVIENDA Y DESARROLLO URBANO,DESARROLLO URBANO,PERFIL,0,2021,,VIÑA DEL MAR,F.N.D.R.,32212000.0,32.212,,4601.0,,Sin evaluación,False,MUNICIPALIDAD DE VIÑA DEL MAR,False,2019,2021,32212000.0
40018153,40018153-0,"AMPLIACION ESTACION DE COMBINACION LOS HEROES LINEAS 1 Y 2, METRO S.A.",PROYECTO,TRANSPORTE,"TRANSPORTE URBANO,VIALIDAD PEATONAL",PERFIL,0,2020,METROPOLITANA DE SANTIAGO,,EMPRESA,882258000.0,882.258,,24687.0,FI,Falta información (FI),False,METRO S.A.,False,2020,2020,882258000.0
40018166,40018166-0,"MEJORAMIENTO DE ÁREAS VERDES EN POBLACIÓN GLORIAS NAVALES, COMUNA DE SAN ESTEBAN",PROYECTO,VIVIENDA Y DESARROLLO URBANO,DESARROLLO URBANO,PERFIL,0,2021,,SAN ESTEBAN,F.N.D.R.,66600000.0,66.6,,500.0,,Sin evaluación,False,MUNICIPALIDAD DE SAN ESTEBAN,False,2019,2021,66600000.0
40018167,40018167-0,"CONSTRUCCION COLECTOR DE AGUAS LLUVIAS AVDA. ALEJANDRO GUZMÁN, COMUNA DE EL BOSQUE",PROYECTO,VIVIENDA Y DESARROLLO URBANO,INTERSUBSECTORIAL VIVIENDA Y DESARROLLO URBANO,PERFIL,0,2023,,EL BOSQUE,F.N.D.R.,1253544000.0,1253.544,,30557.0,OT,Objetado técnicamente (OT),False,MUNICIPALIDAD DE EL BOSQUE,False,2021,2023,1253544000.0
40018171,40018171-0,"CONSTRUCCION CONDUCCION AGUAS SUBTERRANEAS LOTEO LOS NOGALES I, CATEMU",PROYECTO,VIVIENDA Y DESARROLLO URBANO,VIVIENDA DEFINITIVA,PERFIL,0,2022,,CATEMU,F.N.D.R.,31319000.0,31.319,,270.0,,Sin evaluación,False,MUNICIPALIDAD DE CATEMU,False,2019,2022,31319000.0
40018225,40018225-0,CAPACITACION DESARROLLO PROTOTIPO NANOFILTRACION AGUA DE MAR Y DE LLUVIA EMPLE ERNC,PROGRAMA,RECURSOS NATURALES Y MEDIO AMBIENTE,MEDIO AMBIENTE,PERFIL,0,2019,LOS LAGOS,,F.N.D.R.,100000000.0,100.0,149859.88,800000.0,,Sin evaluación,False,GOBIERNO REGIONAL - REGION DE LOS LAGOS,False,2019,2019,100000000.0
40018226,40018226-0,"REPOSICION LUMINARIAS LED EN SECTOR LARMAHUE , VICEPARROQUIA Y LO ARGENTINA",PROYECTO,ENERGIA,ALUMBRADO PUBLICO,PERFIL,0,2019,,PICHIDEGUA,F.N.D.R.,96625000.0,96.625,,2000.0,,Sin evaluación,False,MUNICIPALIDAD DE PICHIDEGUA,False,2019,2019,96625000.0
40018350,40018350-0,"FORESTACION FORESTACIÓN DE GERMOPLASMA DE INTERÉS FORESTAL, REGIÓN DE MAGALLANES, III ETAPA",PROGRAMA,RECURSOS NATURALES Y MEDIO AMBIENTE,SILVICULTURA,PERFIL,0,2020,MAGALLANES Y ANTARTICA,,F.N.D.R.,725707000.0,725.707,1179589.42,11956.0,,Sin evaluación,False,CORPORACION NACIONAL FORESTAL REGION DE MAGALLANES Y ANTARTICA CHILENA,False,2020,2020,725707000.0
40018361,40018361-0,ADQUISICION CAMIONES RECOLECTORES DE BASURA PARA LA COMUNA DE CARAHUE,PROYECTO,RECURSOS NATURALES Y MEDIO AMBIENTE,MEDIO AMBIENTE,PERFIL,0,2022,,CARAHUE,F.N.D.R.,482700000.0,482.7,,22401.0,,Sin evaluación,False,MUNICIPALIDAD DE CARAHUE,False,2020,2022,482700000.0
40018363,40018363-0,CONSTRUCCION PUNTOS LIMPIOS EN LA REGION DE LA ARAUCANIA - SEGUNDA ETAPA,PROYECTO,RECURSOS NATURALES Y MEDIO AMBIENTE,MEDIO AMBIENTE,PERFIL,0,2026,LA ARAUCANIA,,F.N.D.R.,7417320000.0,7417.32,,45000.0,FI,Falta información (FI),False,SEREMI DE MEDIO AMBIENTE REGION DE LA ARAUCANIA,False,2026,2026,7417320000.0
40018379,40018379-0,TRANSFERENCIA FISCALIZACIÓN TRANSPORTE PÚBLICO REGIÓN DE ANTOFAGASTA,PROGRAMA,TRANSPORTE,"TRANSPORTE URBANO,VIALIDAD PEATONAL",PERFIL,0,2019,ANTOFAGASTA,,F.N.D.R.,4515600000.0,4515.6,6767072.79,199421.0,,Sin evaluación,False,GOBIERNO REGIONAL - REGION DE ANTOFAGASTA,False,2019,2019,4515600000.0
40018382,40018382-0,NORMALIZACION DEL CABLEADO DE DATOS DEL CENTRO INTEGRADO DE CONTROL METRO S.A.,PROYECTO,TRANSPORTE,"TRANSPORTE URBANO,VIALIDAD PEATONAL",EJECUCION,0,2023,METROPOLITANA DE SANTIAGO,,EMPRESA,649885000.0,649.885,,2340578.0,RS,Recomendado (RS),True,METRO S.A.,False,2020,2023,649885000.0
40018395,40018395-0,CONSTRUCCION DE ESTACIONAMIENTOS PARA BICICLETAS ETAPA 1 (LÍNEA CERO) EN METRO S.A.,PROYECTO,TRANSPORTE,"TRANSPORTE URBANO,VIALIDAD PEATONAL",EJECUCION,0,2023,METROPOLITANA DE SANTIAGO,,EMPRESA,206870000.0,206.87,,23732.0,RS,Recomendado (RS),True,METRO S.A.,False,2021,2023,206870000.0
40018407,40018407-0,CONSTRUCCION MUROS DE CONTENCIÓN VARIOS SECTORES ETAPA 2 COMUNA IQUIQUE,PROYECTO,VIVIENDA Y DESARROLLO URBANO,SOLUCION HABITACIONAL PARCIAL O COMPLEMENTARIA,PERFIL,0,2020,,IQUIQUE,SECTORIAL,1424354000.0,1424.354,,148.0,FI,Falta información (FI),False,SEREMI VIVIENDA REGION DE TARAPACA,False,2020,2020,1424354000.0
40018413,40018413-0,CONSTRUCCION PLANTA DE COMPOSTAJE DE RESIDUOS SAN PEDRO DE LA PAZ,PROYECTO,RECURSOS NATURALES Y MEDIO AMBIENTE,MEDIO AMBIENTE,PERFIL,0,2020,,SAN PEDRO DE LA PAZ,MUNICIPAL,96466000.0,96.466,,138574.0,FI,Falta información (FI),False,MUNICIPALIDAD DE SAN PEDRO DE LA PAZ,False,2019,2020,152536000.0
40018452,40018452-0,CONSERVACION CICLOVÍAS ARICA,PROYECTO,TRANSPORTE,"TRANSPORTE URBANO,VIALIDAD PEATONAL",EJECUCION,0,2023,,ARICA - REGION XV,F.N.D.R.,272658000.0,272.658,,9000.0,,Sin evaluación,False,MUNICIPALIDAD DE ARICA REGION DE ARICA Y PARINACOTA,False,2020,2023,272658000.0
40018462,40018462-0,MEJORAMIENTO INFRAESTRUCTURA DEL TRANSPORTE PÚBLICO TEMUCO - PADRE LAS CASAS,PROYECTO,TRANSPORTE,"TRANSPORTE URBANO,VIALIDAD PEATONAL",PREFACTIBILIDAD,0,2022,LA ARAUCANIA,,SECTORIAL,326645000.0,326.645,,410520.0,RS,Recomendado (RS),True,SECTRA,False,2020,2022,326645000.0
40018630,40018630-0,ADQUISICION Y RECAMBIO DE LUMINARIAS LED EN DIFERENTES SECTORES DE LA COMUNA DE TEMUCO,PROYECTO,ENERGIA,ALUMBRADO PUBLICO,PERFIL,0,2020,,TEMUCO,F.N.D.R.,1436396000.0,1436.396,,282415.0,,Sin evaluación,False,MUNICIPALIDAD DE TEMUCO,False,2020,2020,1436396000.0
40018650,40018650-0,CONSERVACION INFRAESTRUCTURA METRO VALPARAISO POR EMERGENCIA OCT 2019,PROYECTO,TRANSPORTE,TRANSPORTE FERROVIARIO,EJECUCION,0,2020,,,EMPRESA,718198000.0,718.198,,2.0,,Sin evaluación,False,EMPRESA DE FERROCARRILES DEL ESTADO,False,2019,2020,718198000.0
40018651,40018651-0,CONSERVACION INFRAESTRUCTURA TREN CENTRAL POR EMERGENCIA NACIONAL OCT,PROYECTO,TRANSPORTE,TRANSPORTE FERROVIARIO,PERFIL,0,2020,,,EMPRESA,400000000.0,400.0,,2.0,,Sin evaluación,False,EMPRESA DE FERROCARRILES DEL ESTADO,False,2019,2020,400000000.0
40018680,40018680-0,"ADQUISICION CAMIONES RECOLECTORES Y CONTENEDORES RSD, QUELLON",PROYECTO,RECURSOS NATURALES Y MEDIO AMBIENTE,MEDIO AMBIENTE,PERFIL,0,2022,,QUELLON,F.N.D.R.,583695000.0,583.695,,13838.0,,Sin evaluación,False,MUNICIPALIDAD DE QUELLON,False,2020,2022,583695000.0
40018704,40018704-0,"CONSTRUCCION EXTENSIÓN DE RED DE ALCANTARILLADO, SECTOR PAILAHUEQUE, COMUNA DE ERCILLA",PROYECTO,VIVIENDA Y DESARROLLO URBANO,DESARROLLO URBANO,PERFIL,0,2019,,ERCILLA,F.N.D.R.,78551000.0,78.551,,72.0,,Sin evaluación,False,MUNICIPALIDAD DE ERCILLA,False,2019,2019,78551000.0
40018775,40018775-0,"ADQUISICION MAQUINAS Y EQUIPOS MANEJO DE RESIDUOS SÓLIDOS, PUNTA ARENAS",PROYECTO,RECURSOS NATURALES Y MEDIO AMBIENTE,MEDIO AMBIENTE,PERFIL,0,2019,,PUNTA ARENAS,F.N.D.R.,2897075000.0,2897.075,,119496.0,,Sin evaluación,False,MUNICIPALIDAD DE PUNTA ARENAS,False,2019,2019,2897075000.0
40018793,40018793-0,REPOSICION CORE CENTRAL DE COMUNICACIONES METRO S.A.,PROYECTO,TRANSPORTE,"TRANSPORTE URBANO,VIALIDAD PEATONAL",EJECUCION,0,2024,METROPOLITANA DE SANTIAGO,,EMPRESA,634214000.0,634.214,,4676.0,RS,Recomendado (RS),True,METRO S.A.,False,2020,2024,634214000.0
40018870,40018870-0,TRANSFERENCIA OBRAS ASOCIATIVAS EN RIEGO - REGIÓN DE ÑUBLE,PROGRAMA,RECURSOS NATURALES Y MEDIO AMBIENTE,AGRICULTURA,EJECUCION,0,2024,ÑUBLE,,F.N.D.R.,658799000.0,658.799,774829.76,410.0,,Sin evaluación,False,INSTITUTO DESARROLLO AGROPECUARIO REGION DE ÑUBLE,False,2020,2024,2617189000.0
40018931,40018931-0,TRANSFERENCIA REDUCCIÓN EMISIONES ATMOSFÉRICAS DE MIPYMES EN ZONAS SATURADAS,PROGRAMA,RECURSOS NATURALES Y MEDIO AMBIENTE,MEDIO AMBIENTE,EJECUCION,0,2022,L MAULE,,F.N.D.R.,214145000.0,214.145,287589.64,1000000.0,,Sin evaluación,False,GOBIERNO REGIONAL - REGION DEL MAULE,False,2020,2022,214145000.0
40019019,40019019-0,"NORMALIZACION DE PUERTAS ESPECIALES PARA PERSONAS CON MOVILIDAD REDUCIDA , METRO VALPARAISO",PROYECTO,TRANSPORTE,TRANSPORTE FERROVIARIO,EJECUCION,0,2021,VALPARAISO,,EMPRESA,283119000.0,283.119,,81352.0,RS,Recomendado (RS),True,EMPRESA DE FERROCARRILES DEL ESTADO,False,2019,2021,285893000.0
40019107,40019107-0,"CONSTRUCCION SUM. ENERGIA FOTOVOLTAICA EL MANSO-L V GORMAZ-L T. TAGUA-LOS GUINDOS, COCHAMO",PROYECTO,ENERGIA,AUTOGENERACION,EJECUCION,0,2022,,COCHAMO,F.N.D.R.,821008000.0,821.008,,102.0,RS,Recomendado (RS),True,MUNICIPALIDAD DE COCHAMO,False,2020,2022,821008000.0
40019120,40019120-0,"REPOSICION LUMINARIAS PÚBLICAS, VILCÚN",PROYECTO,ENERGIA,ALUMBRADO PUBLICO,PERFIL,0,2021,,VILCUN,F.N.D.R.,5000000.0,5.0,,5423.0,,Sin evaluación,False,MUNICIPALIDAD DE VILCUN,False,2019,2021,5000000.0
40019209,40019209-0,"CONSTRUCCION SOLUCIONES FOTOVOLTAICAS INDIVIDUALES DIVERSOS SECTORES, COCHAMO",PROYECTO,ENERGIA,AUTOGENERACION,EJECUCION,0,2025,,COCHAMO,F.N.D.R.,3264508000.0,3264.508,,470.0,RS,Recomendado (RS),True,MUNICIPALIDAD DE COCHAMO,False,2022,2025,3264508000.0
40019241,40019241-0,"CONSTRUCCION SOLUCIONES FOTOVOLTAICAS INDIVIDUALES LAGO TODOS LOS SANTOS, PUERTO VARAS",PROYECTO,ENERGIA,AUTOGENERACION,EJECUCION,0,2025,,PUERTO VARAS,F.N.D.R.,938370000.0,938.37,,193.0,RS,Recomendado (RS),True,MUNICIPALIDAD DE PUERTO VARAS,False,2022,2025,938370000.0
40019284,40019284-0,"CONSTRUCCION SISTEMAS FOTOVOLTAICOS SECTOR LA BARRA DEL RIO BUENO, SAN JUAN DE LA COSTA",PROYECTO,ENERGIA,AUTOGENERACION,PERFIL,0,2024,,SAN JUAN DE LA COSTA,F.N.D.R.,562747000.0,562.747,,56.0,RS,Recomendado (RS),True,MUNICIPALIDAD DE SAN JUAN DE LA COSTA,False,2022,2024,562747000.0
40019414,40019414-0,TRANSFERENCIA PROGRAMA PILOTO DE EFICIENCIA ENERGETICA REGIONAL PARA FAMILIAS VULNERABLES,PROGRAMA,SOLUCION HABITACIONAL PARCIAL O,,EJECUCION,0,2022,LOS LAGOS,,F.N.D.R.,541054000.0,541.054,726617.6,150.0,,Sin evaluación,False,FONDO DE SOLIDARIDAD INVERSION SOCIAL FOSIS X R,False,2020,2022,541054000.0
40019470,40019470-0,CAPACITACION DIAGNÓSTICO LÍNEA BASE Y FACTIBILIDAD BOLSA CLIMÁTICA DE LOS LAGOS,PROGRAMA,RECURSOS NATURALES Y MEDIO AMBIENTE,MEDIO AMBIENTE,PERFIL,0,2020,LOS LAGOS,,F.N.D.R.,307197000.0,307.197,499328.7,108.0,,Sin evaluación,False,SEREMI AGRICULTURA REGION DE LOS LAGOS,False,2020,2020,307197000.0
40019512,40019512-0,"CONSTRUCCION TERMINAL DE TRANSPORTE PÚBLICO MENOR, COYHAIQUE",PROYECTO,TRANSPORTE,"TRANSPORTE URBANO,VIALIDAD PEATONAL",PERFIL,0,2021,AISEN DEL GENERAL CARLOS,,F.N.D.R.,92244000.0,92.244,,65000.0,OT,Objetado técnicamente (OT),False,GOBIERNO REGIONAL - REGION DE AISEN DEL GENERAL CARLOS IBAÑEZ DEL CAMPO,False,2021,2021,92244000.0
40019532,40019532-0,ADQUISICION CAMION PARA CENTRO DE RECICLAJE COMUNAL PEÑALOLEN,PROYECTO,RECURSOS NATURALES Y MEDIO AMBIENTE,MEDIO AMBIENTE,PERFIL,0,2021,,PEÑALOLEN,F.N.D.R.,35569000.0,35.569,,241599.0,,Sin evaluación,False,MUNICIPALIDAD DE PEÑALOLEN,False,2019,2021,35569000.0
40019545,40019545-0,CONSERVACION DE INFRAESTRUCTURA DE LÍNEA 4 y 4A DE RED DE METRO S.A.,PROYECTO,TRANSPORTE,"TRANSPORTE URBANO,VIALIDAD PEATONAL",EJECUCION,0,2022,METROPOLITANA DE SANTIAGO,,EMPRESA,55251059000.0,55251.059,,471994.0,,Sin evaluación,False,METRO S.A.,False,2019,2022,83854836000.0
40019561,40019561-0,MEJORAMIENTO ÁREAS VERDES DISTINTOS SECTORES Y ENTUBAMIENTO TRAMO CANAL WEBER VILLARRICA,PROYECTO,VIVIENDA Y DESARROLLO URBANO,DESARROLLO URBANO,PERFIL,0,2023,,VILLARRICA,F.N.D.R.,30000000.0,30.0,,55002.0,,Sin evaluación,False,MUNICIPALIDAD DE VILLARRICA,False,2020,2023,30000000.0
40019563,40019563-0,"CONSTRUCCION PUNTOS LIMPIOS DISTINTOS SECTORES, COMUNA DE VILLARRICA AÑO",PROYECTO,RECURSOS NATURALES Y MEDIO AMBIENTE,MEDIO AMBIENTE,PERFIL,0,2022,,VILLARRICA,F.N.D.R.,20000000.0,20.0,,55478.0,,Sin evaluación,False,MUNICIPALIDAD DE VILLARRICA,False,2020,2022,20000000.0
40019564,40019564-0,INSTALACION DE LUMINARIAS SOLARES DISTINTOS PUNTOS DE LA COMUNA DE VILLARRICA AÑO 2019,PROYECTO,ENERGIA,ALUMBRADO PUBLICO,PERFIL,0,2022,,VILLARRICA,F.N.D.R.,11600000.0,11.6,,55478.0,,Sin evaluación,False,MUNICIPALIDAD DE VILLARRICA,False,2020,2022,11600000.0
40019597,40019597-0,"CONSTRUCCION CENTRO OPERATIVO PARA PREVENCIÓN Y CONTROL DE INCENDIOS FORESTALES, HUASCO",PROYECTO,RECURSOS NATURALES Y MEDIO AMBIENTE,ADMINISTRACION SILVOAGROPECUARIO,PERFIL,0,2020,,,F.N.D.R.,81582000.0,81.582,,286168.0,OT,Objetado técnicamente (OT),False,CORPORACION NACIONAL FORESTAL REGION DE ATACAMA,False,2020,2020,81582000.0
40019614,40019614-0,"CONSERVACION INFRAESTRUCTURA APOYO AL TRANSPORTE PUBLICO ARAUCANIA, COMUNA DE TOLTEN",PROYECTO,TRANSPORTE,TRANSPORTE CAMINERO,PERFIL,0,2020,,TOLTEN,SECTORIAL,299181000.0,299.181,,8177.0,,Sin evaluación,False,MUNICIPALIDAD DE TOLTEN,False,2020,2020,299181000.0
40019639,40019639-0,CONSERVACION INFRAESTRUCTURA MENOR PARA EL TRANSPORTE PÚBLICO REGIÓN DE VALPARAÍSO,PROYECTO,TRANSPORTE,"TRANSPORTE URBANO,VIALIDAD PEATONAL",EJECUCION,0,2023,VALPARAISO,,SECTORIAL,7819310000.0,7819.31,,1815902.0,,Sin evaluación,False,SUBSIDIO NACIONAL AL TRANSPORTE PUBLICO,False,2020,2023,7819310000.0
40019641,40019641-0,CONSERVACION INFRAESTRUCTURA MENOR PARA EL TRANSPORTE PÚBLICO REGIÓN DE COQUIMBO,PROYECTO,TRANSPORTE,"TRANSPORTE URBANO,VIALIDAD PEATONAL",EJECUCION,0,2023,COQUIMBO,,SECTORIAL,4279308000.0,4279.308,,757586.0,,Sin evaluación,False,SUBSIDIO NACIONAL AL TRANSPORTE PUBLICO,False,2020,2023,4279308000.0
40019642,40019642-0,CONSERVACION INFRAESTRUCTURA MENOR PARA EL TRANSPORTE PÚBLICO REGIÓN DE ATACAMA,PROYECTO,TRANSPORTE,"TRANSPORTE URBANO,VIALIDAD PEATONAL",EJECUCION,0,2023,ATACAMA,,SECTORIAL,4645884000.0,4645.884,,286168.0,,Sin evaluación,False,SUBSIDIO NACIONAL AL TRANSPORTE PUBLICO,False,2020,2023,4645884000.0
40019643,40019643-0,CONSERVACION INFRAESTRUCTURA MENOR PARA EL TRANSPORTE PÚBLICO REGIÓN DE MAGALLANES,PROYECTO,TRANSPORTE,"TRANSPORTE URBANO,VIALIDAD PEATONAL",EJECUCION,0,2022,MAGALLANES Y ANTARTICA,,SECTORIAL,1062144000.0,1062.144,,166533.0,,Sin evaluación,False,SUBSIDIO NACIONAL AL TRANSPORTE PUBLICO,False,2020,2022,1714420000.0
40019644,40019644-0,CONSERVACION INFRAESTRUCTURA MENOR PARA EL TRANSPORTE PÚBLICO REGIÓN DE ARICA,PROYECTO,TRANSPORTE,"TRANSPORTE URBANO,VIALIDAD PEATONAL",EJECUCION,0,2023,ARICA Y PARINACOTA,,SECTORIAL,3640326000.0,3640.326,,226068.0,,Sin evaluación,False,SUBSIDIO NACIONAL AL TRANSPORTE PUBLICO,False,2020,2023,3640326000.0
40019645,40019645-0,CONSERVACION INFRAESTRUCTURA MENOR PARA EL TRANSPORTE PÚBLICO REGIÓN DE TARAPACA,PROYECTO,TRANSPORTE,"TRANSPORTE URBANO,VIALIDAD PEATONAL",EJECUCION,0,2022,TARAPACA,,SECTORIAL,1588044000.0,1588.044,,330558.0,,Sin evaluación,False,SUBSIDIO NACIONAL AL TRANSPORTE PUBLICO,False,2020,2022,2265449000.0
40019646,40019646-0,CONSERVACION INFRAESTRUCTURA MENOR PARA EL TRANSPORTE PÚBLICO EN LA REGIÓN DE ANTOFAGASTA,PROYECTO,TRANSPORTE,"TRANSPORTE URBANO,VIALIDAD PEATONAL",EJECUCION,0,2023,ANTOFAGASTA,,SECTORIAL,5781171000.0,5781.171,,607534.0,,Sin evaluación,False,SUBSIDIO NACIONAL AL TRANSPORTE PUBLICO,False,2020,2023,5781171000.0
40019703,40019703-0,"ADQUISICION DE CONTENEDORES DE BASURA, COMUNA EL MONTE",PROYECTO,RECURSOS NATURALES Y MEDIO AMBIENTE,MEDIO AMBIENTE,PERFIL,0,2023,,EL MONTE,F.N.D.R.,616937000.0,616.937,,35695.0,,Sin evaluación,False,MUNICIPALIDAD DE EL MONTE,False,2019,2023,714415000.0
40019820,40019820-0,"REPOSICION CAMIONES RECOLECTORES DE BASURA, COMUNA DE CALDERA",PROYECTO,RECURSOS NATURALES Y MEDIO AMBIENTE,MEDIO AMBIENTE,EJECUCION,0,2024,,CALDERA,F.N.D.R.,462932000.0,462.932,,33625.0,,Sin evaluación,False,MUNICIPALIDAD DE CALDERA,False,2020,2024,680095000.0
40019875,40019875-0,"REPOSICION CONTENEDORES RSD, COMUNA DE EL MONTE",PROYECTO,RECURSOS NATURALES Y MEDIO AMBIENTE,MEDIO AMBIENTE,PERFIL,0,2021,,EL MONTE,F.N.D.R.,9389000.0,9.389,,28468.0,,Sin evaluación,False,MUNICIPALIDAD DE EL MONTE,False,2020,2021,9389000.0
40020323,40020323-0,CONSTRUCCION SISTEMA DOMICILIARIO FOTOVOLTAICO ISLA HUAPI SEGUNDA ETAPA,PROYECTO,ENERGIA,AUTOGENERACION,PERFIL,0,2026,,FUTRONO - REGION XIV,F.N.D.R.,2697399000.0,2697.399,,536.0,RS,Recomendado (RS),True,MUNICIPALIDAD DE FUTRONO REGION DE LOS RIOS,False,2024,2026,2697399000.0
40020342,40020342-0,ADQUISICION PUNTOS DE RECICLAJE PARA LAS ESCUELAS DE LA COMUNA DE YERBAS BUENAS,PROYECTO,MULTISECTORIAL,INTERSUBSECTORIAL MULTISECTOR,EJECUCION,0,2022,,YERBAS BUENAS,F.N.D.R.,11422000.0,11.422,,1727.0,,Sin evaluación,False,MUNICIPALIDAD DE YERBAS BUENAS,False,2020,2022,11422000.0
40020354,40020354-0,REPOSICION CAMIÓN RECOLECTOR DE RESIDUOS SÓLIDOS DOMICILIARIOS DE PALENA,PROYECTO,RECURSOS NATURALES Y MEDIO AMBIENTE,MEDIO AMBIENTE,PERFIL,0,2023,,PALENA,F.N.D.R.,209352000.0,209.352,,1711.0,,Sin evaluación,False,MUNICIPALIDAD DE PALENA,False,2022,2023,209352000.0
40020401,40020401-0,"MEJORAMIENTO AREAS VERDES LOCALIDAD DE BARROS ARANA, COMUNA DE T. SCHMIDT",PROYECTO,VIVIENDA Y DESARROLLO URBANO,DESARROLLO URBANO,PERFIL,0,2023,,TEODORO SCHMIDT,F.N.D.R.,70000000.0,70.0,,3313.0,,Sin evaluación,False,MUNICIPALIDAD DE TEODORO SCHMIDT,False,2021,2023,70000000.0
40020404,40020404-0,"CONSTRUCCION MUROS DE CONTENCIÓN EN DIVERSOS SECTORES, LEBU",PROYECTO,VIVIENDA Y DESARROLLO URBANO,DESARROLLO URBANO,PERFIL,0,2025,,LEBU,F.N.D.R.,106147000.0,106.147,,1849.0,OT,Objetado técnicamente (OT),False,MUNICIPALIDAD DE LEBU,False,2022,2025,109619000.0
40020540,40020540-0,"CONSTRUCCION ZONA DE RECICLAJE DIVERSOS SECTORES, COYHAIQUE",PROYECTO,MULTISECTORIAL,INTERSUBSECTORIAL MULTISECTOR,EJECUCION,0,2023,,COYHAIQUE,F.N.D.R.,105793000.0,105.793,,800.0,,Sin evaluación,False,MUNICIPALIDAD DE COYHAIQUE,False,2021,2023,118304000.0
40020599,40020599-0,"CONSTRUCCION MUROS DE CONTENCIÓN CALLE LA HUAYCA, COMUNA IQUIQUE",PROYECTO,VIVIENDA Y DESARROLLO URBANO,DESARROLLO URBANO,EJECUCION,0,2024,,IQUIQUE,F.N.D.R.,453580000.0,453.58,,132.0,RS,Recomendado (RS),True,SEREMI VIVIENDA REGION DE TARAPACA,False,2021,2024,453580000.0
40020696,40020696-0,TRANSFERENCIA PROGRAMA RIEGO INTRAPREDIAL INDAP,PROGRAMA,RECURSOS NATURALES Y MEDIO AMBIENTE,AGRICULTURA,EJECUCION,0,2022,L LIBERTADOR GENERAL,,F.N.D.R.,1054656000.0,1054.656,1416368.08,180.0,,Sin evaluación,False,INSTITUTO DESARROLLO AGROPECUARIO REGION DEL LIBERTADOR GENERAL BERNARDO,False,2020,2022,1054656000.0
40020703,40020703-0,TRANSFERENCIA PROGRAMA OBRAS MENORES DE RIEGO AÑO 2020,PROGRAMA,RECURSOS NATURALES Y MEDIO AMBIENTE,AGRICULTURA,EJECUCION,0,2021,L LIBERTADOR GENERAL,,F.N.D.R.,1022305000.0,1022.305,1469483.53,370.0,,Sin evaluación,False,INSTITUTO DESARROLLO AGROPECUARIO REGION DEL LIBERTADOR GENERAL BERNARDO,False,2020,2021,1022305000.0
40020785,40020785-0,"CONSTRUCCION TALUD CALLE CARLOS DITTBORN, TALCAHUANO",PROYECTO,VIVIENDA Y DESARROLLO URBANO,SOLUCION HABITACIONAL PARCIAL O COMPLEMENTARIA,PERFIL,0,2022,,TALCAHUANO,F.N.D.R.,678797000.0,678.797,,1626.0,FI,Falta información (FI),False,MUNICIPALIDAD DE TALCAHUANO,False,2020,2022,678797000.0
40020845,40020845-0,REPOSICION E INSTALACIÓN DE LUMINARIAS Y JUEGOS INFANTILES EN ÁREA VERDE DE PUERTO SAAVEDRA,PROYECTO,VIVIENDA Y DESARROLLO URBANO,DESARROLLO URBANO,PERFIL,0,2020,,SAAVEDRA,F.N.D.R.,14561000.0,14.561,,750.0,,Sin evaluación,False,MUNICIPALIDAD DE SAAVEDRA,False,2020,2020,14561000.0
40020931,40020931-0,"CONSTRUCCION CICLOVIA RUTA N-59-Q, SECTOR HUEPIL- TUCAPEL",PROYECTO,TRANSPORTE,TRANSPORTE CAMINERO,PERFIL,0,2020,,TUCAPEL,SECTORIAL,1948059000.0,1948.059,,14134.0,OT,Objetado técnicamente (OT),False,VIALIDAD MOP REGION DEL BIO BIO,False,2020,2020,1948059000.0
40020935,40020935-0,"CONSTRUCCION CICLOVIA RUTA N-31, SECTOR SAN CARLOS - SAN FABIAN",PROYECTO,TRANSPORTE,TRANSPORTE CAMINERO,PERFIL,0,2024,ÑUBLE,,SECTORIAL,7665193000.0,7665.193,,53024.0,RS,Recomendado (RS),True,VIALIDAD MOP REGION DE ÑUBLE,False,2020,2024,7665193000.0
40021027,40021027-0,"REPOSICION DE ACERAS Y CONSTRUCCIÓN DE CICLOVIAS EN AVDA. PRAT, QUIRIHUE",PROYECTO,TRANSPORTE,"TRANSPORTE URBANO,VIALIDAD PEATONAL",PERFIL,0,2022,ÑUBLE,,SECTORIAL,49587000.0,49.587,,53024.0,RS,Recomendado (RS),True,SEREMI VIVIENDA REGION DE ÑUBLE,False,2021,2022,49587000.0
40021095,40021095-0,AMPLIACION SENSIBILIZACION Y CAPACIT EN SEPARACION Y VALORIZACION RESIDUOS DE EYE,PROYECTO,RECURSOS NATURALES Y MEDIO AMBIENTE,MEDIO AMBIENTE,PERFIL,0,2020,,CAMIÑA (Prov. Tamarugal),SECTORIAL,27500000.0,27.5,,801.0,,Sin evaluación,False,MUNICIPALIDAD DE CAMIÑA,False,2020,2020,27500000.0
40021096,40021096-0,RECUPERACION ENRIQUECIMIENTO FORESTAL DE LA PAMPA DEL TAMARUGAL,PROGRAMA,RECURSOS NATURALES Y MEDIO AMBIENTE,INTERSUBSECTORIAL,EJECUCION,0,2024,,,F.N.D.R.,499005000.0,499.005,586892.09,100.0,,Sin evaluación,False,CORPORACION NACIONAL FORESTAL REGION DE TARAPACA,False,2021,2024,499005000.0
40021112,40021112-0,RECUPERACION ENRIQUECIMIENTO FORESTAL DE LA ZONA ANDINA,PROGRAMA,RECURSOS NATURALES Y MEDIO AMBIENTE,INTERSUBSECTORIAL,PERFIL,0,2023,,,F.N.D.R.,355876000.0,355.876,500359.93,110.0,,Sin evaluación,False,CORPORACION NACIONAL FORESTAL REGION DE TARAPACA,False,2021,2023,355876000.0
40021423,40021423-0,CONSTRUCCION CICLOVIAS EN RED VIAL REGION DE LOS RIOS II ETAPA,PROYECTO,TRANSPORTE,TRANSPORTE CAMINERO,DISEÑO,0,2026,LOS RIOS,,SECTORIAL,880930000.0,880.93,,2500.0,RS,Recomendado (RS),True,DIRECCION DE VIALIDAD MOP,False,2023,2026,998660000.0
40021534,40021534-0,REPOSICION SISTEMA DE DETECCIÓN DE FROTADORES DE LÍNEA 5 DE METRO S.A.,PROYECTO,TRANSPORTE,"TRANSPORTE URBANO,VIALIDAD PEATONAL",EJECUCION,0,2023,METROPOLITANA DE SANTIAGO,,EMPRESA,1002714000.0,1002.714,,504942.0,RS,Recomendado (RS),True,METRO S.A.,False,2020,2023,1321536000.0
40021767,40021767-0,CONSTRUCCION RELLENO SANITARIO PARA LA DISPOSICIÓN FINAL DE LOS RSD DE LA COMUNA DE ANCUD,PROYECTO,RECURSOS NATURALES Y MEDIO AMBIENTE,MEDIO AMBIENTE,PERFIL,0,2020,,ANCUD,F.N.D.R.,95000000.0,95.0,,38991.0,OT,Objetado técnicamente (OT),False,MUNICIPALIDAD DE ANCUD,False,2020,2020,95000000.0
40021784,40021784-0,CONSTRUCCION ALUMBRADO PÚBLICO LED DIVERSOS SECTORES -PORTEZUELO,PROYECTO,ENERGIA,ALUMBRADO PUBLICO,EJECUCION,0,2022,,PORTEZUELO - REGION DE,F.N.D.R.,21118000.0,21.118,,1401.0,,Sin evaluación,False,MUNICIPALIDAD DE PORTEZUELO,False,2020,2022,101143000.0
40021839,40021839-0,"MEJORAMIENTO ÁREAS VERDES PURRANQUE ENTRE CALLE SAN VICENTE Y CALLE PURRANQUE, TEMUCO",PROYECTO,VIVIENDA Y DESARROLLO URBANO,DESARROLLO URBANO,PERFIL,0,2023,,TEMUCO,F.N.D.R.,90575000.0,90.575,,12397.0,,Sin evaluación,False,MUNICIPALIDAD DE TEMUCO,False,2020,2023,90576000.0
40021841,40021841-0,"MEJORAMIENTO ÁREAS VERDES SIETE VENAS ENTRE CALLE ANTURRAYEN Y CALLE ANTIQUINA, TEMUCO",PROYECTO,VIVIENDA Y DESARROLLO URBANO,DESARROLLO URBANO,PERFIL,0,2023,,TEMUCO,F.N.D.R.,101662000.0,101.662,,6141.0,,Sin evaluación,False,MUNICIPALIDAD DE TEMUCO,False,2020,2023,101663000.0
40021842,40021842-0,"REPOSICION AREAS VERDES SECTOR JUAN PABLO II, SECTOR ALTO, COPIAPO",PROYECTO,VIVIENDA Y DESARROLLO URBANO,DESARROLLO URBANO,EJECUCION,0,2024,,COPIAPO,F.N.D.R.,2105380000.0,2105.38,,14729.0,RS,Recomendado (RS),True,MUNICIPALIDAD DE COPIAPO,False,2021,2024,2105380000.0
40021843,40021843-0,"REPOSICION AREAS VERDES VILLA EL TAMBO-LOS ESCRITORES SECTOR ALTO, COPIAPO",PROYECTO,VIVIENDA Y DESARROLLO URBANO,DESARROLLO URBANO,EJECUCION,0,2024,,COPIAPO,F.N.D.R.,3628722000.0,3628.722,,24347.0,RS,Recomendado (RS),True,MUNICIPALIDAD DE COPIAPO,False,2021,2024,3628722000.0
40021853,40021853-0,"REPOSICION AREAS VERDES SECTOR LOS MINERALES, SECTOR ALTO, COPIAPO",PROYECTO,VIVIENDA Y DESARROLLO URBANO,DESARROLLO URBANO,EJECUCION,0,2025,,COPIAPO,F.N.D.R.,2070713000.0,2070.713,,16905.0,RS,Recomendado (RS),True,MUNICIPALIDAD DE COPIAPO,False,2021,2025,2070713000.0
40021866,40021866-0,"NORMALIZACION INFRAESTRUCTURA ANDENES EN ESTACIONES DE PASAJEROS BIOTREN, CORTO LAJA Y VIC-TCO",PROYECTO,TRANSPORTE,TRANSPORTE FERROVIARIO,EJECUCION,0,2022,,,EMPRESA,3945703000.0,3945.703,,330242.0,RS,Recomendado (RS),True,EMPRESA DE FERROCARRILES DEL ESTADO,False,2020,2022,3945703000.0
40022058,40022058-0,"CONSTRUCCION AREAS VERDES Y MEJORAMIENTO SEDE POBLACION LAS CARMELITAS, PARRAL",PROYECTO,VIVIENDA Y DESARROLLO URBANO,DESARROLLO URBANO,EJECUCION,0,2023,,PARRAL,F.N.D.R.,102214000.0,102.214,,242.0,,Sin evaluación,False,MUNICIPALIDAD DE PARRAL,False,2020,2023,102214000.0
40022155,40022155-0,"REPOSICION DE LUMINARIA PUBLICA A TECNOLOGÍA LED, SECTOR LOS LLEUQUES, COMUNA DE PINTO",PROYECTO,ENERGIA,ALUMBRADO PUBLICO,EJECUCION,0,2022,,PINTO - REGION DE ÑUBLE,F.N.D.R.,79714000.0,79.714,,529.0,,Sin evaluación,False,MUNICIPALIDAD DE PINTO,False,2020,2022,79714000.0
40022158,40022158-0,"REPOSICION DE 51 LUMINARIAs PUBLICAs A TECNOLOGÍA LED, SECTOR RECINTO, COMUNA DE PINTO.",PROYECTO,ENERGIA,ALUMBRADO PUBLICO,EJECUCION,0,2022,,PINTO - REGION DE ÑUBLE,F.N.D.R.,87611000.0,87.611,,653.0,,Sin evaluación,False,MUNICIPALIDAD DE PINTO,False,2020,2022,87611000.0
40022161,40022161-0,"REPOSICION DE 94 LUMINARIAS PUBLICAS A TECNOLOGÍA LED, SECTOR EL ROSAL, COMUNA DE PINTO.",PROYECTO,ENERGIA,ALUMBRADO PUBLICO,PERFIL,0,2023,,PINTO - REGION DE ÑUBLE,F.N.D.R.,87008000.0,87.008,,779.0,,Sin evaluación,False,MUNICIPALIDAD DE PINTO,False,2020,2023,87008000.0
40022178,40022178-0,CAPACITACION PARA EL CENTRO TECNOLÓGICO DE ECONOMÍA CIRCULAR TARAPACÁ,PROGRAMA,MULTISECTORIAL,INTERSUBSECTORIAL MULTISECTOR,PERFIL,0,2022,TARAPACA,,F.N.D.R.,1601238000.0,1601.238,2150409.6,1000.0,,Sin evaluación,False,CORPORACION FOMENTO DE LA PRODUCCION REGION DE TARAPACA,False,2020,2022,1601238000.0
40022457,40022457-0,"MEJORAMIENTO ÁREA VERDE VILLA SANTA MARÍA, PADRE LAS CASAS",PROYECTO,VIVIENDA Y DESARROLLO URBANO,DESARROLLO URBANO,PERFIL,0,2023,,PADRE LAS CASAS,F.N.D.R.,41280000.0,41.28,,2300.0,,Sin evaluación,False,MUNICIPALIDAD DE PADRE LAS CASAS,False,2020,2023,41280000.0
40022465,40022465-0,TRANSFERENCIA APOYO AL COMBATE DE INCENDIOS FORESTALES PARA LA CONSERVACIÓN DEL MEDIO AMBIENTE,PROGRAMA,,,PERFIL,0,2020,L MAULE,,F.N.D.R.,330787000.0,330.787,537672.7,292261.0,,Sin evaluación,False,CORPORACION NACIONAL FORESTAL REGION DEL MAULE,False,2020,2020,330787000.0
40022473,40022473-0,"MEJORAMIENTO ÁREA VERDE VILLA PULMAHUE 3, PADRE LAS CASAS",PROYECTO,VIVIENDA Y DESARROLLO URBANO,DESARROLLO URBANO,PERFIL,0,2023,,PADRE LAS CASAS,F.N.D.R.,37200000.0,37.2,,2500.0,,Sin evaluación,False,MUNICIPALIDAD DE PADRE LAS CASAS,False,2020,2023,37200000.0
40022477,40022477-0,"MEJORAMIENTO ÁREA VERDE VILLA EL FARO, PADRE LAS CASAS",PROYECTO,VIVIENDA Y DESARROLLO URBANO,DESARROLLO URBANO,PERFIL,0,2023,,PADRE LAS CASAS,F.N.D.R.,50500000.0,50.5,,2300.0,,Sin evaluación,False,MUNICIPALIDAD DE PADRE LAS CASAS,False,2020,2023,50500000.0
40022651,40022651-0,"MEJORAMIENTO ÁREA VERDE VILLA TRILALEO, COMUNA DE YUNGAY",PROYECTO,VIVIENDA Y DESARROLLO URBANO,DESARROLLO URBANO,PERFIL,0,2024,,YUNGAY - REGION DE ÑUBLE,F.N.D.R.,112460000.0,112.46,,410.0,,Sin evaluación,False,MUNICIPALIDAD DE YUNGAY,False,2020,2024,112460000.0
40022661,40022661-0,REPOSICION 17 LUMINARIAS ALUMBRADO PUBLICO MEDIANTE SIST. FOTOVOLTAICO CALETA PUCATRIHUE,PROYECTO,ENERGIA,ALUMBRADO PUBLICO,PERFIL,0,2021,,SAN JUAN DE LA COSTA,F.N.D.R.,26105000.0,26.105,,445.0,,Sin evaluación,False,MUNICIPALIDAD DE SAN JUAN DE LA COSTA,False,2020,2021,26105000.0
40022683,40022683-0,ADQUISICION MAQUINA COMPACTADORA PARA RELLENO SANITARIO LA LAJA,PROYECTO,RECURSOS NATURALES Y MEDIO AMBIENTE,MEDIO AMBIENTE,PERFIL,0,2023,,PUERTO VARAS,F.N.D.R.,572336000.0,572.336,,408052.0,,Sin evaluación,False,MUNICIPALIDAD DE PUERTO VARAS,False,2020,2023,572336000.0
40022920,40022920-0,"ADQUISICION BUSES ELÉCTRICOS TRANSPORTE ESCOLAR, COMUNA DE PIRQUE",PROYECTO,TRANSPORTE,"TRANSPORTE URBANO,VIALIDAD PEATONAL",PERFIL,0,2023,,PIRQUE,F.N.D.R.,1308324000.0,1308.324,,31787.0,,Sin evaluación,False,MUNICIPALIDAD DE PIRQUE,False,2022,2023,1308324000.0
40022964,40022964-0,CONSTRUCCION DE CENTRO DE GESTIÓN DE RECICLAJE DE PUERTO CISNES,PROYECTO,RECURSOS NATURALES Y MEDIO AMBIENTE,MEDIO AMBIENTE,PERFIL,0,2020,,CISNES,F.N.D.R.,25000000.0,25.0,,110.0,,Sin evaluación,False,MUNICIPALIDAD DE CISNES,False,2020,2020,25000000.0
40023008,40023008-0,"CONSTRUCCION PASEO MIRADOR HUMEDAL BARRIO EL TABLÓN, QUIRIHUE",PROYECTO,VIVIENDA Y DESARROLLO URBANO,DESARROLLO URBANO,DISEÑO,0,2025,,QUIRIHUE,SECTORIAL,47454000.0,47.454,,1492.0,RS,Recomendado (RS),True,SEREMI VIVIENDA REGION DE ÑUBLE,False,2021,2025,58711000.0
40023030,40023030-0,MEJORAMIENTO PARQUE URBANO SECTOR BARRIO ALTO PUERTO CISNES,PROYECTO,VIVIENDA Y DESARROLLO URBANO,DESARROLLO URBANO,EJECUCION,0,2023,,CISNES,F.N.D.R.,58891000.0,58.891,,2754.0,,Sin evaluación,False,MUNICIPALIDAD DE CISNES,False,2020,2023,58891000.0
40023165,40023165-0,CAPACITACION CAPACITACIÓN Y TRANSFERENCIA TECNOLÓGICA EN MANEJO DE BOSQUE NATIVO FASE I,PROGRAMA,RECURSOS NATURALES Y MEDIO AMBIENTE,SILVICULTURA,PERFIL,0,2020,ÑUBLE,,F.N.D.R.,349841000.0,349.841,568643.74,130.0,,Sin evaluación,False,INSTITUTO FORESTAL REGION DE ÑUBLE,False,2020,2020,349841000.0
40023229,40023229-0,"ADQUISICION KITS DE LUMINARIAS CON PANELES SOLARES, COMUNA DE VICHUQUEN",PROYECTO,ENERGIA,ALUMBRADO PUBLICO,PERFIL,0,2024,,VICHUQUEN,F.N.D.R.,203120000.0,203.12,,4322.0,,Sin evaluación,False,MUNICIPALIDAD DE VICHUQUEN,False,2022,2024,203120000.0
40023238,40023238-0,CONSTRUCCION ILUMINACION FOTOVOLTAICA VARIOS ESCALONES,PROYECTO,ENERGIA,ALUMBRADO PUBLICO,PERFIL,0,2020,,CORRAL - REGION XIV,F.N.D.R.,89569000.0,89.569,,4909.0,,Sin evaluación,False,MUNICIPALIDAD DE CORRAL REGION DE LOS RIOS,False,2020,2020,89569000.0
40023263,40023263-0,CONSERVACION PUENTES FERROVIARIOS DE LA RED DE EFE,PROYECTO,TRANSPORTE,TRANSPORTE FERROVIARIO,PERFIL,0,2020,,,EMPRESA,5179306000.0,5179.306,,52000000.0,,Sin evaluación,False,EMPRESA DE FERROCARRILES DEL ESTADO,False,2020,2020,5179306000.0
40023593,40023593-0,CONSTRUCCION SOLUCIONES FOTOVOLTAICAS INDIVIDUALES SECTOR CUDICO CARIMANCA Y OTROS,PROYECTO,ENERGIA,AUTOGENERACION,PERFIL,0,2020,,LA UNION - REGION XIV,F.N.D.R.,246099000.0,246.099,,85.0,FI,Falta información (FI),False,MUNICIPALIDAD DE LA UNION REGION DE LOS RIOS,False,2020,2020,246099000.0
40023606,40023606-0,INSTALACION PUNTO LIMPIO COMUNA DE LLAY LLAY,PROYECTO,RECURSOS NATURALES Y MEDIO AMBIENTE,MEDIO AMBIENTE,PERFIL,0,2020,,LLAY LLAY,SECTORIAL,90000000.0,90.0,,24608.0,RS,Recomendado (RS),True,MUNICIPALIDAD DE LLAY LLAY,False,2020,2020,90000000.0
40023629,40023629-0,"CONSTRUCCION CICLOVIA EJE M. RODRIGUEZ-JOSE M. CARRERA, SAN FERNANDO",PROYECTO,TRANSPORTE,"TRANSPORTE URBANO,VIALIDAD PEATONAL",PERFIL,0,2023,,SAN FERNANDO,SECTORIAL,1382923000.0,1382.923,,3868.0,RS,Recomendado (RS),True,SEREMI VIVIENDA REGION DEL LIBERTADOR GENERAL BERNARDO O'HIGGINS,False,2021,2023,1382923000.0
40023631,40023631-0,"CONSTRUCCION CICLOVIA EJE GRAL BAQUEDANO-JOSE RAMIREZ-NUEVO AMANECER, COMUNA DE RENGO",PROYECTO,TRANSPORTE,"TRANSPORTE URBANO,VIALIDAD PEATONAL",EJECUCION,0,2025,,RENGO,SECTORIAL,1516206000.0,1516.206,,12396.0,RS,Recomendado (RS),True,SEREMI VIVIENDA REGION DEL LIBERTADOR GENERAL BERNARDO O'HIGGINS,False,2021,2025,1516206000.0
40023663,40023663-0,AMPLIACION CAPACIDAD METROTREN RANCAGUA,PROYECTO,TRANSPORTE,TRANSPORTE FERROVIARIO,EJECUCION,0,2024,,,EMPRESA,16561868000.0,16561.868,,1322776.0,RS,Recomendado (RS),True,EMPRESA DE FERROCARRILES DEL ESTADO,False,2020,2024,16561868000.0
40023728,40023728-0,"ADQUISICION CAMION RECOLECTOR DE RESIDUOS SOLIDOS DOMICILIARIOS, PALMILLA",PROYECTO,RECURSOS NATURALES Y MEDIO AMBIENTE,MEDIO AMBIENTE,PERFIL,0,2022,,PALMILLA,F.N.D.R.,145168000.0,145.168,,12482.0,,Sin evaluación,False,MUNICIPALIDAD DE PALMILLA,False,2021,2022,145168000.0
40023878,40023878-0,REPOSICION DE PARADEROS PARA TRANSPORTE PUBLICO,PROYECTO,TRANSPORTE,"TRANSPORTE URBANO,VIALIDAD PEATONAL",PERFIL,0,2026,,MAFIL - REGION XIV,F.N.D.R.,126618000.0,126.618,,7095.0,,Sin evaluación,False,MUNICIPALIDAD DE MAFIL REGION DE LOS RIOS,False,2021,2026,126618000.0
40023961,40023961-0,"MEJORAMIENTO AREA VERDE Y CONSTRUCCION ESPACIO CULTURAL VILLA DON SEBASTIAN 3, RAUCO",PROYECTO,VIVIENDA Y DESARROLLO URBANO,DESARROLLO URBANO,EJECUCION,0,2023,,RAUCO,F.N.D.R.,136076000.0,136.076,,1565.0,,Sin evaluación,False,MUNICIPALIDAD DE RAUCO,False,2020,2023,136076000.0
40024022,40024022-0,CONSTRUCCION CICLOVIAS PANORAMICAS DE ANTUCO,PROYECTO,TRANSPORTE,"TRANSPORTE URBANO,VIALIDAD PEATONAL",PERFIL,0,2023,,ANTUCO,SECTORIAL,163767000.0,163.767,,4073.0,OT,Objetado técnicamente (OT),False,SEREMI VIVIENDA REGION DEL BIO BIO,False,2023,2023,163767000.0
40024051,40024051-0,"MEJORAMIENTO SISTEMA TRANSPORTE PÚBLICO LA FLORIDA, LA SERENA",PROYECTO,TRANSPORTE,"TRANSPORTE URBANO,VIALIDAD PEATONAL",PERFIL,0,2022,,LA SERENA,SECTORIAL,261000000.0,261.0,,221054.0,RS,Recomendado (RS),True,SECTRA,False,2021,2022,261000000.0
40024067,40024067-0,"MEJORAMIENTO ÁREA VERDE LONCOMILLA SAN PEDRO DE LA PAZ COSTA ETAPA 2, SAN PEDRO DE LA PAZ",PROYECTO,VIVIENDA Y DESARROLLO URBANO,DESARROLLO URBANO,EJECUCION,0,2022,,SAN PEDRO DE LA PAZ,F.N.D.R.,42791000.0,42.791,,1434.0,,Sin evaluación,False,MUNICIPALIDAD DE SAN PEDRO DE LA PAZ,False,2020,2022,42791000.0
40024141,40024141-0,"CONSTRUCCION ALUMBRADO PEATONAL LED CALLES COLÓN Y CEMENTERIO, LOS ÁLAMOS",PROYECTO,ENERGIA,ALUMBRADO PUBLICO,PERFIL,0,2020,,LOS ALAMOS,F.N.D.R.,60000000.0,60.0,,21035.0,,Sin evaluación,False,MUNICIPALIDAD DE LOS ALAMOS,False,2020,2020,60000000.0
40024145,40024145-0,"CONSTRUCCION ALUMBRADO PEATONAL LED CALLES GALVARINO, M. RODRÍGUEZ E INDEPENDENCIA, LOS ÁLAMO",PROYECTO,ENERGIA,ALUMBRADO PUBLICO,PERFIL,0,2020,,LOS ALAMOS,F.N.D.R.,60000000.0,60.0,,21035.0,,Sin evaluación,False,MUNICIPALIDAD DE LOS ALAMOS,False,2020,2020,60000000.0
40024157,40024157-0,"CONSTRUCCION CICLOVÍAS EJES O'HIGGINS - AV. ALEMANIA Y S. BUERAS- HAVERBECK, VALDIVIA",PROYECTO,TRANSPORTE,"TRANSPORTE URBANO,VIALIDAD PEATONAL",EJECUCION,0,2024,,VALDIVIA - REGION XIV,SECTORIAL,1310100000.0,1310.1,,127750.0,RS,Recomendado (RS),True,SEREMI VIVIENDA REGION DE LOS RIOS,False,2021,2024,1310100000.0
40024254,40024254-0,TRANSFERENCIA A FOMENTAR RIEGO ASOCIATIVO CON POZOS PROFUNDOS,PROGRAMA,RECURSOS NATURALES Y MEDIO AMBIENTE,AGRICULTURA,PERFIL,0,2021,LOS LAGOS,,F.N.D.R.,715750000.0,715.75,1028834.68,350.0,,Sin evaluación,False,SEREMI AGRICULTURA REGION DE LOS LAGOS,False,2021,2021,715750000.0
40024275,40024275-0,TRANSFERENCIA OBRAS MENORES DE RIEGO 2021,PROGRAMA,RECURSOS NATURALES Y MEDIO AMBIENTE,AGRICULTURA,PERFIL,0,2021,L LIBERTADOR GENERAL,,F.N.D.R.,511249000.0,511.249,734880.48,200.0,,Sin evaluación,False,INSTITUTO DESARROLLO AGROPECUARIO REGION DEL LIBERTADOR GENERAL BERNARDO,False,2021,2021,511249000.0
40024279,40024279-0,TRANSFERENCIA PROGRAMA RIEGO ASOCIATIVO INDAP 2021,PROGRAMA,RECURSOS NATURALES Y MEDIO AMBIENTE,AGRICULTURA,PERFIL,0,2021,L LIBERTADOR GENERAL,,F.N.D.R.,255625000.0,255.625,367440.96,400.0,,Sin evaluación,False,INSTITUTO DESARROLLO AGROPECUARIO REGION DEL LIBERTADOR GENERAL BERNARDO,False,2021,2021,255625000.0
40024288,40024288-0,CONSERVACION INFRAESTRUCTURA MENOR PARA EL TRANSPORTE PÚBLICO REGIÓN DE LOS RÍOS,PROYECTO,TRANSPORTE,"TRANSPORTE URBANO,VIALIDAD PEATONAL",EJECUCION,0,2023,LOS RIOS,,SECTORIAL,4117748000.0,4117.748,,384837.0,,Sin evaluación,False,SUBSIDIO NACIONAL AL TRANSPORTE PUBLICO,False,2020,2023,4117748000.0
40024294,40024294-0,CONSERVACION INFRAESTRUCTURA MENOR PARA EL TRANSPORTE PÚBLICO REGIÓN DEL MAULE,PROYECTO,TRANSPORTE,"TRANSPORTE URBANO,VIALIDAD PEATONAL",EJECUCION,0,2024,L MAULE,,SECTORIAL,6814765000.0,6814.765,,1044950.0,,Sin evaluación,False,SUBSIDIO NACIONAL AL TRANSPORTE PUBLICO,False,2020,2024,6814765000.0
40024320,40024320-0,CONSTRUCCION SENDAS PEATONALES Y/O CICLOVÍAS EN LAS COMUNAS DE ALHUÉ Y MELIPILLA,PROYECTO,TRANSPORTE,TRANSPORTE CAMINERO,PERFIL,0,2021,,,SECTORIAL,9490495000.0,9490.495,,10000.0,FI,Falta información (FI),False,VIALIDAD MOP REGION METROPOLITANA DE SANTIAGO,False,2021,2021,9490495000.0
40024450,40024450-0,HABILITACION BUCLE FERROVIARIO TEMUCO - PADRE LAS CASAS,PROYECTO,TRANSPORTE,TRANSPORTE FERROVIARIO,PERFIL,0,2021,,,EMPRESA,1392075000.0,1392.075,,358541.0,OT,Objetado técnicamente (OT),False,EMPRESA DE FERROCARRILES DEL ESTADO,False,2020,2021,1392075000.0
40024455,40024455-0,"CONSTRUCCION PARQUE URBANO VENTANAS, PUCHUNCAVÍ",PROYECTO,VIVIENDA Y DESARROLLO URBANO,DESARROLLO URBANO,PERFIL,0,2021,,PUCHUNCAVI,SECTORIAL,79837000.0,79.837,,8415.0,FI,Falta información (FI),False,SEREMI VIVIENDA REGION DE VALPARAISO,False,2021,2021,79837000.0
40024481,40024481-0,TRANSFERENCIA SISTEMA DE INCENTIVOS PARA LA SUSTENTABILIDAD AGROAMBIENTAL DE SUELOS - INDAP,PROGRAMA,RECURSOS NATURALES Y MEDIO AMBIENTE,AGRICULTURA,PERFIL,0,2020,L LIBERTADOR GENERAL,,F.N.D.R.,930400000.0,930.4,1512304.54,750.0,,Sin evaluación,False,INSTITUTO DESARROLLO AGROPECUARIO REGION DEL LIBERTADOR GENERAL BERNARDO,False,2020,2020,930400000.0
40024483,40024483-0,MEJORAMIENTO ÁREA VERDE Y MULTICANCHA VILLA ALTO PORONGO CAUQUENES,PROYECTO,VIVIENDA Y DESARROLLO URBANO,DESARROLLO URBANO,EJECUCION,0,2022,,CAUQUENES,F.N.D.R.,102860000.0,102.86,,990.0,,Sin evaluación,False,MUNICIPALIDAD DE CAUQUENES,False,2020,2022,102860000.0
40024490,40024490-0,"MEJORAMIENTO ÁREA VERDE VILLA MAULE, COMUNA DE SAN CLEMENTE",PROYECTO,VIVIENDA Y DESARROLLO URBANO,DESARROLLO URBANO,EJECUCION,0,2023,,SAN CLEMENTE,F.N.D.R.,108459000.0,108.459,,354.0,,Sin evaluación,False,MUNICIPALIDAD DE SAN CLEMENTE,False,2020,2023,108459000.0
40024557,40024557-0,"CONSTRUCCION CICLOVIA EN RUTA F-304, PROVINCIA DE QUILLOTA",PROYECTO,TRANSPORTE,TRANSPORTE CAMINERO,EJECUCION,0,2025,,HIJUELAS,SECTORIAL,1040216000.0,1040.216,,17000.0,RS,Recomendado (RS),True,VIALIDAD MOP REGION DE VALPARAISO,False,2021,2025,1040216000.0
40024609,40024609-0,ADQUISICION DE KIT SOLAR FOTOVOLTAICO PARA APR Y PSR COMUNA DE LAUTARO,PROYECTO,ENERGIA,AUTOGENERACION,PERFIL,0,2021,,LAUTARO,F.N.D.R.,223666000.0,223.666,,5225.0,,Sin evaluación,False,MUNICIPALIDAD DE LAUTARO,False,2021,2021,223666000.0
40024642,40024642-0,CONSTRUCCION CENTRO DE COMPOSTAJE COMUNITARIO Y FORTALECIMIENTO DE RED DE RECICLAJE COMUNAL,PROYECTO,RECURSOS NATURALES Y MEDIO AMBIENTE,MEDIO AMBIENTE,PERFIL,0,2020,,MAIPU,SECTORIAL,117500000.0,117.5,,566664.0,FI,Falta información (FI),False,MUNICIPALIDAD DE MAIPU,False,2020,2020,117500000.0
40024660,40024660-0,CONSERVACION SISTEMAS FOTOVOLTAICOS LAGO VERDE,PROYECTO,ENERGIA,AUTOGENERACION,PERFIL,0,2020,AISEN DEL GENERAL CARLOS,,F.N.D.R.,325000000.0,325.0,,852.0,,Sin evaluación,False,GOBIERNO REGIONAL - REGION DE AISEN DEL GENERAL CARLOS IBAÑEZ DEL CAMPO,False,2020,2020,325000000.0
40024702,40024702-0,CONSTRUCCION CICLOVIA SECTOR BARRIALES COMUNA DE SANTA CRUZ,PROYECTO,TRANSPORTE,"TRANSPORTE URBANO,VIALIDAD PEATONAL",DISEÑO,0,2025,,SANTA CRUZ,SECTORIAL,90313000.0,90.313,,3820.0,RS,Recomendado (RS),True,SEREMI VIVIENDA REGION DEL LIBERTADOR GENERAL BERNARDO O'HIGGINS,False,2021,2025,99352000.0
40024798,40024798-0,"TRANSFERENCIA PROGRAMA DE APOYO AL FONDO DE AGUA, PARA LA CONSTRUCCION DE OBRAS DE RIEGO",PROGRAMA,RECURSOS NATURALES Y MEDIO AMBIENTE,INTERSUBSECTORIAL,EJECUCION,0,2022,,RIO IBAÑEZ,F.N.D.R.,433053000.0,433.053,581575.84,142.0,,Sin evaluación,False,SEREMI AGRICULTURA REGION DE AISEN DEL GENERAL CARLOS IBAÑEZ DEL CAMPO,False,2020,2022,433053000.0
40024903,40024903-0,"CONSTRUCCION SUSTENTABLE DE RESIDUOS SOLIDOS, COMUNA DE CURICÓ",PROYECTO,RECURSOS NATURALES Y MEDIO AMBIENTE,MEDIO AMBIENTE,PERFIL,0,2020,,CURICO,SECTORIAL,117500000.0,117.5,,149136.0,FI,Falta información (FI),False,MUNICIPALIDAD DE CURICO,False,2020,2020,117500000.0
40024928,40024928-0,"CONSTRUCCION PUNTO LIMPIO, VALLENAR",PROYECTO,RECURSOS NATURALES Y MEDIO AMBIENTE,MEDIO AMBIENTE,PERFIL,1,2020,,VALLENAR,MUNICIPAL,129250000.0,129.25,,51917.0,OT,Objetado técnicamente (OT),False,MUNICIPALIDAD DE VALLENAR,False,2020,2020,129250000.0
40024957,40024957-0,"CONSTRUCCION CENTRO DE RECICLAJE Y COMPOSTAJE COMUNITARIO, TEMUCO",PROYECTO,RECURSOS NATURALES Y MEDIO AMBIENTE,MEDIO AMBIENTE,PERFIL,0,2020,,TEMUCO,SECTORIAL,134165000.0,134.165,,3800.0,FI,Falta información (FI),False,MUNICIPALIDAD DE TEMUCO,False,2020,2020,134165000.0
40025010,40025010-0,REPOSICION CIERRE VERTEDERO PUERTO GUADAL,PROYECTO,RECURSOS NATURALES Y MEDIO AMBIENTE,MEDIO AMBIENTE,PERFIL,0,2020,,CHILE CHICO,F.N.D.R.,24911000.0,24.911,,410.0,,Sin evaluación,False,MUNICIPALIDAD DE CHILE CHICO,False,2020,2020,24911000.0
40025018,40025018-0,CONSTRUCCION CENTRO RECICLAJE PARA PROMOVER LA ECONONOMÍA CIRCULAR EN LA COMUNA DE SAAVEDRA,PROYECTO,RECURSOS NATURALES Y MEDIO AMBIENTE,MEDIO AMBIENTE,PERFIL,0,2020,,SAAVEDRA,SECTORIAL,117500000.0,117.5,,2736.0,FI,Falta información (FI),False,MUNICIPALIDAD DE SAAVEDRA,False,2020,2020,117500000.0
40025046,40025046-0,"CONSTRUCCION PRIMER PUNTO LIMPIO, COMUNA DE CONCHALI",PROYECTO,RECURSOS NATURALES Y MEDIO AMBIENTE,MEDIO AMBIENTE,PERFIL,0,2020,,CONCHALI,SECTORIAL,117500000.0,117.5,,3367.0,FI,Falta información (FI),False,MUNICIPALIDAD DE CONCHALI,False,2020,2020,117500000.0
40025123,40025123-0,"MEJORAMIENTO AREAS VERDES SECTOR 3 PONIENTE CENTRO A, PUNTA ARENAS",PROYECTO,VIVIENDA Y DESARROLLO URBANO,DESARROLLO URBANO,EJECUCION,0,2023,,PUNTA ARENAS,F.N.D.R.,1604821000.0,1604.821,,8039.0,RS,Recomendado (RS),True,MUNICIPALIDAD DE PUNTA ARENAS,False,2020,2023,1640724000.0
40025210,40025210-0,"ADQUISICION EQUIPOS CONTROL DE INCENDIOS FORESTALES, PARA APOYO DE",PROYECTO,RECURSOS NATURALES Y MEDIO AMBIENTE,MEDIO AMBIENTE,PERFIL,0,2023,LOS RIOS,,F.N.D.R.,402752000.0,402.752,,384837.0,,Sin evaluación,False,CORPORACION NACIONAL FORESTAL REGION DE LOS RIOS,False,2020,2023,402752000.0
40025233,40025233-0,REPOSICION DEL SISTEMA DE MEDIO DE PAGO PARA FILIALES GRUPO EFE,PROYECTO,TRANSPORTE,TRANSPORTE FERROVIARIO,EJECUCION,0,2024,,,EMPRESA,7841762000.0,7841.762,,304000.0,RS,Recomendado (RS),True,EMPRESA DE FERROCARRILES DEL ESTADO,False,2020,2024,7841762000.0
40025505,40025505-0,RESTAURACION ESTACIÓN CENTRAL EFE REG. METROPOLITANA,PROYECTO,TRANSPORTE,TRANSPORTE FERROVIARIO,PERFIL,0,2023,METROPOLITANA DE SANTIAGO,,EMPRESA,382446000.0,382.446,,102575.0,RS,Recomendado (RS),True,EMPRESA DE FERROCARRILES DEL ESTADO,False,2021,2023,382446000.0
40025507,40025507-0,"CONSTRUCCION CIERRE VERTEDERO MUNICIPAL EL LEPÚN, COMUNA DE LAGO RANCO",PROYECTO,RECURSOS NATURALES Y MEDIO AMBIENTE,MEDIO AMBIENTE,EJECUCION,0,2024,,LAGO RANCO - REGION XIV,F.N.D.R.,1745859000.0,1745.859,,9896.0,RS,Recomendado (RS),True,MUNICIPALIDAD DE LAGO RANCO REGION DE LOS RIOS,False,2021,2024,1745859000.0
40025511,40025511-0,CONSTRUCCION AREA VERDE VILLA CAMINO REAL CAUQUENES,PROYECTO,VIVIENDA Y DESARROLLO URBANO,DESARROLLO URBANO,EJECUCION,0,2023,,CAUQUENES,F.N.D.R.,108372000.0,108.372,,466.0,,Sin evaluación,False,MUNICIPALIDAD DE CAUQUENES,False,2020,2023,108372000.0
40025669,40025669-0,REPOSICION CAMION COMPACTADOR PARA LA RECOLECCION DE RSD,PROYECTO,RECURSOS NATURALES Y MEDIO AMBIENTE,MEDIO AMBIENTE,PERFIL,0,2022,,PUYEHUE,F.N.D.R.,182838000.0,182.838,,4779.0,,Sin evaluación,False,MUNICIPALIDAD DE PUYEHUE,False,2021,2022,182838000.0
40025714,40025714-0,REPOSICION CAMIÓN COMPACTADOR PARA LA RECOLECCIÓN DE RSD,PROYECTO,RECURSOS NATURALES Y MEDIO AMBIENTE,MEDIO AMBIENTE,PERFIL,0,2022,,PURRANQUE,F.N.D.R.,180018000.0,180.018,,9163.0,,Sin evaluación,False,MUNICIPALIDAD DE PURRANQUE,False,2021,2022,180018000.0
40025749,40025749-0,MEJORAMIENTO DEL SISTEMA DE SEGURIDAD EN RECINTOS Y ESTACIONES DE METRO S.A.,PROYECTO,TRANSPORTE,"TRANSPORTE URBANO,VIALIDAD PEATONAL",EJECUCION,0,2023,METROPOLITANA DE SANTIAGO,,EMPRESA,12057642000.0,12057.642,,2615780.0,RS,Recomendado (RS),True,METRO S.A.,False,2020,2023,12057642000.0
40025781,40025781-0,"FORESTACION PROGRAMA MANEJO FORESTAL OASIS BOSCOSO DE QUILLAGUA, REGIÓN DE ANTOFAGASTA",PROGRAMA,RECURSOS NATURALES Y MEDIO AMBIENTE,SILVICULTURA,PERFIL,0,2021,ANTOFAGASTA,,F.N.D.R.,592711000.0,592.711,851975.74,184.0,,Sin evaluación,False,CORPORACION NACIONAL FORESTAL REGION DE ANTOFAGASTA,False,2021,2021,592711000.0
40025785,40025785-0,CONSTRUCCION MITIGACIÓN ACÚSTICA COCHERAS INTERMEDIAS QUILÍN METRO S.A.,PROYECTO,TRANSPORTE,"TRANSPORTE URBANO,VIALIDAD PEATONAL",EJECUCION,0,2023,,PEÑALOLEN,EMPRESA,145473000.0,145.473,,283.0,RS,Recomendado (RS),True,METRO S.A.,False,2020,2023,315818000.0
40025788,40025788-0,NORMALIZACION INFRAESTRUCTURA FERROVIARIA EN PATIOS ALAMEDA Y BARRANCAS,PROYECTO,TRANSPORTE,TRANSPORTE FERROVIARIO,EJECUCION,0,2023,,,EMPRESA,2943157000.0,2943.157,,495845.0,RS,Recomendado (RS),True,EMPRESA DE FERROCARRILES DEL ESTADO,False,2020,2023,2943157000.0
40025790,40025790-0,"CONSTRUCCION PROTECCIÓN COSTERA CHOLLIN, SCHWAGER-CORONEL",PROYECTO,VIVIENDA Y DESARROLLO URBANO,"BORDE COSTERO,PASEOS PEATONALES, PLAYAS",EJECUCION,0,2022,,CORONEL,SECTORIAL,649118000.0,649.118,,1243.0,RS,Recomendado (RS),True,OBRAS PORTUARIAS MOP REGION DEL BIO BIO,False,2021,2022,649118000.0
40025793,40025793-0,"CONSERVACION EMERGENCIA PROTECCIÓN COSTERA CHOLLIN, SCHWAGER-CORONEL",PROYECTO,VIVIENDA Y DESARROLLO URBANO,"BORDE COSTERO,PASEOS PEATONALES, PLAYAS",PERFIL,0,2020,,CORONEL,SECTORIAL,400800000.0,400.8,,500.0,,Sin evaluación,False,OBRAS PORTUARIAS MOP REGION DEL BIO BIO,False,2020,2020,400800000.0
40025878,40025878-0,TRANSFERENCIA INNOVACIONES TECNOLÓGICAS PARA LA PRODUCTIVIDAD DEL BOSQUE NATIVO - FASE I,PROGRAMA,RECURSOS NATURALES Y MEDIO AMBIENTE,SILVICULTURA,PERFIL,0,2021,ÑUBLE,,F.N.D.R.,166957000.0,166.957,239987.64,90.0,,Sin evaluación,False,INSTITUTO FORESTAL REGION DE ÑUBLE,False,2020,2021,166957000.0
40025886,40025886-0,REPOSICION SISTEMA CONTROL NEUMÁTICOS Y FROTADORES DE EST. MIRADOR LÍNEA 5 DE METRO S.A.,PROYECTO,TRANSPORTE,"TRANSPORTE URBANO,VIALIDAD PEATONAL",EJECUCION,0,2023,METROPOLITANA DE SANTIAGO,,EMPRESA,2270070000.0,2270.07,,504942.0,RS,Recomendado (RS),True,METRO S.A.,False,2020,2023,2270070000.0
40026005,40026005-0,"ADQUISICION CONTENEDORES DOMICILIARIOS Y COMUNITARIOS PARA EXTRACCION DE RSDyA, OLMUE",PROYECTO,RECURSOS NATURALES Y MEDIO AMBIENTE,MEDIO AMBIENTE,PERFIL,0,2023,,OLMUE,F.N.D.R.,235949000.0,235.949,,17516.0,,Sin evaluación,False,MUNICIPALIDAD DE OLMUE,False,2020,2023,235949000.0
40026026,40026026-0,CONSTRUCCION CENTRAL FOTOVOLTAICA MATAVERI - RAPA NUI,PROYECTO,ENERGIA,AUTOGENERACION,PERFIL,0,2024,,ISLA DE PASCUA,EMPRESA,11267768000.0,11267.768,,7750.0,RS,Recomendado (RS),True,SOCIEDAD AGRICOLA Y SERV.ISLA DE PASCUA,False,2020,2024,11267768000.0
40026186,40026186-0,PREVENCION DE INCENDIOS FORESTALES EN LA REGIÓN DEL MAULE,PROGRAMA,RECURSOS NATURALES Y MEDIO AMBIENTE,MEDIO AMBIENTE,EJECUCION,0,2023,L MAULE,,F.N.D.R.,339863000.0,339.863,477845.73,6520.0,,Sin evaluación,False,CORPORACION NACIONAL FORESTAL REGION DEL MAULE,False,2021,2023,339863000.0
40026213,40026213-0,"CONSTRUCCION INFRAESTRUCTURAS SANITARIAS LLANGUI, SAAVEDRA",PROYECTO,VIVIENDA Y DESARROLLO URBANO,SOLUCION HABITACIONAL PARCIAL O COMPLEMENTARIA,PERFIL,0,2025,,SAAVEDRA,F.N.D.R.,338114000.0,338.114,,97.0,OT,Objetado técnicamente (OT),False,MUNICIPALIDAD DE SAAVEDRA,False,2021,2025,360103000.0
40026239,40026239-0,"MEJORAMIENTO AREA VERDE El LLANO, COMUNA DE RAUCO",PROYECTO,VIVIENDA Y DESARROLLO URBANO,DESARROLLO URBANO,EJECUCION,0,2024,,RAUCO,F.N.D.R.,63374000.0,63.374,,688.0,,Sin evaluación,False,MUNICIPALIDAD DE RAUCO,False,2020,2024,64178000.0
40026284,40026284-0,CONSTRUCCION OBRAS DE SEGURIDAD DE EQUIPOS Y ESTACIONES BORDE COSTERO MV,PROYECTO,TRANSPORTE,TRANSPORTE FERROVIARIO,EJECUCION,0,2024,VALPARAISO,,EMPRESA,789587000.0,789.587,,55540.0,RS,Recomendado (RS),True,EMPRESA DE FERROCARRILES DEL ESTADO,False,2022,2024,789587000.0
40026292,40026292-0,CONSTRUCCION PARQUE FOTOVOLTAICO. COMUNA DE TALAGANTE.,PROYECTO,ENERGIA,AUTOGENERACION,PERFIL,0,2021,,TALAGANTE,F.N.D.R.,5781000.0,5.781,,76033.0,OT,Objetado técnicamente (OT),False,MUNICIPALIDAD DE TALAGANTE,False,2021,2021,5781000.0
40026307,40026307-0,REPOSICION DE LA RED DE DISTRIBUCION ELECTRICA,PROYECTO,TRANSPORTE,TRANSPORTE FERROVIARIO,FACTIBILIDAD,0,2023,,,EMPRESA,218743000.0,218.743,,1621194.0,RS,Recomendado (RS),True,EMPRESA DE FERROCARRILES DEL ESTADO,False,2021,2023,218743000.0
40026311,40026311-0,REPOSICION INFRAESTRUCTURA PUENTE PILMAIQUEN 1,PROYECTO,TRANSPORTE,TRANSPORTE FERROVIARIO,PERFIL,0,2025,,,EMPRESA,9976257000.0,9976.257,,84102.0,RS,Recomendado (RS),True,EMPRESA DE FERROCARRILES DEL ESTADO,False,2023,2025,9976257000.0
40026312,40026312-0,CONSTRUCCION DESVÍOS PARA TRENES DE 600 M Y SALAS TÉCNICAS TRAMO ALAMEDA BARRANCAS,PROYECTO,TRANSPORTE,TRANSPORTE FERROVIARIO,EJECUCION,0,2026,,,EMPRESA,52166494000.0,52166.494,,570220.0,RS,Recomendado (RS),True,EMPRESA DE FERROCARRILES DEL ESTADO,False,2024,2026,52166494000.0
40026315,40026315-0,REPOSICION INFRAESTRUCTURA PUENTE FERROVIARIO MAIPO REG METROPOLITANA,PROYECTO,TRANSPORTE,TRANSPORTE FERROVIARIO,PERFIL,0,2020,METROPOLITANA DE SANTIAGO,,EMPRESA,8820983000.0,8820.983,,18000000.0,OT,Objetado técnicamente (OT),False,EMPRESA DE FERROCARRILES DEL ESTADO,False,2020,2020,8820983000.0
40026316,40026316-0,REPOSICION PUENTE FERROVIARIO CHAGRES REGION DEL MAULE,PROYECTO,TRANSPORTE,TRANSPORTE FERROVIARIO,EJECUCION,0,2024,L MAULE,,EMPRESA,5839294000.0,5839.294,,218000.0,RS,Recomendado (RS),True,EMPRESA DE FERROCARRILES DEL ESTADO,False,2021,2024,5839294000.0
40026372,40026372-0,TRANSFERENCIA CENTRO REGIONAL DE INVESTIGACIÓN E INNOVACIÓN SOSTENIBILIDAD AGRICULTURA CERES,PROGRAMA,RECURSOS NATURALES Y MEDIO AMBIENTE,AGRICULTURA,PERFIL,0,2021,VALPARAISO,,F.N.D.R.,102250000.0,102.25,146976.38,2000.0,,Sin evaluación,False,GOBIERNO REGIONAL - REGION DE VALPARAISO,False,2020,2021,102250000.0
40026430,40026430-0,"MEJORAMIENTO PAVIMENTO Y AGUAS LLUVIAS CALLE O'HIGGINS, COMUNA DE LA CALERA",PROYECTO,TRANSPORTE,"TRANSPORTE URBANO,VIALIDAD PEATONAL",EJECUCION,0,2023,,LA CALERA,F.N.D.R.,1339561000.0,1339.561,,8413.0,RS,Recomendado (RS),True,MUNICIPALIDAD DE LA CALERA,False,2020,2023,1339561000.0
40026530,40026530-0,"CONSTRUCCION ÁREAS VERDES VILLA DON GUILLERMO Y POBLACIÓN DIGÜA, PARRAL",PROYECTO,VIVIENDA Y DESARROLLO URBANO,DESARROLLO URBANO,PERFIL,0,2023,,PARRAL,F.N.D.R.,99346000.0,99.346,,705.0,,Sin evaluación,False,MUNICIPALIDAD DE PARRAL,False,2020,2023,101581000.0
40026595,40026595-0,CONSTRUCCION AREA VERDE Y MULTICANCHA EN POBLACION VIDA NUEVA DE LONGAVI,PROYECTO,VIVIENDA Y DESARROLLO URBANO,DESARROLLO URBANO,EJECUCION,0,2024,,LONGAVI,F.N.D.R.,159824000.0,159.824,,385.0,,Sin evaluación,False,MUNICIPALIDAD DE LONGAVI,False,2022,2024,159824000.0
40026600,40026600-0,"CONSTRUCCION INFRAESTRUCTURAS SANITARIAS QUECHOCAHUIN, SAAVEDRA",PROYECTO,VIVIENDA Y DESARROLLO URBANO,SOLUCION HABITACIONAL PARCIAL O COMPLEMENTARIA,PERFIL,0,2024,,SAAVEDRA,F.N.D.R.,454503000.0,454.503,,118.0,IN,Incumplimiento (IN),False,MUNICIPALIDAD DE SAAVEDRA,False,2021,2024,454503000.0
40026649,40026649-0,CONSERVACION ÁREAS VERDES POBLACIÓN DON MATIAS I Y II,PROYECTO,VIVIENDA Y DESARROLLO URBANO,DESARROLLO URBANO,EJECUCION,0,2023,,TENO,SECTORIAL,260761000.0,260.761,,685.0,,Sin evaluación,False,SEREMI VIVIENDA REGION DEL MAULE,False,2020,2023,260761000.0
40026750,40026750-0,"CONSTRUCCION AREA VERDE VILLA EL CRISTO PALQUIBUDI, COMUNA DE RAUCO",PROYECTO,VIVIENDA Y DESARROLLO URBANO,DESARROLLO URBANO,EJECUCION,0,2023,,RAUCO,F.N.D.R.,67841000.0,67.841,,1076.0,,Sin evaluación,False,MUNICIPALIDAD DE RAUCO,False,2020,2023,67841000.0
40026845,40026845-0,"CONSTRUCCION AREAS VERDES VILLA ISRAEL II, PARRAL",PROYECTO,VIVIENDA Y DESARROLLO URBANO,DESARROLLO URBANO,EJECUCION,0,2022,,PARRAL,F.N.D.R.,20000000.0,20.0,,375.0,,Sin evaluación,False,MUNICIPALIDAD DE PARRAL,False,2020,2022,20000000.0
40026933,40026933-0,"ADQUISICION CAMIÓN RSD URBANO, CAMIÓN LAVACONTENEDOR Y REPOSICIÓN CAMIÓN RSD RURAL, CHONCHI",PROYECTO,RECURSOS NATURALES Y MEDIO AMBIENTE,MEDIO AMBIENTE,PERFIL,0,2023,,CHONCHI,F.N.D.R.,1010058000.0,1010.058,,15004.0,,Sin evaluación,False,MUNICIPALIDAD DE CHONCHI,False,2021,2023,1010058000.0
40026959,40026959-0,"REPOSICION CAMIONES RSD DE CARGA LATERAL, TRASERA Y 250 CONTENEDORES",PROYECTO,RECURSOS NATURALES Y MEDIO AMBIENTE,MEDIO AMBIENTE,PERFIL,0,2020,,TOCOPILLA,F.N.D.R.,1645085000.0,1645.085,,25527.0,,Sin evaluación,False,MUNICIPALIDAD DE TOCOPILLA,False,2020,2020,1645085000.0
40027042,40027042-0,"CONSTRUCCION CICLOVIA RUTA Q-503, SECTOR CRUCE LONGITUDINAL (LOS ANGELES) - EL PERAL",PROYECTO,TRANSPORTE,TRANSPORTE CAMINERO,EJECUCION,0,2025,,LOS ANGELES,SECTORIAL,4830509000.0,4830.509,,202331.0,RS,Recomendado (RS),True,DIRECCION DE VIALIDAD MOP,False,2022,2025,4830509000.0
40027049,40027049-0,CONSERVACION DE ÁREAS VERDES SALVADOR GUTIERREZ CON 3 DE JULIO,PROYECTO,VIVIENDA Y DESARROLLO URBANO,DESARROLLO URBANO,EJECUCION,0,2022,,CERRO NAVIA,SECTORIAL,188197000.0,188.197,,9671.0,,Sin evaluación,False,MUNICIPALIDAD DE CERRO NAVIA,False,2020,2022,188197000.0
40027187,40027187-0,"MEJORAMIENTO AREA VERDE CALLE LAGUNA LOS CRISTALES, COMUNA SANTA CRUZ",PROYECTO,VIVIENDA Y DESARROLLO URBANO,DESARROLLO URBANO,DISEÑO,0,2024,,SANTA CRUZ,SECTORIAL,110724000.0,110.724,,11517.0,,Sin evaluación,False,SEREMI VIVIENDA REGION DEL LIBERTADOR GENERAL BERNARDO O'HIGGINS,False,2021,2024,110724000.0
40027203,40027203-0,"MEJORAMIENTO DE AREA VERDE AV. IGNACIO CARRERA PINTO, COMUNA SANTA CRUZ",PROYECTO,VIVIENDA Y DESARROLLO URBANO,DESARROLLO URBANO,PERFIL,0,2025,,SANTA CRUZ,SECTORIAL,115685000.0,115.685,,10204.0,,Sin evaluación,False,SEREMI VIVIENDA REGION DEL LIBERTADOR GENERAL BERNARDO O'HIGGINS,False,2021,2025,115685000.0
40027296,40027296-0,TRANSFERENCIA AGROECOLÓGICA CON GESTIÓN HÍDRICA EN SECANO,PROGRAMA,RECURSOS NATURALES Y MEDIO AMBIENTE,AGRICULTURA,EJECUCION,0,2025,L LIBERTADOR GENERAL,,F.N.D.R.,265634000.0,265.634,309052.83,50.0,,Sin evaluación,False,GOBIERNO REGIONAL - REGION DEL LIBERTADOR GENERAL BERNARDO O'HIGGINS,False,2021,2025,265634000.0
40027303,40027303-0,TRANSFERENCIA DE TÉCNICAS DE OPTIMIZACIÓN DEL USO DEL AGUA,PROGRAMA,RECURSOS NATURALES Y MEDIO AMBIENTE,AGRICULTURA,EJECUCION,0,2023,L LIBERTADOR GENERAL,,F.N.D.R.,237949000.0,237.949,334555.14,200.0,,Sin evaluación,False,GOBIERNO REGIONAL - REGION DEL LIBERTADOR GENERAL BERNARDO O'HIGGINS,False,2020,2023,237949000.0
40027309,40027309-0,TRANSFERENCIA DE ESTRATEGIAS DE OPTIMIZACIÓN DEL RIEGO POR GOTEO EN CIRUELO JAPONÉS Y,PROGRAMA,RECURSOS NATURALES Y MEDIO AMBIENTE,AGRICULTURA,EJECUCION,0,2023,L LIBERTADOR GENERAL,,F.N.D.R.,254065000.0,254.065,357214.16,200.0,,Sin evaluación,False,GOBIERNO REGIONAL - REGION DEL LIBERTADOR GENERAL BERNARDO O'HIGGINS,False,2020,2023,254065000.0
40027411,40027411-0,CAPACITACION DIGITALIZACIÓN DE INFRAESTRUCTURA DE RIEGO E IMPLEMENTACIÓN DE EMAS ZD TARAPACA,PROGRAMA,RECURSOS NATURALES Y MEDIO AMBIENTE,AGRICULTURA,PERFIL,0,2023,,,F.N.D.R.,186439000.0,186.439,262132.33,393.0,,Sin evaluación,False,SEREMI AGRICULTURA REGION DE TARAPACA,False,2020,2023,186439000.0
40027451,40027451-0,TRANSFERENCIA PROGRAMA APL ADAPTACIÓN AL CAMBIO CLIMÁTICO PARA PRODUCTORES DE CEREZO,PROGRAMA,RECURSOS NATURALES Y MEDIO AMBIENTE,AGRICULTURA,EJECUCION,0,2024,L LIBERTADOR GENERAL,,F.N.D.R.,160200000.0,160.2,188415.17,60.0,,Sin evaluación,False,GOBIERNO REGIONAL - REGION DEL LIBERTADOR GENERAL BERNARDO O'HIGGINS,False,2021,2024,160200000.0
40027493,40027493-0,"MEJORAMIENTO DE AREAS VERDES SECTOR U.V N° 12 Y N°39, PUNTA ARENAS",PROYECTO,VIVIENDA Y DESARROLLO URBANO,DESARROLLO URBANO,PERFIL,0,2023,,PUNTA ARENAS,F.N.D.R.,2985191000.0,2985.191,,7933.0,RS,Recomendado (RS),True,MUNICIPALIDAD DE PUNTA ARENAS,False,2021,2023,2985191000.0
40027609,40027609-0,TRANSFERENCIA PRODUCCIÓN DE ARROZ CLIMÁTICAMENTE INTELIGENTE,PROGRAMA,RECURSOS NATURALES Y MEDIO AMBIENTE,AGRICULTURA,EJECUCION,0,2021,L MAULE,,F.N.D.R.,204500000.0,204.5,293952.77,100.0,,Sin evaluación,False,GOBIERNO REGIONAL - REGION DEL MAULE,False,2020,2021,204500000.0
40027655,40027655-0,"CONSTRUCCION CICLOVÍA SAN JOSÉ, COMUNA DE COLINA",PROYECTO,TRANSPORTE,INTERSUBSECTORIAL TRANSPORTE,PERFIL,0,2022,,COLINA,F.N.D.R.,94785000.0,94.785,,1000.0,,Sin evaluación,False,MUNICIPALIDAD DE COLINA,False,2020,2022,94785000.0
40027656,40027656-0,"CONSTRUCCION CICLOVÍA GENERAL SAN MARTÍN, COMUNA DE COLINA",PROYECTO,TRANSPORTE,INTERSUBSECTORIAL TRANSPORTE,PERFIL,0,2022,,COLINA,F.N.D.R.,94831000.0,94.831,,1000.0,,Sin evaluación,False,MUNICIPALIDAD DE COLINA,False,2020,2022,97730000.0
40027665,40027665-0,CONSTRUCCION SOLUCIONES ELÉCTRICAS FOTOVOLTAICAS VARIOS SECTORES COMUNA DE AYSÉN,PROYECTO,ENERGIA,AUTOGENERACION,PERFIL,0,2024,,AYSEN,F.N.D.R.,656255000.0,656.255,,123.0,RS,Recomendado (RS),True,MUNICIPALIDAD DE AYSEN,False,2021,2024,656255000.0
40027678,40027678-0,TRANSFERENCIA OPTIMIZACIÓN DEL USO DEL AGUA DE RIEGO EN ARÁNDANOS,PROGRAMA,RECURSOS NATURALES Y MEDIO AMBIENTE,AGRICULTURA,EJECUCION,0,2024,L LIBERTADOR GENERAL,,F.N.D.R.,187601000.0,187.601,220642.16,20.0,,Sin evaluación,False,GOBIERNO REGIONAL - REGION DEL LIBERTADOR GENERAL BERNARDO O'HIGGINS,False,2021,2024,187601000.0
40027688,40027688-0,CONSERVACION MATERIAL RODANTE METRO VALPARAÍSO 2021-2025,PROYECTO,TRANSPORTE,TRANSPORTE FERROVIARIO,EJECUCION,0,2025,VALPARAISO,,EMPRESA,3527890000.0,3527.89,,20000000.0,RS,Recomendado (RS),True,EMPRESA DE FERROCARRILES DEL ESTADO,False,2021,2025,3527890000.0
40027696,40027696-0,CONSERVACION MANTENIMIENTO MAYOR SISTEMAS S.E.C.EM 2021-2025 EFE,PROYECTO,TRANSPORTE,TRANSPORTE FERROVIARIO,EJECUCION,0,2024,,,EMPRESA,31470654000.0,31470.654,,34000000.0,RS,Recomendado (RS),True,EMPRESA DE FERROCARRILES DEL ESTADO,False,2021,2024,31470654000.0
40027738,40027738-0,"CONSTRUCCION ESTACIÓN DE TRANSFERENCIA RSD, TOCOPILLA",PROYECTO,RECURSOS NATURALES Y MEDIO AMBIENTE,MEDIO AMBIENTE,PERFIL,0,2021,,TOCOPILLA,F.N.D.R.,94769000.0,94.769,,25186.0,OT,Objetado técnicamente (OT),False,MUNICIPALIDAD DE TOCOPILLA,False,2020,2021,94769000.0
40027742,40027742-0,CONSERVACION INFRAESTRUCTURA FERROVIARIA ZONA NORTE 2021 A 2025,PROYECTO,TRANSPORTE,TRANSPORTE FERROVIARIO,PERFIL,0,2021,,,EMPRESA,22893128000.0,22893.128,,1815902.0,OT,Objetado técnicamente (OT),False,EMPRESA DE FERROCARRILES DEL ESTADO,False,2020,2021,24040876000.0
40027748,40027748-0,"REPOSICION CALZADA Y SOLUCIÓN DE AGUAS LLUVIAS CALLE COQUIMBO NORTE, COMUNA DE COLINA",PROYECTO,TRANSPORTE,INTERSUBSECTORIAL TRANSPORTE,PERFIL,0,2022,,COLINA,F.N.D.R.,91400000.0,91.4,,1000.0,,Sin evaluación,False,MUNICIPALIDAD DE COLINA,False,2020,2022,93962000.0
40027785,40027785-0,"CONSTRUCCION DE CAMARAS DE FISCALIZACIÓN PISTAS SOLO TRANSPORTE PÚBLICO, TEMUCO",PROYECTO,TRANSPORTE,"TRANSPORTE URBANO,VIALIDAD PEATONAL",PERFIL,0,2023,,TEMUCO,SECTORIAL,3268251000.0,3268.251,,282415.0,RS,Recomendado (RS),True,SUBSECRETARIA DE TRANSPORTES,False,2020,2023,3268251000.0
40027791,40027791-0,"CONSTRUCCION DE CICLOVÍAS EN RUTA 7 LA JUNTA, COMUNA DE CISNES.",PROYECTO,TRANSPORTE,TRANSPORTE CAMINERO,PERFIL,0,2020,,CISNES,F.N.D.R.,120000000.0,120.0,,140.0,,Sin evaluación,False,MUNICIPALIDAD DE CISNES,False,2020,2020,120000000.0
40027868,40027868-0,"INSTALACION LUMINARIAS ORNAMENTALES LED CICLOVÍA ACERA NORPONIENTE RUTA E- 57, CALLE LARGA",PROYECTO,ENERGIA,ALUMBRADO PUBLICO,PERFIL,0,2022,,CALLE LARGA,F.N.D.R.,100319000.0,100.319,,4502.0,,Sin evaluación,False,MUNICIPALIDAD DE CALLE LARGA,False,2021,2022,100319000.0
40027933,40027933-0,CONSERVACION INFRAESTRUCTURA APOYO AL TRANSPORTE PUBLICO IQUIQUE,PROYECTO,TRANSPORTE,"TRANSPORTE URBANO,VIALIDAD PEATONAL",EJECUCION,0,2022,TARAPACA,,SECTORIAL,621054000.0,621.054,,330558.0,,Sin evaluación,False,SUBSECRETARIA DE TRANSPORTES,False,2020,2022,621054000.0
40027948,40027948-0,"MEJORAMIENTO MULTICANCHA Y ÁREA VERDE VILLA MAULE 1, SAN CLEMENTE",PROYECTO,VIVIENDA Y DESARROLLO URBANO,DESARROLLO URBANO,PERFIL,0,2020,,SAN CLEMENTE,F.N.D.R.,97796000.0,97.796,,351.0,,Sin evaluación,False,MUNICIPALIDAD DE SAN CLEMENTE,False,2020,2020,97796000.0
40027982,40027982-0,CONSTRUCCION RELLENO SANITARIO PROVINCIA DE OSORNO (PROYECTO SUSTITUTO),PROYECTO,RECURSOS NATURALES Y MEDIO AMBIENTE,MEDIO AMBIENTE,PERFIL,0,2021,LOS LAGOS,,F.N.D.R.,248073000.0,248.073,,234122.0,RS,Recomendado (RS),True,GOBIERNO REGIONAL - REGION DE LOS LAGOS,False,2021,2021,248073000.0
40027985,40027985-0,"MEJORAMIENTO ÁREA VERDE LOS CHINCHAS, COMUNA DE PADRE LAS CASAS",PROYECTO,VIVIENDA Y DESARROLLO URBANO,DESARROLLO URBANO,PERFIL,0,2023,,PADRE LAS CASAS,F.N.D.R.,59320000.0,59.32,,75255.0,,Sin evaluación,False,MUNICIPALIDAD DE PADRE LAS CASAS,False,2021,2023,59320000.0
40028237,40028237-0,CONSTRUCCION SISTEMA DE ALCANTARILLADO Y P.T.A.S LOCALIDAD DE SAN FABIAN DE ALICO,PROYECTO,VIVIENDA Y DESARROLLO URBANO,SOLUCION HABITACIONAL PARCIAL O COMPLEMENTARIA,EJECUCION,0,2024,,SAN FABIAN - REGION DE ÑUBLE,F.N.D.R.,9542716000.0,9542.716,,1410.0,RS,Recomendado (RS),True,MUNICIPALIDAD DE SAN FABIAN,False,2021,2024,9542716000.0
40028414,40028414-0,"REPOSICION DE MAQUINARIA PESADA PARA RELLENO SANITARIO CERRO MONTEVIDEO, COMUNA DE CALDERA",PROYECTO,RECURSOS NATURALES Y MEDIO AMBIENTE,MEDIO AMBIENTE,EJECUCION,0,2024,,CALDERA,F.N.D.R.,930435000.0,930.435,,19612.0,,Sin evaluación,False,MUNICIPALIDAD DE CALDERA,False,2022,2024,930435000.0
40028496,40028496-0,MEJORAMIENTO CICLOVIA LARRAIN ENTRE CANAL AGUAS CLARAS Y CAUPOLICAN. PEÑAFLOR,PROYECTO,TRANSPORTE,"TRANSPORTE URBANO,VIALIDAD PEATONAL",PERFIL,0,2023,,PEÑAFLOR,F.N.D.R.,151822000.0,151.822,,3251.0,,Sin evaluación,False,MUNICIPALIDAD DE PEÑAFLOR,False,2023,2023,151822000.0
40028503,40028503-0,REPOSICION ALUMBRADO PUBLICO LUMINARIAS LED COPIAPO,PROYECTO,ENERGIA,ALUMBRADO PUBLICO,PERFIL,0,2026,,COPIAPO,F.N.D.R.,17966150000.0,17966.15,,153937.0,RS,Recomendado (RS),True,MUNICIPALIDAD DE COPIAPO,False,2024,2026,17966150000.0
40028899,40028899-0,"CONSTRUCCION DE COLECTOR DE ALCANTARILLADO EN PASAJE JAIME GUZMÁN, PAINE",PROYECTO,VIVIENDA Y DESARROLLO URBANO,DESARROLLO URBANO,PERFIL,0,2021,,PAINE,F.N.D.R.,73539000.0,73.539,,155.0,,Sin evaluación,False,MUNICIPALIDAD DE PAINE,False,2020,2021,73539000.0
40028921,40028921-0,"CONSTRUCCION COLECTOR DE AGUAS LLUVIAS CALLE LARGA, COMUNA DE EL BOSQUE",PROYECTO,VIVIENDA Y DESARROLLO URBANO,INTERSUBSECTORIAL VIVIENDA Y DESARROLLO URBANO,PERFIL,0,2021,,EL BOSQUE,F.N.D.R.,238854000.0,238.854,,7022.0,,Sin evaluación,False,MUNICIPALIDAD DE EL BOSQUE,False,2021,2021,238854000.0
40028955,40028955-0,"CAPACITACION EN RESIDUOS SOLIDOS DOMICILIARIOS INORGÁNICOS, PROVINCIA DEL TAMARUGAL",PROGRAMA,RECURSOS NATURALES Y MEDIO AMBIENTE,MEDIO AMBIENTE,PERFIL,0,2021,TARAPACA,,F.N.D.R.,631680000.0,631.68,907990.63,30715.0,FI,Falta información (FI),False,GOBIERNO REGIONAL - REGION DE TARAPACA,False,2021,2021,631680000.0
40028965,40028965-0,MEJORAMIENTO SENDERO AREA VERDE VILLA TALAGANTE. COMUNA DE TALAGANTE,PROYECTO,MULTISECTORIAL,ADMINISTRACION MULTISECTOR,PERFIL,0,2022,,TALAGANTE,F.N.D.R.,99346000.0,99.346,,640.0,,Sin evaluación,False,MUNICIPALIDAD DE TALAGANTE,False,2021,2022,99346000.0
40028979,40028979-0,"ADQUISICION E INSTALACIÓN DE PANELES SOLARES DOMICILIARIOS EN DISTINTOS SECTORES, TIL TIL",PROYECTO,ENERGIA,AUTOGENERACION,PERFIL,0,2021,,TIL TIL,F.N.D.R.,373065000.0,373.065,,19312.0,,Sin evaluación,False,MUNICIPALIDAD DE TIL TIL,False,2020,2021,373066000.0
40029067,40029067-0,CONSERVACION INFRAESTRUCTURA MENOR PARA EL TRANSPORTE PÚBLICO EN LA REGIÓN DEL BÍO BÍO,PROYECTO,TRANSPORTE,"TRANSPORTE URBANO,VIALIDAD PEATONAL",EJECUCION,0,2022,L BIO BIO,,SECTORIAL,1211161000.0,1211.161,,2037414.0,,Sin evaluación,False,SUBSIDIO NACIONAL AL TRANSPORTE PUBLICO,False,2021,2022,1533750000.0
40029071,40029071-0,"ADQUISICION E INSTALACIÓN DE LUMINARIAS SOLARES INTEGRALES 2, COMUNA DE TIL TIL",PROYECTO,ENERGIA,ALUMBRADO PUBLICO,PERFIL,0,2021,,TIL TIL,F.N.D.R.,24990000.0,24.99,,19312.0,,Sin evaluación,False,MUNICIPALIDAD DE TIL TIL,False,2020,2021,25000000.0
40029091,40029091-0,"CONSTRUCCION COLECTOR DE AGUAS LLUVIAS EN LA CALLE PRESIDENTE BALMACEDA, CURACAVI",PROYECTO,TRANSPORTE,"TRANSPORTE URBANO,VIALIDAD PEATONAL",PERFIL,0,2020,,CURACAVI,F.N.D.R.,99346000.0,99.346,,20360.0,,Sin evaluación,False,MUNICIPALIDAD DE CURACAVI,False,2020,2020,99346000.0
40029288,40029288-0,EQUIPAMIENTO LUMINARIAS SOLARES EN DIFERENTES SECTORES DE LA COMUNA DE FREIRE,PROYECTO,ENERGIA,ALUMBRADO PUBLICO,PERFIL,0,2024,,FREIRE,F.N.D.R.,98000000.0,98.0,,24606.0,,Sin evaluación,False,MUNICIPALIDAD DE FREIRE,False,2021,2024,98000000.0
40029392,40029392-0,CONSERVACION INFRAESTRUCTURA APOYO AL TRANSPORTE PUBLICO CALAMA,PROYECTO,TRANSPORTE,"TRANSPORTE URBANO,VIALIDAD PEATONAL",EJECUCION,0,2023,ANTOFAGASTA,,SECTORIAL,1737709000.0,1737.709,,146635.0,,Sin evaluación,False,SUBSIDIO NACIONAL AL TRANSPORTE PUBLICO,False,2021,2023,1737709000.0
40029404,40029404-0,CONSERVACION INFRAESTRUCTURA APOYO AL TRANSPORTE PÚBLICO FUTRONO,PROYECTO,TRANSPORTE,"TRANSPORTE URBANO,VIALIDAD PEATONAL",EJECUCION,0,2022,,FUTRONO - REGION XIV,SECTORIAL,998624000.0,998.624,,14665.0,,Sin evaluación,False,SUBSIDIO NACIONAL AL TRANSPORTE PUBLICO,False,2021,2022,998624000.0
40029424,40029424-0,CONSERVACION INFRAESTRUCTURA APOYO AL TRANSPORTE PUBLICO REGIÓN METROPOLITANA RURAL,PROYECTO,TRANSPORTE,"TRANSPORTE URBANO,VIALIDAD PEATONAL",EJECUCION,0,2022,METROPOLITANA DE SANTIAGO,,SECTORIAL,1227799000.0,1227.799,,7112808.0,,Sin evaluación,False,SUBSECRETARIA DE TRANSPORTES,False,2021,2022,1227799000.0
40029425,40029425-0,CONSERVACION INFRAESTRUCTURA APOYO AL TRANSPORTE PUBLICO PUNTA ARENAS,PROYECTO,TRANSPORTE,"TRANSPORTE URBANO,VIALIDAD PEATONAL",EJECUCION,0,2022,,PUNTA ARENAS,SECTORIAL,541168000.0,541.168,,131592.0,,Sin evaluación,False,SUBSIDIO NACIONAL AL TRANSPORTE PUBLICO,False,2021,2022,823000000.0
40029427,40029427-0,CONSERVACION INFRAESTRUCTURA APOYO AL TRANSPORTE PUBLICO ARAUCANÍA,PROYECTO,TRANSPORTE,"TRANSPORTE URBANO,VIALIDAD PEATONAL",EJECUCION,0,2022,LA ARAUCANIA,,SECTORIAL,1402616000.0,1402.616,,957224.0,,Sin evaluación,False,SUBSECRETARIA DE TRANSPORTES,False,2021,2022,1622500000.0
40029429,40029429-0,CONSERVACION INFRAESTRUCTURA APOYO AL TRANSPORTE PUBLICO VALPARAÍSO,PROYECTO,TRANSPORTE,"TRANSPORTE URBANO,VIALIDAD PEATONAL",EJECUCION,0,2022,VALPARAISO,,SECTORIAL,1914668000.0,1914.668,,1815902.0,,Sin evaluación,False,SUBSECRETARIA DE TRANSPORTES,False,2021,2022,2045000000.0
40029430,40029430-0,CONSERVACION INFRAESTRUCTURA APOYO AL TRANSPORTE PUBLICO PUERTO MONTT,PROYECTO,TRANSPORTE,"TRANSPORTE URBANO,VIALIDAD PEATONAL",PERFIL,0,2022,LOS LAGOS,,SECTORIAL,747243000.0,747.243,,245902.0,,Sin evaluación,False,SUBSECRETARIA DE TRANSPORTES,False,2021,2022,747243000.0
40029511,40029511-0,"CONSTRUCCION MURO DE CONTENCIÓN CALLE LAPISLAZULI, VIÑA DEL MAR",PROYECTO,TRANSPORTE,"TRANSPORTE URBANO,VIALIDAD PEATONAL",PERFIL,0,2025,,VIÑA DEL MAR,F.N.D.R.,365015000.0,365.015,,2748.0,RS,Recomendado (RS),True,MUNICIPALIDAD DE VIÑA DEL MAR,False,2021,2025,365015000.0
40029521,40029521-0,"CONSTRUCCION MURO DE CONTENCIÓN AV. BORGOÑO, VIÑA DEL MAR",PROYECTO,TRANSPORTE,"TRANSPORTE URBANO,VIALIDAD PEATONAL",PERFIL,0,2022,,VIÑA DEL MAR,F.N.D.R.,70244000.0,70.244,,2000.0,RS,Recomendado (RS),True,MUNICIPALIDAD DE VIÑA DEL MAR,False,2021,2022,70244000.0
40029584,40029584-0,MEJORAMIENTO INTEGRAL DE ALCANTARILLADO DE TIRUA URBANO,PROYECTO,RECURSOS HIDRICOS,ADMINISTRACION AGUA POTABLE Y ALCANTARILLADO,PERFIL,0,2024,,TIRUA,F.N.D.R.,10530010000.0,10530.01,,4724.0,RS,Recomendado (RS),True,MUNICIPALIDAD DE TIRUA,False,2022,2024,10530010000.0
40029596,40029596-0,"ADQUISICION DE CONTENEDORES PARA RESIDUOS SÓLIDOS RECICLABLES, EN LA COMUNA DE ÑUÑOA",PROYECTO,DEPORTES,DEPORTE COMPETITIVO,PERFIL,0,2021,,ÑUÑOA,F.N.D.R.,3264437000.0,3264.437,,208237.0,,Sin evaluación,False,MUNICIPALIDAD DE ÑUÑOA,False,2021,2021,3264437000.0
40029610,40029610-0,TRANSFERENCIA BONO LEGAL DE AGUA,PROGRAMA,RECURSOS NATURALES Y MEDIO AMBIENTE,AGRICULTURA,PERFIL,0,2022,,,F.N.D.R.,360000000.0,360.0,483468.08,100.0,,Sin evaluación,False,INSTITUTO DESARROLLO AGROPECUARIO REGION DE LA ARAUCANIA,False,2021,2022,360000000.0
40029613,40029613-0,TRANSFERENCIA RIEGO INTRAPREDIAL,PROGRAMA,RECURSOS NATURALES Y MEDIO AMBIENTE,AGRICULTURA,EJECUCION,0,2025,,,F.N.D.R.,3050000000.0,3050.0,3548533.47,100.0,,Sin evaluación,False,INSTITUTO DESARROLLO AGROPECUARIO REGION DE LA ARAUCANIA,False,2021,2025,4280350000.0
40029617,40029617-0,NORMALIZACION EQUIPOS SEAT PARA CUMPLIR CON LA NTS&CS EN METROVALPARAÍSO-,PROYECTO,TRANSPORTE,TRANSPORTE FERROVIARIO,EJECUCION,0,2024,,QUILPUE,EMPRESA,433112000.0,433.112,,73974.0,RS,Recomendado (RS),True,EMPRESA DE FERROCARRILES DEL ESTADO,False,2021,2024,433112000.0
40029661,40029661-0,"HABILITACION DE 4 TRENES NS-93 A 8 COCHES CON AIRE ACONDICIONADO Y CBTC LÍNEA 1, METRO S.A",PROYECTO,TRANSPORTE,"TRANSPORTE URBANO,VIALIDAD PEATONAL",EJECUCION,0,2024,METROPOLITANA DE SANTIAGO,,EMPRESA,16687603000.0,16687.603,,138128.0,RS,Recomendado (RS),True,METRO S.A.,False,2021,2024,16687603000.0
40029704,40029704-0,"REPOSICION INFRAESTRUCTURA SANITARIA, PISCINAS Y OTROS, FUNDO LA RINCONADA, HUALQUI",PROYECTO,VIVIENDA Y DESARROLLO URBANO,DESARROLLO URBANO,PERFIL,0,2022,,HUALQUI,F.N.D.R.,793041000.0,793.041,,24333.0,FI,Falta información (FI),False,MUNICIPALIDAD DE HUALQUI,False,2021,2022,795041000.0
40029724,40029724-0,"TRANSFERENCIA PROGRAMA OBRAS MENORES DE RIEGO INDAP, AÑO 2021-2022",PROGRAMA,RECURSOS NATURALES Y MEDIO AMBIENTE,AGRICULTURA,PERFIL,0,2021,L LIBERTADOR GENERAL,,F.N.D.R.,1000000000.0,1000.0,1437421.84,276.0,,Sin evaluación,False,INSTITUTO DESARROLLO AGROPECUARIO REGION DEL LIBERTADOR GENERAL BERNARDO,False,2021,2021,1000000000.0
40029800,40029800-0,"REPOSICION CAMIÓN RECOLECTOR DE RSD, MULCHEN",PROYECTO,RECURSOS NATURALES Y MEDIO AMBIENTE,MEDIO AMBIENTE,PERFIL,0,2023,,MULCHEN,F.N.D.R.,156462000.0,156.462,,5481.0,,Sin evaluación,False,MUNICIPALIDAD DE MULCHEN,False,2021,2023,156462000.0
40029810,40029810-0,"CONSTRUCCION CENTRO DE GESTIÓN DE RESIDUOS SÓLIDOS, VICUÑA",PROYECTO,RECURSOS NATURALES Y MEDIO AMBIENTE,MEDIO AMBIENTE,PERFIL,0,2025,,VICUÑA,F.N.D.R.,491046000.0,491.046,,37261.0,RS,Recomendado (RS),True,MUNICIPALIDAD DE VICUÑA,False,2021,2025,491046000.0
40029840,40029840-0,"CONSTRUCCION DE EMERGENCIA MURO DE PROTECCION COSTERA BELLAVISTA , COMUNA IQUIQUE",PROYECTO,VIVIENDA Y DESARROLLO URBANO,DESARROLLO URBANO,EJECUCION,0,2026,,IQUIQUE,SECTORIAL,3515727000.0,3515.727,,231962.0,RS,Recomendado (RS),True,DIRECCION DE OBRAS PORTUARIAS MOP,False,2022,2026,4568055000.0
40029896,40029896-0,"REPOSICION MUROS DE CONTENCIÓN PASAJE LAS ESPUELAS, VILLA PLAZAS DE CHIVILCAN, TEMUCO",PROYECTO,VIVIENDA Y DESARROLLO URBANO,SOLUCION HABITACIONAL PARCIAL O COMPLEMENTARIA,EJECUCION,0,2022,,TEMUCO,SECTORIAL,229782000.0,229.782,,59.0,RS,Recomendado (RS),True,SEREMI VIVIENDA REGION DE LA ARAUCANIA,False,2021,2022,229782000.0
40029986,40029986-0,"CONSTRUCCION SANEAMIENTO SANITARIO INTEGRAL SECTOR VILLA EL VOLCAN Y LOS CIPRESES, VILLARRICA",PROYECTO,VIVIENDA Y DESARROLLO URBANO,DESARROLLO URBANO,PERFIL,0,2025,,VILLARRICA,F.N.D.R.,1256085000.0,1256.085,,600.0,OT,Objetado técnicamente (OT),False,MUNICIPALIDAD DE VILLARRICA,False,2025,2025,1256085000.0
40030223,40030223-0,CONSERVACION CONSERVACION SISTEMAS DE AGUAS LLUVIAS REGION DE O HIGGINS,PROYECTO,VIVIENDA Y DESARROLLO URBANO,INTERSUBSECTORIAL VIVIENDA Y DESARROLLO URBANO,PERFIL,0,2024,L LIBERTADOR GENERAL,,SECTORIAL,1194548000.0,1194.548,,242972.0,,Sin evaluación,False,SEREMI VIVIENDA REGION DEL LIBERTADOR GENERAL BERNARDO O'HIGGINS,False,2021,2024,3153000000.0
40030271,40030271-0,ADQUISICION PUNTOS VERDES Y CAMIÓN MULTIPROPÓSITO COMUNA PA,PROYECTO,RECURSOS NATURALES Y MEDIO AMBIENTE,MEDIO AMBIENTE,PERFIL,0,2025,,PUNTA ARENAS,F.N.D.R.,257071000.0,257.071,,131592.0,,Sin evaluación,False,MUNICIPALIDAD DE PUNTA ARENAS,False,2021,2025,257071000.0
40030430,40030430-0,"CONSTRUCCION SISTEMA DE ESTABILIDAD DE TALUDES CONJUNTO HABITACIONAL LORD COCHRANE, TOMÉ.",PROYECTO,VIVIENDA Y DESARROLLO URBANO,SOLUCION HABITACIONAL PARCIAL O COMPLEMENTARIA,PERFIL,0,2024,,TOME,SECTORIAL,3573813000.0,3573.813,,1168.0,,Sin evaluación,False,SEREMI VIVIENDA REGION DEL BIO BIO,False,2021,2024,3573813000.0
40030875,40030875-0,NORMALIZACION TECHOS CON ASBESTO EN TALLER NEPTUNO DE METRO S.A.,PROYECTO,TRANSPORTE,"TRANSPORTE URBANO,VIALIDAD PEATONAL",DISEÑO,0,2022,METROPOLITANA DE SANTIAGO,,EMPRESA,66021000.0,66.021,,512.0,RS,Recomendado (RS),True,METRO S.A.,False,2021,2022,66021000.0
40030978,40030978-0,TRANSFERENCIA DESARROLLO DE LA AGROECOLOGÍA EN LA AGRICULTURA FAMILIAR CAMPESINA DE NUBLE,PROGRAMA,RECURSOS NATURALES Y MEDIO AMBIENTE,AGRICULTURA,PERFIL,0,2023,ÑUBLE,,F.N.D.R.,1028108000.0,1028.108,1445514.88,1050.0,,Sin evaluación,False,SEREMI AGRICULTURA REGION DE ÑUBLE,False,2022,2023,1028108000.0
40031032,40031032-0,"ADQUISICION DE CONTENEDORES PARA ACOPIO Y VALORIZACIÓN SEGREGADA DE ENVASES DE VIDRIO, MSUR",PROYECTO,RECURSOS NATURALES Y MEDIO AMBIENTE,MEDIO AMBIENTE,PERFIL,0,2023,METROPOLITANA DE SANTIAGO,,F.N.D.R.,102731000.0,102.731,,823410.0,,Sin evaluación,False,GOBIERNO REGIONAL - REGION METROPOLITANA DE SANTIAGO,False,2021,2023,102732000.0
40031099,40031099-0,REPARACION PROTECCIÓN COSTERA BORDE COSTERO NORTE PUERTO SAN ANTONIO,PROYECTO,TRANSPORTE,"TRANSPORTE MARITIMO, FLUVIAL Y LACUSTRE",EJECUCION,0,2024,,SAN ANTONIO,EMPRESA,3049794000.0,3049.794,,91350.0,RS,Recomendado (RS),True,EMPRESA PORTUARIA SAN ANTONIO,False,2021,2024,3049794000.0
40031225,40031225-0,TRANSFERENCIA IMPLEMENTACION PROGRAMA CASA SOLAR SOCIAL LOS RIOS,PROGRAMA,ENERGIA,INTERSUBSECTORIAL ENERGIA,PERFIL,0,2027,LOS RIOS,,F.N.D.R.,3853357000.0,3853.357,4356093.78,1000.0,,Sin evaluación,False,SEREMI DE ENERGIA REGION DE LOS RIOS,False,2024,2027,3853358000.0
40031246,40031246-0,"REPOSICION DE 2 CAMIONES RECOLECTORES DE RESIDUOS SOLIDOS, COMUNA DE LOS LAGOS",PROYECTO,RECURSOS NATURALES Y MEDIO AMBIENTE,MEDIO AMBIENTE,PERFIL,0,2022,,LOS LAGOS - REGION XIV,F.N.D.R.,375887000.0,375.887,,19634.0,,Sin evaluación,False,MUNICIPALIDAD DE LOS LAGOS REGION DE LOS RIOS,False,2021,2022,375887000.0
40031278,40031278-0,CONSTRUCCION RELLENO SANITARIO DE CHAÑARAL,PROYECTO,RECURSOS NATURALES Y MEDIO AMBIENTE,MEDIO AMBIENTE,PERFIL,0,2026,,CHAÑARAL,F.N.D.R.,2169372000.0,2169.372,,12219.0,RS,Recomendado (RS),True,MUNICIPALIDAD DE CHAÑARAL,False,2022,2026,2169372000.0
40031287,40031287-0,ADQUISICION MAQUINARIA PARA PREVENCIÓN DE INCENDIOS FORESTALES EN REGIÓN DE LOS RÍOS,PROYECTO,RECURSOS NATURALES Y MEDIO AMBIENTE,AGRICULTURA,PERFIL,0,2023,LOS RIOS,,F.N.D.R.,173699000.0,173.699,,410000.0,,Sin evaluación,False,CORPORACION NACIONAL FORESTAL REGION DE LOS RIOS,False,2023,2023,173699000.0
40031398,40031398-0,"REPOSICION ALUMBRADO PÚBLICO MEDIANTE SISTEMA FOTOVOLTAICO SECTOR CONTACO-PUCATRIHUE, SJC",PROYECTO,ENERGIA,ALUMBRADO PUBLICO,PERFIL,0,2023,,SAN JUAN DE LA COSTA,F.N.D.R.,55488000.0,55.488,,351.0,,Sin evaluación,False,MUNICIPALIDAD DE SAN JUAN DE LA COSTA,False,2021,2023,55488000.0
40031422,40031422-0,REPOSICION CAMIÓN RECOLECTOR DE RESIDUOS SÓLIDOS EN LA COMUNA DE FRUTILLAR,PROYECTO,RECURSOS NATURALES Y MEDIO AMBIENTE,MEDIO AMBIENTE,PERFIL,0,2025,,FRUTILLAR,F.N.D.R.,238375000.0,238.375,,9915.0,,Sin evaluación,False,MUNICIPALIDAD DE FRUTILLAR,False,2022,2025,238375000.0
40031466,40031466-0,"MEJORAMIENTO DE ÁREA VERDE VILLA ITALIA, NACIMIENTO",PROYECTO,VIVIENDA Y DESARROLLO URBANO,DESARROLLO URBANO,PERFIL,0,2025,,NACIMIENTO,F.N.D.R.,23959000.0,23.959,,256.0,,Sin evaluación,False,MUNICIPALIDAD DE NACIMIENTO,False,2021,2025,23959000.0
40031509,40031509-0,CONSTRUCCION CORREDOR FERROVIARIO ALAMEDA-BARRANCAS - ESTUDIOS COMPLEMENTARIOS,PROYECTO,TRANSPORTE,TRANSPORTE FERROVIARIO,PERFIL,0,2021,,,EMPRESA,2800793000.0,2800.793,,495845.0,OT,Objetado técnicamente (OT),False,EMPRESA DE FERROCARRILES DEL ESTADO,False,2021,2021,2800793000.0
40031564,40031564-0,FORESTACION RECUP. HIDROLÓGICA AGROFOREST. EN CUENCAS CRÍTICAS DE LA ZONA DE REZAGO MALLECO,PROGRAMA,RECURSOS NATURALES Y MEDIO AMBIENTE,INTERSUBSECTORIAL,PERFIL,0,2021,,,F.N.D.R.,450000000.0,450.0,646839.83,840.0,,Sin evaluación,False,CORPORACION NACIONAL FORESTAL REGION DE LA ARAUCANIA,False,2021,2021,450000000.0
40031586,40031586-0,CONSTRUCCION DE CICLOVÍA GRAN AVENIDA JOSÉ MIGUEL CARRERA COMUNA DE SAN MIGUEL,PROYECTO,TRANSPORTE,"TRANSPORTE URBANO,VIALIDAD PEATONAL",PERFIL,0,2024,,SAN MIGUEL,F.N.D.R.,252986000.0,252.986,,107954.0,FI,Falta información (FI),False,MUNICIPALIDAD DE SAN MIGUEL,False,2021,2024,252986000.0
40031598,40031598-0,TRANSFERENCIA INICIATIVAS CLIMÁTICAS Y DESCONTAMINACION AMBIENTAL REGIÓN DE O´HIGGINS,PROGRAMA,RECURSOS NATURALES Y MEDIO AMBIENTE,MEDIO AMBIENTE,PERFIL,1,2021,L LIBERTADOR GENERAL,,F.N.D.R.,160011000.0,160.011,230003.31,822876.0,,Sin evaluación,False,SEREMI DE MEDIO AMBIENTE REGION DEL LIBERTADOR GENERAL BERNARDO O'HIGGINS,False,2021,2021,160011000.0
40031688,40031688-0,MEJORAMIENTO REMODELACION AREA VERDE VILLA AUCO,PROYECTO,VIVIENDA Y DESARROLLO URBANO,DESARROLLO URBANO,PERFIL,0,2023,,RINCONADA,F.N.D.R.,85569000.0,85.569,,491.0,,Sin evaluación,False,MUNICIPALIDAD DE RINCONADA,False,2021,2023,85569000.0
40031717,40031717-0,"CONSTRUCCION INFRAESTRUCTURA SANITARIA SECTOR NAUPE, SAAVEDRA",PROYECTO,VIVIENDA Y DESARROLLO URBANO,SOLUCION HABITACIONAL PARCIAL O COMPLEMENTARIA,PERFIL,0,2022,,SAAVEDRA,F.N.D.R.,456571000.0,456.571,,32.0,,Sin evaluación,False,MUNICIPALIDAD DE SAAVEDRA,False,2022,2022,456571000.0
40031724,40031724-0,"CONSTRUCCION AREA VERDE LA PEÑA BIKE, CORONEL",PROYECTO,VIVIENDA Y DESARROLLO URBANO,DESARROLLO URBANO,EJECUCION,0,2024,,CORONEL,F.N.D.R.,84703000.0,84.703,,5308.0,,Sin evaluación,False,MUNICIPALIDAD DE CORONEL,False,2021,2024,84703000.0
40031738,40031738-0,"CONSTRUCCION AREA VERDE VICTORIA ESPERANZA, CORONEL",PROYECTO,VIVIENDA Y DESARROLLO URBANO,DESARROLLO URBANO,EJECUCION,0,2024,,CORONEL,F.N.D.R.,148788000.0,148.788,,4603.0,,Sin evaluación,False,MUNICIPALIDAD DE CORONEL,False,2021,2024,148788000.0
40031832,40031832-0,TRANSFERENCIA CASA SOLAR METROPOLITANA,PROGRAMA,ENERGIA,AUTOGENERACION,PERFIL,0,2021,METROPOLITANA DE SANTIAGO,,F.N.D.R.,1500001000.0,1500.001,2156134.2,5600.0,,Sin evaluación,False,SEREMI DE ENERGIA REGION METROPOLITANA DE SANTIAGO,False,2021,2021,1500001000.0
40031956,40031956-0,ADQUISICION DE LUMINARIAS PEATONALES SOLARES COMUNA DE ESTACION CENTRAL,PROYECTO,ENERGIA,ALUMBRADO PUBLICO,PERFIL,0,2021,,ESTACION CENTRAL,F.N.D.R.,350693000.0,350.693,,37559.0,,Sin evaluación,False,MUNICIPALIDAD DE ESTACION CENTRAL,False,2021,2021,350693000.0
40032020,40032020-0,CONSERVACION INFRAESTRUCTURA SANITARIA 2022 - 2023,PROYECTO,VIVIENDA Y DESARROLLO URBANO,INTERSUBSECTORIAL VIVIENDA Y DESARROLLO URBANO,PERFIL,0,2021,METROPOLITANA DE SANTIAGO,,SECTORIAL,2600186000.0,2600.186,,7112000.0,,Sin evaluación,False,SEREMI VIVIENDA REGION METROPOLITANA DE SANTIAGO,False,2021,2021,2600186000.0
40032049,40032049-0,CONSTRUCCION PLANTA DE COMPOSTAJE COMUNA SAN FERNANDO,PROYECTO,RECURSOS NATURALES Y MEDIO AMBIENTE,MEDIO AMBIENTE,PERFIL,0,2022,,SAN FERNANDO,F.N.D.R.,608979000.0,608.979,,79221.0,,Sin evaluación,False,MUNICIPALIDAD DE SAN FERNANDO,False,2022,2022,608979000.0
40032072,40032072-0,CONSERVACION INFRAESTRUCTURA APOYO AL TRANSPORTE PUBLICO REGIÓN MAULE,PROYECTO,TRANSPORTE,"TRANSPORTE URBANO,VIALIDAD PEATONAL",EJECUCION,0,2022,L MAULE,,SECTORIAL,1262719000.0,1262.719,,187327.0,,Sin evaluación,False,SUBSIDIO NACIONAL AL TRANSPORTE PUBLICO,False,2021,2022,1500000000.0
40032337,40032337-0,CONSTRUCCION PARQUE URBANO SECTOR LAS ANIMAS - VALDIVIA,PROYECTO,VIVIENDA Y DESARROLLO URBANO,DESARROLLO URBANO,PREFACTIBILIDAD,0,2025,,VALDIVIA - REGION XIV,SECTORIAL,160900000.0,160.9,,15505.0,RS,Recomendado (RS),True,SEREMI VIVIENDA REGION DE LOS RIOS,False,2022,2025,259206000.0
40032534,40032534-0,CONSTRUCCION RED DE CICLOVIAS DE MULCHÉN,PROYECTO,TRANSPORTE,"TRANSPORTE URBANO,VIALIDAD PEATONAL",EJECUCION,0,2026,,MULCHEN,SECTORIAL,4838591000.0,4838.591,,29627.0,RS,Recomendado (RS),True,SEREMI VIVIENDA REGION DEL BIO BIO,False,2022,2026,4838591000.0
40032535,40032535-0,CONSTRUCCION RED DE CICLOVIAS DE LEBU,PROYECTO,TRANSPORTE,"TRANSPORTE URBANO,VIALIDAD PEATONAL",EJECUCION,0,2024,,LEBU,SECTORIAL,3714133000.0,3714.133,,25522.0,RS,Recomendado (RS),True,SEREMI VIVIENDA REGION DEL BIO BIO,False,2021,2024,3714133000.0
40032536,40032536-0,"CONSTRUCCION CICLOVIA PLAYA BLANCA, CORONEL-LOTA",PROYECTO,TRANSPORTE,"TRANSPORTE URBANO,VIALIDAD PEATONAL",EJECUCION,0,2025,,,SECTORIAL,1433703000.0,1433.703,,159797.0,RS,Recomendado (RS),True,SEREMI VIVIENDA REGION DEL BIO BIO,False,2024,2025,1433703000.0
40032552,40032552-0,"CONSERVACION PARQUE URBANO MONUMENTAL BERNARDO O'HIGGINS, CHILLÁN VIEJO",PROYECTO,VIVIENDA Y DESARROLLO URBANO,DESARROLLO URBANO,EJECUCION,0,2025,,CHILLAN VIEJO - REGION DE,SECTORIAL,470985000.0,470.985,,34311.0,,Sin evaluación,False,SEREMI VIVIENDA REGION DE ÑUBLE,False,2022,2025,470985000.0
40032559,40032559-0,"MEJORAMIENTO ÁREA VERDE CONEXIÓN BARRIO COMERCIAL CUMPEO, RÍO CLARO",PROYECTO,VIVIENDA Y DESARROLLO URBANO,DESARROLLO URBANO,PERFIL,0,2026,,RIO CLARO,SECTORIAL,328033000.0,328.033,,2438.0,,Sin evaluación,False,SEREMI VIVIENDA REGION DEL MAULE,False,2023,2026,328033000.0
40032620,40032620-0,"CONSTRUCCION SISTEMA DE ESTABILIDAD DE TALUDES VILLA FUTURO, LOMAS DE SAN JOSÉ. TOMÉ",PROYECTO,VIVIENDA Y DESARROLLO URBANO,SOLUCION HABITACIONAL PARCIAL O COMPLEMENTARIA,PERFIL,0,2022,,TOME,SECTORIAL,1831178000.0,1831.178,,104.0,OT,Objetado técnicamente (OT),False,SEREMI VIVIENDA REGION DEL BIO BIO,False,2022,2022,1831178000.0
40032625,40032625-0,"CONSTRUCCION MUROS DE CONTENCIÓN Y DRENAJE SECTORES POBL. ANTONIO RONCHI, COYHAIQUE",PROYECTO,VIVIENDA Y DESARROLLO URBANO,SOLUCION HABITACIONAL PARCIAL O COMPLEMENTARIA,PERFIL,0,2024,,COYHAIQUE,SECTORIAL,626705000.0,626.705,,124.0,RS,Recomendado (RS),True,SEREMI VIVIENDA REGION DE AISEN DEL GENERAL CARLOS IBAÑEZ DEL CAMPO,False,2022,2024,626705000.0
40032646,40032646-0,RECUPERACION NAVIDAD RESILIENTE A APRTIR DE LA ADPAPTACIÓN DEL CAMBIO CLIMATICO,PROGRAMA,RECURSOS NATURALES Y MEDIO AMBIENTE,MEDIO AMBIENTE,PERFIL,0,2022,,NAVIDAD,F.N.D.R.,1566004000.0,1566.004,2103091.51,1148.0,,Sin evaluación,False,MUNICIPALIDAD DE NAVIDAD,False,2022,2022,1566004000.0
40032673,40032673-0,CONSERVACION INFRAESTRUCTURA APOYO AL TRANSPORTE PUBLICO REGIÓN DE O'HIGGINS,PROYECTO,TRANSPORTE,"TRANSPORTE URBANO,VIALIDAD PEATONAL",PERFIL,0,2021,L LIBERTADOR GENERAL,,SECTORIAL,600000000.0,600.0,,914555.0,,Sin evaluación,False,SUBSIDIO NACIONAL AL TRANSPORTE PUBLICO,False,2021,2021,600000000.0
40032687,40032687-0,CONSERVACION PARQUE URBANO HUMEDAL LOS BATROS SAN PEDRO DE LA PAZ,PROYECTO,VIVIENDA Y DESARROLLO URBANO,DESARROLLO URBANO,PERFIL,1,2022,,,SECTORIAL,770474000.0,770.474,,91773.0,,Sin evaluación,False,SEREMI VIVIENDA REGION DEL BIO BIO,False,2022,2022,770474000.0
40032711,40032711-0,CONSTRUCCION CICLOVÍA EJE SALVADOR GUTIERREZ - MENDOZA COMUNAS DE CERRO NAVIA Y QUINTA NORMAL,PROYECTO,TRANSPORTE,"TRANSPORTE URBANO,VIALIDAD PEATONAL",PERFIL,0,2024,METROPOLITANA DE SANTIAGO,,SECTORIAL,8318982000.0,8318.982,,10000.0,RS,Recomendado (RS),True,SEREMI VIVIENDA REGION METROPOLITANA DE SANTIAGO,False,2022,2024,8318982000.0
40032733,40032733-0,CONSERVACION PARQUE URBANO ESTERO QUILQUE LOS ANGELES,PROYECTO,VIVIENDA Y DESARROLLO URBANO,INTERSUBSECTORIAL VIVIENDA Y DESARROLLO URBANO,PERFIL,1,2022,L BIO BIO,,SECTORIAL,770474000.0,770.474,,218515.0,,Sin evaluación,False,SEREMI VIVIENDA REGION DEL BIO BIO,False,2022,2022,770474000.0
40032834,40032834-0,TRANSFERENCIA TRANSFERENCIA DE CONOCIMIENTO Y TECNOLOGÍAS PARA RESILIENCIA DE SOCIOECOSISTEMAS,PROGRAMA,,,PERFIL,0,2021,LA ARAUCANIA,,F.N.D.R.,263660000.0,263.66,378990.64,1833.0,,Sin evaluación,False,UNIVERSIDAD DE LA FRONTERA DE TEMUCO,False,2021,2021,263660000.0
40032867,40032867-0,"TRANSFERENCIA CAPACITACIÓN, DISEÑO Y EJECUCIÓN SIST RIEGO TECNIFICADO TERRITORIO PATAG VERDE",PROGRAMA,RECURSOS NATURALES Y MEDIO AMBIENTE,AGRICULTURA,PERFIL,0,2026,LOS LAGOS,,F.N.D.R.,599600000.0,599.6,677828.15,60.0,,Sin evaluación,False,INSTITUTO DESARROLLO AGROPECUARIO REGION DE LOS LAGOS,False,2026,2026,599600000.0
40032875,40032875-0,"MEJORAMIENTO INTEGRAL PLAZA Y AREAS VERDES SECTOR NUEVO AMANECER, SAN ROSENDO",PROYECTO,VIVIENDA Y DESARROLLO URBANO,DESARROLLO URBANO,EJECUCION,0,2024,,SAN ROSENDO,F.N.D.R.,68457000.0,68.457,,570.0,,Sin evaluación,False,MUNICIPALIDAD DE SAN ROSENDO,False,2021,2024,68457000.0
40032883,40032883-0,FORESTACION ORDENAMIENTO PREDIAL Y RESTAURACIÓN DEL PAISAJE FORESTAL EN CHILOÉ,PROGRAMA,RECURSOS NATURALES Y MEDIO AMBIENTE,SILVICULTURA,PERFIL,0,2023,LOS LAGOS,,F.N.D.R.,420000000.0,420.0,590517.97,300.0,,Sin evaluación,False,INSTITUTO FORESTAL REGION DE LOS LAGOS,False,2023,2023,420000000.0
40032908,40032908-0,CAPACITACION MEJORAMIENTO EFICIENCIA DE PROCESOS PRODUCTIVOS UTILIZANDO ERNC EN AFC,PROGRAMA,RECURSOS NATURALES Y MEDIO AMBIENTE,AGRICULTURA,PERFIL,0,2021,LOS LAGOS,,F.N.D.R.,1075400000.0,1075.4,1545803.45,200.0,,Sin evaluación,False,INSTITUTO DESARROLLO AGROPECUARIO REGION DE LOS LAGOS,False,2021,2021,1075400000.0
40032936,40032936-0,"REPOSICION DE DOS CAMIONES RSD Y ADQUISICION DE UN CAMION RSD, COMUNA DE LLANQUIHUE",PROYECTO,RECURSOS NATURALES Y MEDIO AMBIENTE,MEDIO AMBIENTE,PERFIL,0,2025,,LLANQUIHUE,F.N.D.R.,587000000.0,587.0,,17591.0,,Sin evaluación,False,MUNICIPALIDAD DE LLANQUIHUE,False,2022,2025,587000000.0
40032945,40032945-0,TRANSFERENCIA UACH-DESARROLLO TECNOLÓGICO APLICADO A AGRICULTURA EN CONTEXTO CAMBIO CLIMÁTICO,PROGRAMA,,,PERFIL,0,2021,LOS RIOS,,F.N.D.R.,250000000.0,250.0,359355.46,420.0,,Sin evaluación,False,GOBIERNO REGIONAL - REGION DE LOS RIOS,False,2021,2021,250000000.0
40033034,40033034-0,CONSERVACION INFRAESTRUCTURA MENOR PARA EL TRANSPORTE PÚBLICO REGIÓN DE AYSÉN,PROYECTO,TRANSPORTE,"TRANSPORTE URBANO,VIALIDAD PEATONAL",EJECUCION,0,2024,AISEN DEL GENERAL CARLOS,,SECTORIAL,1192675000.0,1192.675,,103158.0,,Sin evaluación,False,SUBSIDIO NACIONAL AL TRANSPORTE PUBLICO,False,2021,2024,1594491000.0
40033166,40033166-0,REPOSICION SISTEMA DE RESPALDO FOTOVOLTAICO PARA SEDES SOCIALES,PROYECTO,ENERGIA,AUTOGENERACION,PERFIL,0,2022,,ARICA - REGION XV,F.N.D.R.,104400000.0,104.4,,5000.0,,Sin evaluación,False,MUNICIPALIDAD DE ARICA REGION DE ARICA Y PARINACOTA,False,2022,2022,104400000.0
40033193,40033193-0,"AMPLIACION BODEGA DE PROCESAMIENTO RELLENO SANITARIO, VILLA O'HIGGINS",PROYECTO,RECURSOS NATURALES Y MEDIO AMBIENTE,MEDIO AMBIENTE,EJECUCION,0,2023,,OHIGGINS,F.N.D.R.,105151000.0,105.151,,625.0,,Sin evaluación,False,MUNICIPALIDAD DE OHIGGINS,False,2022,2023,105151000.0
40033242,40033242-0,CAPACITACION PARA MEJORAR LA GESTION HIDRICA MEDIANTE TECNOLOGIAS DE DRENAJE CONTROLADO,PROGRAMA,RECURSOS NATURALES Y MEDIO AMBIENTE,AGRICULTURA,PERFIL,0,2022,LOS LAGOS,,F.N.D.R.,389830000.0,389.83,523528.78,200.0,,Sin evaluación,False,SEREMI AGRICULTURA REGION DE LOS LAGOS,False,2022,2022,389830000.0
40033288,40033288-0,"CONSTRUCCION MURO DE CONTENCIÓN CALLE 18 DE SEPTIEMBRE, QUILLÓN",PROYECTO,VIVIENDA Y DESARROLLO URBANO,DESARROLLO URBANO,PERFIL,0,2024,,QUILLON - REGION DE ÑUBLE,F.N.D.R.,171619000.0,171.619,,550.0,,Sin evaluación,False,MUNICIPALIDAD DE QUILLON,False,2021,2024,171619000.0
40033431,40033431-0,TRANSFERENCIA EVALUACIÓN DEL POTENCIAL DE GENERACIÓN DE H2 SOLAR,PROGRAMA,ENERGIA,INTERSUBSECTORIAL ENERGIA,EJECUCION,0,2023,ANTOFAGASTA,,F.N.D.R.,602690000.0,602.69,847379.23,491256.0,,Sin evaluación,False,GOBIERNO REGIONAL - REGION DE ANTOFAGASTA,False,2021,2023,602690000.0
40033553,40033553-0,"ADQUISICION CAMION RECOLECTOR DE RSD, PARA LA COMUNA DE PORTEZUELO",PROYECTO,RECURSOS NATURALES Y MEDIO AMBIENTE,MEDIO AMBIENTE,PERFIL,0,2023,,PORTEZUELO - REGION DE,F.N.D.R.,151011000.0,151.011,,4862.0,,Sin evaluación,False,MUNICIPALIDAD DE PORTEZUELO,False,2021,2023,151011000.0
40033698,40033698-0,REPOSICION LOCOMOTORAS Y CARROS DE EFE,PROYECTO,TRANSPORTE,TRANSPORTE FERROVIARIO,PERFIL,0,2025,,,EMPRESA,46305102000.0,46305.102,,526.0,RS,Recomendado (RS),True,EMPRESA DE FERROCARRILES DEL ESTADO,False,2021,2025,46305102000.0
40033731,40033731-0,CAPACITACION CAPAC. PARA EL FORTALEC. DE COMPETENCIAS EN EC Y FOMENTO AL RECICLAJE MUNIC,PROGRAMA,RECURSOS NATURALES Y MEDIO AMBIENTE,MEDIO AMBIENTE,PERFIL,0,2022,TARAPACA,,F.N.D.R.,208800000.0,208.8,280411.49,66.0,,Sin evaluación,False,SEREMI DE MEDIO AMBIENTE REGION DE TARAPACA,False,2022,2022,208800000.0
40033825,40033825-0,NORMALIZACION RECINTOS EFE VALPARAÍSO,PROYECTO,TRANSPORTE,TRANSPORTE FERROVIARIO,PERFIL,0,2021,,,EMPRESA,297476000.0,297.476,,399.0,OT,Objetado técnicamente (OT),False,EMPRESA DE FERROCARRILES DEL ESTADO,False,2021,2021,297476000.0
40033830,40033830-0,CONSTRUCCION PUNTOS LIMPIOS DIVERSOS SECTORES CURICO,PROYECTO,RECURSOS NATURALES Y MEDIO AMBIENTE,MEDIO AMBIENTE,PERFIL,0,2021,,CURICO,F.N.D.R.,101996000.0,101.996,,19384.0,,Sin evaluación,False,MUNICIPALIDAD DE CURICO,False,2021,2021,101996000.0
40033839,40033839-0,CONSTRUCCION SISTEMA DE AGUAS LLUVIAS Y PAVIMENTACIÓN SECTOR EL PRINCIPAL COMUNA DE PIRQUE,PROYECTO,TRANSPORTE,"TRANSPORTE URBANO,VIALIDAD PEATONAL",PERFIL,0,2024,,PIRQUE,F.N.D.R.,109290000.0,109.29,,9219.0,,Sin evaluación,False,MUNICIPALIDAD DE PIRQUE,False,2022,2024,109290000.0
40033891,40033891-0,"ADQUISICION CONTENEDORES PARA RSD RECICLABLES Y NO RECICLABLES, COMUNA LA FLORIDA",PROYECTO,RECURSOS NATURALES Y MEDIO AMBIENTE,MEDIO AMBIENTE,PERFIL,0,2023,,LA FLORIDA,F.N.D.R.,3195264000.0,3195.264,,162405.0,,Sin evaluación,False,MUNICIPALIDAD DE LA FLORIDA,False,2021,2023,3195264000.0
40034223,40034223-0,"CONSTRUCCION ALUMBRADO PUBLICO LED SECTOR CHUDAL Y OTROS, COMUNA DE PORTEZUELO",PROYECTO,ENERGIA,ALUMBRADO PUBLICO,PERFIL,0,2024,,PORTEZUELO - REGION DE,F.N.D.R.,133190000.0,133.19,,4862.0,,Sin evaluación,False,MUNICIPALIDAD DE PORTEZUELO,False,2021,2024,133190000.0
40034293,40034293-0,MEJORAMIENTO DE AREAS VERDES EN POBLACIÓN EL ROBLE COMUNA DE YUNGAY,PROYECTO,VIVIENDA Y DESARROLLO URBANO,DESARROLLO URBANO,PERFIL,0,2023,,YUNGAY - REGION DE ÑUBLE,F.N.D.R.,30000000.0,30.0,,880.0,,Sin evaluación,False,MUNICIPALIDAD DE YUNGAY,False,2021,2023,30000000.0
40034327,40034327-0,"ADQUISICION CONTENEDORES PARA RESIDUOS SOLIDOS, COMUNA DE TOMÉ",PROYECTO,RECURSOS NATURALES Y MEDIO AMBIENTE,MEDIO AMBIENTE,PERFIL,0,2024,,TOME,F.N.D.R.,938992000.0,938.992,,47680.0,,Sin evaluación,False,MUNICIPALIDAD DE TOME,False,2021,2024,959366000.0
40034568,40034568-0,"CONSTRUCCION PAVIMENTACION Y AGUAS LLUVIAS CALLE SAN MARTÍN Y PASAJE AVENDAÑO, QUINTERO",PROYECTO,TRANSPORTE,"TRANSPORTE URBANO,VIALIDAD PEATONAL",PERFIL,0,2026,,QUINTERO,F.N.D.R.,478791000.0,478.791,,2305.0,RS,Recomendado (RS),True,MUNICIPALIDAD DE QUINTERO,False,2021,2026,478791000.0
40034845,40034845-0,CONSERVACION MANTENCION-SEGURIDAD PARQUE URBANO CATRICO SECCION ORIENTE,PROYECTO,VIVIENDA Y DESARROLLO URBANO,DESARROLLO URBANO,EJECUCION,0,2025,,VALDIVIA - REGION XIV,SECTORIAL,4691554000.0,4691.554,,33829.0,,Sin evaluación,False,SEREMI VIVIENDA REGION DE LOS RIOS,False,2022,2025,4691554000.0
40035242,40035242-0,"CONSERVACION PARQUE HUMEDAL LOS BATROS, SAN PEDRO DE LA PAZ",PROYECTO,VIVIENDA Y DESARROLLO URBANO,DESARROLLO URBANO,EJECUCION,0,2026,,SAN PEDRO DE LA PAZ,SECTORIAL,4337279000.0,4337.279,,131808.0,,Sin evaluación,False,SEREMI VIVIENDA REGION DEL BIO BIO,False,2022,2026,4337279000.0
40035268,40035268-0,"CONSTRUCCION INFRAESTRUCTURAS SANITARIAS HUAPI BUDI, SAAVEDRA",PROYECTO,VIVIENDA Y DESARROLLO URBANO,SOLUCION HABITACIONAL PARCIAL O COMPLEMENTARIA,PERFIL,0,2023,,SAAVEDRA,F.N.D.R.,332204000.0,332.204,,93.0,FI,Falta información (FI),False,MUNICIPALIDAD DE SAAVEDRA,False,2022,2023,332204000.0
40035286,40035286-0,"MEJORAMIENTO LUMINARIAS UNIDADES VECINALES 1,2,3 Y 9 COMUNA DE CURACAVÍ",PROYECTO,ENERGIA,ALUMBRADO PUBLICO,PERFIL,0,2023,,CURACAVI,F.N.D.R.,99340000.0,99.34,,3000.0,,Sin evaluación,False,MUNICIPALIDAD DE CURACAVI,False,2021,2023,99340000.0
40035302,40035302-0,"ADQUISICION de luminarias con tecnología LED sector Rural, comuna de curacaví",PROYECTO,ENERGIA,ALUMBRADO PUBLICO,PERFIL,0,2021,,CURACAVI,F.N.D.R.,99340000.0,99.34,,3000.0,,Sin evaluación,False,MUNICIPALIDAD DE CURACAVI,False,2021,2021,99340000.0
40035340,40035340-0,"TRANSFERENCIA PROGRAMA OBRAS MENORES DE RIEGO POR SEQUIA AÑO 2021, INDAP REGIÓN DE OHIGGINS",PROGRAMA,RECURSOS NATURALES Y MEDIO AMBIENTE,AGRICULTURA,EJECUCION,0,2022,L LIBERTADOR GENERAL,,F.N.D.R.,271422000.0,271.422,364510.76,100.0,,Sin evaluación,False,INSTITUTO DESARROLLO AGROPECUARIO REGION DEL LIBERTADOR GENERAL BERNARDO,False,2021,2022,271422000.0
40035469,40035469-0,TRANSFERENCIA INNOVACIÓN EMPRESARIAL DE LA ECONOMIA CIRCULAR EN LOS SECTORES PRODUCTIVOS,PROGRAMA,MULTISECTORIAL,INTERSUBSECTORIAL MULTISECTOR,PERFIL,0,2021,LA ARAUCANIA,,F.N.D.R.,499968000.0,499.968,718664.92,25.0,,Sin evaluación,False,GOBIERNO REGIONAL - REGION DE LA ARAUCANIA,False,2021,2021,499968000.0
40035555,40035555-0,"ADQUISICION CAMIÓN MULTIPROPÓSITO, PUNTOS LIMPIOS MÓVILES Y TRASLADO DE AGUA POTABLE",PROYECTO,RECURSOS NATURALES Y MEDIO AMBIENTE,MEDIO AMBIENTE,PERFIL,0,2024,,ANCUD,F.N.D.R.,374380000.0,374.38,,37819.0,,Sin evaluación,False,MUNICIPALIDAD DE ANCUD,False,2022,2024,384509000.0
40035574,40035574-0,TRANSFERENCIA DIFUSIÓN TECNOLÓGICA DE HUELLA DE CARBONO DE SECTORES PRODUCTIVOS,PROGRAMA,MULTISECTORIAL,INTERSUBSECTORIAL MULTISECTOR,EJECUCION,0,2022,LA ARAUCANIA,,F.N.D.R.,104699000.0,104.699,140607.29,3750.0,,Sin evaluación,False,UNIVERSIDAD DE LA FRONTERA DE TEMUCO,False,2021,2022,104699000.0
40035590,40035590-0,"MEJORAMIENTO CIERRE PERIMETRAL AREA VERDE VILLA CRISTO REDENTOR, LOS ANDES",PROYECTO,VIVIENDA Y DESARROLLO URBANO,DESARROLLO URBANO,PERFIL,0,2023,,LOS ANDES,F.N.D.R.,63779000.0,63.779,,68734.0,,Sin evaluación,False,MUNICIPALIDAD DE LOS ANDES,False,2021,2023,63779000.0
40035643,40035643-0,TRANSFERENCIA TECNOLÓGICA PARA MITIGAR EFECTOS DEL CAMBIO CLIMÁTICO EN EL SECTOR SILVOAGROPECUARIO,PROGRAMA,,,PERFIL,0,2021,LA ARAUCANIA,,F.N.D.R.,177220000.0,177.22,254739.9,8.0,,Sin evaluación,False,GOBIERNO REGIONAL - REGION DE LA ARAUCANIA,False,2021,2021,177220000.0
40035659,40035659-0,"REPOSICION CAMION RECOLECTOR RSD, COMUNA DE GALVARINO",PROYECTO,RECURSOS NATURALES Y MEDIO AMBIENTE,MEDIO AMBIENTE,PERFIL,0,2023,,GALVARINO,F.N.D.R.,164841000.0,164.841,,9912.0,,Sin evaluación,False,MUNICIPALIDAD DE GALVARINO,False,2021,2023,180353000.0
40035673,40035673-0,"RECUPERACION Piloto de Restauración Hidrológica y Ambiental del Acuífero ""Pan de Azúcar""",PROGRAMA,MEDIO AMBIENTE,,PERFIL,0,2025,COQUIMBO,,F.N.D.R.,460985000.0,460.985,536334.66,52869.0,,Sin evaluación,False,INSTITUTO DE INVESTIGACIONES AGROPECUARIAS,False,2021,2025,460985000.0
40035678,40035678-0,HABILITACION HABILITACIÓN ÁREAS VERDES VILLA AUSTRAL,PROYECTO,VIVIENDA Y DESARROLLO URBANO,DESARROLLO URBANO,PERFIL,0,2023,,VALDIVIA - REGION XIV,F.N.D.R.,101810000.0,101.81,,8428.0,,Sin evaluación,False,MUNICIPALIDAD DE VALDIVIA REGION DE LOS RIOS,False,2022,2023,101810000.0
40035715,40035715-0,"ADQUISICION CAMION RECOLECTOR RSD, COMUNA DE LUMACO",PROYECTO,RECURSOS NATURALES Y MEDIO AMBIENTE,MEDIO AMBIENTE,PERFIL,0,2023,,LUMACO,F.N.D.R.,178164000.0,178.164,,7246.0,,Sin evaluación,False,MUNICIPALIDAD DE LUMACO,False,2021,2023,178164000.0
40035730,40035730-0,"CONSTRUCCION CICLOVÍA ACERA NORTE RUTA E-885, POCURO, CALLE LARGA",PROYECTO,TRANSPORTE,"TRANSPORTE URBANO,VIALIDAD PEATONAL",PERFIL,0,2024,,CALLE LARGA,F.N.D.R.,105485000.0,105.485,,3250.0,,Sin evaluación,False,MUNICIPALIDAD DE CALLE LARGA,False,2021,2024,105485000.0
40035764,40035764-0,CONSTRUCCION PARQUE URBANO LOS OLIVOS COMUNA ALTO HOSPICIO,PROYECTO,VIVIENDA Y DESARROLLO URBANO,DESARROLLO URBANO,FACTIBILIDAD,0,2026,,ALTO HOSPICIO,SECTORIAL,178107000.0,178.107,,41053.0,RS,Recomendado (RS),True,SEREMI VIVIENDA REGION DE TARAPACA,False,2022,2026,192840000.0
40035781,40035781-0,CONSERVACION INFRAESTRUCTURA APOYO AL TRANSPORTE PÚBLICO REGIÓN DE OHIGGINS,PROYECTO,TRANSPORTE,"TRANSPORTE URBANO,VIALIDAD PEATONAL",EJECUCION,0,2022,L LIBERTADOR GENERAL,,SECTORIAL,1566003000.0,1566.003,,914555.0,,Sin evaluación,False,SUBSIDIO NACIONAL AL TRANSPORTE PUBLICO,False,2022,2022,1566003000.0
40036092,40036092-0,"CONSTRUCCION ÁREA VERDE CALLE EL BLANQUILLO, CATAPILCO, COMUNA DE ZAPALLAR",PROYECTO,VIVIENDA Y DESARROLLO URBANO,DESARROLLO URBANO,PERFIL,0,2023,,ZAPALLAR,F.N.D.R.,99255000.0,99.255,,3261.0,,Sin evaluación,False,MUNICIPALIDAD DE ZAPALLAR,False,2021,2023,99255000.0
40036106,40036106-0,TRANSFERENCIA MITIGACIÓN DE CAMBIO CLIMÁTICO EN MICROCUENCAS,PROGRAMA,RECURSOS NATURALES Y MEDIO AMBIENTE,MEDIO AMBIENTE,PERFIL,0,2021,L BIO BIO,,F.N.D.R.,110000000.0,110.0,158116.4,60.0,,Sin evaluación,False,GOBIERNO REGIONAL - REGION DEL BIO BIO,False,2021,2021,110000000.0
40036110,40036110-0,TRANSFERENCIA INNOVACIÓN PARA EL USO DE LA INDUCCIÓN DE MUTAGÉNESIS PARA MEJORAR LA TOLERANCIA A LA SEQUÍA,PROGRAMA,,,PERFIL,0,2021,L BIO BIO,,F.N.D.R.,118413000.0,118.413,170209.43,6065.0,,Sin evaluación,False,GOBIERNO REGIONAL - REGION DEL BIO BIO,False,2021,2021,118413000.0
40036112,40036112-0,TRANSFERENCIA PROGRAMA ESPECIAL DE FOMENTO DE OBRAS CIVILES E INTRAPREDIALES DE RIEGO VII,PROGRAMA,RECURSOS NATURALES Y MEDIO AMBIENTE,AGRICULTURA,PERFIL,0,2024,VALPARAISO,,F.N.D.R.,1150000000.0,1150.0,1352543.37,903.0,,Sin evaluación,False,INSTITUTO DESARROLLO AGROPECUARIO REGION DE VALPARAISO,False,2021,2024,3720487000.0
40036240,40036240-0,REPOSICION CATENARIAS BORDE COSTERO EFE VALPARAISO,PROYECTO,TRANSPORTE,TRANSPORTE FERROVIARIO,EJECUCION,0,2026,,,EMPRESA,1906833000.0,1906.833,,7858968.0,RS,Recomendado (RS),True,EMPRESA DE FERROCARRILES DEL ESTADO,False,2022,2026,1912901000.0
40036258,40036258-0,MEJORAMIENTO SEGURIDAD MAESTRANZA SAN EUGENIO,PROYECTO,TRANSPORTE,TRANSPORTE FERROVIARIO,PERFIL,0,2026,,ESTACION CENTRAL,EMPRESA,1269992000.0,1269.992,,214.0,RS,Recomendado (RS),True,EMPRESA DE FERROCARRILES DEL ESTADO,False,2022,2026,1269992000.0
40036259,40036259-0,NORMALIZACION RECINTO PARA LAVADO DE TRENES EN EFE VALPARAÍSO,PROYECTO,TRANSPORTE,TRANSPORTE FERROVIARIO,FACTIBILIDAD,0,2025,,QUILPUE,EMPRESA,3266248000.0,3266.248,,151761.0,RS,Recomendado (RS),True,EMPRESA DE FERROCARRILES DEL ESTADO,False,2022,2025,3266248000.0
40036308,40036308-0,TRANSFERENCIA APOYO PARA COMPRA DE AGUA AL EMBALSE CONVENTO VIEJO POR PARTE DE USUARI,PROGRAMA,RECURSOS NATURALES Y MEDIO AMBIENTE,AGRICULTURA,PERFIL,0,2022,L LIBERTADOR GENERAL,,F.N.D.R.,272209000.0,272.209,365567.67,4247.0,,Sin evaluación,False,SEREMI AGRICULTURA REGION DEL LIBERTADOR GENERAL BERNARDO O'HIGGINS,False,2022,2022,272209000.0
40036360,40036360-0,"CONSTRUCCION OBRAS DE SANEAMIENTO SANITARIO BTE PUEBLO HUNDIDO, DIEGO DE ALMAGRO",PROYECTO,VIVIENDA Y DESARROLLO URBANO,SOLUCION HABITACIONAL PARCIAL O COMPLEMENTARIA,PERFIL,0,2021,,DIEGO DE ALMAGRO,SECTORIAL,684097000.0,684.097,,1100.0,RS,Recomendado (RS),True,SEREMI VIVIENDA REGION DE ATACAMA,False,2021,2021,684097000.0
40036377,40036377-0,CONSERVACION INFRAESTRUCTURA EN 14 ESTACIONES RED METRO S.A.,PROYECTO,TRANSPORTE,"TRANSPORTE URBANO,VIALIDAD PEATONAL",EJECUCION,0,2024,METROPOLITANA DE SANTIAGO,,EMPRESA,752667000.0,752.667,,185398.0,,Sin evaluación,False,METRO S.A.,False,2021,2024,752667000.0
40036478,40036478-0,CONSTRUCCION ESCOLLERA DE PROTECCIÓN COSTERA SECTOR PRETIL,PROYECTO,TRANSPORTE,"TRANSPORTE MARITIMO, FLUVIAL Y LACUSTRE",PERFIL,0,2022,,SAN ANTONIO,EMPRESA,291277000.0,291.277,,9000.0,RS,Recomendado (RS),True,EMPRESA PORTUARIA SAN ANTONIO,False,2022,2022,291277000.0
40036544,40036544-0,"CONSTRUCCION PARQUE URBANO LOS VIÑEDOS MAIPO, COMUNA DE BUIN",PROYECTO,VIVIENDA Y DESARROLLO URBANO,DESARROLLO URBANO,DISEÑO,0,2026,,BUIN,F.N.D.R.,158490000.0,158.49,,8362.0,RS,Recomendado (RS),True,MUNICIPALIDAD DE BUIN,False,2022,2026,216468000.0
40036590,40036590-0,"CONSTRUCCION DE ESTACIONAMIENTOS PARA BICICLETAS ETAPA 2, LÍNEA CERO EN METRO S.A.",PROYECTO,TRANSPORTE,"TRANSPORTE URBANO,VIALIDAD PEATONAL",EJECUCION,0,2023,METROPOLITANA DE SANTIAGO,,EMPRESA,254603000.0,254.603,,9342.0,RS,Recomendado (RS),True,METRO S.A.,False,2022,2023,254603000.0
40036592,40036592-0,CONSERVACION PARQUE URBANO MERCED,PROYECTO,VIVIENDA Y DESARROLLO URBANO,DESARROLLO URBANO,EJECUCION,0,2026,,VALPARAISO,SECTORIAL,845690000.0,845.69,,3916.0,,Sin evaluación,False,SEREMI VIVIENDA REGION DE VALPARAISO,False,2022,2026,845690000.0
40036716,40036716-0,CONSTRUCCION CENTRO REGIONAL DE COORD. Y OP. BRIGADAS INCENDIOS,PROYECTO,RECURSOS NATURALES Y MEDIO AMBIENTE,SILVICULTURA,PERFIL,0,2022,MAGALLANES Y ANTARTICA,,F.N.D.R.,1340258000.0,1340.258,,179949.0,FI,Falta información (FI),False,CORPORACION NACIONAL FORESTAL REGION DE MAGALLANES Y ANTARTICA CHILENA,False,2022,2022,1340258000.0
40036854,40036854-0,CONSERVACION INFRAESTRUCTURA APOYO AL TRANSPORTE PÚBLICO PANGUIPULLI,PROYECTO,TRANSPORTE,"TRANSPORTE URBANO,VIALIDAD PEATONAL",EJECUCION,0,2023,,PANGUIPULLI - REGION XIV,SECTORIAL,1355047000.0,1355.047,,34539.0,,Sin evaluación,False,SUBSIDIO NACIONAL AL TRANSPORTE PUBLICO,False,2022,2023,1566004000.0
40036899,40036899-0,"CONSTRUCCION PARQUE URBANO, COMUNA DE LA UNION",PROYECTO,VIVIENDA Y DESARROLLO URBANO,DESARROLLO URBANO,PERFIL,0,2024,,LA UNION - REGION XIV,F.N.D.R.,2125993000.0,2125.993,,20000.0,,Sin evaluación,False,MUNICIPALIDAD DE LA UNION REGION DE LOS RIOS,False,2021,2024,2125993000.0
40036976,40036976-0,CONSERVACION VÍA FÉRREA ZONA NORTE,PROYECTO,TRANSPORTE,TRANSPORTE FERROVIARIO,EJECUCION,0,2026,,,EMPRESA,36635644000.0,36635.644,,1000.0,,Sin evaluación,False,EMPRESA DE FERROCARRILES DEL ESTADO,False,2022,2026,36635644000.0
40036977,40036977-0,CONSERVACION VÍA FÉRREA ZONA CENTRO,PROYECTO,TRANSPORTE,TRANSPORTE FERROVIARIO,EJECUCION,0,2026,,,EMPRESA,68136031000.0,68136.031,,1000.0,,Sin evaluación,False,EMPRESA DE FERROCARRILES DEL ESTADO,False,2022,2026,68136031000.0
40036982,40036982-0,CONSERVACION PUENTES FERROVIARIOS EFE,PROYECTO,TRANSPORTE,TRANSPORTE FERROVIARIO,EJECUCION,0,2026,,,EMPRESA,6792824000.0,6792.824,,1000.0,,Sin evaluación,False,EMPRESA DE FERROCARRILES DEL ESTADO,False,2022,2026,6792824000.0
40037000,40037000-0,ADQUISICION MAQUINARIAS Y EQUIPOS PARA EL MANEJO DE RSD,PROYECTO,RECURSOS NATURALES Y MEDIO AMBIENTE,MEDIO AMBIENTE,PERFIL,0,2022,,SIERRA GORDA,F.N.D.R.,1044003000.0,1044.003,,13435.0,,Sin evaluación,False,MUNICIPALIDAD DE SIERRA GORDA,False,2022,2022,1044003000.0
40037128,40037128-0,CONSERVACION INFRAESTRUCTURA APOYO AL TRANSPORTE PÚBLICO EN LA REGIÓN DE LAGOS,PROYECTO,TRANSPORTE,"TRANSPORTE URBANO,VIALIDAD PEATONAL",EJECUCION,0,2025,LOS LAGOS,,SECTORIAL,3075920000.0,3075.92,,165384.0,,Sin evaluación,False,SUBSECRETARIA DE TRANSPORTES,False,2022,2025,4504416000.0
40037132,40037132-0,TRANSFERENCIA FOMENTO A LA SUSTENTABILIDAD Y SOSTENIBILIDAD DEL RUBRO FRUTÍCOLA DE LA AFC EN LA REGIÓN DE AYSÉN,PROGRAMA,,,PERFIL,0,2022,AISEN DEL GENERAL CARLOS,,F.N.D.R.,850480000.0,850.48,1142166.47,100.0,,Sin evaluación,False,INSTITUTO DESARROLLO AGROPECUARIO REGION DE AISEN DEL GENERAL CARLOS IBAÑEZ DEL,False,2022,2022,850480000.0
40037237,40037237-0,"ADQUISICION CAMIÓN RECOLECTOR DE BASURA , COMUNA DE MALLOA",PROYECTO,RECURSOS NATURALES Y MEDIO AMBIENTE,MEDIO AMBIENTE,PERFIL,0,2023,,MALLOA,F.N.D.R.,165351000.0,165.351,,15000.0,,Sin evaluación,False,MUNICIPALIDAD DE MALLOA,False,2022,2023,165351000.0
40037418,40037418-0,"CONSTRUCCION ELECTRIFICACIÓN FOTOVOLTAICA DIVERSOS SECTORES, COMUNA DE PALENA",PROYECTO,ENERGIA,AUTOGENERACION,EJECUCION,0,2025,,PALENA,F.N.D.R.,1733213000.0,1733.213,,232.0,RS,Recomendado (RS),True,MUNICIPALIDAD DE PALENA,False,2023,2025,1733213000.0
40037425,40037425-0,"REPOSICION POOL DE VEHICULOS RECOLECTORES DE RESIDUOS SÓLIDOS DOMICILIARIOS, TEMUCO",PROYECTO,RECURSOS NATURALES Y MEDIO AMBIENTE,MEDIO AMBIENTE,PERFIL,0,2022,,TEMUCO,F.N.D.R.,2410468000.0,2410.468,,282415.0,,Sin evaluación,False,MUNICIPALIDAD DE TEMUCO,False,2022,2022,2410468000.0
40037612,40037612-0,ADQUISICION BUSES ELÉCTRICOS PARA TRANSPORTE PUBLICO COMUNA DE SAN PEDRO,PROYECTO,TRANSPORTE,"TRANSPORTE URBANO,VIALIDAD PEATONAL",PERFIL,0,2022,,SAN PEDRO,F.N.D.R.,466243000.0,466.243,,4326.0,,Sin evaluación,False,MUNICIPALIDAD DE SAN PEDRO,False,2022,2022,466243000.0
40037616,40037616-0,CONSTRUCCION PARQUE URBANO RIBERA RÍO COCHRANE,PROYECTO,VIVIENDA Y DESARROLLO URBANO,DESARROLLO URBANO,PERFIL,0,2022,,COCHRANE,F.N.D.R.,68220000.0,68.22,,3182.0,OT,Objetado técnicamente (OT),False,MUNICIPALIDAD DE COCHRANE,False,2022,2022,68220000.0
40037659,40037659-0,"ADQUISICION Camiones Recolectores de Residuos Sólidos Domiciliarios, Panguipulli",PROYECTO,RECURSOS NATURALES Y MEDIO AMBIENTE,MEDIO AMBIENTE,PERFIL,0,2024,,PANGUIPULLI - REGION XIV,F.N.D.R.,363712000.0,363.712,,33273.0,,Sin evaluación,False,MUNICIPALIDAD DE PANGUIPULLI REGION DE LOS RIOS,False,2023,2024,363712000.0
40037680,40037680-0,AMPLIACION RELLENO SANITARIO PICA,PROYECTO,RECURSOS NATURALES Y MEDIO AMBIENTE,MEDIO AMBIENTE,PERFIL,0,2025,,PICA (Prov. Tamarugal),F.N.D.R.,1880490000.0,1880.49,,9152.0,RS,Recomendado (RS),True,MUNICIPALIDAD DE PICA,False,2023,2025,1880490000.0
40037685,40037685-0,TRANSFERENCIA ECONOMIA CIRCULAR 4.0 PARA EL DESARROLLO DE LA INNOVACIÓN EMPRESARIAL,PROGRAMA,MULTISECTORIAL,INTERSUBSECTORIAL MULTISECTOR,PERFIL,0,2022,LA ARAUCANIA,,F.N.D.R.,500000000.0,500.0,671483.44,25.0,,Sin evaluación,False,GOBIERNO REGIONAL - REGION DE LA ARAUCANIA,False,2022,2022,500000000.0
40037704,40037704-0,"REPOSICION Y ADQUISICIÓN CAMIONES RECOLECTORES RSD, NATALES",PROYECTO,RECURSOS NATURALES Y MEDIO AMBIENTE,MEDIO AMBIENTE,PERFIL,0,2022,,NATALES,F.N.D.R.,924084000.0,924.084,,21477.0,,Sin evaluación,False,MUNICIPALIDAD DE NATALES,False,2022,2022,924084000.0
40037706,40037706-0,CONSERVACION INFRAESTRUCTURA ESTACIONES RED METRO S.A ETAPA 2,PROYECTO,TRANSPORTE,"TRANSPORTE URBANO,VIALIDAD PEATONAL",EJECUCION,0,2025,METROPOLITANA DE SANTIAGO,,EMPRESA,19344223000.0,19344.223,,2001320.0,,Sin evaluación,False,METRO S.A.,False,2022,2025,19344223000.0
40037735,40037735-0,TRANSFERENCIA VALORIZACION POR COMPOSTAJE PARA REDUCCION GENERACION DE RESIDUOS ORGANICOS COMUNA DE IQUIQUE,PROGRAMA,,,PERFIL,0,2022,TARAPACA,,F.N.D.R.,340283000.0,340.283,456988.8,6000.0,,Sin evaluación,False,GOBIERNO REGIONAL - REGION DE TARAPACA,False,2022,2022,340283000.0
40037739,40037739-0,CONSTRUCCION MURO DE CONTENCION AVENIDA PATRICIO AYLWIN,PROYECTO,VIVIENDA Y DESARROLLO URBANO,DESARROLLO URBANO,PERFIL,0,2022,,CONSTITUCION,F.N.D.R.,77907000.0,77.907,,46068.0,,Sin evaluación,False,MUNICIPALIDAD DE CONSTITUCION,False,2022,2022,77907000.0
40037766,40037766-0,"REPOSICION CAMION RECOLECTOR RSD UNIDAD MEDIO AMBIENTE, ASEO Y ORNATO, SAN JUAN DE LA COSTA",PROYECTO,RECURSOS NATURALES Y MEDIO AMBIENTE,MEDIO AMBIENTE,PERFIL,0,2023,,SAN JUAN DE LA COSTA,F.N.D.R.,164445000.0,164.445,,2772.0,,Sin evaluación,False,MUNICIPALIDAD DE SAN JUAN DE LA COSTA,False,2022,2023,164445000.0
40037793,40037793-0,ADQUISICION 4 CAMIONES RECOLECTORES DE BASURA PARA LA MUNICIPALIDAD DE,PROYECTO,RECURSOS NATURALES Y MEDIO AMBIENTE,MEDIO AMBIENTE,PERFIL,0,2023,,ANCUD,F.N.D.R.,763636000.0,763.636,,15113.0,,Sin evaluación,False,MUNICIPALIDAD DE ANCUD,False,2022,2023,763636000.0
40037812,40037812-0,"MEJORAMIENTO PAVIMENTACIÓN Y AGUAS LLUVIAS CALLE SAN ALFONSO, CATAPILCO, COMUNA DE ZAPALLAR",PROYECTO,TRANSPORTE,"TRANSPORTE URBANO,VIALIDAD PEATONAL",EJECUCION,0,2025,,ZAPALLAR,F.N.D.R.,503354000.0,503.354,,3818.0,RS,Recomendado (RS),True,MUNICIPALIDAD DE ZAPALLAR,False,2022,2025,503354000.0
40037879,40037879-0,"MEJORAMIENTO AREA VERDE DON SEBASTIAN 1, COMUNA DE RAUCO",PROYECTO,VIVIENDA Y DESARROLLO URBANO,DESARROLLO URBANO,EJECUCION,0,2023,,RAUCO,F.N.D.R.,83745000.0,83.745,,1565.0,,Sin evaluación,False,MUNICIPALIDAD DE RAUCO,False,2022,2023,83745000.0
40037894,40037894-0,"MEJORAMIENTO PAVIMENTACIÓN Y AGUAS LLUVIAS CALLES BALMACEDA Y PAPUDO,CATAPILCO,ZAPALLAR",PROYECTO,TRANSPORTE,"TRANSPORTE URBANO,VIALIDAD PEATONAL",EJECUCION,0,2025,,ZAPALLAR,F.N.D.R.,1279788000.0,1279.788,,3818.0,RS,Recomendado (RS),True,MUNICIPALIDAD DE ZAPALLAR,False,2022,2025,1311441000.0
40038158,40038158-0,"CONSTRUCCION SOLUCIONES SANITARIA EL JILGUERO PRIMERA Y SEGUNDA ETAPA, VALLENAR",PROYECTO,VIVIENDA Y DESARROLLO URBANO,SOLUCION HABITACIONAL PARCIAL O COMPLEMENTARIA,PERFIL,0,2023,,VALLENAR,F.N.D.R.,3422354000.0,3422.354,,371.0,OT,Objetado técnicamente (OT),False,MUNICIPALIDAD DE VALLENAR,False,2023,2023,3422354000.0
40038258,40038258-0,"ADQUISICION CAMION DE RECICLAJE, COMUNA DE HUASCO",PROYECTO,MULTISECTORIAL,INTERSUBSECTORIAL MULTISECTOR,PERFIL,0,2027,,HUASCO,F.N.D.R.,199920000.0,199.92,,9369.0,,Sin evaluación,False,MUNICIPALIDAD DE HUASCO,False,2023,2027,199920000.0
40038267,40038267-0,"ADQUISICION DE SOFTWARE Y HARDWARE CORPORATIVO AÑO 2022, Metro S.A.",PROYECTO,TRANSPORTE,"TRANSPORTE URBANO,VIALIDAD PEATONAL",EJECUCION,0,2023,METROPOLITANA DE SANTIAGO,,EMPRESA,216945000.0,216.945,,693.0,RS,Recomendado (RS),True,METRO S.A.,False,2022,2023,216945000.0
40038289,40038289-0,CONSERVACION PARQUE URBANO OASIS CALAMA,PROYECTO,VIVIENDA Y DESARROLLO URBANO,DESARROLLO URBANO,EJECUCION,0,2026,,CALAMA,SECTORIAL,2579529000.0,2579.529,,165731.0,,Sin evaluación,False,SEREMI VIVIENDA REGION DE ANTOFAGASTA,False,2022,2026,2686929000.0
40038401,40038401-0,"CONSTRUCCION SISTEMA DE ESTABILIDAD DE TALUDES VILLA FUTURO, LOMAS DE SAN JOSÉ, TOMÉ",PROYECTO,VIVIENDA Y DESARROLLO URBANO,SOLUCION HABITACIONAL PARCIAL O COMPLEMENTARIA,EJECUCION,0,2025,,TOME,SECTORIAL,3619964000.0,3619.964,,104.0,,Sin evaluación,False,SEREMI VIVIENDA REGION DEL BIO BIO,False,2022,2025,3619964000.0
40038410,40038410-0,EQUIPAMIENTO PARA LA DETECCIÓN TEMPRANA DE INCENDIOS FORESTALES EN MAGALLANES,PROYECTO,RECURSOS NATURALES Y MEDIO AMBIENTE,INTERSUBSECTORIAL SILVOAGROPECUARIO,PERFIL,0,2023,MAGALLANES Y ANTARTICA,,F.N.D.R.,107423000.0,107.423,,179949.0,,Sin evaluación,False,CORPORACION NACIONAL FORESTAL REGION DE MAGALLANES Y ANTARTICA CHILENA,False,2023,2023,107423000.0
40038563,40038563-0,ADQUISICION MINICARGADOR Y CONTENEDORES DOMICILIARIOS RESIDUOS SOLIDOS COMUNA COYHAIQUE,PROYECTO,RECURSOS NATURALES Y MEDIO AMBIENTE,MEDIO AMBIENTE,EJECUCION,0,2023,,COYHAIQUE,F.N.D.R.,378915000.0,378.915,,49968.0,,Sin evaluación,False,MUNICIPALIDAD DE COYHAIQUE,False,2022,2023,378915000.0
40038660,40038660-0,"CONSTRUCCION AREA VERDE LA AFRICANA , SECTOR YOBILO , CORONEL",PROYECTO,VIVIENDA Y DESARROLLO URBANO,INTERSUBSECTORIAL VIVIENDA Y DESARROLLO URBANO,EJECUCION,0,2024,,CORONEL,F.N.D.R.,58169000.0,58.169,,4900.0,,Sin evaluación,False,MUNICIPALIDAD DE CORONEL,False,2022,2024,58169000.0
40038663,40038663-0,"REPOSICION ALUMBRADO PUBLICO MEDIANTE SISTEMA FOTOVOLTAICO BAHIA MANSA- MAICOLPUE, SJC",PROYECTO,ENERGIA,ALUMBRADO PUBLICO,PERFIL,0,2025,,SAN JUAN DE LA COSTA,F.N.D.R.,70000000.0,70.0,,694.0,,Sin evaluación,False,MUNICIPALIDAD DE SAN JUAN DE LA COSTA,False,2022,2025,72449000.0
40038666,40038666-0,CONSTRUCCION PUNTOS LIMPIOS DIVERSOS SECTORES COMUNA DE SAN JUAN DE LA,PROYECTO,RECURSOS NATURALES Y MEDIO AMBIENTE,MEDIO AMBIENTE,PERFIL,0,2025,,SAN JUAN DE LA COSTA,F.N.D.R.,70000000.0,70.0,,1123.0,,Sin evaluación,False,MUNICIPALIDAD DE SAN JUAN DE LA COSTA,False,2022,2025,72449000.0
40038668,40038668-0,"CONSTRUCCION CENTRO DE TRATAMIENTO INTEGRAL DE RESIDUOS SÓLIDOS, COMUNA DE PUTRE",PROYECTO,RECURSOS NATURALES Y MEDIO AMBIENTE,MEDIO AMBIENTE,PERFIL,0,2022,,PUTRE - REGION XV,F.N.D.R.,128531000.0,128.531,,2054.0,FI,Falta información (FI),False,MUNICIPALIDAD DE PUTRE REGION DE ARICA Y PARINACOTA,False,2022,2022,128531000.0
40038699,40038699-0,MEJORAMIENTO CONSTRUCCION GALPON PARA PLANTA DE RECICLAJE - COMUNA PUQUELDON,PROYECTO,RECURSOS NATURALES Y MEDIO AMBIENTE,MEDIO AMBIENTE,PERFIL,0,2023,,PUQUELDON,F.N.D.R.,135000000.0,135.0,,533.0,,Sin evaluación,False,MUNICIPALIDAD DE PUQUELDON,False,2022,2023,135000000.0
40038765,40038765-0,AMPLIACION GALPON DE RECICLAJE PARA EL ACOPIO TEMPORAL DE RESIDUOS,PROYECTO,RECURSOS NATURALES Y MEDIO AMBIENTE,MEDIO AMBIENTE,PERFIL,0,2023,,ANCUD,F.N.D.R.,124902000.0,124.902,,9747.0,,Sin evaluación,False,MUNICIPALIDAD DE ANCUD,False,2022,2023,124902000.0
40038894,40038894-0,"CONSERVACION INFRAESTRUCTURA PARA EL TRANSPORTE PUBLICO, REGION DE",PROYECTO,TRANSPORTE,"TRANSPORTE URBANO,VIALIDAD PEATONAL",PERFIL,0,2022,ATACAMA,,SECTORIAL,800000000.0,800.0,,286168.0,,Sin evaluación,False,SUBSIDIO NACIONAL AL TRANSPORTE PUBLICO,False,2022,2022,800000000.0
40038906,40038906-0,"MEJORAMIENTO AREA VERDE SECTOR PUNTA DE PARRA, TOMÉ",PROYECTO,VIVIENDA Y DESARROLLO URBANO,DESARROLLO URBANO,EJECUCION,0,2024,,TOME,F.N.D.R.,76517000.0,76.517,,1102.0,,Sin evaluación,False,MUNICIPALIDAD DE TOME,False,2022,2024,76517000.0
40039004,40039004-0,CONSTRUCCION UNIDAD DEMOSTRATIVA Y EDUCATIVA DE COMPOSTAJE - COMUNA PUQUELDON,PROYECTO,RECURSOS NATURALES Y MEDIO AMBIENTE,MEDIO AMBIENTE,PERFIL,0,2024,,PUQUELDON,F.N.D.R.,83268000.0,83.268,,533.0,,Sin evaluación,False,MUNICIPALIDAD DE PUQUELDON,False,2022,2024,83268000.0
40039026,40039026-0,"MEJORAMIENTO AREA VERDE DON IGNACIO 2, COMUNA DE RAUCO",PROYECTO,VIVIENDA Y DESARROLLO URBANO,DESARROLLO URBANO,EJECUCION,0,2023,,RAUCO,F.N.D.R.,115739000.0,115.739,,538.0,,Sin evaluación,False,MUNICIPALIDAD DE RAUCO,False,2022,2023,115739000.0
40039091,40039091-0,"MEJORAMIENTO TALUD ACCESO CALETA DE PESCADORES SAN PEDRO, COMUNA DE CARTAGENA",PROYECTO,VIVIENDA Y DESARROLLO URBANO,DESARROLLO URBANO,PERFIL,0,2022,,CARTAGENA,F.N.D.R.,289211000.0,289.211,,22738.0,OT,Objetado técnicamente (OT),False,MUNICIPALIDAD DE CARTAGENA,False,2022,2022,289211000.0
40039133,40039133-0,"MEJORAMIENTO REFUGIOS PEATONALES CON ILUMINACION SOLAR DIVERSOS SECTORES, NACIMIENTO",PROYECTO,MULTISECTORIAL,INTERSUBSECTORIAL MULTISECTOR,PERFIL,0,2022,,NACIMIENTO,F.N.D.R.,50000000.0,50.0,,200.0,,Sin evaluación,False,MUNICIPALIDAD DE NACIMIENTO,False,2022,2022,50000000.0
40039235,40039235-0,"REPOSICION MUROS DE CONTENCIÓN PASAJE EL ARADO, VILLA PLAZAS DE CHIVILCÁN, TEMUCO",PROYECTO,VIVIENDA Y DESARROLLO URBANO,SOLUCION HABITACIONAL PARCIAL O COMPLEMENTARIA,EJECUCION,0,2025,,TEMUCO,SECTORIAL,385896000.0,385.896,,88.0,RS,Recomendado (RS),True,SEREMI VIVIENDA REGION DE LA ARAUCANIA,False,2023,2025,385896000.0
40039248,40039248-0,"ADQUISICION LUMINARIA LED VÍA PÚBLICA Y RECINTOS DEPORTIVOS, COMUNA DE CUREPTO",PROYECTO,ENERGIA,ALUMBRADO PUBLICO,EJECUCION,0,2024,,CUREPTO,F.N.D.R.,305809000.0,305.809,,9448.0,,Sin evaluación,False,MUNICIPALIDAD DE CUREPTO,False,2022,2024,305809000.0
40039264,40039264-0,"ADQUISICION CAMION MULTIPROPOSITO PARA EL RECICLAJE, VALDIVIA",PROYECTO,RECURSOS NATURALES Y MEDIO AMBIENTE,MEDIO AMBIENTE,PERFIL,0,2027,,VALDIVIA - REGION XIV,F.N.D.R.,354196000.0,354.196,,166080.0,,Sin evaluación,False,MUNICIPALIDAD DE VALDIVIA REGION DE LOS RIOS,False,2023,2027,354196000.0
40039328,40039328-0,"ADQUISICION DE CONTENEDORES PARA RESIDUOS SOLIDOS DOMICILIARIOS, TEMUCO",PROYECTO,RECURSOS NATURALES Y MEDIO AMBIENTE,MEDIO AMBIENTE,PERFIL,0,2025,,TEMUCO,F.N.D.R.,1322352000.0,1322.352,,123454.0,,Sin evaluación,False,MUNICIPALIDAD DE TEMUCO,False,2024,2025,1322352000.0
40039388,40039388-0,"NORMALIZACION DISEÑOS DE CICLOVIAS RED DE CORTO PLAZO, ARICA",PROYECTO,TRANSPORTE,"TRANSPORTE URBANO,VIALIDAD PEATONAL",PERFIL,0,2024,,ARICA - REGION XV,SECTORIAL,142260000.0,142.26,,221364.0,RS,Recomendado (RS),True,SEREMI VIVIENDA REGION DE ARICA Y PARINACOTA,False,2023,2024,142260000.0
40039410,40039410-0,"NORMALIZACION ESTACIONES QUILPUÉ Y VILLA ALEMANA-EFE VALPARAISO, OBRAS MAYORES",PROYECTO,TRANSPORTE,TRANSPORTE FERROVIARIO,EJECUCION,0,2025,,,EMPRESA,7390178000.0,7390.178,,563654.0,RS,Recomendado (RS),True,EMPRESA DE FERROCARRILES DEL ESTADO,False,2022,2025,7390178000.0
40039423,40039423-0,"CONSTRUCCION INFRAESTRUCTURA SANITARIA CHESQUE, BILBAO Y LOS NOTROS, LONCOCHE",PROYECTO,VIVIENDA Y DESARROLLO URBANO,SOLUCION HABITACIONAL PARCIAL O COMPLEMENTARIA,PERFIL,0,2026,,LONCOCHE,F.N.D.R.,1972020000.0,1972.02,,228.0,RS,Recomendado (RS),True,MUNICIPALIDAD DE LONCOCHE,False,2023,2026,1972020000.0
40039561,40039561-0,"CONSTRUCCION CICLOVÍA CONEXIÓN ORIENTE PONIENTE, COMUNAS DE PAC SAN MIGUEL SAN JOAQUÍN MACUL",PROYECTO,TRANSPORTE,"TRANSPORTE URBANO,VIALIDAD PEATONAL",PERFIL,0,2026,,,SECTORIAL,419592000.0,419.592,,10000.0,OT,Objetado técnicamente (OT),False,SEREMI VIVIENDA REGION METROPOLITANA DE SANTIAGO,False,2023,2026,419592000.0
40039614,40039614-0,"NORMALIZACION OBRAS INMEDIATAS ACCESIBILIDAD UNIVERSAL EFE VALPARAISO, CENTRAL Y SUR",PROYECTO,TRANSPORTE,TRANSPORTE FERROVIARIO,EJECUCION,0,2024,,,EMPRESA,1235303000.0,1235.303,,13296.0,RS,Recomendado (RS),True,EMPRESA DE FERROCARRILES DEL ESTADO,False,2022,2024,1235303000.0
40039623,40039623-0,ADQUISICION DE VEHICULOS Y MAQUINARIAS PARA EL MANEJO DE RSD DE SAN RAMON,PROYECTO,RECURSOS NATURALES Y MEDIO AMBIENTE,MEDIO AMBIENTE,PERFIL,0,2022,,SAN RAMON,F.N.D.R.,450000000000.0,450000.0,,82900.0,,Sin evaluación,False,MUNICIPALIDAD DE SAN RAMON,False,2022,2022,450000000000.0
40039684,40039684-0,"CONSTRUCCION CICLOVIA AV. EL PALOMAR, TRAMO 3, COPIAPÓ",PROYECTO,TRANSPORTE,"TRANSPORTE URBANO,VIALIDAD PEATONAL",DISEÑO,0,2026,,COPIAPO,SECTORIAL,26459000.0,26.459,,8723.0,RS,Recomendado (RS),True,SEREMI VIVIENDA REGION DE ATACAMA,False,2023,2026,79813000.0
40039707,40039707-0,"CONSERVACION DE LUMINARIAS SOLARES LED EN NUDOS VIALES, COMUNA DE CALAMA",PROYECTO,ENERGIA,ALUMBRADO PUBLICO,PERFIL,0,2022,,CALAMA,F.N.D.R.,363226000.0,363.226,,165731.0,,Sin evaluación,False,MUNICIPALIDAD DE CALAMA,False,2022,2022,363226000.0
40039877,40039877-0,CONSERVACION ENVOLVENTE TERMICA DEL EDIFICIO SERVIU ÑUBLE,PROYECTO,VIVIENDA Y DESARROLLO URBANO,ADMINISTRACION VIVIENDA,EJECUCION,0,2024,ÑUBLE,,SECTORIAL,118047000.0,118.047,,180.0,,Sin evaluación,False,SEREMI VIVIENDA REGION DE ÑUBLE,False,2023,2024,130000000.0
40039966,40039966-0,REPOSICION CONTENEDORES PARA RESIDUOS SOLIDOS DOMICILIARIOS EN LA COMUNA DE PUERTO MONTT,PROYECTO,RECURSOS NATURALES Y MEDIO AMBIENTE,MEDIO AMBIENTE,PERFIL,0,2025,,PUERTO MONTT,F.N.D.R.,2528386000.0,2528.386,,84700.0,,Sin evaluación,False,MUNICIPALIDAD DE PUERTO MONTT,False,2023,2025,2528386000.0
40039987,40039987-0,"REPOSICION Y ADQUISICIÓN DE CAMION COMPACTADOR Y CONTENEDORES DE BASURA, HUALAIHUE",PROYECTO,RECURSOS NATURALES Y MEDIO AMBIENTE,MEDIO AMBIENTE,PERFIL,0,2024,,HUALAIHUE,F.N.D.R.,864209000.0,864.209,,8767.0,,Sin evaluación,False,MUNICIPALIDAD DE HUALAIHUE,False,2023,2024,864209000.0
40040096,40040096-0,TRANSFERENCIA FORTALECIENDO LA GESTIÓN Y VALORIZACIÓN DE RESIDUOS DOMICILIARIOS EN LA REGIÓN,PROGRAMA,MULTISECTORIAL,INTERSUBSECTORIAL MULTISECTOR,PERFIL,0,2022,LA ARAUCANIA,,F.N.D.R.,220000000.0,220.0,295452.71,5000.0,,Sin evaluación,False,UNIVERSIDAD DE LA FRONTERA DE TEMUCO,False,2022,2022,220000000.0
40040110,40040110-0,"CONSTRUCCION AREA VERDE VILLA LOS AROMOS, COMUNA DE PURRANQUE.",PROYECTO,VIVIENDA Y DESARROLLO URBANO,DESARROLLO URBANO,PERFIL,0,2023,,PURRANQUE,F.N.D.R.,133974000.0,133.974,,1745.0,,Sin evaluación,False,MUNICIPALIDAD DE PURRANQUE,False,2022,2023,133974000.0
40040222,40040222-0,"CONSTRUCCION ÁREA VERDE ORLANDO MONTECINOS, COMUNA DE PURRANQUE.",PROYECTO,VIVIENDA Y DESARROLLO URBANO,DESARROLLO URBANO,PERFIL,0,2023,,PURRANQUE,F.N.D.R.,136000000.0,136.0,,1334.0,,Sin evaluación,False,MUNICIPALIDAD DE PURRANQUE,False,2022,2023,136000000.0
40040229,40040229-0,"MEJORAMIENTO AREA VERDE RAILEF II, COMUNA DE PURRANQUE",PROYECTO,VIVIENDA Y DESARROLLO URBANO,DESARROLLO URBANO,PERFIL,0,2022,,PURRANQUE,F.N.D.R.,109760000.0,109.76,,876.0,,Sin evaluación,False,MUNICIPALIDAD DE PURRANQUE,False,2022,2022,109760000.0
40040392,40040392-0,TRANSFERENCIA GESTIÓN DE RESIDUOS DEL SECTOR PESQUERO ARTESANAL,PROGRAMA,MULTISECTORIAL,INTERSUBSECTORIAL MULTISECTOR,PERFIL,0,2023,L BIO BIO,,F.N.D.R.,361418000.0,361.418,508151.96,7757.0,,Sin evaluación,False,GOBIERNO REGIONAL - REGION DEL BIO BIO,False,2022,2023,361418000.0
40040561,40040561-0,HABILITACION CICLOVIA ALBERTO LLONAS-CHACABUCO COMUNA DE MAIPU,PROYECTO,TRANSPORTE,"TRANSPORTE URBANO,VIALIDAD PEATONAL",PERFIL,0,2022,,MAIPU,F.N.D.R.,129487000.0,129.487,,9000.0,,Sin evaluación,False,MUNICIPALIDAD DE MAIPU,False,2022,2022,129487000.0
40040570,40040570-0,CONSERVACION SISTEMA DE EVACUACIÓN DE AGUAS SERVIDAS,PROYECTO,VIVIENDA Y DESARROLLO URBANO,INTERSUBSECTORIAL VIVIENDA Y DESARROLLO URBANO,EJECUCION,0,2023,,TALCA,SECTORIAL,29839000.0,29.839,,310.0,,Sin evaluación,False,SERVICIO VIVIENDA Y URBANIZACION REGION DEL MAULE,False,2022,2023,85000000.0
40040584,40040584-0,HABILITACION CICLORUTA AVDA SANTIAGO BUERAS COMUNA DE MAIPU,PROYECTO,TRANSPORTE,"TRANSPORTE URBANO,VIALIDAD PEATONAL",PERFIL,0,2022,,MAIPU,F.N.D.R.,136076000.0,136.076,,19000.0,,Sin evaluación,False,MUNICIPALIDAD DE MAIPU,False,2022,2022,136076000.0
40040590,40040590-0,HABILITACION CICLORUTA AVDA ARGENTINA COMUNA DE MAIPU,PROYECTO,TRANSPORTE,"TRANSPORTE URBANO,VIALIDAD PEATONAL",PERFIL,0,2022,,MAIPU,F.N.D.R.,133814000.0,133.814,,584053.0,,Sin evaluación,False,MUNICIPALIDAD DE MAIPU,False,2022,2022,133814000.0
40040647,40040647-0,"REPOSICION ACERAS BIOCLIMATICAS Y ARBORIZACIÓN CALLE BLANCO, COMUNA CASTRO",PROYECTO,VIVIENDA Y DESARROLLO URBANO,INTERSUBSECTORIAL VIVIENDA Y DESARROLLO URBANO,PERFIL,0,2022,,CASTRO,F.N.D.R.,136000000.0,136.0,,2563.0,,Sin evaluación,False,MUNICIPALIDAD DE CASTRO,False,2022,2022,136000000.0
40040650,40040650-0,"REPOSICION ACERAS BIOCLIMATICAS Y ARBORIZACIÓN CALLES THOMPSON Y LILLO, COMUNA DE CASTRO",PROYECTO,VIVIENDA Y DESARROLLO URBANO,DESARROLLO URBANO,PERFIL,0,2022,,CASTRO,F.N.D.R.,136000000.0,136.0,,622.0,,Sin evaluación,False,MUNICIPALIDAD DE CASTRO,False,2022,2022,136000000.0
40040653,40040653-0,AMPLIACION ALUMBRADO PUBLICO CON LUMINARIAS FOTOVOLTAICAS DIVERSOS SECTORES COM PUQUELDON,PROYECTO,ENERGIA,ALUMBRADO PUBLICO,PERFIL,0,2023,,PUQUELDON,F.N.D.R.,143501000.0,143.501,,964.0,,Sin evaluación,False,MUNICIPALIDAD DE PUQUELDON,False,2022,2023,143501000.0
40040684,40040684-0,"HABILITACION LUMINARIAS FOTOVOLTAICAS SECTOR INSULAR ISLA BUTACHAUQUES, COMUNA D",PROYECTO,ENERGIA,ALUMBRADO PUBLICO,PERFIL,0,2023,,QUEMCHI,F.N.D.R.,136000000.0,136.0,,885.0,,Sin evaluación,False,MUNICIPALIDAD DE QUEMCHI,False,2022,2023,136000000.0
40040692,40040692-0,HABILITACION LUMINARIAS FOTOVOLTAICAS SECTORES INSULARES CHAUQUES E ISLA CAUCAHUE.,PROYECTO,ENERGIA,ALUMBRADO PUBLICO,PERFIL,0,2022,,QUEMCHI,F.N.D.R.,136000000.0,136.0,,1800.0,,Sin evaluación,False,MUNICIPALIDAD DE QUEMCHI,False,2022,2022,136000000.0
40040694,40040694-0,"CONSTRUCCION CENTRO DE ACOPIO Y RECICLAJE SECTOR AUCHO, COMUNA DE",PROYECTO,RECURSOS NATURALES Y MEDIO AMBIENTE,MEDIO AMBIENTE,PERFIL,0,2022,,QUEMCHI,F.N.D.R.,136000000.0,136.0,,374.0,,Sin evaluación,False,MUNICIPALIDAD DE QUEMCHI,False,2022,2022,136000000.0
40040695,40040695-0,"CONSTRUCCION ZONA RECREATIVA Y AREAS VERDES PJE NUEVA 7 , ALERCE SUR PUERTO MONTT",PROYECTO,VIVIENDA Y DESARROLLO URBANO,DESARROLLO URBANO,PERFIL,0,2023,,PUERTO MONTT,F.N.D.R.,75638000.0,75.638,,255.0,,Sin evaluación,False,MUNICIPALIDAD DE PUERTO MONTT,False,2022,2023,75638000.0
40040711,40040711-0,"MEJORAMIENTO ÁREA VERDE, SECTOR UMAÑA, COMUNA DE ESTACION CENTRAL",PROYECTO,VIVIENDA Y DESARROLLO URBANO,DESARROLLO URBANO,PERFIL,0,2022,,ESTACION CENTRAL,F.N.D.R.,124078000.0,124.078,,4087.0,,Sin evaluación,False,MUNICIPALIDAD DE ESTACION CENTRAL,False,2022,2022,124078000.0
40040733,40040733-0,REPOSICION ACERAS RECOLECCIÓN DE AGUAS LLUVIAS EJE TURÍSTICO PATRIMONIAL COMUNA CASTRO,PROYECTO,VIVIENDA Y DESARROLLO URBANO,DESARROLLO URBANO,PERFIL,0,2024,,CASTRO,F.N.D.R.,149626000.0,149.626,,2563.0,,Sin evaluación,False,MUNICIPALIDAD DE CASTRO,False,2022,2024,149626000.0
40040736,40040736-0,"REPOSICION ARBOLADO EN PARQUE QUINTA NORMAL, COMUNA DE SANTIAGO",PROYECTO,VIVIENDA Y DESARROLLO URBANO,DESARROLLO URBANO,PERFIL,0,2025,,SANTIAGO,F.N.D.R.,126665000.0,126.665,,49425.0,,Sin evaluación,False,MUNICIPALIDAD DE SANTIAGO,False,2022,2025,126665000.0
40040742,40040742-0,REPOSICION ARBOLADO EN PARQUES DE LA COMUNA DE SANTIAGO,PROYECTO,VIVIENDA Y DESARROLLO URBANO,DESARROLLO URBANO,PERFIL,0,2024,,SANTIAGO,F.N.D.R.,135041000.0,135.041,,40841.0,,Sin evaluación,False,MUNICIPALIDAD DE SANTIAGO,False,2022,2024,135041000.0
40040749,40040749-0,"EQUIPAMIENTO SISTEMA VALORIZACIÓN Y DISMINUCIÓN DE RESIDUOS SÓLIDOS DOMICILIARIOS, LONQUIMAY",PROYECTO,RECURSOS NATURALES Y MEDIO AMBIENTE,MEDIO AMBIENTE,PERFIL,0,2022,,LONQUIMAY,F.N.D.R.,241000000.0,241.0,,4000.0,,Sin evaluación,False,MUNICIPALIDAD DE LONQUIMAY,False,2022,2022,241000000.0
40040758,40040758-0,"CONSTRUCCION PUNTOS LIMPIOS, COMUNA DE LOS MUERMOS",PROYECTO,RECURSOS NATURALES Y MEDIO AMBIENTE,MEDIO AMBIENTE,PERFIL,0,2023,,LOS MUERMOS,F.N.D.R.,144567000.0,144.567,,3562.0,,Sin evaluación,False,MUNICIPALIDAD DE LOS MUERMOS,False,2022,2023,144567000.0
40040771,40040771-0,HABILITACION SISTEMA ILUMINACIÓN FOTOVOLTAICA REFUGIOS PEATONALES SECTOR LINAO-GUAPILINAO,PROYECTO,ENERGIA,ALUMBRADO PUBLICO,PERFIL,0,2023,,ANCUD,F.N.D.R.,104173000.0,104.173,,1470.0,,Sin evaluación,False,MUNICIPALIDAD DE ANCUD,False,2022,2023,104173000.0
40040833,40040833-0,MEJORAMIENTO E INSTALACIÿN DE LUMINARIAS LED SECTOR RURAL,PROYECTO,ENERGIA,ALUMBRADO PUBLICO,PERFIL,0,2022,,CURACAVI,F.N.D.R.,121000000.0,121.0,,33000.0,,Sin evaluación,False,MUNICIPALIDAD DE CURACAVI,True,2022,2022,121000000.0
40040858,40040858-0,MEJORAMIENTO PLATABANDAS Y AREAS VERDES UV 1; 12 Y 20 COMUNA DE MACUL,PROYECTO,VIVIENDA Y DESARROLLO URBANO,DESARROLLO URBANO,PERFIL,0,2023,,MACUL,F.N.D.R.,136105000.0,136.105,,24712.0,,Sin evaluación,False,MUNICIPALIDAD DE MACUL,False,2022,2023,136105000.0
40040864,40040864-0,"MEJORAMIENTO AREA VERDE POBLACIÓN SANTA CLARA, CAÑETE",PROYECTO,VIVIENDA Y DESARROLLO URBANO,DESARROLLO URBANO,EJECUCION,0,2025,,CAÑETE,F.N.D.R.,91155000.0,91.155,,1026.0,,Sin evaluación,False,MUNICIPALIDAD DE CAÑETE,False,2022,2025,91155000.0
40040909,40040909-0,ADQUISICION DE EXCAVADORA PARA VERTEDERO COMUNA DE MELIPILLA.,PROYECTO,RECURSOS NATURALES Y MEDIO AMBIENTE,MEDIO AMBIENTE,PERFIL,0,2022,,MELIPILLA,F.N.D.R.,136105000.0,136.105,,123627.0,,Sin evaluación,False,MUNICIPALIDAD DE MELIPILLA,False,2022,2022,136105000.0
40040910,40040910-0,"CONSTRUCCION ILUMINACIÓN SOLAR EN SECTOR LOS CASTILLOS, ANTUCO.",PROYECTO,ENERGIA,ALUMBRADO PUBLICO,EJECUCION,0,2025,,ANTUCO,F.N.D.R.,102580000.0,102.58,,365.0,,Sin evaluación,False,MUNICIPALIDAD DE ANTUCO,False,2023,2025,102580000.0
40040915,40040915-0,"CONSTRUCCION ILUMINACIÓN SOLAR EN SECTOR VILLA PELUCA, ANTUCO",PROYECTO,ENERGIA,ALUMBRADO PUBLICO,PERFIL,0,2024,,ANTUCO,F.N.D.R.,98445000.0,98.445,,744.0,,Sin evaluación,False,MUNICIPALIDAD DE ANTUCO,False,2023,2024,98445000.0
40040955,40040955-0,CONSTRUCCION AREA VERDE CALLE LEON GALLO SUR COMUNA DE PITRUFQUEN,PROYECTO,VIVIENDA Y DESARROLLO URBANO,DESARROLLO URBANO,PERFIL,0,2026,,PITRUFQUEN,SECTORIAL,67787000.0,67.787,,16531.0,RS,Recomendado (RS),True,SEREMI VIVIENDA REGION DE LA ARAUCANIA,False,2025,2026,67787000.0
40040956,40040956-0,"CONSTRUCCION AREA VERDE Y MURO ECOLOGICO CALLE ALONSO DE ERCILLA, QUELLON",PROYECTO,VIVIENDA Y DESARROLLO URBANO,DESARROLLO URBANO,PERFIL,0,2023,,QUELLON,F.N.D.R.,136000000.0,136.0,,4050.0,,Sin evaluación,False,MUNICIPALIDAD DE QUELLON,False,2022,2023,136000000.0
40040982,40040982-0,CONSTRUCCION ALUMBRADO PUBLICO SUSTENTABLE FOTOVOLTAICO ISLAS DE QUINCHAO,PROYECTO,ENERGIA,ALUMBRADO PUBLICO,PERFIL,0,2024,,QUINCHAO,F.N.D.R.,140759000.0,140.759,,981.0,,Sin evaluación,False,MUNICIPALIDAD DE QUINCHAO,False,2022,2024,140759000.0
40040988,40040988-0,CONSERVACION CORREDORES DE TRANSPORTE PÚBLICO REGIÓN DEL BIOBÍO,PROYECTO,TRANSPORTE,"TRANSPORTE URBANO,VIALIDAD PEATONAL",PERFIL,0,2022,L BIO BIO,,SECTORIAL,1000000000.0,1000.0,,300000.0,,Sin evaluación,False,SEREMI VIVIENDA REGION DEL BIO BIO,False,2022,2022,1000000000.0
40041021,40041021-0,INSTALACION Y REPOSICION DE LUMINARIAS FOTOVOLTAICAS PUERTO OCTAY,PROYECTO,ENERGIA,ALUMBRADO PUBLICO,PERFIL,0,2023,,PUERTO OCTAY,F.N.D.R.,136000000.0,136.0,,2053.0,,Sin evaluación,False,MUNICIPALIDAD DE PUERTO OCTAY,False,2022,2023,136000000.0
40041046,40041046-0,"CONSTRUCCION PUNTO LIMPIO LONCONAO, FUTALEUFU",PROYECTO,RECURSOS NATURALES Y MEDIO AMBIENTE,MEDIO AMBIENTE,PERFIL,0,2023,,FUTALEUFU,F.N.D.R.,85000000.0,85.0,,2600.0,,Sin evaluación,False,MUNICIPALIDAD DE FUTALEUFU,False,2022,2023,85000000.0
40041159,40041159-0,CONSTRUCCION INFRAESTRUCTURA URBANA PARA EL APROVECHAMIENTO DE AGUAS LLUVIAS,PROYECTO,VIVIENDA Y DESARROLLO URBANO,DESARROLLO URBANO,PERFIL,0,2023,,PALENA,F.N.D.R.,144567000.0,144.567,,1711.0,,Sin evaluación,False,MUNICIPALIDAD DE PALENA,False,2022,2023,144567000.0
40041186,40041186-0,"REPOSICION Y EXTEN. A EFICIENCIA ENERGÉTICA ALUMBRADO PÚBLICO P. DE COMAU, COMUNA CHAITEN",PROYECTO,ENERGIA,ALUMBRADO PUBLICO,PERFIL,0,2023,,CHAITEN,F.N.D.R.,109623000.0,109.623,,1281.0,,Sin evaluación,False,MUNICIPALIDAD DE CHAITEN,False,2022,2023,109623000.0
40041225,40041225-0,"CONSTRUCCION MUROS DE CONTENCION POBLACION BERNALES, COYHAIQUE",PROYECTO,VIVIENDA Y DESARROLLO URBANO,VIVIENDA DEFINITIVA,EJECUCION,0,2025,,COYHAIQUE,SECTORIAL,856943000.0,856.943,,314.0,RS,Recomendado (RS),True,SEREMI VIVIENDA REGION DE AISEN DEL GENERAL CARLOS IBAÑEZ DEL CAMPO,False,2024,2025,856943000.0
40041238,40041238-0,"CONSTRUCCION MUROS DE CONTENCIÿN Y DRENAJE POBLACIÿN 24 DE SEPTIEMBRE, COYHAIQUE",PROYECTO,VIVIENDA Y DESARROLLO URBANO,SOLUCION HABITACIONAL PARCIAL O COMPLEMENTARIA,PERFIL,0,2026,,COYHAIQUE,SECTORIAL,759658000.0,759.658,,198.0,RS,Recomendado (RS),True,SEREMI VIVIENDA REGION DE AISEN DEL GENERAL CARLOS IBAÑEZ DEL CAMPO,True,2023,2026,759658000.0
40041275,40041275-0,TRANSFERENCIA IMPLEMENTACIÓN PILOTOS ECONOMÍA CIRCULAR ASOCIADOS A LEY REP,PROGRAMA,MULTISECTORIAL,INTERSUBSECTORIAL MULTISECTOR,PERFIL,0,2022,L BIO BIO,,F.N.D.R.,339600000.0,339.6,456071.55,150.0,,Sin evaluación,False,GOBIERNO REGIONAL - REGION DEL BIO BIO,False,2022,2022,339600000.0
40041291,40041291-0,"REPOSICION MUROS DE CONTENCIÓN VILLA ESPERANZA Y VILLA LA COSTANERA,",PROYECTO,VIVIENDA Y DESARROLLO URBANO,SOLUCION HABITACIONAL PARCIAL O COMPLEMENTARIA,DISEÑO,0,2026,,SAAVEDRA,SECTORIAL,64463000.0,64.463,,111.0,RS,Recomendado (RS),True,SEREMI VIVIENDA REGION DE LA ARAUCANIA,False,2023,2026,65700000.0
40041323,40041323-0,"CONSTRUCCION PARQUE URBANO POZA CRISTALINA, COMUNA LA CRUZ",PROYECTO,VIVIENDA Y DESARROLLO URBANO,DESARROLLO URBANO,PERFIL,0,2026,,LA CRUZ,SECTORIAL,198178000.0,198.178,,22098.0,RS,Recomendado (RS),True,SEREMI VIVIENDA REGION DE VALPARAISO,False,2023,2026,198178000.0
40041345,40041345-0,"CONSTRUCCION PUNTOS LIMPIOS, VILLA OHIGGINS",PROYECTO,RECURSOS NATURALES Y MEDIO AMBIENTE,MEDIO AMBIENTE,EJECUCION,0,2023,,OHIGGINS,F.N.D.R.,29000000.0,29.0,,625.0,,Sin evaluación,False,MUNICIPALIDAD DE OHIGGINS,False,2022,2023,29000000.0
40041441,40041441-0,TRANSFERENCIA ECONOMIA CIRCULAR 4.0 PARA EL DESARROLLO DE INNOVACIÓN EMPRESARIAL EN PYMES,PROGRAMA,MULTISECTORIAL,INTERSUBSECTORIAL MULTISECTOR,EJECUCION,0,2023,LA ARAUCANIA,,F.N.D.R.,2760996000.0,2760.996,3881947.02,46.0,,Sin evaluación,False,GOBIERNO REGIONAL - REGION DE LA ARAUCANIA,False,2022,2023,2760996000.0
40041481,40041481-0,"MEJORAMIENTO AREAS VERDES PLAZA DE ARMAS, COMUNA DE ALHUÉ",PROYECTO,VIVIENDA Y DESARROLLO URBANO,DESARROLLO URBANO,PERFIL,0,2022,,ALHUE,F.N.D.R.,136000000.0,136.0,,624.0,,Sin evaluación,False,MUNICIPALIDAD DE ALHUE,False,2022,2022,136000000.0
40041549,40041549-0,CONSERVACION INFRAESTRUCTURA SANITARIA 2023 - 2024 RM,PROYECTO,VIVIENDA Y DESARROLLO URBANO,INTERSUBSECTORIAL VIVIENDA Y DESARROLLO URBANO,PERFIL,0,2023,METROPOLITANA DE SANTIAGO,,SECTORIAL,4033022000.0,4033.022,,2000000.0,,Sin evaluación,False,SEREMI VIVIENDA REGION METROPOLITANA DE SANTIAGO,False,2023,2023,4033022000.0
40041675,40041675-0,CONSTRUCCION PARQUE URBANO RENE SCHNEIDER ETAPA 1- CALAMA,PROYECTO,VIVIENDA Y DESARROLLO URBANO,DESARROLLO URBANO,PERFIL,1,2026,,CALAMA,F.N.D.R.,5901900000.0,5901.9,,22055.0,RS,Recomendado (RS),True,SEREMI VIVIENDA REGION DE ANTOFAGASTA,False,2022,2026,5901900000.0
40041764,40041764-0,CONSTRUCCION DE CICLOVIAS DE LA COMUNA DE QUILACO,PROYECTO,TRANSPORTE,"TRANSPORTE URBANO,VIALIDAD PEATONAL",PERFIL,0,2023,,,SECTORIAL,84433000.0,84.433,,17761.0,OT,Objetado técnicamente (OT),False,SEREMI VIVIENDA REGION DEL BIO BIO,False,2023,2023,84433000.0
40041790,40041790-0,CONSERVACION ESPACIO PUBLICO ACCESO PEATONAL PARQUE URBANO CURANILAHUE,PROYECTO,VIVIENDA Y DESARROLLO URBANO,DESARROLLO URBANO,EJECUCION,0,2025,,CURANILAHUE,SECTORIAL,261310000.0,261.31,,32288.0,,Sin evaluación,False,SEREMI VIVIENDA REGION DEL BIO BIO,False,2023,2025,261310000.0
40041953,40041953-0,CONSTRUCCION RED DE CICLOVÍAS PUERTO MONTT,PROYECTO,TRANSPORTE,"TRANSPORTE URBANO,VIALIDAD PEATONAL",PERFIL,0,2023,,PUERTO MONTT,SECTORIAL,184218000.0,184.218,,200000.0,OT,Objetado técnicamente (OT),False,SEREMI VIVIENDA REGION DE LOS LAGOS,False,2023,2023,184218000.0
40042021,40042021-0,"CONSTRUCCION ÁREA VERDE LEON GALLO SECTOR SAN ANTONIO, TEMUCO.",PROYECTO,VIVIENDA Y DESARROLLO URBANO,DESARROLLO URBANO,PERFIL,0,2024,,TEMUCO,F.N.D.R.,135854000.0,135.854,,11364.0,,Sin evaluación,False,MUNICIPALIDAD DE TEMUCO,False,2022,2024,135854000.0
40042113,40042113-0,"CONSTRUCCION CICLOVÍA ARTURO MERINO BENÍTEZ, PUNTA ARENAS",PROYECTO,TRANSPORTE,"TRANSPORTE URBANO,VIALIDAD PEATONAL",EJECUCION,0,2023,,PUNTA ARENAS,SECTORIAL,297096000.0,297.096,,131592.0,RS,Recomendado (RS),True,SEREMI VIVIENDA REGION DE MAGALLANES Y ANTARTICA CHILENA,False,2023,2023,297096000.0
40042135,40042135-0,"CONSTRUCCION ALUMBRADO PÚBICO SOLAR, SECTOR EL CORRAL",PROYECTO,ENERGIA,ALUMBRADO PUBLICO,PERFIL,0,2023,,ALTO DEL CARMEN,F.N.D.R.,143892000.0,143.892,,113.0,,Sin evaluación,False,MUNICIPALIDAD DE ALTO DEL CARMEN,False,2023,2023,143892000.0
40042146,40042146-0,"MEJORAMIENTO ÁREA VERDE ANTONIO ZAPATA, SAN BERNARDO",PROYECTO,VIVIENDA Y DESARROLLO URBANO,DESARROLLO URBANO,PERFIL,0,2023,,SAN BERNARDO,F.N.D.R.,139686000.0,139.686,,6068.0,,Sin evaluación,False,MUNICIPALIDAD DE SAN BERNARDO,False,2022,2023,139686000.0
40042162,40042162-0,CONSERVACION CICLOVIAS VARIAS COMUNAS ARAUCANIA 2023-2024,PROYECTO,TRANSPORTE,"TRANSPORTE URBANO,VIALIDAD PEATONAL",EJECUCION,0,2024,LA ARAUCANIA,,SECTORIAL,185850000.0,185.85,,2.0,,Sin evaluación,False,SEREMI VIVIENDA REGION DE LA ARAUCANIA,False,2023,2024,376258000.0
40042232,40042232-0,CONSERVACION DE CONTADORES DE BICICLETAS CICLOVIAS MINVU,PROYECTO,TRANSPORTE,"TRANSPORTE URBANO,VIALIDAD PEATONAL",EJECUCION,0,2023,,,SECTORIAL,723768000.0,723.768,,3199031.0,,Sin evaluación,False,SUBSECRETARIA VIVIENDA Y URBANISMO,False,2022,2023,900000000.0
40042240,40042240-0,CONSTRUCCION SISTEMAS DE GENERACIÓN FOTOVOLTAICOS DIVERSAS COMUNIDADES ALTO BIOBIO,PROYECTO,ENERGIA,AUTOGENERACION,PERFIL,0,2022,,ALTO BIO BIO,F.N.D.R.,777157000.0,777.157,,262.0,FI,Falta información (FI),False,MUNICIPALIDAD DE ALTO BIO BIO,False,2022,2022,777157000.0
40042311,40042311-0,"CONSERVACION ÁREAS VERDES EN 3 PLAZAS EN SORTILEGIO ENTRE COIMBRA Y LA ARDILLA, CERRO NAVIA",PROYECTO,VIVIENDA Y DESARROLLO URBANO,DESARROLLO URBANO,PERFIL,0,2023,,CERRO NAVIA,SECTORIAL,162599000.0,162.599,,5483.0,,Sin evaluación,False,MUNICIPALIDAD DE CERRO NAVIA,False,2022,2023,162599000.0
40042313,40042313-0,"CONSTRUCCION SISTEMA DE DRENAJE URBANO, SECTOR GHIGLINO, COPIAPO",PROYECTO,VIVIENDA Y DESARROLLO URBANO,DESARROLLO URBANO,PERFIL,0,2023,,COPIAPO,SECTORIAL,160513000.0,160.513,,3926.0,RS,Recomendado (RS),True,SEREMI VIVIENDA REGION DE ATACAMA,False,2023,2023,160513000.0
40042342,40042342-0,ADQUISICION EQUIPOS DOTACION DE ENERGIA EOLICO- FOTOVOLTAICO COMUNA DE CONTULMO,PROYECTO,ENERGIA,DISTRIBUCION Y CONEXION FINAL USUARIOS,PERFIL,0,2024,,CONTULMO,F.N.D.R.,353162000.0,353.162,,200.0,,Sin evaluación,False,MUNICIPALIDAD DE CONTULMO,False,2022,2024,353162000.0
40042358,40042358-0,"MEJORAMIENTO SISTEMA DE DISPOSICION RSD DE CARACTER SUSTENTABLE DIVERSOS SECTORES, COMUNA SJC",PROYECTO,RECURSOS NATURALES Y MEDIO AMBIENTE,MEDIO AMBIENTE,PERFIL,0,2023,,SAN JUAN DE LA COSTA,F.N.D.R.,37063000.0,37.063,,1771.0,,Sin evaluación,False,MUNICIPALIDAD DE SAN JUAN DE LA COSTA,False,2022,2023,37063000.0
40042374,40042374-0,"CONSERVACION PROYECTO DE ACONDICIONAMIENTO TÉRMICO CABAÑAS SERVIU, PUCÓN",PROYECTO,VIVIENDA Y DESARROLLO URBANO,ADMINISTRACION VIVIENDA,EJECUCION,0,2023,,PUCON,SECTORIAL,98629000.0,98.629,,335.0,,Sin evaluación,False,SEREMI VIVIENDA REGION DE LA ARAUCANIA,False,2022,2023,98629000.0
40042469,40042469-0,MEJORAMIENTO DE LAS CONDICIONES MEDIOAMBIENTALES Y DE SEGURIDAD EN TRAMO SANTIAGO - NOS,PROYECTO,TRANSPORTE,TRANSPORTE FERROVIARIO,FACTIBILIDAD,0,2025,METROPOLITANA DE SANTIAGO,,EMPRESA,2121519000.0,2121.519,,117795.0,RS,Recomendado (RS),True,EMPRESA DE FERROCARRILES DEL ESTADO,False,2022,2025,2121519000.0
40042578,40042578-0,TRANSFERENCIA CAPACITACIÓN Y EDUCACIÓN EFICIENCIA ENERGÉTICA CON BUENA ENERGÍA EN EL MAULE,PROGRAMA,ENERGIA,INTERSUBSECTORIAL ENERGIA,PERFIL,0,2023,L MAULE,,F.N.D.R.,436165000.0,436.165,613245.88,5000.0,,Sin evaluación,False,SEREMI DE ENERGIA REGION DEL MAULE,False,2023,2023,436165000.0
40042594,40042594-0,REPOSICION APARATOS DE VÍAS DE LÍNEA 1 Y LINEA 2 EN METRO S.A.,PROYECTO,TRANSPORTE,"TRANSPORTE URBANO,VIALIDAD PEATONAL",FACTIBILIDAD,0,2024,METROPOLITANA DE SANTIAGO,,EMPRESA,1053176000.0,1053.176,,1356026.0,RS,Recomendado (RS),True,METRO S.A.,False,2022,2024,1161330000.0
40042655,40042655-0,TRANSFERENCIA LABORATORIOS SOLARES,PROGRAMA,ENERGIA,INTERSUBSECTORIAL ENERGIA,PERFIL,0,2022,L MAULE,,F.N.D.R.,340000000.0,340.0,456608.74,400.0,,Sin evaluación,False,SEREMI DE ENERGIA REGION DEL MAULE,False,2022,2022,340000000.0
40042687,40042687-0,"CAPACITACION EN MANEJO DE PRADERAS, CULTIVOS FORRAJEROS Y RIEGO PARA LA EMERGENCIA AGRÍCOLA",PROGRAMA,RECURSOS NATURALES Y MEDIO AMBIENTE,AGRICULTURA,PERFIL,0,2023,LOS LAGOS,,F.N.D.R.,307205000.0,307.205,431928.74,180.0,,Sin evaluación,False,SEREMI AGRICULTURA REGION DE LOS LAGOS,False,2023,2023,307205000.0
40042753,40042753-0,CONSTRUCCION SISTEMA ALCANTARILLADO CALLE SEDES SOCIALES DE LA JUNTA,PROYECTO,VIVIENDA Y DESARROLLO URBANO,DESARROLLO URBANO,EJECUCION,0,2023,,CISNES,F.N.D.R.,42519000.0,42.519,,190.0,,Sin evaluación,False,MUNICIPALIDAD DE CISNES,False,2022,2023,42519000.0
40042780,40042780-0,TRANSFERENCIA FOMENTO A LA ACUMULACIÓN DE AGUAS LLUVIAS EN ZONAS VULNERABLES AL CAMBIO,PROGRAMA,RECURSOS NATURALES Y MEDIO AMBIENTE,AGRICULTURA,PERFIL,0,2023,LOS LAGOS,,F.N.D.R.,769610000.0,769.61,1082067.94,350.0,,Sin evaluación,False,SEREMI AGRICULTURA REGION DE LOS LAGOS,False,2023,2023,769610000.0
40043006,40043006-0,"REPOSICION Y ADQUISICION DE CAMIONES RECOLECTORES DE RSD, COMUNA DE FUTALEUFU",PROYECTO,RECURSOS NATURALES Y MEDIO AMBIENTE,MEDIO AMBIENTE,PERFIL,0,2024,,FUTALEUFU,F.N.D.R.,388049000.0,388.049,,3025.0,,Sin evaluación,False,MUNICIPALIDAD DE FUTALEUFU,False,2023,2024,388049000.0
40043162,40043162-0,"ADQUISICION CAMIÓN RECOLECTOR DE RESIDUOS SÓLIDOS DOMICILIARIOS Y ASIMILABLES, LONGAVI",PROYECTO,RECURSOS NATURALES Y MEDIO AMBIENTE,MEDIO AMBIENTE,EJECUCION,0,2023,,LONGAVI,F.N.D.R.,173145000.0,173.145,,34869.0,,Sin evaluación,False,MUNICIPALIDAD DE LONGAVI,False,2022,2023,173145000.0
40043227,40043227-0,"REPOSICION LUMINARIAS LED E INST.DE LUM. SOLARES DIST. SECTORES, URBANO Y URBANO-RURALES.",PROYECTO,ENERGIA,ALUMBRADO PUBLICO,PERFIL,0,2025,,SAN JOSE DE LA MARIQUINA -,F.N.D.R.,60000000.0,60.0,,21278.0,,Sin evaluación,False,MUNICIPALIDAD DE MARIQUINA REGION DE LOS RIOS,False,2022,2025,60000000.0
40043313,40043313-0,MEJORAMIENTO SISTEMA DE TRANSPORTE PÚBLICO BONILLA ANTOFAGASTA,PROYECTO,TRANSPORTE,"TRANSPORTE URBANO,VIALIDAD PEATONAL",PREFACTIBILIDAD,0,2026,,ANTOFAGASTA,SECTORIAL,789062000.0,789.062,,433712.0,RS,Recomendado (RS),True,SECTRA,False,2023,2026,797247000.0
40043448,40043448-0,"MEJORAMIENTO INTEGRAL INFRAESTRUCTURA TRANSPORTE PÚBLICO, COMUNAS DE QUILPUÉ - VILLA ALEMANA",PROYECTO,TRANSPORTE,"TRANSPORTE URBANO,VIALIDAD PEATONAL",PREFACTIBILIDAD,0,2025,,,SECTORIAL,686289000.0,686.289,,278256.0,RS,Recomendado (RS),True,SECTRA,False,2023,2025,695730000.0
40043535,40043535-0,CONSERVACION PROTECCION COSTERA LIPIMAVIDA,PROYECTO,VIVIENDA Y DESARROLLO URBANO,"BORDE COSTERO,PASEOS PEATONALES, PLAYAS",EJECUCION,0,2023,,VICHUQUEN,SECTORIAL,629622000.0,629.622,,1000.0,,Sin evaluación,False,OBRAS PORTUARIAS MOP REGION DEL MAULE,False,2022,2023,629622000.0
40043582,40043582-0,"ADQUISICION VEHÍCULOS PARA ACTIVIDADES DE PODA DE ARBOLADO URBANO, COMUNA DE ESTACION CENTRAL",PROYECTO,RECURSOS NATURALES Y MEDIO AMBIENTE,MEDIO AMBIENTE,PERFIL,0,2023,,ESTACION CENTRAL,F.N.D.R.,182117000.0,182.117,,214470.0,,Sin evaluación,False,MUNICIPALIDAD DE ESTACION CENTRAL,False,2022,2023,182117000.0
40043659,40043659-0,TRANSFERENCIA PARA LA INNOVACIÓN EN GESTION COLABORATIVA PARA LA RESILIENCIA TERRITORIAL,PROGRAMA,MULTISECTORIAL,INTERSUBSECTORIAL MULTISECTOR,PERFIL,0,2022,METROPOLITANA DE SANTIAGO,,F.N.D.R.,1950000000.0,1950.0,2618785.42,7100000.0,,Sin evaluación,False,GOBIERNO REGIONAL - REGION METROPOLITANA DE SANTIAGO,False,2022,2022,1950000000.0
40043669,40043669-0,TRANSFERENCIA EN LA TECNIFICACIÓN Y SOLUCIONES DE RIEGO EN ZONAS VULNERABLES AL CAMBIO CLIMÁT.,PROGRAMA,RECURSOS NATURALES Y MEDIO AMBIENTE,AGRICULTURA,PERFIL,0,2023,LOS LAGOS,,F.N.D.R.,1915000000.0,1915.0,2692480.74,450.0,,Sin evaluación,False,SEREMI AGRICULTURA REGION DE LOS LAGOS,False,2023,2023,1915000000.0
40044014,40044014-0,"MEJORAMIENTO ILUMINACIÓN SOLAR NUDO VIAL CAMINO A CHIU- CHIU, COMUNA DE CALAMA",PROYECTO,ENERGIA,ALUMBRADO PUBLICO,EJECUCION,0,2024,,CALAMA,F.N.D.R.,132499000.0,132.499,,165731.0,,Sin evaluación,False,MUNICIPALIDAD DE CALAMA,False,2022,2024,144679000.0
40044019,40044019-0,"MEJORAMIENTO ILUMINACIÓN SOLAR NUDO VIAL CAMINO A SAN PEDRO DE ATACAMA, COMUNA DE CALAMA",PROYECTO,ENERGIA,ALUMBRADO PUBLICO,EJECUCION,0,2024,,CALAMA,F.N.D.R.,121352000.0,121.352,,165731.0,,Sin evaluación,False,MUNICIPALIDAD DE CALAMA,False,2022,2024,138135000.0
40044023,40044023-0,"MEJORAMIENTO ILUMINACIÓN SOLAR NUDO VIAL CAMINO AEROPUERTO, COMUNA DE CALAMA",PROYECTO,ENERGIA,ALUMBRADO PUBLICO,EJECUCION,0,2024,,CALAMA,F.N.D.R.,115311000.0,115.311,,165731.0,,Sin evaluación,False,MUNICIPALIDAD DE CALAMA,False,2022,2024,124723000.0
40044037,40044037-0,"MEJORAMIENTO CICLOVÍA EJE ALAMEDA, COMUNAS DE LO PRADO, ESTACIÓN CENTRAL Y SANTIAGO",PROYECTO,TRANSPORTE,"TRANSPORTE URBANO,VIALIDAD PEATONAL",DISEÑO,0,2024,,,F.N.D.R.,541806000.0,541.806,,416751.0,RS,Recomendado (RS),True,GOBIERNO REGIONAL - REGION METROPOLITANA DE SANTIAGO,False,2023,2024,541806000.0
40044043,40044043-0,CAPACITACION innovación en el uso eficiente del rec-hídrico para la pequeña agricultura,PROGRAMA,RECURSOS NATURALES Y MEDIO AMBIENTE,AGRICULTURA,PERFIL,0,2023,METROPOLITANA DE SANTIAGO,,F.N.D.R.,150000000.0,150.0,210899.27,220.0,,Sin evaluación,False,SEREMI AGRICULTURA REGION METROPOLITANA DE SANTIAGO,False,2022,2023,150000000.0
40044101,40044101-0,"CONSERVACION CERCO PERIMETRAL RELLENO SANITARIO, MEJILLONES",PROYECTO,RECURSOS NATURALES Y MEDIO AMBIENTE,MEDIO AMBIENTE,EJECUCION,0,2023,,MEJILLONES,F.N.D.R.,144677000.0,144.677,,13467.0,,Sin evaluación,False,MUNICIPALIDAD DE MEJILLONES,False,2022,2023,144677000.0
40044378,40044378-0,"HABILITACION CENTRO DE GESTION DE RESIDUOS SOLIDOS, LOC LV",PROYECTO,RECURSOS NATURALES Y MEDIO AMBIENTE,MEDIO AMBIENTE,PERFIL,0,2023,,LAGO VERDE,F.N.D.R.,143178000.0,143.178,,274.0,,Sin evaluación,False,MUNICIPALIDAD DE LAGO VERDE,False,2023,2023,143178000.0
40044408,40044408-0,CONSERVACION DE INFRAESTRUCTURA EN TALLERES NEPTUNO Y LO OVALLE DE METRO,PROYECTO,TRANSPORTE,"TRANSPORTE URBANO,VIALIDAD PEATONAL",EJECUCION,0,2024,METROPOLITANA DE SANTIAGO,,EMPRESA,1808998000.0,1808.998,,723.0,,Sin evaluación,False,METRO S.A.,False,2022,2024,18690250000.0
40044438,40044438-0,TRANSFERENCIA INNOVACIÓN Y VALORIZACIÓN DE POTENCIAL VITIVINÍCOLA VALLE DEL BIO BIO,PROGRAMA,MULTISECTORIAL,INTERSUBSECTORIAL MULTISECTOR,PERFIL,0,2025,L BIO BIO,,F.N.D.R.,150000000.0,150.0,174518.04,39.0,,Sin evaluación,False,GOBIERNO REGIONAL - REGION DEL BIO BIO,False,2022,2025,155250000.0
40044465,40044465-0,"CONSTRUCCION EXTENSION RED DE ALCANTARILLADO SECTOR LA PUNTILLA ETAPA 2, COMUNA DE ALGARROBO",PROYECTO,VIVIENDA Y DESARROLLO URBANO,DESARROLLO URBANO,PERFIL,0,2025,,ALGARROBO,F.N.D.R.,395968000.0,395.968,,370.0,RS,Recomendado (RS),True,MUNICIPALIDAD DE ALGARROBO,False,2022,2025,395968000.0
40044625,40044625-0,"MEJORAMIENTO ÁREA VERDE SECTOR LOS CACIQUES, PADRE LAS CASAS",PROYECTO,VIVIENDA Y DESARROLLO URBANO,DESARROLLO URBANO,PERFIL,0,2024,,PADRE LAS CASAS,F.N.D.R.,95000000.0,95.0,,2300.0,,Sin evaluación,False,MUNICIPALIDAD DE PADRE LAS CASAS,False,2022,2024,95000000.0
40044701,40044701-0,CONSTRUCCION ESTACIONAMIENTOS PARA BICICLETAS ETAPA 3 (LÍNEA CERO),PROYECTO,TRANSPORTE,"TRANSPORTE URBANO,VIALIDAD PEATONAL",EJECUCION,0,2025,,,EMPRESA,796142000.0,796.142,,37868.0,RS,Recomendado (RS),True,METRO S.A.,False,2022,2025,1153664000.0
40044849,40044849-0,"CONSTRUCCION PARADEROS PARA TRANSPORTE PUBLICO, COYHAIQUE",PROYECTO,TRANSPORTE,"TRANSPORTE URBANO,VIALIDAD PEATONAL",EJECUCION,0,2026,,COYHAIQUE,F.N.D.R.,121636000.0,121.636,,44850.0,,Sin evaluación,False,MUNICIPALIDAD DE COYHAIQUE,False,2023,2026,135686000.0
40044852,40044852-0,CONSTRUCCION PUNTOS DE RECICLAJE COYHAIQUE,PROYECTO,RECURSOS NATURALES Y MEDIO AMBIENTE,MEDIO AMBIENTE,EJECUCION,0,2024,,COYHAIQUE,F.N.D.R.,169524000.0,169.524,,44850.0,,Sin evaluación,False,MUNICIPALIDAD DE COYHAIQUE,False,2023,2024,169524000.0
40044928,40044928-0,CAPACITACION CENTRO TECNOLOGICO MANEJO Y MANTENCION SISTEMAS DE RIEGO TECNIFICADO,PROGRAMA,AGRICULTURA,,PERFIL,0,2023,,BUIN,F.N.D.R.,340157000.0,340.157,478259.1,5200.0,,Sin evaluación,False,SEREMI AGRICULTURA REGION METROPOLITANA DE SANTIAGO,False,2022,2023,340157000.0
40045143,40045143-0,"CONSTRUCCION ÁREA VERDE VILLA RIO, TALCA",PROYECTO,VIVIENDA Y DESARROLLO URBANO,DESARROLLO URBANO,EJECUCION,0,2025,,TALCA,F.N.D.R.,139345000.0,139.345,,1170.0,,Sin evaluación,False,MUNICIPALIDAD DE TALCA,False,2022,2025,140842000.0
40045154,40045154-0,TRANSFERENCIA PLAN DE EFICIENCIA ENERGETICA SECTOR EDIFICACION: PROGRAMA CASA SOLAR ADULTO MAYOR OHIGGINS,PROGRAMA,ENERGIA,AUTOGENERACION,PERFIL,0,2022,L LIBERTADOR GENERAL,,F.N.D.R.,2000002000.0,2000.002,2685936.45,700.0,,Sin evaluación,False,SEREMI DE ENERGIA REGION DEL LIBERTADOR GENERAL BERNARDO O'HIGGINS,False,2022,2022,2000002000.0
40045220,40045220-0,"INSTALACION DE ILUMINACIÓN PÚBLICA LED, SECTOR RURAL CATRIMALAL DE LA COMUNA DE ANGOL.",PROYECTO,TRANSPORTE,"TRANSPORTE URBANO,VIALIDAD PEATONAL",PERFIL,0,2024,,ANGOL,F.N.D.R.,104091000.0,104.091,,60.0,,Sin evaluación,False,MUNICIPALIDAD DE ANGOL,False,2022,2024,104091000.0
40045261,40045261-0,CONSERVACION VÍA FÉRREA ARICA LA PAZ,PROYECTO,TRANSPORTE,TRANSPORTE FERROVIARIO,EJECUCION,0,2026,ARICA Y PARINACOTA,,EMPRESA,2930588000.0,2930.588,,226068.0,,Sin evaluación,False,EMPRESA DE FERROCARRILES DEL ESTADO,False,2022,2026,2930588000.0
40045349,40045349-0,"CONSERVACION ÁREA VERDE LOS PATOS, ARAUCO",PROYECTO,VIVIENDA Y DESARROLLO URBANO,DESARROLLO URBANO,PERFIL,1,2023,,ARAUCO,SECTORIAL,214725000.0,214.725,,820.0,,Sin evaluación,False,MUNICIPALIDAD DE ARAUCO,False,2023,2023,214725000.0
40045444,40045444-0,CAPACITACION PREVENCIÓN DE GENERACIÓN DE RSD EN LA COMUNA DE PADRE LAS CASAS,PROGRAMA,RECURSOS NATURALES Y MEDIO AMBIENTE,MEDIO AMBIENTE,PERFIL,0,2022,,PADRE LAS CASAS,F.N.D.R.,704920000.0,704.92,946684.21,5000.0,,Sin evaluación,False,GOBIERNO REGIONAL - REGION DE LA ARAUCANIA,False,2022,2022,704920000.0
40045493,40045493-0,CONSERVACION DE EMERGENCIA TALUDES CALLE SANTA TERESA PUERTO MONTT,PROYECTO,TRANSPORTE,"TRANSPORTE URBANO,VIALIDAD PEATONAL",EJECUCION,0,2025,,PUERTO MONTT,SECTORIAL,811396000.0,811.396,,100000.0,,Sin evaluación,False,SEREMI VIVIENDA REGION DE LOS LAGOS,False,2023,2025,811396000.0
40045555,40045555-0,"REPOSICION DE CALZADA Y SOLUCIÓN DE AGUAS LLUVIAS CALLE PEDRO SARMIENTO, COMUNA DE COLINA",PROYECTO,TRANSPORTE,INTERSUBSECTORIAL TRANSPORTE,PERFIL,0,2023,,COLINA,F.N.D.R.,104494000.0,104.494,,4000.0,,Sin evaluación,False,MUNICIPALIDAD DE COLINA,False,2022,2023,108884000.0
40045557,40045557-0,"CONSTRUCCION SOLUCIÓN AGUAS LLUVIAS CALLE 21 DE MAYO CON CALLE VISTA HERMOSA, COMUNA COLINA",PROYECTO,TRANSPORTE,INTERSUBSECTORIAL TRANSPORTE,PERFIL,0,2022,,COLINA,F.N.D.R.,108884000.0,108.884,,4000.0,,Sin evaluación,False,MUNICIPALIDAD DE COLINA,False,2022,2022,108884000.0
40045572,40045572-0,"CONSTRUCCION SOLUCIÓN AGUAS LLUVIAS AVENIDA SANTA MARÍA, COMUNA DE COLINA",PROYECTO,TRANSPORTE,INTERSUBSECTORIAL TRANSPORTE,PERFIL,0,2022,,COLINA,F.N.D.R.,108884000.0,108.884,,4000.0,,Sin evaluación,False,MUNICIPALIDAD DE COLINA,False,2022,2022,108884000.0
40045634,40045634-0,TRANSFERENCIA PLAN DE EFICIENCIA ENERGÉTICA SECTOR TRANSPORTE: MI COLECTIVO ELÉCTRICO,PROGRAMA,ENERGIA,INTERSUBSECTORIAL ENERGIA,PERFIL,0,2022,L LIBERTADOR GENERAL,,F.N.D.R.,3517432000.0,3517.432,4723794.69,175.0,,Sin evaluación,False,GOBIERNO REGIONAL - REGION DEL LIBERTADOR GENERAL BERNARDO O'HIGGINS,False,2022,2022,3517432000.0
40045718,40045718-0,REPOSICION MATERIAL RODANTE DE RESERVA PARA EL SERVICIO BIOTREN,PROYECTO,TRANSPORTE,TRANSPORTE FERROVIARIO,EJECUCION,0,2025,L BIO BIO,,EMPRESA,12480027000.0,12480.027,,914683.0,RS,Recomendado (RS),True,EMPRESA DE FERROCARRILES DEL ESTADO,False,2022,2025,12480027000.0
40045748,40045748-0,CONSTRUCCION MITIGACIÓN VIAL Y SEG PEATONAL ROTONDA CANCHA RAYADA Y CARMEN VILCHES,PROYECTO,MULTISECTORIAL,INTERSUBSECTORIAL MULTISECTOR,PERFIL,0,2026,,COPIAPO,F.N.D.R.,191051000.0,191.051,,174309.0,,Sin evaluación,False,MUNICIPALIDAD DE COPIAPO,False,2023,2026,191051000.0
40045781,40045781-0,"TRANSFERENCIA CASA SOLAR SOCIAL, REGIÓN DE ANTOFAGASTA",PROGRAMA,ENERGIA,AUTOGENERACION,PERFIL,0,2022,ANTOFAGASTA,,F.N.D.R.,4210000000.0,4210.0,5653890.58,1500.0,,Sin evaluación,False,SEREMI DE ENERGIA REGION DE ANTOFAGASTA,False,2022,2022,4210000000.0
40045815,40045815-0,"MEJORAMIENTO DE AREAS VERDES SECTOR 4 A PONIENTE NORTE, PUNTA ARENAS",PROYECTO,VIVIENDA Y DESARROLLO URBANO,DESARROLLO URBANO,PERFIL,0,2026,,PUNTA ARENAS,F.N.D.R.,2533813000.0,2533.813,,13685.0,RS,Recomendado (RS),True,MUNICIPALIDAD DE PUNTA ARENAS,False,2022,2026,2533813000.0
40045904,40045904-0,"MEJORAMIENTO CALETERA PONIENTE AV. SANTA MARIA, COMUNA DE ARICA",PROYECTO,TRANSPORTE,TRANSPORTE FERROVIARIO,EJECUCION,0,2025,,ARICA - REGION XV,EMPRESA,1569042000.0,1569.042,,1829.0,RS,Recomendado (RS),True,EMPRESA DE FERROCARRILES DEL ESTADO,False,2022,2025,1699905000.0
40045926,40045926-0,TRANSFERENCIA OBRAS CIVILES Y TECNIFICACIÓN DE RIEGO,PROGRAMA,RECURSOS NATURALES Y MEDIO AMBIENTE,AGRICULTURA,PERFIL,0,2023,METROPOLITANA DE SANTIAGO,,F.N.D.R.,2167860000.0,2167.86,3048000.67,2440.0,,Sin evaluación,False,INSTITUTO DESARROLLO AGROPECUARIO REGION METROPOLITANA DE SANTIAGO,False,2023,2023,2167860000.0
40045969,40045969-0,PROTECCION VALORIZACIÓN Y CONSERVACIÓN DE RECURSOS NATURALES Y CULTURALES DEL PN LA CAMPANA Y RN LAGO PEÑUELAS,PROGRAMA,,,PERFIL,0,2023,,,F.N.D.R.,744861000.0,744.861,1047270.96,464626.0,,Sin evaluación,False,CORPORACION NACIONAL FORESTAL REGION DE VALPARAISO,False,2022,2023,744861000.0
40045978,40045978-0,CAPACITACION Restauración de paisaje degradado con escasez hidrica en 3 comunas rurales RMS,PROGRAMA,RECURSOS NATURALES Y MEDIO AMBIENTE,AGRICULTURA,PERFIL,0,2022,METROPOLITANA DE SANTIAGO,,F.N.D.R.,280482000.0,280.482,376678.04,4807.0,,Sin evaluación,False,SEREMI AGRICULTURA REGION METROPOLITANA DE SANTIAGO,False,2022,2022,280482000.0
40045988,40045988-0,"CAPACITACION GESTIÓN HÍDRICA, RECARGA DE POZOS COLGADOS DEL SECANO INTERIOR DE LA RMS",PROGRAMA,RECURSOS NATURALES Y MEDIO AMBIENTE,AGRICULTURA,PERFIL,0,2023,METROPOLITANA DE SANTIAGO,,F.N.D.R.,353042000.0,353.042,496375.34,7412.0,,Sin evaluación,False,SEREMI AGRICULTURA REGION METROPOLITANA DE SANTIAGO,False,2023,2023,353042000.0
40045991,40045991-0,ADQUISICION DE EQUIPOS PARA GRAN REVISIÓN DE TRENES NS-07 EN TALLER NEPTUNO METRO S.A.,PROYECTO,TRANSPORTE,"TRANSPORTE URBANO,VIALIDAD PEATONAL",EJECUCION,0,2024,METROPOLITANA DE SANTIAGO,,EMPRESA,6496502000.0,6496.502,,985192.0,RS,Recomendado (RS),True,METRO S.A.,False,2022,2024,6496502000.0
40046051,40046051-0,"NORMALIZACION RECINTOS EST. SARGENTO ALDEA, EST. LIMACHE Y SER VILLA ALEMANA - EFE VALPARAÍSO",PROYECTO,TRANSPORTE,TRANSPORTE FERROVIARIO,PREFACTIBILIDAD,0,2023,VALPARAISO,,EMPRESA,292140000.0,292.14,,86.0,RS,Recomendado (RS),True,EMPRESA DE FERROCARRILES DEL ESTADO,False,2022,2023,292140000.0
40046075,40046075-0,TRANSFERENCIA IMPLEMENTACION ADAPTACION AL CAMBIO CLIMATICO DE AGRICULTURA FAMILIAR CAMPESINA,PROGRAMA,,,PERFIL,0,2022,VALPARAISO,,F.N.D.R.,103000000.0,103.0,138325.59,60.0,,Sin evaluación,False,GOBIERNO REGIONAL - REGION DE VALPARAISO,False,2022,2022,103000000.0
40046087,40046087-0,FORESTACION FLORA MELIFERA PARA MEJORAR LA SUSTENTABILIDAD DEL NEGOCIO APICOLA EN LA RM,PROGRAMA,RECURSOS NATURALES Y MEDIO AMBIENTE,AGRICULTURA,PERFIL,0,2022,METROPOLITANA DE SANTIAGO,,F.N.D.R.,552593000.0,552.593,742114.1,1010.0,,Sin evaluación,False,SEREMI AGRICULTURA REGION METROPOLITANA DE SANTIAGO,False,2022,2022,552593000.0
40046128,40046128-0,ADQUISICION DE 3 CAMIONES RECOLECTORES DE RESIDUOS SÓLIDOS DOMICILIARIOS PARA LA COMUNA DE VILLARRICA,PROYECTO,RECURSOS NATURALES Y MEDIO AMBIENTE,MEDIO AMBIENTE,PERFIL,0,2022,,VILLARRICA,F.N.D.R.,527639000.0,527.639,,63075.0,,Sin evaluación,False,MUNICIPALIDAD DE VILLARRICA,False,2022,2022,527639000.0
40046132,40046132-0,"TRANSFERENCIA PILOTO DE EDUCACIÓN, GESTIÓN Y REVALORIZACIÓN DE RESIDUOS DOMICILIARIOS",PROGRAMA,MULTISECTORIAL,INTERSUBSECTORIAL MULTISECTOR,PERFIL,0,2022,LA ARAUCANIA,,F.N.D.R.,380000000.0,380.0,510327.42,1200.0,,Sin evaluación,False,GOBIERNO REGIONAL - REGION DE LA ARAUCANIA,False,2022,2022,380000000.0
40046163,40046163-0,"CONSTRUCCION CONSTRUCCIÓN DE MEDIDAS DE MITIGACIÓN POBLACIÓN PEDRO LEÓN GALLO, COLEGIO ESCUEL",PROYECTO,MULTISECTORIAL,INTERSUBSECTORIAL MULTISECTOR,PERFIL,0,2022,,COPIAPO,F.N.D.R.,135427000.0,135.427,,174309.0,,Sin evaluación,False,MUNICIPALIDAD DE COPIAPO,False,2022,2022,135427000.0
40046168,40046168-0,"CONSTRUCCION CENTRO DE GESTION INTEGRAL DE RESIDUOS SOLIDOS, LONQUIMAY",PROYECTO,RECURSOS NATURALES Y MEDIO AMBIENTE,MEDIO AMBIENTE,PERFIL,0,2024,,LONQUIMAY,F.N.D.R.,513542000.0,513.542,,9868.0,FI,Falta información (FI),False,MUNICIPALIDAD DE LONQUIMAY,False,2023,2024,513542000.0
40046181,40046181-0,TRANSFERENCIA ESTUDIO DE EMISIONES ATMOSFÉRICAS Y VIGILANCIA AMBIENTAL DEL EX VERTEDERO,PROGRAMA,RECURSOS NATURALES Y MEDIO AMBIENTE,MEDIO AMBIENTE,PERFIL,0,2022,ANTOFAGASTA,,F.N.D.R.,271220000.0,271.22,364239.48,147240.0,,Sin evaluación,False,GOBIERNO REGIONAL - REGION DE ANTOFAGASTA,False,2022,2022,271220000.0
40046272,40046272-0,"CONSTRUCCION CAMPO SOLAR Y RED DE ILUMINACION PASO ANCHO, COMUNA DE SAN FABIAN",PROYECTO,ENERGIA,AUTOGENERACION,PERFIL,0,2025,,SAN FABIAN - REGION DE ÑUBLE,F.N.D.R.,105840000.0,105.84,,510.0,,Sin evaluación,False,MUNICIPALIDAD DE SAN FABIAN,False,2022,2025,111168000.0
40046273,40046273-0,CONSTRUCCION ILUMINACIÓN SOLAR EN LA COMUNA DE SAN FABIAN,PROYECTO,ENERGIA,ALUMBRADO PUBLICO,PERFIL,0,2023,,SAN FABIAN - REGION DE ÑUBLE,F.N.D.R.,96421000.0,96.421,,510.0,,Sin evaluación,False,MUNICIPALIDAD DE SAN FABIAN,False,2022,2023,96421000.0
40046414,40046414-0,"CONSTRUCCION RED DE AGUAS LLUVIAS CALLE LAS CRUCES VILLA OLÍMPICA, OLMUÉ",PROYECTO,TRANSPORTE,"TRANSPORTE URBANO,VIALIDAD PEATONAL",PERFIL,0,2024,,OLMUE,F.N.D.R.,88864000.0,88.864,,18000.0,,Sin evaluación,False,MUNICIPALIDAD DE OLMUE,False,2022,2024,88864000.0
40046436,40046436-0,CONSERVACION INFRAESTRUCTURA Y SERVICIOS COMPLEMENTARIOS TRANSPORTE PUBLICO VALDIVIA,PROYECTO,TRANSPORTE,"TRANSPORTE URBANO,VIALIDAD PEATONAL",EJECUCION,0,2025,,VALDIVIA - REGION XIV,SECTORIAL,2476469000.0,2476.469,,166080.0,,Sin evaluación,False,SUBSIDIO NACIONAL AL TRANSPORTE PUBLICO,False,2022,2025,3639790000.0
40046441,40046441-0,"MEJORAMIENTO AREA VERDE PLAZA LA VIÑA, COMUNA DE RINCONADA",PROYECTO,VIVIENDA Y DESARROLLO URBANO,DESARROLLO URBANO,PERFIL,0,2023,,RINCONADA,F.N.D.R.,27082000.0,27.082,,696.0,,Sin evaluación,False,MUNICIPALIDAD DE RINCONADA,False,2022,2023,27082000.0
40046528,40046528-0,ADQUISICION CAMIÓN DE RECICLAJE PARA SAN PEDRO DE LA PAZ,PROYECTO,RECURSOS NATURALES Y MEDIO AMBIENTE,MEDIO AMBIENTE,PERFIL,0,2025,,SAN PEDRO DE LA PAZ,F.N.D.R.,54300000.0,54.3,,205045.0,,Sin evaluación,False,MUNICIPALIDAD DE SAN PEDRO DE LA PAZ,False,2023,2025,54300000.0
40046577,40046577-0,REPOSICION Y DISPOSICIÓN DE TRANSFORMADORES CON PCB EN SUBESTACIONES ELÉCTRICAS METRO S.A.,PROYECTO,TRANSPORTE,"TRANSPORTE URBANO,VIALIDAD PEATONAL",EJECUCION,0,2025,METROPOLITANA DE SANTIAGO,,EMPRESA,5860427000.0,5860.427,,1019906.0,RS,Recomendado (RS),True,METRO S.A.,False,2023,2025,5860427000.0
40046850,40046850-0,ADQUISICION DE DIEZ PUNTOS LIMPIOS MOVILES Y DOS CAMIONES PARA LA COMUNA DE P.A.C.,PROYECTO,RECURSOS NATURALES Y MEDIO AMBIENTE,MEDIO AMBIENTE,PERFIL,0,2025,,PEDRO A. CERDA,F.N.D.R.,516701000.0,516.701,,107803.0,,Sin evaluación,False,MUNICIPALIDAD DE PEDRO A. CERDA,False,2022,2025,516701000.0
40046949,40046949-0,RECUPERACION PROGRAMA ESPECIAL MEJORAMIENTO DE RIEGO INTRAPREDIAL EN PEQUEÑOS,PROGRAMA,RECURSOS NATURALES Y MEDIO AMBIENTE,AGRICULTURA,PERFIL,0,2023,COQUIMBO,,F.N.D.R.,3962318000.0,3962.318,5570999.94,376.0,,Sin evaluación,False,INSTITUTO DESARROLLO AGROPECUARIO REGION DE COQUIMBO,False,2023,2023,3962318000.0
40046950,40046950-0,"AMPLIACION COLECTOR DE AGUAS SERVIDAS CALLE 17, CURANIPE",PROYECTO,VIVIENDA Y DESARROLLO URBANO,DESARROLLO URBANO,EJECUCION,0,2024,,PELLUHUE,F.N.D.R.,124616000.0,124.616,,30.0,,Sin evaluación,False,MUNICIPALIDAD DE PELLUHUE,False,2023,2024,124616000.0
40046955,40046955-0,TRANSFERENCIA BIOECOLABMOVIL: ECONOMÍA CIRCULAR DE LA MADERA,PROGRAMA,MULTISECTORIAL,INTERSUBSECTORIAL MULTISECTOR,PERFIL,0,2024,L BIO BIO,,F.N.D.R.,165028000.0,165.028,194093.5,240.0,,Sin evaluación,False,GOBIERNO REGIONAL - REGION DEL BIO BIO,False,2022,2024,165028000.0
40046964,40046964-0,"CONSTRUCCION CONEXIÓN FERROVIARIA DE PASAJEROS NORTE-SUR, REGIÓN METROPOLITANA",PROYECTO,TRANSPORTE,TRANSPORTE FERROVIARIO,PREFACTIBILIDAD,0,2024,METROPOLITANA DE SANTIAGO,,EMPRESA,1042873000.0,1042.873,,2110854.0,RS,Recomendado (RS),True,EMPRESA DE FERROCARRILES DEL ESTADO,False,2022,2024,1042873000.0
40046968,40046968-0,"CONSERVACION PROTECCIÓN COSTERA ISLA ACUY, COMUNA DE QUEILEN",PROYECTO,VIVIENDA Y DESARROLLO URBANO,"BORDE COSTERO,PASEOS PEATONALES, PLAYAS",EJECUCION,0,2024,,QUEILEN,SECTORIAL,550431000.0,550.431,,175.0,,Sin evaluación,False,OBRAS PORTUARIAS MOP REGION DE LOS LAGOS,False,2022,2024,550431000.0
40046984,40046984-0,"HABILITACION CENTRO DE GESTION DE RESIDUOS SOLIDOS, LOCALIDAD DE LAGO VERDE",PROYECTO,RECURSOS NATURALES Y MEDIO AMBIENTE,MEDIO AMBIENTE,EJECUCION,0,2025,,LAGO VERDE,F.N.D.R.,134693000.0,134.693,,274.0,,Sin evaluación,False,MUNICIPALIDAD DE LAGO VERDE,False,2022,2025,143178000.0
40047032,40047032-0,"CONSTRUCCION PAVIMENTACION Y AGUAS LLUVIAS AV. MANUEL MONTT, ENTRE NAPOLES Y SILVA HENRIQUEZ",PROYECTO,VIVIENDA Y DESARROLLO URBANO,DESARROLLO URBANO,PERFIL,0,2024,,SAN ANTONIO,F.N.D.R.,80272000.0,80.272,,10622.0,,Sin evaluación,False,MUNICIPALIDAD DE SAN ANTONIO,False,2022,2024,80272000.0
40047100,40047100-0,CAPACITACION UNA CONTRIBUCIÓN MEDIOAMBIENTAL SOSTENIBLE A LA DISM. DE RSD URBANOS EN LA COMUNA DE VILLARRICA,PROGRAMA,,,PERFIL,0,2022,,VILLARRICA,F.N.D.R.,271953000.0,271.953,365223.87,1500.0,,Sin evaluación,False,GOBIERNO REGIONAL - REGION DE LA ARAUCANIA,False,2022,2022,271953000.0
40047102,40047102-0,CONSTRUCCION SERVICIO FERROVIARIO DE PASAJEROS EN LA REGIÓN DE ARICA Y PARINACOTA,PROYECTO,TRANSPORTE,TRANSPORTE FERROVIARIO,PREFACTIBILIDAD,0,2025,ARICA Y PARINACOTA,,F.N.D.R.,421434000.0,421.434,,202991.0,RS,Recomendado (RS),True,EMPRESA DE FERROCARRILES DEL ESTADO,False,2022,2025,421434000.0
40047125,40047125-0,CAPACITACION PROGRAMA DE FORMACIÓN EN COMPOSTAJES DE RSD EN LA COMUNA DE PITRUFQUÉN,PROGRAMA,RECURSOS NATURALES Y MEDIO AMBIENTE,MEDIO AMBIENTE,PERFIL,0,2022,,PITRUFQUEN,F.N.D.R.,271953000.0,271.953,365223.87,1500.0,,Sin evaluación,False,GOBIERNO REGIONAL - REGION DE LA ARAUCANIA,False,2022,2022,271953000.0
40047126,40047126-0,CAPACITACION PREVENCIÓN DE GENERACIÓN DE RSD EN LA COMUNA DE NUEVA IMPERIAL,PROGRAMA,RECURSOS NATURALES Y MEDIO AMBIENTE,MEDIO AMBIENTE,PERFIL,0,2022,,NUEVA IMPERIAL,F.N.D.R.,271953000.0,271.953,365223.87,1500.0,,Sin evaluación,False,GOBIERNO REGIONAL - REGION DE LA ARAUCANIA,False,2022,2022,271953000.0
40047132,40047132-0,CAPACITACION GOBERNANZA PARA LA REDUCCIÓN DE RSD DE LA AMMN,PROGRAMA,RECURSOS NATURALES Y MEDIO AMBIENTE,MEDIO AMBIENTE,EJECUCION,0,2024,LA ARAUCANIA,,F.N.D.R.,412032000.0,412.032,484601.0,6050.0,,Sin evaluación,False,GOBIERNO REGIONAL - REGION DE LA ARAUCANIA,False,2022,2024,412032000.0
40047180,40047180-0,ADQUISICION DE PANELES INFORMATIVOS APOYO TRANSPORTE PUBLICO REGIÓN DE ÑUBLE,PROYECTO,TRANSPORTE,"TRANSPORTE URBANO,VIALIDAD PEATONAL",PERFIL,0,2023,ÑUBLE,,F.N.D.R.,337512000.0,337.512,,184739.0,,Sin evaluación,False,SUBSECRETARIA DE TRANSPORTES,False,2023,2023,337512000.0
40047202,40047202-0,"TRANSFERENCIA PILOTO EDUCACIÓN, GESTIÓN Y VALORIZACIÓN RESIDUOS DOMICILIARIOS PADRE LAS CASAS",PROGRAMA,RECURSOS NATURALES Y MEDIO AMBIENTE,MEDIO AMBIENTE,PERFIL,0,2022,,PADRE LAS CASAS,F.N.D.R.,380000000.0,380.0,510327.42,800.0,,Sin evaluación,False,GOBIERNO REGIONAL - REGION DE LA ARAUCANIA,False,2022,2022,380000000.0
40047205,40047205-0,TRANSFERENCIA PRODUCCIÓN Y SOSTENIBILIDAD UNIDADES DE AFC DIRIGIDAS POR MUJERES DE LA ARAUCANÍA,PROGRAMA,,,PERFIL,0,2022,LA ARAUCANIA,,F.N.D.R.,335000000.0,335.0,449893.91,12.0,,Sin evaluación,False,GOBIERNO REGIONAL - REGION DE LA ARAUCANIA,False,2022,2022,335000000.0
40047220,40047220-0,CAPACITACION EN COMPOSTAJE DE RSD EN LA COMUNA DE LONCOCHE,PROGRAMA,RECURSOS NATURALES Y MEDIO AMBIENTE,MEDIO AMBIENTE,PERFIL,0,2022,LA ARAUCANIA,,F.N.D.R.,271953000.0,271.953,365223.87,1500.0,,Sin evaluación,False,GOBIERNO REGIONAL - REGION DE LA ARAUCANIA,False,2022,2022,271953000.0
40047226,40047226-0,CONSTRUCCION Y MEJORAMIENTO RED CICLOVÍAS GRAN SANTIAGO,PROYECTO,TRANSPORTE,"TRANSPORTE URBANO,VIALIDAD PEATONAL",DISEÑO,0,2026,METROPOLITANA DE SANTIAGO,,F.N.D.R.,9619665000.0,9619.665,,6119984.0,RS,Recomendado (RS),True,GOBIERNO REGIONAL - REGION METROPOLITANA DE SANTIAGO,False,2023,2026,9619665000.0
40047289,40047289-0,MEJORAMIENTO SEÑALETICA EN LAS ESTACIONES DE LA RED EFE,PROYECTO,TRANSPORTE,TRANSPORTE FERROVIARIO,EJECUCION,0,2026,,,EMPRESA,4815768000.0,4815.768,,88805.0,RS,Recomendado (RS),True,EMPRESA DE FERROCARRILES DEL ESTADO,False,2023,2026,4815768000.0
40047293,40047293-0,"ADQUISICION EQUIPOS PARA COMBATE DE INCENDIOS FORESTALES, REGIÓN VALPARAÍSO",PROYECTO,RECURSOS NATURALES Y MEDIO AMBIENTE,MEDIO AMBIENTE,PERFIL,0,2025,VALPARAISO,,F.N.D.R.,473747000.0,473.747,,1815902.0,,Sin evaluación,False,CORPORACION NACIONAL FORESTAL REGION DE VALPARAISO,False,2023,2025,473747000.0
40047310,40047310-0,"CONSTRUCCION CICLOVIAS AV. BALMACEDA, AV. LAS ENCINAS Y AV. CAUPOLICAN,",PROYECTO,TRANSPORTE,"TRANSPORTE URBANO,VIALIDAD PEATONAL",EJECUCION,0,2026,,TEMUCO,SECTORIAL,3231055000.0,3231.055,,263165.0,RS,Recomendado (RS),True,SEREMI VIVIENDA REGION DE LA ARAUCANIA,False,2023,2026,3313279000.0
40047313,40047313-0,"CONSTRUCCION CICLOVIA CAMINO UTACO, ANGOL",PROYECTO,TRANSPORTE,"TRANSPORTE URBANO,VIALIDAD PEATONAL",EJECUCION,0,2024,,ANGOL,SECTORIAL,600411000.0,600.411,,48906.0,RS,Recomendado (RS),True,SEREMI VIVIENDA REGION DE LA ARAUCANIA,False,2023,2024,610869000.0
40047314,40047314-0,"CONSTRUCCION CICLOVIAS MIRAFLORES Y YUNGAY, CURACAUTIN",PROYECTO,TRANSPORTE,"TRANSPORTE URBANO,VIALIDAD PEATONAL",EJECUCION,0,2026,,CURACAUTIN,SECTORIAL,1003492000.0,1003.492,,12838.0,RS,Recomendado (RS),True,SEREMI VIVIENDA REGION DE LA ARAUCANIA,False,2023,2026,1154223000.0
40047350,40047350-0,TRANSFERENCIA ELABORACIÓN DE PLAN DE ACCIÓN DE CAMBIO CLIMÁTICO PARA LA REGIÓN DEL BIOBÍO,PROGRAMA,RECURSOS NATURALES Y MEDIO AMBIENTE,MEDIO AMBIENTE,PERFIL,0,2023,L BIO BIO,,F.N.D.R.,316061000.0,316.061,444380.24,1676269.0,,Sin evaluación,False,GOBIERNO REGIONAL - REGION DEL BIO BIO,False,2022,2023,316061000.0
40047352,40047352-0,ADQUISICION CAMIÓN Y EQUIPAMIENTO DE RECICLAJE,PROYECTO,RECURSOS NATURALES Y MEDIO AMBIENTE,MEDIO AMBIENTE,EJECUCION,0,2025,,GRANEROS,F.N.D.R.,96237000.0,96.237,,33437.0,,Sin evaluación,False,MUNICIPALIDAD DE GRANEROS,False,2022,2025,100092000.0
40047443,40047443-0,CONSERVACION POR AD DE RIBERAS DE CAUCES NATURALES INTERREGIONAL 2023,PROYECTO,RECURSOS HIDRICOS,"DEFENSAS FLUVIALES,MARITIMAS Y CAUCES NATURALES",EJECUCION,0,2023,,,SECTORIAL,407000000.0,407.0,,1360232.0,,Sin evaluación,False,DIRECCION DE OBRAS HIDRAULICAS MOP,False,2023,2023,407000000.0
40047480,40047480-0,"ADQUISICION PISCINAS PARA EMERGENCIAS DE INCENDIOS FORESTALES, REGIÓN DE VALPARAÍSO",PROYECTO,RECURSOS NATURALES Y MEDIO AMBIENTE,AGRICULTURA,PERFIL,0,2025,VALPARAISO,,F.N.D.R.,353861000.0,353.861,,1815902.0,,Sin evaluación,False,CORPORACION NACIONAL FORESTAL REGION DE VALPARAISO,False,2023,2025,353861000.0
40047481,40047481-0,ADQUISICION ADQUISICIÓN E IMPLEMENTACIÓN SISTEMA MODULAR Y EQUIPAMIENTO PARA VIVERO REGIONAL,PROYECTO,RECURSOS NATURALES Y MEDIO AMBIENTE,SILVICULTURA,PERFIL,0,2023,ANTOFAGASTA,,F.N.D.R.,425833666000.0,425833.666,,224.0,,Sin evaluación,False,CORPORACION NACIONAL FORESTAL REGION DE ANTOFAGASTA,False,2023,2023,425833666000.0
40047492,40047492-0,REPOSICION TORNO SUMERGIDO EFE VALPARAISO,PROYECTO,TRANSPORTE,TRANSPORTE FERROVIARIO,PERFIL,0,2024,VALPARAISO,,EMPRESA,1656865000.0,1656.865,,20656327.0,RS,Recomendado (RS),True,EMPRESA DE FERROCARRILES DEL ESTADO,False,2022,2024,1656865000.0
40047509,40047509-0,CONSERVACION RED PRIMARIA DE AGUAS LLUVIAS REGIÓN DE ATACAMA 2023 - 2024,PROYECTO,RECURSOS HIDRICOS,AGUAS LLUVIAS,EJECUCION,0,2026,ATACAMA,,SECTORIAL,742437000.0,742.437,,205854.0,,Sin evaluación,False,DIRECCION DE OBRAS HIDRAULICAS MOP,False,2023,2026,761744000.0
40047510,40047510-0,CONSERVACION RED PRIMARIA DE AGUAS LLUVIAS REGIÓN DE COQUIMBO 2024,PROYECTO,RECURSOS HIDRICOS,AGUAS LLUVIAS,EJECUCION,0,2025,COQUIMBO,,SECTORIAL,856382000.0,856.382,,560056.0,,Sin evaluación,False,DIRECCION DE OBRAS HIDRAULICAS MOP,False,2023,2025,856382000.0
40047511,40047511-0,CONSERVACION RED PRIMARIA DE AGUAS LLUVIAS REGIÓN DE VALPARAISO 2023 - 2024,PROYECTO,RECURSOS HIDRICOS,AGUAS LLUVIAS,EJECUCION,0,2025,VALPARAISO,,SECTORIAL,3547639000.0,3547.639,,951311.0,,Sin evaluación,False,DIRECCION DE OBRAS HIDRAULICAS MOP,False,2023,2025,3547639000.0
40047512,40047512-0,CONSERVACION RED PRIMARIA DE AGUAS LLUVIAS REGION METROPOLITANA 2023 - 2024,PROYECTO,RECURSOS HIDRICOS,AGUAS LLUVIAS,EJECUCION,0,2026,METROPOLITANA DE SANTIAGO,,SECTORIAL,3544168000.0,3544.168,,3575882.0,,Sin evaluación,False,DIRECCION DE OBRAS HIDRAULICAS MOP,False,2023,2026,3544168000.0
40047513,40047513-0,CONSERVACION RED PRIMARIA DE AGUAS LLUVIAS REGION DE OHIGGINS 2023 - 2024,PROYECTO,RECURSOS HIDRICOS,AGUAS LLUVIAS,EJECUCION,0,2025,L LIBERTADOR GENERAL,,SECTORIAL,248335000.0,248.335,,294279.0,,Sin evaluación,False,DIRECCION DE OBRAS HIDRAULICAS MOP,False,2023,2025,248335000.0
40047514,40047514-0,CONSERVACION RED PRIMARIA DE AGUAS LLUVIAS REGION DEL MAULE 2023 - 2024,PROYECTO,RECURSOS HIDRICOS,AGUAS LLUVIAS,EJECUCION,0,2025,L MAULE,,SECTORIAL,1605153000.0,1605.153,,512816.0,,Sin evaluación,False,DIRECCION DE OBRAS HIDRAULICAS MOP,False,2023,2025,1605153000.0
40047515,40047515-0,CONSERVACION RED PRIMARIA DE AGUAS LLUVIAS REGIÓN DE ÑUBLE 2023 - 2024,PROYECTO,RECURSOS HIDRICOS,AGUAS LLUVIAS,EJECUCION,0,2025,ÑUBLE,,SECTORIAL,1402266000.0,1402.266,,215646.0,,Sin evaluación,False,DIRECCION DE OBRAS HIDRAULICAS MOP,False,2023,2025,1402266000.0
40047516,40047516-0,CONSERVACION RED PRIMARIA DE AGUAS LLUVIAS REGION DEL BIOBÍO 2023-2024,PROYECTO,RECURSOS HIDRICOS,AGUAS LLUVIAS,EJECUCION,0,2025,L BIO BIO,,SECTORIAL,736842000.0,736.842,,1351950.0,,Sin evaluación,False,DIRECCION DE OBRAS HIDRAULICAS MOP,False,2023,2025,799496000.0
40047517,40047517-0,CONSERVACION RED PRIMARIA DE AGUAS LLUVIAS REGION DE LA ARAUCANIA 2024 - 2025,PROYECTO,RECURSOS HIDRICOS,AGUAS LLUVIAS,EJECUCION,0,2026,LA ARAUCANIA,,SECTORIAL,1999040000.0,1999.04,,358541.0,,Sin evaluación,False,DIRECCION DE OBRAS HIDRAULICAS MOP,False,2023,2026,4789264000.0
40047518,40047518-0,CONSERVACION RED PRIMARIA DE AGUAS LLUVIAS REGION DE LOS RÍOS 2023 - 2024,PROYECTO,RECURSOS HIDRICOS,AGUAS LLUVIAS,EJECUCION,0,2025,LOS RIOS,,SECTORIAL,847830000.0,847.83,,166080.0,,Sin evaluación,False,DIRECCION DE OBRAS HIDRAULICAS MOP,False,2023,2025,847830000.0
40047519,40047519-0,CONSERVACION RED PRIMARIA DE AGUAS LLUVIAS REGION DE LOS LAGOS 2023 - 2024,PROYECTO,RECURSOS HIDRICOS,AGUAS LLUVIAS,EJECUCION,0,2025,LOS LAGOS,,SECTORIAL,899370000.0,899.37,,245029.0,,Sin evaluación,False,DIRECCION DE OBRAS HIDRAULICAS MOP,False,2023,2025,899370000.0
40047520,40047520-0,CONSERVACION RED PRIMARIA DE AGUAS LLUVIAS REGION DE AYSEN 2023 - 2025,PROYECTO,RECURSOS HIDRICOS,AGUAS LLUVIAS,EJECUCION,0,2026,AISEN DEL GENERAL CARLOS,,SECTORIAL,3356075000.0,3356.075,,81777.0,,Sin evaluación,False,DIRECCION DE OBRAS HIDRAULICAS MOP,False,2023,2026,3991163000.0
40047521,40047521-0,CONSERVACION RED PRIMARIA DE AGUAS LLUVIAS REGION DE MAGALLANES 2024 - 2025,PROYECTO,RECURSOS HIDRICOS,AGUAS LLUVIAS,EJECUCION,0,2025,MAGALLANES Y ANTARTICA,,SECTORIAL,1665386000.0,1665.386,,131592.0,,Sin evaluación,False,DIRECCION DE OBRAS HIDRAULICAS MOP,False,2023,2025,1665386000.0
40047565,40047565-0,CONSERVACION OBRAS DE CONTROL ALUVIONAL REGION DE TARAPACA 2023 - 2024,PROYECTO,RECURSOS HIDRICOS,"DEFENSAS FLUVIALES,MARITIMAS Y CAUCES NATURALES",PERFIL,0,2023,TARAPACA,,SECTORIAL,2631873000.0,2631.873,,2.0,,Sin evaluación,False,DIRECCION DE OBRAS HIDRAULICAS MOP,False,2023,2023,2631873000.0
40047568,40047568-0,CONSERVACION OBRAS DE CONTROL ALUVIONAL REGION METROPOLITANA 2023 - 2024,PROYECTO,RECURSOS HIDRICOS,"DEFENSAS FLUVIALES,MARITIMAS Y CAUCES NATURALES",PERFIL,0,2023,METROPOLITANA DE SANTIAGO,,SECTORIAL,2631873000.0,2631.873,,2.0,,Sin evaluación,False,DIRECCION DE OBRAS HIDRAULICAS MOP,False,2023,2023,2631873000.0
40047602,40047602-0,"CONSERVACION OBRAS DE REGADIO, SEQUÍA REGIÓN DE COQUIMBO 2023-2025",PROYECTO,RECURSOS HIDRICOS,RIEGO,PERFIL,0,2023,COQUIMBO,,SECTORIAL,41259290000.0,41259.29,,25000.0,,Sin evaluación,False,DIRECCION DE OBRAS HIDRAULICAS MOP,False,2023,2023,41259290000.0
40047604,40047604-0,"CONSERVACION DE EMERGENCIA OBRAS DE RIEGO POR ESCASEZ HIDRICA, REG.DE VALPARAISO 2023-2025",PROYECTO,RECURSOS HIDRICOS,RIEGO,PERFIL,0,2024,VALPARAISO,,SECTORIAL,97586281000.0,97586.281,,2.0,,Sin evaluación,False,DIRECCION DE OBRAS HIDRAULICAS MOP,False,2023,2024,97586281000.0
40047605,40047605-0,"CONSERVACION OBRAS DE REGADÍO, SEQUÍA REGIÓN DEL MAULE 2023-2025",PROYECTO,RECURSOS HIDRICOS,RIEGO,PERFIL,0,2023,L MAULE,,SECTORIAL,41633550000.0,41633.55,,1083322.0,,Sin evaluación,False,DIRECCION DE OBRAS HIDRAULICAS MOP,False,2023,2023,41633550000.0
40047650,40047650-0,"CONSTRUCCION SISTEMA DE AGUAS LLUVIAS SECTOR BOCA SUR, SAN PEDRO DE LA PAZ",PROYECTO,RECURSOS HIDRICOS,AGUAS LLUVIAS,PERFIL,0,2026,,SAN PEDRO DE LA PAZ,SECTORIAL,153637000.0,153.637,,23796.0,RS,Recomendado (RS),True,DIRECCION DE OBRAS HIDRAULICAS MOP REGION DEL BIO BIO,False,2023,2026,153637000.0
40047697,40047697-0,CONSERVACION DE SENDAS MULTIPROPÓSITOS Y CICLOVIAS EN RUTAS RM 2023,PROYECTO,TRANSPORTE,TRANSPORTE CAMINERO,EJECUCION,0,2025,METROPOLITANA DE SANTIAGO,,SECTORIAL,958001000.0,958.001,,20.0,,Sin evaluación,False,DIRECCION DE VIALIDAD MOP,False,2022,2025,3536260000.0
40047723,40047723-0,TRANSFERENCIA MEJORAMIENTO DE LA SEGURIDAD DE AGUA DE RIEGO PARA LOS AGRICULTORES DE ÑUBLE,PROGRAMA,RECURSOS NATURALES Y MEDIO AMBIENTE,AGRICULTURA,PERFIL,0,2023,ÑUBLE,,F.N.D.R.,5314984000.0,5314.984,7472841.8,378.0,,Sin evaluación,False,SEREMI AGRICULTURA REGION DE ÑUBLE,False,2023,2023,5314984000.0
40047742,40047742-0,"MEJORAMIENTO AREAS VERDES VILLA LOS NARANJOS, CHILLAN VIEJO",PROYECTO,VIVIENDA Y DESARROLLO URBANO,DESARROLLO URBANO,EJECUCION,0,2025,,CHILLAN VIEJO - REGION DE,F.N.D.R.,392638000.0,392.638,,6595.0,RS,Recomendado (RS),True,MUNICIPALIDAD DE CHILLAN VIEJO,False,2023,2025,392638000.0
40047748,40047748-0,"ADQUISICION CAMIONES RECOLECCIÓN SEGREGADA DE RSD Y BATEAS ALMACNJE DE RECICLAJE, CURARREHUE",PROYECTO,RECURSOS NATURALES Y MEDIO AMBIENTE,MEDIO AMBIENTE,PERFIL,0,2025,,CURARREHUE,F.N.D.R.,439041000.0,439.041,,7411.0,,Sin evaluación,False,MUNICIPALIDAD DE CURARREHUE,False,2024,2025,439041000.0
40047840,40047840-0,ADQUISICION DE SIETE CAMIONETAS DE PRIMER ATAQUE PARA EL COMBATE DE LOS INCENDIOS FORESTALES,PROYECTO,RECURSOS NATURALES Y MEDIO AMBIENTE,SILVICULTURA,PERFIL,0,2024,METROPOLITANA DE SANTIAGO,,F.N.D.R.,899640000.0,899.64,,4815849.0,,Sin evaluación,False,CORPORACION NACIONAL FORESTAL REGION METROPOLITANA DE SANTIAGO,False,2023,2024,899640000.0
40047877,40047877-0,ADQUISICION CONTENEDORES RSD PARA LA COMUNA DE LO ESPEJO,PROYECTO,RECURSOS NATURALES Y MEDIO AMBIENTE,MEDIO AMBIENTE,PERFIL,0,2023,,LO ESPEJO,F.N.D.R.,1417457000.0,1417.457,,94536.0,,Sin evaluación,False,MUNICIPALIDAD DE LO ESPEJO,False,2023,2023,1417457000.0
40047952,40047952-0,"CONSTRUCCION MURO DE CONTENCION VIVIENDAS COMITE LUZ DE ESPERANZA, VILLA ALEMANA",PROYECTO,VIVIENDA Y DESARROLLO URBANO,SOLUCION HABITACIONAL PARCIAL O COMPLEMENTARIA,PERFIL,0,2023,,VILLA ALEMANA,SECTORIAL,645512000.0,645.512,,96.0,FI,Falta información (FI),False,SEREMI VIVIENDA REGION DE VALPARAISO,False,2023,2023,645512000.0
40048013,40048013-0,CONSERVACION INFRAESTRUCTURA Y SERVICIOS COMPLEMENTARIOS TRANSPORTE PUBLICO MAULE,PROYECTO,TRANSPORTE,"TRANSPORTE URBANO,VIALIDAD PEATONAL",EJECUCION,0,2026,L MAULE,,SECTORIAL,325293000.0,325.293,,4987.0,,Sin evaluación,False,SUBSIDIO NACIONAL AL TRANSPORTE PUBLICO,False,2023,2026,325293000.0
40048078,40048078-0,CONSTRUCCION MUROS DE CONTENCION QUEBRADA BLANCA,PROYECTO,VIVIENDA Y DESARROLLO URBANO,DESARROLLO URBANO,PERFIL,0,2023,,IQUIQUE,F.N.D.R.,93956000.0,93.956,,1237.0,,Sin evaluación,False,MUNICIPALIDAD DE IQUIQUE,False,2023,2023,93956000.0
40048157,40048157-0,CONSERVACION AREAS DE ATENCION DE PUBLICO Y AISLACION TERMICA OIR SERVIU BIOBIO,PROYECTO,VIVIENDA Y DESARROLLO URBANO,DESARROLLO URBANO,EJECUCION,0,2024,,CONCEPCION,SECTORIAL,50195000.0,50.195,,90.0,,Sin evaluación,False,SEREMI VIVIENDA REGION DEL BIO BIO,False,2023,2024,50195000.0
40048195,40048195-0,CONSERVACION INFRAESTRUCTURA Y SERVICIOS COMPLEMENTARIOS TRANSPORTE PUBLICO TARAPACA,PROYECTO,TRANSPORTE,"TRANSPORTE URBANO,VIALIDAD PEATONAL",PERFIL,0,2023,TARAPACA,,SECTORIAL,2657490000.0,2657.49,,330530.0,,Sin evaluación,False,SUBSIDIO NACIONAL AL TRANSPORTE PUBLICO,False,2023,2023,2657490000.0
40048333,40048333-0,TRANSFERENCIA RESTAURACION Y MANEJO SUSTENTABLE DE ECOSISTEMAS BOSCOSOS,PROGRAMA,RECURSOS NATURALES Y MEDIO AMBIENTE,SILVICULTURA,EJECUCION,0,2024,AISEN DEL GENERAL CARLOS,,F.N.D.R.,3958495000.0,3958.495,4655683.62,346.0,,Sin evaluación,False,CORPORACION NACIONAL FORESTAL REGION DE AISEN DEL GENERAL CARLOS IBAÑEZ DEL CAMPO,False,2023,2024,3958495000.0
40048341,40048341-0,TRANSFERENCIA INNOVACIÓN EMPRESARIAL PARA EL DESARROLLO DE LA ECONOMÍA CIRCULAR,PROGRAMA,MULTISECTORIAL,INTERSUBSECTORIAL MULTISECTOR,PERFIL,0,2023,LA ARAUCANIA,,F.N.D.R.,3667338000.0,3667.338,5156259.49,120.0,,Sin evaluación,False,UNIVERSIDAD DE LA FRONTERA DE TEMUCO,False,2023,2023,3667338000.0
40048349,40048349-0,CONSTRUCCION CIERRE PERIMETRAL PARQUE URBANO COYHAIQUE,PROYECTO,VIVIENDA Y DESARROLLO URBANO,DESARROLLO URBANO,EJECUCION,0,2025,,COYHAIQUE,F.N.D.R.,191252000.0,191.252,,57828.0,,Sin evaluación,False,MUNICIPALIDAD DE COYHAIQUE,False,2023,2025,191252000.0
40048365,40048365-0,"MEJORAMIENTO AREA VERDE SAN JOSE DE QUICHARCO, COMUNA DE RAUCO",PROYECTO,VIVIENDA Y DESARROLLO URBANO,DESARROLLO URBANO,EJECUCION,0,2024,,RAUCO,F.N.D.R.,130347000.0,130.347,,25.0,,Sin evaluación,False,MUNICIPALIDAD DE RAUCO,False,2023,2024,130347000.0
40048370,40048370-0,"MEJORAMIENTO ÁREAS VERDES VILLA CORDILLERA, PARRAL",PROYECTO,VIVIENDA Y DESARROLLO URBANO,DESARROLLO URBANO,EJECUCION,0,2024,,PARRAL,F.N.D.R.,69337000.0,69.337,,855.0,,Sin evaluación,False,MUNICIPALIDAD DE PARRAL,False,2023,2024,72891000.0
40048420,40048420-0,TRANSFERENCIA CAMARA DE SIMULACION AGROCLIMATICA,PROGRAMA,RECURSOS NATURALES Y MEDIO AMBIENTE,AGRICULTURA,EJECUCION,0,2026,L LIBERTADOR GENERAL,,F.N.D.R.,230020000.0,230.02,260030.07,12.0,,Sin evaluación,False,GOBIERNO REGIONAL - REGION DEL LIBERTADOR GENERAL BERNARDO O'HIGGINS,False,2023,2026,260000000.0
40048436,40048436-0,TRANSFERENCIA DE ECONOMIA CIRCULAR APLICADO A BOTADEROS DE ESTÉRIL DEL DISTRITO MINERO 55,PROGRAMA,MINERIA,INTERSUBSECTORIAL MINERIA,EJECUCION,0,2025,L LIBERTADOR GENERAL,,F.N.D.R.,275979000.0,275.979,321088.76,68.0,,Sin evaluación,False,GOBIERNO REGIONAL - REGION DEL LIBERTADOR GENERAL BERNARDO O'HIGGINS,False,2023,2025,275979000.0
40048518,40048518-0,CONSERVACION ESTACIONES Y RECINTOS EFE,PROYECTO,TRANSPORTE,TRANSPORTE FERROVIARIO,EJECUCION,0,2026,,,EMPRESA,26422839000.0,26422.839,,6800000.0,,Sin evaluación,False,EMPRESA DE FERROCARRILES DEL ESTADO,False,2022,2026,26422839000.0
40048523,40048523-0,"CONSTRUCCION RELLENO SANITARIO DE RSDYA y RCD, COMUNA DE TALTAL",PROYECTO,RECURSOS NATURALES Y MEDIO AMBIENTE,MEDIO AMBIENTE,PERFIL,0,2026,,TALTAL,F.N.D.R.,272382000.0,272.382,,12097.0,RS,Recomendado (RS),True,MUNICIPALIDAD DE TALTAL,False,2023,2026,366183000.0
40048559,40048559-0,"CONSTRUCCION PUNTOS LIMPIOS SECTOR LA GRANJA Y SARMIENTO, CURICÓ",PROYECTO,RECURSOS NATURALES Y MEDIO AMBIENTE,MEDIO AMBIENTE,PERFIL,0,2026,,CURICO,F.N.D.R.,166677000.0,166.677,,5391.0,,Sin evaluación,False,MUNICIPALIDAD DE CURICO,False,2023,2026,168454000.0
40048573,40048573-0,CONSTRUCCION ÁREA VERDE POBLACIÓN DON SEBASTIÁN ETAPA 2 PARRAL,PROYECTO,VIVIENDA Y DESARROLLO URBANO,DESARROLLO URBANO,EJECUCION,0,2024,,PARRAL,F.N.D.R.,130119000.0,130.119,,631.0,,Sin evaluación,False,MUNICIPALIDAD DE PARRAL,False,2023,2024,130119000.0
40048576,40048576-0,"CONSTRUCCION Y MEJORAMIENTO ÁREAS VERDES, SAN CLEMENTE",PROYECTO,VIVIENDA Y DESARROLLO URBANO,DESARROLLO URBANO,EJECUCION,0,2024,,SAN CLEMENTE,F.N.D.R.,89957000.0,89.957,,1776.0,,Sin evaluación,False,MUNICIPALIDAD DE SAN CLEMENTE,False,2022,2024,89957000.0
40048614,40048614-0,TRANSFERENCIA EDUCACIÓN AMBIENTAL EN RECICLAJE Y GESTIÓN DE RESIDUOS DOMICILIARIOS.,PROGRAMA,RECURSOS NATURALES Y MEDIO AMBIENTE,MEDIO AMBIENTE,PERFIL,0,2023,LA ARAUCANIA,,F.N.D.R.,1498826000.0,1498.826,2107342.11,6400.0,,Sin evaluación,False,GOBIERNO REGIONAL - REGION DE LA ARAUCANIA,False,2023,2023,1498826000.0
40048616,40048616-0,CAPACITACION EDUCACIÓN AMBIENTAL EN RECICLAJE Y GESTIÓN DE RESIDUOS DOMICILIARIOS,PROGRAMA,RECURSOS NATURALES Y MEDIO AMBIENTE,MEDIO AMBIENTE,PERFIL,0,2023,LA ARAUCANIA,,F.N.D.R.,1410000000.0,1410.0,1982453.18,6400.0,,Sin evaluación,False,GOBIERNO REGIONAL - REGION DE LA ARAUCANIA,False,2022,2023,1410000000.0
40048621,40048621-0,"TRANSFERENCIA PILOTO EDUCACIÓN, GESTIÓN, Y VALORIZACIÓN RESIDUOS DOMICILIARIOS, TEMUCO",PROGRAMA,RECURSOS NATURALES Y MEDIO AMBIENTE,MEDIO AMBIENTE,PERFIL,0,2023,,TEMUCO,F.N.D.R.,1122413000.0,1122.413,1578107.25,1600.0,,Sin evaluación,False,GOBIERNO REGIONAL - REGION DE LA ARAUCANIA,False,2023,2023,1122413000.0
40048644,40048644-0,"TRANSFERENCIA PILOTO EDUCACIÓN, GESTIÓN Y VALORIZACIÓN RESIDUOS DOMICILIARIOS, TEMUCO",PROGRAMA,RECURSOS NATURALES Y MEDIO AMBIENTE,MEDIO AMBIENTE,PERFIL,0,2023,,TEMUCO,F.N.D.R.,1055896000.0,1055.896,1484584.67,1600.0,,Sin evaluación,False,GOBIERNO REGIONAL - REGION DE LA ARAUCANIA,False,2022,2023,1055896000.0
40048730,40048730-0,CONSERVACION RED SECUNDARIA DE AGUAS LLUVIAS ARAUCANÍA 2023 - 2024,PROYECTO,RECURSOS HIDRICOS,AGUAS LLUVIAS,EJECUCION,0,2024,LA ARAUCANIA,,SECTORIAL,334803000.0,334.803,,11996.0,,Sin evaluación,False,SEREMI VIVIENDA REGION DE LA ARAUCANIA,False,2023,2024,369471000.0
40048740,40048740-0,"CONSTRUCCION DE REFUGIOS PEATONALES CON ILUMINACIÓN SOLAR EN TRAFÚN, COMUNA DE RÍO BUENO",PROYECTO,MULTISECTORIAL,INTERSUBSECTORIAL MULTISECTOR,PERFIL,0,2024,,RIO BUENO - REGION XIV,F.N.D.R.,60000000.0,60.0,,211.0,,Sin evaluación,False,MUNICIPALIDAD DE RIO BUENO REGION DE LOS RIOS,False,2023,2024,60000000.0
40048770,40048770-0,CONSTRUCCION EXTENSIÓN LÍNEA 6 DE LA RED DE METRO S.A.,PROYECTO,TRANSPORTE,"TRANSPORTE URBANO,VIALIDAD PEATONAL",EJECUCION,0,2026,METROPOLITANA DE SANTIAGO,,EMPRESA,245116490000.0,245116.49,,89858.0,RS,Recomendado (RS),True,METRO S.A.,False,2023,2026,245116490000.0
40048776,40048776-0,TRANSFERENCIA PROGRAMA INTEGRAL DE RIEGO EN LA PEQUEÑA AGRICULTURA DE LA REGIÓN DEL MAULE 2023-2025,PROGRAMA,,,PERFIL,0,2025,L MAULE,,F.N.D.R.,4168021000.0,4168.021,4849299.02,1000.0,,Sin evaluación,False,INSTITUTO DESARROLLO AGROPECUARIO REGION DEL MAULE,False,2023,2025,4168021000.0
40048877,40048877-0,"HABILITACION CÁMARAS INSPECCIÓN RED ALCANTARILLADO Y AGUA POTABLE PATAGUAS,VILLA ALEGRE.",PROYECTO,VIVIENDA Y DESARROLLO URBANO,INTERSUBSECTORIAL VIVIENDA Y DESARROLLO URBANO,PERFIL,0,2023,,VILLA ALEGRE,F.N.D.R.,56384000.0,56.384,,186.0,,Sin evaluación,False,MUNICIPALIDAD DE VILLA ALEGRE,False,2023,2023,56384000.0
40048970,40048970-0,"ADQUISICION MAQUINARIAS PARA EL RECICLAJE, COMUNA DE SAN PEDRO",PROYECTO,RECURSOS NATURALES Y MEDIO AMBIENTE,MEDIO AMBIENTE,PERFIL,0,2023,,SAN PEDRO,F.N.D.R.,50430000.0,50.43,,10457.0,,Sin evaluación,False,MUNICIPALIDAD DE SAN PEDRO,False,2023,2023,50430000.0
40049018,40049018-0,TRANSFERENCIA DISEÑOS HIDROLOGICOS BASADOS EN LA NATURALEZA PARA USO EFICIENTE DEL AGUA,PROGRAMA,RECURSOS HIDRICOS,RECURSOS,PERFIL,0,2023,VALPARAISO,,F.N.D.R.,126449000.0,126.449,177786.68,17000.0,,Sin evaluación,False,GOBIERNO REGIONAL - REGION DE VALPARAISO,False,2023,2023,126449000.0
40049028,40049028-0,TRANSFERENCIA RECICLAJE DE PANELES SOLARES: ECONOMIA CIRCULAR Y SOSTENIBLE REGION,PROGRAMA,ENERGIA,INTERSUBSECTORIAL ENERGIA,PERFIL,0,2023,VALPARAISO,,F.N.D.R.,90000000.0,90.0,126539.56,100000.0,,Sin evaluación,False,GOBIERNO REGIONAL - REGION DE VALPARAISO,False,2023,2023,90000000.0
40049030,40049030-0,TRANSFERENCIA DESARROLLO DE TECNOLOGIAS PARA REUSO DE AGUAS GRISES ADAPTADAS SECTOR,PROGRAMA,RECURSOS HIDRICOS,INTERSUBSECTORIAL RECURSOS HIDRICOS,PERFIL,0,2023,VALPARAISO,,F.N.D.R.,100000000.0,100.0,140599.52,1000.0,,Sin evaluación,False,GOBIERNO REGIONAL - REGION DE VALPARAISO,False,2023,2023,100000000.0
40049038,40049038-0,TRANSFERENCIA CONFORMACION Y ACTIVACION ECOSISTEMA REGIONAL DE ECONOMIA CIRCULAR,PROGRAMA,MULTISECTORIAL,INTERSUBSECTORIAL MULTISECTOR,PERFIL,0,2023,VALPARAISO,,F.N.D.R.,90000000.0,90.0,126539.56,10000.0,,Sin evaluación,False,GOBIERNO REGIONAL - REGION DE VALPARAISO,False,2023,2023,90000000.0
40049242,40049242-0,"REPOSICION MINICARGADOR PARA CENTRO TRATAMIENTO INTEGRAL RSD, COMUNA DE FUTALEUFU",PROYECTO,RECURSOS NATURALES Y MEDIO AMBIENTE,MEDIO AMBIENTE,PERFIL,0,2024,,FUTALEUFU,F.N.D.R.,134549000.0,134.549,,3025.0,,Sin evaluación,False,MUNICIPALIDAD DE FUTALEUFU,False,2024,2024,134549000.0
40049348,40049348-0,"ADQUISICION CONTENEDORES DE RESIDUOS SOLIDOS DOMICILIARIOS, COMUNA DE LONGAVI",PROYECTO,RECURSOS NATURALES Y MEDIO AMBIENTE,MEDIO AMBIENTE,PERFIL,0,2026,,LONGAVI,F.N.D.R.,434889000.0,434.889,,33051.0,,Sin evaluación,False,MUNICIPALIDAD DE LONGAVI,False,2023,2026,434889000.0
40049360,40049360-0,"TRANSFERENCIA RESILIENCIA, SUSTENTABILIDAD Y VALORIZACIÓN DE LA RESERVA DE LA BIÓSFERA LSR-G",PROGRAMA,MULTISECTORIAL,INTERSUBSECTORIAL MULTISECTOR,EJECUCION,0,2025,AISEN DEL GENERAL CARLOS,,F.N.D.R.,105173000.0,105.173,122363.91,26860.0,,Sin evaluación,False,GOBIERNO REGIONAL - REGION DE AISEN DEL GENERAL CARLOS IBAÑEZ DEL CAMPO,False,2023,2025,105173000.0
40049389,40049389-0,CONSTRUCCION TREN REGION DE VALPARAISO - REGION METROPOLITANA,PROYECTO,TRANSPORTE,TRANSPORTE FERROVIARIO,PERFIL,0,2026,,,SECTORIAL,16407638000.0,16407.638,,10150288.0,RS,Recomendado (RS),True,DIRECCION GENERAL DE CONCESIONES DE OBRAS PUBLICAS,False,2023,2026,16407638000.0
40049532,40049532-0,"CONSTRUCCION CIERRE PERIMETRAL Y ÁREAS VERDES CEMENTERIO, COMUNA DE",PROYECTO,VIVIENDA Y DESARROLLO URBANO,DESARROLLO URBANO,PERFIL,0,2023,,PIRQUE,F.N.D.R.,184865000.0,184.865,,32015.0,,Sin evaluación,False,MUNICIPALIDAD DE PIRQUE,False,2023,2023,184865000.0
40049544,40049544-0,"ADQUISICION DE EQUIPO DE DESGASTE ONDULATORIO PARA LÍNEAS 4 Y 4A, METRO S.A.",PROYECTO,TRANSPORTE,"TRANSPORTE URBANO,VIALIDAD PEATONAL",EJECUCION,0,2025,METROPOLITANA DE SANTIAGO,,EMPRESA,116718000.0,116.718,,348060.0,RS,Recomendado (RS),True,METRO S.A.,False,2023,2025,116718000.0
40049558,40049558-0,ADQUISICION DE TRES BUSES ELÉCTRICOS PARA LA COMUNA DE ÑUÑOA,PROYECTO,TRANSPORTE,"TRANSPORTE URBANO,VIALIDAD PEATONAL",PERFIL,0,2025,,ÑUÑOA,F.N.D.R.,1364771000.0,1364.771,,208237.0,,Sin evaluación,False,MUNICIPALIDAD DE ÑUÑOA,False,2023,2025,1364771000.0
40049566,40049566-0,CONSTRUCCION PARQUE URBANO ESTERO DE VIÑA DEL MAR,PROYECTO,VIVIENDA Y DESARROLLO URBANO,DESARROLLO URBANO,PERFIL,0,2026,,VIÑA DEL MAR,SECTORIAL,8039291000.0,8039.291,,334248.0,RS,Recomendado (RS),True,SEREMI VIVIENDA REGION DE VALPARAISO,False,2024,2026,8039291000.0
40049635,40049635-0,"CONSTRUCCION PARQUE URBANO KAUKARI ETAPA 3B, CON REDISEÑO HIDRAULICO",PROYECTO,VIVIENDA Y DESARROLLO URBANO,DESARROLLO URBANO,PERFIL,0,2024,,COPIAPO,SECTORIAL,30006893000.0,30006.893,,153937.0,RS,Recomendado (RS),True,SEREMI VIVIENDA REGION DE ATACAMA,False,2023,2024,30006893000.0
40049657,40049657-0,"CONSERVACION CONSERVACION DE RIBERAS 2024, REGIÓN DE MAGALLANES Y DE LA ANTARTICA CHILENA",PROYECTO,RECURSOS HIDRICOS,"DEFENSAS FLUVIALES,MARITIMAS Y CAUCES NATURALES",PERFIL,0,2024,MAGALLANES Y ANTARTICA,,SECTORIAL,623068000.0,623.068,,150000.0,,Sin evaluación,False,DIRECCION DE OBRAS HIDRAULICAS MOP,False,2024,2024,623068000.0
40049659,40049659-0,CONSERVACION CONSERVACION RED PRIMARIA DE AGUAS LLUVIAS 2024 REGION DE MAGALLANES,PROYECTO,RECURSOS HIDRICOS,AGUAS LLUVIAS,PERFIL,0,2024,MAGALLANES Y ANTARTICA,,SECTORIAL,227699000.0,227.699,,120000.0,,Sin evaluación,False,DIRECCION DE OBRAS HIDRAULICAS MOP,False,2024,2024,227699000.0
40049695,40049695-0,"MEJORAMIENTO CICLOVIA PARQUE NACIONAL, COMUNA DE PIRQUE",PROYECTO,VIVIENDA Y DESARROLLO URBANO,DESARROLLO URBANO,PERFIL,0,2023,,PIRQUE,F.N.D.R.,185274000.0,185.274,,9911.0,,Sin evaluación,False,MUNICIPALIDAD DE PIRQUE,False,2023,2023,185274000.0
40049755,40049755-0,"CONSTRUCCION COLECTOR AGUAS LLUVIAS PUDETO 1, COMUNA DE ANCUD",PROYECTO,RECURSOS HIDRICOS,AGUAS LLUVIAS,PERFIL,0,2026,,ANCUD,SECTORIAL,308211000.0,308.211,,177.0,RS,Recomendado (RS),True,DIRECCION DE OBRAS HIDRAULICAS MOP REGION DE LOS LAGOS,False,2024,2026,308211000.0
40049756,40049756-0,"REPOSICION Y CONSTRUCCIÓN RED PRIMARIA DE SISTEMA QUEBRADA HONDA Y MIRADOR, PUERTO VARAS",PROYECTO,RECURSOS HIDRICOS,AGUAS LLUVIAS,DISEÑO,0,2026,,PUERTO VARAS,SECTORIAL,876625000.0,876.625,,2163.0,RS,Recomendado (RS),True,DIRECCION DE OBRAS HIDRAULICAS MOP REGION DE LOS LAGOS,False,2024,2026,876625000.0
40049763,40049763-0,CONSERVACION INFRAESTRUCTURA Y SERVICIOS COMPLEMENTARIOS TRANSPORTE PÚBLICO ARICA,PROYECTO,TRANSPORTE,"TRANSPORTE URBANO,VIALIDAD PEATONAL",PERFIL,0,2023,ARICA Y PARINACOTA,,SECTORIAL,2000000000.0,2000.0,,226068.0,,Sin evaluación,False,SUBSIDIO NACIONAL AL TRANSPORTE PUBLICO,False,2023,2023,2000000000.0
40049766,40049766-0,CONSERVACION INFRAESTRUCTURA Y SERVICIOS COMPLEMENTARIOS TRANSPORTE PÚBLICO ANTOFAGASTA,PROYECTO,TRANSPORTE,"TRANSPORTE URBANO,VIALIDAD PEATONAL",PERFIL,0,2023,ANTOFAGASTA,,SECTORIAL,2000000000.0,2000.0,,607534.0,,Sin evaluación,False,SUBSIDIO NACIONAL AL TRANSPORTE PUBLICO,False,2023,2023,2000000000.0
40049775,40049775-0,CONSERVACION INFRAESTRUCTURA Y SERVICIOS COMPLEMENTARIOS TRANSPORTE PÚBLICO ATACAMA,PROYECTO,TRANSPORTE,"TRANSPORTE URBANO,VIALIDAD PEATONAL",PERFIL,0,2023,ATACAMA,,SECTORIAL,2000000000.0,2000.0,,286168.0,,Sin evaluación,False,SUBSIDIO NACIONAL AL TRANSPORTE PUBLICO,False,2023,2023,2000000000.0
40049779,40049779-0,CONSERVACION INFRAESTRUCTURA Y SERVICIOS COMPLEMENTARIOS TRANSPORTE PÚBLICO COQUIMBO,PROYECTO,TRANSPORTE,"TRANSPORTE URBANO,VIALIDAD PEATONAL",PERFIL,0,2023,COQUIMBO,,SECTORIAL,2000000000.0,2000.0,,757586.0,,Sin evaluación,False,SUBSIDIO NACIONAL AL TRANSPORTE PUBLICO,False,2023,2023,2000000000.0
40049787,40049787-0,CONSERVACION INFRAESTRUCTURA Y SERVICIOS COMPLEMENTARIOS TRANSPORTE PÚBLICO RM,PROYECTO,TRANSPORTE,"TRANSPORTE URBANO,VIALIDAD PEATONAL",PERFIL,0,2023,METROPOLITANA DE SANTIAGO,,SECTORIAL,2000000000.0,2000.0,,7112801.0,,Sin evaluación,False,SUBSIDIO NACIONAL AL TRANSPORTE PUBLICO,False,2023,2023,2000000000.0
40049826,40049826-0,CONSERVACION INFRAESTRUCTURA Y SERVICIOS COMPLEMENTARIOS TRANSPORTE PÚBLICO O HIGGINS,PROYECTO,TRANSPORTE,"TRANSPORTE URBANO,VIALIDAD PEATONAL",PERFIL,0,2023,L LIBERTADOR GENERAL,,SECTORIAL,2000000000.0,2000.0,,624378.0,,Sin evaluación,False,SUBSIDIO NACIONAL AL TRANSPORTE PUBLICO,False,2023,2023,2000000000.0
40049934,40049934-0,REPOSICION DEL SISTEMA DE LÓGICA DE TRACCIÓN DE LÍNEA 1 DE LA RED DE METRO S.A.,PROYECTO,TRANSPORTE,"TRANSPORTE URBANO,VIALIDAD PEATONAL",EJECUCION,0,2026,METROPOLITANA DE SANTIAGO,,EMPRESA,13025489000.0,13025.489,,985192.0,RS,Recomendado (RS),True,METRO S.A.,False,2023,2026,13025489000.0
40049961,40049961-0,TRANSFERENCIA EMERGENCIA CONTINUIDAD SERVICIO APR LAGUNA BLANCA,PROGRAMA,RECURSOS HIDRICOS,RECURSOS,PERFIL,0,2023,,LAGUNA BLANCA,F.N.D.R.,227592000.0,227.592,319993.25,274.0,,Sin evaluación,False,MUNICIPALIDAD DE LAGUNA BLANCA,False,2023,2023,227592000.0
40049982,40049982-0,TRANSFERENCIA PREVENCIÓN Y CONTROL DE LA ESCASEZ HÍDRICA A TRAVÉS DE EHL EN LA REGIÓN DEL,PROGRAMA,RECURSOS HIDRICOS,RECURSOS,PERFIL,0,2023,L MAULE,,F.N.D.R.,309000000.0,309.0,434452.51,2000.0,,Sin evaluación,False,CORPORACION DE FOMENTO DE LA PRODUCCION,False,2023,2023,309000000.0
40050002,40050002-0,"CONSTRUCCION PUNTO LIMPIO, EL BOSQUE",PROYECTO,RECURSOS NATURALES Y MEDIO AMBIENTE,MEDIO AMBIENTE,PERFIL,0,2023,,EL BOSQUE,F.N.D.R.,183512000.0,183.512,,27054.0,,Sin evaluación,False,MUNICIPALIDAD DE EL BOSQUE,False,2023,2023,183512000.0
40050099,40050099-0,ADQUISICION DE 3 BUSES ELECTRICOS PARA LA COMUNA DE EL BOSQUE,PROYECTO,TRANSPORTE,"TRANSPORTE URBANO,VIALIDAD PEATONAL",PERFIL,0,2024,,EL BOSQUE,F.N.D.R.,813889000.0,813.889,,12539.0,,Sin evaluación,False,MUNICIPALIDAD DE EL BOSQUE,False,2023,2024,813889000.0
40050278,40050278-0,"CONSTRUCCION AREA VERDE LAS PARCELAS, COMUNA DE PEÑALOLEN",PROYECTO,VIVIENDA Y DESARROLLO URBANO,DESARROLLO URBANO,PERFIL,0,2023,,PEÑALOLEN,F.N.D.R.,171729000.0,171.729,,4810.0,,Sin evaluación,False,MUNICIPALIDAD DE PEÑALOLEN,False,2023,2023,171729000.0
40050321,40050321-0,"MEJORAMIENTO AREA VERDE LOS VERDULEROS, PEÑALOLÉN",PROYECTO,VIVIENDA Y DESARROLLO URBANO,DESARROLLO URBANO,PERFIL,0,2023,,PEÑALOLEN,F.N.D.R.,185307000.0,185.307,,3254.0,,Sin evaluación,False,MUNICIPALIDAD DE PEÑALOLEN,False,2023,2023,185307000.0
40050323,40050323-0,"MEJORAMIENTO AREA VERDE SAN ANDRES, PEÑALOLÉN",PROYECTO,VIVIENDA Y DESARROLLO URBANO,DESARROLLO URBANO,PERFIL,0,2023,,PEÑALOLEN,F.N.D.R.,110403000.0,110.403,,3194.0,,Sin evaluación,False,MUNICIPALIDAD DE PEÑALOLEN,False,2023,2023,110403000.0
40050326,40050326-0,MEJORAMIENTO DE PAVIMENTO Y ÁREA VERDE RIO DOURO CON FEDERICO ERRAZURIZ COMUNA DE CERRO NAVIA,PROYECTO,VIVIENDA Y DESARROLLO URBANO,DESARROLLO URBANO,PERFIL,0,2023,,CERRO NAVIA,F.N.D.R.,183612000.0,183.612,,9546.0,,Sin evaluación,False,MUNICIPALIDAD DE CERRO NAVIA,False,2023,2023,183612000.0
40050369,40050369-0,"MEJORAMIENTO DE ÁREA VERDE ORLANDO LETELIER ESQUINA LAS PERDICES, PEÑALOLÉN",PROYECTO,VIVIENDA Y DESARROLLO URBANO,DESARROLLO URBANO,PERFIL,0,2023,,PEÑALOLEN,F.N.D.R.,185296000.0,185.296,,7658.0,,Sin evaluación,False,MUNICIPALIDAD DE PEÑALOLEN,False,2023,2023,185296000.0
40050371,40050371-0,CONSERVACION PROTECCIÓN COSTERA SAN JUAN COMUNA DE DALCAHUE,PROYECTO,VIVIENDA Y DESARROLLO URBANO,"BORDE COSTERO,PASEOS PEATONALES, PLAYAS",PERFIL,0,2024,,DALCAHUE,SECTORIAL,621619000.0,621.619,,16294.0,,Sin evaluación,False,OBRAS PORTUARIAS MOP REGION DE LOS LAGOS,False,2024,2024,621619000.0
40050376,40050376-0,CONSERVACION PROTECCIÓN COSTERA BARRIO INDUSTRIAL COMUNA DE QUELLÓN,PROYECTO,VIVIENDA Y DESARROLLO URBANO,"BORDE COSTERO,PASEOS PEATONALES, PLAYAS",EJECUCION,0,2026,,QUELLON,SECTORIAL,1134805000.0,1134.805,,31864.0,,Sin evaluación,False,OBRAS PORTUARIAS MOP REGION DE LOS LAGOS,False,2024,2026,1302496000.0
40050402,40050402-0,CONSERVACION PROTECCIÓN COSTERA SECTOR ESTERO QUEILEN COMUNA DE QUEILEN,PROYECTO,VIVIENDA Y DESARROLLO URBANO,"BORDE COSTERO,PASEOS PEATONALES, PLAYAS",PERFIL,0,2025,,QUEILEN,SECTORIAL,696477000.0,696.477,,62.0,,Sin evaluación,False,OBRAS PORTUARIAS MOP REGION DE LOS LAGOS,False,2025,2025,696477000.0
40050403,40050403-0,"CONSERVACION PROTECCIÓN COSTERA SECTOR CHULLEC, COMUNA DE CURACO DE",PROYECTO,VIVIENDA Y DESARROLLO URBANO,"BORDE COSTERO,PASEOS PEATONALES, PLAYAS",PERFIL,0,2025,,CURACO DE VELEZ,SECTORIAL,739645000.0,739.645,,4261.0,,Sin evaluación,False,OBRAS PORTUARIAS MOP REGION DE LOS LAGOS,False,2025,2025,739645000.0
40050409,40050409-0,"MEJORAMIENTO ESTABILIZACIÓN DE TALUDES RUTA L-45, SECTOR EL PEÑASCO - LOS HUALLES",PROYECTO,TRANSPORTE,TRANSPORTE CAMINERO,PERFIL,0,2025,,,SECTORIAL,771035000.0,771.035,,468660.0,RS,Recomendado (RS),True,VIALIDAD MOP REGION DEL MAULE,False,2024,2025,771035000.0
40050604,40050604-0,CONSTRUCCION SERVICIOS FERROVIARIOS DE PASAJEROS ENTRE LAS REGIONES DE O'HIGGINS Y ÑUBLE,PROYECTO,TRANSPORTE,TRANSPORTE FERROVIARIO,PREFACTIBILIDAD,0,2025,,,EMPRESA,921206000.0,921.206,,1517384.0,RS,Recomendado (RS),True,EMPRESA DE FERROCARRILES DEL ESTADO,False,2023,2025,921206000.0
40050625,40050625-0,ADQUISICION DE EQUIPOS PARA GRAN REVISIÓN DE TRENES NS-04 Y NS-16 TALLER NEPTUNO METRO S.A.,PROYECTO,TRANSPORTE,"TRANSPORTE URBANO,VIALIDAD PEATONAL",EJECUCION,0,2026,METROPOLITANA DE SANTIAGO,,EMPRESA,1977236000.0,1977.236,,849364.0,RS,Recomendado (RS),True,METRO S.A.,False,2023,2026,4173255000.0
40050772,40050772-0,RECUPERACION HUMEDALES DE SIGNIFICADO CULTURAL PARA USO PRODUCTIVO EN ADIS BIOBÍO Y,PROGRAMA,,,PERFIL,0,2024,,,SECTORIAL,842840000.0,842.84,991284.92,3822.0,RS,Recomendado (RS),True,COMISION NACIONAL DE RIEGO,False,2023,2024,842840000.0
40050964,40050964-0,"MEJORAMIENTO AREAS VERDES CHILE ESPAÑA; PLAZA ARMENIA Y PLAZA BOMBEROS, COMUNA DE ÑUÑOA",PROYECTO,VIVIENDA Y DESARROLLO URBANO,DESARROLLO URBANO,PERFIL,0,2023,,ÑUÑOA,F.N.D.R.,136133000.0,136.133,,47429.0,,Sin evaluación,False,MUNICIPALIDAD DE ÑUÑOA,False,2023,2023,136133000.0
40050970,40050970-0,"MEJORAMIENTO AREAS VERDES LA CALERA - EL TOTORAL, COMUNA DE ÑUÑOA",PROYECTO,VIVIENDA Y DESARROLLO URBANO,DESARROLLO URBANO,PERFIL,0,2023,,ÑUÑOA,F.N.D.R.,179525000.0,179.525,,8762.0,,Sin evaluación,False,MUNICIPALIDAD DE ÑUÑOA,False,2023,2023,179525000.0
40050972,40050972-0,MEJORAMIENTO AREA VERDE BORDE NORTE BARRIO LA OBRA I Y II COMUNA DE PUENTE ALTO,PROYECTO,VIVIENDA Y DESARROLLO URBANO,DESARROLLO URBANO,PERFIL,0,2025,,PUENTE ALTO,F.N.D.R.,157805000.0,157.805,,1655.0,,Sin evaluación,False,MUNICIPALIDAD DE PUENTE ALTO,False,2023,2025,157805000.0
40050976,40050976-0,"MEJORAMIENTO AREAS VERDES VILLA LOS JARDINES Y VILLA LO PLAZA, NUNOA",PROYECTO,VIVIENDA Y DESARROLLO URBANO,DESARROLLO URBANO,PERFIL,0,2023,,ÑUÑOA,F.N.D.R.,140360000.0,140.36,,10735.0,,Sin evaluación,False,MUNICIPALIDAD DE ÑUÑOA,False,2023,2023,140360000.0
40050990,40050990-0,"CONSTRUCCION OBRAS DE CONTROL ALUVIONAL EN QUEBRADA BONILLA, ANTOFAGASTA",PROYECTO,RECURSOS HIDRICOS,"DEFENSAS FLUVIALES,MARITIMAS Y CAUCES NATURALES",EJECUCION,0,2026,,ANTOFAGASTA,SECTORIAL,12496775000.0,12496.775,,12220.0,RS,Recomendado (RS),True,DIRECCION DE OBRAS HIDRAULICAS MOP REGION DE ANTOFAGASTA,False,2024,2026,12496775000.0
40051003,40051003-0,"MEJORAMIENTO DE AREAS VERDES EN DISTINTOS SECTORES, COMUNA DE YUNGAY",PROYECTO,VIVIENDA Y DESARROLLO URBANO,DESARROLLO URBANO,PERFIL,0,2024,,YUNGAY - REGION DE ÑUBLE,F.N.D.R.,112922000.0,112.922,,17787.0,,Sin evaluación,False,MUNICIPALIDAD DE YUNGAY,False,2023,2024,166550000.0
40051046,40051046-0,"MEJORAMIENTO DE PAVIMENTO Y ÁREA VERDE EN RESBALÓN CON ANKARA SUR, COMUNA DE CERRO NAVIA",PROYECTO,VIVIENDA Y DESARROLLO URBANO,DESARROLLO URBANO,PERFIL,0,2023,,CERRO NAVIA,F.N.D.R.,181906000.0,181.906,,200.0,,Sin evaluación,False,MUNICIPALIDAD DE CERRO NAVIA,False,2023,2023,181906000.0
40051049,40051049-0,"MEJORAMIENTO DE PAVIMENTO Y ÁREAS VERDES 2 PLAZAS SORTILEGIO, COMUNA DE CERRO NAVIA",PROYECTO,VIVIENDA Y DESARROLLO URBANO,DESARROLLO URBANO,PERFIL,0,2023,,CERRO NAVIA,F.N.D.R.,149717000.0,149.717,,200.0,,Sin evaluación,False,MUNICIPALIDAD DE CERRO NAVIA,False,2023,2023,149717000.0
40051083,40051083-0,"REPOSICION Y ADQUISICION DE DOS CAMIONES RECOLECTORES DE RSD Y CONTENEDORES, ALTO BIOBIO",PROYECTO,RECURSOS NATURALES Y MEDIO AMBIENTE,MEDIO AMBIENTE,PERFIL,0,2024,,ALTO BIO BIO,F.N.D.R.,435159000.0,435.159,,5923.0,,Sin evaluación,False,MUNICIPALIDAD DE ALTO BIO BIO,False,2023,2024,435159000.0
40051161,40051161-0,"MEJORAMIENTO MEJORAMIENTO E INSTALACIÓN LUMINARIA LED 2023 DIVERSOS SECTORES,COMUNA CURACAVÍ",PROYECTO,ENERGIA,ALUMBRADO PUBLICO,PERFIL,0,2023,,CURACAVI,F.N.D.R.,165705000.0,165.705,,33000.0,,Sin evaluación,False,MUNICIPALIDAD DE CURACAVI,False,2023,2023,165705000.0
40051163,40051163-0,TRANSFERENCIA PREVENCIÓN Y CONTROL DE LA ESCASEZ HÍDRICA A TRAVÉS DE EHL EN LA REGIÓN DE,PROGRAMA,RECURSOS HIDRICOS,RECURSOS,PERFIL,0,2024,ÑUBLE,,F.N.D.R.,319489000.0,319.489,375758.89,82920.0,,Sin evaluación,False,CORPORACION DE FOMENTO DE LA PRODUCCION,False,2023,2024,319489000.0
40051234,40051234-0,"MEJORAMIENTO DE PAVIMENTO Y ÁREA VERDE DIAGONAL RENY - SALVADOR GUTIÉRREZ, COMUNA CERRO NAVIA",PROYECTO,VIVIENDA Y DESARROLLO URBANO,DESARROLLO URBANO,PERFIL,0,2023,,CERRO NAVIA,F.N.D.R.,184502000.0,184.502,,200.0,,Sin evaluación,False,MUNICIPALIDAD DE CERRO NAVIA,False,2023,2023,184502000.0
40051235,40051235-0,"MEJORAMIENTO ÁREA VERDE VILLA INDEPENDIENTE, COMUNA DE PADRE HURTADO",PROYECTO,VIVIENDA Y DESARROLLO URBANO,DESARROLLO URBANO,PERFIL,0,2023,,PADRE HURTADO,F.N.D.R.,185097000.0,185.097,,3070.0,,Sin evaluación,False,MUNICIPALIDAD DE PADRE HURTADO,False,2023,2023,185097000.0
40051238,40051238-0,"HABILITACION CICLORUTA AVDA ARGENTINA, COMUNA DE MAIPU",PROYECTO,TRANSPORTE,"TRANSPORTE URBANO,VIALIDAD PEATONAL",PERFIL,0,2023,,MAIPU,F.N.D.R.,173053000.0,173.053,,49783.0,,Sin evaluación,False,MUNICIPALIDAD DE MAIPU,False,2023,2023,173053000.0
40051239,40051239-0,"HABILITACION CICLOVIA ALBERTO LLONA-CHACABUCO, COMUNA DE MAIPU",PROYECTO,TRANSPORTE,"TRANSPORTE URBANO,VIALIDAD PEATONAL",PERFIL,0,2023,,MAIPU,F.N.D.R.,125940000.0,125.94,,9000.0,,Sin evaluación,False,MUNICIPALIDAD DE MAIPU,False,2023,2023,125940000.0
40051387,40051387-0,"MEJORAMIENTO AREA VERDE SALVADOR ALLENDE, COMUNA DE HUECHURABA",PROYECTO,VIVIENDA Y DESARROLLO URBANO,DESARROLLO URBANO,PERFIL,0,2023,,HUECHURABA,F.N.D.R.,184607000.0,184.607,,4707.0,,Sin evaluación,False,MUNICIPALIDAD DE HUECHURABA,False,2023,2023,184607000.0
40051402,40051402-0,"CONSTRUCCION ZARPA ENTRE CICLOVÍA Y RUTA G-730, COMUNA DE MARIA PINTO",PROYECTO,TRANSPORTE,"TRANSPORTE URBANO,VIALIDAD PEATONAL",PERFIL,0,2024,,MARIA PINTO,F.N.D.R.,184365000.0,184.365,,15132.0,,Sin evaluación,False,MUNICIPALIDAD DE MARIA PINTO,False,2023,2024,184365000.0
40051470,40051470-0,"MEJORAMIENTO ESPACIO PUBLICO AREA VERDE LINQUIL, COMUNA DE SAN JOAQUIN",PROYECTO,VIVIENDA Y DESARROLLO URBANO,DESARROLLO URBANO,PERFIL,0,2024,,SAN JOAQUIN,F.N.D.R.,153105000.0,153.105,,939.0,,Sin evaluación,False,MUNICIPALIDAD DE SAN JOAQUIN,False,2023,2024,160578000.0
40051493,40051493-0,"INSTALACION DE TACHAS SOLARES EN CRUCES PEATONALES Y DE CICLOVIAS, COMUNA DE MARIA PINTO",PROYECTO,TRANSPORTE,"TRANSPORTE URBANO,VIALIDAD PEATONAL",PERFIL,0,2024,,MARIA PINTO,F.N.D.R.,104810000.0,104.81,,15131.0,,Sin evaluación,False,MUNICIPALIDAD DE MARIA PINTO,False,2023,2024,104810000.0
40051516,40051516-0,"CONSTRUCCION AREA VERDE MERCADO MUNICIPAL, COMUNA DE GORBEA",PROYECTO,VIVIENDA Y DESARROLLO URBANO,DESARROLLO URBANO,PERFIL,0,2026,,GORBEA,F.N.D.R.,40000000.0,40.0,,920.0,,Sin evaluación,False,MUNICIPALIDAD DE GORBEA,False,2023,2026,40000000.0
40051548,40051548-0,"CONSTRUCCION CENTRO VALORIZACIÓN Y TRANSFERENCIA RSD, ASOC. PUCHUNCAVÍ- QUINTERO, PUCHUNCAVÍ",PROYECTO,RECURSOS NATURALES Y MEDIO AMBIENTE,MEDIO AMBIENTE,DISEÑO,0,2025,,PUCHUNCAVI,F.N.D.R.,375522000.0,375.522,,56526.0,RS,Recomendado (RS),True,MUNICIPALIDAD DE PUCHUNCAVI,False,2023,2025,375522000.0
40051572,40051572-0,"MEJORAMIENTO LUMINARIAS EXISTENTES A TECNOLOGIA LED PLAZAS TIPICAS, COMUNA DE SAN BERNARDO",PROYECTO,ENERGIA,ALUMBRADO PUBLICO,PERFIL,0,2025,,SAN BERNARDO,F.N.D.R.,196700000.0,196.7,,5156.0,,Sin evaluación,False,MUNICIPALIDAD DE SAN BERNARDO,False,2023,2025,190004281000.0
40051574,40051574-0,"MEJORAMIENTO LUMINARIAS EXISTENTES A TECNOLOGIA LED GRANDES PARQUES, COMUNA DE SAN BERNARDO",PROYECTO,ENERGIA,ALUMBRADO PUBLICO,PERFIL,0,2025,,SAN BERNARDO,F.N.D.R.,192988000.0,192.988,,4186.0,,Sin evaluación,False,MUNICIPALIDAD DE SAN BERNARDO,False,2023,2025,184118158000.0
40051605,40051605-0,"CONSTRUCCION AREAS VERDES Y EQUIPAMIENTO PARQUE PADRE HURTADO, CURACAVI.",PROYECTO,VIVIENDA Y DESARROLLO URBANO,DESARROLLO URBANO,PERFIL,0,2023,,CURACAVI,F.N.D.R.,185307000.0,185.307,,33000.0,,Sin evaluación,False,MUNICIPALIDAD DE CURACAVI,False,2023,2023,185307000.0
40051606,40051606-0,"CONSTRUCCION AREAS VERDES Y EQUIPAMIENTO PARQUE LAS RITAS, CURACAVI.",PROYECTO,VIVIENDA Y DESARROLLO URBANO,DESARROLLO URBANO,PERFIL,0,2024,,CURACAVI,F.N.D.R.,191791000.0,191.791,,33000.0,,Sin evaluación,False,MUNICIPALIDAD DE CURACAVI,False,2023,2024,191791000.0
40051608,40051608-0,"MEJORAMIENTO ESPACIO PUBLICO AREAS VERDES VARAS MENA Y PLAZA HAYDN, COMUNA DE SAN JOAQUIN",PROYECTO,VIVIENDA Y DESARROLLO URBANO,DESARROLLO URBANO,PERFIL,0,2026,,SAN JOAQUIN,F.N.D.R.,208413000.0,208.413,,3000.0,,Sin evaluación,False,MUNICIPALIDAD DE SAN JOAQUIN,False,2023,2026,208413000.0
40051637,40051637-0,ADQUISICION PARTIDORAS Y PICADORAS DE LEÑA,PROYECTO,RECURSOS NATURALES Y MEDIO AMBIENTE,SILVICULTURA,PERFIL,0,2023,AISEN DEL GENERAL CARLOS,,F.N.D.R.,93498000.0,93.498,,8353.0,,Sin evaluación,False,CORPORACION NACIONAL FORESTAL REGION DE AISEN DEL GENERAL CARLOS IBAÑEZ DEL CAMPO,False,2023,2023,93498000.0
40051791,40051791-0,"REPOSICION CAMIÓN RECOLECTOR DE RESIDUOS SÓLIDOS DOMICILIARIOS, NINHUE",PROYECTO,RECURSOS NATURALES Y MEDIO AMBIENTE,MEDIO AMBIENTE,PERFIL,0,2024,,NINHUE - REGION DE ÑUBLE,F.N.D.R.,158721000.0,158.721,,5213.0,,Sin evaluación,False,MUNICIPALIDAD DE NINHUE,False,2023,2024,158721000.0
40051859,40051859-0,"NORMALIZACION Y MEJ. DE RUTAS PEATONALES ENTORNO ESTAC. INTERMODAL LOS LIBERTADORES, QUILICURA",PROYECTO,TRANSPORTE,"TRANSPORTE URBANO,VIALIDAD PEATONAL",PERFIL,0,2026,,,SECTORIAL,293667000.0,293.667,,25471.0,RS,Recomendado (RS),True,SEREMI VIVIENDA REGION METROPOLITANA DE SANTIAGO,False,2025,2026,293667000.0
40051997,40051997-0,"NORMALIZACION REDES DE AGUA POTABLE, SECTOR ELENA CAFFARENA COMUNA IQUIQUE",PROYECTO,VIVIENDA Y DESARROLLO URBANO,SOLUCION HABITACIONAL PARCIAL O COMPLEMENTARIA,EJECUCION,0,2025,,IQUIQUE,F.N.D.R.,131438000.0,131.438,,49.0,RS,Recomendado (RS),True,SEREMI VIVIENDA REGION DE TARAPACA,False,2023,2025,131438000.0
40052000,40052000-0,CONSERVACION INFRAESTRUCTURA Y SERVICIOS COMPLEMENTARIOS TRANSPORTE PÚBLICO CHILLAN,PROYECTO,TRANSPORTE,"TRANSPORTE URBANO,VIALIDAD PEATONAL",PERFIL,0,2023,ÑUBLE,,F.N.D.R.,585190000.0,585.19,,201523.0,,Sin evaluación,False,SUBSIDIO NACIONAL AL TRANSPORTE PUBLICO,False,2023,2023,585190000.0
40052037,40052037-0,"REPOSICION Y ADQUISICIÓN DE CONTENEDORES PARA RETIRO DE RSD, COMUNA DE CHONCHI",PROYECTO,RECURSOS NATURALES Y MEDIO AMBIENTE,MEDIO AMBIENTE,PERFIL,0,2025,,CHONCHI,F.N.D.R.,94858000.0,94.858,,16500.0,,Sin evaluación,False,MUNICIPALIDAD DE CHONCHI,False,2025,2025,94858000.0
40052153,40052153-0,CONSTRUCCION CICLOVÍA REQUINOA - LOS LIRIOS,PROYECTO,TRANSPORTE,"TRANSPORTE URBANO,VIALIDAD PEATONAL",PERFIL,0,2024,,REQUINOA,F.N.D.R.,45149000.0,45.149,,6585.0,,Sin evaluación,False,MUNICIPALIDAD DE REQUINOA,False,2024,2024,45149000.0
40052253,40052253-0,TRANSFERENCIA GESTIÓN RESIDUAL PARA LA PRODUCCIÓN,PROGRAMA,ENERGIA,INTERSUBSECTORIAL ENERGIA,PERFIL,0,2025,,LOS LAGOS - REGION XIV,F.N.D.R.,177946000.0,177.946,207031.91,20.0,,Sin evaluación,False,MUNICIPALIDAD DE LOS LAGOS REGION DE LOS RIOS,False,2024,2025,177946000.0
40052268,40052268-0,"REPOSICION BODEGAS DE RECICLAJE, TORTEL",PROYECTO,RECURSOS NATURALES Y MEDIO AMBIENTE,MEDIO AMBIENTE,PERFIL,0,2025,,TORTEL,F.N.D.R.,152317000.0,152.317,,520.0,,Sin evaluación,False,MUNICIPALIDAD DE TORTEL,False,2023,2025,152317000.0
40052854,40052854-0,CONSTRUCCION CICLOVIA AV. URUGUAY - DESDE AV LIBERTADOR BERNADO O'HIGGINS CON EDMUNDO CABEZAS,PROYECTO,TRANSPORTE,"TRANSPORTE URBANO,VIALIDAD PEATONAL",PERFIL,0,2024,,RANCAGUA,SECTORIAL,120576000.0,120.576,,4585.0,,Sin evaluación,False,SEREMI VIVIENDA REGION DEL LIBERTADOR GENERAL BERNARDO O'HIGGINS,False,2024,2024,120576000.0
40053021,40053021-0,CONSTRUCCION PARQUE URBANO PUH PUNTA ARENAS,PROYECTO,VIVIENDA Y DESARROLLO URBANO,DESARROLLO URBANO,PERFIL,0,2026,,PUNTA ARENAS,SECTORIAL,7665505000.0,7665.505,,138470.0,RS,Recomendado (RS),True,SEREMI VIVIENDA REGION DE MAGALLANES Y ANTARTICA CHILENA,False,2024,2026,7665505000.0
40053077,40053077-0,"ADQUISICION DE CAMION COMPACTADOR DE RSD PARA DEPARTAMENTO DE MEDIO AMBIENTE, COMUNA DE DALC",PROYECTO,RECURSOS NATURALES Y MEDIO AMBIENTE,MEDIO AMBIENTE,PERFIL,0,2025,,DALCAHUE,F.N.D.R.,156378000.0,156.378,,13762.0,,Sin evaluación,False,MUNICIPALIDAD DE DALCAHUE,False,2024,2025,156378000.0
40053086,40053086-0,CONSERVACION REDES SECUNDARIAS AGUAS LLUVIAS 2024-2025,PROYECTO,RECURSOS HIDRICOS,AGUAS LLUVIAS,EJECUCION,0,2025,LOS LAGOS,,SECTORIAL,889732000.0,889.732,,200000.0,,Sin evaluación,False,SEREMI VIVIENDA REGION DE LOS LAGOS,False,2024,2025,889732000.0
40053191,40053191-0,CONSERVACION INFRAESTRUCTURA SANITARIA RM 2024 - 2025,PROYECTO,VIVIENDA Y DESARROLLO URBANO,INTERSUBSECTORIAL VIVIENDA Y DESARROLLO URBANO,EJECUCION,0,2026,METROPOLITANA DE SANTIAGO,,SECTORIAL,2484191000.0,2484.191,,4000000.0,,Sin evaluación,False,SEREMI VIVIENDA REGION METROPOLITANA DE SANTIAGO,False,2024,2026,2872368000.0
40053208,40053208-0,"ADQUISICION 3 CAMIONES PARA RSD Y 1 CAMION AMPLIROLL, LONCOCHE",PROYECTO,RECURSOS NATURALES Y MEDIO AMBIENTE,MEDIO AMBIENTE,PERFIL,0,2025,,LONCOCHE,F.N.D.R.,828649000.0,828.649,,15780.0,,Sin evaluación,False,MUNICIPALIDAD DE LONCOCHE,False,2023,2025,776296500000.0
40053215,40053215-0,CONSERVACION INFRAESTRUCTURA SANITARIA DE EMERGENCIA RM 2024-2025,PROYECTO,VIVIENDA Y DESARROLLO URBANO,INTERSUBSECTORIAL VIVIENDA Y DESARROLLO URBANO,PERFIL,0,2024,METROPOLITANA DE SANTIAGO,,SECTORIAL,760184000.0,760.184,,2000000.0,,Sin evaluación,False,SEREMI VIVIENDA REGION METROPOLITANA DE SANTIAGO,False,2024,2024,760184000.0
40053351,40053351-0,"CONSERVACION DE 18 PUNTOS DE LA RED DE ALCANTARILLADO DE LARAQUETE, COMUNA DE ARAUCO",PROYECTO,VIVIENDA Y DESARROLLO URBANO,DESARROLLO URBANO,PERFIL,0,2023,,ARAUCO,F.N.D.R.,1601659000.0,1601.659,,1835.0,,Sin evaluación,False,MUNICIPALIDAD DE ARAUCO,False,2023,2023,1601659000.0
40053372,40053372-0,MEJORAMIENTO PARQUE URBANO VICENTE PEREZ ROSALES - PANGUIPULLI,PROYECTO,VIVIENDA Y DESARROLLO URBANO,DESARROLLO URBANO,PERFIL,0,2026,,PANGUIPULLI - REGION XIV,SECTORIAL,112654000.0,112.654,,6094.0,RS,Recomendado (RS),True,SEREMI VIVIENDA REGION DE LOS RIOS,False,2026,2026,112654000.0
40053458,40053458-0,CONSERVACION RED VIAL REGION DEL BIOBIO- AÑO 2023 -ESTABILIZACION TALUDES,PROYECTO,TRANSPORTE,TRANSPORTE CAMINERO,PERFIL,0,2023,L BIO BIO,,SECTORIAL,8449817000.0,8449.817,,500000.0,,Sin evaluación,False,DIRECCION DE VIALIDAD MOP,False,2023,2023,8449817000.0
40053462,40053462-0,CONSTRUCCION SERVICIO FERROVIARIO DE PASAJEROS ENTRE LAS CIUDADES DE CONCEPCIÓN Y LOS ÁNGELES,PROYECTO,TRANSPORTE,TRANSPORTE FERROVIARIO,PREFACTIBILIDAD,0,2025,L BIO BIO,,EMPRESA,637706000.0,637.706,,448294.0,RS,Recomendado (RS),True,EMPRESA DE FERROCARRILES DEL ESTADO,False,2023,2025,637706000.0
40053492,40053492-0,CONSERVACION SISTEMAS SECUNDARIOS AGUAS LLUVIAS 2024 2025,PROYECTO,RECURSOS HIDRICOS,AGUAS LLUVIAS,EJECUCION,0,2026,VALPARAISO,,SECTORIAL,984971000.0,984.971,,325000.0,RS,Recomendado (RS),True,SEREMI VIVIENDA REGION DE VALPARAISO,False,2024,2026,984971000.0
40053504,40053504-0,CONSERVACION CICLOVÍAS VARIAS COMUNAS 2024 -2025,PROYECTO,TRANSPORTE,"TRANSPORTE URBANO,VIALIDAD PEATONAL",EJECUCION,0,2024,LA ARAUCANIA,,SECTORIAL,619375000.0,619.375,,2.0,,Sin evaluación,False,SEREMI VIVIENDA REGION DE LA ARAUCANIA,False,2024,2024,619375000.0
40053519,40053519-0,"REPOSICION MUROS DE CONTENCIÓN CONDOMINIO VILLA ANDINA, TEMUCO",PROYECTO,VIVIENDA Y DESARROLLO URBANO,SOLUCION HABITACIONAL PARCIAL O COMPLEMENTARIA,PERFIL,0,2026,,TEMUCO,SECTORIAL,2895088000.0,2895.088,,1480.0,RS,Recomendado (RS),True,SEREMI VIVIENDA REGION DE LA ARAUCANIA,False,2026,2026,2895088000.0
40053525,40053525-0,CONSERVACION REDES DE AGUA POTABLE Y RIEGO PARQUEMET,PROYECTO,VIVIENDA Y DESARROLLO URBANO,DESARROLLO URBANO,PERFIL,0,2024,METROPOLITANA DE SANTIAGO,,SECTORIAL,3156737000.0,3156.737,,5000000.0,,Sin evaluación,False,PARQUE METROPOLITANO,False,2024,2024,3156737000.0
40053554,40053554-0,"MEJORAMIENTO PARQUE URBANO UKIKA, COMUNA DE CABO DE HORNOS",PROYECTO,VIVIENDA Y DESARROLLO URBANO,DESARROLLO URBANO,DISEÑO,0,2026,,CABO DE HORNOS,SECTORIAL,191187000.0,191.187,,2098.0,RS,Recomendado (RS),True,SEREMI VIVIENDA REGION DE MAGALLANES Y ANTARTICA CHILENA,False,2024,2026,191187000.0
40053559,40053559-0,CAPACITACION PLAN DE SUSTENTABILIDAD Y TRANSICION HACIA LA AGROECOLOGIA,PROGRAMA,RECURSOS NATURALES Y MEDIO AMBIENTE,AGRICULTURA,PERFIL,0,2023,,,F.N.D.R.,560443000.0,560.443,787980.15,110.0,,Sin evaluación,False,INSTITUTO DESARROLLO AGROPECUARIO REGION DE TARAPACA,False,2023,2023,560443000.0
40053575,40053575-0,"HABILITACION PUNTOS LIMPIOS, CIRUELOS",PROYECTO,RECURSOS NATURALES Y MEDIO AMBIENTE,MEDIO AMBIENTE,PERFIL,0,2025,,SAN JOSE DE LA MARIQUINA -,F.N.D.R.,34000000.0,34.0,,744.0,,Sin evaluación,False,MUNICIPALIDAD DE MARIQUINA REGION DE LOS RIOS,False,2023,2025,34000000.0
40053584,40053584-0,"MEJORAMIENTO AREAS VERDES HERNANDO DE MAGALLANES, PORVENIR",PROYECTO,VIVIENDA Y DESARROLLO URBANO,INTERSUBSECTORIAL VIVIENDA Y DESARROLLO URBANO,DISEÑO,0,2026,,PORVENIR,F.N.D.R.,1375148000.0,1375.148,,1756.0,RS,Recomendado (RS),True,SEREMI VIVIENDA REGION DE MAGALLANES Y ANTARTICA CHILENA,False,2024,2026,1375148000.0
40053613,40053613-0,"REPOSICION DE VEHÍCULOS - MAQUINARIAS Y ADQUISICIÓN DE RETROEXCAVADORA, PARA RSD",PROYECTO,RECURSOS NATURALES Y MEDIO AMBIENTE,MEDIO AMBIENTE,PERFIL,0,2025,,OSORNO,F.N.D.R.,989177000.0,989.177,,161460.0,,Sin evaluación,False,MUNICIPALIDAD DE OSORNO,False,2024,2025,989177000.0
40053615,40053615-0,TRANSFERENCIA EFICIENCIA HÍDRICA PARA OHIGGINS 2023,PROGRAMA,RECURSOS HIDRICOS,INTERSUBSECTORIAL RECURSOS HIDRICOS,EJECUCION,0,2025,L LIBERTADOR GENERAL,,F.N.D.R.,5243412000.0,5243.412,6100466.54,650.0,,Sin evaluación,False,CORPORACION FOMENTO DE LA PRODUCCION REGION DEL LIBERTADOR GENERAL BERNARDO,False,2023,2025,5243412000.0
40053671,40053671-0,HABILITACION DE CPSS EN ESTACIÓN BAQUEDANO LÍNEA 5 DE LA RED DE METRO S.A.,PROYECTO,TRANSPORTE,"TRANSPORTE URBANO,VIALIDAD PEATONAL",EJECUCION,0,2025,METROPOLITANA DE SANTIAGO,,EMPRESA,180653000.0,180.653,,478530.0,RS,Recomendado (RS),True,METRO S.A.,False,2023,2025,212457000.0
40053732,40053732-0,"CONSERVACION RED SECUNDARIA DE AGUAS LLUVIAS, PROVINCIA DEL RANCO, REGION DE LOS RIOS",PROYECTO,RECURSOS HIDRICOS,AGUAS LLUVIAS,PERFIL,0,2024,,,SECTORIAL,726568000.0,726.568,,2.0,,Sin evaluación,False,SEREMI VIVIENDA REGION DE LOS RIOS,False,2024,2024,726568000.0
40053733,40053733-0,"CONSERVACION RED SECUNDARIA DE AGUAS LLUVIAS, PROVINCIA DE VALDIVIA, REGION DE LOS RIOS",PROYECTO,RECURSOS HIDRICOS,AGUAS LLUVIAS,PERFIL,0,2024,,,SECTORIAL,726568000.0,726.568,,2.0,,Sin evaluación,False,SEREMI VIVIENDA REGION DE LOS RIOS,False,2024,2024,726568000.0
40053743,40053743-0,"ADQUISICION Y REPOSICION DE CONTENEDORES PARA LA DISPOSICION DE RSD, SAN JUAN DE LA COSTA",PROYECTO,RECURSOS NATURALES Y MEDIO AMBIENTE,MEDIO AMBIENTE,PERFIL,0,2024,,SAN JUAN DE LA COSTA,F.N.D.R.,73899000.0,73.899,,8968.0,,Sin evaluación,False,MUNICIPALIDAD DE SAN JUAN DE LA COSTA,False,2023,2024,73899000.0
40053772,40053772-0,"CONSERVACION DE EMERGENCIA DE AGUAS LLUVIAS 2024, PUNTA ARENAS-PUERTO NATALES",PROYECTO,VIVIENDA Y DESARROLLO URBANO,INTERSUBSECTORIAL VIVIENDA Y DESARROLLO URBANO,PERFIL,0,2024,,PUNTA ARENAS,SECTORIAL,223558000.0,223.558,,126670.0,,Sin evaluación,False,SEREMI VIVIENDA REGION DE MAGALLANES Y ANTARTICA CHILENA,False,2024,2024,223558000.0
40053798,40053798-0,"CONSERVACION DE INFRAESTRUCTURA DE ESTACIÓN DE TREN ROSARIO, COMUNA RENGO",PROYECTO,TRANSPORTE,TRANSPORTE FERROVIARIO,EJECUCION,0,2026,,RENGO,F.N.D.R.,635180000.0,635.18,,4617.0,,Sin evaluación,False,ARQUITECTURA MOP REGION DEL LIBERTADOR GENERAL BERNARDO O'HIGGINS,False,2023,2026,635180000.0
40053801,40053801-0,CONSTRUCCION CICLOVÍA TOBALABA - PEÑALOLEN,PROYECTO,TRANSPORTE,"TRANSPORTE URBANO,VIALIDAD PEATONAL",PERFIL,0,2025,,PEÑALOLEN,F.N.D.R.,11207026000.0,11207.026,,73921.0,RS,Recomendado (RS),True,MUNICIPALIDAD DE PEÑALOLEN,False,2024,2025,11207026000.0
40053855,40053855-0,AMPLIACION SISTEMA DE ALCANTARILLADO Y SANEAMIENTO SANITARIO CHEPICA ABAJO,PROYECTO,VIVIENDA Y DESARROLLO URBANO,DESARROLLO URBANO,PERFIL,0,2025,,CHEPICA,F.N.D.R.,24904077000.0,24904.077,,733.0,OT,Objetado técnicamente (OT),False,MUNICIPALIDAD DE CHEPICA,False,2025,2025,24904077000.0
40053861,40053861-0,TRANSFERENCIA PROGRAMA DE GESTIÓN DE LA CALIDAD DEL AIRE -PROAIRE ARAUCANÍA,PROGRAMA,RECURSOS NATURALES Y MEDIO AMBIENTE,MEDIO AMBIENTE,PERFIL,0,2024,LA ARAUCANIA,,F.N.D.R.,1233713000.0,1233.713,1451000.29,217345.0,,Sin evaluación,False,SEREMI DE MEDIO AMBIENTE REGION DE LA ARAUCANIA,False,2024,2024,1233713000.0
40053884,40053884-0,ADQUISICION DE CUATRO BUSES ELÉCTRICOS PARA LA COMUNA DE QUINTA NORMAL,PROYECTO,TRANSPORTE,"TRANSPORTE URBANO,VIALIDAD PEATONAL",PERFIL,0,2024,,QUINTA NORMAL,F.N.D.R.,1150568000.0,1150.568,,110056.0,,Sin evaluación,False,MUNICIPALIDAD DE QUINTA NORMAL,False,2023,2024,1271347000.0
40053943,40053943-0,"MEJORAMIENTO ÁREA VERDE CALLE 8 Y CALLE 3, VILLA UNIVERSITARIA, CONCEPCIÓN",PROYECTO,VIVIENDA Y DESARROLLO URBANO,INTERSUBSECTORIAL VIVIENDA Y DESARROLLO URBANO,PERFIL,0,2026,,CONCEPCION,F.N.D.R.,85505000.0,85.505,,5812.0,,Sin evaluación,False,MUNICIPALIDAD DE CONCEPCION,False,2023,2026,85505000.0
40054021,40054021-0,"CONSERVACION SISTEMAS SECUNDARIOS RED DE AGUAS LLUVIAS, REGION DEL MAULE SEGUNDO LLAMADO",PROYECTO,RECURSOS HIDRICOS,AGUAS LLUVIAS,PERFIL,0,2026,L MAULE,,SECTORIAL,1145213000.0,1145.213,,1044950.0,,Sin evaluación,False,SEREMI VIVIENDA REGION DEL MAULE,False,2024,2026,1145213000.0
40054054,40054054-0,"REPOSICION DE CATENARIA DEL FOSO 1 EN TALLER SAN EUGENIO, METRO S.A.",PROYECTO,TRANSPORTE,"TRANSPORTE URBANO,VIALIDAD PEATONAL",EJECUCION,0,2025,METROPOLITANA DE SANTIAGO,,EMPRESA,307291000.0,307.291,,367724.0,RS,Recomendado (RS),True,METRO S.A.,False,2023,2025,307291000.0
40054130,40054130-0,CONSERVACION DE EMERGENCIA REDES DE AGUAS LLUVIAS REGION DE LOS LAGOS 2024,PROYECTO,RECURSOS HIDRICOS,AGUAS LLUVIAS,EJECUCION,0,2025,LOS LAGOS,,SECTORIAL,277000000.0,277.0,,100000.0,,Sin evaluación,False,SEREMI VIVIENDA REGION DE LOS LAGOS,False,2024,2025,310000000.0
40054174,40054174-0,"CONSERVACION DE EMERGENCIA REDES DE AGUAS LLUVIAS, REGIÓN DE ÑUBLE.",PROYECTO,RECURSOS HIDRICOS,AGUAS LLUVIAS,PERFIL,0,2024,ÑUBLE,,SECTORIAL,308143000.0,308.143,,521711.0,,Sin evaluación,False,SEREMI VIVIENDA REGION DE ÑUBLE,False,2024,2024,308143000.0
40054186,40054186-0,"CONSERVACION DE EMERGENCIA RED SECUNDARIA DE AGUAS LLUVIAS 2024, REGIÓN DEL MAULE",PROYECTO,RECURSOS HIDRICOS,AGUAS LLUVIAS,PERFIL,0,2024,L MAULE,,SECTORIAL,1141599000.0,1141.599,,1044925.0,,Sin evaluación,False,SEREMI VIVIENDA REGION DEL MAULE,False,2024,2024,1141599000.0
40054218,40054218-0,PREVENCION Y CONTROL ESCASEZ HÍDRICA A TRAVÉS DE EHL Y PROYECTOS EN LA REGION DEL MAULE,PROGRAMA,RECURSOS NATURALES Y MEDIO AMBIENTE,MEDIO AMBIENTE,PERFIL,0,2023,L MAULE,,F.N.D.R.,308500000.0,308.5,433749.51,24620.0,,Sin evaluación,False,SEREMI DE MEDIO AMBIENTE REGION DEL MAULE,False,2023,2023,308500000.0
40054263,40054263-0,"CONSTRUCCION PARQUE URBANO MELIPEUCO, comuna de melipeuco",PROYECTO,VIVIENDA Y DESARROLLO URBANO,DESARROLLO URBANO,PERFIL,0,2026,,MELIPEUCO,SECTORIAL,170393000.0,170.393,,103991.0,OT,Objetado técnicamente (OT),False,SEREMI VIVIENDA REGION DE LA ARAUCANIA,False,2026,2026,170393000.0
40054302,40054302-0,CONSERVACION DE INFRAESTRUCTURA DE ESTACION DE TREN REQUINOA,PROYECTO,TRANSPORTE,TRANSPORTE FERROVIARIO,EJECUCION,0,2026,,REQUINOA,F.N.D.R.,909222000.0,909.222,,27992.0,,Sin evaluación,False,ARQUITECTURA MOP REGION DEL LIBERTADOR GENERAL BERNARDO O'HIGGINS,False,2023,2026,909222000.0
40054325,40054325-0,"ADQUISICION LUTOCARES PARA RESIDUOS SÓLIDOS RECICLABLES, EN LA COMUNA DE ÑUÑOA",PROYECTO,RECURSOS NATURALES Y MEDIO AMBIENTE,MEDIO AMBIENTE,PERFIL,0,2023,,ÑUÑOA,F.N.D.R.,5879400000.0,5879.4,,208237.0,,Sin evaluación,False,MUNICIPALIDAD DE ÑUÑOA,False,2023,2023,5879400000.0
40054352,40054352-0,"CONSERVACION DE EMERGENCIA DE AGUAS LLUVIAS 2025, PUNTA ARENAS-PUERTO NATALES",PROYECTO,RECURSOS HIDRICOS,AGUAS LLUVIAS,EJECUCION,0,2026,MAGALLANES Y ANTARTICA,,SECTORIAL,209914000.0,209.914,,126670.0,,Sin evaluación,False,SEREMI VIVIENDA REGION DE MAGALLANES Y ANTARTICA CHILENA,False,2024,2026,253438000.0
40054382,40054382-0,TRANSFERENCIA PARA MEJORAR LOS SUELOS DE LA REGIÓN DEL MAULE,PROGRAMA,RECURSOS NATURALES Y MEDIO AMBIENTE,AGRICULTURA,PERFIL,0,2024,L MAULE,,F.N.D.R.,3313819000.0,3313.819,3897464.28,1000.0,,Sin evaluación,False,INSTITUTO DESARROLLO AGROPECUARIO REGION DEL MAULE,False,2024,2024,3313819000.0
40054398,40054398-0,CONSTRUCCION DE UN NUEVO SERVICIO FERROVIARIO AL CENTRO DE CONCEPCION,PROYECTO,TRANSPORTE,"TRANSPORTE URBANO,VIALIDAD PEATONAL",PREFACTIBILIDAD,0,2026,,,SECTORIAL,727763000.0,727.763,,216061.0,RS,Recomendado (RS),True,SECTRA,False,2023,2026,729404000.0
40054415,40054415-0,"MEJORAMIENTO EQUIPAMIENTO Y CONSTRUCCION AREA VERDE DON IGNACIO I, RAUCO",PROYECTO,VIVIENDA Y DESARROLLO URBANO,DESARROLLO URBANO,PERFIL,0,2026,,RAUCO,F.N.D.R.,148469000.0,148.469,,538.0,,Sin evaluación,False,MUNICIPALIDAD DE RAUCO,False,2023,2026,150054000.0
40054424,40054424-0,CONSERVACION INFRAESTRUCTURA SANITARIA EMERGENCIA 2024 - 2025 REGIÓN DE LOS RÍOS,PROYECTO,VIVIENDA Y DESARROLLO URBANO,INTERSUBSECTORIAL VIVIENDA Y DESARROLLO URBANO,PERFIL,0,2024,LOS RIOS,,SECTORIAL,500938000.0,500.938,,384837.0,,Sin evaluación,False,SEREMI VIVIENDA REGION DE LOS RIOS,False,2024,2024,500938000.0
40054433,40054433-0,"CONSTRUCCION INFRAESTRUCTURAS SANITARIAS VILLA ALTOS DE APUMANQUE, LABRANZA, TEMUCO",PROYECTO,VIVIENDA Y DESARROLLO URBANO,SOLUCION HABITACIONAL PARCIAL O COMPLEMENTARIA,PERFIL,0,2025,,TEMUCO,F.N.D.R.,583937000.0,583.937,,92.0,FI,Falta información (FI),False,MUNICIPALIDAD DE TEMUCO,False,2023,2025,583937000.0
40054487,40054487-0,CONSERVACION INFRAESTRUCTURA SANITARIA EMERGENCIA 2024-2025,PROYECTO,VIVIENDA Y DESARROLLO URBANO,INTERSUBSECTORIAL VIVIENDA Y DESARROLLO URBANO,PERFIL,0,2024,L LIBERTADOR GENERAL,,SECTORIAL,407270000.0,407.27,,914555.0,,Sin evaluación,False,SEREMI VIVIENDA REGION DEL LIBERTADOR GENERAL BERNARDO O'HIGGINS,False,2024,2024,407270000.0
40054496,40054496-0,ADQUISICION SISTEMA DE PUERTAS DE ANDÉN EN ESTACIONES DE LÍNEA 1 METRO S.A.,PROYECTO,TRANSPORTE,"TRANSPORTE URBANO,VIALIDAD PEATONAL",FACTIBILIDAD,0,2025,METROPOLITANA DE SANTIAGO,,EMPRESA,180676209000.0,180676.209,,710731.0,RS,Recomendado (RS),True,METRO S.A.,False,2023,2025,180676209000.0
40054499,40054499-0,CONSERVACION SISTEMA DE AGUAS LLUVIAS REGION DE O HIGGINS,PROYECTO,VIVIENDA Y DESARROLLO URBANO,INTERSUBSECTORIAL VIVIENDA Y DESARROLLO URBANO,EJECUCION,0,2026,L LIBERTADOR GENERAL,,SECTORIAL,651093000.0,651.093,,360301.0,,Sin evaluación,False,SEREMI VIVIENDA REGION DEL LIBERTADOR GENERAL BERNARDO O'HIGGINS,False,2024,2026,651093000.0
40054536,40054536-0,"ADQUISICION CAMION POLIBRAZO, PUNTOS RECICLAJE MOVILES Y BATEAS COMUNA DE PERQUENCO",PROYECTO,RECURSOS NATURALES Y MEDIO AMBIENTE,MEDIO AMBIENTE,PERFIL,0,2025,,PERQUENCO,F.N.D.R.,238962000.0,238.962,,3450.0,,Sin evaluación,False,MUNICIPALIDAD DE PERQUENCO,False,2023,2025,238962000.0
40054549,40054549-0,"CONSTRUCCION AREA VERDE VILLA LAS ARAUCARIAS, TALCAHUANO",PROYECTO,VIVIENDA Y DESARROLLO URBANO,DESARROLLO URBANO,PERFIL,0,2026,,TALCAHUANO,F.N.D.R.,185580000.0,185.58,,3280.0,,Sin evaluación,False,MUNICIPALIDAD DE TALCAHUANO,False,2023,2026,185580000.0
40054599,40054599-0,TRANSFERENCIA CAPACITACIÓN EN EL USO EFICIENTE DEL AGUA EN ESTABLECIMIENTOS EDUCACIONALES Y,PROGRAMA,RECURSOS HIDRICOS,AGUA POTABLE,PERFIL,0,2023,METROPOLITANA DE SANTIAGO,,F.N.D.R.,622920000.0,622.92,875822.51,19692.0,,Sin evaluación,False,GOBIERNO REGIONAL - REGION METROPOLITANA DE SANTIAGO,False,2023,2023,622920000.0
40054669,40054669-0,TRANSFERENCIA IMPLEMENTACIÓN COMUNAL DE LA LEY MARCO DE CAMBIO CLIMATICO,PROGRAMA,RECURSOS NATURALES Y MEDIO AMBIENTE,MEDIO AMBIENTE,PERFIL,0,2025,LOS LAGOS,,F.N.D.R.,295720000.0,295.72,344056.5,600.0,,Sin evaluación,False,GOBIERNO REGIONAL - REGION DE LOS LAGOS,False,2024,2025,310499000.0
40054702,40054702-0,TRANSFERENCIA PLAN COMUNICACIONAL EN MATERIA DE GESTIÓN DE RSD PARA LA PROVINCIA DE CHILOÉ,PROGRAMA,RECURSOS NATURALES Y MEDIO AMBIENTE,MEDIO AMBIENTE,PERFIL,0,2025,LOS LAGOS,,F.N.D.R.,862771000.0,862.771,1003794.02,168165.0,,Sin evaluación,False,GOBIERNO REGIONAL - REGION DE LOS LAGOS,False,2024,2025,862771000.0
40054703,40054703-0,"CONSTRUCCION PARQUE HUMEDAL NUEVA BRAUNAU, PUERTO VARAS",PROYECTO,VIVIENDA Y DESARROLLO URBANO,DESARROLLO URBANO,DISEÑO,0,2026,,PUERTO VARAS,SECTORIAL,77093000.0,77.093,,2853.0,RS,Recomendado (RS),True,SEREMI VIVIENDA REGION DE LOS LAGOS,False,2024,2026,83280000.0
40054758,40054758-0,"REPOSICION ALCANTARILLADO TRAMO CUMBRE - CHILE NATIVO, PARQUEMET",PROYECTO,VIVIENDA Y DESARROLLO URBANO,DESARROLLO URBANO,EJECUCION,0,2025,,RECOLETA,SECTORIAL,421797000.0,421.797,,3129194.0,RS,Recomendado (RS),True,PARQUE METROPOLITANO,False,2023,2025,449610000.0
40054834,40054834-0,ADQUISICION VEHÍCULO DE TRANSPORTE DE COMBUSTIBLE PARA COMBATIR INCENDIOS FORESTALES,PROYECTO,RECURSOS NATURALES Y MEDIO AMBIENTE,SILVICULTURA,PERFIL,0,2024,L LIBERTADOR GENERAL,,F.N.D.R.,64984000.0,64.984,,226338.0,,Sin evaluación,False,CORPORACION NACIONAL FORESTAL REGION DEL LIBERTADOR GENERAL BERNARDO O'HIGGINS,False,2024,2024,64984000.0
40054839,40054839-0,TRANSFERENCIA PROGRAMA DE ACCESO A ERNC-EFICIENCIA ENERGÉTICA EN LAS MIPES.,PROGRAMA,MULTISECTORIAL,INTERSUBSECTORIAL MULTISECTOR,PERFIL,0,2024,L MAULE,,F.N.D.R.,1060657000.0,1060.657,1247464.86,160.0,,Sin evaluación,False,SERVICIO DE COOPERACION TECNICA REGION DEL MAULE,False,2024,2024,1060657000.0
40054891,40054891-0,TRANSFERENCIA FOMENTO ANTE EL CAMBIO CLIMÁTICO PARA EL TERRITORIO MAPU LAHUAL,PROGRAMA,RECURSOS NATURALES Y MEDIO AMBIENTE,AGRICULTURA,PERFIL,0,2024,LOS LAGOS,,F.N.D.R.,782249000.0,782.249,920022.35,300.0,,Sin evaluación,False,SEREMI AGRICULTURA REGION DE LOS LAGOS,False,2024,2024,782249000.0
40054920,40054920-0,TRANSFERENCIA GOBERNANZA PARA LA HOJA DE RUTA HACIA LA CARBONO NEUTRALIDAD BIOBÍO 2050,PROGRAMA,RECURSOS NATURALES Y MEDIO AMBIENTE,MEDIO AMBIENTE,PERFIL,0,2023,L BIO BIO,,F.N.D.R.,896370000.0,896.37,1260291.88,946.0,,Sin evaluación,False,GOBIERNO REGIONAL - REGION DEL BIO BIO,False,2023,2023,896370000.0
40055038,40055038-0,"HABILITACION NUEVA FUENTE SERVICIO DE AGUA POTABLE SSR LLALLAUQUÉN, LAS CABRAS",PROYECTO,RECURSOS HIDRICOS,AGUA POTABLE,EJECUCION,0,2025,,LAS CABRAS,SECTORIAL,2130058000.0,2130.058,,2866.0,RS,Recomendado (RS),True,DIRECCION DE OBRAS HIDRAULICAS MOP REGION DEL LIBERTADOR GENERAL BERNARDO O'HIGGINS,False,2023,2025,2130058000.0
40055040,40055040-0,"MEJORAMIENTO ENTORNO INTERMODAL, COMUNA DE LA CISTERNA",PROYECTO,TRANSPORTE,"TRANSPORTE URBANO,VIALIDAD PEATONAL",PERFIL,0,2023,,LA CISTERNA,F.N.D.R.,185307000.0,185.307,,90119.0,,Sin evaluación,False,MUNICIPALIDAD DE LA CISTERNA,False,2023,2023,185307000.0
40055056,40055056-0,"MEJORAMIENTO MEJORAMIENTO ÁREA VERDE VILLA FRESIA, DICHATO, TOMÉ",PROYECTO,VIVIENDA Y DESARROLLO URBANO,DESARROLLO URBANO,PERFIL,0,2026,,TOME,F.N.D.R.,120627000.0,120.627,,3478.0,,Sin evaluación,False,MUNICIPALIDAD DE TOME,False,2023,2026,120627000.0
40055212,40055212-0,RECUPERACION DE SUELOS DEGRADADOS,PROGRAMA,RECURSOS NATURALES Y MEDIO AMBIENTE,AGRICULTURA,PERFIL,0,2023,,,F.N.D.R.,220177000.0,220.177,309567.8,110.0,,Sin evaluación,False,INSTITUTO DESARROLLO AGROPECUARIO REGION DE TARAPACA,False,2023,2023,220177000.0
40055216,40055216-0,TRANSFERENCIA SUSTENTABILIDAD AGROAMBIENTAL DE SUELOS AGROPECUARIOS,PROGRAMA,RECURSOS NATURALES Y MEDIO AMBIENTE,AGRICULTURA,EJECUCION,0,2024,L LIBERTADOR GENERAL,,F.N.D.R.,696604000.0,696.604,819293.15,500.0,,Sin evaluación,False,INSTITUTO DESARROLLO AGROPECUARIO REGION DEL LIBERTADOR GENERAL BERNARDO,False,2023,2024,696604000.0
40055218,40055218-0,TRANSFERENCIA RECICLAJE COMUNA DE VILCÚN,PROGRAMA,RECURSOS NATURALES Y MEDIO AMBIENTE,MEDIO AMBIENTE,PERFIL,0,2024,,VILCUN,F.N.D.R.,258748000.0,258.748,304319.91,200.0,,Sin evaluación,False,GOBIERNO REGIONAL - REGION DE LA ARAUCANIA,False,2024,2024,258748000.0
40055220,40055220-0,TRANSFERENCIA RECICLAJE PLÁSTICO PADRE LAS CASAS,PROGRAMA,RECURSOS NATURALES Y MEDIO AMBIENTE,MEDIO AMBIENTE,PERFIL,0,2024,,PADRE LAS CASAS,F.N.D.R.,289799000.0,289.799,340839.75,200.0,,Sin evaluación,False,GOBIERNO REGIONAL - REGION DE LA ARAUCANIA,False,2024,2024,289799000.0
40055222,40055222-0,TRANSFERENCIA RECICLAJE DE PLÁSTICO COMUNA DE LONCOCHE,PROGRAMA,RECURSOS NATURALES Y MEDIO AMBIENTE,MEDIO AMBIENTE,PERFIL,0,2024,,LONCOCHE,F.N.D.R.,289799000.0,289.799,340839.75,200.0,,Sin evaluación,False,GOBIERNO REGIONAL - REGION DE LA ARAUCANIA,False,2024,2024,289799000.0
40055241,40055241-0,TRANSFERENCIA VALORIZACIÓN RESIDUOS ORGÁNICOS RURALES A BIOGAS Y ELECTRICIDAD,PROGRAMA,MULTISECTORIAL,INTERSUBSECTORIAL MULTISECTOR,PERFIL,0,2024,LA ARAUCANIA,,F.N.D.R.,434698000.0,434.698,511259.04,2.0,,Sin evaluación,False,GOBIERNO REGIONAL - REGION DE LA ARAUCANIA,False,2024,2024,434698000.0
40055249,40055249-0,TRANSFERENCIA PROGRAMA DE RIEGO ASOCIATIVO INDAP OHIGGINS,PROGRAMA,RECURSOS NATURALES Y MEDIO AMBIENTE,AGRICULTURA,EJECUCION,0,2025,L LIBERTADOR GENERAL,,F.N.D.R.,3173828000.0,3173.828,3692601.6,2100.0,,Sin evaluación,False,INSTITUTO DESARROLLO AGROPECUARIO REGION DEL LIBERTADOR GENERAL BERNARDO,False,2023,2025,3173828000.0
40055253,40055253-0,TRANSFERENCIA OBRAS MENORES DE RIEGO INDAP-O'HIGGINS,PROGRAMA,RECURSOS NATURALES Y MEDIO AMBIENTE,AGRICULTURA,EJECUCION,0,2025,L LIBERTADOR GENERAL,,F.N.D.R.,1277952000.0,1277.952,1486837.85,240.0,,Sin evaluación,False,INSTITUTO DESARROLLO AGROPECUARIO REGION DEL LIBERTADOR GENERAL BERNARDO,False,2023,2025,1277952000.0
40055258,40055258-0,TRANSFERENCIA RIEGO INTRAPREDIAL Y TECNIFICACIÓN DEL RIEGO - INDAP,PROGRAMA,RECURSOS NATURALES Y MEDIO AMBIENTE,AGRICULTURA,EJECUCION,0,2025,L LIBERTADOR GENERAL,,F.N.D.R.,1443648000.0,1443.648,1679617.46,200.0,,Sin evaluación,False,INSTITUTO DESARROLLO AGROPECUARIO REGION DEL LIBERTADOR GENERAL BERNARDO,False,2023,2025,2076951000.0
40055316,40055316-0,ADQUISICION CUATRO BUSES ELECTRICOS PARA LA COMUNA DE PUDAHUEL,PROYECTO,TRANSPORTE,INTERSUBSECTORIAL TRANSPORTE,PERFIL,0,2024,,PUDAHUEL,F.N.D.R.,966752000.0,966.752,,230293.0,,Sin evaluación,False,MUNICIPALIDAD DE PUDAHUEL,False,2023,2024,966752000.0
40055337,40055337-0,TRANSFERENCIA VALORIZACION RESIDUOS ORGANICOS RURALES A BIOGAS Y ELECTRICIDAD,PROGRAMA,MULTISECTORIAL,INTERSUBSECTORIAL MULTISECTOR,PERFIL,0,2024,LA ARAUCANIA,,F.N.D.R.,434698000.0,434.698,511259.04,200.0,,Sin evaluación,False,GOBIERNO REGIONAL - REGION DE LA ARAUCANIA,False,2024,2024,434698000.0
40055353,40055353-0,TRANSFERENCIA CONTINUIDAD PROGRAMA RECICLAJE PLASTICOS PADRE LAS CASAS,PROGRAMA,MULTISECTORIAL,INTERSUBSECTORIAL MULTISECTOR,PERFIL,0,2024,,PADRE LAS CASAS,F.N.D.R.,289799000.0,289.799,340839.75,200.0,,Sin evaluación,False,GOBIERNO REGIONAL - REGION DE LA ARAUCANIA,False,2024,2024,289799000.0
40055490,40055490-0,"MEJORAMIENTO AREAS VERDES SECTOR FERIA TOME ALTO, TOME",PROYECTO,VIVIENDA Y DESARROLLO URBANO,DESARROLLO URBANO,PERFIL,0,2026,,TOME,F.N.D.R.,146067000.0,146.067,,3080.0,,Sin evaluación,False,MUNICIPALIDAD DE TOME,False,2023,2026,146067000.0
40055496,40055496-0,MEJORAMIENTO PARQUE HUMEDAL RÍO MAIPO,PROYECTO,VIVIENDA Y DESARROLLO URBANO,DESARROLLO URBANO,PERFIL,0,2026,,SANTO DOMINGO,SECTORIAL,296772000.0,296.772,,10000.0,FI,Falta información (FI),False,SEREMI VIVIENDA REGION DE VALPARAISO,False,2024,2026,296772000.0
40055518,40055518-0,CONSTRUCCION MASTERPLAN DE CICLOVIAS COMUNA DE LA CISTERNA,PROYECTO,TRANSPORTE,"TRANSPORTE URBANO,VIALIDAD PEATONAL",PERFIL,0,2025,,LA CISTERNA,F.N.D.R.,322770000.0,322.77,,90119.0,,Sin evaluación,False,MUNICIPALIDAD DE LA CISTERNA,False,2023,2025,322770000.0
40055601,40055601-0,NORMALIZACION OBRAS MENORES DE ACCESIBILIDAD UNIVERSAL EN RECINTOS DE LA RED DE EFE,PROYECTO,TRANSPORTE,TRANSPORTE FERROVIARIO,DISEÑO,0,2026,,,EMPRESA,766452000.0,766.452,,13296.0,RS,Recomendado (RS),True,EMPRESA DE FERROCARRILES DEL ESTADO,False,2023,2026,766452000.0
40055614,40055614-0,"CONSERVACION VIALIDAD DE TRANSPORTE PÚBLICO, EJE AVENIDA BERNARDO OHIGGINS RUTA 060",PROYECTO,TRANSPORTE,"TRANSPORTE URBANO,VIALIDAD PEATONAL",PERFIL,0,2025,,CHIGUAYANTE,F.N.D.R.,1907751000.0,1907.751,,87714.0,,Sin evaluación,False,MUNICIPALIDAD DE CHIGUAYANTE,False,2023,2025,1907751000.0
40055637,40055637-0,TRANSFERENCIA FLORA MELIFERA PARA MEJORAR LA SOSTENIBILIDAD DEL NEGOCIO APICOLA EN LA RM,PROGRAMA,RECURSOS NATURALES Y MEDIO AMBIENTE,SILVICULTURA,PERFIL,0,2025,METROPOLITANA DE SANTIAGO,,F.N.D.R.,194410000.0,194.41,226187.01,696.0,,Sin evaluación,False,INSTITUTO FORESTAL REGION METROPOLITANA DE SANTIAGO,False,2023,2025,194410000.0
40055639,40055639-0,CAPACITACION RESTAURACIÓN PAISAJE FORESTAL EN SUELOS DEGRADADOS EN 3 COMUNAS RURALES RM,PROGRAMA,RECURSOS NATURALES Y MEDIO AMBIENTE,INTERSUBSECTORIAL,PERFIL,0,2025,METROPOLITANA DE SANTIAGO,,F.N.D.R.,242557000.0,242.557,282203.81,1500.0,,Sin evaluación,False,INSTITUTO FORESTAL REGION METROPOLITANA DE SANTIAGO,False,2023,2025,242557000.0
40055718,40055718-0,ADQUISICION DE LUMINARIAS LED SECTORES RURALES COMUNA DE LINARES,PROYECTO,ENERGIA,ALUMBRADO PUBLICO,PERFIL,0,2026,,LINARES,F.N.D.R.,222597000.0,222.597,,2292.0,,Sin evaluación,False,MUNICIPALIDAD DE LINARES,False,2024,2026,222597000.0
40055757,40055757-0,CAPACITACION PLAN DE SOSTENIBILIDAD Y TRANSICION A LA AGROECOLOGIA EN LA AGRICULTURA FAMILIAR,PROGRAMA,RECURSOS NATURALES Y MEDIO AMBIENTE,AGRICULTURA,PERFIL,0,2023,,,F.N.D.R.,560443000.0,560.443,787980.15,110.0,,Sin evaluación,False,INSTITUTO DESARROLLO AGROPECUARIO REGION DE TARAPACA,False,2023,2023,560443000.0
40055777,40055777-0,"CONSTRUCCION DE PLANTA DE VALORIZACIÓN Y ACOPIO DE RESIDUOS INORGANICOS, COMUNA DE ARICA",PROYECTO,RECURSOS NATURALES Y MEDIO AMBIENTE,MEDIO AMBIENTE,PERFIL,0,2024,,ARICA - REGION XV,F.N.D.R.,1110244000.0,1110.244,,205079.0,FI,Falta información (FI),False,MUNICIPALIDAD DE ARICA REGION DE ARICA Y PARINACOTA,False,2024,2024,1110244000.0
40055825,40055825-0,"ADQUISICION CONTENEDORES DE RESIDUOS SOLIDOS Y ASIMILABLES, COMUNA DE CHANCO",PROYECTO,RECURSOS NATURALES Y MEDIO AMBIENTE,MEDIO AMBIENTE,EJECUCION,0,2025,,CHANCO,F.N.D.R.,169996000.0,169.996,,6509.0,,Sin evaluación,False,MUNICIPALIDAD DE CHANCO,False,2023,2025,169996000.0
40055847,40055847-0,"CONSTRUCCION PARQUE URBANO RIBERA SUR, COMUNA DE RIO BUENO",PROYECTO,VIVIENDA Y DESARROLLO URBANO,DESARROLLO URBANO,PERFIL,0,2026,,RIO BUENO - REGION XIV,F.N.D.R.,904986000.0,904.986,,31372.0,OT,Objetado técnicamente (OT),False,MUNICIPALIDAD DE RIO BUENO REGION DE LOS RIOS,False,2025,2026,904986000.0
40056253,40056253-0,"ADQUISICION CONTENEDORES DE RSD Y A, SECTOR RURAL, RETIRO",PROYECTO,RECURSOS NATURALES Y MEDIO AMBIENTE,MEDIO AMBIENTE,PERFIL,0,2025,,RETIRO,F.N.D.R.,107290000.0,107.29,,7134.0,,Sin evaluación,False,MUNICIPALIDAD DE RETIRO,False,2023,2025,107290000.0
40056320,40056320-0,CONSERVACION PROTECCIÓN COSTERA SECTOR INFIERNILLO 2,PROYECTO,VIVIENDA Y DESARROLLO URBANO,"BORDE COSTERO,PASEOS PEATONALES, PLAYAS",EJECUCION,0,2024,,ARICA - REGION XV,SECTORIAL,369828000.0,369.828,,221364.0,,Sin evaluación,False,OBRAS PORTUARIAS MOP REGION DE ARICA Y PARINACOTA,False,2023,2024,369828000.0
40056328,40056328-0,"REPOSICION LUMINARIAS PUBLICAS A TECNOLOGIA LED, DIVERSOS SECTORES, COMUNA DE PINTO",PROYECTO,ENERGIA,ALUMBRADO PUBLICO,EJECUCION,0,2024,,PINTO - REGION DE ÑUBLE,F.N.D.R.,150548000.0,150.548,,2805.0,,Sin evaluación,False,MUNICIPALIDAD DE PINTO,False,2023,2024,150548000.0
40056330,40056330-0,"CONSERVACION CICLOVIA SAN MARTIN ENTRE CALLEJON ARIAS HASTA LOS VILLARES, COMUNA DE RINCONADA",PROYECTO,TRANSPORTE,"TRANSPORTE URBANO,VIALIDAD PEATONAL",PERFIL,0,2023,,RINCONADA,F.N.D.R.,284423000.0,284.423,,10207.0,,Sin evaluación,False,MUNICIPALIDAD DE RINCONADA,False,2023,2023,284423000.0
40056333,40056333-0,CONSERVACION DE EMERGENCIA DE AGUAS LLUVIAS REGION METROPOLITANA 2023,PROYECTO,RECURSOS HIDRICOS,AGUAS LLUVIAS,EJECUCION,0,2024,METROPOLITANA DE SANTIAGO,,SECTORIAL,322669000.0,322.669,,521627.0,,Sin evaluación,False,DIRECCION DE OBRAS HIDRAULICAS MOP,False,2023,2024,322669000.0
40056377,40056377-0,"ADQUISICION DE CONTENEDORES DE RESIDUOS SOLIDOS DOMICILIARIOS, COMUNA DE SAN JOAQUÍN",PROYECTO,RECURSOS NATURALES Y MEDIO AMBIENTE,MEDIO AMBIENTE,PERFIL,0,2024,,SAN JOAQUIN,F.N.D.R.,702565000.0,702.565,,101694.0,,Sin evaluación,False,MUNICIPALIDAD DE SAN JOAQUIN,False,2024,2024,702565000.0
40056424,40056424-0,AMPLIACION CAPACIDAD SERVICIO FERROVIARIO DE PASAJEROS EFE VALPARAÍSO,PROYECTO,TRANSPORTE,TRANSPORTE FERROVIARIO,EJECUCION,0,2026,,VALPARAISO,EMPRESA,37520239000.0,37520.239,,55764.0,RS,Recomendado (RS),True,EMPRESA DE FERROCARRILES DEL ESTADO,False,2024,2026,37520239000.0
40056431,40056431-0,NORMALIZACION DE GRUPOS RECTIFICADORES DE EFE CENTRAL,PROYECTO,TRANSPORTE,TRANSPORTE FERROVIARIO,EJECUCION,0,2026,,,EMPRESA,96519517000.0,96519.517,,6767949.0,RS,Recomendado (RS),True,EMPRESA DE FERROCARRILES DEL ESTADO,False,2023,2026,96519517000.0
40056437,40056437-0,"CONSERVACION DE RIBERAS DIVERSOS CAUCES EMERGENCIA 2023, REGIÓN DE OHIGGINS",PROYECTO,RECURSOS HIDRICOS,"DEFENSAS FLUVIALES,MARITIMAS Y CAUCES NATURALES",PERFIL,0,2023,L LIBERTADOR GENERAL,,SECTORIAL,10500000000.0,10500.0,,5000.0,,Sin evaluación,False,DIRECCION DE OBRAS HIDRAULICAS MOP REGION DEL LIBERTADOR GENERAL BERNARDO O'HIGGINS,False,2023,2023,10500000000.0
40056509,40056509-0,"ADQUISICION DE CONTENEDORES PARA RESIDUOS SÓLIDOS DOMICILIARIOS, COMUNA VILLA ALEGRE",PROYECTO,RECURSOS NATURALES Y MEDIO AMBIENTE,MEDIO AMBIENTE,PERFIL,0,2024,,VILLA ALEGRE,F.N.D.R.,130000000.0,130.0,,16221.0,,Sin evaluación,False,MUNICIPALIDAD DE VILLA ALEGRE,False,2023,2024,130000000.0
40056562,40056562-0,"CONSTRUCCION SOLUCIÓN AGUAS LLUVIAS VILLA IGNACIO SERRANO, COMUNA DE LAMPA",PROYECTO,VIVIENDA Y DESARROLLO URBANO,DESARROLLO URBANO,PERFIL,0,2024,,LAMPA,F.N.D.R.,193993000.0,193.993,,611.0,,Sin evaluación,False,MUNICIPALIDAD DE LAMPA,False,2024,2024,193993000.0
40056577,40056577-0,CONSTRUCCION CENTRO DE COMPOSTAJE VILLA ALEMANA,PROYECTO,RECURSOS NATURALES Y MEDIO AMBIENTE,MEDIO AMBIENTE,PERFIL,0,2026,,VILLA ALEMANA,F.N.D.R.,2094515000.0,2094.515,,145490.0,RS,Recomendado (RS),True,MUNICIPALIDAD DE VILLA ALEMANA,False,2024,2026,2094515000.0
40056698,40056698-0,TRANSFERENCIA INTERVENCIÓN DE SEGURIDAD DE TRÁNSITO EN ESTACION INTERMODAL DE LA CISTERNA,PROGRAMA,TRANSPORTE,"TRANSPORTE URBANO,VIALIDAD PEATONAL",PERFIL,0,2024,,LA CISTERNA,F.N.D.R.,400400000.0,400.4,470920.32,809172.0,,Sin evaluación,False,COMISION NACIONAL DE SEGURIDAD DE TRANSITO,False,2023,2024,400400000.0
40056780,40056780-0,"ADQUISICION DE 3 BUSES ELÉCTRICOS PARA SERVICIOS COMUNITARIOS Y SOCIALES, COMUNA DE COLINA",PROYECTO,TRANSPORTE,INTERSUBSECTORIAL TRANSPORTE,PERFIL,0,2025,,COLINA,F.N.D.R.,1108801000.0,1108.801,,92925.0,,Sin evaluación,False,MUNICIPALIDAD DE COLINA,False,2023,2025,1108801000.0
40056835,40056835-0,MEJORAMIENTO DE EQUIPOS DE ACCESIBILIDAD UNIVERSAL EN ESTACIÓN ECUADOR LÍNEA 1 METRO S.A.,PROYECTO,TRANSPORTE,"TRANSPORTE URBANO,VIALIDAD PEATONAL",EJECUCION,0,2025,METROPOLITANA DE SANTIAGO,,EMPRESA,560263000.0,560.263,,19234.0,RS,Recomendado (RS),True,METRO S.A.,False,2023,2025,560263000.0
40056881,40056881-0,"MEJORAMIENTO ÁREAS VERDES POBLACIÓN DIGUA Y VILLA DON GUILLERMO,PARRAL",PROYECTO,VIVIENDA Y DESARROLLO URBANO,DESARROLLO URBANO,EJECUCION,0,2026,,PARRAL,F.N.D.R.,175176000.0,175.176,,705.0,,Sin evaluación,False,MUNICIPALIDAD DE PARRAL,False,2024,2026,175176000.0
40056887,40056887-0,NORMALIZACION GRUPOS RECTIFICADORES EN EFE SUR,PROYECTO,TRANSPORTE,TRANSPORTE FERROVIARIO,EJECUCION,0,2026,L BIO BIO,,EMPRESA,29377166000.0,29377.166,,3113610.0,RS,Recomendado (RS),True,EMPRESA DE FERROCARRILES DEL ESTADO,False,2023,2026,29377166000.0
40056936,40056936-0,CONSERVACION INFRAESTRUCTURA MAYOR PARA EL TRANSPORTE PUBLICO,PROYECTO,TRANSPORTE,"TRANSPORTE URBANO,VIALIDAD PEATONAL",PERFIL,0,2023,ANTOFAGASTA,,SECTORIAL,5000000000.0,5000.0,,165731.0,,Sin evaluación,False,SUBSIDIO NACIONAL AL TRANSPORTE PUBLICO,False,2023,2023,5000000000.0
40057005,40057005-0,"CONSTRUCCION DEFENSAS FLUVIALES SECTOR YÁQUIL Y NANCAGUA, COMUNA DE NANCAGUA",PROYECTO,RECURSOS HIDRICOS,"DEFENSAS FLUVIALES,MARITIMAS Y CAUCES NATURALES",EJECUCION,0,2026,,NANCAGUA,SECTORIAL,9638698000.0,9638.698,,15516.0,RS,Recomendado (RS),True,DIRECCION DE OBRAS HIDRAULICAS MOP REGION DEL LIBERTADOR GENERAL BERNARDO O'HIGGINS,False,2023,2026,9638698000.0
40057029,40057029-0,"CONSTRUCCION CENTRO DE GESTION DE RESIDUOS INORGANICOS,PROVINCIA DE ELQUI,REGION DE COQUIMBO",PROYECTO,RECURSOS NATURALES Y MEDIO AMBIENTE,MEDIO AMBIENTE,PERFIL,0,2026,COQUIMBO,,F.N.D.R.,77585000.0,77.585,,21295.0,RS,Recomendado (RS),True,GOBIERNO REGIONAL - REGION DE COQUIMBO,False,2023,2026,79856000.0
40057036,40057036-0,CONSTRUCCION OBRAS CONTROL ALUVIONAL ESTERO LA LAVANDERA COMUNA DE AYSEN,PROYECTO,RECURSOS HIDRICOS,"DEFENSAS FLUVIALES,MARITIMAS Y CAUCES NATURALES",PERFIL,0,2023,,AYSEN,SECTORIAL,200841000.0,200.841,,2096.0,OT,Objetado técnicamente (OT),False,DIRECCION DE OBRAS HIDRAULICAS MOP,False,2023,2023,200841000.0
40057064,40057064-0,ADQUISICION DE 3 BUSES ELÉCTRICOS PARA LA COMUNA DE SAN BERNARDO,PROYECTO,TRANSPORTE,"TRANSPORTE URBANO,VIALIDAD PEATONAL",PERFIL,0,2024,,SAN BERNARDO,F.N.D.R.,838194000.0,838.194,,12539.0,,Sin evaluación,False,MUNICIPALIDAD DE SAN BERNARDO,False,2023,2024,838194000.0
40057074,40057074-0,"HABILITACION LUMINARIAS FOTOVOLTAICAS EN SECTORES INSULARES, COMUNA DE QUEMCHI.",PROYECTO,ENERGIA,ALUMBRADO PUBLICO,PERFIL,0,2025,,QUEMCHI,F.N.D.R.,182059000.0,182.059,,160.0,,Sin evaluación,False,MUNICIPALIDAD DE QUEMCHI,False,2023,2025,185000000.0
40057094,40057094-0,ADQUISICION REEMPLAZO ILUMINACION PUBLICA A ILUMINACIÓN LED CON NODO 7 PINES PARA TELEGESTIO,PROYECTO,ENERGIA,ALUMBRADO PUBLICO,PERFIL,0,2025,,PUNTA ARENAS,F.N.D.R.,578542000.0,578.542,,131592.0,,Sin evaluación,False,MUNICIPALIDAD DE PUNTA ARENAS,False,2024,2025,578542000.0
40057130,40057130-0,TRANSFERENCIA PARA EL SERVICIO DE TRANSPORTE PÚBLICO DE CALAMA MEDIANTE 40 BUSES ELECTRICOS,PROGRAMA,TRANSPORTE,"TRANSPORTE URBANO,VIALIDAD PEATONAL",PERFIL,0,2024,ANTOFAGASTA,,F.N.D.R.,11925218000.0,11925.218,14025543.08,194575.0,,Sin evaluación,False,GOBIERNO REGIONAL - REGION DE ANTOFAGASTA,False,2023,2024,11925218000.0
40057176,40057176-0,"CONSTRUCCION NUEVO TERMINAL INTERMODAL, PUNTA ARENAS",PROYECTO,TRANSPORTE,"TRANSPORTE URBANO,VIALIDAD PEATONAL",PERFIL,0,2024,,PUNTA ARENAS,F.N.D.R.,184746000.0,184.746,,125483.0,RS,Recomendado (RS),True,SECTRA,False,2024,2024,184746000.0
40057287,40057287-0,NORMALIZACION CRUCES Y CARPETAS DE RODADO EFE ARICA LA PAZ,PROYECTO,TRANSPORTE,TRANSPORTE FERROVIARIO,PERFIL,0,2025,ARICA Y PARINACOTA,,EMPRESA,1830887000.0,1830.887,,221364.0,RS,Recomendado (RS),True,EMPRESA DE FERROCARRILES DEL ESTADO,False,2024,2025,1830887000.0
40057409,40057409-0,CONSERVACION RED VIAL TALUDES REGION DE VALPARAISO 2024-2026,PROYECTO,TRANSPORTE,TRANSPORTE CAMINERO,EJECUCION,0,2026,VALPARAISO,,SECTORIAL,31945788000.0,31945.788,,50000.0,,Sin evaluación,False,VIALIDAD MOP REGION DE VALPARAISO,False,2023,2026,21580309264000.0
40057456,40057456-0,REPOSICION FERROVIARIA ARENAL - SAN VICENTE,PROYECTO,TRANSPORTE,TRANSPORTE FERROVIARIO,DISEÑO,0,2026,L BIO BIO,,EMPRESA,1262632000.0,1262.632,,158167.0,RS,Recomendado (RS),True,EMPRESA PORTUARIA SAN VICENTE-TALCAHUANO,False,2024,2026,1262632000.0
40057537,40057537-0,"ADQUISICION CONTENEDORES DE RESIDUOS SÓLIDOS DOMICILIARIOS 120 LTS, COMUNA DE VICHUQUÉN",PROYECTO,RECURSOS NATURALES Y MEDIO AMBIENTE,MEDIO AMBIENTE,PERFIL,0,2026,,VICHUQUEN,F.N.D.R.,125039000.0,125.039,,4322.0,,Sin evaluación,False,MUNICIPALIDAD DE VICHUQUEN,False,2024,2026,125039000.0
40057639,40057639-0,MEJORAMIENTO AREA VERDE VILLA CAMILO MORI,PROYECTO,VIVIENDA Y DESARROLLO URBANO,DESARROLLO URBANO,PERFIL,0,2026,,CALLE LARGA,F.N.D.R.,130951000.0,130.951,,200.0,,Sin evaluación,False,MUNICIPALIDAD DE CALLE LARGA,False,2023,2026,130951000.0
40057820,40057820-0,"CONSERVACION ZONAS DE PARADA TRANSPORTE PUBLICO, REGIÓN DE ANTOFAGASTA",PROYECTO,TRANSPORTE,"TRANSPORTE URBANO,VIALIDAD PEATONAL",PERFIL,0,2026,ANTOFAGASTA,,F.N.D.R.,1990387000.0,1990.387,,554284.0,,Sin evaluación,False,SUBSIDIO NACIONAL AL TRANSPORTE PUBLICO,False,2024,2026,1990389000.0
40057850,40057850-0,CONSTRUCCION AREA VERDE VILLA LAS ROSAS PARRAL,PROYECTO,VIVIENDA Y DESARROLLO URBANO,DESARROLLO URBANO,EJECUCION,0,2026,,PARRAL,F.N.D.R.,95175000.0,95.175,,328.0,,Sin evaluación,False,MUNICIPALIDAD DE PARRAL,False,2024,2026,95175000.0
40057900,40057900-0,TRANSFERENCIA LA PAJA DE TRIGO DEL VALLE DEL ITATA: UNA OPORTUNIDAD DE DESARROLLO DE ECONOMIA CIRCULAR Y SOSTENIB,PROGRAMA,,,PERFIL,0,2025,ÑUBLE,,F.N.D.R.,188104000.0,188.104,218850.28,82.0,,Sin evaluación,False,UNIVERSIDAD DE CHILE,False,2023,2025,188104000.0
40057927,40057927-0,CONSTRUCCION PAVIMENTO ADOCRETOS SENDERO EL CARBÓN - PARQUE URBANO MUNICIPAL COYHAIQUE.,PROYECTO,VIVIENDA Y DESARROLLO URBANO,INTERSUBSECTORIAL VIVIENDA Y DESARROLLO URBANO,EJECUCION,0,2024,,COYHAIQUE,F.N.D.R.,306866000.0,306.866,,57818.0,,Sin evaluación,False,MUNICIPALIDAD DE COYHAIQUE,False,2023,2024,306866000.0
40057992,40057992-0,CONSERVACION RED PRIMARIA DE AGUAS LLUVIAS REGION DE MAGALLANES 2025 - 2026,PROYECTO,RECURSOS HIDRICOS,RIEGO,PERFIL,0,2025,MAGALLANES Y ANTARTICA,,SECTORIAL,345912000.0,345.912,,2.0,,Sin evaluación,False,DIRECCION DE OBRAS HIDRAULICAS MOP,False,2025,2025,345912000.0
40057993,40057993-0,CONSERVACION RED PRIMARIA DE AGUAS LLUVIAS REGION DE LOS LAGOS 2025 - 2027,PROYECTO,RECURSOS HIDRICOS,AGUAS LLUVIAS,PERFIL,0,2025,LOS LAGOS,,SECTORIAL,3110102000.0,3110.102,,2.0,,Sin evaluación,False,DIRECCION DE OBRAS HIDRAULICAS MOP,False,2025,2025,3110102000.0
40057995,40057995-0,CONSERVACION RED PRIMARIA DE AGUAS LLUVIAS REGION DE LOS RIOS 2024 - 2025,PROYECTO,RECURSOS HIDRICOS,AGUAS LLUVIAS,EJECUCION,0,2025,LOS RIOS,,SECTORIAL,998541000.0,998.541,,166080.0,,Sin evaluación,False,DIRECCION DE OBRAS HIDRAULICAS MOP,False,2024,2025,998541000.0
40057997,40057997-0,CONSERVACION DE RIBERAS DE CAUCES NATURALES REGION DE LOS RIOS 2026 - 2028,PROYECTO,RECURSOS HIDRICOS,"DEFENSAS FLUVIALES,MARITIMAS Y CAUCES NATURALES",PERFIL,0,2026,LOS RIOS,,SECTORIAL,14292609000.0,14292.609,,100000.0,,Sin evaluación,False,DIRECCION DE OBRAS HIDRAULICAS MOP REGION DE LOS RIOS,False,2024,2026,14292609000.0
40057998,40057998-0,CONSERVACION RED PRIMARIA DE AGUAS LLUVIAS REGION DE OHIGGINS 2024 - 2026,PROYECTO,RECURSOS HIDRICOS,AGUAS LLUVIAS,PERFIL,0,2024,L LIBERTADOR GENERAL,,SECTORIAL,11995525000.0,11995.525,,2.0,,Sin evaluación,False,DIRECCION DE OBRAS HIDRAULICAS MOP,False,2024,2024,11995525000.0
40058001,40058001-0,CONSERVACION RED PRIMARIA DE AGUAS LLUVIAS REGION METROPOLITANA ALL26-3,PROYECTO,RECURSOS HIDRICOS,AGUAS LLUVIAS,PERFIL,0,2026,METROPOLITANA DE SANTIAGO,,SECTORIAL,7263390000.0,7263.39,,3575882.0,,Sin evaluación,False,DIRECCION DE OBRAS HIDRAULICAS MOP,False,2024,2026,7263390000.0
40058102,40058102-0,MEJORAMIENTO AREA VERDE Y MULTICANCHA VILLA DON FRANCISCO,PROYECTO,VIVIENDA Y DESARROLLO URBANO,DESARROLLO URBANO,PERFIL,0,2025,,CASABLANCA,F.N.D.R.,83306000.0,83.306,,545.0,,Sin evaluación,False,MUNICIPALIDAD DE CASABLANCA,False,2023,2025,83306000.0
40058105,40058105-0,MEJORAMIENTO AREA VERDE Y MULTICANCHA VILLA DON ALVARO,PROYECTO,VIVIENDA Y DESARROLLO URBANO,DESARROLLO URBANO,PERFIL,0,2026,,CASABLANCA,F.N.D.R.,84854000.0,84.854,,734.0,,Sin evaluación,False,MUNICIPALIDAD DE CASABLANCA,False,2023,2026,84854000.0
40058111,40058111-0,"CONSTRUCCION SISTEMA DE TRANSPORTE PUBLICO MASIVO, ANTOFAGASTA",PROYECTO,TRANSPORTE,INTERSUBSECTORIAL TRANSPORTE,PREFACTIBILIDAD,0,2026,,ANTOFAGASTA,SECTORIAL,736430000.0,736.43,,441211.0,RS,Recomendado (RS),True,SECTRA,False,2024,2026,885704000.0
40058137,40058137-0,"MEJORAMIENTO AREA VERDE CAMINO VIEJO ESCORIAL, PANQUEHUE",PROYECTO,VIVIENDA Y DESARROLLO URBANO,DESARROLLO URBANO,PERFIL,0,2025,,PANQUEHUE,F.N.D.R.,17193000.0,17.193,,720.0,,Sin evaluación,False,MUNICIPALIDAD DE PANQUEHUE,False,2023,2025,17193000.0
40058149,40058149-0,MEJORAMIENTO AREA VERDE JOSE YAÑEZ,PROYECTO,VIVIENDA Y DESARROLLO URBANO,DESARROLLO URBANO,PERFIL,0,2026,,CONCON,F.N.D.R.,128892000.0,128.892,,2765.0,,Sin evaluación,False,MUNICIPALIDAD DE CONCON,False,2023,2026,128892000.0
40058154,40058154-0,"HABILITACION AREA VERDE VILLA AIRES DE CATAPILCO, COMUNA DE ZAPALLAR",PROYECTO,VIVIENDA Y DESARROLLO URBANO,DESARROLLO URBANO,PERFIL,0,2026,,ZAPALLAR,F.N.D.R.,157960000.0,157.96,,776.0,,Sin evaluación,False,MUNICIPALIDAD DE ZAPALLAR,False,2023,2026,157960000.0
40058261,40058261-0,"ADQUISICION EQUIPOS DOTACION DE ENERGIA FOTOVOLTAICA, COMUNA DE TIRÚA",PROYECTO,ENERGIA,AUTOGENERACION,PERFIL,0,2025,,TIRUA,F.N.D.R.,403376000.0,403.376,,190.0,,Sin evaluación,False,MUNICIPALIDAD DE TIRUA,False,2024,2025,403376000.0
40058390,40058390-0,PROTECCION DE INCENDIOS FORESTALES EN LOS SANTUARIOS DE LA NATURALEZA EN LA RMS,PROGRAMA,RECURSOS NATURALES Y MEDIO AMBIENTE,MEDIO AMBIENTE,PERFIL,0,2025,METROPOLITANA DE SANTIAGO,,F.N.D.R.,416449000.0,416.449,484519.09,996346.0,,Sin evaluación,False,GOBIERNO REGIONAL - REGION METROPOLITANA DE SANTIAGO,False,2023,2025,416449000.0
40058466,40058466-0,"CONSERVACION DE ESPACIOS PÚBLICOS PARA INFRAESTRUCTURA VERDE, PLAZA LOS ACANTOS,",PROYECTO,VIVIENDA Y DESARROLLO URBANO,INTERSUBSECTORIAL VIVIENDA Y DESARROLLO URBANO,PERFIL,0,2026,,VALPARAISO,SECTORIAL,235020000.0,235.02,,4888.0,,Sin evaluación,False,SEREMI VIVIENDA REGION DE VALPARAISO,False,2024,2026,235020000.0
40058484,40058484-0,"REPOSICION CAMIONES RECOLECTORES DE BASURA Y ADQUISICIÓN CONTENEDORES, LOS MUERMOS",PROYECTO,RECURSOS NATURALES Y MEDIO AMBIENTE,MEDIO AMBIENTE,PERFIL,0,2026,,LOS MUERMOS,F.N.D.R.,577206000.0,577.206,,17068.0,,Sin evaluación,False,MUNICIPALIDAD DE LOS MUERMOS,False,2024,2026,827997000.0
40058784,40058784-0,ADQUISICION VERMICOMPOSTERAS PARA VALORIZACION DE RESIDUOS ORGANICOS COMUNA DE INDEPENDENCIA,PROYECTO,RECURSOS NATURALES Y MEDIO AMBIENTE,MEDIO AMBIENTE,PERFIL,0,2023,,INDEPENDENCIA,F.N.D.R.,505750000.0,505.75,,100281.0,,Sin evaluación,False,MUNICIPALIDAD DE INDEPENDENCIA,False,2023,2023,505750000.0
40058866,40058866-0,ADQUISICION CONTENEDORES DE RSD PARA LA COMUNA DE ANTUCO,PROYECTO,RECURSOS NATURALES Y MEDIO AMBIENTE,MEDIO AMBIENTE,PERFIL,0,2024,,ANTUCO,F.N.D.R.,70697000.0,70.697,,4524.0,,Sin evaluación,False,MUNICIPALIDAD DE ANTUCO,False,2023,2024,70697000.0
40058867,40058867-0,ADQUISICION MÁQUINAS DE OPERACIÓN Y MANTENCIÓN PARQUE URBANO MUNICIPAL COYHAIQUE,PROYECTO,VIVIENDA Y DESARROLLO URBANO,DESARROLLO URBANO,PERFIL,0,2026,,COYHAIQUE,F.N.D.R.,676522000.0,676.522,,57818.0,,Sin evaluación,False,MUNICIPALIDAD DE COYHAIQUE,False,2024,2026,676523000.0
40058868,40058868-0,NORMALIZACION DE CRUCES VÍA EL ARENAL - PUERTO SAN VICENTE,PROYECTO,TRANSPORTE,TRANSPORTE FERROVIARIO,EJECUCION,0,2026,L BIO BIO,,EMPRESA,1522966000.0,1522.966,,158347.0,RS,Recomendado (RS),True,EMPRESA PORTUARIA SAN VICENTE-TALCAHUANO,False,2024,2026,1522966000.0
40058898,40058898-0,ADQUISICION CAMIONETA PARA OPERACIÓN DEL RELLENO SANITARIO ASOCIACIÓN ARAUCO CURANILAHUE,PROYECTO,RECURSOS NATURALES Y MEDIO AMBIENTE,MEDIO AMBIENTE,PERFIL,0,2023,,,F.N.D.R.,29738000.0,29.738,,68545.0,,Sin evaluación,False,ASOCIACIÓN DE MUNICIPALIDADES DE ARAUCO,False,2023,2023,29738000.0
40058908,40058908-0,"TRANSFERENCIA PILOTO DE RE-FORESTACIÓN CON RECUPERACIÓN DE SUELOS, PRODUCCIÓN DE FORRAJEO",PROGRAMA,RECURSOS NATURALES Y MEDIO AMBIENTE,SILVICULTURA,PERFIL,0,2025,COQUIMBO,,F.N.D.R.,300000000.0,300.0,349036.08,1000.0,,Sin evaluación,False,GOBIERNO REGIONAL - REGION DE COQUIMBO,False,2023,2025,300000000.0
40058944,40058944-0,"CONSERVACION SANITIZACIÒN DE ESTANQUES DE AGUA POTABLE, PARQUEMET",PROYECTO,VIVIENDA Y DESARROLLO URBANO,DESARROLLO URBANO,PERFIL,0,2023,METROPOLITANA DE SANTIAGO,,SECTORIAL,30000000.0,30.0,,5000000.0,,Sin evaluación,False,PARQUE METROPOLITANO,False,2023,2023,30000000.0
40058946,40058946-0,"CONSERVACION DE SISTEMAS HIDRICOS Y EVACUACION DE AGUAS LLUVIAS, PARQUEMET",PROYECTO,VIVIENDA Y DESARROLLO URBANO,DESARROLLO URBANO,PERFIL,0,2023,METROPOLITANA DE SANTIAGO,,SECTORIAL,564000000.0,564.0,,5000000.0,,Sin evaluación,False,PARQUE METROPOLITANO,False,2023,2023,564000000.0
40058968,40058968-0,MEJORAMIENTO TRANSPORTE PUBLICO MEDIANTE SEMAFORIZACION COMUNA DE IQUIQUE PREFACTIBILIDAD,PROYECTO,TRANSPORTE,"TRANSPORTE URBANO,VIALIDAD PEATONAL",PERFIL,0,2024,,IQUIQUE,F.N.D.R.,299379000.0,299.379,,229072.0,OT,Objetado técnicamente (OT),False,MUNICIPALIDAD DE IQUIQUE,False,2024,2024,299379000.0
40059037,40059037-0,"CONSTRUCCION COLECTOR INTERCEPTOR DE AGUAS SERVIDAS AV. FREI, PUNTA ARENAS",PROYECTO,VIVIENDA Y DESARROLLO URBANO,INTERSUBSECTORIAL VIVIENDA Y DESARROLLO URBANO,PERFIL,0,2025,,PUNTA ARENAS,F.N.D.R.,7404802000.0,7404.802,,9014.0,RS,Recomendado (RS),True,SEREMI VIVIENDA REGION DE MAGALLANES Y ANTARTICA CHILENA,False,2024,2025,7404802000.0
40059117,40059117-0,TRANSFERENCIA BIOFILTROS DOMICILIARIOS PARA LA UTILIZACIÓN DE AGUAS GRISES CON RIEGO TECNIFICA,PROGRAMA,RECURSOS NATURALES Y MEDIO AMBIENTE,AGRICULTURA,EJECUCION,0,2025,L LIBERTADOR GENERAL,,F.N.D.R.,164940000.0,164.94,191900.04,24.0,,Sin evaluación,False,GOBIERNO REGIONAL - REGION DEL LIBERTADOR GENERAL BERNARDO O'HIGGINS,False,2023,2025,164940000.0
40059129,40059129-0,REPOSICION DEL SISTEMA ERP DE MANTENIMIENTO INFOR EAM DE METRO S.A.,PROYECTO,TRANSPORTE,"TRANSPORTE URBANO,VIALIDAD PEATONAL",EJECUCION,0,2026,METROPOLITANA DE SANTIAGO,,EMPRESA,333882000.0,333.882,,56.0,RS,Recomendado (RS),True,METRO S.A.,False,2024,2026,333882000.0
40059134,40059134-0,"CONSERVACION URGENCIA PROTECCIÓN COSTERA AV CARLOS ALESSANDRI, ALGARROBO",PROYECTO,VIVIENDA Y DESARROLLO URBANO,"BORDE COSTERO,PASEOS PEATONALES, PLAYAS",EJECUCION,0,2026,,ALGARROBO,SECTORIAL,3969587000.0,3969.587,,10919.0,,Sin evaluación,False,DIRECCION DE OBRAS PORTUARIAS MOP,False,2024,2026,3969587000.0
40059157,40059157-0,CONSERVACION GLOBAL DE CAUCES NATURALES CUENCA DEL RÍO ANDALIÉN 2024 - 2026,PROYECTO,RECURSOS HIDRICOS,"DEFENSAS FLUVIALES,MARITIMAS Y CAUCES NATURALES",EJECUCION,0,2026,L BIO BIO,,SECTORIAL,1150507000.0,1150.507,,100000.0,RE,Reevaluación (RE),False,DIRECCION DE OBRAS HIDRAULICAS MOP,False,2024,2026,1150507000.0
40059216,40059216-0,CONSERVACION PARQUE URBANO PLACILLA COMUNA DE VALPARAISO,PROYECTO,VIVIENDA Y DESARROLLO URBANO,DESARROLLO URBANO,PERFIL,1,2026,,VALPARAISO,SECTORIAL,720002000.0,720.002,,39500.0,,Sin evaluación,False,SEREMI VIVIENDA REGION DE VALPARAISO,False,2024,2026,2162499000.0
40059234,40059234-0,"CONSERVACION INFRAESTRUCTURA MENOR PARA EL TRANSPORTE PÚBLICO EJE ERRÁZURIZ, VALPARAÍSO",PROYECTO,TRANSPORTE,"TRANSPORTE URBANO,VIALIDAD PEATONAL",EJECUCION,0,2025,,VALPARAISO,SECTORIAL,1853526000.0,1853.526,,316747.0,,Sin evaluación,False,SUBSIDIO NACIONAL AL TRANSPORTE PUBLICO,False,2024,2025,1853526000.0
40059236,40059236-0,RECUPERACION DE SUELOS DEGRADADOS PARA EL DESARROLLO DE LA PEQUENA AGRICULTURA,PROGRAMA,RECURSOS NATURALES Y MEDIO AMBIENTE,AGRICULTURA,PERFIL,0,2026,,,F.N.D.R.,451193000.0,451.193,510058.9,200.0,,Sin evaluación,False,INSTITUTO DESARROLLO AGROPECUARIO REGION DE TARAPACA,False,2024,2026,451193000.0
40059342,40059342-0,TRANSFERENCIA RESTAURACIÓN Y MANEJO FORESTAL DE BOSQUE NATIVO Y PLANTACIONES EN AYSEN,PROGRAMA,RECURSOS NATURALES Y MEDIO AMBIENTE,SILVICULTURA,EJECUCION,0,2026,AISEN DEL GENERAL CARLOS,,F.N.D.R.,7660084000.0,7660.084,8659473.88,60000.0,,Sin evaluación,False,CORPORACION NACIONAL FORESTAL REGION DE AISEN DEL GENERAL CARLOS IBAÑEZ DEL CAMPO,False,2024,2026,7660084000.0
40059345,40059345-0,CAPACITACION PLAN DE SOSTENIBILIDAD Y TRANSICIÓN A LA AGROECOLOGÍA,PROGRAMA,RECURSOS NATURALES Y MEDIO AMBIENTE,AGRICULTURA,PERFIL,0,2024,,,F.N.D.R.,794894000.0,794.894,934894.44,110.0,OT,Objetado técnicamente (OT),False,INSTITUTO DESARROLLO AGROPECUARIO REGION DE TARAPACA,False,2024,2024,794894000.0
40059375,40059375-0,REPOSICION INFRAESTRUCTURA FERROVIARIA SECTOR TEMUCO - GORBEA,PROYECTO,TRANSPORTE,TRANSPORTE FERROVIARIO,EJECUCION,0,2026,LA ARAUCANIA,,EMPRESA,85186012000.0,85186.012,,459878.0,RS,Recomendado (RS),True,EMPRESA DE FERROCARRILES DEL ESTADO,False,2024,2026,85186012000.0
40059379,40059379-0,HABILITACION SERVICIO FERROVIARIO DE PASAJEROS ENTRE TEMUCO Y GORBEA,PROYECTO,TRANSPORTE,TRANSPORTE FERROVIARIO,EJECUCION,0,2026,LA ARAUCANIA,,EMPRESA,70789736000.0,70789.736,,459878.0,RS,Recomendado (RS),True,EMPRESA DE FERROCARRILES DEL ESTADO,False,2024,2026,70789736000.0
40059390,40059390-0,CONSERVACION PARQUE URBANO CERRO LA COPA,PROYECTO,VIVIENDA Y DESARROLLO URBANO,DESARROLLO URBANO,PERFIL,0,2026,,LA ESTRELLA,SECTORIAL,322291000.0,322.291,,3114.0,,Sin evaluación,False,SEREMI VIVIENDA REGION DEL LIBERTADOR GENERAL BERNARDO O'HIGGINS,False,2026,2026,322291000.0
40059391,40059391-0,NORMALIZACION TÉCNICA DE SEGURIDAD Y CALIDAD DE SERVICIO DE SEE EN EFE CENTRAL Y EFE SUR,PROYECTO,TRANSPORTE,TRANSPORTE FERROVIARIO,EJECUCION,0,2026,,,EMPRESA,4726265000.0,4726.265,,12970616.0,RS,Recomendado (RS),True,EMPRESA DE FERROCARRILES DEL ESTADO,False,2024,2026,4726265000.0
40059416,40059416-0,"CONSERVACION PARQUE URBANO ESMERALDA, COPIAPO",PROYECTO,VIVIENDA Y DESARROLLO URBANO,DESARROLLO URBANO,PERFIL,1,2026,,COPIAPO,MUNICIPAL,498991000.0,498.991,,5000.0,,Sin evaluación,False,SEREMI VIVIENDA REGION DE ATACAMA,False,2024,2026,498991000.0
40059446,40059446-0,ADQUISICION DE EQUIPOS DE SEGURIDAD PARA VIGILANTES PRIVADOS DE ESTACIONES EN RED METRO S.A.,PROYECTO,TRANSPORTE,"TRANSPORTE URBANO,VIALIDAD PEATONAL",EJECUCION,0,2026,METROPOLITANA DE SANTIAGO,,EMPRESA,1095947000.0,1095.947,,492.0,RS,Recomendado (RS),True,METRO S.A.,False,2024,2026,1095947000.0
40059507,40059507-0,"CONSTRUCCION CENTRO DE VALORIZACION PILOTO MUNICIPAL DE RSDYA, COMUNA DE RANCAGUA",PROYECTO,RECURSOS NATURALES Y MEDIO AMBIENTE,MEDIO AMBIENTE,PERFIL,0,2024,,RANCAGUA,F.N.D.R.,330000000.0,330.0,,300533.0,,Sin evaluación,False,MUNICIPALIDAD DE RANCAGUA,False,2024,2024,330000000.0
40059560,40059560-0,"INSTALACION LUMINARIAS DE EMERGENCIA SOLAR PÚBLICA, COMUNA DE COBQUECURA 2024.",PROYECTO,ENERGIA,ALUMBRADO PUBLICO,PERFIL,0,2025,,COBQUECURA - REGION DE,F.N.D.R.,111133000.0,111.133,,500.0,,Sin evaluación,False,MUNICIPALIDAD DE COBQUECURA,False,2023,2025,111133000.0
40059576,40059576-0,HABILITACION DE RECINTOS PARA GRAN REVISIÓN DE TRENES NS-04 Y NS-16 TALLER NEPTUNO METRO S.A.,PROYECTO,TRANSPORTE,"TRANSPORTE URBANO,VIALIDAD PEATONAL",EJECUCION,0,2026,METROPOLITANA DE SANTIAGO,,EMPRESA,4422678000.0,4422.678,,849364.0,RS,Recomendado (RS),True,METRO S.A.,False,2024,2026,4422678000.0
40059636,40059636-0,"AMPLIACION RED HIDROMÉTRICA, CONTEXTO EMERGENCIA Y CAMBIO CLIMÁTICO REGIÓN DEL BIOBÍO",PROYECTO,RECURSOS HIDRICOS,RECURSOS HIDRICOS,EJECUCION,0,2026,L BIO BIO,,SECTORIAL,86099000.0,86.099,,1556805.0,RS,Recomendado (RS),True,DIRECCION AGUAS MOP REGION DEL BIO BIO,False,2024,2026,681782000.0
40059642,40059642-0,"CONSTRUCCION RED DE AGUA POTABLE Y ALCANTARILLADO VILLA EL BOLDO, COMUNA DE PENCO",PROYECTO,VIVIENDA Y DESARROLLO URBANO,DESARROLLO URBANO,PERFIL,0,2025,,PENCO,SECTORIAL,499088000.0,499.088,,99.0,OT,Objetado técnicamente (OT),False,MUNICIPALIDAD DE PENCO,False,2024,2025,499088000.0
40059666,40059666-0,RECUPERACION SIST. INCENTIVOS PARA SUSTENTABILIDAD AGROAMBIENTAL SUELOS DEGRADADOS,PROGRAMA,RECURSOS NATURALES Y MEDIO AMBIENTE,AGRICULTURA,EJECUCION,0,2025,L LIBERTADOR GENERAL,,F.N.D.R.,2065466000.0,2065.466,2403073.84,192.0,,Sin evaluación,False,SERVICIO AGRICOLA GANADERO REGION DEL LIBERTADOR GENERAL BERNARDO O'HIGGINS,False,2024,2025,2065466000.0
40059750,40059750-0,CONSTRUCCION CORREDOR FERROVIARIO DE TRANSPORTE PÚBLICO LA UNION - PUERTO MONTT,PROYECTO,TRANSPORTE,TRANSPORTE FERROVIARIO,PERFIL,0,2024,,,SECTORIAL,465748000.0,465.748,,897303.0,OT,Objetado técnicamente (OT),False,SECTRA,False,2024,2024,465748000.0
40059754,40059754-0,CONSTRUCCION NUEVO ACCESO NORTE FERROVIARIO A CONCEPCION,PROYECTO,TRANSPORTE,TRANSPORTE FERROVIARIO,PREFACTIBILIDAD,0,2026,,,SECTORIAL,1272222000.0,1272.222,,2076242.0,RS,Recomendado (RS),True,SECTRA,False,2024,2026,1563005000.0
40059766,40059766-0,CONSERVACION POR AD DE RIBERAS DE CAUCES NATURALES INTERREGIONAL 2024,PROYECTO,RECURSOS HIDRICOS,"DEFENSAS FLUVIALES,MARITIMAS Y CAUCES NATURALES",EJECUCION,0,2024,,,SECTORIAL,407000000.0,407.0,,1360232.0,,Sin evaluación,False,DIRECCION DE OBRAS HIDRAULICAS MOP,False,2024,2024,407000000.0
40059781,40059781-0,"HABILITACION DE CORREDOR FERROVIARIO DE TRANSPORTE PUBLICO LONCOCHE, VILLARRICA Y PUCON",PROYECTO,TRANSPORTE,TRANSPORTE FERROVIARIO,PREFACTIBILIDAD,0,2026,,,SECTORIAL,642522000.0,642.522,,110198.0,RS,Recomendado (RS),True,SECTRA,False,2024,2026,729403000.0
40059811,40059811-0,"CONSTRUCCION COLECTOR RED PRIMARIA AGUAS LLUVIAS AV. ANGELMO, COMUNA DE PUERTO MONTT",PROYECTO,RECURSOS HIDRICOS,AGUAS LLUVIAS,PERFIL,0,2026,,PUERTO MONTT,SECTORIAL,252983000.0,252.983,,96.0,RS,Recomendado (RS),True,DIRECCION DE OBRAS HIDRAULICAS MOP REGION DE LOS LAGOS,False,2025,2026,252983000.0
40059867,40059867-0,"CONSTRUCCION CICLOVÍA EN RUTA G-986, SECTOR SAN SEBASTIAN - MIRASOL, COM. EL TABO - ALGARROBO",PROYECTO,TRANSPORTE,TRANSPORTE CAMINERO,DISEÑO,0,2026,VALPARAISO,,SECTORIAL,258450000.0,258.45,,9000.0,RS,Recomendado (RS),True,VIALIDAD MOP REGION DE VALPARAISO,False,2024,2026,258450000.0
40059942,40059942-0,ADQUISICION MODULOS PARA VIVERO REGIONAL ANTOFAGASTA,PROYECTO,RECURSOS NATURALES Y MEDIO AMBIENTE,SILVICULTURA,PERFIL,0,2024,ANTOFAGASTA,,F.N.D.R.,122094000.0,122.094,,135873.0,,Sin evaluación,False,CORPORACION NACIONAL FORESTAL REGION DE ANTOFAGASTA,False,2024,2024,122094000.0
40059946,40059946-0,CONSERVACION (NO VALIDA) OBRAS DE EMERGENCIA ESTACIÓN FERROVIARIA DE TENO,PROYECTO,TRANSPORTE,TRANSPORTE FERROVIARIO,PERFIL,0,2024,,TENO,EMPRESA,154804000.0,154.804,,31639.0,,Sin evaluación,False,EMPRESA DE FERROCARRILES DEL ESTADO,False,2024,2024,154804000.0
40059968,40059968-0,MEJORAMIENTO SERVICIO FERROVIARIO DE PASAJEROS EN LA REGIÓN DE LA ARAUCANÍA,PROYECTO,TRANSPORTE,TRANSPORTE FERROVIARIO,PERFIL,0,2026,LA ARAUCANIA,,EMPRESA,4465667000.0,4465.667,,459878.0,RS,Recomendado (RS),True,EMPRESA DE FERROCARRILES DEL ESTADO,False,2024,2026,4465667000.0
40059970,40059970-0,AMPLIACION CAPACIDAD SERVICIO FERROVIARIO DE PASAJEROS ENTRE CONCEPCIÓN Y CORONEL: FASE I,PROYECTO,TRANSPORTE,TRANSPORTE FERROVIARIO,EJECUCION,0,2026,L BIO BIO,,EMPRESA,167757533000.0,167757.533,,519529.0,RS,Recomendado (RS),True,EMPRESA DE FERROCARRILES DEL ESTADO,False,2024,2026,167757533000.0
40059971,40059971-0,AMPLIACION CAPACIDAD SERVICIO FERROVIARIO DE PASAJEROS ENTRE CONCEPCIÓN Y CORONEL: FASE II,PROYECTO,TRANSPORTE,TRANSPORTE FERROVIARIO,FACTIBILIDAD,0,2026,L BIO BIO,,EMPRESA,6491746000.0,6491.746,,519529.0,RS,Recomendado (RS),True,EMPRESA DE FERROCARRILES DEL ESTADO,False,2024,2026,6491746000.0
40060034,40060034-0,CONSERVACION DE INFRAESTRUCTURA DE ESTACION DE TREN RENGO,PROYECTO,TRANSPORTE,TRANSPORTE FERROVIARIO,PERFIL,0,2026,,RENGO,F.N.D.R.,717670000.0,717.67,,58825.0,,Sin evaluación,False,ARQUITECTURA MOP REGION DEL LIBERTADOR GENERAL BERNARDO O'HIGGINS,False,2024,2026,717670000.0
40060035,40060035-0,"CONSERVACION DE INFRAESTRUCTURA DE ESTACION DE TREN PELEQUEN, MALLOA",PROYECTO,TRANSPORTE,TRANSPORTE FERROVIARIO,PERFIL,0,2025,,MALLOA,F.N.D.R.,759412000.0,759.412,,2981.0,,Sin evaluación,False,ARQUITECTURA MOP REGION DEL LIBERTADOR GENERAL BERNARDO O'HIGGINS,False,2024,2025,759412000.0
40060051,40060051-0,"CONSERVACION SSR CUTEMU LA QUEBRADA, DE PAREDONES. (Res. DOH N°1012/2023)",PROYECTO,RECURSOS HIDRICOS,AGUA POTABLE,EJECUCION,0,2026,,PAREDONES,SECTORIAL,283779000.0,283.779,,902.0,,Sin evaluación,False,SUBDIRECCION DE SERVICIOS SANITARIOS RURALES MOP,False,2024,2026,283779000.0
40060112,40060112-0,CONSERVACION RED PRIMARIA DE AGUAS LLUVIAS REGION DE OHIGGINS 2025,PROYECTO,RECURSOS HIDRICOS,AGUAS LLUVIAS,PERFIL,0,2026,,,SECTORIAL,348833000.0,348.833,,103573.0,,Sin evaluación,False,DIRECCION DE OBRAS HIDRAULICAS MOP,False,2024,2026,348833000.0
40060123,40060123-0,REPOSICION E IMPLEMENTACIÓN DE UN DATACENTER CLOUD PARA METRO S.A.,PROYECTO,TRANSPORTE,"TRANSPORTE URBANO,VIALIDAD PEATONAL",EJECUCION,0,2026,METROPOLITANA DE SANTIAGO,,EMPRESA,3318974000.0,3318.974,,4676.0,RS,Recomendado (RS),True,METRO S.A.,False,2024,2026,3318974000.0
40060128,40060128-0,"ADQUISICION CUATRO BUSES ELÉCTRICOS, COMUNA DE PIRQUE",PROYECTO,TRANSPORTE,"TRANSPORTE URBANO,VIALIDAD PEATONAL",PERFIL,0,2025,,PIRQUE,F.N.D.R.,1600683000.0,1600.683,,33035.0,,Sin evaluación,False,MUNICIPALIDAD DE PIRQUE,False,2025,2025,1600683000.0
40060137,40060137-0,CONSTRUCCION SERVICIO FERROVIARIO DE PASAJEROS ENTRE LAS CIUDADES DE CORONEL Y LOTA,PROYECTO,TRANSPORTE,TRANSPORTE FERROVIARIO,DISEÑO,0,2026,L BIO BIO,,EMPRESA,17226744000.0,17226.744,,173743.0,RS,Recomendado (RS),True,EMPRESA DE FERROCARRILES DEL ESTADO,False,2024,2026,20449130000.0
40060169,40060169-0,CONSERVACION OBRAS CONTROL ALUVIONAL CERRO DIVISADERO,PROYECTO,RECURSOS HIDRICOS,"DEFENSAS FLUVIALES,MARITIMAS Y CAUCES NATURALES",PERFIL,0,2026,,COYHAIQUE,SECTORIAL,1292934000.0,1292.934,,57818.0,,Sin evaluación,False,DIRECCION DE OBRAS HIDRAULICAS MOP,False,2025,2026,1292934000.0
40060170,40060170-0,CONSERVACION RED PRIMARIA DE AGUAS LLUVIAS REGIÓN DE LA ARAUCANÍA 2025 - 2027,PROYECTO,RECURSOS HIDRICOS,AGUAS LLUVIAS,PERFIL,0,2025,LA ARAUCANIA,,SECTORIAL,4577511000.0,4577.511,,358541.0,,Sin evaluación,False,DIRECCION DE OBRAS HIDRAULICAS MOP,False,2025,2025,4577511000.0
40060308,40060308-0,ADQUISICION DOS BUSES ELÉCTRICOS PARA LA COMUNA DE LO BARNECHEA,PROYECTO,TRANSPORTE,"TRANSPORTE URBANO,VIALIDAD PEATONAL",PERFIL,0,2024,,BARNECHEA,F.N.D.R.,576294000.0,576.294,,126816.0,,Sin evaluación,False,MUNICIPALIDAD DE BARNECHEA,False,2024,2024,576294000.0
40060309,40060309-0,CONSERVACION DE MATERIAL RODANTE XM08,PROYECTO,TRANSPORTE,TRANSPORTE FERROVIARIO,EJECUCION,0,2025,METROPOLITANA DE SANTIAGO,,EMPRESA,1928150000.0,1928.15,,43890.0,,Sin evaluación,False,EMPRESA DE FERROCARRILES DEL ESTADO,False,2024,2025,1928150000.0
40060312,40060312-0,CONSTRUCCION PLAN DE CIERRE ANTIGUO VERTEDERO COMUNA DE VILLARRICA,PROYECTO,RECURSOS NATURALES Y MEDIO AMBIENTE,MEDIO AMBIENTE,PERFIL,0,2026,,VILLARRICA,F.N.D.R.,2691915000.0,2691.915,,79124.0,,Sin evaluación,False,MUNICIPALIDAD DE VILLARRICA,False,2024,2026,2691915000.0
40060431,40060431-0,CONSERVACION CICLOVIA AVDA PADRE HURTADO Y OTRAS DE CONCEPCIÓN,PROYECTO,TRANSPORTE,"TRANSPORTE URBANO,VIALIDAD PEATONAL",PERFIL,0,2024,L BIO BIO,,SECTORIAL,1158900000.0,1158.9,,119574.0,,Sin evaluación,False,SUBSIDIO NACIONAL AL TRANSPORTE PUBLICO,False,2024,2024,1158900000.0
40060564,40060564-0,"MEJORAMIENTO AREA VERDE LOS JARDINES, COMUNA DE PADRE HURTADO",PROYECTO,VIVIENDA Y DESARROLLO URBANO,DESARROLLO URBANO,PERFIL,0,2024,,PADRE HURTADO,F.N.D.R.,152763000.0,152.763,,2385.0,,Sin evaluación,False,MUNICIPALIDAD DE PADRE HURTADO,False,2024,2024,152763000.0
40060568,40060568-0,"MEJORAMIENTO ÁREA VERDE MADRE SELVA, COMUNA DE PADRE HURTADO",PROYECTO,VIVIENDA Y DESARROLLO URBANO,DESARROLLO URBANO,PERFIL,0,2024,,PADRE HURTADO,F.N.D.R.,139739000.0,139.739,,1685.0,,Sin evaluación,False,MUNICIPALIDAD DE PADRE HURTADO,False,2024,2024,139739000.0
40060590,40060590-0,"CONSTRUCCION PLANTA DE COMPOSTAJE MUNICIPAL, TALCA",PROYECTO,RECURSOS NATURALES Y MEDIO AMBIENTE,MEDIO AMBIENTE,PERFIL,1,2024,,TALCA,SECTORIAL,371933000.0,371.933,,24234.0,IN,Incumplimiento (IN),False,MUNICIPALIDAD DE TALCA,False,2024,2024,371933000.0
40060624,40060624-0,CONSTRUCCION EMPALME FERROVIARIO ZEAP - PUERTO ARICA,PROYECTO,TRANSPORTE,"TRANSPORTE MARITIMO, FLUVIAL Y LACUSTRE",PERFIL,0,2024,ARICA Y PARINACOTA,,EMPRESA,44805000.0,44.805,,7000.0,RS,Recomendado (RS),True,EMPRESA PORTUARIA DE ARICA REGION DE ARICA Y PARINACOTA,False,2024,2024,44805000.0
40060676,40060676-0,CONSERVACION DE MATERIAL RODANTE FLOTA TLD SERIE 593,PROYECTO,TRANSPORTE,TRANSPORTE FERROVIARIO,EJECUCION,0,2025,LOS LAGOS,,EMPRESA,3931332000.0,3931.332,,308000.0,,Sin evaluación,False,EMPRESA DE FERROCARRILES DEL ESTADO,False,2024,2025,3931332000.0
40060687,40060687-0,ADQUISICION DE 3 TRENES PARA LÍNEA 6 DE METRO S.A.,PROYECTO,TRANSPORTE,TRANSPORTE FERROVIARIO,EJECUCION,0,2026,METROPOLITANA DE SANTIAGO,,EMPRESA,51512207000.0,51512.207,,127768.0,RS,Recomendado (RS),True,METRO S.A.,False,2024,2026,51512207000.0
40060710,40060710-0,CONSERVACION RED PRIMARIA DE AGUAS LLUVIAS REGION DEL BIOBIO 2025,PROYECTO,RECURSOS HIDRICOS,AGUAS LLUVIAS,EJECUCION,0,2026,L BIO BIO,,SECTORIAL,2681006000.0,2681.006,,1350000.0,,Sin evaluación,False,DIRECCION DE OBRAS HIDRAULICAS MOP,False,2025,2026,2681006000.0
40060761,40060761-0,CONSTRUCCION EXTENSIÓN LÍNEA 9 DE LA RED DE METRO S.A.,PROYECTO,TRANSPORTE,"TRANSPORTE URBANO,VIALIDAD PEATONAL",FACTIBILIDAD,0,2026,METROPOLITANA DE SANTIAGO,,EMPRESA,62264549000.0,62264.549,,2000000.0,RS,Recomendado (RS),True,METRO S.A.,False,2024,2026,62264549000.0
40060778,40060778-0,CONSERVACION INFRAESTRUCTURA VIAL DEL SISTEMA DE TRANSPORTE PÚBLICO METROPOLITANO,PROYECTO,TRANSPORTE,"TRANSPORTE URBANO,VIALIDAD PEATONAL",EJECUCION,0,2026,METROPOLITANA DE SANTIAGO,,SECTORIAL,76888253000.0,76888.253,,8240000.0,,Sin evaluación,False,SUBSECRETARIA DE TRANSPORTES,False,2024,2026,77053804000.0
40060820,40060820-0,CONSERVACION RED PRIMARIA DE AGUAS LLUVIAS REGIÓN DE ÑUBLE 2023 - 2024,PROYECTO,RECURSOS HIDRICOS,AGUAS LLUVIAS,PERFIL,0,2025,ÑUBLE,,SECTORIAL,1772801000.0,1772.801,,2.0,,Sin evaluación,False,DIRECCION DE OBRAS HIDRAULICAS MOP REGION DE ÑUBLE,False,2024,2025,1772801000.0
40060873,40060873-0,"MEJORAMIENTO ESTABILIZACION DE TALUDES RUTA 115 CH, S: LA MINA-LTE. INTERNACIONAL-COBERTIZOS",PROYECTO,TRANSPORTE,TRANSPORTE CAMINERO,PERFIL,0,2026,L MAULE,,SECTORIAL,28717000.0,28.717,,1016.0,RS,Recomendado (RS),True,DIRECCION DE VIALIDAD MOP,False,2025,2026,157205387000.0
40060933,40060933-0,TRANSFERENCIA PLATAFORMA MONITOREO SATELITAL AGRÍCOLA PARA ADAPTACIÓN AL CAMBIO CLIMÁTICO,PROGRAMA,RECURSOS NATURALES Y MEDIO AMBIENTE,AGRICULTURA,PERFIL,0,2026,VALPARAISO,,F.N.D.R.,89352000.0,89.352,101009.51,3100.0,,Sin evaluación,False,GOBIERNO REGIONAL - REGION DE VALPARAISO,False,2024,2026,93780000.0
40060934,40060934-0,TRANSFERENCIA PRODUCCIÓN DE BIOINSUMO PARA RECUPERAR SUELOS DEGRADADOS DEL JARDÍN,PROGRAMA,RECURSOS NATURALES Y MEDIO AMBIENTE,MEDIO AMBIENTE,PERFIL,0,2025,VALPARAISO,,F.N.D.R.,90000000.0,90.0,104710.82,200000.0,,Sin evaluación,False,GOBIERNO REGIONAL - REGION DE VALPARAISO,False,2024,2025,90000000.0
40061002,40061002-0,"CONSERVACION PROTECCIÓN COSTERA FARO MONUMENTAL, LA SERENA",PROYECTO,VIVIENDA Y DESARROLLO URBANO,"BORDE COSTERO,PASEOS PEATONALES, PLAYAS",PERFIL,0,2026,,LA SERENA,SECTORIAL,1361351000.0,1361.351,,100.0,,Sin evaluación,False,OBRAS PORTUARIAS MOP REGION DE COQUIMBO,False,2025,2026,1361351000.0
40061140,40061140-0,ADQUISICION DE EQUIPOS PARA TAREAS DE MANTENIMIENTO EN METRO S.A.,PROYECTO,TRANSPORTE,TRANSPORTE FERROVIARIO,EJECUCION,0,2026,METROPOLITANA DE SANTIAGO,,EMPRESA,372517000.0,372.517,,2027198.0,RS,Recomendado (RS),True,METRO S.A.,False,2024,2026,372517000.0
40061147,40061147-0,CONSERVACION RED PRIMARIA AGUAS LLUVIAS REGIÓN DE VALPARAÍSO 2024-2025,PROYECTO,RECURSOS HIDRICOS,AGUAS LLUVIAS,EJECUCION,0,2026,VALPARAISO,,SECTORIAL,4748516000.0,4748.516,,951311.0,,Sin evaluación,False,DIRECCION DE OBRAS HIDRAULICAS MOP,False,2024,2026,4953585000.0
40061224,40061224-0,"MEJORAMIENTO DE ESTABILIDAD DE TALUDES PARA LA RUTA D-485, COMUNA DE PAIHUANO",PROYECTO,TRANSPORTE,TRANSPORTE CAMINERO,DISEÑO,0,2026,,PAIHUANO,SECTORIAL,438120000.0,438.12,,0.0,RS,Recomendado (RS),True,VIALIDAD MOP REGION DE COQUIMBO,False,2024,2026,438120000.0
40061279,40061279-0,REPOSICION DE ASCENSOR EN ESTACIÓN GRECIA DE LÍNEA 4 METRO S.A.,PROYECTO,TRANSPORTE,"TRANSPORTE URBANO,VIALIDAD PEATONAL",EJECUCION,0,2026,,ÑUÑOA,EMPRESA,706456000.0,706.456,,12844.0,RS,Recomendado (RS),True,METRO S.A.,False,2024,2026,706456000.0
40061291,40061291-0,CONSERVACION PARQUE URBANO PARAPENTE,PROYECTO,VIVIENDA Y DESARROLLO URBANO,DESARROLLO URBANO,PERFIL,1,2025,,ALTO HOSPICIO,SECTORIAL,419680000.0,419.68,,61694.0,,Sin evaluación,False,SEREMI VIVIENDA REGION DE TARAPACA,False,2024,2025,1223111000.0
40061296,40061296-0,"CONSTRUCCION OBRAS DE CONTROL ALUVIONAL ALTOS DE PLAYA BLANCA, COMUNA DE IQUIQUE",PROYECTO,RECURSOS HIDRICOS,"DEFENSAS FLUVIALES,MARITIMAS Y CAUCES NATURALES",PERFIL,0,2024,TARAPACA,,F.N.D.R.,644529000.0,644.529,,1120.0,OT,Objetado técnicamente (OT),False,GOBIERNO REGIONAL - REGION DE TARAPACA,False,2024,2024,644529000.0
40061347,40061347-0,SANEAMIENTO GOBERNANZA PARTICIPATIVA EN RESERVA NACIONAL PAMPA DEL TAMARUGAL,PROGRAMA,RECURSOS NATURALES Y MEDIO AMBIENTE,MEDIO AMBIENTE,PERFIL,0,2024,,,F.N.D.R.,88000.0,0.088,103.5,18441.0,,Sin evaluación,False,CORPORACION NACIONAL FORESTAL REGION DE TARAPACA,False,2024,2024,88000.0
40061376,40061376-0,"CONSERVACION SSR LA QUEBRADA LA HERRADURA, COMUNA DE QUILLÓN (RES DOH N°1012/2023)",PROYECTO,RECURSOS HIDRICOS,AGUA POTABLE,EJECUCION,0,2025,,QUILLON - REGION DE ÑUBLE,SECTORIAL,164754000.0,164.754,,332.0,,Sin evaluación,False,SUBDIRECCION DE SERVICIOS SANITARIOS RURALES MOP,False,2024,2025,164754000.0
40061618,40061618-0,"INSTALACION ILUMINACION FOTOVOLTAICA ALUMBRADO PUBLICO SECTOR ORIENTE, SAN CARLOS",PROYECTO,ENERGIA,ALUMBRADO PUBLICO,PERFIL,0,2024,,SAN CARLOS - REGION DE,F.N.D.R.,153667000.0,153.667,,3500.0,,Sin evaluación,False,MUNICIPALIDAD DE SAN CARLOS,False,2024,2024,153667000.0
40061622,40061622-0,"INSTALACION ILUMINACIÓN FOTOVOLTAICA ALUMBRADO PUBLICO SECTOR PONIENTE, SAN CARLOS",PROYECTO,ENERGIA,ALUMBRADO PUBLICO,PERFIL,0,2024,,SAN CARLOS - REGION DE,F.N.D.R.,145688000.0,145.688,,3150.0,,Sin evaluación,False,MUNICIPALIDAD DE SAN CARLOS,False,2024,2024,145688000.0
40061753,40061753-0,REPOSICION DE EQUIPOS DE AIRE ACONDICIONADO AÑO 2024 PARA LA RED DE METRO S.A.,PROYECTO,TRANSPORTE,"TRANSPORTE URBANO,VIALIDAD PEATONAL",EJECUCION,0,2025,METROPOLITANA DE SANTIAGO,,EMPRESA,391591000.0,391.591,,132.0,RS,Recomendado (RS),True,METRO S.A.,False,2024,2025,391591000.0
40061809,40061809-0,PREVENCION Y CONTROL DE LA ESCASEZ HIDRICA EN 12 COMUNAS DE LA REGION DE ÑUBLE,PROGRAMA,RECURSOS HIDRICOS,RECURSOS,PERFIL,0,2025,ÑUBLE,,F.N.D.R.,377940000.0,377.94,439715.65,421291.0,,Sin evaluación,False,CORPORACION DE FOMENTO DE LA PRODUCCION,False,2025,2025,377940000.0
40061923,40061923-0,"REPOSICION PUENTE CHOROMBO G-74-F, COMUNA DE MARÍA PINTO, PROVINCIA MELIPILLA, REGIÓN METRO",PROYECTO,TRANSPORTE,TRANSPORTE CAMINERO,PERFIL,0,2026,,,SECTORIAL,14173252000.0,14173.252,,136325.0,FI,Falta información (FI),False,VIALIDAD MOP REGION METROPOLITANA DE SANTIAGO,False,2025,2026,14173252000.0
40062094,40062094-0,TRANSFERENCIA FOMENTO Y FORTALECIMIENTO PEQUEÑA AGRICULTURA DESDE LA GESTION DEL RIEGO,PROGRAMA,RECURSOS NATURALES Y MEDIO AMBIENTE,AGRICULTURA,DISEÑO,0,2026,AISEN DEL GENERAL CARLOS,,F.N.D.R.,2646013000.0,2646.013,2991230.97,60.0,,Sin evaluación,False,SEREMI AGRICULTURA REGION DE AISEN DEL GENERAL CARLOS IBAÑEZ DEL CAMPO,False,2024,2026,2646013000.0
40062178,40062178-0,"CONSTRUCCION PUNTO LIMPIO, ESTADIO LO BLANCO, COMUNA DE EL BOSQUE",PROYECTO,RECURSOS NATURALES Y MEDIO AMBIENTE,MEDIO AMBIENTE,PERFIL,0,2025,,EL BOSQUE,F.N.D.R.,197362000.0,197.362,,154561.0,,Sin evaluación,False,MUNICIPALIDAD DE EL BOSQUE,False,2024,2025,197362000.0
40062258,40062258-0,"NORMALIZACION CRUCE CONCÓN DEL RAMAL SAN PEDRO - VENTANAS, REGIÓN DE VALPARAÍSO",PROYECTO,TRANSPORTE,TRANSPORTE FERROVIARIO,EJECUCION,0,2026,VALPARAISO,,EMPRESA,547314000.0,547.314,,48171.0,RS,Recomendado (RS),True,EMPRESA DE FERROCARRILES DEL ESTADO,False,2024,2026,547314000.0
40062279,40062279-0,TRANSFERENCIA DESARROLLO DE LA CADENA DE VALOR DE LA AGRICULTURA ORGÁNICA Y SUSTENTABLE,PROGRAMA,RECURSOS NATURALES Y MEDIO AMBIENTE,AGRICULTURA,PERFIL,0,2026,LOS RIOS,,F.N.D.R.,515497000.0,515.497,582752.46,90.0,,Sin evaluación,False,SEREMI AGRICULTURA REGION DE LOS RIOS,False,2026,2026,515497000.0
40062310,40062310-0,TRANSFERENCIA Y FOMENTO DE LA CULTURA PREVENTIVA DE INCENDIOS FORESTALES,PROGRAMA,RECURSOS NATURALES Y MEDIO AMBIENTE,AGRICULTURA,PERFIL,0,2025,LOS RIOS,,F.N.D.R.,989906000.0,989.906,1151709.7,411205.0,,Sin evaluación,False,CORPORACION NACIONAL FORESTAL REGION DE LOS RIOS,False,2025,2025,989906000.0
40062313,40062313-0,CONSERVACION DE CONTADORES DE BICICLETAS CICLOVÍAS MINVU MAULE 2024,PROYECTO,TRANSPORTE,"TRANSPORTE URBANO,VIALIDAD PEATONAL",EJECUCION,0,2025,,TALCA,SECTORIAL,15251000.0,15.251,,220357.0,,Sin evaluación,False,SEREMI VIVIENDA REGION DEL MAULE,False,2024,2025,15251000.0
40062434,40062434-0,TRANSFERENCIA REDUCCIÓN DE EMISIONES MP VÍA RECAMBIO DE CALEFACTORES,PROGRAMA,RECURSOS NATURALES Y MEDIO AMBIENTE,MEDIO AMBIENTE,PERFIL,0,2025,LOS RIOS,,F.N.D.R.,1469227000.0,1469.227,1709377.44,1400.0,,Sin evaluación,False,SEREMI DE MEDIO AMBIENTE REGION DE LOS RIOS,False,2025,2025,1469227000.0
40062481,40062481-0,ADQUISICION PUNTO LIMPIO MOVIL COMUNA DE COLTAUCO,PROYECTO,RECURSOS NATURALES Y MEDIO AMBIENTE,MEDIO AMBIENTE,PERFIL,0,2025,,COLTAUCO,F.N.D.R.,51058000.0,51.058,,21725.0,,Sin evaluación,False,MUNICIPALIDAD DE COLTAUCO,False,2025,2025,51058000.0
40062492,40062492-0,"ADQUISICION DE CAMIÓN AMPLIROLL, BATEAS, PUNTOS LIMPIOS MOVILES Y CAMIÓN 3/4, QUILLOTA",PROYECTO,RECURSOS NATURALES Y MEDIO AMBIENTE,MEDIO AMBIENTE,PERFIL,0,2026,,QUILLOTA,F.N.D.R.,338313000.0,338.313,,90517.0,,Sin evaluación,False,MUNICIPALIDAD DE QUILLOTA,False,2024,2026,338315000.0
40062693,40062693-0,ADQUISICION DE PLATAFORMA DE GESTIÓN DINÁMICA DE INFORMACIÓN DE PASAJEROS PARA LA RED DE EFE,PROYECTO,TRANSPORTE,TRANSPORTE FERROVIARIO,PERFIL,0,2026,,,EMPRESA,4739150000.0,4739.15,,178048.0,RS,Recomendado (RS),True,EMPRESA DE FERROCARRILES DEL ESTADO,False,2024,2026,4739150000.0
40062750,40062750-0,CONSERVACION CONSERVACION REDES SECUNDARIAS AGUAS LLUVIAS 2026-2027,PROYECTO,RECURSOS HIDRICOS,AGUAS LLUVIAS,PERFIL,0,2025,LOS LAGOS,,SECTORIAL,842982000.0,842.982,,200000.0,,Sin evaluación,False,SEREMI VIVIENDA REGION DE LOS LAGOS,False,2025,2025,842982000.0
40062961,40062961-0,REPOSICION EQUIPOS DE RADIO COMUNICACIONES INCENDIOS FORESTALES Y ASP CONAF LOS LAGOS,PROYECTO,RECURSOS NATURALES Y MEDIO AMBIENTE,MEDIO AMBIENTE,PERFIL,0,2025,LOS LAGOS,,F.N.D.R.,897917000.0,897.917,,842000.0,,Sin evaluación,False,CORPORACION NACIONAL FORESTAL REGION DE LOS LAGOS,False,2025,2025,897917000.0
40062971,40062971-0,PREVENCION Y CONTROL DE LA ESCASEZ HIDRICA EN LA REGIÓN DE LA ARAUCANIA,PROGRAMA,RECURSOS HIDRICOS,RECURSOS,PERFIL,0,2024,LA ARAUCANIA,,F.N.D.R.,596000000.0,596.0,700970.3,24350.0,,Sin evaluación,False,CORPORACION DE FOMENTO DE LA PRODUCCION,False,2024,2024,596000000.0
40063106,40063106-0,ADQUISICION CAMION RECOLECTOR RSD Y A. RAUCO,PROYECTO,RECURSOS NATURALES Y MEDIO AMBIENTE,MEDIO AMBIENTE,PERFIL,0,2025,,RAUCO,F.N.D.R.,187561000.0,187.561,,11600.0,,Sin evaluación,False,MUNICIPALIDAD DE RAUCO,False,2025,2025,187561000.0
40063160,40063160-0,CONSERVACION VÍAS PRIORITARIAS Y ZONAS DE PARADA DE TRANSPORTE PÚBLICO COMUNA DE COPIAPÓ,PROYECTO,TRANSPORTE,"TRANSPORTE URBANO,VIALIDAD PEATONAL",PERFIL,0,2024,,COPIAPO,SECTORIAL,3865825000.0,3865.825,,153937.0,,Sin evaluación,False,SECTRA,False,2024,2024,3865825000.0
40063166,40063166-0,"CONSERVACION VÍAS PRIORITARIAS Y ZONAS DE PARADA DE TRANSPORTE PÚBLICO EN LA SERENA, COQUIMBO",PROYECTO,TRANSPORTE,"TRANSPORTE URBANO,VIALIDAD PEATONAL",PERFIL,0,2024,COQUIMBO,,SECTORIAL,7848200000.0,7848.2,,560056.0,,Sin evaluación,False,SECTRA,False,2024,2024,7848200000.0
40063170,40063170-0,CONSERVACION VÍAS PRIORITARIAS Y ZONAS DE PARADA DE TRANSPORTE PÚBLICO EN EL GRAN VALPARAÍSO,PROYECTO,TRANSPORTE,"TRANSPORTE URBANO,VIALIDAD PEATONAL",PERFIL,0,2024,VALPARAISO,,SECTORIAL,7690025000.0,7690.025,,980514.0,,Sin evaluación,False,SECTRA,False,2024,2024,7690025000.0
40063193,40063193-0,CONSERVACION VÍAS PRIORITARIAS Y ZONAS DE PARADA DE TRANSPORTE PÚBLICO EN LA RM RURAL,PROYECTO,TRANSPORTE,"TRANSPORTE URBANO,VIALIDAD PEATONAL",PERFIL,0,2024,METROPOLITANA DE SANTIAGO,,SECTORIAL,7864850000.0,7864.85,,458519.0,,Sin evaluación,False,SECTRA,False,2024,2024,7864850000.0
40063198,40063198-0,CONSERVACION VÍAS PRIORITARIAS Y ZONAS DE PARADA DE TRANSPORTE PÚBLICO EN LA COMUNA DE VILLAR,PROYECTO,TRANSPORTE,"TRANSPORTE URBANO,VIALIDAD PEATONAL",PERFIL,0,2025,,VILLARRICA,SECTORIAL,5633015000.0,5633.015,,55478.0,,Sin evaluación,False,SECTRA,False,2024,2025,5633015000.0
40063202,40063202-0,CONSERVACION DE MATERIAL RODANTE XT25,PROYECTO,TRANSPORTE,TRANSPORTE FERROVIARIO,EJECUCION,0,2025,VALPARAISO,,EMPRESA,288730000.0,288.73,,44211.0,,Sin evaluación,False,EMPRESA DE FERROCARRILES DEL ESTADO,False,2024,2025,288730000.0
40063203,40063203-0,CONSERVACION VÍAS PRIORITARIAS Y ZONAS DE PARADA DE TRANSPORTE PÚBLICO EN LA REGIÓN DE LOS LA,PROYECTO,TRANSPORTE,"TRANSPORTE URBANO,VIALIDAD PEATONAL",PERFIL,0,2024,LOS LAGOS,,SECTORIAL,4188910000.0,4188.91,,206038.0,,Sin evaluación,False,SECTRA,False,2024,2024,4188910000.0
40063216,40063216-0,CONSERVACION VÍAS PRIORITARIAS Y ZONAS DE PARADA DE TRANSPORTE PÚBLICO COMUNA DE COYHAIQUE,PROYECTO,TRANSPORTE,"TRANSPORTE URBANO,VIALIDAD PEATONAL",PERFIL,0,2024,,COYHAIQUE,SECTORIAL,5083575000.0,5083.575,,57818.0,,Sin evaluación,False,SECTRA,False,2024,2024,5083575000.0
40063242,40063242-0,"NORMALIZACION CICLOVÍA GUIDO BECK R., VILLA ALEGRE Y CAMINO AEROPUERTO, PADRE LAS CASAS",PROYECTO,TRANSPORTE,"TRANSPORTE URBANO,VIALIDAD PEATONAL",PERFIL,0,2025,,CURACAUTIN,SECTORIAL,2364474000.0,2364.474,,12838.0,OT,Objetado técnicamente (OT),False,SEREMI VIVIENDA REGION DE LA ARAUCANIA,False,2025,2025,2364474000.0
40063246,40063246-0,CONSERVACION CICLOVÍAS VARIA COMUNAS ARAUCANIA 2025-2026,PROYECTO,TRANSPORTE,"TRANSPORTE URBANO,VIALIDAD PEATONAL",EJECUCION,0,2026,LA ARAUCANIA,,SECTORIAL,298572000.0,298.572,,2.0,,Sin evaluación,False,SEREMI VIVIENDA REGION DE LA ARAUCANIA,False,2025,2026,569873000.0
40063249,40063249-0,CONSERVACION RED SECUNDARIA DE AGUAS LLUVIAS ARAUCANÍA 2025-2026,PROYECTO,RECURSOS HIDRICOS,AGUAS LLUVIAS,EJECUCION,0,2026,LA ARAUCANIA,,SECTORIAL,503866000.0,503.866,,66164.0,,Sin evaluación,False,SEREMI VIVIENDA REGION DE LA ARAUCANIA,False,2025,2026,503866000.0
40063357,40063357-0,CONSTRUCCION RED DE CICLOVIAS DE COYHAIQUE,PROYECTO,TRANSPORTE,"TRANSPORTE URBANO,VIALIDAD PEATONAL",PERFIL,0,2024,,COYHAIQUE,F.N.D.R.,744092000.0,744.092,,57818.0,OT,Objetado técnicamente (OT),False,MUNICIPALIDAD DE COYHAIQUE,False,2024,2024,744092000.0
40063493,40063493-0,CAPACITACION MODELOS DE GESTIÓN HÍDRICA PARA FINES PRODUCTIVOS Y MEDIOAMBIENTALES,PROGRAMA,RECURSOS NATURALES Y MEDIO AMBIENTE,AGRICULTURA,PERFIL,0,2026,LOS RIOS,,F.N.D.R.,3509000000.0,3509.0,3966809.48,400.0,,Sin evaluación,False,INSTITUTO INVESTIGACIONES AGROPECUARIAS REGION DE LOS RIOS,False,2024,2026,3509000000.0
40063621,40063621-0,REPOSICION Y CONSTRUCCION ALUMBRADO PUBLICO VARIAS LOCALIDADES COMUNA DE HUARA,PROYECTO,ENERGIA,ALUMBRADO PUBLICO,PERFIL,0,2026,TARAPACA,,F.N.D.R.,810863000.0,810.863,,1082.0,RS,Recomendado (RS),True,GOBIERNO REGIONAL - REGION DE TARAPACA,False,2024,2026,810863000.0
40063742,40063742-0,"MEJORAMIENTO EN ENTORNO INTERMODAL LA CISTERNA, PARA REDUCIR CONDUCTAS DE RIESGO DE PEATONES",PROYECTO,TRANSPORTE,"TRANSPORTE URBANO,VIALIDAD PEATONAL",PERFIL,0,2024,METROPOLITANA DE SANTIAGO,,F.N.D.R.,137089000.0,137.089,,101401.0,,Sin evaluación,False,GOBIERNO REGIONAL - REGION METROPOLITANA DE SANTIAGO,False,2024,2024,137089000.0
40063842,40063842-0,REPOSICION ALCANTARILLADO Y RELOCALIZACION DE NUEVA PLANTA DE AGUAS SERVIDAS MATILLA,PROYECTO,VIVIENDA Y DESARROLLO URBANO,DESARROLLO URBANO,PERFIL,0,2025,,PICA (Prov. Tamarugal),F.N.D.R.,208401000.0,208.401,,3000.0,,Sin evaluación,False,MUNICIPALIDAD DE PICA,False,2025,2025,208401000.0
40063885,40063885-0,CONSTRUCCION SISTEMA INTEGRAL DE SERVICIOS SANITARIOS SECTOR RIBERA NORTE COMUNA DE MAULLIN,PROYECTO,RECURSOS HIDRICOS,ADMINISTRACION AGUA POTABLE Y ALCANTARILLADO,PERFIL,0,2026,,MAULLIN,F.N.D.R.,324731000.0,324.731,,1549.0,OT,Objetado técnicamente (OT),False,MUNICIPALIDAD DE MAULLIN,False,2025,2026,324731000.0
40064006,40064006-0,TRANSFERENCIA PARA ASOCIATIVIDAD Y DIVERSIFICACION EN LA AGROECOLOGIA REGIONAL,PROGRAMA,RECURSOS NATURALES Y MEDIO AMBIENTE,AGRICULTURA,PERFIL,0,2025,LOS LAGOS,,F.N.D.R.,534967000.0,534.967,622409.28,250.0,,Sin evaluación,False,SEREMI AGRICULTURA REGION DE LOS LAGOS,False,2025,2025,534967000.0
40064032,40064032-0,CONSERVACION RED PRIMARIA DE AGUAS LLUVIAS REGIÓN DE AYSÉN AÑO 2025-2026,PROYECTO,RECURSOS HIDRICOS,AGUAS LLUVIAS,PERFIL,0,2025,AISEN DEL GENERAL CARLOS,,SECTORIAL,296972000.0,296.972,,2.0,,Sin evaluación,False,DIRECCION DE OBRAS HIDRAULICAS MOP,False,2025,2025,296972000.0
40064036,40064036-0,CONSERVACION RED PRIMARIA DE AGUAS LLUVIAS REGIÓN DE COQUIMBO ALL26-3,PROYECTO,RECURSOS HIDRICOS,AGUAS LLUVIAS,PERFIL,0,2026,COQUIMBO,,SECTORIAL,1900341000.0,1900.341,,632556.0,,Sin evaluación,False,DIRECCION DE OBRAS HIDRAULICAS MOP,False,2026,2026,1900341000.0
40064048,40064048-0,CONSERVACION RED PRIMARIA DE AGUAS LLUVIAS REGIÓN DE MAULE AÑO 2025-2026,PROYECTO,RECURSOS HIDRICOS,AGUAS LLUVIAS,PERFIL,0,2025,L MAULE,,SECTORIAL,625828000.0,625.828,,2.0,,Sin evaluación,False,DIRECCION DE OBRAS HIDRAULICAS MOP,False,2025,2025,625828000.0
40064050,40064050-0,CONSERVACION RED PRIMARIA DE AGUAS LLUVIAS REGIÓN DE LOS RIOS AÑO 2025-2027,PROYECTO,RECURSOS HIDRICOS,AGUAS LLUVIAS,EJECUCION,0,2026,LOS RIOS,,SECTORIAL,2294186000.0,2294.186,,166080.0,,Sin evaluación,False,DIRECCION DE OBRAS HIDRAULICAS MOP,False,2025,2026,2294186000.0
40064150,40064150-0,ADQUISICION MAQUINARIA PARA MANTENCION DE ARBOLADO URBANO,PROYECTO,VIVIENDA Y DESARROLLO URBANO,DESARROLLO URBANO,PERFIL,0,2025,METROPOLITANA DE SANTIAGO,,F.N.D.R.,521003000.0,521.003,,350350.0,,Sin evaluación,False,GOBIERNO REGIONAL - REGION METROPOLITANA DE SANTIAGO,False,2025,2025,521003000.0
40064151,40064151-0,ADQUISICION APLICACION PARA EVALUACION DE CRITERIOS DE EFICIENCIA HIDRICA Y ENERGETICA,PROYECTO,RECURSOS NATURALES Y MEDIO AMBIENTE,MEDIO AMBIENTE,PERFIL,0,2024,METROPOLITANA DE SANTIAGO,,F.N.D.R.,500000000.0,500.0,,7000000.0,,Sin evaluación,False,GOBIERNO REGIONAL - REGION METROPOLITANA DE SANTIAGO,False,2024,2024,500000000.0
40064162,40064162-0,CAPACITACION Y FORTALECIMIENTO DE LA PLANIFICACION COMUNAL PARA ACCION CLIMATICA,PROGRAMA,RECURSOS NATURALES Y MEDIO AMBIENTE,MEDIO AMBIENTE,PERFIL,0,2025,METROPOLITANA DE SANTIAGO,,F.N.D.R.,833604000.0,833.604,969859.57,7000000.0,,Sin evaluación,False,GOBIERNO REGIONAL - REGION METROPOLITANA DE SANTIAGO,False,2025,2025,833604000.0
40064165,40064165-0,TRANSFERENCIA JOVENES POR LA ACCION CLIMATICA,PROGRAMA,RECURSOS NATURALES Y MEDIO AMBIENTE,MEDIO AMBIENTE,PERFIL,0,2024,METROPOLITANA DE SANTIAGO,,F.N.D.R.,150000000.0,150.0,176418.7,1600.0,,Sin evaluación,False,GOBIERNO REGIONAL - REGION METROPOLITANA DE SANTIAGO,False,2024,2024,150000000.0
40064171,40064171-0,"REPOSICION VEHICULO RECICLAJE MUNICIPAL, CURACO DE VELEZ",PROYECTO,RECURSOS NATURALES Y MEDIO AMBIENTE,MEDIO AMBIENTE,PERFIL,0,2025,,CURACO DE VELEZ,F.N.D.R.,61669000.0,61.669,,3521.0,,Sin evaluación,False,MUNICIPALIDAD DE CURACO DE VELEZ,False,2025,2025,61669000.0
40064176,40064176-0,CONSTRUCCION DE EQUIPAMIENTO RECREATIVO EN AREAS VERDES DE PAINE,PROYECTO,VIVIENDA Y DESARROLLO URBANO,DESARROLLO URBANO,PERFIL,0,2024,,PAINE,F.N.D.R.,166259000.0,166.259,,70000.0,,Sin evaluación,False,MUNICIPALIDAD DE PAINE,False,2024,2024,166259000.0
40064357,40064357-0,"CONSTRUCCION LUMINARIAS SOLARES PARA MAYOR SEGURIDAD EN NUESTROS SECTORES, LA ESTRELLA",PROYECTO,ENERGIA,AUTOGENERACION,PERFIL,0,2026,,LA ESTRELLA,F.N.D.R.,193997000.0,193.997,,3114.0,,Sin evaluación,False,MUNICIPALIDAD DE LA ESTRELLA,False,2024,2026,193997000.0
40064397,40064397-0,"CONSTRUCCION SISTEMA DE RIEGO, PARA REUTILIZACION DE AGUAS GRISES, LA",PROYECTO,RECURSOS HIDRICOS,RIEGO,PERFIL,0,2024,,LA ESTRELLA,F.N.D.R.,193997000.0,193.997,,3114.0,,Sin evaluación,False,MUNICIPALIDAD DE LA ESTRELLA,False,2024,2024,193997000.0
40064417,40064417-0,"INSTALACION LUMINARIAS PEATONALES LED J.J.PEREZ-CHANCO Y OTRAS VIAS, COMUNA CERRO NAVIA",PROYECTO,ENERGIA,INTERSUBSECTORIAL ENERGIA,PERFIL,0,2024,,CERRO NAVIA,F.N.D.R.,165447000.0,165.447,,2000.0,,Sin evaluación,False,MUNICIPALIDAD DE CERRO NAVIA,False,2024,2024,165447000.0
40064420,40064420-0,"INSTALACION LUMINARIAS PEATONALES LED V.ROZAS-HUELEN Y OTRAS VIAS, COMUNA CERRO NAVIA",PROYECTO,ENERGIA,INTERSUBSECTORIAL ENERGIA,PERFIL,0,2024,,CERRO NAVIA,F.N.D.R.,191278000.0,191.278,,2000.0,,Sin evaluación,False,MUNICIPALIDAD DE CERRO NAVIA,False,2024,2024,191278000.0
40064421,40064421-0,"INSTALACION LUMINARIAS PEATONALES LED MAPOCHO-R.BOROA Y OTRAS VIAS, COMUNA CERRO NAVIA",PROYECTO,ENERGIA,INTERSUBSECTORIAL ENERGIA,PERFIL,0,2024,,CERRO NAVIA,F.N.D.R.,167202000.0,167.202,,2000.0,,Sin evaluación,False,MUNICIPALIDAD DE CERRO NAVIA,False,2024,2024,167202000.0
40064665,40064665-0,CONSERVACION DE RECINTOS PARA PERSONAL EN ESTACIONES DE LA RED METRO S.A.,PROYECTO,TRANSPORTE,"TRANSPORTE URBANO,VIALIDAD PEATONAL",EJECUCION,0,2026,METROPOLITANA DE SANTIAGO,,EMPRESA,582945000.0,582.945,,126.0,,Sin evaluación,False,METRO S.A.,False,2024,2026,582945000.0
40064691,40064691-0,"CONSERVACION RED PRIMARIA CAUCE QUEBRADA HONDA, CALLE VICENTE PÉREZ ROSALES, PUERTO VARAS",PROYECTO,RECURSOS HIDRICOS,AGUAS LLUVIAS,EJECUCION,0,2026,LOS LAGOS,,SECTORIAL,232199000.0,232.199,,11145.0,,Sin evaluación,False,DIRECCION DE OBRAS HIDRAULICAS MOP,False,2024,2026,327426000.0
40064761,40064761-0,CAPACITACION EN GESTION HIDRICA DE CUENCAS ANTE CRISIS CLIMATICA,PROGRAMA,RECURSOS NATURALES Y MEDIO AMBIENTE,AGRICULTURA,PERFIL,0,2025,LOS LAGOS,,F.N.D.R.,677304000.0,677.304,788011.77,200.0,,Sin evaluación,False,SEREMI AGRICULTURA REGION DE LOS LAGOS,False,2025,2025,677304000.0
40064764,40064764-0,"CONSERVACION PARQUE URBANO CERRO GRANDE, COMUNA DE LA SERENA",PROYECTO,VIVIENDA Y DESARROLLO URBANO,DESARROLLO URBANO,EJECUCION,0,2026,,LA SERENA,SECTORIAL,1579328000.0,1579.328,,50438.0,RS,Recomendado (RS),True,SERVICIO VIVIENDA Y URBANIZACION REGION DE COQUIMBO,False,2024,2026,1722550000.0
40064858,40064858-0,"TRANSFERENCIA HIDROPONÍA, UNA ALTERNATIVA PARA LA AFC ANTE LA SEQUÍA",PROGRAMA,RECURSOS NATURALES Y MEDIO AMBIENTE,INTERSUBSECTORIAL,EJECUCION,0,2026,COQUIMBO,,F.N.D.R.,226958000.0,226.958,256568.58,20.0,,Sin evaluación,False,GOBIERNO REGIONAL - REGION DE COQUIMBO,False,2024,2026,226958000.0
40065008,40065008-0,CONSERVACION DE EMERGENCIA TEMPORAL JUNIO 2024 INFRAESTRUCTURA FERROVIARIA RED EFE,PROYECTO,TRANSPORTE,TRANSPORTE FERROVIARIO,EJECUCION,0,2025,,,EMPRESA,13806208000.0,13806.208,,1881277.0,,Sin evaluación,False,EMPRESA DE FERROCARRILES DEL ESTADO,False,2024,2025,13806208000.0
40065071,40065071-0,"CONSERVACION CONSULTORIA TALUDES , REGION DE VALPARAISO 2024-2025",PROYECTO,TRANSPORTE,TRANSPORTE CAMINERO,PERFIL,0,2024,VALPARAISO,,SECTORIAL,319500000.0,319.5,,4000.0,,Sin evaluación,False,VIALIDAD MOP REGION DE VALPARAISO,False,2024,2024,319500000.0
40065095,40065095-0,INSTALACION ILUMINACION SOLAR REFUGIOS PEATONALES RURALES COMUNA DE PADRE LAS CASAS,PROYECTO,ENERGIA,AUTOGENERACION,PERFIL,0,2026,,PADRE LAS CASAS,F.N.D.R.,428996000.0,428.996,,7391.0,OT,Objetado técnicamente (OT),False,MUNICIPALIDAD DE PADRE LAS CASAS,False,2026,2026,428996000.0
40065100,40065100-0,"CONSTRUCCION AREA VERDE NUEVA VIDA, SAN CARLOS",PROYECTO,VIVIENDA Y DESARROLLO URBANO,DESARROLLO URBANO,PERFIL,0,2024,,SAN CARLOS - REGION DE,F.N.D.R.,177223000.0,177.223,,1165.0,,Sin evaluación,False,MUNICIPALIDAD DE SAN CARLOS,False,2024,2024,177223000.0
40065230,40065230-0,"CONSTRUCCION PLANTA FOTOVOLTAICA EN RECINTO MUNICIPAL, CURACAVÍ",PROYECTO,ENERGIA,AUTOGENERACION,PERFIL,0,2024,,CURACAVI,F.N.D.R.,127995000.0,127.995,,390.0,,Sin evaluación,False,MUNICIPALIDAD DE CURACAVI,False,2024,2024,127995000.0
40065238,40065238-0,"REPOSICION DE PLATAFORMAS EN LÍNEAS 4, 4A Y 5 DE LA RED METRO S.A.",PROYECTO,TRANSPORTE,TRANSPORTE FERROVIARIO,EJECUCION,0,2026,METROPOLITANA DE SANTIAGO,,EMPRESA,6913481000.0,6913.481,,8764.0,RS,Recomendado (RS),True,METRO S.A.,False,2024,2026,6913481000.0
40065243,40065243-0,AMPLIACION DE INFRAESTRUCTURA DE ACCESIBILIDAD UNIVERSAL EN ESTACIÓN ECUADOR DE LÍNEA 1 MET,PROYECTO,TRANSPORTE,TRANSPORTE FERROVIARIO,EJECUCION,0,2026,METROPOLITANA DE SANTIAGO,,EMPRESA,2362466000.0,2362.466,,17850.0,RS,Recomendado (RS),True,METRO S.A.,False,2024,2026,2362466000.0
40065334,40065334-0,"CONSERVACION DE EMERGENCIA DE VÍA FÉRREA POR ACCIDENTE FERROVIARIO 20-06- 2024, SAN BERNARDO",PROYECTO,TRANSPORTE,TRANSPORTE FERROVIARIO,EJECUCION,0,2024,,SAN BERNARDO,EMPRESA,160353000.0,160.353,,1322776.0,,Sin evaluación,False,EMPRESA DE FERROCARRILES DEL ESTADO,False,2024,2024,160353000.0
40065380,40065380-0,MEJORAMIENTO SANTUARIO CERRO LA VIRGEN DE CORINTO,PROYECTO,VIVIENDA Y DESARROLLO URBANO,DESARROLLO URBANO,PERFIL,0,2026,,PENCAHUE,SECTORIAL,321819000.0,321.819,,1080.0,,Sin evaluación,False,SEREMI VIVIENDA REGION DEL MAULE,False,2024,2026,343861000.0
40065469,40065469-0,TRANSFERENCIA ADAPTACIÓN AL CAMBIO CLIMÁTICO- EFICIENCIA HÍDRICA- INFRAESTRUCTURA VERDE,PROGRAMA,RECURSOS NATURALES Y MEDIO AMBIENTE,MEDIO AMBIENTE,PERFIL,0,2025,ARICA Y PARINACOTA,,F.N.D.R.,364701000.0,364.701,424312.69,750.0,,Sin evaluación,False,SEREMI DE MEDIO AMBIENTE REGION DE ARICA Y PARINACOTA,False,2025,2025,364701000.0
40065479,40065479-0,"MEJORAMIENTO Y EQUIPAMIENTO DE ÁREA VERDE LOS TALLADORES, PEÑALOLÉN",PROYECTO,VIVIENDA Y DESARROLLO URBANO,DESARROLLO URBANO,PERFIL,0,2024,,PEÑALOLEN,F.N.D.R.,193469000.0,193.469,,10040.0,,Sin evaluación,False,MUNICIPALIDAD DE PEÑALOLEN,False,2024,2024,193469000.0
40065507,40065507-0,"CONSTRUCCION ALUMBRADO FOTOVOLTAICO RUTA W-579, CURACO DE VELEZ",PROYECTO,ENERGIA,INTERSUBSECTORIAL ENERGIA,PERFIL,0,2025,,CURACO DE VELEZ,F.N.D.R.,189312000.0,189.312,,460.0,,Sin evaluación,False,MUNICIPALIDAD DE CURACO DE VELEZ,False,2024,2025,193997000.0
40065522,40065522-0,"MEJORAMIENTO DE ÁREA VERDE ORLANDO LETELIER ESQUINA LAS PERDICES, PEÑALOLÉN",PROYECTO,VIVIENDA Y DESARROLLO URBANO,DESARROLLO URBANO,PERFIL,0,2024,,PEÑALOLEN,F.N.D.R.,186032000.0,186.032,,9611.0,,Sin evaluación,False,MUNICIPALIDAD DE PEÑALOLEN,False,2024,2024,186032000.0
40065563,40065563-0,"CONSTRUCCION PAVIMENTACION Y EVACUACION DE AGUAS LLUVIAS AVDA. A. PRAT, COMUNA DE PUQUELDON",PROYECTO,TRANSPORTE,"TRANSPORTE URBANO,VIALIDAD PEATONAL",PERFIL,0,2026,,PUQUELDON,F.N.D.R.,200011000.0,200.011,,36.0,,Sin evaluación,False,MUNICIPALIDAD DE PUQUELDON,False,2024,2026,200011000.0
40065618,40065618-0,"CONSTRUCCION CICLOVIA EJE ALAMEDA, COMUNAS DE LO PRADO, ESTACION CENTRAL Y SANTIAGO",PROYECTO,TRANSPORTE,"TRANSPORTE URBANO,VIALIDAD PEATONAL",EJECUCION,0,2026,,,SECTORIAL,19739109000.0,19739.109,,376051.0,RS,Recomendado (RS),True,SEREMI VIVIENDA REGION METROPOLITANA DE SANTIAGO,False,2024,2026,19739109000.0
40065658,40065658-0,TRANSFERENCIA CONOCIMIENTO PLANTA SALICORNIA PARA RESTAURACIÓN ECOLÓGICA DE ZONAS DEGRADADAS,PROGRAMA,,,PERFIL,0,2025,MAGALLANES Y ANTARTICA,,F.N.D.R.,115734000.0,115.734,134651.14,50.0,,Sin evaluación,False,INSTITUTO INVESTIGACIONES AGROPECUARIAS REGION DE MAGALLANES Y ANTARTICA CHILENA,False,2025,2025,115734000.0
40065755,40065755-0,"TRANSFERENCIA INVERSIÓN EN RIEGO INTRAPREDIAL, ASOCIATIVO Y OBRAS MENORES DE RIEGO",PROGRAMA,RECURSOS NATURALES Y MEDIO AMBIENTE,AGRICULTURA,PERFIL,0,2024,,,F.N.D.R.,1365000000.0,1365.0,1605410.17,100.0,,Sin evaluación,False,INSTITUTO DESARROLLO AGROPECUARIO REGION DE LA ARAUCANIA,False,2024,2024,1365000000.0
40065767,40065767-0,CAPACITACION Y VALORIZACIÓN DE LÁCTEOS DIFERENCIADOS EN LA PROVINCIA DEL RANCO,PROGRAMA,RECURSOS NATURALES Y MEDIO AMBIENTE,AGRICULTURA,PERFIL,0,2025,LOS RIOS,,F.N.D.R.,281674000.0,281.674,327714.63,100.0,,Sin evaluación,False,INSTITUTO INVESTIGACIONES AGROPECUARIAS REGION DE LOS RIOS,False,2025,2025,281674000.0
40065789,40065789-0,CAPACITACION TÉCNICA DE AGRICULTORES DEL RANCO EN GESTIÓN DE SISTEMAS DE RIEGO,PROGRAMA,RECURSOS NATURALES Y MEDIO AMBIENTE,AGRICULTURA,PERFIL,0,2025,LOS RIOS,,F.N.D.R.,312602000.0,312.602,363697.92,300.0,,Sin evaluación,False,INSTITUTO INVESTIGACIONES AGROPECUARIAS REGION DE LOS RIOS,False,2025,2025,312602000.0
40065862,40065862-0,ADQUISICION CAMIONETA PARA OPERACIÓN DEL RELLENO SANITARIO ARAUCO CURANILAHUE,PROYECTO,RECURSOS NATURALES Y MEDIO AMBIENTE,MEDIO AMBIENTE,PERFIL,0,2025,,CURANILAHUE,F.N.D.R.,30987000.0,30.987,,68545.0,,Sin evaluación,False,MUNICIPALIDAD DE CURANILAHUE,False,2024,2025,30987000.0
40065865,40065865-0,"ADQUISICION EXCAVADORA, BULLDOZER Y ACCESORIOS PARA RELLENO SANITARIO ARAUCO CURANILAHUE",PROYECTO,RECURSOS NATURALES Y MEDIO AMBIENTE,MEDIO AMBIENTE,PERFIL,0,2025,,CURANILAHUE,F.N.D.R.,823687000.0,823.687,,68545.0,,Sin evaluación,False,MUNICIPALIDAD DE CURANILAHUE,False,2024,2025,823687000.0
40066022,40066022-0,EQUIPAMIENTO Revalorización de ropas y otras basuras a través de pirólisis,PROYECTO,MULTISECTORIAL,INTERSUBSECTORIAL MULTISECTOR,PERFIL,0,2024,TARAPACA,,F.N.D.R.,2100000.0,2.1,,10000.0,,Sin evaluación,False,UNIVERSIDAD DE SANTIAGO,False,2024,2024,2100000.0
40066049,40066049-0,"REPOSICION DE CATENARIAS DE LOS FOSOS 2 Y 3 EN TALLER SAN EUGENIO, METRO S.A.",PROYECTO,TRANSPORTE,TRANSPORTE FERROVIARIO,EJECUCION,0,2026,METROPOLITANA DE SANTIAGO,,EMPRESA,971054000.0,971.054,,349854.0,RS,Recomendado (RS),True,METRO S.A.,False,2024,2026,971054000.0
40066240,40066240-0,"CONSTRUCCION CORREDOR VERDE PARQUE URBANO ORTUZANO, estación central, maipú y cerrillos",PROYECTO,VIVIENDA Y DESARROLLO URBANO,DESARROLLO URBANO,DISEÑO,0,2026,,,F.N.D.R.,351782000.0,351.782,,98023.0,RS,Recomendado (RS),True,GOBIERNO REGIONAL - REGION METROPOLITANA DE SANTIAGO,False,2024,2026,466088000.0
40066298,40066298-0,CONSERVACION RED PRIMARIA DE AGUAS LLUVIAS PUERTO MONTT REGIÓN DE LOS LAGOS 2024-2025,PROYECTO,RECURSOS HIDRICOS,AGUAS LLUVIAS,EJECUCION,0,2025,LOS LAGOS,,SECTORIAL,334567000.0,334.567,,246766.0,,Sin evaluación,False,DIRECCION DE OBRAS HIDRAULICAS MOP,False,2024,2025,334567000.0
40066335,40066335-0,"CONSTRUCCION PROYECTO SOLAR FOTOVOLTAICO ESCUELA CHIÑIGUE EL CRISTO, COMUNA DE EL MONTE",PROYECTO,ENERGIA,AUTOGENERACION,PERFIL,0,2024,,EL MONTE,F.N.D.R.,37528000.0,37.528,,1576.0,,Sin evaluación,False,MUNICIPALIDAD DE EL MONTE,False,2024,2024,37528000.0
40066405,40066405-0,ADQUISICION DE PLATAFORMA SOURCING PARA ADQUISICIONES CORPORATIVAS,PROYECTO,TRANSPORTE,TRANSPORTE FERROVIARIO,EJECUCION,0,2026,METROPOLITANA DE SANTIAGO,,EMPRESA,1198851000.0,1198.851,,1000.0,RS,Recomendado (RS),True,METRO S.A.,False,2024,2026,1198851000.0
40066428,40066428-0,MEJORAMIENTO AREAS VERDES CALLE HUELEN HUALA COMUNA DE LO PRADO,PROYECTO,VIVIENDA Y DESARROLLO URBANO,INTERSUBSECTORIAL VIVIENDA Y DESARROLLO URBANO,PERFIL,0,2024,,LO PRADO,F.N.D.R.,193998000.0,193.998,,3741.0,,Sin evaluación,False,MUNICIPALIDAD DE LO PRADO,False,2024,2024,193998000.0
40066490,40066490-0,NORMALIZACION DE ESTACIONES CON ACCESIBILIDAD UNIVERSAL EN EFE VALPARAÍSO,PROYECTO,TRANSPORTE,TRANSPORTE FERROVIARIO,PERFIL,0,2024,VALPARAISO,,EMPRESA,37470659000.0,37470.659,,163075.0,FI,Falta información (FI),False,EMPRESA DE FERROCARRILES DEL ESTADO,False,2024,2024,37470659000.0
40066525,40066525-0,MEJORAMIENTO Y HABILITACIÓN DE RECINTOS DE PERSONAL EN ESTACIONES DE METRO S.A.,PROYECTO,TRANSPORTE,"TRANSPORTE URBANO,VIALIDAD PEATONAL",PREFACTIBILIDAD,0,2026,METROPOLITANA DE SANTIAGO,,EMPRESA,1119284000.0,1119.284,,760.0,RS,Recomendado (RS),True,METRO S.A.,False,2024,2026,1119284000.0
40066529,40066529-0,ADQUISICION CAMION RECOLECTOR RSD SAN JUAN DE LA COSTA,PROYECTO,RECURSOS NATURALES Y MEDIO AMBIENTE,MEDIO AMBIENTE,PERFIL,0,2026,,SAN JUAN DE LA COSTA,F.N.D.R.,257750000.0,257.75,,1397.0,,Sin evaluación,False,MUNICIPALIDAD DE SAN JUAN DE LA COSTA,False,2024,2026,257750000.0
40066536,40066536-0,"MEJORAMIENTO ÁREA VERDE Y EQUIPAMIENTO SECTOR MILADE ASFURA, TOMÉ",PROYECTO,VIVIENDA Y DESARROLLO URBANO,DESARROLLO URBANO,PERFIL,0,2026,,TOME,F.N.D.R.,195890000.0,195.89,,3478.0,,Sin evaluación,False,MUNICIPALIDAD DE TOME,False,2024,2026,195890000.0
40066549,40066549-0,"MEJORAMIENTO ÁREA VERDE LAS DALIAS, HUECHURABA",PROYECTO,VIVIENDA Y DESARROLLO URBANO,DESARROLLO URBANO,PERFIL,0,2024,,HUECHURABA,F.N.D.R.,135000000.0,135.0,,3138.0,,Sin evaluación,False,MUNICIPALIDAD DE HUECHURABA,False,2024,2024,135000000.0
40066672,40066672-0,REPOSICION DE TORNIQUETES Y PUERTAS DE SALIDA POR PBC EN LA RED CONVENCIONAL DE METRO S.A.,PROYECTO,TRANSPORTE,"TRANSPORTE URBANO,VIALIDAD PEATONAL",EJECUCION,0,2026,METROPOLITANA DE SANTIAGO,,EMPRESA,3147425000.0,3147.425,,96080.0,RS,Recomendado (RS),True,METRO S.A.,False,2024,2026,3147425000.0
40066718,40066718-0,"CONSTRUCCION SISTEMA DE AGUAS LLUVIAS SECTOR LA VEGA, COMUNA DE TALCAHUANO",PROYECTO,RECURSOS HIDRICOS,AGUAS LLUVIAS,PERFIL,0,2026,,,SECTORIAL,225359000.0,225.359,,5509.0,RS,Recomendado (RS),True,DIRECCION DE OBRAS HIDRAULICAS MOP REGION DEL BIO BIO,False,2024,2026,225359000.0
40066759,40066759-0,"MEJORAMIENTO Y EQUIPAMIENTO ÁREAS VERDES SECTOR VILLORRIO SAN JOAQUÍN, CURACAVÍ",PROYECTO,VIVIENDA Y DESARROLLO URBANO,DESARROLLO URBANO,PERFIL,0,2024,,CURACAVI,F.N.D.R.,193570000.0,193.57,,2000.0,,Sin evaluación,False,MUNICIPALIDAD DE CURACAVI,False,2024,2024,193570000.0
40066775,40066775-0,"CONSTRUCCION PLAZOLETA Y ÁREA VERDE LOS LUCHADORES, TALCAHUANO",PROYECTO,VIVIENDA Y DESARROLLO URBANO,DESARROLLO URBANO,PERFIL,0,2026,,TALCAHUANO,F.N.D.R.,184961000.0,184.961,,4784.0,,Sin evaluación,False,MUNICIPALIDAD DE TALCAHUANO,False,2024,2026,184961000.0
40066808,40066808-0,REPOSICION DE ASCENSORES EN LÍNEA 2 Y RECINTOS DE METRO S.A.,PROYECTO,TRANSPORTE,TRANSPORTE FERROVIARIO,EJECUCION,0,2026,METROPOLITANA DE SANTIAGO,,EMPRESA,2388582000.0,2388.582,,17360.0,RS,Recomendado (RS),True,METRO S.A.,False,2024,2026,3951269000.0
40066847,40066847-0,MEJORAMIENTO AREA VERDE LOS VIÑEDOS,PROYECTO,VIVIENDA Y DESARROLLO URBANO,DESARROLLO URBANO,PERFIL,0,2026,,CASABLANCA,F.N.D.R.,64026000.0,64.026,,1474.0,,Sin evaluación,False,MUNICIPALIDAD DE CASABLANCA,False,2024,2026,64026000.0
40066853,40066853-0,MEJORAMIENTO AREA VERDE Y EQUIPAMIENTO VILLA SANTA INES,PROYECTO,VIVIENDA Y DESARROLLO URBANO,DESARROLLO URBANO,PERFIL,0,2026,,CASABLANCA,F.N.D.R.,92807000.0,92.807,,667.0,,Sin evaluación,False,MUNICIPALIDAD DE CASABLANCA,False,2024,2026,92807000.0
40066859,40066859-0,MEJORAMIENTO AREA VERDE Y SEDE SOCIAL VALLE DE ACUYO,PROYECTO,VIVIENDA Y DESARROLLO URBANO,DESARROLLO URBANO,PERFIL,0,2026,,CASABLANCA,F.N.D.R.,196816000.0,196.816,,1887.0,,Sin evaluación,False,MUNICIPALIDAD DE CASABLANCA,False,2024,2026,196816000.0
40066894,40066894-0,"CONSTRUCCION PARQUE URBANO UNIVERSIDAD DEL BÍO-BÍO, CONCEPCION",PROYECTO,VIVIENDA Y DESARROLLO URBANO,DESARROLLO URBANO,PERFIL,0,2025,L BIO BIO,,F.N.D.R.,5641234000.0,5641.234,,32511.0,RS,Recomendado (RS),True,UNIVERSIDAD DE BIO-BIO,False,2024,2025,7105898000.0
40067018,40067018-0,"MEJORAMIENTO ÁREAS VERDES POBLACION LA CAMPANA, COMUNA DE CALLE LARGA",PROYECTO,VIVIENDA Y DESARROLLO URBANO,DESARROLLO URBANO,PERFIL,0,2026,,CALLE LARGA,F.N.D.R.,131314000.0,131.314,,300.0,,Sin evaluación,False,MUNICIPALIDAD DE CALLE LARGA,False,2024,2026,131314000.0
40067225,40067225-0,"MEJORAMIENTO MULTICANCHA Y AREA VERDE CONJUNTO HABITACIONAL LA GLORIA, LOSANDES",PROYECTO,VIVIENDA Y DESARROLLO URBANO,DESARROLLO URBANO,PERFIL,0,2026,,LOS ANDES,F.N.D.R.,200010000.0,200.01,,68734.0,,Sin evaluación,False,MUNICIPALIDAD DE LOS ANDES,False,2024,2026,200010000.0
40067256,40067256-0,"INSTALACION Y SUMINISTRO DE PANELES SOLARES RECINTOS MUNICIPALES, COMUNA DE PICHILEMU",PROYECTO,ENERGIA,AUTOGENERACION,PERFIL,0,2025,,PICHILEMU,F.N.D.R.,180341000.0,180.341,,16394.0,,Sin evaluación,False,MUNICIPALIDAD DE PICHILEMU,False,2025,2025,180341000.0
40067265,40067265-0,TRANSFERENCIA PROGRAMA DE FORMACIÓN EN ENERGÍA FOTOVOLTAICA PADRE LAS CASAS,PROGRAMA,ENERGIA,AUTOGENERACION,PERFIL,0,2024,,PADRE LAS CASAS,F.N.D.R.,331580000.0,331.58,389979.42,120.0,,Sin evaluación,False,MUNICIPALIDAD DE PADRE LAS CASAS,False,2024,2024,331580000.0
40067290,40067290-0,CONSTRUCCION AREA VERDE VILLA LAUTARO,PROYECTO,VIVIENDA Y DESARROLLO URBANO,DESARROLLO URBANO,PERFIL,0,2025,,CASABLANCA,F.N.D.R.,47459000.0,47.459,,1436.0,,Sin evaluación,False,MUNICIPALIDAD DE CASABLANCA,False,2024,2025,47459000.0
40067360,40067360-0,CAPACITACION CENTRO TECNOLOGICO PARA LA ECONOMIA CIRCULAR EN LA REGION DE LOS LAGOS,PROGRAMA,MULTISECTORIAL,INTERSUBSECTORIAL MULTISECTOR,EJECUCION,0,2026,LOS LAGOS,,F.N.D.R.,5000340000.0,5000.34,5652720.47,1500.0,,Sin evaluación,False,CORPORACION FOMENTO DE LA PRODUCCION REGION DE LOS LAGOS,False,2025,2026,5000340000.0
40067458,40067458-0,CONSTRUCCION RED PÚBLICA AGUA POTABLE Y ALCANTARILLADO DIVERSOS SECTORES EN LA UNIÓN,PROYECTO,VIVIENDA Y DESARROLLO URBANO,DESARROLLO URBANO,PERFIL,0,2025,,LA UNION - REGION XIV,SECTORIAL,247785000.0,247.785,,33854.0,OT,Objetado técnicamente (OT),False,SEREMI VIVIENDA REGION DE LOS RIOS,False,2025,2025,247785000.0
40067476,40067476-0,"CONSERVACION RED PRIMARIA DE AGUAS LLUVIAS CIUDAD DE ALERCE, REGIÓN DE LOS LAGOS",PROYECTO,RECURSOS HIDRICOS,AGUAS LLUVIAS,EJECUCION,0,2025,LOS LAGOS,,SECTORIAL,334568000.0,334.568,,45760.0,,Sin evaluación,False,DIRECCION DE OBRAS HIDRAULICAS MOP,False,2024,2025,334568000.0
40067542,40067542-0,CONSERVACION INFRAESTRUCTURA FERROVIARIA VÍAS ZONA MADERERA SUR,PROYECTO,TRANSPORTE,TRANSPORTE FERROVIARIO,EJECUCION,0,2025,,,EMPRESA,3350058000.0,3350.058,,1849435.0,,Sin evaluación,False,EMPRESA DE FERROCARRILES DEL ESTADO,False,2024,2025,3350058000.0
40067555,40067555-0,TRANSFERENCIA APLICACIÓN DE NUEVAS TECNOLOGÍAS PARA EVALUAR EN TIEMPO REAL LA CALIDAD DEL,PROGRAMA,RECURSOS NATURALES Y MEDIO AMBIENTE,MEDIO AMBIENTE,PERFIL,0,2024,ANTOFAGASTA,,F.N.D.R.,527748000.0,527.748,620697.44,942.0,,Sin evaluación,False,GOBIERNO REGIONAL - REGION DE ANTOFAGASTA,False,2024,2024,527748000.0
40067576,40067576-0,TRANSFERENCIA CARBONO AZUL COMO MEDIDA DE ADAPTACIÓN REGIONAL PARA ENFRENTAR EL CAMBIO CLIMÁTI,PROGRAMA,,,EJECUCION,0,2026,ANTOFAGASTA,,F.N.D.R.,209050000.0,209.05,236324.17,600.0,,Sin evaluación,False,GOBIERNO REGIONAL - REGION DE ANTOFAGASTA,False,2024,2026,209050000.0
40067579,40067579-0,MEJORAMIENTO CRUCES VEHICULARES Y PEATONALES EN LA LÍNEA 2 BIOTREN,PROYECTO,TRANSPORTE,TRANSPORTE FERROVIARIO,PERFIL,0,2026,,,EMPRESA,1139095000.0,1139.095,,280086.0,RS,Recomendado (RS),True,EMPRESA DE FERROCARRILES DEL ESTADO,False,2025,2026,1139095000.0
40067580,40067580-0,"MEJORAMIENTO CRUCES VEHICULARES EN EL CORREDOR FERROVIARIO ALAMEDA - CHILLÁN, ETAPA 1",PROYECTO,TRANSPORTE,TRANSPORTE FERROVIARIO,PERFIL,0,2026,,,EMPRESA,2382165000.0,2382.165,,636252.0,RS,Recomendado (RS),True,EMPRESA DE FERROCARRILES DEL ESTADO,False,2025,2026,2382165000.0
40067704,40067704-0,TRANSFERENCIA TRANSFORMACIÓN Y VALORIZACIÓN: POTENCIANDO EL VALOR DE LOS PRODUCTOS DE PIRÓLISI,PROGRAMA,,,EJECUCION,0,2026,ANTOFAGASTA,,F.N.D.R.,302241000.0,302.241,341673.54,66445.0,,Sin evaluación,False,GOBIERNO REGIONAL - REGION DE ANTOFAGASTA,False,2024,2026,302241000.0
40067706,40067706-0,TRANSFERENCIA DESAFÍO EMPRENDEDOR HACIA UNA INDUSTRIA DE VALORIZACIÓN DE RESIDUOS DE,PROGRAMA,RECURSOS NATURALES Y MEDIO AMBIENTE,MEDIO AMBIENTE,EJECUCION,0,2026,ANTOFAGASTA,,F.N.D.R.,320700000.0,320.7,362540.84,40.0,,Sin evaluación,False,GOBIERNO REGIONAL - REGION DE ANTOFAGASTA,False,2024,2026,320700000.0
40067901,40067901-0,CONSERVACION DE EMERGENCIA RED PRIMARIA DE AGUAS LLUVIAS REGIÓN DEL BIOBÍO 2024-2025,PROYECTO,RECURSOS HIDRICOS,AGUAS LLUVIAS,EJECUCION,0,2025,L BIO BIO,,SECTORIAL,2507655000.0,2507.655,,2100000.0,,Sin evaluación,False,DIRECCION DE OBRAS HIDRAULICAS MOP,False,2024,2025,2507655000.0
40067969,40067969-0,"CONSTRUCCION ETAPA 3, RELLENO SANITARIO PROVINCIAL LA LAJA",PROYECTO,RECURSOS NATURALES Y MEDIO AMBIENTE,MEDIO AMBIENTE,PERFIL,0,2026,,PUERTO VARAS,F.N.D.R.,3416021000.0,3416.021,,408052.0,RS,Recomendado (RS),True,MUNICIPALIDAD DE PUERTO VARAS,False,2025,2026,3416021000.0
40068001,40068001-0,HABILITACION DE EQUIPOS DE AIRE ACONDICIONADO EN CABINAS DE TRENES AS02 DE LÍNEAS 4 Y 4A,PROYECTO,TRANSPORTE,TRANSPORTE FERROVIARIO,EJECUCION,0,2026,METROPOLITANA DE SANTIAGO,,EMPRESA,5042753000.0,5042.753,,189.0,RS,Recomendado (RS),True,METRO S.A.,False,2024,2026,5042753000.0
40068017,40068017-0,MEJORAMIENTO Y HABILITACIÓN DE RECINTOS DE PERSONAL EN ESTACIONES DE METRO S.A. ETAPA 2,PROYECTO,TRANSPORTE,"TRANSPORTE URBANO,VIALIDAD PEATONAL",DISEÑO,0,2026,METROPOLITANA DE SANTIAGO,,EMPRESA,742466000.0,742.466,,773.0,RS,Recomendado (RS),True,METRO S.A.,False,2024,2026,742466000.0
40068053,40068053-0,"CONSTRUCCION PARQUE URBANO LAGUNA PUDETO, PUNTA ARENAS",PROYECTO,VIVIENDA Y DESARROLLO URBANO,DESARROLLO URBANO,PERFIL,0,2026,,PUNTA ARENAS,F.N.D.R.,671073000.0,671.073,,132363.0,RS,Recomendado (RS),True,MUNICIPALIDAD DE PUNTA ARENAS,False,2025,2026,671073000.0
40068132,40068132-0,CONSERVACION DE EMERGENCIA SISTEMA DE SEÑALIZACIÓN TRAMO BUIN PAINE,PROYECTO,TRANSPORTE,TRANSPORTE FERROVIARIO,EJECUCION,0,2025,METROPOLITANA DE SANTIAGO,,EMPRESA,718279000.0,718.279,,169373.0,,Sin evaluación,False,EMPRESA DE FERROCARRILES DEL ESTADO,False,2024,2025,718279000.0
40068195,40068195-0,ADQUISICION DE SALVAESCALERAS PORTÁTILES EN LA RED METRO S.A.,PROYECTO,TRANSPORTE,TRANSPORTE FERROVIARIO,EJECUCION,0,2026,METROPOLITANA DE SANTIAGO,,EMPRESA,774981000.0,774.981,,5629.0,RS,Recomendado (RS),True,METRO S.A.,False,2025,2026,774981000.0
40068202,40068202-0,"CONSTRUCCION PLANTA DE TRATAMIENTO PARA EL REUSO DE AGUAS SERVIDAS, COMUNA DE ANTOFAGASTA",PROYECTO,RECURSOS HIDRICOS,EVACUACION DISPOSICION FINAL AGUAS SERVIDAS,PERFIL,0,2024,ANTOFAGASTA,,EMPRESA,107848009000.0,107848.009,,437908.0,OT,Objetado técnicamente (OT),False,EMPRESA CONCESIONARIAS DE SERVICIOS SANITARIOS,False,2024,2024,107848009000.0
40068268,40068268-0,MEJORAMIENTO DEL SISTEMA DE RADIOCOMUNICACIONES DE EFE VALPARAÍSO,PROYECTO,TRANSPORTE,TRANSPORTE FERROVIARIO,EJECUCION,0,2026,VALPARAISO,,EMPRESA,7897870000.0,7897.87,,55764.0,RS,Recomendado (RS),True,EMPRESA DE FERROCARRILES DEL ESTADO,False,2025,2026,7897870000.0
40068399,40068399-0,CONSERVACION DE EMERGENCIA SISTEMA DE SEÑALIZACIÓN TRAMO REQUINOA - RENGO,PROYECTO,TRANSPORTE,TRANSPORTE FERROVIARIO,EJECUCION,0,2025,L LIBERTADOR GENERAL,,EMPRESA,571887000.0,571.887,,22427.0,,Sin evaluación,False,EMPRESA DE FERROCARRILES DEL ESTADO,False,2025,2025,571887000.0
40068449,40068449-0,"CONSTRUCCION AREA VERDE Y MEJORAMIENTO MULTICANCHA POBLACION ORTEGA URRUTIA, PARRAL",PROYECTO,VIVIENDA Y DESARROLLO URBANO,DESARROLLO URBANO,PERFIL,0,2024,,PARRAL,F.N.D.R.,159929000.0,159.929,,650.0,,Sin evaluación,False,MUNICIPALIDAD DE PARRAL,False,2024,2024,159929000.0
40068480,40068480-0,"CONSERVACION RED PRIMARIA DE AGUAS LLUVIAS CIUDAD DE PUERTO VARAS, REGIÓN DE LOS LAGOS",PROYECTO,RECURSOS HIDRICOS,AGUAS LLUVIAS,EJECUCION,0,2026,LOS LAGOS,,SECTORIAL,329230000.0,329.23,,44578.0,,Sin evaluación,False,DIRECCION DE OBRAS HIDRAULICAS MOP,False,2024,2026,334568000.0
40068503,40068503-0,RECUPERACION Y MANEJO SUSTENTABLE DEL BOSQUE NATIVO EN LA REGION DE AYSEN,PROGRAMA,RECURSOS NATURALES Y MEDIO AMBIENTE,INTERSUBSECTORIAL,PERFIL,0,2025,,COYHAIQUE,F.N.D.R.,904587000.0,904.587,1052445.0,40.0,,Sin evaluación,False,CORPORACION DE FOMENTO DE LA PRODUCCION,False,2025,2025,904587000.0
40068506,40068506-0,TRANSFERENCIA PROGRAMA ESPECIAL DE FOMENTO DE OBRAS CIVILES E INTRAPREDIALES DE RIEGO VIII,PROGRAMA,RECURSOS NATURALES Y MEDIO AMBIENTE,AGRICULTURA,PERFIL,0,2026,VALPARAISO,,F.N.D.R.,2061998000.0,2061.998,2331021.15,1047.0,,Sin evaluación,False,INSTITUTO DESARROLLO AGROPECUARIO REGION DE VALPARAISO,False,2025,2026,4140000000.0
40068520,40068520-0,REPOSICION DE LOS SISTEMAS DE DETECCIÓN DE FROTADORES EN ESTACIONES MANQUEHUE Y PAJARITOS DE LINEA 1 METRO S.A.,PROYECTO,TRANSPORTE,TRANSPORTE FERROVIARIO,EJECUCION,0,2026,METROPOLITANA DE SANTIAGO,,EMPRESA,4921485000.0,4921.485,,1263486.0,RS,Recomendado (RS),True,METRO S.A.,False,2025,2026,4921485000.0
40068565,40068565-0,CONSERVACION DE INFRAESTRUCTURA FERROVIARIA VIAS ZONA SUR 2025-2027,PROYECTO,TRANSPORTE,TRANSPORTE FERROVIARIO,EJECUCION,0,2026,,,EMPRESA,72790814000.0,72790.814,,2735255.0,,Sin evaluación,False,EMPRESA DE FERROCARRILES DEL ESTADO,False,2025,2026,72790814000.0
40068587,40068587-0,CONSERVACION DE INFRAESTRUCTURA EN ESTACIONES DE LA RED DE METRO S.A.,PROYECTO,TRANSPORTE,TRANSPORTE FERROVIARIO,EJECUCION,0,2026,METROPOLITANA DE SANTIAGO,,EMPRESA,28255511000.0,28255.511,,111806.0,,Sin evaluación,False,METRO S.A.,False,2024,2026,28255511000.0
40068608,40068608-0,TRANSFERENCIA PREVENCIÓN Y CONTROL DE LA ESCASEZ HÍDRICAS EN 17 COMUNAS DE LA RM,PROGRAMA,RECURSOS HIDRICOS,RECURSOS,PERFIL,0,2026,METROPOLITANA DE SANTIAGO,,F.N.D.R.,213476000.0,213.476,241327.62,2140673.0,,Sin evaluación,False,CORPORACION DE FOMENTO DE LA PRODUCCION,False,2025,2026,458483000.0
40068671,40068671-0,"CONSERVACION RED PRIMARIA DE AGUAS LLUVIAS VILLA HUASCAR Y EL RECODO, REGIÓN DEL BIOBIO",PROYECTO,RECURSOS HIDRICOS,AGUAS LLUVIAS,EJECUCION,0,2025,L BIO BIO,,SECTORIAL,204648000.0,204.648,,355382.0,,Sin evaluación,False,DIRECCION DE OBRAS HIDRAULICAS MOP,False,2025,2025,204648000.0
40068694,40068694-0,"CONSTRUCCION AREA VERDE BICENTENARIO, CONSTITUCION",PROYECTO,VIVIENDA Y DESARROLLO URBANO,DESARROLLO URBANO,PERFIL,0,2026,,CONSTITUCION,F.N.D.R.,185299000.0,185.299,,3127.0,,Sin evaluación,False,MUNICIPALIDAD DE CONSTITUCION,False,2025,2026,185299000.0
40068943,40068943-0,"ADQUISICION DE SOFTWARE Y HARDWARE CORPORATIVO AÑOS 2024-2025, METRO S.A.",PROYECTO,TRANSPORTE,TRANSPORTE FERROVIARIO,EJECUCION,0,2026,,SANTIAGO,EMPRESA,222547000.0,222.547,,1965.0,RS,Recomendado (RS),True,METRO S.A.,False,2025,2026,222547000.0
40068947,40068947-0,CONSERVACION DE EMERGENCIA TEMPORAL AGOSTO 2024 ZONA CENTRAL Y SUR,PROYECTO,TRANSPORTE,TRANSPORTE FERROVIARIO,EJECUCION,0,2025,,,EMPRESA,1347263000.0,1347.263,,34300.0,,Sin evaluación,False,EMPRESA DE FERROCARRILES DEL ESTADO,False,2025,2025,1347263000.0
40068973,40068973-0,"CONSERVACION Y REPOSICION UMINARIAS EN AREAS VERDES, PEQUEÑAS OBRAS BARRIALES, SPDLP",PROYECTO,VIVIENDA Y DESARROLLO URBANO,DESARROLLO URBANO,PERFIL,0,2025,,SAN PEDRO DE LA PAZ,SECTORIAL,230866000.0,230.866,,80447.0,,Sin evaluación,False,SEREMI VIVIENDA REGION DEL BIO BIO,False,2025,2025,230866000.0
40068996,40068996-0,CONSERVACION INTEGRAL DE EMERGENCIA SERVICIO SANITARIO RURAL DE PAREDONES,PROYECTO,RECURSOS HIDRICOS,RECURSOS HIDRICOS,PERFIL,0,2025,,PAREDONES,F.N.D.R.,202146000.0,202.146,,6188.0,,Sin evaluación,False,MUNICIPALIDAD DE PAREDONES,False,2025,2025,202146000.0
40069012,40069012-0,ADQUISICION DE INFRAESTRUCTURA Y EQUIPAMIENTO PARA LA IMPLEMENTACIÓN DE PUNTOS LIMPIOS,PROYECTO,RECURSOS NATURALES Y MEDIO AMBIENTE,MEDIO AMBIENTE,PERFIL,0,2026,,CATEMU,F.N.D.R.,325016000.0,325.016,,15714.0,,Sin evaluación,False,MUNICIPALIDAD DE CATEMU,False,2025,2026,325016000.0
40069013,40069013-0,CONSERVACION DE EMERGENCIA DE MATERIAL RODANTE XT-29 POR DESRIELO,PROYECTO,TRANSPORTE,TRANSPORTE FERROVIARIO,EJECUCION,0,2026,VALPARAISO,,EMPRESA,2012819000.0,2012.819,,55764.0,,Sin evaluación,False,EMPRESA DE FERROCARRILES DEL ESTADO,False,2025,2026,2012819000.0
40069018,40069018-0,CONSTRUCCION CENTRO COMUNITARIO Y ÁREA VERDE VILLA FRANCIA,PROYECTO,VIVIENDA Y DESARROLLO URBANO,DESARROLLO URBANO,PERFIL,0,2026,,MAULE,SECTORIAL,492978000.0,492.978,,9200.0,OT,Objetado técnicamente (OT),False,SEREMI VIVIENDA REGION DEL MAULE,False,2025,2026,492978000.0
40069071,40069071-0,"CONSERVACION FUENTE DE SISTEMA SANITARIO RURAL DE SOCOROMA, COMUNA DE",PROYECTO,RECURSOS HIDRICOS,AGUA POTABLE,PERFIL,0,2026,,PUTRE - REGION XV,SECTORIAL,126617000.0,126.617,,768.0,,Sin evaluación,False,SUBDIRECCION DE SERVICIOS SANITARIOS RURALES MOP,False,2025,2026,126617000.0
40069259,40069259-0,CAPACITACION EN GESTIÓN DE REÚSO DE AGUAS GRISES PARA RIEGO DE PEQUEÑA AGRICULTURA,PROGRAMA,RECURSOS HIDRICOS,RIEGO,PERFIL,0,2026,,,SECTORIAL,627105000.0,627.105,708921.65,438.0,RS,Recomendado (RS),True,COMISION NACIONAL DE RIEGO,False,2025,2026,627105000.0
40069265,40069265-0,"CONSERVACION RED PRIMARIA AGUAS LLUVIAS 2025, CIUDAD DE ANCUD, REGIÓN DE LOS LAGOS",PROYECTO,RECURSOS HIDRICOS,AGUAS LLUVIAS,EJECUCION,0,2026,,ANCUD,SECTORIAL,344938000.0,344.938,,28268.0,,Sin evaluación,False,DIRECCION DE OBRAS HIDRAULICAS MOP REGION DE LOS LAGOS,False,2025,2026,344938000.0
40069270,40069270-0,"CONSERVACION RED PRIMARIA DE AGUAS LLUVIAS 2025. CIUDAD DE OSORNO, REGIÓN DE LOS LAGOS",PROYECTO,RECURSOS HIDRICOS,AGUAS LLUVIAS,EJECUCION,0,2026,,OSORNO,SECTORIAL,399318000.0,399.318,,147897.0,,Sin evaluación,False,DIRECCION DE OBRAS HIDRAULICAS MOP REGION DE LOS LAGOS,False,2025,2026,399318000.0
40069284,40069284-0,"CONSTRUCCION SEDE COMUNITARIA Y MEJORAMIENTO INTEGRAL DEL ÁREA VERDE, PORTAL ARAUCARIAS",PROYECTO,VIVIENDA Y DESARROLLO URBANO,DESARROLLO URBANO,PERFIL,0,2025,,QUILLOTA,F.N.D.R.,61285000.0,61.285,,4408.0,OT,Objetado técnicamente (OT),False,MUNICIPALIDAD DE QUILLOTA,False,2025,2025,61285000.0
40069334,40069334-0,"ADQUISICION 3 BUSES ELÉCTRICOS, COMUNA DE PEÑAFLOR",PROYECTO,TRANSPORTE,"TRANSPORTE URBANO,VIALIDAD PEATONAL",PERFIL,0,2026,,PEÑAFLOR,F.N.D.R.,1280590000.0,1280.59,,108142.0,,Sin evaluación,False,MUNICIPALIDAD DE PEÑAFLOR,False,2025,2026,1280590000.0
40069345,40069345-0,REPOSICION Y ADQUISICION CAMIONES RECOLECTORES DE RSD COMUNA DE SAN PEDRO,PROYECTO,RECURSOS NATURALES Y MEDIO AMBIENTE,MEDIO AMBIENTE,PERFIL,0,2025,,SAN PEDRO,F.N.D.R.,659834000.0,659.834,,12544.0,,Sin evaluación,False,MUNICIPALIDAD DE SAN PEDRO,False,2025,2025,659834000.0
40069383,40069383-0,ADQUISICION DE EQUIPAMIENTO PARA RIEGO ESTRAPREDIAL SECTOR AGRICOLA PUNTAS NEGRAS TOCONCE,PROYECTO,RECURSOS NATURALES Y MEDIO AMBIENTE,AGRICULTURA,PERFIL,0,2025,,CALAMA,F.N.D.R.,706426000.0,706.426,,126.0,,Sin evaluación,False,SEREMI AGRICULTURA REGION DE ANTOFAGASTA,False,2025,2025,706426000.0
40069481,40069481-0,"CONSERVACION SERVICO SANITARIO RURAL LOS MAQUIS CUENCA, COMUNA DE MALLOA",PROYECTO,RECURSOS HIDRICOS,AGUA POTABLE,PERFIL,0,2027,,MALLOA,SECTORIAL,162897000.0,162.897,,1564.0,,Sin evaluación,False,SUBDIRECCION DE SERVICIOS SANITARIOS RURALES MOP,False,2026,2027,162898000.0
40069487,40069487-0,TRANSFERENCIA VALORIZACIÓN COMERCIAL DEL HUEVO DE CAMPO PRODUCIDO EN LA AFC EN LA REGIÓN D,PROGRAMA,RECURSOS NATURALES Y MEDIO AMBIENTE,PECUARIO,EJECUCION,0,2026,AISEN DEL GENERAL CARLOS,,F.N.D.R.,51404000.0,51.404,58110.54,30.0,,Sin evaluación,False,INSTITUTO DESARROLLO AGROPECUARIO REGION DE AISEN DEL GENERAL CARLOS IBAÑEZ DEL,False,2025,2026,51404000.0
40069507,40069507-0,TRANSFERENCIA RIEGO ASOCIATIVO INDAP OHIGGINS AÑO 2025 - 2026,PROGRAMA,RECURSOS NATURALES Y MEDIO AMBIENTE,AGRICULTURA,PERFIL,0,2025,L LIBERTADOR GENERAL,,F.N.D.R.,3490700000000.0,3490700.0,4061267466.35,1800.0,,Sin evaluación,False,INSTITUTO DESARROLLO AGROPECUARIO REGION DEL LIBERTADOR GENERAL BERNARDO,False,2025,2025,3490700000000.0
40069535,40069535-0,"CONSERVACION PROTECCIÓN COSTERA TENAÚN, COMUNA DE DALCAHUE",PROYECTO,VIVIENDA Y DESARROLLO URBANO,"BORDE COSTERO,PASEOS PEATONALES, PLAYAS",PERFIL,0,2026,,DALCAHUE,SECTORIAL,1520228000.0,1520.228,,169.0,,Sin evaluación,False,OBRAS PORTUARIAS MOP REGION DE LOS LAGOS,False,2026,2026,1520228000.0
40069564,40069564-0,"CONSTRUCCION COLECTOR PRIMARIO DE AGUAS LLUVIAS REFUERZO BENAVENTE, COMUNA DE PUERTO MONTT",PROYECTO,RECURSOS HIDRICOS,AGUAS LLUVIAS,PERFIL,0,2027,,PUERTO MONTT,SECTORIAL,246149000.0,246.149,,3666.0,OT,Objetado técnicamente (OT),False,DIRECCION DE OBRAS HIDRAULICAS MOP REGION DE LOS LAGOS,False,2027,2027,246149000.0
40069614,40069614-0,TRANSFERENCIA PROGRAMA RIEGO INTRAPREDIAL 2025 - 2026,PROGRAMA,RECURSOS NATURALES Y MEDIO AMBIENTE,AGRICULTURA,PERFIL,0,2025,L LIBERTADOR GENERAL,,F.N.D.R.,1541700000000.0,1541700.0,1793696408.42,125.0,,Sin evaluación,False,INSTITUTO DESARROLLO AGROPECUARIO REGION DEL LIBERTADOR GENERAL BERNARDO,False,2025,2025,1541700000000.0
40069643,40069643-0,"CONSERVACION RED DE CICLOVÍAS RP1-20K, DIVERSOS SECTORES , VALDIVIA",PROYECTO,TRANSPORTE,"TRANSPORTE URBANO,VIALIDAD PEATONAL",PERFIL,0,2027,,VALDIVIA - REGION XIV,F.N.D.R.,1100000000.0,1100.0,,166080.0,,Sin evaluación,False,MUNICIPALIDAD DE VALDIVIA REGION DE LOS RIOS,False,2026,2027,1100000000.0
40069676,40069676-0,"CONSERVACION PARQUE URBANO KAUKARI ETAPA 1-2-3A , COPIAPO",PROYECTO,VIVIENDA Y DESARROLLO URBANO,DESARROLLO URBANO,PERFIL,0,2025,,COPIAPO,SECTORIAL,4786745000.0,4786.745,,153800.0,,Sin evaluación,False,SEREMI VIVIENDA REGION DE ATACAMA,False,2025,2025,4786745000.0
40069990,40069990-0,"CONSTRUCCION ""AREAS VERDES Y DE EQUIPAMIENTO, DISTINTOS SECTORES DE",PROYECTO,VIVIENDA Y DESARROLLO URBANO,DESARROLLO URBANO,PERFIL,0,2026,,LAUTARO,F.N.D.R.,50000000.0,50.0,,41624.0,,Sin evaluación,False,MUNICIPALIDAD DE LAUTARO,False,2025,2026,50000000.0
40070084,40070084-0,CONSERVACION RED PRIMARIA DE AGUAS LLUVIAS PUERTO MONTT REGIÓN DE LOS LAGOS 2026-2027,PROYECTO,RECURSOS HIDRICOS,AGUAS LLUVIAS,PERFIL,0,2026,,PUERTO MONTT,SECTORIAL,331033000.0,331.033,,246766.0,,Sin evaluación,False,DIRECCION DE OBRAS HIDRAULICAS MOP REGION DE LOS LAGOS,False,2026,2026,331033000.0
40070087,40070087-0,CONSERVACION RED PRIMARIA DE AGUAS LLUVIAS OSORNO REGIÓN DE LOS LAGOS 2026- 2027,PROYECTO,RECURSOS HIDRICOS,AGUAS LLUVIAS,PERFIL,0,2026,,OSORNO,SECTORIAL,331033000.0,331.033,,147897.0,,Sin evaluación,False,DIRECCION DE OBRAS HIDRAULICAS MOP REGION DE LOS LAGOS,False,2026,2026,331033000.0
40070088,40070088-0,CONSERVACION RED PRIMARIA DE AGUAS LLUVIAS PUERTO VARAS REGIÓN DE LOS LAGOS 2026-2027,PROYECTO,RECURSOS HIDRICOS,AGUAS LLUVIAS,PERFIL,0,2026,,PUERTO VARAS,SECTORIAL,331033000.0,331.033,,44578.0,,Sin evaluación,False,DIRECCION DE OBRAS HIDRAULICAS MOP REGION DE LOS LAGOS,False,2026,2026,331033000.0
40070089,40070089-0,CONSERVACION RED PRIMARIA DE AGUAS LLUVIAS ANCUD REGIÓN DE LOS LAGOS 2026-,PROYECTO,RECURSOS HIDRICOS,AGUAS LLUVIAS,PERFIL,0,2026,,ANCUD,SECTORIAL,331033000.0,331.033,,28268.0,,Sin evaluación,False,DIRECCION DE OBRAS HIDRAULICAS MOP REGION DE LOS LAGOS,False,2026,2026,331033000.0
40070090,40070090-0,CONSERVACION RED PRIMARIA DE AGUAS LLUVIAS ALERCE REGIÓN DE LOS LAGOS 2026-,PROYECTO,RECURSOS HIDRICOS,AGUAS LLUVIAS,PERFIL,0,2026,,PUERTO MONTT,SECTORIAL,331033000.0,331.033,,45760.0,,Sin evaluación,False,DIRECCION DE OBRAS HIDRAULICAS MOP REGION DE LOS LAGOS,False,2026,2026,331033000.0
40070091,40070091-0,"REPOSICION Y CONSTRUCCIÓN RED PRIMARIA DE AGUAS LLUVIAS SECTOR FRANKE, COMUNA DE OSORNO",PROYECTO,RECURSOS HIDRICOS,AGUAS LLUVIAS,PERFIL,0,2026,,OSORNO,SECTORIAL,394904000.0,394.904,,3877.0,OT,Objetado técnicamente (OT),False,DIRECCION DE OBRAS HIDRAULICAS MOP REGION DE LOS LAGOS,False,2026,2026,394904000.0
40070093,40070093-0,"CONSTRUCCION COLECTORES RED PRIMARIA AGUAS LLUVIAS CALLE EGAÑA, COMUNA DE PUERTO MONTT",PROYECTO,RECURSOS HIDRICOS,AGUAS LLUVIAS,PERFIL,0,2027,,PUERTO MONTT,SECTORIAL,248576000.0,248.576,,5000.0,OT,Objetado técnicamente (OT),False,DIRECCION DE OBRAS HIDRAULICAS MOP REGION DE LOS LAGOS,False,2027,2027,248576000.0
40070135,40070135-0,"CONSERVACION RED PRIMARIA DE AGUAS LLUVIAS, PUNTA ARENAS, 2026",PROYECTO,RECURSOS HIDRICOS,AGUAS LLUVIAS,PERFIL,0,2026,,PUNTA ARENAS,SECTORIAL,300000000.0,300.0,,131592.0,,Sin evaluación,False,DIRECCION DE OBRAS HIDRAULICAS MOP REGION DE MAGALLANES Y ANTARTICA CHILENA,False,2026,2026,300000000.0
40070210,40070210-0,HABILITACION DE BAÑOS PÚBLICOS EN ESTACIÓN UNIVERSIDAD DE CHILE DE LÍNEA 1 METRO S.A.,PROYECTO,TRANSPORTE,TRANSPORTE FERROVIARIO,EJECUCION,0,2026,METROPOLITANA DE SANTIAGO,,EMPRESA,805352000.0,805.352,,46178.0,RS,Recomendado (RS),True,METRO S.A.,False,2025,2026,805352000.0
40070256,40070256-0,NORMALIZACION DE INFRAESTRUCTURA FERROVIARIA DE SEGURIDAD EN LA VÍA FÉRREA DE LA RED EFE,PROYECTO,TRANSPORTE,TRANSPORTE FERROVIARIO,PERFIL,0,2026,,,EMPRESA,143939898000.0,143939.898,,3119540.0,RS,Recomendado (RS),True,EMPRESA DE FERROCARRILES DEL ESTADO,False,2025,2026,143939898000.0
40070308,40070308-0,CONSERVACION RED PRIMARIA DE AGUAS LLUVIAS REGION DEL MAULE ALL26-2,PROYECTO,RECURSOS HIDRICOS,AGUAS LLUVIAS,PERFIL,0,2026,L MAULE,,SECTORIAL,2794524000.0,2794.524,,512816.0,,Sin evaluación,False,DIRECCION DE OBRAS HIDRAULICAS MOP,False,2026,2026,2794524000.0
40070350,40070350-0,"MEJORAMIENTO ÃREAS VERDES PASAJE NEBRASKA, IQUIQUE.",PROYECTO,VIVIENDA Y DESARROLLO URBANO,DESARROLLO URBANO,PERFIL,0,2026,,IQUIQUE,F.N.D.R.,330322000.0,330.322,,3251.0,,Sin evaluación,False,MUNICIPALIDAD DE IQUIQUE,True,2025,2026,330322000.0
40070392,40070392-0,CONSERVACION RED PRIMARIA DE AGUAS LLUVIAS REGIÓN DE VALPARAÍSO ALL26-2,PROYECTO,RECURSOS HIDRICOS,AGUAS LLUVIAS,PERFIL,0,2026,VALPARAISO,,SECTORIAL,3345993000.0,3345.993,,944498.0,,Sin evaluación,False,DIRECCION DE OBRAS HIDRAULICAS MOP,False,2026,2026,3345993000.0
40070393,40070393-0,CONSERVACION DE RIBERAS DE CAUCES NATURALES REGIÓN DE VALPARAÍSO,PROYECTO,RECURSOS HIDRICOS,"DEFENSAS FLUVIALES,MARITIMAS Y CAUCES NATURALES",PERFIL,0,2026,VALPARAISO,,SECTORIAL,4639494000.0,4639.494,,264142.0,,Sin evaluación,False,DIRECCION DE OBRAS HIDRAULICAS MOP REGION DE VALPARAISO,False,2026,2026,4639494000.0
40070395,40070395-0,MEJORAMIENTO SISTEMA PRIMARIO EVACUACIóN AGUAS LLUVIAS REñACA NORTE VIñA DEL MAR Y CONCóN,PROYECTO,RECURSOS HIDRICOS,AGUAS LLUVIAS,PERFIL,0,2026,,,SECTORIAL,570725000.0,570.725,,20000.0,RS,Recomendado (RS),True,DIRECCION DE OBRAS HIDRAULICAS MOP REGION DE VALPARAISO,False,2026,2026,570725000.0
40070426,40070426-0,CONSERVACION MANTENIMIENTO MAYOR SISTEMAS S.E.C. EM 2025-2027,PROYECTO,TRANSPORTE,TRANSPORTE FERROVIARIO,EJECUCION,0,2026,,,EMPRESA,98585845000.0,98585.845,,124765.0,,Sin evaluación,False,EMPRESA DE FERROCARRILES DEL ESTADO,False,2025,2026,98585845000.0
40070542,40070542-0,CONSERVACION DE RIBERAS CON ENCAUZAMIENTO REGION DEL MAULE 2026-2027,PROYECTO,RECURSOS HIDRICOS,"DEFENSAS FLUVIALES,MARITIMAS Y CAUCES NATURALES",PERFIL,0,2026,L MAULE,,SECTORIAL,3505396000.0,3505.396,,2340.0,,Sin evaluación,False,DIRECCION DE OBRAS HIDRAULICAS MOP REGION DEL MAULE,False,2026,2026,3505396000.0
40070547,40070547-0,CONSERVACION DE EMERGENCIA INFRAESTRUCTURA FERROVIARIA POR INCENDIO TRAMO COLLIPULLI VICTORIA,PROYECTO,TRANSPORTE,TRANSPORTE FERROVIARIO,EJECUCION,0,2025,LA ARAUCANIA,,EMPRESA,2843510000.0,2843.51,,100.0,,Sin evaluación,False,EMPRESA DE FERROCARRILES DEL ESTADO,False,2025,2025,2843510000.0
40070649,40070649-0,ADQUISICION 2 BUSES ELÉCTRICOS PARA LA COMUNA DE PEÑAFLOR,PROYECTO,TRANSPORTE,"TRANSPORTE URBANO,VIALIDAD PEATONAL",PERFIL,0,2026,,PEÑAFLOR,F.N.D.R.,748408000.0,748.408,,106840.0,,Sin evaluación,False,MUNICIPALIDAD DE PEÑAFLOR,False,2026,2026,748408000.0
40070654,40070654-0,CONSERVACION RED PRIMARIA DE AGUAS LLUVIAS REGION DE ÑUBLE,PROYECTO,RECURSOS HIDRICOS,AGUAS LLUVIAS,PERFIL,0,2026,ÑUBLE,,SECTORIAL,1593229000.0,1593.229,,6000.0,RS,Recomendado (RS),True,DIRECCION DE OBRAS HIDRAULICAS MOP REGION DE ÑUBLE,False,2026,2026,1593229000.0
40070668,40070668-0,"CONSTRUCCION AREA VERDE, CANCHA y CALISTENIA PARQUE FERROVIARIO, PITRUFQUEN",PROYECTO,VIVIENDA Y DESARROLLO URBANO,DESARROLLO URBANO,PERFIL,0,2025,,PITRUFQUEN,F.N.D.R.,150000000.0,150.0,,750.0,,Sin evaluación,False,MUNICIPALIDAD DE PITRUFQUEN,False,2025,2025,150000000.0
40070721,40070721-0,CONSTRUCCION NUEVA FUENTE SERVICIO SANITARIO RURAL HUERTOS FAMILIARES,PROYECTO,RECURSOS HIDRICOS,AGUA POTABLE,PERFIL,0,2025,,NATALES,SECTORIAL,388461000.0,388.461,,1380.0,OT,Objetado técnicamente (OT),False,SUBDIRECCION DE SERVICIOS SANITARIOS RURALES REGION DE MAGALLANES Y ANTARTICA,False,2025,2025,388461000.0
40070763,40070763-0,CONSERVACION RED PRIMARIA DE AGUAS LLUVIAS REGION DEL BIOBIO ALL26-2,PROYECTO,RECURSOS HIDRICOS,AGUAS LLUVIAS,PERFIL,0,2026,L BIO BIO,,SECTORIAL,2533922000.0,2533.922,,1149283.0,,Sin evaluación,False,DIRECCION DE OBRAS HIDRAULICAS MOP,False,2026,2026,2533922000.0
40070790,40070790-0,CONSERVACION RED PRIMARIA DE AGUAS LLUVIAS REGION DE OHIGGINS,PROYECTO,RECURSOS HIDRICOS,AGUAS LLUVIAS,PERFIL,0,2027,,RANCAGUA,SECTORIAL,362703000.0,362.703,,103573.0,,Sin evaluación,False,DIRECCION DE OBRAS HIDRAULICAS MOP,False,2026,2027,362706000.0
40070822,40070822-0,CONSERVACION RED PRIMARIA DE AGUAS LLUVIAS REGIÓN DE AYSÉN ALL26-3,PROYECTO,RECURSOS HIDRICOS,AGUAS LLUVIAS,PERFIL,0,2026,AISEN DEL GENERAL CARLOS,,SECTORIAL,3402915000.0,3402.915,,81777.0,,Sin evaluación,False,DIRECCION DE OBRAS HIDRAULICAS MOP,False,2025,2026,3402915000.0
40070823,40070823-0,"MEJORAMIENTO Y HABILITACION DE AREAS VERDES EN DIVERSOS SECT. DE QUETALMAHUE, COMUNA DE ANCUD",PROYECTO,VIVIENDA Y DESARROLLO URBANO,DESARROLLO URBANO,PERFIL,0,2026,,ANCUD,F.N.D.R.,101144000.0,101.144,,316.0,,Sin evaluación,False,MUNICIPALIDAD DE ANCUD,False,2025,2026,101144000.0
40070845,40070845-0,CONSERVACION PROTECCIÓN COSTERA DEL BORDE COSTERO DESDE MUELLE VERGARA A 14 NORTE,PROYECTO,VIVIENDA Y DESARROLLO URBANO,"BORDE COSTERO,PASEOS PEATONALES, PLAYAS",PERFIL,0,2026,,VIÑA DEL MAR,SECTORIAL,3092996000.0,3092.996,,1334248.0,,Sin evaluación,False,DIRECCION DE OBRAS PORTUARIAS MOP,False,2025,2026,3092996000.0
40070874,40070874-0,"REPOSICION CAMION RECOLECTOR PARA LA GESTION DE RSD, COMUNA DE LAUTARO",PROYECTO,RECURSOS NATURALES Y MEDIO AMBIENTE,MEDIO AMBIENTE,PERFIL,0,2027,,LAUTARO,F.N.D.R.,206332000.0,206.332,,15685.0,,Sin evaluación,False,MUNICIPALIDAD DE LAUTARO,False,2027,2027,206332000.0
40070886,40070886-0,"HABILITACION INFRAESTRUCTURA PARA MANTENIMIENTO EQUIPOS AACC EN TRENES NS- 93, 07 Y 16 METRO",PROYECTO,TRANSPORTE,TRANSPORTE FERROVIARIO,EJECUCION,0,2026,METROPOLITANA DE SANTIAGO,,EMPRESA,4243515000.0,4243.515,,1416374.0,RS,Recomendado (RS),True,METRO S.A.,False,2025,2026,4243515000.0
40070894,40070894-0,ADQUISICION DE EQUIPAMIENTO PARA LA OPERACION DE PLANTA DE COMPOSTAJE MUNICIPAL,PROYECTO,RECURSOS NATURALES Y MEDIO AMBIENTE,MEDIO AMBIENTE,PERFIL,0,2025,,CATEMU,F.N.D.R.,441486000.0,441.486,,15714.0,,Sin evaluación,False,MUNICIPALIDAD DE CATEMU,False,2025,2025,441486000.0
40070981,40070981-0,CONSERVACION DE RIBERAS Y CAUCES NATURALES 2025-2027 ATACAMA,PROYECTO,RECURSOS HIDRICOS,"DEFENSAS FLUVIALES,MARITIMAS Y CAUCES NATURALES",PERFIL,0,2026,ATACAMA,,SECTORIAL,329920000.0,329.92,,2000.0,,Sin evaluación,False,DIRECCION DE OBRAS HIDRAULICAS MOP REGION DE ATACAMA,False,2026,2026,329920000.0
40070984,40070984-0,CONSERVACION RED PRIMARIA DE AGUAS LLUVIAS región de atacama 2025-2027,PROYECTO,RECURSOS HIDRICOS,AGUAS LLUVIAS,PERFIL,0,2026,ATACAMA,,SECTORIAL,329920000.0,329.92,,2000.0,,Sin evaluación,False,DIRECCION DE OBRAS HIDRAULICAS MOP REGION DE ATACAMA,False,2026,2026,329920000.0
40071076,40071076-0,HABILITACION BODEGAS PARA SUSTANCIAS QUÍMICAS EN TALLER NEPTUNO METRO S.A.,PROYECTO,TRANSPORTE,TRANSPORTE FERROVIARIO,EJECUCION,0,2026,,LO PRADO,EMPRESA,390567000.0,390.567,,332.0,RS,Recomendado (RS),True,METRO S.A.,False,2025,2026,390567000.0
40071273,40071273-0,CONSTRUCCION DE DEPOSITOS PARA EL SISTEMA DE TRANSPORTE PÚBLICO RED MOVILIDAD,PROYECTO,TRANSPORTE,ADMINISTRACION TRANSPORTE,EJECUCION,0,2026,,SAN BERNARDO,EMPRESA,18866965000.0,18866.965,,6918195.0,RS,Recomendado (RS),True,FONDO DE INFRAESTRUCTURA S.A.,False,2025,2026,18866965000.0
40071285,40071285-0,"CONSTRUCCION ALUMBRADO FOTOVOLTAICO SECTOR TOLQUIEN, CURACO DE VELEZ.",PROYECTO,ENERGIA,INTERSUBSECTORIAL ENERGIA,PERFIL,0,2026,,CURACO DE VELEZ,F.N.D.R.,178806000.0,178.806,,296.0,,Sin evaluación,False,MUNICIPALIDAD DE CURACO DE VELEZ,False,2025,2026,178806000.0
40071354,40071354-0,"ADQUISICION EQUIPAMIENTO Y VEHÍCULO PARA IMPLEMENTAR UN PUNTO LIMPIO, comuna algarrobo",PROYECTO,RECURSOS NATURALES Y MEDIO AMBIENTE,MEDIO AMBIENTE,PERFIL,0,2025,,ALGARROBO,F.N.D.R.,231000000.0,231.0,,14630.0,,Sin evaluación,False,MUNICIPALIDAD DE ALGARROBO,False,2025,2025,231000000.0
40071425,40071425-0,"CONSERVACION EMERGENCIA SERVICIO SANITARIO RURAL COLICURA, COMUNA DE PURÉN",PROYECTO,RECURSOS HIDRICOS,AGUA POTABLE,EJECUCION,0,2026,LA ARAUCANIA,,SECTORIAL,767342000.0,767.342,,250.0,,Sin evaluación,False,SUBDIRECCION DE SERVICIOS SANITARIOS RURALES MOP,False,2025,2026,767342000.0
40071532,40071532-0,CONSTRUCCION PILOTO INFRAESTRUCTURA ERNC E H2V EN BASE PROF JULIO ESCUDERO,PROYECTO,ENERGIA,AUTOGENERACION,PERFIL,0,2025,,,SECTORIAL,67354000.0,67.354,,116.0,RS,Recomendado (RS),True,INSTITUTO ANTARTICO CHILENO,False,2025,2025,67354000.0
40071594,40071594-0,REPOSICION DE EQUIPOS DE AIRE ACONDICIONADO Y TERMOS AÑO 2025 PARA LA RED DE METRO S.A,PROYECTO,TRANSPORTE,TRANSPORTE FERROVIARIO,EJECUCION,0,2026,METROPOLITANA DE SANTIAGO,,EMPRESA,710914000.0,710.914,,364.0,RS,Recomendado (RS),True,METRO S.A.,False,2025,2026,710914000.0
40071611,40071611-0,ADQUISICION DE DOS BUSES ELECTRICOS PARA LA COMUNA DE HUECHURABA,PROYECTO,TRANSPORTE,"TRANSPORTE URBANO,VIALIDAD PEATONAL",PERFIL,0,2026,,HUECHURABA,F.N.D.R.,651449000.0,651.449,,43182.0,,Sin evaluación,False,MUNICIPALIDAD DE HUECHURABA,False,2025,2026,651449000.0
40071629,40071629-0,ADQUISICION DE CAMIONES RECOLECTORES DE RSD. COMUNA DE TRAIGUÉN,PROYECTO,RECURSOS NATURALES Y MEDIO AMBIENTE,MEDIO AMBIENTE,PERFIL,0,2025,,TRAIGUEN,F.N.D.R.,490417000.0,490.417,,15216.0,,Sin evaluación,False,MUNICIPALIDAD DE TRAIGUEN,False,2025,2025,490417000.0
40071688,40071688-0,"ADQUISICION CAMIÓN PARA RECICLAJE, COMUNA NAVIDAD",PROYECTO,RECURSOS NATURALES Y MEDIO AMBIENTE,MEDIO AMBIENTE,PERFIL,0,2026,,NAVIDAD,F.N.D.R.,144340000.0,144.34,,8564.0,,Sin evaluación,False,MUNICIPALIDAD DE NAVIDAD,False,2026,2026,144340000.0
40071715,40071715-0,"REPOSICION VEHICULOS RECOLECTORES Y ADQUISICION DE CONTENEDORES PARA RSD, COMUNA DE COCHAMO",PROYECTO,RECURSOS NATURALES Y MEDIO AMBIENTE,MEDIO AMBIENTE,PERFIL,0,2026,,COCHAMO,F.N.D.R.,382777000.0,382.777,,4831.0,,Sin evaluación,False,MUNICIPALIDAD DE COCHAMO,False,2026,2026,382777000.0
40071743,40071743-0,"CONSTRUCCION PASEO PEATONAL Y CICLOVIA, COMUNA DE PERQUENCO",PROYECTO,VIVIENDA Y DESARROLLO URBANO,"BORDE COSTERO,PASEOS PEATONALES, PLAYAS",PERFIL,0,2026,,PERQUENCO,F.N.D.R.,2577497000.0,2577.497,,3792.0,,Sin evaluación,False,MUNICIPALIDAD DE PERQUENCO,False,2026,2026,2577497000.0
40071799,40071799-0,"CONSTRUCCION CICLOVIAS RED DE CORTO PLAZO, ETAPA I, ARICA",PROYECTO,TRANSPORTE,"TRANSPORTE URBANO,VIALIDAD PEATONAL",PERFIL,0,2026,,ARICA - REGION XV,SECTORIAL,5807617000.0,5807.617,,226068.0,RS,Recomendado (RS),True,SEREMI VIVIENDA REGION DE ARICA Y PARINACOTA,False,2026,2026,5807617000.0
40071865,40071865-0,CAPACITACION FORMACIÓN DE FORMADORES EN RIEGO,PROGRAMA,RECURSOS NATURALES Y MEDIO AMBIENTE,AGRICULTURA,PERFIL,0,2026,LOS RIOS,,F.N.D.R.,467000000.0,467.0,527928.19,60.0,,Sin evaluación,False,INSTITUTO INVESTIGACIONES AGROPECUARIAS REGION DE LOS RIOS,False,2026,2026,467000000.0
40071901,40071901-0,CONSTRUCCION RED CORTO PLAZO PLAN MAESTRO DE CICLOVIA LA SERENA COQUIMBO,PROYECTO,TRANSPORTE,"TRANSPORTE URBANO,VIALIDAD PEATONAL",PERFIL,0,2026,,,SECTORIAL,209320000.0,209.32,,200000.0,FI,Falta información (FI),False,SEREMI VIVIENDA REGION DE COQUIMBO,False,2026,2026,209320000.0
40071994,40071994-0,CONSERVACION DE EMERGENCIA REDES DE AGUAS LLUVIAS REGION DE LOS LAGOS 2026,PROYECTO,RECURSOS HIDRICOS,AGUAS LLUVIAS,PERFIL,0,2026,LOS LAGOS,,SECTORIAL,357061000.0,357.061,,20000.0,,Sin evaluación,False,SEREMI VIVIENDA REGION DE LOS LAGOS,False,2026,2026,357061000.0
40072012,40072012-0,TRANSFERENCIA REDUCCIÓN DE EMISIONES MP VÍA RECAMBIO DE CALEFACTORES LA REGIÓN De los rios,PROGRAMA,RECURSOS NATURALES Y MEDIO AMBIENTE,MEDIO AMBIENTE,PERFIL,0,2026,LOS RIOS,,F.N.D.R.,1453708000.0,1453.708,1643369.24,1400.0,,Sin evaluación,False,SEREMI DE MEDIO AMBIENTE REGION DE LOS RIOS,False,2026,2026,1453708000.0
40072061,40072061-0,"REPOSICION 2 CAMIONES RECOLECTORES DE RESIDUOS SOLIDOS, LOS LAGOS",PROYECTO,RECURSOS NATURALES Y MEDIO AMBIENTE,MEDIO AMBIENTE,PERFIL,0,2026,,LOS LAGOS - REGION XIV,F.N.D.R.,463949000.0,463.949,,19604.0,,Sin evaluación,False,MUNICIPALIDAD DE LOS LAGOS REGION DE LOS RIOS,False,2026,2026,463949000.0
40072068,40072068-0,CONSERVACION REDES SECUNDARIAS DE AGUAS LLUVIAS REGIÓN DEL BIOBÍO,PROYECTO,RECURSOS HIDRICOS,AGUAS LLUVIAS,PERFIL,0,2026,L BIO BIO,,SECTORIAL,2775553000.0,2775.553,,600000.0,FI,Falta información (FI),False,SEREMI VIVIENDA REGION DEL BIO BIO,False,2026,2026,2775553000.0
40072097,40072097-0,"CONSERVACION SISTEMAS SECUNDARIOS RED DE AGUAS LLUVIAS, REGION DEL MAULE, TERCER LLAMADO",PROYECTO,RECURSOS HIDRICOS,AGUAS LLUVIAS,PERFIL,0,2026,L MAULE,,SECTORIAL,2239323000.0,2239.323,,1162641.0,,Sin evaluación,False,SEREMI VIVIENDA REGION DEL MAULE,False,2026,2026,2239323000.0
40072143,40072143-0,"CONSERVACION DE LA CANTIDAD DE AGUA SSR LOS CHOROS Y QUEBRADA HONDA, REGION DE COQUIMBO",PROYECTO,RECURSOS HIDRICOS,AGUA POTABLE,PERFIL,0,2026,COQUIMBO,,SECTORIAL,886741000.0,886.741,,682.0,,Sin evaluación,False,SUBDIRECCION DE SERVICIOS SANITARIOS RURALES REGION DE TAPARAPACA,False,2026,2026,886741000.0
40072189,40072189-0,CONSTRUCCION PARQUE URBANO EX FERROCARRIL ETAPA 3 TALTAL,PROYECTO,VIVIENDA Y DESARROLLO URBANO,DESARROLLO URBANO,PERFIL,0,2026,,TALTAL,SECTORIAL,8514292000.0,8514.292,,11770.0,OT,Objetado técnicamente (OT),False,SEREMI VIVIENDA REGION DE ANTOFAGASTA,False,2026,2026,8514292000.0
40072238,40072238-0,"CONSERVACION DE EMERGENCIA DE AGUAS LLUVIAS, PUNTA ARENAS-PUERTO NATALES",PROYECTO,RECURSOS HIDRICOS,AGUAS LLUVIAS,PERFIL,0,2026,MAGALLANES Y ANTARTICA,,SECTORIAL,287424000.0,287.424,,126670.0,,Sin evaluación,False,SEREMI VIVIENDA REGION DE MAGALLANES Y ANTARTICA CHILENA,False,2026,2026,287424000.0
40072295,40072295-0,CONSERVACION Y MEJORAMIENTO DEL SISTEMA DE ALCANTARILLADO EDIFICIO SRM,PROYECTO,VIVIENDA Y DESARROLLO URBANO,DESARROLLO URBANO,PERFIL,0,2026,,CONCEPCION,SECTORIAL,123720000.0,123.72,,123.0,,Sin evaluación,False,SEREMI VIVIENDA REGION DEL BIO BIO,False,2026,2026,123720000.0
40072300,40072300-0,CONSERVACION SISTEMA REDES AGUA POTABLE EDIFICIO SRM MINVU BIOBIO,PROYECTO,VIVIENDA Y DESARROLLO URBANO,DESARROLLO URBANO,PERFIL,0,2026,,CONCEPCION,SECTORIAL,82480000.0,82.48,,123.0,,Sin evaluación,False,SEREMI VIVIENDA REGION DEL BIO BIO,False,2026,2026,82480000.0
40072302,40072302-0,"CONSERVACION PARQUE URBANO MONUMENTAL BERNARDO OHIGGINS, CHILLÁN VIEJO",PROYECTO,VIVIENDA Y DESARROLLO URBANO,DESARROLLO URBANO,PERFIL,0,2026,ÑUBLE,,SECTORIAL,485584000.0,485.584,,35580.0,,Sin evaluación,False,SEREMI VIVIENDA REGION DE ÑUBLE,False,2026,2026,485584000.0
40072385,40072385-0,CONSERVACION EMERGENCIA SISTEMA DE REGULACIÓN COLECTOR AGUAS LLUVIAS BARÓN DE JURAS REALES,PROYECTO,RECURSOS HIDRICOS,AGUAS LLUVIAS,EJECUCION,0,2026,,CONCHALI,SECTORIAL,5987108000.0,5987.108,,126955.0,,Sin evaluación,False,DIRECCION DE OBRAS HIDRAULICAS MOP,False,2025,2026,5987108000.0
40072395,40072395-0,CONSERVACION RED SECUNDARIA DE AGUAS LLUVIAS ARAUCANÍA 2026-2027,PROYECTO,RECURSOS HIDRICOS,AGUAS LLUVIAS,PERFIL,0,2026,LA ARAUCANIA,,SECTORIAL,619466000.0,619.466,,80995.0,RS,Recomendado (RS),True,SEREMI VIVIENDA REGION DE LA ARAUCANIA,False,2026,2026,619466000.0
40072426,40072426-0,"MEJORAMIENTO ÁREA VERDE VILLA ALTOS DE CHILOE, COMUNA DE CASTRO",PROYECTO,VIVIENDA Y DESARROLLO URBANO,DESARROLLO URBANO,PERFIL,0,2026,,CASTRO,F.N.D.R.,156417000.0,156.417,,8045.0,,Sin evaluación,False,MUNICIPALIDAD DE CASTRO,False,2025,2026,156417000.0
40072442,40072442-0,"CONSTRUCCION MULTICANCHA Y AREA VERDE INES DE BAZAN, COMUNA DE CASTRO",PROYECTO,VIVIENDA Y DESARROLLO URBANO,DESARROLLO URBANO,PERFIL,0,2026,,CASTRO,F.N.D.R.,156417000.0,156.417,,7687.0,,Sin evaluación,False,MUNICIPALIDAD DE CASTRO,False,2025,2026,156417000.0
40072453,40072453-0,CONSERVACION REDES DE AGUAS LLUVIAS SECUNDARIAS CIUDAD DE VALDIVIA,PROYECTO,RECURSOS HIDRICOS,AGUAS LLUVIAS,PERFIL,0,2026,,VALDIVIA - REGION XIV,SECTORIAL,1637084000.0,1637.084,,398230.0,,Sin evaluación,False,SEREMI VIVIENDA REGION DE LOS RIOS,False,2026,2026,1637084000.0
40072553,40072553-0,TRANSFERENCIA Y FOMENTO AL RIEGO TECNIFICADO EN LA PEQUEÑA AGRICULTURA,PROGRAMA,RECURSOS NATURALES Y MEDIO AMBIENTE,AGRICULTURA,PERFIL,0,2026,LOS LAGOS,,F.N.D.R.,1798062000.0,1798.062,2032650.15,80.0,,Sin evaluación,False,SEREMI AGRICULTURA REGION DE LOS LAGOS,False,2026,2026,1798062000.0
40072690,40072690-0,CONSERVACION DE EMERGENCIA RED PRIMARIA DE AGUAS LLUVIAS,PROYECTO,RECURSOS HIDRICOS,AGUAS LLUVIAS,PERFIL,0,2026,,,SECTORIAL,2061998000.0,2061.998,,2.0,,Sin evaluación,False,DIRECCION DE OBRAS HIDRAULICAS MOP,False,2026,2026,2061998000.0
40072760,40072760-0,"CONSTRUCCION CICLOVÍA TOBALABA, COMUNA DE PEÑALOLÉN",PROYECTO,TRANSPORTE,"TRANSPORTE URBANO,VIALIDAD PEATONAL",PERFIL,0,2026,,PEÑALOLEN,F.N.D.R.,4990555000.0,4990.555,,73921.0,RS,Recomendado (RS),True,MUNICIPALIDAD DE PEÑALOLEN,False,2025,2026,4990555000.0
40072762,40072762-0,CONSERVACION DE COLUMNA EN ESTACIÓN PROTECTORA DE LA INFANCIA DE LÍNEA 4 METRO S.A.,PROYECTO,TRANSPORTE,TRANSPORTE FERROVIARIO,EJECUCION,0,2026,,PUENTE ALTO,EMPRESA,114401000.0,114.401,,10102.0,,Sin evaluación,False,METRO S.A.,False,2025,2026,114401000.0
40072874,40072874-0,CONSTRUCCION ELECTRIFICACIÓN RURAL SECTOR ROBLEDAL - OJO BUENO PUNTA,PROYECTO,ENERGIA,DISTRIBUCION Y CONEXION FINAL USUARIOS,PERFIL,0,2026,MAGALLANES Y ANTARTICA,,F.N.D.R.,302226000.0,302.226,,174.0,OT,Objetado técnicamente (OT),False,GOBIERNO REGIONAL - REGION DE MAGALLANES Y ANTARTICA CHILENA,False,2026,2026,302226000.0
40073067,40073067-0,"CONSTRUCCION CENTRO DE VALORIZACION, COMUNA DE LAGO RANCO",PROYECTO,RECURSOS NATURALES Y MEDIO AMBIENTE,MEDIO AMBIENTE,PERFIL,0,2026,,LAGO RANCO - REGION XIV,F.N.D.R.,824798000.0,824.798,,9896.0,,Sin evaluación,False,MUNICIPALIDAD DE LAGO RANCO REGION DE LOS RIOS,False,2025,2026,824798000.0
40073273,40073273-0,"MEJORAMIENTO DIVERSAS AREAS VERDES, SAN CARLOS",PROYECTO,VIVIENDA Y DESARROLLO URBANO,DESARROLLO URBANO,PERFIL,0,2026,,SAN CARLOS - REGION DE,F.N.D.R.,312389000.0,312.389,,5000.0,,Sin evaluación,False,MUNICIPALIDAD DE SAN CARLOS,False,2025,2026,312389000.0
40073461,40073461-0,MEJORAMIENTO INTEGRAL SSR QUEBRADA ALVARADO COMUNA DE OLMUE,PROYECTO,RECURSOS HIDRICOS,AGUA POTABLE,PERFIL,0,2026,,OLMUE,F.N.D.R.,360846000.0,360.846,,4184.0,RS,Recomendado (RS),True,MUNICIPALIDAD DE OLMUE,False,2025,2026,360846000.0
40073556,40073556-0,NORMALIZACION DE INFRAESTRUCTURA DE PUENTES Y TERRAPLENES ZONA CENTRO,PROYECTO,TRANSPORTE,TRANSPORTE FERROVIARIO,PERFIL,0,2026,,,EMPRESA,2502755000.0,2502.755,,12067735.0,RS,Recomendado (RS),True,EMPRESA DE FERROCARRILES DEL ESTADO,False,2025,2026,2502755000.0
40073569,40073569-0,"CONSERVACION DE RIBERAS CON ENROCADO EN RÍO TOLTÉN SECTOR COMUY, COMUNA DE PITRUFQUÉN",PROYECTO,RECURSOS HIDRICOS,"DEFENSAS FLUVIALES,MARITIMAS Y CAUCES NATURALES",PERFIL,0,2026,,PITRUFQUEN,SECTORIAL,309299000.0,309.299,,275.0,,Sin evaluación,False,DIRECCION DE OBRAS HIDRAULICAS MOP,False,2025,2026,309299000.0
40073660,40073660-0,"TRANSFERENCIA NORMALIZACIÓN Y AMPLIACIÓN DE SISTEMA DE ALCANTARILLADO P.T.A.S. VILLA FREI,COYH",PROGRAMA,VIVIENDA Y DESARROLLO URBANO,VIVIENDA DEFINITIVA,PERFIL,0,2026,AISEN DEL GENERAL CARLOS,,F.N.D.R.,2271058000.0,2271.058,2567356.63,100.0,,Sin evaluación,False,SEREMI VIVIENDA REGION DE AISEN DEL GENERAL CARLOS IBAÑEZ DEL CAMPO,False,2025,2026,2271058000.0
40073667,40073667-0,"CONSTRUCCION SISTEMA DE AGUA POTABLE SECTOR RURAL LA QUEBRADA, PUCHUNCAVÍ",PROYECTO,RECURSOS HIDRICOS,AGUA POTABLE,PERFIL,0,2026,,PUCHUNCAVI,F.N.D.R.,90000000.0,90.0,,54.0,RS,Recomendado (RS),True,MUNICIPALIDAD DE PUCHUNCAVI,False,2026,2026,90000000.0
40073692,40073692-0,CONSERVACION DE TECHUMBRES EN TALLERES NEPTUNO Y LO OVALLE DE METRO S.A,PROYECTO,TRANSPORTE,TRANSPORTE FERROVIARIO,EJECUCION,0,2026,METROPOLITANA DE SANTIAGO,,EMPRESA,15449238000.0,15449.238,,427.0,,Sin evaluación,False,METRO S.A.,False,2025,2026,15449238000.0
40073810,40073810-0,TRANSFERENCIA INNOVACIÓN MUNICIPAL PARA LA VALORIZACIÓN DE RESIDUOS ORGÁNICOS - COMUNA CARAHUE,PROGRAMA,,,PERFIL,0,2026,,CARAHUE,F.N.D.R.,700768000.0,700.768,792195.25,810.0,,Sin evaluación,False,MUNICIPALIDAD DE CARAHUE,False,2025,2026,700768000.0
40073836,40073836-0,TRANSFERENCIA FASE 1 DE PLANTA DE COMPOSTAJE PARA EL TRATAMIENTO INTEGRAL DE FOM EN CUNCO,PROGRAMA,RECURSOS NATURALES Y MEDIO AMBIENTE,MEDIO AMBIENTE,PERFIL,0,2026,,CUNCO,F.N.D.R.,581879000.0,581.879,657795.14,4200.0,,Sin evaluación,False,MUNICIPALIDAD DE CUNCO,False,2025,2026,581879000.0
40073897,40073897-0,CONSERVACION RED PRIMARIA DE AGUAS LLUVIAS CONSTITUCIÓN 2025,PROYECTO,RECURSOS HIDRICOS,AGUAS LLUVIAS,EJECUCION,0,2025,L MAULE,,SECTORIAL,130000000.0,130.0,,46068.0,,Sin evaluación,False,DIRECCION DE OBRAS HIDRAULICAS MOP REGION DEL MAULE,False,2025,2025,130000000.0
40073929,40073929-0,CONSTRUCCION LÍNEA A DE LA RED DE METRO S.A.,PROYECTO,TRANSPORTE,TRANSPORTE FERROVIARIO,FACTIBILIDAD,0,2026,METROPOLITANA DE SANTIAGO,,EMPRESA,14650508000.0,14650.508,,402000.0,RS,Recomendado (RS),True,METRO S.A.,False,2025,2026,14650508000.0
40074008,40074008-0,"REPOSICION DE ASCENSORES EN LÍNEA 2, 4 Y 5 DE METRO S.A",PROYECTO,TRANSPORTE,TRANSPORTE FERROVIARIO,PERFIL,0,2026,METROPOLITANA DE SANTIAGO,,EMPRESA,2086162000.0,2086.162,,35691.0,RS,Recomendado (RS),True,METRO S.A.,False,2025,2026,2086162000.0
40074009,40074009-0,"CONSERVACION DE EMERGENCIA DE PROTECCIÓN COSTERA, SECTOR PERALES, COMUNA DE COELEMU.",PROYECTO,VIVIENDA Y DESARROLLO URBANO,"BORDE COSTERO,PASEOS PEATONALES, PLAYAS",PERFIL,0,2026,ÑUBLE,,SECTORIAL,1459556000.0,1459.556,,15995.0,,Sin evaluación,False,DIRECCION DE OBRAS PORTUARIAS MOP,False,2025,2026,1459556000.0
40074116,40074116-0,"CONSTRUCCION OBRAS DE ESTABILIZACION TALUD SANTASONIA POBLACION EL OLIVAR, VIÑA DEL MAR",PROYECTO,VIVIENDA Y DESARROLLO URBANO,DESARROLLO URBANO,EJECUCION,0,2026,,VIÑA DEL MAR,SECTORIAL,721717000.0,721.717,,450.0,RS,Recomendado (RS),True,SEREMI VIVIENDA REGION DE VALPARAISO,False,2025,2026,721717000.0
40074134,40074134-0,TRANSFERENCIA PLANTA DE COMPOSTAJE PILOTO COMUNA DE PITRUFQUEN,PROGRAMA,RECURSOS NATURALES Y MEDIO AMBIENTE,MEDIO AMBIENTE,PERFIL,0,2025,,PITRUFQUEN,F.N.D.R.,543349000.0,543.349,632161.35,2100.0,,Sin evaluación,False,MUNICIPALIDAD DE PITRUFQUEN,False,2025,2025,543349000.0
40074262,40074262-0,"CONSERVACION PROTECCIÓN COSTERA SECTOR EL ESTERO, QUEILEN",PROYECTO,VIVIENDA Y DESARROLLO URBANO,"BORDE COSTERO,PASEOS PEATONALES, PLAYAS",PERFIL,0,2026,,QUEILEN,SECTORIAL,651285000.0,651.285,,25.0,,Sin evaluación,False,OBRAS PORTUARIAS MOP REGION DE LOS LAGOS,False,2025,2026,651285000.0
40074280,40074280-0,"AMPLIACION SERVICIOS DE ALCANTARILLADO Y AGUA POTABLE SECTOR LOTEO EL TURBIO, PUERTO AYSÉN",PROYECTO,VIVIENDA Y DESARROLLO URBANO,DESARROLLO URBANO,PERFIL,0,2025,,AYSEN,F.N.D.R.,1716130000.0,1716.13,,532.0,OT,Objetado técnicamente (OT),False,MUNICIPALIDAD DE AYSEN,False,2025,2025,1716130000.0
40074292,40074292-0,"TRANSFERENCIA INNOVACION MUNICIPAL PARA LA VALORIZACION DE RESIDUOS ORGANICOS, LOS SAUCES",PROGRAMA,RECURSOS NATURALES Y MEDIO AMBIENTE,MEDIO AMBIENTE,PERFIL,0,2026,,LOS SAUCES,F.N.D.R.,588590000.0,588.59,665381.7,500.0,,Sin evaluación,False,MUNICIPALIDAD DE LOS SAUCES,False,2025,2026,588590000.0
40074418,40074418-0,CONSERVACION DE INFRAESTRUCTURA EN TALLER PUENTE ALTO DE METRO S.A.,PROYECTO,TRANSPORTE,TRANSPORTE FERROVIARIO,EJECUCION,0,2026,METROPOLITANA DE SANTIAGO,,EMPRESA,3369992000.0,3369.992,,170.0,,Sin evaluación,False,METRO S.A.,False,2025,2026,3369992000.0
40074434,40074434-0,"CONSTRUCCION MUROS DE CONTENCIÓN, SECTOR LOS ALMENDROS 2, INCENDIO 2F COMUNA DE VIÑA DEL MAR",PROYECTO,VIVIENDA Y DESARROLLO URBANO,DESARROLLO URBANO,PERFIL,0,2025,,VIÑA DEL MAR,SECTORIAL,361249000.0,361.249,,40.0,OT,Objetado técnicamente (OT),False,SEREMI VIVIENDA REGION DE VALPARAISO,False,2025,2025,361249000.0
40074446,40074446-0,TRANSFERENCIA ALERTA INTELIGENTE DE CALIDAD DEL AIRE POR INCENDIOS FORESTALES,PROGRAMA,RECURSOS NATURALES Y MEDIO AMBIENTE,MEDIO AMBIENTE,PERFIL,0,2026,VALPARAISO,,F.N.D.R.,206200000.0,206.2,233102.34,78760.0,,Sin evaluación,False,GOBIERNO REGIONAL - REGION DE VALPARAISO,False,2025,2026,206200000.0
40074480,40074480-0,"TRANSFERENCIA INNOVACION MUNICIPAL, PLANTA DE COMPOSTAJE INTEGRAL PARA RSD-O EN CURACAUTIN",PROGRAMA,RECURSOS NATURALES Y MEDIO AMBIENTE,MEDIO AMBIENTE,PERFIL,0,2026,,CURACAUTIN,F.N.D.R.,614378000.0,614.378,694534.19,4800.0,,Sin evaluación,False,MUNICIPALIDAD DE CURACAUTIN,False,2026,2026,614378000.0
40074484,40074484-0,REPOSICION CAMIONES COMPACTADORES PARA LA RECOLECCIÓN DE RSD,PROYECTO,RECURSOS NATURALES Y MEDIO AMBIENTE,MEDIO AMBIENTE,PERFIL,0,2026,,PURRANQUE,F.N.D.R.,526776000.0,526.776,,17269.0,,Sin evaluación,False,MUNICIPALIDAD DE PURRANQUE,False,2026,2026,526776000.0
40074490,40074490-0,"CONSTRUCCION SISTEMA FOTOVOLTAICO ONGRID - HIBRIDO COMITÉ AGUA POTABLE RURAL HORCÓN, COMUNA DE PUCHUNCAVÍ",PROYECTO,ENERGIA,INTERSUBSECTORIAL ENERGIA,PERFIL,0,2026,,PUCHUNCAVI,F.N.D.R.,471712000.0,471.712,,7020.0,RS,Recomendado (RS),True,MUNICIPALIDAD DE PUCHUNCAVI,False,2025,2026,471712000.0
40074540,40074540-0,CONSTRUCCION SISTEMA DE TRANSPORTE PÚBLICO MASIVO IQUIQUE,PROYECTO,TRANSPORTE,"TRANSPORTE URBANO,VIALIDAD PEATONAL",PERFIL,0,2026,,IQUIQUE,SECTORIAL,1031000000.0,1031.0,,199587.0,OT,Objetado técnicamente (OT),False,SECTRA,False,2026,2026,1031000000.0
40074580,40074580-0,TRANSFERENCIA INNOVACIÓN MUNICIPAL PARA LA VALORIZACION RESIDUOS ORGANICOS PERQUENCO,PROGRAMA,RECURSOS NATURALES Y MEDIO AMBIENTE,MEDIO AMBIENTE,PERFIL,0,2025,,PERQUENCO,F.N.D.R.,560138000.0,560.138,651694.57,2074.0,,Sin evaluación,False,MUNICIPALIDAD DE PERQUENCO,False,2025,2025,560138000.0
40074590,40074590-0,REPOSICION PAVIMENTACION Y AGUAS LLUVIAS CALLE RIO MAIPO,PROYECTO,VIVIENDA Y DESARROLLO URBANO,DESARROLLO URBANO,PERFIL,0,2025,,RENCA,SECTORIAL,183371000.0,183.371,,1506.0,,Sin evaluación,False,MUNICIPALIDAD DE RENCA,False,2025,2025,183371000.0
40074598,40074598-0,TRANSFERENCIA IMPLEMENTACION CAPACIDADES PARA VALORIZACIÓN DE DESCARTES INDUSTRIALES,PROGRAMA,MULTISECTORIAL,INTERSUBSECTORIAL MULTISECTOR,PERFIL,0,2026,VALPARAISO,,F.N.D.R.,206200000.0,206.2,233102.34,85000.0,,Sin evaluación,False,GOBIERNO REGIONAL - REGION DE VALPARAISO,False,2025,2026,206200000.0
40074653,40074653-0,"CONSERVACION DE RIBERA DE CAUCE NATURAL, CHORRILLO LA PALOMA, COMUNA DE NATALES 2025",PROYECTO,RECURSOS HIDRICOS,RECURSOS HIDRICOS,PERFIL,0,2026,,NATALES,SECTORIAL,195489000.0,195.489,,100.0,,Sin evaluación,False,DIRECCION DE OBRAS HIDRAULICAS MOP REGION DE MAGALLANES Y ANTARTICA CHILENA,False,2025,2026,195489000.0
40074805,40074805-0,"CONSTRUCCION GALPON DE ACOPIO PARA MATERIALES DE RECICLAJE, COMUNA DE LA UNIÓN",PROYECTO,RECURSOS NATURALES Y MEDIO AMBIENTE,MEDIO AMBIENTE,PERFIL,0,2026,,LA UNION - REGION XIV,F.N.D.R.,303431000.0,303.431,,38036.0,,Sin evaluación,False,MUNICIPALIDAD DE LA UNION REGION DE LOS RIOS,False,2026,2026,303431000.0
40074834,40074834-0,MEJORAMIENTO POR EMERGENCIA ESTABILIDAD TALUDES RUTA 5 S: CUESTA CULTURA CHINCHORRO REG AyP,PROYECTO,TRANSPORTE,TRANSPORTE CAMINERO,PERFIL,0,2026,ARICA Y PARINACOTA,,SECTORIAL,1319531000.0,1319.531,,244569.0,RS,Recomendado (RS),True,VIALIDAD MOP REGION DE ARICA Y PARINACOTA,False,2025,2026,1319531000.0
40074925,40074925-0,REPOSICION REPOSICION CAMIÓN COMPACTADOR PARA LA RECOLECCIÓN DE RSD,PROYECTO,RECURSOS NATURALES Y MEDIO AMBIENTE,MEDIO AMBIENTE,PERFIL,0,2026,,SAN PABLO,F.N.D.R.,190168000.0,190.168,,10537.0,,Sin evaluación,False,MUNICIPALIDAD DE SAN PABLO,False,2026,2026,190168000.0
40074965,40074965-0,"CONSERVACION DE RIBERA CON RESTITUCIÿN DE CAUCE RÃO TRANQUILO, REGIÿN DE AYSÿN",PROYECTO,RECURSOS HIDRICOS,"DEFENSAS FLUVIALES,MARITIMAS Y CAUCES NATURALES",EJECUCION,0,2026,,RIO IBAÑEZ,SECTORIAL,377526000.0,377.526,,500.0,,Sin evaluación,False,DIRECCION DE OBRAS HIDRAULICAS MOP,True,2025,2026,377526000.0
40074983,40074983-0,REPARACION DE EMERGENCIA REDES DE AGUA POTABLE CONJUNTO HABITACIONAL RENACER,PROYECTO,VIVIENDA Y DESARROLLO URBANO,VIVIENDA DEFINITIVA,PERFIL,0,2026,ATACAMA,,F.N.D.R.,629928000.0,629.928,,500.0,,Sin evaluación,False,GOBIERNO REGIONAL - REGION DE ATACAMA,False,2025,2026,629928000.0
40074989,40074989-0,CONSERVACION DE RIBERA CON RESTITUCIÓN DE CAUCES EN RÍOS PAN DE AZUCAR Y EL SILENCIO,PROYECTO,RECURSOS HIDRICOS,"DEFENSAS FLUVIALES,MARITIMAS Y CAUCES NATURALES",PERFIL,0,2026,AISEN DEL GENERAL CARLOS,,SECTORIAL,212483000.0,212.483,,915.0,,Sin evaluación,False,DIRECCION DE OBRAS HIDRAULICAS MOP,False,2025,2026,212483000.0
40075001,40075001-0,MEJORAMIENTO MEJORAMIENTO Y AMPLIACIÓN SISTEMA DE ALCANTARILLADO DE SAN GREGORIO,PROYECTO,VIVIENDA Y DESARROLLO URBANO,DESARROLLO URBANO,PERFIL,0,2026,,NIQUEN - REGION DE ÑUBLE,F.N.D.R.,283331000.0,283.331,,4036.0,OT,Objetado técnicamente (OT),False,MUNICIPALIDAD DE ÑIQUEN,False,2026,2026,283331000.0
40075024,40075024-0,"REPOSICION DE EMERGENCIA DEL SISTEMA DE SEÑALIZACIÓN Y COMUNICACIONES MOLINA, MAULE",PROYECTO,TRANSPORTE,TRANSPORTE FERROVIARIO,EJECUCION,0,2026,,MOLINA,EMPRESA,2137794000.0,2137.794,,297777.0,RS,Recomendado (RS),True,EMPRESA DE FERROCARRILES DEL ESTADO,False,2025,2026,2137794000.0
40075063,40075063-0,"REPOSICION CON MEJORAMIENTO Y AMPLIACIÓN, Y HABILITACIÓN DE ASCENSORES EN L2 Y 5 METRO S.A",PROYECTO,TRANSPORTE,TRANSPORTE FERROVIARIO,PERFIL,0,2026,METROPOLITANA DE SANTIAGO,,EMPRESA,1501662000.0,1501.662,,126146.0,RS,Recomendado (RS),True,METRO S.A.,False,2025,2026,1501662000.0
40075067,40075067-0,"CONSERVACION DE RIBERAS CON GAVIONES EN ESTERO ICALMA, LOCALIDAD DE ICALMA",PROYECTO,RECURSOS HIDRICOS,"DEFENSAS FLUVIALES,MARITIMAS Y CAUCES NATURALES",PERFIL,0,2025,LA ARAUCANIA,,SECTORIAL,300000000.0,300.0,,60.0,,Sin evaluación,False,DIRECCION DE OBRAS HIDRAULICAS MOP REGION DE LA ARAUCANIA,False,2025,2025,300000000.0
40075072,40075072-0,"CONSERVACION RIBERA CON ENROCADO EN RÍO MALLECO, SECTOR CANCURA, ANGOL",PROYECTO,RECURSOS HIDRICOS,"DEFENSAS FLUVIALES,MARITIMAS Y CAUCES NATURALES",PERFIL,0,2025,LA ARAUCANIA,,SECTORIAL,300000000.0,300.0,,100.0,,Sin evaluación,False,DIRECCION DE OBRAS HIDRAULICAS MOP REGION DE LA ARAUCANIA,False,2025,2025,300000000.0
40075075,40075075-0,CONSERVACION DE RIBERA EN ESTERO SIN NOMBRE CON CONGLOMERADO Y DESEMBANQUE,PROYECTO,RECURSOS HIDRICOS,"DEFENSAS FLUVIALES,MARITIMAS Y CAUCES NATURALES",PERFIL,0,2026,LA ARAUCANIA,,SECTORIAL,206200000.0,206.2,,40.0,,Sin evaluación,False,DIRECCION DE OBRAS HIDRAULICAS MOP REGION DE LA ARAUCANIA,False,2025,2026,206200000.0
40075149,40075149-0,"CONSTRUCCION DESVÍO NUEVA LAS VIÑAS, REGIÓN DE LA ARAUCANÍA",PROYECTO,TRANSPORTE,TRANSPORTE FERROVIARIO,PERFIL,0,2026,LA ARAUCANIA,,EMPRESA,3457712000.0,3457.712,,1938271.0,FI,Falta información (FI),False,EMPRESA DE FERROCARRILES DEL ESTADO,False,2026,2026,3457712000.0
40075202,40075202-0,"MEJORAMIENTO AREAS VERDES ALTO MIRADOR, VILLA MIRAMAR COMUNA DE SAN",PROYECTO,VIVIENDA Y DESARROLLO URBANO,DESARROLLO URBANO,PERFIL,0,2026,,SAN ANTONIO,SECTORIAL,56281000.0,56.281,,20110.0,FI,Falta información (FI),False,SEREMI VIVIENDA REGION DE VALPARAISO,False,2026,2026,56281000.0
40075203,40075203-0,"CONSTRUCCION AREA VERDE OLEGARIO HENRIQUEZ, COMUNA DE SAN ANTONIO",PROYECTO,VIVIENDA Y DESARROLLO URBANO,DESARROLLO URBANO,PERFIL,0,2026,,SAN ANTONIO,SECTORIAL,62056000.0,62.056,,19593.0,FI,Falta información (FI),False,SEREMI VIVIENDA REGION DE VALPARAISO,False,2026,2026,62056000.0
40075204,40075204-0,CONSTRUCCION TALUD VILLA EL TRIGAL COMUNA DE SAN ANTONIO,PROYECTO,VIVIENDA Y DESARROLLO URBANO,DESARROLLO URBANO,PERFIL,0,2026,,SAN ANTONIO,SECTORIAL,56281000.0,56.281,,20110.0,FI,Falta información (FI),False,SEREMI VIVIENDA REGION DE VALPARAISO,False,2026,2026,56281000.0
40075235,40075235-0,"CONSERVACION COLECTOR RED PRIMARIA DE AGUAS LLUVIAS N°48, COMUNA DE TEMUCO",PROYECTO,RECURSOS HIDRICOS,AGUAS LLUVIAS,PERFIL,0,2026,LA ARAUCANIA,,SECTORIAL,1097112000.0,1097.112,,1610.0,,Sin evaluación,False,DIRECCION DE OBRAS HIDRAULICAS MOP REGION DE LA ARAUCANIA,False,2026,2026,1097112000.0
40075254,40075254-0,MEJORAMIENTO ÁREAS VERDES C.H. GABRIELA MISTRAL,PROYECTO,VIVIENDA Y DESARROLLO URBANO,DESARROLLO URBANO,PERFIL,0,2026,,IQUIQUE,F.N.D.R.,456052000.0,456.052,,476.0,OT,Objetado técnicamente (OT),False,MUNICIPALIDAD DE IQUIQUE,False,2026,2026,456052000.0
40075256,40075256-0,CONSERVACION INFRAESTRUCTURA MENOR TRANSPORTE PúBLICO EN LA COMUNA DE OSORNO,PROYECTO,TRANSPORTE,"TRANSPORTE URBANO,VIALIDAD PEATONAL",PERFIL,0,2026,,OSORNO,SECTORIAL,5231415000.0,5231.415,,161460.0,,Sin evaluación,False,SUBSIDIO NACIONAL AL TRANSPORTE PUBLICO,False,2026,2026,5231415000.0
40075281,40075281-0,"CONSTRUCCION Y REPOSICIÓN SISTEMA DE AGUAS LLUVIAS SECTOR RAHUE BAJO, COMUNA DE OSORNO",PROYECTO,RECURSOS HIDRICOS,AGUAS LLUVIAS,PERFIL,0,2026,,OSORNO,SECTORIAL,387910000.0,387.91,,20000.0,OT,Objetado técnicamente (OT),False,DIRECCION DE OBRAS HIDRAULICAS MOP REGION DE LOS LAGOS,False,2026,2026,387910000.0
40075309,40075309-0,CONSERVACION REDES DE AGUAS LLUVIAS SECUNDARIAS CIUDAD DE LA UNIÓN,PROYECTO,RECURSOS HIDRICOS,AGUAS LLUVIAS,PERFIL,0,2026,,LA UNION - REGION XIV,SECTORIAL,369131000.0,369.131,,38907.0,,Sin evaluación,False,SEREMI VIVIENDA REGION DE LOS RIOS,False,2026,2026,369131000.0
40075311,40075311-0,TRANSFERENCIA POROTO (PHASEOLUS VULGARIS) ENTENDIENDO LA RESILENCIA A SEQUÍA Y CALOR,PROGRAMA,RECURSOS NATURALES Y MEDIO AMBIENTE,AGRICULTURA,PERFIL,0,2026,LA ARAUCANIA,,F.N.D.R.,113019000.0,113.019,127764.27,50.0,,Sin evaluación,False,GOBIERNO REGIONAL - REGION DE LA ARAUCANIA,False,2025,2026,113019000.0
40075438,40075438-0,REPARACION CON MEJORAMIENTO EDIFICIO INTERMODAL CONCEPCION,PROYECTO,TRANSPORTE,ADMINISTRACION TRANSPORTE,PERFIL,0,2026,,CONCEPCION,EMPRESA,1407906000.0,1407.906,,61.0,RS,Recomendado (RS),True,EMPRESA DE FERROCARRILES DEL ESTADO,False,2026,2026,1407906000.0
40075495,40075495-0,"CONSERVACION DE RIBERAS DE CAUCE NATURAL, RIO CATALINA, COMUNA DE TIMAUKEL 2027",PROYECTO,RECURSOS HIDRICOS,RECURSOS HIDRICOS,PERFIL,0,2027,,TIMAUKEL,SECTORIAL,300000000.0,300.0,,30.0,,Sin evaluación,False,DIRECCION DE OBRAS HIDRAULICAS MOP REGION DE MAGALLANES Y ANTARTICA CHILENA,False,2025,2027,329759000.0
40075749,40075749-0,"ADQUISICION CAMIÓN RECOLECTOR DE RSD Y CONTENEDORES DE BASURA, COMUNA DE MELIPEUCO",PROYECTO,RECURSOS NATURALES Y MEDIO AMBIENTE,MEDIO AMBIENTE,PERFIL,0,2026,,MELIPEUCO,F.N.D.R.,255773000.0,255.773,,6716.0,,Sin evaluación,False,MUNICIPALIDAD DE MELIPEUCO,False,2026,2026,255773000.0
40075836,40075836-0,TRANSFERENCIA SISTEMA DE GESTION Y VALORIZACION DE RESIDUOS ORGANICOS EN PLC,PROGRAMA,RECURSOS NATURALES Y MEDIO AMBIENTE,MEDIO AMBIENTE,PERFIL,0,2025,,PADRE LAS CASAS,F.N.D.R.,380172000.0,380.172,442312.48,7083.0,,Sin evaluación,False,MUNICIPALIDAD DE PADRE LAS CASAS,False,2025,2025,380172000.0
40075864,40075864-0,CONSTRUCCION SERVICIO FERROVIARIO DE PASAJEROS AL PONIENTE DE TEMUCO,PROYECTO,TRANSPORTE,TRANSPORTE FERROVIARIO,PERFIL,0,2026,LA ARAUCANIA,,EMPRESA,587100000.0,587.1,,292518.0,OT,Objetado técnicamente (OT),False,EMPRESA DE FERROCARRILES DEL ESTADO,False,2026,2026,587100000.0
40075984,40075984-0,TRANSFERENCIA INNOVACION MUNICIPAL PARA LA VALORIZACIÓN DE RESIDUOS ORGANICOS DOMICILIARIOS,PROGRAMA,RECURSOS NATURALES Y MEDIO AMBIENTE,MEDIO AMBIENTE,PERFIL,0,2025,,VILLARRICA,F.N.D.R.,1119589000.0,1119.589,1302589.85,5000.0,,Sin evaluación,False,MUNICIPALIDAD DE VILLARRICA,False,2025,2025,1119589000.0
40076004,40076004-0,TRANSFERENCIA FASE 1 DE PLANTA DE COMPOSTAJE PARA TRATAMIENTO INTEGRAL DE FOM EN LONCOCHE,PROGRAMA,RECURSOS NATURALES Y MEDIO AMBIENTE,MEDIO AMBIENTE,PERFIL,0,2025,,LONCOCHE,F.N.D.R.,576564000.0,576.564,670805.46,4894.0,,Sin evaluación,False,MUNICIPALIDAD DE LONCOCHE,False,2025,2025,576564000.0
40076271,40076271-0,"CONSERVACION MUROS DE CONTENCIÓN SECTOR SUR, PUNTA ARENAS",PROYECTO,VIVIENDA Y DESARROLLO URBANO,DESARROLLO URBANO,PERFIL,0,2025,,PUNTA ARENAS,F.N.D.R.,82837000.0,82.837,,20051.0,,Sin evaluación,False,MUNICIPALIDAD DE PUNTA ARENAS,False,2025,2025,82837000.0
40076274,40076274-0,CONSERVACION INFRAESTRUCTURA MENOR TRANSPORTE PÚBLICO EN COMUNAS DE LA,PROYECTO,TRANSPORTE,"TRANSPORTE URBANO,VIALIDAD PEATONAL",PERFIL,0,2026,METROPOLITANA DE SANTIAGO,,SECTORIAL,4057028000.0,4057.028,,458519.0,,Sin evaluación,False,SUBSIDIO NACIONAL AL TRANSPORTE PUBLICO,False,2026,2026,4057028000.0
40076328,40076328-0,"MEJORAMIENTO DEFENSAS FLUVIALES ESTERO GUAIQUILLO, CURICO, REGIÓN DEL MAULE",PROYECTO,RECURSOS HIDRICOS,"DEFENSAS FLUVIALES,MARITIMAS Y CAUCES NATURALES",PERFIL,0,2026,L MAULE,,SECTORIAL,136930000.0,136.93,,1928.0,RS,Recomendado (RS),True,DIRECCION DE OBRAS HIDRAULICAS MOP,False,2026,2026,136930000.0
40076368,40076368-0,"CONSTRUCCION AREAS VERDES EL ROBLE, LIMACHE",PROYECTO,VIVIENDA Y DESARROLLO URBANO,DESARROLLO URBANO,PERFIL,0,2026,,LIMACHE,F.N.D.R.,224000000.0,224.0,,56145.0,,Sin evaluación,False,MUNICIPALIDAD DE LIMACHE,False,2026,2026,224000000.0
40076394,40076394-0,"TRANSFERENCIA INNOVACIÓN MUNICIPAL PARA LA VALORIZACIÓN DE RESIDUOS ORGÁNICOS, TRAIGUÉN",PROGRAMA,RECURSOS NATURALES Y MEDIO AMBIENTE,MEDIO AMBIENTE,PERFIL,0,2026,,TRAIGUEN,F.N.D.R.,608290000.0,608.29,687651.91,1400.0,,Sin evaluación,False,MUNICIPALIDAD DE TRAIGUEN,False,2026,2026,608290000.0
40076532,40076532-0,TRANSFERENCIA FORTALECIMIENTO GESTIÓN DE PELIGROS GEOLÓGICOS EN UN TERRITORIO EXPUESTO AL CAMBIO CLIMÁTICO,PROGRAMA,,,PERFIL,0,2025,AISEN DEL GENERAL CARLOS,,F.N.D.R.,1253876000.0,1253.876,1458826.54,100745.0,,Sin evaluación,False,GOBIERNO REGIONAL - REGION DE AISEN DEL GENERAL CARLOS IBAÑEZ DEL CAMPO,False,2025,2025,1253876000.0
40076626,40076626-0,"REPOSICION CAMION RECOLECTOR RSD, GALVARINO",PROYECTO,RECURSOS NATURALES Y MEDIO AMBIENTE,MEDIO AMBIENTE,PERFIL,0,2027,,GALVARINO,F.N.D.R.,199800000.0,199.8,,9464.0,,Sin evaluación,False,MUNICIPALIDAD DE GALVARINO,False,2025,2027,199820000.0
40076627,40076627-0,CONSTRUCCION sistema fotovoltaico Ongrid para SSR El Granizo de la comuna de Olmue,PROYECTO,RECURSOS HIDRICOS,AGUA POTABLE,PERFIL,0,2026,,OLMUE,F.N.D.R.,1767942000.0,1767.942,,13276.0,RS,Recomendado (RS),True,MUNICIPALIDAD DE OLMUE,False,2025,2026,1767942000.0
40076628,40076628-0,"CONSTRUCCION EXTENSION COLECTOR ALCANTARILLADO CALLE MAGDALENA PERALTA, COMUNA DE EL QUISCO",PROYECTO,VIVIENDA Y DESARROLLO URBANO,DESARROLLO URBANO,PERFIL,0,2026,,EL QUISCO,F.N.D.R.,74440000.0,74.44,,29.0,,Sin evaluación,False,MUNICIPALIDAD DE EL QUISCO,False,2025,2026,74440000.0
40076683,40076683-0,TRANSFERENCIA PROGRAMA INTEGRAL DE GESTIÓN DE LA CALIDAD DEL AIRE EN COMUNAS DE LA ARAUCANÍA,PROGRAMA,RECURSOS NATURALES Y MEDIO AMBIENTE,MEDIO AMBIENTE,PERFIL,0,2026,LA ARAUCANIA,,F.N.D.R.,1638814000.0,1638.814,1852625.51,51594.0,,Sin evaluación,False,SEREMI DE MEDIO AMBIENTE REGION DE LA ARAUCANIA,False,2026,2026,1638814000.0
40076693,40076693-0,REPARACION MAQUINA REGISTRADORA DE VIAS,PROYECTO,TRANSPORTE,TRANSPORTE FERROVIARIO,PERFIL,0,2026,,,EMPRESA,7467222000.0,7467.222,,118363.0,RS,Recomendado (RS),True,EMPRESA DE FERROCARRILES DEL ESTADO,False,2026,2026,7467222000.0
40076701,40076701-0,CONSERVACION REDES DE AGUAS LLUVIAS SECUNDARIAS CIUDAD DE RIO BUENO,PROYECTO,RECURSOS HIDRICOS,AGUAS LLUVIAS,PERFIL,0,2026,,RIO BUENO - REGION XIV,SECTORIAL,287876000.0,287.876,,33363.0,,Sin evaluación,False,SEREMI VIVIENDA REGION DE LOS RIOS,False,2026,2026,287876000.0
40076737,40076737-0,TRANSFERENCIA COMUNAL DE ENERGIA SOLAR Y SOSTENIBILIDAD EN LA COMUNA DE CHOLCHOL,PROGRAMA,ENERGIA,AUTOGENERACION,PERFIL,0,2025,,CHOL CHOL,F.N.D.R.,680000000.0,680.0,791148.45,71.0,,Sin evaluación,False,MUNICIPALIDAD DE CHOL CHOL,False,2025,2025,680000000.0
40076839,40076839-0,CONSERVACION REDES DE AGUAS LLUVIAS SECUNDARIAS CIUDAD DE PANGUIPULLI,PROYECTO,RECURSOS HIDRICOS,AGUAS LLUVIAS,PERFIL,0,2026,,PANGUIPULLI - REGION XIV,SECTORIAL,218781000.0,218.781,,35098.0,,Sin evaluación,False,SEREMI VIVIENDA REGION DE LOS RIOS,False,2026,2026,218781000.0
40076849,40076849-0,"CONSERVACION SISTEMAS SECUNDARIOS AGUAS LLUVIAS 2026, REGION DE VALPARAISO",PROYECTO,RECURSOS HIDRICOS,AGUAS LLUVIAS,PERFIL,0,2026,VALPARAISO,,SECTORIAL,889708000.0,889.708,,812800.0,RS,Recomendado (RS),True,SEREMI VIVIENDA REGION DE VALPARAISO,False,2026,2026,889708000.0
40076863,40076863-0,CONSTRUCCION SISTEMA FOTOVOLTAICO ONGRID PARA SERVICIOS SANITARIOS RURALES DE CASABLANCA,PROYECTO,ENERGIA,AUTOGENERACION,PERFIL,0,2025,,CASABLANCA,F.N.D.R.,424242000.0,424.242,,5625.0,FI,Falta información (FI),False,MUNICIPALIDAD DE CASABLANCA,False,2025,2025,424242000.0
40076881,40076881-0,CONSERVACION DE RIBERA EN ESTERO SIN NOMBRE SECTOR LEUFUCHE COMUNA DE CUNCO,PROYECTO,RECURSOS HIDRICOS,"DEFENSAS FLUVIALES,MARITIMAS Y CAUCES NATURALES",PERFIL,0,2026,LA ARAUCANIA,,SECTORIAL,206200000.0,206.2,,40.0,,Sin evaluación,False,DIRECCION DE OBRAS HIDRAULICAS MOP REGION DE LA ARAUCANIA,False,2026,2026,206200000.0
40076889,40076889-0,REPARACION TORNO SUMERGIDO EFE VALPARAÍSO,PROYECTO,TRANSPORTE,TRANSPORTE FERROVIARIO,PERFIL,0,2026,VALPARAISO,,EMPRESA,3157137000.0,3157.137,,39024.0,RS,Recomendado (RS),True,EMPRESA DE FERROCARRILES DEL ESTADO,False,2026,2026,3157137000.0
40076891,40076891-0,"CONSERVACION DE RIBERA CON ENROCADO EN RÍO MALLECO, SECTOR DE CANCURA, COMUNA DE ANGOL",PROYECTO,RECURSOS HIDRICOS,"DEFENSAS FLUVIALES,MARITIMAS Y CAUCES NATURALES",PERFIL,0,2026,LA ARAUCANIA,,SECTORIAL,309300000.0,309.3,,100.0,,Sin evaluación,False,DIRECCION DE OBRAS HIDRAULICAS MOP REGION DE LA ARAUCANIA,False,2026,2026,309300000.0
40076893,40076893-0,"CONSERVACION DE RIBERAS CON GAVIONES EN ESTERO ICALMA, SECTOR ICALMA, COMUNA DE LONQUIMAY",PROYECTO,RECURSOS HIDRICOS,"DEFENSAS FLUVIALES,MARITIMAS Y CAUCES NATURALES",PERFIL,0,2026,LA ARAUCANIA,,SECTORIAL,309300000.0,309.3,,60.0,,Sin evaluación,False,DIRECCION DE OBRAS HIDRAULICAS MOP REGION DE LA ARAUCANIA,False,2026,2026,309300000.0
40076899,40076899-0,NORMALIZACION ACCESIBILIDAD UNIVERSAL ESTACIONES EL SOL-EL BELLOTO-SARG. ALDEA EFE VALPARAÍSO,PROYECTO,TRANSPORTE,TRANSPORTE FERROVIARIO,PERFIL,0,2026,,,EMPRESA,11799948000.0,11799.948,,47042.0,RS,Recomendado (RS),True,EMPRESA DE FERROCARRILES DEL ESTADO,False,2026,2026,11799948000.0
40076920,40076920-0,CONSTRUCCION SIST. FOTOVOLTAICO ONGRID PARA SERVICIOS SANITARIOS RURALES DE SAN ANTONIO,PROYECTO,RECURSOS HIDRICOS,AGUA POTABLE,PERFIL,0,2026,,SAN ANTONIO,F.N.D.R.,379938000.0,379.938,,2280.0,FI,Falta información (FI),False,MUNICIPALIDAD DE SAN ANTONIO,False,2025,2026,390003000.0
40076979,40076979-0,CONSERVACION REDES DE AGUAS LLUVIAS SECUNDARIAS CIUDAD DE LOS LAGOS,PROYECTO,RECURSOS HIDRICOS,AGUAS LLUVIAS,PERFIL,0,2026,,LOS LAGOS - REGION XIV,SECTORIAL,221054000.0,221.054,,21431.0,,Sin evaluación,False,SEREMI VIVIENDA REGION DE LOS RIOS,False,2026,2026,221054000.0
40077030,40077030-0,"CONSERVACION DE RIBERA DE CAUCE NATURAL, RÍO DE LAS MINAS, COMUNA DE PUNTA ARENAS",PROYECTO,RECURSOS HIDRICOS,"DEFENSAS FLUVIALES,MARITIMAS Y CAUCES NATURALES",PERFIL,0,2026,,PUNTA ARENAS,SECTORIAL,262000000.0,262.0,,130000.0,,Sin evaluación,False,DIRECCION DE OBRAS HIDRAULICAS MOP REGION DE MAGALLANES Y ANTARTICA CHILENA,False,2026,2026,262000000.0
40077049,40077049-0,CONSERVACION CAUCES NATURALES CUENCAS SECTOR ORIENTE SANTIAGO REGIÓN METROPOLITANA MC26-2,PROYECTO,RECURSOS HIDRICOS,"DEFENSAS FLUVIALES,MARITIMAS Y CAUCES NATURALES",PERFIL,0,2026,METROPOLITANA DE SANTIAGO,,SECTORIAL,337309000.0,337.309,,472424.0,,Sin evaluación,False,DIRECCION DE OBRAS HIDRAULICAS MOP,False,2026,2026,337309000.0
40077062,40077062-0,CONSERVACION MATERIAL RODANTE EFE VALPARAÍSO 2026-2028,PROYECTO,TRANSPORTE,TRANSPORTE FERROVIARIO,PERFIL,0,2026,VALPARAISO,,EMPRESA,5211396000.0,5211.396,,55683.0,RS,Recomendado (RS),True,EMPRESA DE FERROCARRILES DEL ESTADO,False,2026,2026,5211396000.0
40077142,40077142-0,CONSTRUCCION SISTEMA FOTOVOLTAICO ONGRID CON DESCUENTO REMOTO SSR VALLE HERMOSO,PROYECTO,ENERGIA,AUTOGENERACION,PERFIL,0,2025,,LA LIGUA,F.N.D.R.,713554000.0,713.554,,12000.0,FI,Falta información (FI),False,MUNICIPALIDAD DE LA LIGUA,False,2025,2025,713554000.0
40077161,40077161-0,CONSTRUCCION SISTEMA FOTOVOLTAICO ONGRID DE PROPIEDAD CONJUNTA SSR LA,PROYECTO,ENERGIA,AUTOGENERACION,PERFIL,0,2025,,LA LIGUA,F.N.D.R.,713844000.0,713.844,,9720.0,FI,Falta información (FI),False,MUNICIPALIDAD DE LA LIGUA,False,2025,2025,713844000.0
40077304,40077304-0,TRANSFERENCIA PROGRAMA INTEGRAL DE GESTIÓN DE LA CALIDAD DEL AIRE EN COMUNAS DE LA ARAUCANÍA,PROGRAMA,RECURSOS NATURALES Y MEDIO AMBIENTE,MEDIO AMBIENTE,PERFIL,0,2025,LA ARAUCANIA,,F.N.D.R.,1589540000.0,1589.54,1849356.03,51594.0,,Sin evaluación,False,SEREMI DE MEDIO AMBIENTE REGION DE LA ARAUCANIA,False,2025,2025,1589540000.0
40077380,40077380-0,CONSTRUCCION SISTEMA FOTOVOLTAICO ONGRID DE PROPIEDAD CONJUNTA PARA SERVICIO SANITARIO RURAL,PROYECTO,ENERGIA,AUTOGENERACION,PERFIL,0,2026,,LA CALERA,F.N.D.R.,622519000.0,622.519,,53945.0,OT,Objetado técnicamente (OT),False,MUNICIPALIDAD DE LA CALERA,False,2026,2026,622519000.0
40077464,40077464-0,"CONSTRUCCION CENTRO DE GESTIÓN DE RESIDUOS SÓLIDOS PARA TEODORO SCHMIDT Y TOLTÉN, TEOTOL.",PROYECTO,RECURSOS NATURALES Y MEDIO AMBIENTE,MEDIO AMBIENTE,PERFIL,0,2026,,TOLTEN,F.N.D.R.,500000000.0,500.0,,25681.0,FI,Falta información (FI),False,MUNICIPALIDAD DE TOLTEN,False,2026,2026,500000000.0
40077544,40077544-0,CONSERVACION REDES DE AGUAS LLUVIAS SECUNDARIAS LOS LAGOS,PROYECTO,RECURSOS HIDRICOS,AGUAS LLUVIAS,PERFIL,0,2026,,LOS LAGOS - REGION XIV,SECTORIAL,214407000.0,214.407,,21431.0,,Sin evaluación,False,SEREMI VIVIENDA REGION DE LOS RIOS,False,2026,2026,214407000.0
40077561,40077561-0,"CONSERVACION RIBERA CON RESTITUCIÓN DE CAUCE EN RÍO TURBIO, COMUNA DE LAGO VERDE, AÑO 2026",PROYECTO,RECURSOS HIDRICOS,"DEFENSAS FLUVIALES,MARITIMAS Y CAUCES NATURALES",PERFIL,0,2026,AISEN DEL GENERAL CARLOS,,SECTORIAL,311096000.0,311.096,,852.0,,Sin evaluación,False,DIRECCION DE OBRAS HIDRAULICAS MOP,False,2026,2026,311096000.0
40077637,40077637-0,CONSERVACION PROTECCIÓN COSTERA TEN TEN,PROYECTO,VIVIENDA Y DESARROLLO URBANO,"BORDE COSTERO,PASEOS PEATONALES, PLAYAS",PERFIL,0,2026,,CASTRO,SECTORIAL,3046173000.0,3046.173,,35262.0,,Sin evaluación,False,OBRAS PORTUARIAS MOP REGION DE LOS LAGOS,False,2026,2026,3046173000.0
40077665,40077665-0,"CONSERVACION DE EMERGENCIA PUENTE LA ARAUCANA, REGIÓN DEL BIOBIO",PROYECTO,TRANSPORTE,TRANSPORTE FERROVIARIO,PERFIL,0,2026,L BIO BIO,,EMPRESA,714507000.0,714.507,,489314.0,RS,Recomendado (RS),True,EMPRESA DE FERROCARRILES DEL ESTADO,False,2026,2026,714507000.0
40077726,40077726-0,CONSERVACION DE INFRAESTRUCTURA SANITARIA EN TALLERES DE METRO S.A.,PROYECTO,TRANSPORTE,TRANSPORTE FERROVIARIO,PERFIL,0,2026,METROPOLITANA DE SANTIAGO,,EMPRESA,1555410000.0,1555.41,,72.0,RS,Recomendado (RS),True,METRO S.A.,False,2026,2026,1555410000.0
40077923,40077923-0,CONSERVACION INFRAESTRUCTURA vial de apoyo PARA TRANSPORTE PÚBLICO REGIÓN DE ARICA,PROYECTO,TRANSPORTE,"TRANSPORTE URBANO,VIALIDAD PEATONAL",PERFIL,0,2026,ARICA Y PARINACOTA,,SECTORIAL,12000000000.0,12000.0,,2000.0,,Sin evaluación,False,SUBSIDIO NACIONAL AL TRANSPORTE PUBLICO,False,2026,2026,12000000000.0
40077943,40077943-0,CONSERVACION INFRAESTRUCTURA VIAL DE APOYO PARA TRANSPORTE PÚBLICO REGIÓN DE TARAPACA,PROYECTO,TRANSPORTE,"TRANSPORTE URBANO,VIALIDAD PEATONAL",PERFIL,0,2026,TARAPACA,,SECTORIAL,12000000000.0,12000.0,,2000.0,,Sin evaluación,False,SUBSIDIO NACIONAL AL TRANSPORTE PUBLICO,False,2026,2026,12000000000.0
40077945,40077945-0,CONSERVACION INFRAESTRUCTURA VIAL DE APOYO PARA TRANSPORTE PÚBLICO REGIÓN DE ANTOFAGASTA,PROYECTO,TRANSPORTE,"TRANSPORTE URBANO,VIALIDAD PEATONAL",PERFIL,0,2026,ANTOFAGASTA,,SECTORIAL,12000000000.0,12000.0,,2000.0,,Sin evaluación,False,SUBSIDIO NACIONAL AL TRANSPORTE PUBLICO,False,2026,2026,12000000000.0
40077947,40077947-0,CONSERVACION INFRAESTRUCTURA VIAL DE APOYO PARA TRANSPORTE PÚBLICO REGIÓN DE COQUIMBO,PROYECTO,TRANSPORTE,"TRANSPORTE URBANO,VIALIDAD PEATONAL",PERFIL,0,2026,COQUIMBO,,SECTORIAL,12000000000.0,12000.0,,2000.0,,Sin evaluación,False,SUBSIDIO NACIONAL AL TRANSPORTE PUBLICO,False,2026,2026,12000000000.0
40077960,40077960-0,CONSERVACION INFRAESTRUCTURA VIAL DE APOYO PARA TRANSPORTE PÚBLICO REGIÓN DE ATACAMA,PROYECTO,TRANSPORTE,"TRANSPORTE URBANO,VIALIDAD PEATONAL",PERFIL,0,2026,ATACAMA,,SECTORIAL,12000000000.0,12000.0,,2000.0,,Sin evaluación,False,SUBSIDIO NACIONAL AL TRANSPORTE PUBLICO,False,2026,2026,12000000000.0
40077961,40077961-0,CONSERVACION INFRAESTRUCTURA VIAL DE APOYO PARA TRANSPORTE PÚBLICO RURAL,PROYECTO,TRANSPORTE,"TRANSPORTE URBANO,VIALIDAD PEATONAL",PERFIL,0,2026,METROPOLITANA DE SANTIAGO,,SECTORIAL,12000000000.0,12000.0,,2000.0,,Sin evaluación,False,SUBSIDIO NACIONAL AL TRANSPORTE PUBLICO,False,2026,2026,12000000000.0
40077963,40077963-0,CONSERVACION INFRAESTRUCTURA VIAL DE APOYO PARA TRANSPORTE PÚBLICO REGIÓN DE OHIGGINS,PROYECTO,TRANSPORTE,"TRANSPORTE URBANO,VIALIDAD PEATONAL",PERFIL,0,2026,L LIBERTADOR GENERAL,,SECTORIAL,12000000000.0,12000.0,,2000.0,,Sin evaluación,False,SUBSIDIO NACIONAL AL TRANSPORTE PUBLICO,False,2026,2026,12000000000.0
40077964,40077964-0,CONSERVACION INFRAESTRUCTURA MENOR PARA TRANSPORTE PÚBLICO REGIÓN DE MAULE,PROYECTO,TRANSPORTE,"TRANSPORTE URBANO,VIALIDAD PEATONAL",PERFIL,0,2026,L MAULE,,SECTORIAL,12000000000.0,12000.0,,2000.0,,Sin evaluación,False,SUBSIDIO NACIONAL AL TRANSPORTE PUBLICO,False,2026,2026,12000000000.0
40077967,40077967-0,CONSERVACION INFRAESTRUCTURA VIAL DE APOYO PARA TRANSPORTE PÚBLICO REGIÓN DEL BIOBIO,PROYECTO,TRANSPORTE,"TRANSPORTE URBANO,VIALIDAD PEATONAL",PERFIL,0,2026,L BIO BIO,,SECTORIAL,12000000000.0,12000.0,,2000.0,,Sin evaluación,False,SUBSIDIO NACIONAL AL TRANSPORTE PUBLICO,False,2026,2026,12000000000.0
40077968,40077968-0,CONSERVACION INFRAESTRUCTURA VIAL DE APOYO PARA TRANSPORTE PÚBLICO REGIÓN DE LA ARAUCANIA,PROYECTO,TRANSPORTE,"TRANSPORTE URBANO,VIALIDAD PEATONAL",PERFIL,0,2026,LA ARAUCANIA,,SECTORIAL,12000000000.0,12000.0,,2000.0,,Sin evaluación,False,SUBSIDIO NACIONAL AL TRANSPORTE PUBLICO,False,2026,2026,12000000000.0
40077975,40077975-0,CONSERVACION INFRAESTRUCTURA VIAL DE APOYO PARA TRANSPORTE PÚBLICO REGIÓN DE LOS RIOS,PROYECTO,TRANSPORTE,"TRANSPORTE URBANO,VIALIDAD PEATONAL",PERFIL,0,2026,LOS RIOS,,SECTORIAL,12000000000.0,12000.0,,2000.0,,Sin evaluación,False,SUBSIDIO NACIONAL AL TRANSPORTE PUBLICO,False,2026,2026,12000000000.0
40077976,40077976-0,CONSERVACION INFRAESTRUCTURA VIAL DE APOYO PARA TRANSPORTE PÚBLICO REGIÓN DE AYSÉN,PROYECTO,TRANSPORTE,"TRANSPORTE URBANO,VIALIDAD PEATONAL",PERFIL,0,2026,AISEN DEL GENERAL CARLOS,,SECTORIAL,12000000000.0,12000.0,,2000.0,,Sin evaluación,False,SUBSIDIO NACIONAL AL TRANSPORTE PUBLICO,False,2026,2026,12000000000.0
40077978,40077978-0,CONSERVACION INFRAESTRUCTURA VIAL DE APOYO PARA TRANSPORTE PÚBLICO REGIÓN DE MAGALLANES,PROYECTO,TRANSPORTE,"TRANSPORTE URBANO,VIALIDAD PEATONAL",PERFIL,0,2026,MAGALLANES Y ANTARTICA,,SECTORIAL,12000000000.0,12000.0,,2000.0,,Sin evaluación,False,SUBSIDIO NACIONAL AL TRANSPORTE PUBLICO,False,2026,2026,12000000000.0
40077998,40077998-0,"CONSERVACION PROTECCION COSTERA, SECTOR CAMPING MUNICIPAL QUEILEN",PROYECTO,VIVIENDA Y DESARROLLO URBANO,"BORDE COSTERO,PASEOS PEATONALES, PLAYAS",PERFIL,0,2026,,QUEILEN,SECTORIAL,676447000.0,676.447,,5632.0,,Sin evaluación,False,OBRAS PORTUARIAS MOP REGION DE LOS LAGOS,False,2026,2026,676447000.0
40078262,40078262-0,"CONSERVACION DE EMERGENCIA COLECTOR MELGAREJO RED PRIMARIA DE AGUAS LLUVIAS DE VALPARAÍSO, REGIÓN DE VALPARAÍSO",PROYECTO,RECURSOS HIDRICOS,AGUAS LLUVIAS,PERFIL,0,2026,VALPARAISO,,SECTORIAL,1916328000.0,1916.328,,296655.0,RS,Recomendado (RS),True,DIRECCION DE OBRAS HIDRAULICAS MOP,False,2026,2026,1916328000.0
40078270,40078270-0,RECUPERACION TRANSFERENCIA ENERGÍAS RENOVABLES Y CALIDAD DE AGUAS PARA EL RIEGO DE LA AFCI DEL MAULE,PROGRAMA,,,PERFIL,0,2026,L MAULE,,F.N.D.R.,3700603000.0,3700.603,4183410.39,432.0,,Sin evaluación,False,INSTITUTO DESARROLLO AGROPECUARIO REGION DEL MAULE,False,2026,2026,3700603000.0
40078282,40078282-0,"CONSERVACION DE RIBERAS DE CAUCE NATURAL CHORRILLO MERIC, COMUNA DE SAN GREGORIO 2027",PROYECTO,RECURSOS HIDRICOS,"DEFENSAS FLUVIALES,MARITIMAS Y CAUCES NATURALES",PERFIL,0,2027,,SAN GREGORIO,SECTORIAL,300000000.0,300.0,,1200.0,,Sin evaluación,False,DIRECCION DE OBRAS HIDRAULICAS MOP REGION DE MAGALLANES Y ANTARTICA CHILENA,False,2027,2027,300000000.0
40078283,40078283-0,"CONSERVACION DE RIBERAS DE CAUCE NATURAL RIO ROBALO, COMUNA DE CABO DE HORNOS 2027",PROYECTO,RECURSOS HIDRICOS,"DEFENSAS FLUVIALES,MARITIMAS Y CAUCES NATURALES",PERFIL,0,2027,,CABO DE HORNOS,SECTORIAL,300000000.0,300.0,,1900.0,,Sin evaluación,False,DIRECCION DE OBRAS HIDRAULICAS MOP REGION DE MAGALLANES Y ANTARTICA CHILENA,False,2027,2027,300000000.0
40078293,40078293-0,CONSERVACION GLOBAL RED PRIMARIA DE AGUAS LLUVIAS PUNTA ARENAS 2027,PROYECTO,RECURSOS HIDRICOS,AGUAS LLUVIAS,PERFIL,0,2027,,PUNTA ARENAS,SECTORIAL,330000000.0,330.0,,120000.0,,Sin evaluación,False,DIRECCION DE OBRAS HIDRAULICAS MOP REGION DE MAGALLANES Y ANTARTICA CHILENA,False,2027,2027,330000000.0
40078299,40078299-0,CONSERVACION QUEBRADAS REGIÓN METROPOLITANA MC26-2,PROYECTO,RECURSOS HIDRICOS,"DEFENSAS FLUVIALES,MARITIMAS Y CAUCES NATURALES",PERFIL,0,2026,METROPOLITANA DE SANTIAGO,,SECTORIAL,347000000.0,347.0,,1100.0,,Sin evaluación,False,DIRECCION DE OBRAS HIDRAULICAS MOP,False,2026,2026,347000000.0
40078509,40078509-0,"CONSTRUCCION HABILITACION INFRAESTRUCTURA RECREATIVA Y AREA VERDE SECTOR PILMAIQUEN, COMUNA DE PUYEHUE",PROYECTO,VIVIENDA Y DESARROLLO URBANO,DESARROLLO URBANO,PERFIL,0,2026,,PUYEHUE,F.N.D.R.,146000000.0,146.0,,670.0,,Sin evaluación,False,MUNICIPALIDAD DE PUYEHUE,False,2026,2026,146000000.0
40078522,40078522-0,"CONSERVACION RED DE CICLOVIAS URBANAS, TRAIGUEN",PROYECTO,TRANSPORTE,"TRANSPORTE URBANO,VIALIDAD PEATONAL",PERFIL,0,2026,,TRAIGUEN,F.N.D.R.,60000000.0,60.0,,18286.0,,Sin evaluación,False,MUNICIPALIDAD DE TRAIGUEN,False,2026,2026,60000000.0
40078598,40078598-0,"CONSERVACION DE RIBERAS RIO CAJON Y RIO IBAÑEZ, COMUNA DE RIO IBAÑEZ",PROYECTO,RECURSOS HIDRICOS,"DEFENSAS FLUVIALES,MARITIMAS Y CAUCES NATURALES",PERFIL,0,2027,,RIO IBAÑEZ,SECTORIAL,330000000.0,330.0,,100.0,,Sin evaluación,False,DIRECCION DE OBRAS HIDRAULICAS MOP REGION DE AISEN DEL GENERAL CARLOS IBAÑEZ DEL,False,2027,2027,330000000.0
40079042,40079042-0,"MEJORAMIENTO MULTICANCHAS Y AREAS VERDES POBLACION EMILIO GIDI, LINARES",PROYECTO,VIVIENDA Y DESARROLLO URBANO,DESARROLLO URBANO,PERFIL,0,2026,,LINARES,SECTORIAL,140000000.0,140.0,,500.0,,Sin evaluación,False,MUNICIPALIDAD DE LINARES,False,2026,2026,140000000.0
50000932,50000932-0,"CONSERVACION Red Primaria de Aguas Lluvias, Región del Biobío ALL26-2",PROYECTO,RECURSOS HIDRICOS,AGUAS LLUVIAS,PERFIL,0,2026,L BIO BIO,,SECTORIAL,2533922000.0,2533.922,,1149283.0,RS,Recomendado (RS),True,DIRECCION DE OBRAS HIDRAULICAS MOP,False,2026,2026,2533922000.0
