action_id,action_name,action_type,hazard_name,sector_names,subsector_names,primary_purpose,description,cobenefits_airquality,cobenefits_waterquality,cobenefits_habitat,cobenefits_costofliving,cobenefits_housing,cobenefits_mobility,cobenefits_stakeholderengagement,equity_and_inclusion_considerations,ghgreduction_stationary_energy,ghgreduction_transportation,ghgreduction_waste,ghgreduction_ippu,ghgreduction_afolu,adaptation_effectiveness,cost_investment_needed,timeline_for_implementation,dependencies,key_performance_indicators,powers_and_mandates,adaptation_effectiveness_droughts,adaptation_effectiveness_heatwaves,adaptation_effectiveness_floods,adaptation_effectiveness_sealevelrise,adaptation_effectiveness_landslides,adaptation_effectiveness_storms,adaptation_effectiveness_wildfires,adaptation_effectiveness_diseases,biome
ipcc_0001,Cambios en la Forma Urbana,{mitigation},,{transportation},{on-road},{ghg_reduction},"Mejorar la densidad urbana y el uso mixto del suelo para reducir las distancias de viaje, la dependencia del automóvil y las emisiones de gases de efecto invernadero asociadas. Incluye infraestructura de transporte público, caminos peatonales y zonas amigables para bicicletas.",1,0,0,1,0,1,0,"Mejora el acceso a opciones de transporte eficientes y asequibles para comunidades desatendidas, reduciendo las disparidades sociales y económicas.",,0-19,,,,,medium,5-10 years,"['Apoyo político para la planificación del uso del suelo', 'aceptación pública', 'reasignación de presupuestos de transporte hacia modos sostenibles']","['Reducción en el uso per cápita de automóviles', 'aumento en el uso del transporte público', 'mejora en el índice de caminabilidad']",,,,,,,,,,none
ipcc_0002,Modos de Transporte Activo,{mitigation},,{transportation},{on-road},{ghg_reduction},Promover caminar y andar en bicicleta como modos principales de transporte para viajes cortos (5 km o menos) para reducir la dependencia de vehículos ligeros y disminuir las emisiones de GEI.,1,0,0,1,0,1,0,"Mejora el acceso a opciones de transporte seguras y asequibles, especialmente para las comunidades de bajos ingresos, mientras se mejora la movilidad urbana para los grupos desatendidos.",,0-19,,,,,medium,<5 years,"['Inversión en infraestructura segura para caminar y andar en bicicleta', 'campañas de concienciación pública', 'políticas de planificación urbana de apoyo']","['Aumento en kilómetros de redes de bicicletas y caminatas', 'aumento en la participación modal del transporte activo', 'reducción en el uso del automóvil para viajes cortos']",,,,,,,,,,none
ipcc_0003,Transporte Público,{mitigation},,{transportation},{on-road},{ghg_reduction},Promover el uso de sistemas de transporte público como autobuses y trenes para viajes urbanos e interurbanos con el fin de reducir la dependencia de vehículos ligeros y disminuir las emisiones de gases de efecto invernadero.,1,0,0,1,0,1,1,"Mejora el acceso a opciones de transporte asequibles y eficientes, beneficiando particularmente a las comunidades de bajos ingresos y desatendidas.",,20-39,,,,,medium,5-10 years,"['Inversiones en sistemas de transporte modernos y eficientes', 'políticas para desincentivar el uso de automóviles privados', 'campañas de concienciación pública para fomentar la adopción del transporte público']","['Aumento en el uso del transporte público', 'reducción en los kilómetros recorridos por vehículos privados', 'reducción de emisiones por kilómetro por pasajero']",,,,,,,,,,none
ipcc_0004,Desmaterialización de la Economía,{mitigation},,{transportation},{on-road},{ghg_reduction},"Promover la reducción de la cantidad de materiales utilizados por unidad de producción para mejorar la eficiencia de los materiales, reducir las necesidades de transporte y mejorar la eficiencia del transporte de carga. Ejemplos incluyen la combinación de múltiples funciones en dispositivos únicos, la producción localizada a través de la impresión 3D y los principios de la economía circular.",0,0,0,1,0,1,1,Apoya el acceso equitativo a productos sostenibles y promueve el uso eficiente de recursos para beneficiar a las comunidades desatendidas.,,0-19,,,,,medium,>10 years,"['Innovación tecnológica', 'adopción de prácticas de economía circular', 'cambios de comportamiento hacia el minimalismo y la eficiencia']","['Reducción en la intensidad de materiales por unidad de producción', 'disminución de las emisiones del transporte de carga', 'mayor adopción de prácticas de economía circular']",,,,,,,,,,none
ipcc_0007,Movilidad Inteligente,{mitigation},,{transportation},{on-road},{ghg_reduction},"Utilizar tecnologías avanzadas, como TIC, sensores IoT, IA y Movilidad como Servicio (MaaS), para mejorar la eficiencia del transporte, reducir las emisiones y mejorar la movilidad urbana. La movilidad inteligente integra varios modos de transporte y optimiza las operaciones para competir con los vehículos privados.",1,0,0,0,0,1,1,"Mejora el acceso a opciones de transporte eficientes y asequibles, especialmente para grupos marginados, mientras apoya la regeneración urbana y la conectividad.",,0-19,,,,,high,5-10 years,"['Adopción generalizada de tecnologías TIC e IoT', 'planificación urbana de apoyo', 'inversiones en sistemas de movilidad compartida y digitalizada']","['Aumento en el uso de transporte compartido y público', 'reducción en los kilómetros recorridos por vehículos privados', 'disminución de las emisiones relacionadas con el transporte']",,,,,,,,,,none
ipcc_0008,Gestión de la Cadena de Suministro,{mitigation},,{transportation},{on-road},{ghg_reduction},"Mejorar la planificación logística en el transporte de carga mediante estrategias como la optimización de rutas, la optimización de carga y la conducción ecológica para reducir las distancias de viaje y mejorar la eficiencia, reduciendo así las emisiones de GEI.",1,0,0,1,0,1,0,"Promueve el acceso equitativo a soluciones logísticas sostenibles para pequeñas y medianas empresas, al mismo tiempo que apoya la retención de empleos en el sector logístico.",,0-19,,,,,medium,5-10 years,"['Acceso a herramientas y software de logística avanzada', 'colaboración entre las partes interesadas de la cadena de suministro', 'integración de la formación en conducción ecológica']","['Distancias de carga reducidas', 'aumento de la capacidad de carga de los vehículos', 'mejora de la eficiencia del combustible', 'reducción de los costos operativos']",,,,,,,,,,none
ipcc_0009,Comercio electrónico,{mitigation},,{transportation},{on-road},{ghg_reduction},Fomentar la compra de bienes en línea por parte de los consumidores para reducir los viajes en vehículos ligeros con fines de compras. Esto intercambia los kilómetros recorridos por vehículos ligeros por el transporte de carga a través de camiones ligeros ('entrega de última milla').,1,0,0,1,0,1,0,"Promueve la accesibilidad a bienes para individuos en áreas desatendidas o remotas, mientras reduce los costos de transporte personal.",,0-19,,,,,medium,5-10 years,"['Expansión de plataformas de comercio electrónico', 'inversiones en logística de entrega de última milla', 'confianza del consumidor en las compras en línea']","['Reducción en los kilómetros recorridos por vehículos (VMT) para compras', 'aumento en las tasas de adopción de compras en línea', 'reducción de emisiones en la logística de carga']",,,,,,,,,,none
ipcc_0010,Automatización de Vehículos,{mitigation},,{transportation},{on-road},{ghg_reduction},"Utiliza tecnologías avanzadas para automatizar tareas de conducción, mejorar la seguridad vial, optimizar los patrones de conducción, reducir la congestión y mejorar el uso eficiente del espacio vial. Los niveles varían desde la asistencia al conductor hasta la autonomía total.",1,0,0,0,0,1,0,"Proporciona acceso a la movilidad a grupos marginados, incluidos los ancianos, las personas con discapacidades y aquellos que no pueden conducir, al tiempo que promueve sistemas de transporte más seguros.",,0-19,,,,,high,>10 years,"['Desarrollo y despliegue de tecnologías de vehículos autónomos', 'marcos regulatorios de apoyo', 'aceptación pública de sistemas automatizados']","['Reducción de la congestión', 'mejora de la eficiencia del combustible', 'disminución de las emisiones relacionadas con el transporte por kilómetro de vehículo', 'aumento de la accesibilidad para grupos marginados']",,,,,,,,,,none
ipcc_0011,Combustibles Alternativos para Vehículos,{mitigation},,{transportation},{on-road},{ghg_reduction},"Utiliza combustibles de bajo carbono o cero carbono, incluidos el gas natural, los biocombustibles, el amoníaco y los combustibles sintéticos, para reemplazar la gasolina y el diésel convencionales en los motores de combustión interna (ICE). Estos combustibles ofrecen vías para reducir las emisiones de gases de efecto invernadero y diversificar las fuentes de energía, aunque persisten desafíos en los costos de producción, las emisiones del ciclo de vida y la infraestructura.",1,0,0,0,0,1,0,Proporciona un camino para reducir la dependencia energética y mejorar la equidad energética al permitir el acceso a combustibles alternativos que apoyan las necesidades energéticas locales y regionales.,,80-100,,,,,high,>10 years,"['Desarrollo de tecnologías de producción sostenibles y de bajo costo', 'medidas de política de apoyo (por ejemplo, estándares de combustible, mandatos de mezcla)', 'inversión en infraestructura de distribución y almacenamiento']","['Reducción de emisiones de GEI del ciclo de vida del combustible', 'porcentaje de la flota de vehículos que utiliza combustibles alternativos', 'métricas de despliegue de infraestructura']",,,,,,,,,,none
ipcc_0013,Tecnologías de Celdas de Combustible,{mitigation},,{transportation},{on-road},{ghg_reduction},"Uso de la tecnología de celdas de combustible para alimentar vehículos convirtiendo hidrógeno en electricidad a través de una reacción electroquímica. Produce cero emisiones en el punto de uso y agua como subproducto. Las celdas de combustible de hidrógeno son altamente eficientes, especialmente cuando el hidrógeno se produce a partir de fuentes renovables.",1,0,0,0,0,1,0,"Reduce las emisiones en áreas desatendidas y urbanas, ofreciendo aire más limpio y soluciones de movilidad sostenible para todas las comunidades.",,60-79,,,,,high,>10 years,"['Infraestructura de producción de hidrógeno', 'disponibilidad de hidrógeno bajo en carbono', 'reducción de costos en sistemas de celdas de combustible', 'políticas duraderas para apoyar la adopción']","['Participación de vehículos de celda de combustible en la flota vehicular', 'reducción de emisiones de GEI por kilómetro', 'despliegue de estaciones de recarga de hidrógeno', 'paridad de costos con vehículos diésel']",,,,,,,,,,none
ipcc_0014,Reducción de peso de vehículos,{mitigation},,{transportation},{on-road},{ghg_reduction},"Reducir el peso total de los vehículos utilizando materiales avanzados como acero de alta resistencia, aluminio, fibra de carbono y compuestos para mejorar la eficiencia del combustible y reducir las emisiones de gases de efecto invernadero. La reducción de peso mejora el rendimiento del vehículo sin comprometer la seguridad.",1,0,0,0,0,1,0,"Promueve soluciones de movilidad sostenible que pueden reducir los costos de combustible y las emisiones, beneficiando indirectamente a las comunidades desatendidas.",,0-19,,,,,high,>10 years,"['Disponibilidad y desarrollo de materiales avanzados y ligeros', 'procesos de reciclaje eficientes', 'implementación a escala industrial']","['Reducción en la masa del vehículo', 'mejora en la eficiencia del combustible (km/l)', 'emisiones de GEI evitadas durante el ciclo de vida', 'proporción de vehículos aligerados en la flota']",,,,,,,,,,none
ipcc_0016,Conducción ecológica,{mitigation},,{transportation},{on-road},{ghg_reduction},"Un conjunto de prácticas de conducción destinadas a mejorar la eficiencia del combustible, reducir las emisiones de gases de efecto invernadero y minimizar el desgaste de los vehículos promoviendo una conducción suave, el mantenimiento regular del vehículo y la anticipación del tráfico.",1,0,0,1,0,1,1,"Promueve la accesibilidad a técnicas de ahorro de combustible para todos los conductores, reduciendo los costos operativos y apoyando a las comunidades vulnerables que dependen del transporte vehicular.",,0-19,,,,,low,<5 years,"['Educación de conductores', 'programas de formación efectivos', 'apoyo político', 'mecanismos de incentivos', 'fomentar la adopción de prácticas de conducción ecológica']","['Porcentaje de reducción en el consumo de combustible', 'emisiones de GEI por vehículo', 'número de conductores capacitados en conducción ecológica', 'adherencia a las prácticas de conducción ecológica entre los conductores capacitados']",,,,,,,,,,none
ipcc_0017,Aumento de la Eficiencia de las Aeronaves,{mitigation},,{transportation},{aviation},{ghg_reduction},"Optimización de la tecnología de aeronaves, incluyendo mejoras en el diseño de motores, aerodinámica, reducción de masa de la estructura del avión y navegación operativa para reducir el consumo de combustible y las emisiones.",1,0,0,0,0,1,0,Apoya la conectividad global mientras reduce los impactos ambientales; puede requerir una distribución equitativa de tecnología y recursos para las regiones en desarrollo.,,0-19,,,,,high,>10 years,"['Desarrollo y adopción de tecnología avanzada para aeronaves', 'optimización de la gestión del tráfico aéreo global', 'inversiones de la industria en investigación y desarrollo']","['Porcentaje de reducción en el consumo de combustible por vuelo', 'mejora en la eficiencia de navegación', 'tasa de adopción de diseños avanzados de aeronaves']",,,,,,,,,,none
ipcc_0018,Combustibles Alternativos para Aeronaves,{mitigation},,{transportation},{aviation},{ghg_reduction},"Desarrollo y despliegue de combustibles alternativos para la aviación, incluidos los SAFs de base biológica, combustibles sintéticos e hidrógeno líquido, para reducir las emisiones de gases de efecto invernadero de la aviación.",1,0,0,0,0,0,0,"Centrarse en equilibrar la demanda de la aviación con prácticas sostenibles, abordar las preocupaciones sobre alimentos frente a combustibles y garantizar el acceso global a tecnologías de combustibles alternativos.",,60-79,,,,,high,>10 years,"['Disponibilidad de energía baja en carbono', 'avances en tecnologías de producción de combustible', 'reducción de costos', 'apoyo político', 'infraestructura para la producción y distribución']","['Tasas de adopción de SAFs', 'reducciones de emisiones en el ciclo de vida', 'avances en tecnologías de producción de combustible']",,,,,,,,,,none
ipcc_0019,Cambio Modal de Avión a Tren,{mitigation},,{transportation},{aviation},{ghg_reduction},"Promover un cambio de vuelos regionales y de media distancia hacia el tren de alta velocidad (TAV) como una alternativa baja en carbono. El TAV puede cubrir distancias de 400 a 1000 km de manera efectiva, reduciendo la demanda de viajes aéreos y las emisiones asociadas. Las mejoras en la infraestructura, las políticas de apoyo y las redes mejoradas de TAV son críticas para esta transición.",1,0,0,0,0,1,0,"Proporciona opciones de viaje regionales asequibles y accesibles, beneficiando particularmente a las comunidades con acceso limitado a los viajes aéreos y reduciendo las inequidades en el transporte.",,40-59,,,,,high,5-10 years,"['Requiere inversiones significativas en infraestructura de HSR', 'apoyo político para limitar las opciones de viaje aéreo competidoras', 'integración de redes ferroviarias con sistemas de transporte existentes']","['Reducción en la demanda de viajes aéreos nacionales y regionales', 'aumento en el uso del HSR', 'reducciones medibles en las emisiones de GEI del sector del transporte']",,,,,,,,,,none
ipcc_0020,Combustibles Alternativos para el Transporte Marítimo,{mitigation},,{transportation},{waterborne_navigation},{ghg_reduction},"Transición a combustibles alternativos en el sector marítimo, incluyendo hidrógeno, amoníaco, metanol, hidrocarburos sintéticos, biocombustibles avanzados y propulsión eléctrica. Enfocarse en combustibles producidos utilizando fuentes de energía de bajo carbono para reducir las emisiones de gases de efecto invernadero durante el ciclo de vida y alcanzar los objetivos de la Organización Marítima Internacional (IMO).",1,0,0,0,0,1,1,"Garantiza el acceso equitativo a nuevas tecnologías de transporte marítimo, reduce la dependencia de los combustibles fósiles y promueve prácticas económicas sostenibles, considerando los impactos en el comercio global y las comunidades portuarias.",,40-59,,,,,high,>10 years,"['Disponibilidad de combustibles y energía de bajo carbono', 'inversiones en infraestructura', 'capacidades de modernización para barcos existentes', 'apoyo político y regulatorio', 'avances en tecnologías de almacenamiento y seguridad de combustibles']","['Tasa de adopción de combustibles alternativos', 'reducciones de emisiones logradas (de tanque a estela y de pozo a estela)', 'avances en infraestructura de abastecimiento y almacenamiento']",,,,,,,,,,none
ipcc_0021,Tecnologías Eléctricas para el Transporte Marítimo,{mitigation},,{transportation},{waterborne_navigation},{ghg_reduction},"Adopción de tecnologías de propulsión eléctrica, incluyendo sistemas eléctricos de batería e híbridos, para el transporte marítimo de corta distancia, ferries y vías navegables interiores para reducir las emisiones de gases de efecto invernadero. Incluye avances en diseño e ingeniería, como la optimización de formas de casco y la integración de fuentes de energía renovable como el viento y el sol para la propulsión.",1,1,0,0,0,1,0,"Promueve el acceso equitativo a tecnologías de transporte limpio, beneficiando a las comunidades portuarias y reduciendo la contaminación cerca de áreas densamente pobladas. Garantiza la asequibilidad y accesibilidad de la nueva infraestructura para operadores de transporte marítimo a pequeña escala.",,20-39,,,,,high,>10 years,"['Disponibilidad de electricidad baja en carbono', 'avances en tecnología de baterías', 'infraestructura para carga y mantenimiento', 'marcos regulatorios de apoyo para la industria marítima']","['Reducción de las emisiones del ciclo de vida de los buques', 'número de barcos eléctricos e híbridos-eléctricos en operación', 'mejoras en la infraestructura portuaria para apoyar los sistemas de propulsión eléctrica']",,,,,,,,,,none
ipcc_0022,Mejora de la Eficiencia Energética para el Transporte Marítimo,{mitigation},,{transportation},{waterborne_navigation},{ghg_reduction},"Mejorar la eficiencia energética en el transporte marítimo mediante medidas operativas, diseños optimizados de cascos, sistemas de propulsión avanzados y la adopción de combustibles bajos en carbono como el hidrógeno y el amoníaco. Incluye la reducción de la velocidad de los barcos ('navegación lenta'), la mejora de las operaciones portuarias y la modernización de los buques con tecnologías modernas para minimizar las emisiones y el consumo de combustible.",1,1,0,0,0,1,0,Promueve el acceso equitativo a tecnologías de transporte marítimo de bajas emisiones de carbono para operadores más pequeños. Apoya a las comunidades vulnerables reduciendo la contaminación cercana a la costa y mejorando la calidad del aire y del agua local.,,20-39,,,,,high,5-10 years,"['Disponibilidad de combustibles bajos en carbono', 'avances en tecnologías de diseño de propulsión y casco', 'inversiones en infraestructura portuaria', 'apoyo regulatorio para la eficiencia energética y la reducción de emisiones']","['Reducción de emisiones del transporte marítimo', 'tasa de adopción de tecnologías energéticamente eficientes', 'medidas operativas', 'número de buques reacondicionados', 'mejoras de eficiencia en las operaciones portuarias']",,,,,,,,,,coastal_marine
ipcc_0023,Mejora de la Recuperación de Calor y Energía,{mitigation},,{ippu},{industrial_processes},{ghg_reduction},"Mejora de la eficiencia energética en los procesos industriales mediante la recuperación de calor y energía de corrientes de desecho, mejorando el acoplamiento de procesos y adoptando tecnologías avanzadas como el enfriamiento en seco de coque, la gasificación de licor negro y las turbinas de recuperación de presión superior. Incluye la reducción del uso de energía en la conminución, el secado de papel y otros procesos industriales a través de diseños optimizados, mejoras operativas y estrategias de eficiencia de materiales.",1,0,0,0,0,0,0,Apoya el acceso equitativo a tecnologías energéticamente eficientes y promueve prácticas sostenibles en regiones en desarrollo con altas emisiones industriales. Se centra en reducir la competencia por los recursos y asegurar una distribución justa de los avances tecnológicos.,,,,20-39,,,high,5-10 years,"['Disponibilidad de tecnologías avanzadas', 'marcos regulatorios de apoyo', 'inversión en investigación y desarrollo', 'alineación con estándares globales para la reducción de emisiones y eficiencia energética']","['Reducción de emisiones de GEI industriales', 'tasas de adopción de tecnologías de recuperación de calor y energía', 'mejoras en la intensidad energética en industrias clave', 'tasas de reciclaje']",,,,,,,,,,none
ipcc_0024,Mejora en la Entrega de Combustible para Calefacción,{mitigation},,{ippu},{industrial_processes},{ghg_reduction},"Mejorar los sistemas de entrega de combustible en el proceso de producción de acero mediante la implementación de tecnologías como la inyección de carbón pulverizado, mejorando los diseños de hornos y los controles de procesos, y optimizando la combustión de combustible para calefacción. Incluye medidas de eficiencia energética para reducir las emisiones del carbón y el coque utilizados en la fabricación convencional de hierro, y la posible adopción de reductores alternativos como la biomasa y los plásticos de desecho.",1,0,0,0,0,0,0,"Apoya el despliegue equitativo de tecnologías energéticamente eficientes en economías en desarrollo, asegurando un acceso justo a los recursos y reduciendo la contaminación ambiental en regiones industriales.",,,,20-39,,,high,5-10 years,"['Disponibilidad de sistemas avanzados de suministro de combustible', 'marcos de políticas de apoyo', 'inversión en I+D para reductores alternativos', 'adopción a nivel industrial de controles de procesos y tecnologías optimizadas']","['Reducción de emisiones de GEI de la calefacción en la producción de acero', 'mejoras en la intensidad energética', 'aumento de las tasas de adopción de inyección de carbón pulverizado y combustibles alternativos', 'reducción de la producción de residuos peligrosos']",,,,,,,,,,none
ipcc_0025,Mejora de la Eficiencia de Hornos o Calderas,{mitigation},,{ippu},{industrial_processes},{ghg_reduction},"Mejorar el diseño y la operación de hornos y calderas para mejorar la eficiencia energética y reducir las emisiones. Incluye tecnologías como la mejora en la recuperación de calor y energía de los gases de proceso, controles avanzados de procesos y mejores diseños de hornos para minimizar los ciclos de temperatura y optimizar el uso de combustible.",1,0,0,0,0,0,0,"Garantiza que las tecnologías de hornos eficientes sean accesibles para las industrias en economías en desarrollo, reduciendo la contaminación y mejorando la seguridad en el lugar de trabajo.",,,,20-39,,,high,5-10 years,"['Disponibilidad de diseños avanzados de hornos', 'políticas de apoyo e incentivos', 'mano de obra calificada para la instalación y el mantenimiento', 'adopción generalizada de tecnologías energéticamente eficientes en la industria']","['Reducción en la intensidad energética', 'emisiones de GEI', 'producción de residuos peligrosos', 'aumento en la adopción de hornos avanzados', 'controles de procesos']",,,,,,,,,,none
ipcc_0026,Recuperación y Reutilización de Calor a través de Redes de Intercambiadores de Calor o Bombas de Calor,{mitigation},,{ippu},{industrial_processes},{ghg_reduction},"Esta acción implica mejorar la eficiencia energética del uso del calor mediante la utilización de redes de intercambiadores de calor y bombas de calor de alta temperatura para recuperar y reutilizar el calor residual en los procesos industriales. Las técnicas incluyen reducir las necesidades de calor a través del aislamiento térmico, reutilizar el calor residual en varios grados de temperatura y reciclar el calor residual para la generación de energía mediante tecnologías como la recompresión mecánica de vapor y la conversión termoeléctrica.",1,0,0,0,0,0,0,"Garantiza que las tecnologías avanzadas de recuperación de calor sean accesibles para las pequeñas y medianas industrias, especialmente en las regiones en desarrollo, ayudándolas a reducir los costos de energía y las emisiones.",,,,40-59,,,high,5-10 years,"['Disponibilidad de tecnologías avanzadas de recuperación de calor y bombas', 'mano de obra calificada para la instalación y mantenimiento', 'apoyo político para la adopción de sistemas de recuperación de calor residual']","['Aumento en la tasa de recuperación de calor residual', 'reducción en la intensidad energética', 'porcentaje de calor reutilizado a través de sistemas de alta eficiencia']",,,,,,,,,,none
ipcc_0028,Introducción de Tecnologías de Eficiencia Energética en el Procesamiento,{mitigation},,{ippu},{industrial_processes},{ghg_reduction},"Implementación de tecnologías energéticamente eficientes en los procesos mineros, particularmente en la conminución, mediante la mejora de los métodos de concentración de minerales, el uso de tecnologías de molienda y trituración eficientes, y la optimización del tamaño de las partículas de alimentación. Otras oportunidades incluyen mejorar los procesos de separación, secado y manejo de materiales.",0,0,0,0,0,0,0,"Promueve el acceso equitativo a tecnologías eficientes para operaciones mineras a pequeña escala, reduciendo los costos de energía y los impactos ambientales para las comunidades vulnerables que dependen de las actividades mineras.",,,,20-39,,,high,5-10 years,"['Desarrollo de tecnologías avanzadas de conminución y clasificación de minerales', 'disponibilidad de fuentes de energía renovable para la generación de energía', 'apoyo político para incentivar la adopción']","['Reducción en el consumo de energía por tonelada de mineral procesado', 'mejora en la tasa de recuperación de mineral', 'reducción de emisiones de GEI de las operaciones mineras']",,,,,,,,,,none
ipcc_0031,Gestión Inteligente de Energía,{mitigation},,{ippu},{industrial_processes},{ghg_reduction},"La implementación de sistemas de gestión energética utilizando digitalización y tecnologías inteligentes para optimizar el uso de energía. Estos sistemas aprovechan el monitoreo en tiempo real, análisis avanzados, aprendizaje automático y automatización para mejorar la eficiencia energética, la productividad y la rentabilidad.",0,0,0,0,0,1,1,"Facilita el acceso a tecnologías energéticamente eficientes para pequeñas y medianas empresas, asegurando una participación equitativa en iniciativas de ahorro de energía.",,,,20-39,,,high,5-10 years,"['Disponibilidad de tecnologías avanzadas como sensores y sistemas de aprendizaje automático', 'infraestructura digital adecuada', 'políticas de apoyo para la adopción de eficiencia energética']","['Reducción en el uso de energía', 'ahorro de costos por ciclo de producción', 'porcentaje de mejora en la eficiencia del proceso']",,,,,,,,,,none
ipcc_0033,Electrificación de Procesos,{mitigation},,{ippu},{industrial_processes},{ghg_reduction},"La transición de los procesos de producción de acero a métodos electrificados como la electrólisis de óxidos fundidos, la reducción directa avanzada y otros métodos impulsados por electricidad de bajo carbono para reducir las emisiones y mejorar la eficiencia energética.",1,0,0,0,0,0,0,"Promueve el acceso equitativo a tecnologías avanzadas de electrificación y capacitación para la fuerza laboral, asegurando la participación de sectores industriales desatendidos.",,,,60-79,,,high,5-10 years,"['Disponibilidad de electricidad baja en carbono', 'desarrollo de materiales de ánodo adecuados', 'infraestructura para la electrificación a gran escala en la producción de acero']","['Reducción de emisiones por tonelada de acero producido', 'aumento en la proporción de procesos electrificados', 'ahorro de energía en las etapas de producción']",,,,,,,,,,none
ipcc_0037,Descarbonización de Materias Primas,{mitigation},,{ippu},{product_use},{ghg_reduction},"Descarbonizar las materias primas para los procesos industriales mediante Captura y Almacenamiento de Carbono (CCS), Captura y Utilización de Carbono (CCU) e integración con fuentes de energía de bajo carbono. Esto incluye capturar carbono de diversas emisiones industriales y reutilizarlo o almacenarlo para reducir las emisiones de gases de efecto invernadero. Las aplicaciones incluyen la creación de combustibles sintéticos, productos químicos y materiales mientras se utiliza energía renovable o fuentes de carbono biogénico.",1,0,0,0,0,0,0,"Apoya el desarrollo industrial equitativo promoviendo el acceso a tecnologías más limpias, especialmente para las industrias en regiones en desarrollo, para reducir las emisiones sin comprometer el crecimiento económico.",,,,60-79,,,high,>10 years,"['Requiere avances en tecnologías CCS y CCU', 'disponibilidad de electricidad con bajas emisiones de GEI', 'políticas de apoyo para incentivar la descarbonización industrial']","['Reducción de emisiones de GEI de los procesos industriales', 'aumento en el uso de materias primas bajas en carbono', 'el número de proyectos de CCS/CCU implementados']",,,,,,,,,,none
ipcc_0038,Captura y Utilización de Carbono (CCU),{mitigation},,{ippu},{product_use},{ghg_reduction},"Capturar dióxido de carbono (CO2) de procesos industriales o gases de combustión y reutilizarlo para producir combustibles, productos químicos y materiales de construcción. Este proceso reduce las emisiones de la fuente inicial y ofrece una alternativa al uso de nuevas materias primas fósiles o de biomasa.",1,0,0,0,0,0,0,"Garantiza que los beneficios de las tecnologías CCU sean accesibles para las regiones de bajos ingresos, incluyendo la reducción de costos de materiales de construcción y combustibles.",,,,20-39,,,high,5-10 years,"['Disponibilidad de energía limpia para la producción de hidrógeno', 'desarrollo de tecnologías CCU', 'políticas para apoyar la adopción']","['Cantidad de CO2 capturado y reutilizado', 'reducción en emisiones por tonelada de producto', 'penetración en el mercado de productos derivados de CCU']",,,,,,,,,,none
ipcc_0039,Captura y Almacenamiento de Carbono (CCS),{mitigation},,{ippu},{product_use},{ghg_reduction},"La Captura y Almacenamiento de Carbono (CCS) implica capturar CO2 de procesos industriales, generación de energía o de la atmósfera y almacenarlo en formaciones geológicas durante milenios para evitar su liberación en la atmósfera. Las tecnologías de CCS también pueden permitir emisiones casi nulas o negativas cuando se combinan con biocombustibles de origen sostenible o captura directa de aire, apoyando la descarbonización de sectores difíciles de mitigar.",1,0,0,0,0,0,0,"Apoya una transición equitativa proporcionando vías de descarbonización para industrias intensivas en energía y de difícil mitigación, asegurando empleos y estabilidad económica en las regiones dependientes de estos sectores.",,,,80-100,,,high,>10 years,"['Requiere el desarrollo de infraestructura para el transporte y almacenamiento de CO2', 'marcos de políticas de apoyo', 'suficiente energía limpia para los procesos de captura', 'incentivos para la adopción']","['Cantidad de CO2 capturado y almacenado anualmente', 'porcentaje de reducción en emisiones industriales', 'capacidad operativa de proyectos de CCS a nivel mundial']",,,,,,,,,,none
ipcc_0040,Diseño con Menos / Reducción de Peso de Productos,{mitigation},,{ippu},{industrial_processes},{ghg_reduction},"Esta acción implica mejorar la eficiencia de los materiales mediante el diseño de productos más ligeros, optimizando el uso de materiales para mantener la funcionalidad e incorporando principios de economía circular como la reutilización, reparabilidad y reciclabilidad. Abarca todo el ciclo de vida del producto, desde el diseño hasta la gestión al final de su vida útil.",0,0,0,0,0,0,0,Promueve el acceso a productos duraderos y asequibles para comunidades desatendidas y reduce el desperdicio en regiones con recursos limitados.,,,,40-59,,,medium,5-10 years,"['Disponibilidad de materiales avanzados', 'políticas de apoyo para la economía circular', 'colaboración de las partes interesadas a lo largo de las cadenas de suministro', 'inversión en I+D para materiales ligeros', 'métodos de diseño de alta eficiencia']","['Reducción en el uso de materiales por producto', 'aumento en la vida útil del producto', 'porcentaje de materiales recuperados y reutilizados', 'reducción de emisiones de GEI de los procesos de producción']",,,,,,,,,,none
ipcc_0041,Mejora en la Utilización de Materiales (Fundición de Forma Casi Neta),{mitigation},,{ippu},{industrial_processes},{ghg_reduction},"Esta acción se centra en mejorar la eficiencia de los materiales adoptando técnicas innovadoras de fabricación como el near-net shape casting. Estos métodos reducen el desperdicio de material durante la producción, mejoran el rendimiento de las materias primas y aumentan la eficiencia energética al minimizar el reprocesamiento. Las estrategias incluyen optimizar el diseño del producto, aligerar el peso y mejorar los procesos de reciclaje y reutilización.",0,0,0,0,0,0,0,"Promueve el acceso a tecnologías avanzadas eficientes en el uso de materiales para industrias de todas las escalas, permitiendo que las pequeñas empresas participen en prácticas de manufactura sostenible.",,,,40-59,,,medium,5-10 years,"['Disponibilidad de tecnologías avanzadas de fabricación', 'capacitación de la fuerza laboral', 'regulaciones de apoyo', 'acceso a materiales para fundición de forma casi neta']","['Reducción de residuos materiales', 'aumento en el rendimiento de producción', 'reducción de emisiones de GEI por unidad de material producido']",,,,,,,,,,none
ipcc_0042,"Diseño para la Recuperación, Reutilización o Reutilización",{mitigation},,{ippu},{industrial_processes},{ghg_reduction},"Esta acción implica diseñar productos para permitir principios circulares como la vida útil extendida del producto, la reutilización, la reparabilidad y la facilidad de reciclaje. Se enfatiza la reducción de peso, la optimización de materiales y la mejora en la recuperación de materiales al final de su ciclo de vida mediante la reutilización, la remanufactura o el reciclaje.",0,0,0,0,0,0,0,"Garantiza el acceso equitativo a tecnologías avanzadas de reciclaje y reutilización, creando oportunidades para que las comunidades desatendidas participen en iniciativas de gestión sostenible de materiales.",,,,40-59,,,high,5-10 years,"['Colaboración a lo largo de las cadenas de suministro', 'avances en tecnologías de reciclaje y remanufactura', 'marcos de políticas de apoyo para incentivar la adopción']","['Porcentaje de materiales recuperados y reutilizados', 'reducción en residuos de producción', 'disminución de emisiones de GEI por unidad del ciclo de vida del producto']",,,,,,,,,,none
ipcc_0044,"Materias primas alternativas (por ejemplo, en cemento)",{mitigation},,{ippu},{industrial_processes},{ghg_reduction},"Utilizar materias primas alternativas, como la escoria de alto horno, las cenizas volantes y las puzolanas, para reducir la proporción de clínker en la producción de cemento. Estas alternativas disminuyen las emisiones asociadas con la calcinación y los procesos que requieren mucha energía. La eficiencia mejorada de los materiales a través de concretos de alta resistencia y métodos innovadores de colocación reduce aún más el uso de materiales.",1,0,0,0,0,0,0,"Promueve el acceso equitativo a tecnologías innovadoras de cemento y asegura que los beneficios se compartan tanto en naciones desarrolladas como en desarrollo, fomentando prácticas de construcción inclusivas.",,,,40-59,,,high,5-10 years,"['Desarrollo y disponibilidad de materias primas alternativas', 'apoyo regulatorio para la sustitución de materiales', 'inversión en investigación y desarrollo para aplicaciones innovadoras de concreto']","['Reducción en la proporción de clínker a cemento', 'menores emisiones de CO2 por tonelada de cemento', 'mayor adopción de materiales alternativos en la producción de cemento']",,,,,,,,,,none
ipcc_0045,"Cambios de Comportamiento para Reducir Residuos (por ejemplo, Alimentos)",{mitigation},,{ippu},{industrial_processes},{ghg_reduction},"Fomentar cambios de comportamiento para reducir el desperdicio en los procesos industriales y los hábitos de consumo, particularmente en la producción y el consumo de alimentos. Esto incluye reducir el desperdicio de alimentos mediante una mejor planificación, optimización de los tamaños de las porciones y mejora de las prácticas de reciclaje y reutilización en las etapas de producción y post-consumo.",1,0,0,1,0,0,1,"Promueve el acceso equitativo a la educación y los recursos para la reducción de residuos, particularmente para las comunidades de bajos ingresos y desatendidas, con el fin de mejorar la eficiencia de los recursos y reducir los costos de gestión de residuos.",,,,20-39,,,medium,<5 years,"['Disponibilidad de infraestructura para la recolección y reciclaje de residuos', 'campañas de concienciación pública', 'marcos de políticas de apoyo']","['Reducción en el porcentaje de desperdicio de alimentos', 'aumento de las tasas de reciclaje', 'reducción de las emisiones de gases de efecto invernadero de la gestión de residuos']",,,,,,,,,,none
ipcc_0046,Optimización de la Dosificación de Productos Consumibles,{mitigation},,{ippu},{product_use},{ghg_reduction},"Fomenta el uso preciso de productos consumibles como detergentes y fertilizantes para minimizar el desperdicio de materiales y energía, al tiempo que maximiza la eficiencia del producto-servicio. Esta estrategia tiene como objetivo reducir la intensidad de materiales y la producción de desechos en el sector industrial.",0,0,0,0,0,0,0,"Garantiza el acceso equitativo a recursos educativos y directrices sobre el uso optimizado de consumibles, beneficiando a las comunidades desatendidas al reducir costos y mejorar la eficiencia.",,,,20-39,,,low,<5 years,"['Requiere directrices claras', 'campañas de educación al consumidor', 'cumplimiento de la industria con recomendaciones de dosificación precisas']","['Reducción de residuos materiales', 'mayor adherencia a las pautas de dosificación', 'disminuciones medibles en las emisiones asociadas']",,,,,,,,,,none
ipcc_0047,"Niveles de servicio de producto mejorados por producto (por ejemplo, compartición de productos)",{mitigation},,{ippu},{industrial_processes},{ghg_reduction},"Promueve un uso más intensivo de productos duraderos fomentando el intercambio de productos, lo que reduce la demanda de nuevos productos y las emisiones de GEI asociadas a su fabricación y cadena de suministro.",0,0,0,1,0,1,1,"Apoya el acceso equitativo a bienes y servicios al reducir los costos de propiedad, permitiendo que las comunidades desatendidas participen en iniciativas de intercambio de productos.",,,,40-59,,,medium,5-10 years,"['Desarrollo de plataformas y sistemas para facilitar el intercambio de productos', 'colaboración entre partes interesadas', 'políticas de apoyo para incentivar modelos de uso compartido']","['Número de sistemas de producto-servicio compartidos implementados', 'reducción en la demanda de materiales per cápita', 'disminución de las emisiones de GEI de la fabricación de productos']",,,,,,,,,,none
ipcc_0048,Diseño para una vida útil prolongada del producto,{mitigation},,{ippu},{product_use},{ghg_reduction},"Diseñar productos con una vida útil más larga, mayor reutilización, reparabilidad y reciclabilidad para reducir el uso de materiales y mejorar la eficiencia de los recursos. Esto incluye optimizar los diseños de productos para minimizar el consumo de materiales y las emisiones, apoyando una economía circular.",0,0,0,0,0,0,1,"Promueve la asequibilidad de productos duraderos y reutilizables, asegurando que las poblaciones de bajos ingresos tengan acceso a bienes de alta calidad y larga duración.",,,,40-59,,,medium,5-10 years,"['Requiere colaboración a lo largo de las cadenas de suministro de materiales', 'avances en el diseño de productos', 'marcos de políticas de apoyo para incentivar prácticas de economía circular']","['Reducción en el uso de materiales por producto', 'aumento en la vida útil del producto', 'tasa de reutilización y reparación', 'reducción de emisiones de GEI de la producción de materiales y desechos']",,,,,,,,,,none
ipcc_0049,Mejora del mantenimiento del stock de productos para extender su vida útil,{mitigation},,{ippu},{industrial_processes},{ghg_reduction},Extender la vida útil de los edificios e infraestructuras manteniendo su integridad estructural mediante un mejor mantenimiento del stock de productos. Esto implica asegurar que las estructuras de concreto permanezcan funcionales por más de 200 años.,0,0,0,0,0,0,0,"Apoya la infraestructura asequible al reducir la necesidad de reconstrucciones frecuentes, beneficiando a las comunidades desatendidas y con recursos limitados.",,,,40-59,,,medium,5-10 years,"['Desarrollo de técnicas avanzadas de mantenimiento', 'políticas efectivas para promover una vida útil más larga de los edificios', 'educación para profesionales de la construcción sobre prácticas duraderas']","['Aumento en la vida útil promedio de edificios e infraestructuras', 'reducción en la demanda de cemento per cápita', 'reducción general de emisiones de CO2 en la producción de cemento']",,,,,,,,,,none
ipcc_0050,Cambiar a un comportamiento de suficiencia,{mitigation},,{ippu},{industrial_processes},{ghg_reduction},"Promueve cambios en el comportamiento y el consumo para reducir las emisiones industriales en general, enfatizando la reducción de la demanda de productos, la reutilización y el reciclaje, y un uso más eficiente de los recursos.",0,0,0,1,0,0,0,"Garantiza la participación inclusiva en iniciativas de suficiencia, permitiendo que los grupos de bajos ingresos accedan a medidas de ahorro de costos mientras se promueve el consumo sostenible en todos los estratos económicos.",,,,20-39,,,low,<5 years,"['Campañas de concienciación pública', 'políticas de apoyo', 'integración de la sostenibilidad en los marcos empresariales y gubernamentales']","['Reducción en la intensidad de materiales y energía per cápita', 'disminución en las tasas de generación de residuos', 'mejora en las estadísticas de reciclaje y reutilización']",,,,,,,,,,none
ipcc_0052,Reducir la deforestación y la degradación,{mitigation},,{afolu},{land},{ghg_reduction},"Reducir la deforestación y la degradación forestal conserva los reservorios de carbono en la vegetación y el suelo del bosque al evitar la pérdida de cobertura arbórea y las perturbaciones. Esto implica controlar los factores que impulsan la deforestación, mejorar la gobernanza forestal y apoyar la gestión forestal comunitaria.",1,1,0,0,0,0,0,"Promueve la tenencia segura de la tierra, apoya la gestión forestal comunitaria y asegura la participación de grupos marginados e indígenas en los procesos de toma de decisiones.",,,,,60-79,,medium,5-10 years,"['Requiere una mejor gobernanza', 'políticas claras de tenencia de la tierra', 'financiación para áreas protegidas', 'participación comunitaria en los esfuerzos de conservación forestal']","['Reducción en las tasas de deforestación', 'aumento de la cobertura forestal', 'la cantidad de emisiones de GEI evitadas por año']",,,,,,,,,,tropical_rainforest
ipcc_0053,"Aforestación, Reforestación y Restauración de Ecosistemas Forestales",{mitigation},,{afolu},{land},{ghg_reduction},"Actividades centradas en convertir tierras en bosques, restaurar bosques degradados y priorizar la integridad ecológica. La forestación se dirige a tierras históricamente no forestadas, mientras que la reforestación se enfoca en áreas previamente forestadas. Los esfuerzos incluyen mejorar la biodiversidad, mejorar los servicios ecosistémicos y aumentar la captura de carbono.",0,1,1,0,0,0,0,"Apoya los medios de vida locales, promueve la equidad en el uso de la tierra y asegura la participación inclusiva de las partes interesadas en los programas de reforestación y restauración.",,,,,60-79,,high,5-10 years,"['Requiere financiamiento para la restauración de tierras', 'acceso a especies adecuadas para la plantación', 'participación de la comunidad local', 'sistemas de monitoreo para la integridad del ecosistema y la captura de carbono']","['Área de tierra reforestada o forestada', 'tasas de secuestro de carbono', 'mejora en los índices de biodiversidad', 'métricas de servicios ecosistémicos como la regulación del agua y la calidad del suelo']",,,,,,,,,,none
ipcc_0054,Mejora de la Gestión Forestal,{mitigation},,{afolu},{land},{ghg_reduction},"Gestión forestal sostenible de bosques ya gestionados para aumentar las reservas de carbono, mejorar la calidad de la madera, mitigar perturbaciones y proporcionar co-beneficios como la conservación de la biodiversidad, la regulación del agua y la protección del suelo. Incluye rotaciones más largas, reducción de la cosecha, rodales mixtos y silvicultura inteligente frente al clima.",0,1,1,0,0,0,0,"Promueve la participación inclusiva en la gestión forestal y proporciona apoyo a los pequeños agricultores y comunidades locales, especialmente en las regiones tropicales donde las prácticas sostenibles pueden mejorar los medios de vida y mitigar el cambio climático.",,,,,40-59,,high,5-10 years,"['Requiere experiencia en silvicultura sostenible', 'inversión en viveros con especies adaptadas', 'políticas de apoyo', 'incentivos para superar barreras económicas', 'garantizar la accesibilidad para las partes interesadas locales']","['Aumento de las reservas de carbono forestal', 'reducción de emisiones de GEI', 'mejoras en los indicadores de biodiversidad', 'reducción de la erosión del suelo y problemas relacionados con el agua']",,,,,,,,,,none
ipcc_0055,Gestión de Incendios (Incendios Forestales y de Pastizales / Sabana),{mitigation},,{afolu},{land},{ghg_reduction},"Implementación de prácticas de manejo del fuego, incluyendo quemas prescritas y manejo de recursos naturales, para reducir los incendios forestales incontrolados en bosques y sabanas. Se enfoca en proteger la vida, la propiedad y los recursos mientras se mitigan las emisiones de GEI y se mantienen las reservas de carbono.",1,0,0,0,0,0,0,"Promueve el acceso equitativo a los recursos de gestión de incendios, centrándose en el desarrollo de capacidades y la gobernanza en regiones vulnerables o desatendidas, como los países menos desarrollados de África.",,,,,20-39,,medium,5-10 years,"['Marcos de gobernanza efectivos', 'acceso a la investigación y tecnología para la gestión de incendios', 'participación comunitaria', 'alineación con los marcos legales y de políticas regionales']","['Reducción en la frecuencia e intensidad de incendios forestales no controlados', 'Área gestionada con quemas prescritas', 'Reducción de emisiones de GEI de los incendios', 'Mejora en los indicadores de biodiversidad y salud del suelo']",,,,,,,,,,none
ipcc_0056,Reducir la degradación y conversión de pastizales y sabanas,{mitigation},,{afolu},{land},{ghg_reduction},"Esta acción implica prevenir la conversión de pastizales y sabanas en tierras de cultivo para evitar la pérdida de carbono del suelo y mitigar las emisiones de GEI. Incluye actividades como la gestión de la vegetación, la gestión de animales y la gestión de incendios para mejorar la captura de carbono en el suelo y conservar la biodiversidad.",0,0,0,0,0,0,0,"Promueve prácticas de conservación que beneficien a las comunidades locales, protejan los ecosistemas vulnerables y mejoren la resiliencia económica de los propietarios de tierras mediante el uso sostenible de los pastizales.",,,,,20-39,,medium,5-10 years,"['Marcos de políticas sólidas', 'incentivos financieros para la conservación', 'colaboración entre gobiernos', 'comunidades locales', 'propietarios de tierras para implementar prácticas sostenibles']","['Reducción en las tasas de conversión de pastizales', 'aumento en los niveles de carbono orgánico del suelo', 'reducción medible de las emisiones de GEI en áreas específicas']",,,,,,,,,,grassland_savanna
ipcc_0057,"Reducir la Degradación y Conversión de Turberas: Actividades, Co-beneficios, Riesgos y Barreras de Implementación",{mitigation},,{afolu},{land},{ghg_reduction},"Prevenir la conversión y degradación de turberas para evitar emisiones por la limpieza de vegetación, incendios y descomposición de turba. Incluye mejorar la gobernanza y gestión para preservar ecosistemas ricos en carbono, críticos para la biodiversidad y el almacenamiento de carbono.",0,1,1,0,0,0,0,"Promueve el acceso equitativo a los recursos de turberas preservadas mientras reduce los riesgos para la salud causados por contaminantes relacionados con incendios, especialmente para comunidades vulnerables y rurales.",,,,,40-59,,high,5-10 years,"['Requiere una gobernanza fuerte', 'apoyo financiero', 'cooperación internacional', 'políticas para controlar los impulsores de la conversión de tierras', 'como la agricultura', 'minería', 'desarrollo urbano']","['Reducción en las tasas de conversión de turberas', 'emisiones evitadas por hectárea', 'mejoras en los indicadores de biodiversidad y calidad del agua']",,,,,,,,,,wetlands
ipcc_0058,Restauración de Turberas,{mitigation},,{afolu},{land},{ghg_reduction},"La restauración de turberas implica la rehidratación y revegetación de turberas degradadas para aumentar la acumulación de carbono en la vegetación y los suelos, mientras se evitan las emisiones continuas de CO2. Esto incluye restaurar la hidrología, reducir el riesgo de incendios y mantener servicios ecosistémicos como la regulación del agua y la prevención de inundaciones. También aborda la conservación de la biodiversidad y la paludicultura.",0,1,1,0,0,0,1,"Promueve la inclusión de las comunidades locales en la planificación e implementación, asegura que se mantengan medios de vida alternativos y aborda posibles conflictos sobre el uso de la tierra.",,,,,60-79,,high,>10 years,"['Disponibilidad de financiación', 'colaboración entre las partes interesadas locales y nacionales', 'investigación científica sobre prácticas óptimas de restauración', 'políticas para incentivar los esfuerzos de restauración']","['Disponibilidad de financiación', 'colaboración entre las partes interesadas locales y nacionales', 'investigación científica sobre prácticas óptimas de restauración', 'políticas para incentivar los esfuerzos de restauración']",,,,,,,,,,wetlands
ipcc_0060,Restauración de Humedales Costeros,{mitigation},,{afolu},{land},{ghg_reduction},"La restauración de humedales costeros implica la restauración de ecosistemas costeros degradados o dañados, incluidos manglares, marismas salinas y praderas de pastos marinos, para secuestrar ""carbono azul"" en la vegetación y los suelos. La restauración incluye enfoques pasivos (eliminación de los factores de degradación) y activos (manipulación ambiental) para restablecer las funciones del ecosistema y el potencial de secuestro de carbono.",0,1,1,0,0,0,0,"Involucra a las comunidades locales en las etapas de toma de decisiones, implementación y monitoreo para garantizar el acceso equitativo a los beneficios del ecosistema y la protección de las poblaciones costeras vulnerables.",,,,,40-59,,high,>10 years,"['Requiere compromisos a largo plazo', 'políticas de apoyo', 'financiación', 'marcos de monitoreo', 'capacidad técnica', 'para abordar los factores de degradación', 'asegurar el éxito de la restauración']","['Área de humedales restaurados', 'tasas de secuestro de carbono', 'métricas de recuperación de biodiversidad', 'reducción en los costos de daños por tormentas', 'mejoras en la calidad del agua']",,,,,,,,,,none
ipcc_0061,Gestión del Carbono del Suelo en Tierras de Cultivo y Pastizales,{mitigation},,{afolu},{land},{ghg_reduction},"Implementación de prácticas de manejo sostenible del suelo en tierras de cultivo y pastizales para mejorar el carbono orgánico del suelo. Las prácticas incluyen la mejora del manejo de cultivos y nutrientes, la reducción de la labranza, la retención de residuos, el manejo del agua y el arroz, la aplicación de biochar, la mejora de variedades de pasto, el manejo del pastoreo de ganado y el manejo del fuego. Estas actividades tienen como objetivo aumentar la materia orgánica del suelo, mitigar las emisiones de GEI y proporcionar co-beneficios para la biodiversidad, la provisión de agua y la seguridad alimentaria.",0,1,0,0,0,0,0,Promueve la inclusión de pequeños agricultores y comunidades con recursos limitados al proporcionar prácticas rentables y adaptables regionalmente que mejoran la productividad agrícola y la resiliencia al cambio climático.,,,,,60-79,,low,5-10 years,"['El éxito depende de la disponibilidad de recursos para el monitoreo y la verificación', 'adaptación regional de prácticas', 'abordar barreras como la saturación del suelo y problemas de permanencia']","['Aumento del carbono orgánico del suelo', 'reducción de emisiones de GEI', 'mejora en la productividad agrícola', 'mejoras en la biodiversidad']",,,,,,,,,,none
ipcc_0062,Biochar,{mitigation},,{afolu},{land},{ghg_reduction},"El biochar se produce al calentar materia orgánica (por ejemplo, residuos forestales, paja, estiércol) en ambientes con oxígeno limitado. Tiene un potencial significativo de mitigación a través de la eliminación de dióxido de carbono (CDR), la reducción de emisiones de gases de efecto invernadero y beneficios en la aplicación al suelo, como la mejora de la fertilidad y la reducción de emisiones de N2O.",0,0,0,0,0,0,0,"Promueve el acceso a tecnologías sostenibles de biochar para pequeños agricultores y regiones en desarrollo, mejorando la seguridad alimentaria y los medios de vida.",,,,,20-39,,high,5-10 years,"['Disponibilidad de biomasa obtenida de manera sostenible', 'estandarización de métodos de producción', 'sistemas de monitoreo', 'incentivos para aumentar la producción y aplicación de biochar']","['Tasas de secuestro de carbono', 'reducción de emisiones de N2O del suelo', 'mejoras en el rendimiento de los cultivos', 'desplazamiento del uso de combustibles fósiles a través de gases de pirólisis']",,,,,,,,,,none
ipcc_0063,Agroforestería,{mitigation},,{afolu},{land},{ghg_reduction},"La agroforestería integra árboles y arbustos con cultivos y/o ganado para secuestrar carbono, mejorar la salud del suelo, reducir la erosión del suelo, mejorar la calidad del agua y diversificar los medios de vida. También ofrece co-beneficios como mitigar los climas regionales y aumentar la productividad de la tierra mientras se abordan riesgos como los impactos en la biodiversidad y la hidrología.",0,1,1,0,0,0,1,"Apoya a los pequeños agricultores proporcionando acceso a herramientas, oportunidades de mercado e información, mientras aborda barreras como la tenencia de la tierra, el acceso al crédito y la selección de especies adecuadas para los contextos locales.",,,,,40-59,,medium,5-10 years,"['Requiere acceso a germoplasma apropiado', 'políticas de apoyo', 'sistemas de extensión', 'acceso al crédito', 'reformas en los sistemas de tenencia de la tierra', 'La adopción depende de alinear las prácticas agroforestales con los contextos biofísicos y socioeconómicos']","['Tasas de secuestro de carbono (sobre y bajo tierra)', 'métricas mejoradas de salud del suelo', 'aumento en los ingresos de los agricultores', 'reducción de la erosión del suelo', 'tasas de adopción de sistemas agroforestales']",,,,,,,,,,none
ipcc_0064,Fermentación entérica,{mitigation},,{afolu},{livestock},{ghg_reduction},"Esta acción se dirige a las emisiones de metano (CH4) provenientes de la fermentación entérica en el ganado mediante intervenciones directas como aditivos para el alimento, inhibidores o vacunas, y medidas indirectas como mejorar la eficiencia de producción a través de mejores prácticas de cría y manejo. También incluye la manipulación temprana del bioma ruminal.",0,0,0,0,0,0,0,"Apoya a los pequeños agricultores en el acceso a tecnologías avanzadas y programas de cría, con especial enfoque en los países en desarrollo donde la mejora de la calidad del alimento puede aumentar la productividad del ganado.",,,,,20-39,,medium,5-10 years,"['Desarrollo y aprobación regulatoria de aditivos para piensos, vacunas e inhibidores', 'adaptación regional de estrategias de mitigación', 'superación de barreras como costos, infraestructura y aceptación pública']","['Reducción de emisiones de CH4 por animal', 'tasas de adopción de prácticas de alimentación mejoradas', 'aumento en la eficiencia de producción por unidad de producto ganadero']",,,,,,,,,,none
ipcc_0066,Gestión de nutrientes de cultivos,{mitigation},,{afolu},{land},{ghg_reduction},"Implementación de prácticas mejoradas de gestión de nutrientes de cultivos para reducir las emisiones de N2O de los suelos agrícolas. Las prácticas incluyen la optimización de las tasas, el momento y los tipos de aplicación de fertilizantes; el uso de inhibidores de la nitrificación y fertilizantes de liberación lenta; e integrar técnicas de gestión de nutrientes como rotaciones de cultivos, cultivos de cobertura y aplicación de biofertilizantes.",0,1,1,0,0,0,0,"Promueve prácticas agrícolas sostenibles que pueden adaptarse tanto a pequeñas como a grandes explotaciones agrícolas, abordando los desequilibrios regionales en el acceso a fertilizantes y asegurando la inclusividad en la adopción de nuevas tecnologías.",,,,,20-39,,medium,5-10 years,"['Disponibilidad de capacitación y apoyo técnico para los agricultores', 'desarrollo de hojas de ruta regionales para la gestión de nutrientes', 'acceso a fertilizantes e inhibidores asequibles']","['Reducción de emisiones de N2O', 'mejora en los rendimientos de los cultivos', 'aumento en la captura de carbono en el suelo', 'reducción en el uso de fertilizantes por hectárea']",,,,,,,,,,none
ipcc_0067,Gestión del estiércol,{mitigation},,{afolu},{livestock},{ghg_reduction},"Las medidas de gestión del estiércol tienen como objetivo mitigar las emisiones de CH4 y N2O del almacenamiento y la deposición del estiércol mediante técnicas como la digestión anaeróbica, los inhibidores de la nitrificación, el compostaje, las prácticas mejoradas de almacenamiento y aplicación, las prácticas de pastoreo y la alteración de la dieta del ganado. Los co-beneficios incluyen una mejor recuperación de nutrientes, valor como fertilizante y producción de biogás.",1,1,1,0,0,0,0,"Apoya tecnologías de digestión anaeróbica a pequeña escala y medidas aplicables regionalmente en países en desarrollo, proporcionando oportunidades económicas y mejorando la resiliencia de las comunidades agrícolas desatendidas.",,,,,20-39,,high,5-10 years,"['Desarrollo de sistemas de digestión anaeróbica rentables', 'políticas de apoyo para inhibidores de la nitrificación', 'programas de capacitación específicos para cada región', 'financiamiento accesible para los agricultores']","['Reducción de emisiones de CH4 y N2O del almacenamiento de estiércol', 'mayor adopción de sistemas de digestión anaeróbica', 'mejora de la eficiencia en el uso del nitrógeno', 'aumento de la producción de biogás']",,,,,,,,,,none
ipcc_0069,Cambiar a dietas saludables y sostenibles,{mitigation},,{afolu},{livestock},{ghg_reduction},"Transición de patrones dietéticos para promover la salud y el bienestar individual mientras se minimizan los impactos ambientales. Se centra en reducir el consumo de alimentos de origen animal, particularmente de animales rumiantes, y aumentar el consumo de alimentos de origen vegetal para reducir las emisiones de gases de efecto invernadero y preservar la biodiversidad.",0,1,0,0,0,0,0,"Promueve el acceso a dietas asequibles y culturalmente aceptables que satisfagan las necesidades nutricionales, especialmente en comunidades desatendidas y vulnerables. Las políticas abordan la equidad en el acceso a los alimentos y mitigan los impactos económicos adversos en los sectores agrícolas.",,,,,40-59,,medium,5-10 years,"['Implementación de políticas integradas del sistema alimentario', 'incentivos financieros para la agricultura sostenible', 'campañas de concienciación', 'el desarrollo de sistemas alimentarios locales para apoyar las transiciones dietéticas']","['Reducción de emisiones de GEI de la producción de alimentos', 'reducción en el uso de tierras para ganado', 'aumento en el consumo de alimentos de origen vegetal', 'mejora en los indicadores de salud pública relacionados con enfermedades relacionadas con la dieta']",,,,,,,,,,none
ipcc_0070,Reducir la pérdida y el desperdicio de alimentos,{mitigation},,{afolu},{land},{ghg_reduction},"Reducción de la pérdida y el desperdicio de alimentos (FLW) mediante tecnologías mejoradas de cosecha y post-cosecha, informes obligatorios, objetivos de reducción, campañas de concienciación del consumidor, impuestos y comercialización de productos alimenticios imperfectos. Incluye medidas a lo largo de toda la cadena de suministro de alimentos para minimizar el deterioro y el desperdicio.",0,1,1,1,0,0,0,"Apoya a las comunidades vulnerables reduciendo la inseguridad alimentaria y la pobreza, mientras aborda la competencia por los recursos y mejora el acceso a alimentos asequibles.",,,,,20-39,,medium,5-10 years,"['Infraestructura adecuada para el almacenamiento y transporte de alimentos', 'marcos de políticas para la reducción de residuos', 'incentivos financieros', 'educación al consumidor generalizada para cambiar comportamientos']","['Reducción en los porcentajes de desperdicio de alimentos a nivel de consumidores y empresas', 'disminución de la tierra utilizada para la producción agrícola', 'reducciones medibles de emisiones de GEI a lo largo de la cadena de suministro de alimentos']",,,,,,,,,,none
ipcc_0071,Mejora y aumento del uso de productos de madera,{mitigation},,{afolu},{land},{ghg_reduction},"Promueve el uso de madera obtenida de manera sostenible para la sustitución de materiales (por ejemplo, reemplazando concreto o acero) y aumentando el almacenamiento de carbono en productos de madera. Incluye estrategias como aumentar el reciclaje, extender la vida útil de los productos y cambiar a productos de madera de larga duración.",0,0,1,0,0,0,0,"Apoya a las comunidades locales e indígenas creando medios de vida sostenibles, promoviendo la gestión equitativa de los recursos forestales y mejorando el acceso a beneficios a largo plazo.",,,,,40-59,,medium,5-10 years,"['Requiere prácticas de gestión forestal sostenible', 'tecnologías avanzadas de procesamiento de madera', 'demanda de mercado para sustitutos de la madera', 'cooperación global para prevenir la explotación de recursos']","['Mayor uso de productos de madera en la construcción', 'reducción de emisiones de GEI por sustitución de materiales', 'aumento en las tasas de utilización de productos de madera reciclada']",,,,,,,,,,none
ipcc_0072,Forma Urbana,{mitigation},,{transportation},{on-road},{ghg_reduction},"Desarrollar áreas urbanas con densidades medias a altas de viviendas, empleos y comercio; una alta mezcla de usos del suelo; calles conectadas; y alta accesibilidad. Este diseño reduce las millas recorridas por vehículos y apoya el transporte bajo en carbono y la eficiencia energética.",1,0,0,1,0,1,0,"Promueve la accesibilidad para comunidades desatendidas a través de una planificación inclusiva, asegurando un acceso equitativo a empleos, vivienda y servicios.",,20-39,,,,,high,>10 years,"['Requiere planificación espacial integrada', 'desarrollo de infraestructura', 'regulaciones de zonificación', 'inversión en transporte público']","['Reducción en las millas recorridas por vehículos', 'aumento en el uso del transporte público', 'porcentaje de áreas urbanas con desarrollo de uso mixto', 'menor uso de energía per cápita en áreas urbanas']",,,,,,,,,,none
ipcc_0073,"Vivienda y Empleo Co-ubicados, Uso Mixto del Suelo, y Conectividad de la Calle Principal",{mitigation},,{transportation},{on-road},{ghg_reduction},"Esta acción integra estrategias de planificación espacial basadas en los 5Ds del desarrollo orientado al tránsito (densidad, diversidad, diseño, accesibilidad al destino y distancia al tránsito). Su objetivo es reducir las millas recorridas por vehículos (VMT) y las emisiones de GEI relacionadas con el transporte al aumentar las densidades residenciales y de empleo, mejorar la conectividad de las calles y fomentar el uso mixto del suelo.",1,0,0,1,1,1,1,"Promueve el acceso equitativo a empleos y viviendas mejorando el transporte público, aumentando las opciones de vivienda asequible cerca de los centros de empleo y reduciendo las cargas de desplazamiento para las comunidades desatendidas.",,20-39,,,,,high,5-10 years,"['Requiere una planificación urbana efectiva', 'apoyo político para el uso mixto del suelo', 'inversión en infraestructura de transporte público', 'cooperación entre agencias municipales']","['Reducción en VMT', 'aumento en el uso del transporte público', 'disminución de las emisiones de GEI relacionadas con el transporte', 'mejor accesibilidad a empleos y viviendas']",,,,,,,,,,none
ipcc_0074,Planificación Espacial para una Forma Urbana Compacta,{mitigation},,{stationary_energy},{commercial_and_institutional_buildings_and_facilities},{ghg_reduction},"La planificación espacial integrada promueve una forma urbana compacta para reducir las emisiones de GEI al aumentar la eficiencia urbana, apoyar infraestructuras sostenibles como redes de calefacción/refrigeración distritales y mejorar las áreas verdes. Los procesos de co-diseño mejoran la aceptación pública y la capacidad institucional para apoyar estrategias de mitigación coordinadas.",1,0,1,0,1,1,0,"Equilibra la densificación urbana con viviendas asequibles y acceso equitativo a espacios verdes, asegurando que las poblaciones de bajos ingresos y vulnerables se beneficien de las iniciativas de planificación urbana.",60-79,,,,,,high,>10 years,"['Alta capacidad institucional para la colaboración intersectorial', 'herramientas avanzadas de GIS para la planificación espacial', 'participación de las partes interesadas en procesos de co-diseño']","['Reducción de emisiones de GEI per cápita', 'tasas de adopción de sistemas de calefacción/refrigeración distritales', 'proporción de la población urbana con acceso a áreas verdes']",,,,,,,,,,none
ipcc_0076,Cambio a Materiales y Cadenas de Suministro de Emisiones Netas Cero,{mitigation},,{ippu},{industrial_processes},{ghg_reduction},"Transición hacia cero emisiones netas de carbono incorporado en materiales de construcción y cadenas de suministro sustituyendo materiales de alta emisión como el acero y el concreto por sistemas de madera ingenierada. Esto incluye tecnologías de madera en masa para edificios urbanos de altura media, integrando silvicultura sostenible, reciclaje y reutilización.",1,0,0,0,0,0,0,Apoya a las regiones con baja cobertura forestal a través del comercio sostenible de madera y prácticas de agroforestería para reducir los conflictos de uso de la tierra. Promueve la creación de empleo en industrias forestales y madereras sostenibles.,,,,60-79,,,high,>10 years,"['Gestión forestal sostenible', 'estándares internacionales de contabilidad de carbono', 'desarrollo de tecnologías de madera masiva', 'políticas sólidas de gobernanza forestal y de tierras urbanas', 'prácticas de forestación incentivadas']","['Reducción del carbono incorporado en la construcción', 'número de edificios urbanos de altura media que utilizan madera ingenierizada', 'capacidad de secuestro de carbono de la infraestructura urbana de madera', 'mejora en las prácticas de silvicultura sostenible']",,,,,,,,,,none
ipcc_0078,"Techos Verdes, Muros Verdes y Vías Verdes",{mitigation},,{stationary_energy},{commercial_and_institutional_buildings_and_facilities},{ghg_reduction},"La implementación de techos verdes, muros verdes y corredores verdes mitiga los efectos de las islas de calor urbanas, mejora el confort térmico, reduce la demanda de energía en los edificios, gestiona el agua de lluvia y promueve el transporte activo a través de espacios verdes conectados, contribuyendo a la reducción de emisiones y a la habitabilidad urbana.",1,1,1,0,0,1,1,Proporciona infraestructura verde que beneficia a las comunidades desatendidas al mejorar el acceso a espacios verdes públicos y apoyar entornos urbanos más saludables.,20-39,,,,,,high,5-10 years,"['Requiere coordinación del gobierno local', 'participación comunitaria', 'integración de la planificación urbana', 'financiación adecuada para el desarrollo y mantenimiento de infraestructuras']","['Reducción en el consumo de energía de los edificios', 'aumento de la cobertura verde urbana', 'tasas de retención de aguas pluviales', 'aumento del uso del transporte activo (ciclismo/caminata)', 'mejora del confort térmico']",,,,,,,,,,none
ipcc_0080,"Evitando, Minimizar y Reciclar Residuos",{mitigation},,{waste},{disposal_of_solid_waste_generated_in_the_city},{ghg_reduction},"Implementación de los principios de la jerarquía de residuos para reducir la generación de residuos, mejorar la separación en origen y aumentar el reciclaje y el compostaje. Promueve la gestión descentralizada de residuos, el compostaje doméstico y enfoques de economía circular para transformar los residuos en energía o subproductos, minimizando al mismo tiempo las emisiones relacionadas con el transporte.",1,0,0,1,0,1,1,"Apoya a los trabajadores informales en la gestión de residuos, proporciona oportunidades de empleo y reduce las desigualdades al integrar los sectores informales en los sistemas formales. Asegura el reparto de costos y la distribución de beneficios entre las partes interesadas.",,,40-59,,,,medium,5-10 years,"['Requiere capacidad institucional', 'gobernanza', 'coordinación intersectorial', 'campañas de concienciación pública', 'necesita infraestructura para el tratamiento descentralizado de residuos', 'políticas para promover prácticas de economía circular']","['Reducción en la generación de residuos per cápita', 'aumento en las tasas de reciclaje y compostaje', 'reducción de emisiones de CH4 de los residuos', 'oportunidades de empleo creadas en la gestión de residuos']",,,,,,,,,,none
ipcc_0081,Acomodación Costera,{adaptation},"{floods,sea-level-rise}","{road_infrastructure,geo-hydrological_disasters}",,{climate_resilience},"Elevar las viviendas y la infraestructura clave, como las carreteras costeras, por encima del nivel del suelo para reducir los impactos de las inundaciones en pequeñas islas, con subsidios gubernamentales que apoyan la construcción de casas elevadas en áreas propensas a inundaciones.",0,0,1,-1,1,0,1,"Proporciona mitigación de inundaciones y seguridad para las poblaciones costeras vulnerables, aunque la oposición local ha limitado la implementación en algunas áreas.",,,,,,medium,high,5-10 years,"['Subsidios gubernamentales', 'Apoyo comunitario', 'Disponibilidad de materiales de construcción']","['Porcentaje de casas elevadas', 'Reducción de daños relacionados con inundaciones', 'Número de carreteras elevadas']",,,,"""high""","""medium""",,,,,coastal_marine
ipcc_0083,Retiro costero estratégico,{adaptation},"{sea-level-rise,floods,storms,landslides}","{geo-hydrological_disasters,public_health}",,{climate_resilience},"Reubicación planificada y retirada de personas, activos y actividades de las zonas de peligro costero para reducir la exposición y los riesgos causados por el aumento del nivel del mar y los peligros costeros asociados.",0,1,2,-1,1,1,1,"La retirada estratégica garantiza la inclusión de poblaciones vulnerables, respetando los lazos culturales y abordando el apego al lugar y los medios de vida.",,,,,,high,high,>10 years,"['Tierra adecuada y asequible', 'Financiamiento adecuado', 'Gobernanza y planificación efectivas', 'Participación comunitaria']","['Número de comunidades reubicadas', 'Reducción en la exposición a peligros', 'Restauración de servicios ecosistémicos en zonas de retirada']",,,,"""high""","""high""","""high""","""high""",,,coastal_marine
ipcc_0084,Restaurar/crear áreas naturales,{adaptation},"{sea-level-rise,floods,storms,droughts}","{biodiversity,water_resources,geo-hydrological_disasters}",,{climate_resilience},"Restauración y conservación de hábitats marinos y costeros, como manglares, dunas vegetadas, pastos marinos, arrecifes de coral y bosques de algas, para proteger a las comunidades costeras, apoyar la biodiversidad, secuestrar carbono y mitigar el cambio climático. Los esfuerzos incluyen la creación de áreas marinas protegidas, la restauración activa de arrecifes de coral, la gestión de cuenca a arrecife, la restauración de dunas, la plantación de árboles tolerantes a la salinidad, el aumento de la cobertura forestal, la detección y gestión de plagas forestales.",1,2,2,1,1,0,1,Promueve la inclusión protegiendo los ecosistemas que apoyan a las comunidades costeras vulnerables y mejora los medios de vida a través de la pesca sostenible y las oportunidades de recreación.,,,,,,high,medium,5-10 years,"['Participación comunitaria', 'Financiación para proyectos de restauración', 'Integración del conocimiento local', 'Gestión sostenible de los recursos marinos']","['Área de hábitats restaurados', 'Reducción en incidentes de inundaciones costeras', 'Mejora en índices de biodiversidad', 'Capacidad de secuestro de carbono']",,"""medium""",,"""high""","""high""",,"""high""",,,coastal_marine
ipcc_0085,Reducir el estrés del ecosistema,{adaptation},"{droughts,floods,sea-level-rise,wildfires,storms}","{biodiversity,water_resources,geo-hydrological_disasters}",,{climate_resilience},"Reducir la contaminación, la eutrofización y las presiones antropogénicas sobre los sistemas naturales, incluidos los ecosistemas marinos y terrestres. Los esfuerzos incluyen gestionar la escorrentía, proteger hábitats sensibles como la Gran Barrera de Coral, abordar factores no climáticos, promover la pesca sostenible y aumentar la conectividad entre áreas naturales para mejorar la resiliencia del ecosistema.",1,2,2,0,0,0,1,"Apoya a las comunidades vulnerables que dependen de los ecosistemas para su sustento mejorando los servicios ecosistémicos, promoviendo la pesca sostenible y asegurando el acceso a hábitats conectados que puedan mitigar los peligros relacionados con el clima.",,,,,,high,medium,5-10 years,"['Aplicación de regulaciones de contaminación', 'Financiación para la restauración de ecosistemas', 'Monitoreo de poblaciones de peces y conectividad de hábitats', 'Participación comunitaria', 'Planificación estratégica de restauración de hábitats']","['Reducción en los niveles de contaminantes', 'Mejora en los índices de calidad del agua', 'Aumento en las puntuaciones de resiliencia de la biodiversidad', 'Reducción en la frecuencia de eventos de estrés en los ecosistemas', 'Aumento en los rendimientos de pesca sostenible', 'Aumento en la conectividad del hábitat']",,"""medium""",,"""high""","""high""",,"""high""","""medium""",,none
ipcc_0086,Adaptación basada en ecosistemas,{adaptation},"{storms,sea-level-rise,heatwaves,floods}","{biodiversity,geo-hydrological_disasters,water_resources,public_health}",,{climate_resilience},"Restaurar y gestionar de manera sostenible los ecosistemas marinos, costeros, urbanos, fluviales y de humedales para proteger contra peligros climáticos como marejadas ciclónicas, inundaciones y olas de calor. Los esfuerzos incluyen agroecología, vegetación costera y marina y arrecifes, corredores de vegetación, restauración de hábitats de manglares, espacios verdes urbanos para reducir las temperaturas. Estas acciones mejoran la biodiversidad, almacenan carbono, mejoran la calidad del agua y proporcionan co-beneficios socioeconómicos y culturales.",1,2,2,0,1,1,1,"Apoya a las comunidades vulnerables mejorando la resiliencia climática, promoviendo el acceso equitativo a los servicios ecosistémicos y creando oportunidades de sustento, especialmente para las poblaciones marginadas y desatendidas.",,,,,,high,medium,5-10 years,"['Participación comunitaria', 'Apoyo regulatorio', 'Inversión financiera', 'Planificación urbana', 'Vegetación resiliente al clima', 'Evaluaciones de biodiversidad', 'Gestión de cuencas', 'Planificación aguas arriba', 'Financiación sostenible']","['Reducción de daños por marejadas ciclónicas', 'Tasas de secuestro de carbono', 'Aumento de la biodiversidad', 'Reducción de la temperatura en áreas urbanas', 'Mejora de la calidad del agua', 'Acceso a espacios verdes por comunidades desatendidas', 'Reducción de eventos de inundación', 'Mejora de la salud del ecosistema']",,,"""high""","""high""","""high""",,"""high""",,,none
ipcc_0088,Códigos de construcción,{adaptation},"{floods,landslides}","{road_infrastructure,geo-hydrological_disasters}",,{climate_resilience},"El desarrollo e implementación de códigos de construcción y regulaciones de diseño arquitectónico dirigidos a integrar parámetros de adaptación climática. Estos códigos están enfocados en reducir riesgos de peligros inducidos por el clima, como inundaciones y deslizamientos de tierra. También apoyan el desarrollo urbano resiliente al clima al guiar el uso del suelo, las prácticas de construcción y los estándares de infraestructura. La iniciativa fomenta la planificación urbana estratégica a largo plazo para coordinar inversiones públicas y privadas en adaptación, incluyendo la creación de zonas seguras y la transformación de asentamientos precarios. Asegura que la nueva infraestructura sea resiliente a los riesgos climáticos y que los espacios urbanos sean seguros y sostenibles para las poblaciones actuales y futuras.",2,0,1,1,2,1,1,Promueve la planificación urbana inclusiva abordando los riesgos en asentamientos informales y precarios e integrando eco-parques y eco-jardines para poblaciones vulnerables.,,,,,,high,medium,5-10 years,"['Integración con evaluaciones locales de riesgo climático', 'Colaboración estratégica entre urbanistas y autoridades municipales']","['Reducción de incidentes de inundaciones urbanas', 'Mayor disponibilidad de viviendas seguras en áreas de riesgo', 'Tasa de implementación de eco-parques y eco-jardines en áreas vulnerables']",,,,"""high""",,"""high""",,,,none
ipcc_0089,Redirigir espacialmente el desarrollo,{adaptation},"{floods,heatwaves,sea-level-rise}","{water_resources,food_security,geo-hydrological_disasters}",,{climate_resilience},"Utilizar la zonificación y la planificación del uso del suelo para regular el desarrollo costero mediante la implementación de estrategias de desarrollo espacial que consideren las vulnerabilidades ambientales, protejan los ecosistemas y mitiguen los riesgos de inundaciones, olas de calor y aumento del nivel del mar. Esto incluye asegurar que el desarrollo se dirija lejos de las áreas de alto riesgo, integrar consideraciones de adaptación climática en la planificación urbana y promover prácticas sostenibles para cerrar las brechas de adaptación mientras se aborda la desigualdad urbana.",1,1,2,-1,1,0,2,Aborda la desigualdad en las poblaciones urbanas al enfocarse en los quintiles más pobres y asegurar un despliegue equitativo de la adaptación.,,,,,,medium,medium,5-10 years,"['Marcos de gobernanza efectivos', 'Participación comunitaria', 'Inversiones financieras', 'Experiencia técnica']","['Reducción en la brecha de adaptación', 'Disminución de las disparidades de vulnerabilidad urbana', 'Mejora de la resiliencia de las áreas costeras']",,,"""medium""","""medium""","""medium""",,,,,coastal_marine
ipcc_0090,Seguro,{adaptation},"{droughts,floods,storms}","{food_security,water_resources,energy_security}",,{climate_resilience},"El seguro proporciona herramientas de gestión de riesgos financieros adaptadas a los desafíos inducidos por el clima. Esto incluye el seguro agrícola tradicional para proteger a los agricultores de pérdidas relacionadas con el clima y soluciones innovadoras de seguros basados en índices. El seguro basado en índices aprovecha índices climáticos medibles, como la lluvia o la temperatura, para activar pagos automáticamente cuando se alcanzan ciertos umbrales, evitando la necesidad de verificación de pérdidas. Estas herramientas ayudan a estabilizar los ingresos, fomentan la inversión en prácticas resilientes al clima y reducen la vulnerabilidad económica de las partes interesadas en los sectores de agricultura, acuicultura y energía. Además, los productos de seguros combinados con servicios adicionales como el acceso a fertilizantes o semillas mejoran la resiliencia general, especialmente en comunidades desatendidas y rurales. Al mitigar los riesgos asociados con sequías, inundaciones y tormentas, el seguro apoya el desarrollo sostenible y los objetivos de adaptación.",0,1,0,-1,0,0,2,"Apoya a los agricultores a pequeña escala, las comunidades marginadas y aquellos en áreas vulnerables mejorando el acceso a herramientas de resiliencia financiera y mitigando los riesgos relacionados con el clima.",,,,,,medium,medium,<5 years,"['Disponibilidad de datos climáticos', 'Marcos regulatorios', 'Colaboración entre instituciones financieras y gobiernos']","['Aumento en el número de beneficiarios de seguros', 'Reducción de pérdidas económicas por eventos extremos', 'Adopción de productos de seguros basados en índices']",,"""high""",,"""medium""",,,"""medium""",,,none
ipcc_0091,Diversificación de medios de vida,{adaptation},"{storms,sea-level-rise}","{food_security,biodiversity}",,{climate_resilience},"Diversificar las actividades generadoras de ingresos dentro de los sectores de pesca y maricultura para mitigar los impactos económicos del cambio climático. Esto incluye cambiar las especies objetivo, adaptar las tácticas de cosecha y hacer la transición hacia la maricultura y el ecoturismo. Las mejoras en tecnología e infraestructura mejoran la eficiencia de la cosecha marina y promueven la gestión sostenible de los recursos. Estas adaptaciones tienen como objetivo estabilizar las pesquerías, mejorar la sostenibilidad y proteger los medios de vida ante la distribución cambiante de especies marinas y la variabilidad climática.",0,1,2,1,0,0,2,Promueve oportunidades equitativas para las comunidades pesqueras vulnerables apoyando transiciones hacia sectores de empleo alternativos como el ecoturismo y la maricultura.,,,,,,high,medium,<5 years,"['Inversión en educación', 'infraestructura', 'tecnología para apoyar la transición hacia medios de vida diversificados']","['Aumento en la diversidad de ingresos', 'tasas de empleo en sectores alternativos', 'reducción en la sobreexplotación de especies marinas']",,,,,"""high""",,"""high""",,,coastal_marine
ipcc_0092,Redes de seguridad social,{adaptation},"{droughts,heatwaves,floods,storms}","{food_security,public_health}",,{climate_resilience},"Las redes de seguridad social abarcan mecanismos de protección social adaptativa para reducir la inseguridad alimentaria y la malnutrición, especialmente para las poblaciones vulnerables. Estos incluyen transferencias de efectivo, programas de alimentación escolar, iniciativas de trabajo público, compensación por desempleo, reformas agrarias, esquemas de crédito y seguros. Los enfoques integrados combinan evaluaciones de riesgos climáticos con la reducción del riesgo de desastres, la educación y la equidad social para mejorar la resiliencia ante las tensiones climáticas.",0,1,1,2,1,0,2,"Mejora el estatus social y los derechos de los grupos marginados, protege a las poblaciones vulnerables, reduce las desigualdades y promueve la educación y la equidad de género.",,,,,,high,medium,5-10 years,"['Integración del clima y el riesgo de desastres en la protección social', 'programas educativos', 'coordinación con iniciativas de medios de vida sostenibles e inclusión financiera']","['Reducción en las tasas de malnutrición', 'Aumento en el acceso a la educación para grupos vulnerables', 'Participación en programas de protección social']",,"""high""","""high""","""medium""",,,"""medium""",,,none
ipcc_0094,Acceso a la atención médica,{adaptation},"{heatwaves,floods,droughts}","{public_health,water_resources}",,{climate_resilience},"Mejorar el acceso a los servicios de atención médica, incluidos los servicios de salud y nutrición, agua limpia, saneamiento y recursos de salud mental culturalmente apropiados. Ampliar las capacidades de telemedicina permite una entrega eficiente de servicios de salud, particularmente para poblaciones remotas y desatendidas. Fortalecer los sistemas básicos de salud pública y la preparación para desastres puede reducir rápidamente la vulnerabilidad a los riesgos de salud relacionados con el clima.",1,2,0,1,1,0,2,"Promueve el acceso equitativo a la atención médica para grupos marginados y vulnerables, incluidas las poblaciones sin hogar, las comunidades remotas y aquellos afectados por desigualdades en la vivienda.",,,,,,high,medium,5-10 years,"['Inversión en tecnologías de telemedicina', 'Fortalecimiento de la gobernanza de los sistemas de salud pública', 'Desarrollo de capacidades para los trabajadores de la salud', 'Mejoras en la infraestructura de las instalaciones de salud']","['Reducción de la mortalidad relacionada con el clima', 'Mayor acceso a la telemedicina', 'Número de programas de salud adaptados culturalmente implementados', 'Mejora de los indicadores de acceso al agua y saneamiento']",,"""high""","""high""","""high""",,,,,,none
ipcc_0095,Alerta temprana de desastres,{adaptation},"{heatwaves,droughts,storms}","{public_health,biodiversity,geo-hydrological_disasters}",,{climate_resilience},"Establecer y mantener sistemas de alerta temprana para desastres, incluidos las olas de calor marinas, brotes de plagas y olas de calor. Estos sistemas implican la difusión oportuna de información a individuos, comunidades y servicios de emergencia, permitiendo medidas proactivas para mitigar riesgos. Los Planes de Acción contra el Calor (HAPs) son parte de estos sistemas e incluyen estrategias detalladas como la planificación urbana con soluciones basadas en la naturaleza (por ejemplo, espacios verde-azules, materiales frescos), campañas de concienciación pública y medidas específicas para grupos vulnerables (por ejemplo, ancianos, niños, trabajadores al aire libre). Las acciones críticas también incluyen la evaluación de la efectividad del sistema después del desastre, el intercambio de lecciones y mejoras para una mejor preparación en eventos futuros.",2,1,2,0,0,1,2,"Se centra en abordar las vulnerabilidades entre los grupos de bajos ingresos, personas mayores, mujeres embarazadas, niños y trabajadores al aire libre mediante la incorporación de comunicación dirigida, acceso a áreas frescas e intervenciones de salud específicas. Promueve la equidad involucrando a las comunidades marginadas en la planificación y asegurando el acceso a los recursos necesarios.",,,,,,high,medium,<5 years,"['Coordinación entre los servicios de emergencia y las agencias de salud', 'Inversión en planificación urbana y soluciones basadas en la naturaleza', 'Educación comunitaria y campañas de concienciación pública', 'Infraestructura tecnológica para sistemas de alerta temprana']","['Reducción de las tasas de mortalidad relacionadas con las olas de calor', 'Puntualidad de las advertencias', 'Niveles de concienciación pública', 'Adopción comunitaria de medidas de protección']",,"""medium""","""high""",,,,"""high""",,,none
ipcc_0096,Mejoras en granjas/pesquerías,{adaptation},"{droughts,heatwaves,floods,wildfires,storms}","{food_security,biodiversity,water_resources}",,{climate_resilience},"Implementar una serie de estrategias para adaptar granjas y pesquerías a los impactos climáticos. Esto incluye cambiar el equipo de pesca o la potencia de los barcos, adoptar nuevas variedades de cultivos o ajustar los calendarios de siembra, mejorar los sistemas de riego, integrar sistemas de cultivos y ganado, reubicar el ganado con una mejor gestión de pastizales y adoptar sistemas agroecológicos y de agroforestería. Innovaciones tecnológicas como la agricultura inteligente y medidas financieras como los subsidios apoyan estas adaptaciones.",1,2,2,1,0,0,2,"Garantiza el acceso a recursos para agricultores y pescadores marginados, promueve opciones diversas de sustento y fortalece la resiliencia en comunidades desatendidas.",,,,,,high,medium,5-10 years,"['Apoyo político para la agricultura y pesca resilientes al clima', 'Acceso a financiamiento y subsidios', 'Capacitación para adoptar nuevas prácticas', 'Mejora de la infraestructura de mercado']","['Aumento de la productividad agrícola y pesquera', 'Tasa de adopción de sistemas integrados', 'Reducción de pérdidas de rendimiento relacionadas con el clima']",,"""high""","""high""","""medium""",,,"""medium""","""low""",,none
ipcc_0097,Mejoras en el almacenamiento/distribución de alimentos,{adaptation},"{droughts,floods,storms,heatwaves}","{food_security,road_infrastructure}",,{climate_resilience},"Mejorar los sistemas de almacenamiento y distribución de alimentos mediante la mejora de la infraestructura de transporte, la optimización de las redes comerciales y el acortamiento de las cadenas de suministro para garantizar la disponibilidad local de alimentos y la resiliencia ante los impactos climáticos. Esta acción también incluye aumentar la capacidad de las instalaciones de almacenamiento de alimentos locales para reducir las pérdidas post-cosecha, abordar las ineficiencias en la logística y reforzar la infraestructura para productos perecederos. Su objetivo es mejorar la seguridad alimentaria y reducir la vulnerabilidad a eventos extremos, interrupciones e impactos en cascada, especialmente durante pandemias y otras crisis.",0,1,1,1,0,2,2,Apoya el acceso equitativo a alimentos para poblaciones marginadas y vulnerables al priorizar la producción local de alimentos y mejorar los sistemas de distribución que llegan a áreas desatendidas.,,,,,,high,medium,5-10 years,"['Inversión en infraestructura', 'Incentivos políticos para la producción local de alimentos', 'Colaboración con los sectores de logística y comercio', 'Tecnología para la optimización de la cadena de suministro']","['Reducción de pérdidas post-cosecha', 'Aumento de la disponibilidad de alimentos locales', 'Mejora de la eficiencia del transporte para la distribución de alimentos', 'Acortamiento de las cadenas de suministro']",,"""high""","""high""","""high""",,,"""high""",,,none
ipcc_0098,Cambio de comportamiento en dietas y desperdicio de alimentos,{adaptation},"{droughts,heatwaves,floods,wildfires}","{food_security,biodiversity}",,{climate_resilience},"Reducir la pérdida y el desperdicio de alimentos mediante la mejora de las prácticas de producción, distribución y consumo de alimentos. Las acciones incluyen mejorar las técnicas agrícolas, adoptar tecnologías de ahorro de agua, implementar soluciones de almacenamiento de bajo costo y promover dietas basadas en plantas. Los responsables de políticas pueden fomentar estos comportamientos con políticas de precios adecuadas, iniciativas de agricultura sostenible y apoyo a grupos desfavorecidos. La acción enfatiza el cambio hacia dietas más saludables, la reducción del consumo excesivo y el apoyo a los sistemas alimentarios locales para mitigar las emisiones de gases de efecto invernadero y garantizar la seguridad alimentaria ante el cambio climático.",1,2,2,1,0,0,2,"Promueve el acceso a alimentos asequibles y saludables para comunidades vulnerables, empoderando a mujeres, jóvenes y grupos socialmente desfavorecidos. Fomenta la participación equitativa en prácticas agrícolas sostenibles y redes alimentarias locales.",,,,,,high,medium,5-10 years,"['Educación y formación para agricultores', 'Acceso a insumos agrícolas sostenibles', 'Apoyo político para prácticas sostenibles', 'Infraestructura tecnológica para almacenamiento y procesamiento']","['Reducción en los porcentajes de pérdida y desperdicio de alimentos', 'Aumento en la adopción de dietas basadas en plantas', 'Mejora en los indicadores de seguridad alimentaria', 'Reducción de emisiones de GEI de los sistemas alimentarios']",,"""high""","""medium""","""medium""",,,,"""low""",,none
ipcc_0099,Captura/almacenamiento de agua,{adaptation},"{droughts,floods,storms}","{water_resources,food_security,energy_security,geo-hydrological_disasters}",,{climate_resilience},"Implementar soluciones de captación y almacenamiento de agua, como estanques agrícolas, revitalización de cuerpos de agua, jardines de lluvia, bioswales, estanques de retención y tanques de almacenamiento de agua. Estas medidas tienen como objetivo mitigar los impactos inducidos por el clima mejorando la gestión del agua, reduciendo la escorrentía de aguas pluviales, mejorando la calidad del agua y apoyando la agricultura y la producción de energía bajo escenarios climáticos cambiantes. Los embalses y presas de usos múltiples proporcionan beneficios adicionales al abordar la escasez de agua y gestionar los riesgos asociados con los peligros naturales.",0,2,2,1,0,1,2,"Garantiza el acceso al agua para comunidades desatendidas, apoya medios de vida sostenibles en regiones con escasez de agua y promueve la distribución equitativa de recursos a través de procesos de toma de decisiones inclusivos.",,,,,,high,medium,5-10 years,"['Inversión en infraestructura verde', 'participación comunitaria', 'apoyo político para la gestión de recursos hídricos']","['Reducción de la escorrentía de aguas pluviales', 'aumento de la capacidad de almacenamiento de agua', 'mejora en la calidad del agua', 'estabilidad en los rendimientos agrícolas']",,"""high""",,"""high""",,,"""high""",,,none
ipcc_0100,Uso/demanda eficiente de agua,{adaptation},"{droughts,heatwaves}","{water_resources,food_security}",,{climate_resilience},"Implementar técnicas de riego avanzadas como el riego de precisión y por goteo para mejorar la eficiencia del uso del agua en la agricultura. La Recarga Gestionada de Acuíferos (MAR) se aplica para reponer los suministros de agua subterránea utilizando aguas pluviales, aguas residuales tratadas u otras fuentes. Estas acciones se complementan con políticas cooperativas en múltiples sectores para garantizar la gestión sostenible de los recursos hídricos, el acceso equitativo y la colaboración regional. Además, promover cambios en los patrones de consumo de agua, como reducir el desperdicio y mejorar la eficiencia en el uso del agua urbana y agrícola, apoya la resiliencia contra la escasez de agua y mejora la capacidad de adaptación en regiones vulnerables. Estos esfuerzos colectivamente tienen como objetivo abordar la creciente demanda de agua dulce frente al cambio climático y garantizar la sostenibilidad a largo plazo.",0,2,1,1,0,0,2,"Apoya a las comunidades agrícolas y urbanas vulnerables asegurando el acceso equitativo a los recursos hídricos, promoviendo patrones de consumo sostenible y abordando el estrés hídrico persistente en áreas desatendidas.",,,,,,high,medium,5-10 years,"['Infraestructura para la reutilización de agua y MAR', 'Marcos regulatorios para la gestión del agua', 'Educación y capacitación en técnicas de riego', 'Coordinación de políticas regionales y entre sectores']","['Reducción en el uso de agua agrícola', 'Aumento en las tasas de recarga de aguas subterráneas', 'Mejora en los rendimientos de los cultivos', 'Adopción de patrones sostenibles de consumo de agua', 'Métricas de colaboración regional']",,"""high""","""medium""",,,,,,,none
ipcc_0101,Suministro/distribución de agua eficiente,{adaptation},"{droughts,floods,storms}",{water_resources},,{climate_resilience},"Implementar sistemas de suministro de agua sostenibles mediante la construcción de infraestructuras de riego, promoviendo transferencias de agua entre cuencas, utilizando soluciones basadas en la naturaleza (NBS) como jardines de lluvia, bioswales y humedales, e integrando técnicas avanzadas como la reutilización y mejora del agua. La reutilización del agua implica tratar y reciclar aguas residuales para fines no potables o potables, mientras que la mejora del agua se centra en mejorar la calidad del agua disponible para diversos usos. Estos enfoques mejoran la infiltración de aguas pluviales, mejoran la gestión del agua urbana, aumentan la resiliencia a la sequía y apoyan la recarga de aguas subterráneas. Proporcionan soluciones de agua energéticamente eficientes y económicas mientras mantienen un desarrollo urbano sostenible.",0,2,2,1,0,0,1,"Promueve el acceso equitativo a los recursos hídricos, particularmente en áreas urbanas desatendidas, integrando sistemas de gestión del agua naturales e ingenierizados para beneficiar a todas las comunidades, incluidos los grupos de bajos ingresos.",,,,,,high,medium,5-10 years,"['Financiamiento adecuado para el desarrollo de infraestructura', 'Participación comunitaria para la implementación de Soluciones Basadas en la Naturaleza (NBS)', 'Integración de la planificación urbana con la gestión del agua']","['Reducción de incidentes de escasez de agua', 'Aumento en las tasas de recarga de aguas subterráneas', 'Capacidad mejorada de infiltración de agua urbana']",,"""high""",,"""high""",,,"""high""",,,none
ipcc_0102,Movilidad estacional/temporal,{adaptation},"{sea-level-rise,storms,droughts}","{food_security,biodiversity}",,{climate_resilience},"Facilitar la movilidad de las flotas pesqueras y los trabajadores para adaptarse a la distribución cambiante de las especies marinas causada por el cambio climático. Esto incluye permitir la migración estacional o temporal para alinearse con la disponibilidad de recursos, mejorar la infraestructura y la tecnología para apoyar la movilidad, y fomentar una gobernanza flexible para gestionar los recursos transfronterizos de manera sostenible. Estas acciones tienen como objetivo mantener los medios de vida y reducir los impactos económicos de la variabilidad climática.",0,1,2,1,0,2,1,"Garantiza el acceso equitativo a los recursos para las comunidades vulnerables, incluidos los pescadores a pequeña escala y aquellos que dependen de ingresos estacionales, promoviendo estructuras de gobernanza inclusivas y reduciendo las barreras a la movilidad.",,,,,,high,medium,5-10 years,"['Inversiones en infraestructura y tecnología', 'Acuerdos transfronterizos', 'Iniciativas de desarrollo de capacidades para apoyar la movilidad']","['Reducción en la sobreexplotación de recursos', 'Aumento en las oportunidades de empleo estacional', 'Mejora en la gestión de pesquerías transfronterizas']",,"""low""",,,"""medium""",,"""medium""",,,coastal_marine
ipcc_0103,Gobernanza cooperativa,{adaptation},"{sea-level-rise,storms}","{water_resources,biodiversity}",,{climate_resilience},"Mejorar la gobernanza cooperativa a través de acuerdos de pesca transfronterizos y una gobernanza oceánica inclusiva. Esto implica enfoques participativos, herramientas estructuradas para la toma de decisiones y marcos descentralizados que combinan la gestión de arriba hacia abajo con iniciativas impulsadas por la comunidad. Las estrategias adicionales incluyen sistemas colectivos de gestión del agua para optimizar el uso de recursos bajo la variabilidad inducida por el clima, sistemas indígenas de reparto de agua basados en prácticas tradicionales para garantizar una asignación de recursos sostenible y equitativa, y hacer cumplir los derechos de tierras de las poblaciones indígenas para proteger la biodiversidad y el patrimonio cultural. La co-gestión adaptativa en las pesquerías del Ártico integra el conocimiento local y científico para abordar los impactos climáticos en los recursos marinos. El pacto internacional sobre migración fomenta una migración ordenada y segura como respuesta adaptativa a los riesgos climáticos, y las políticas para la gobernanza adaptativa promueven soluciones basadas en ecosistemas, marcos legales y adaptaciones institucionales para mejorar la resiliencia al cambio climático. Estas medidas combinadas abordan las complejidades geopolíticas, aseguran una distribución equitativa de los recursos y fortalecen la resiliencia ante los peligros inducidos por el clima.",0,1,2,1,0,0,2,"Promueve la inclusividad incorporando sistemas de conocimiento indígena, asegurando la representación de comunidades marginadas en los procesos de toma de decisiones y creando un acceso equitativo a los recursos marinos para poblaciones vulnerables. Reconoce la importancia de los derechos territoriales indígenas y los sistemas de gobernanza tradicional para mejorar la resiliencia comunitaria y la gestión equitativa de los recursos.",,,,,,high,medium,5-10 years,"['Establecimiento de acuerdos transfronterizos', 'Inversión en tecnologías de observación marina', 'Fortalecimiento de capacidades para las comunidades locales', 'Reconocimiento de los derechos de tierras y aguas de los pueblos indígenas', 'Implementación de marcos de co-gestión adaptativa']","['Número de acuerdos transfronterizos firmados', 'Aumento en la sostenibilidad de las poblaciones de peces', 'Satisfacción de las partes interesadas con los procesos de gobernanza', 'Mejora en los resultados de compartición de agua en comunidades indígenas', 'Integración de la co-gestión adaptativa en la gobernanza pesquera']",,,,,"""high""",,"""high""",,,none
ipcc_0104,Migración permanente,{adaptation},"{floods,landslides,sea-level-rise}","{geo-hydrological_disasters,public_health,water_resources}",,{climate_resilience},"Reasentamiento de comunidades de áreas propensas a inundaciones y migración rural-urbana como estrategia para mitigar las vulnerabilidades causadas por el cambio climático. Esto incluye abordar los desafíos de la urbanización, como el desarrollo no planificado, la inseguridad hídrica y las disparidades socioeconómicas, al tiempo que se brindan oportunidades equitativas para los migrantes en los centros urbanos. Las medidas incluyen mejorar la planificación urbana, la gestión de los recursos hídricos y los sistemas de apoyo social para las poblaciones desplazadas.",0,1,1,-1,-1,1,2,"Promueve la inclusión abordando las vulnerabilidades de las poblaciones marginadas y asegurando el acceso equitativo a recursos, oportunidades y sistemas de apoyo para las comunidades desplazadas.",,,,,,medium,high,5-10 years,"['Desarrollo de infraestructura urbana', 'Asignación equitativa de recursos', 'Marcos de gobernanza sólidos', 'Fortalecimiento de capacidades para poblaciones desplazadas']","['Reducción de la mortalidad relacionada con el desplazamiento', 'Aumento en el acceso al agua y la vivienda', 'Mejora en los medios de vida de los migrantes y las tasas de empleo']",,,,"""high""","""medium""","""medium""",,,,none
ipcc_0005,Movilidad Compartida,{mitigation},,{transportation},{on-road},{ghg_reduction},"Promover soluciones de movilidad compartida como el car sharing, el bike sharing, los e-scooters y el carpooling para reducir la dependencia de vehículos de propiedad privada y disminuir las emisiones de gases de efecto invernadero. La Movilidad Compartida incluye la Movilidad como Servicio (MaaS), integrando varios servicios de transporte para aumentar la eficiencia del sistema.",0,0,0,1,0,1,1,"Promueve el acceso equitativo a opciones de transporte asequibles, especialmente para comunidades desatendidas, mientras reduce los costos individuales.",,0-19,,,,,medium,5-10 years,"['Desarrollo de plataformas de movilidad compartida eficientes', 'políticas urbanas de apoyo', 'avances tecnológicos en sistemas de ride-sharing']","['Aumento en los viajes de movilidad compartida', 'reducción en los kilómetros recorridos por vehículos privados', 'disminución de las emisiones relacionadas con el transporte']",,,,,,,,,,none
ipcc_0012,Tecnologías Eléctricas,{mitigation},,{transportation},{on-road},{ghg_reduction},"Adopción de tecnologías de vehículos eléctricos, incluyendo Vehículos Eléctricos de Batería (BEVs), Vehículos Eléctricos Híbridos (HEVs) y Vehículos Eléctricos Híbridos Enchufables (PHEVs), para reducir las emisiones de gases de efecto invernadero y la dependencia de los combustibles fósiles. Los BEVs funcionan solo con electricidad, produciendo cero emisiones; los HEVs combinan un motor de combustión interna con un motor eléctrico; los PHEVs permiten una conducción extendida solo con electricidad.",1,0,0,0,0,1,0,"Reduce la dependencia de los combustibles fósiles, mejora la calidad del aire y ofrece opciones de transporte más limpias que pueden beneficiar a las comunidades desatendidas.",,80-100,,,,,high,5-10 years,"['Dependencia de los avances en tecnologías de baterías', 'desarrollo de infraestructura de carga', 'políticas para subsidios e incentivos', 'integración con fuentes de energía renovable para la generación de electricidad']","['Porcentaje de vehículos eléctricos en la flota de vehículos', 'reducción de emisiones de GEI por kilómetro recorrido', 'disponibilidad de infraestructura de carga']",,,,,,,,,,none
ipcc_0015,Mejora de la Eficiencia Energética para Vehículos,{mitigation},,{transportation},"{on-road,railways,waterborne_navigation,aviation}",{ghg_reduction},"Optimizando el diseño, la tecnología y las operaciones de los vehículos para reducir el consumo de energía y las emisiones. Esto incluye aerodinámica avanzada, trenes motrices eficientes, neumáticos de baja resistencia al rodamiento, mejores sistemas de gestión térmica, turbocompresión, inyección directa de combustible y desactivación de cilindros en motores de combustión interna, entre otros.",1,0,0,1,0,1,0,"Promueve el acceso a tecnologías de transporte eficientes y que ahorran costos, beneficiando a diversas comunidades, incluidas las regiones desatendidas con altos costos de transporte.",,20-39,,,,,high,5-10 years,"['Desarrollo y despliegue de tecnologías avanzadas de vehículos', 'marcos regulatorios', 'aceptación del consumidor']","['Mejoras en la economía de combustible (km/l)', 'reducción de emisiones de GEI por km', 'participación de vehículos energéticamente eficientes en las flotas', 'ahorro en costos de combustible']",,,,,,,,,,none
ipcc_0027,Acoplamiento de Procesos y Mejoras,{mitigation},,{ippu},{industrial_processes},{ghg_reduction},"Esta acción se centra en reducir la intensidad de energía y emisiones en el proceso de producción de acero mejorando el acoplamiento entre procesos, como la Producción de Tira Infinita (ESP). Las técnicas incluyen reducir el número de ciclos de temperatura, integrar etapas del proceso y adoptar tecnologías energéticamente eficientes.",0,0,0,0,0,0,0,"Promueve el acceso a tecnologías avanzadas de fabricación para pequeñas y medianas empresas, asegurando una participación más amplia en los esfuerzos de descarbonización.",,,,40-59,,,high,5-10 years,"['Desarrollo y despliegue de tecnologías avanzadas de integración de procesos', 'capacitación de la fuerza laboral calificada', 'políticas de apoyo para incentivar la adopción']","['Reducción en el consumo de energía por unidad de acero', 'aumento en la eficiencia del acoplamiento de procesos', 'reducción en las emisiones de GEI por tonelada de acero producida']",,,,,,,,,,none
ipcc_0029,Mejoras en el Proceso de Secado/Deshidratación,{mitigation},,{ippu},{industrial_processes},{ghg_reduction},"Mejorar la eficiencia energética en las industrias de pulpa, papel y procesamiento de alimentos optimizando los procesos de secado y deshidratación. Esto incluye el uso de tecnologías avanzadas como redes de intercambiadores de calor, recompresión térmica de vapor y ósmosis inversa para el ahorro de energía.",0,0,0,0,0,0,0,"Promueve el uso de tecnologías avanzadas y rentables accesibles para pequeñas y medianas empresas, reduciendo las barreras de entrada y permitiendo beneficios equitativos.",,,,20-39,,,medium,5-10 years,"['Disponibilidad de tecnologías avanzadas de secado/deshidratación', 'mano de obra calificada para la implementación', 'políticas de apoyo o incentivos para compensar los costos iniciales']","['Reducción en el consumo de energía por unidad de producción', 'mejora porcentual en la eficiencia de secado', 'reducción de emisiones de GEI de los procesos de fabricación']",,,,,,,,,,none
ipcc_0034,Reciclaje de Energía en Hornos y Calderas,{mitigation},,{ippu},{industrial_processes},{ghg_reduction},"Reciclar energía de hornos y calderas a través de tecnologías como sistemas de recuperación de calor, incluyendo intercambiadores de calor avanzados y turbinas de recuperación de presión superior, para mejorar la eficiencia energética y reducir las emisiones en la producción de acero.",0,0,0,0,0,0,0,"Garantiza el acceso a tecnologías de recuperación de energía para fabricantes más pequeños, promoviendo una adopción más amplia en diversas industrias y geografías.",,,,40-59,,,high,5-10 years,"['Disponibilidad de tecnologías avanzadas de recuperación de calor', 'mano de obra calificada para la instalación y operación', 'políticas de apoyo e incentivos de financiación']","['Reducción en el consumo de energía por tonelada de producto', 'aumento en las tasas de recuperación de energía de desechos', 'disminución en la intensidad de emisiones de GEI en procesos industriales']",,,,,,,,,,none
ipcc_0043,Políticas de Economía Circular,{mitigation},,{ippu},{industrial_processes},{ghg_reduction},"Las políticas de Economía Circular (CE) tienen como objetivo cerrar el ciclo de los flujos de materiales y energía mediante la reducción, reutilización y reciclaje de recursos. Estas políticas promueven bienes duraderos, la reutilización y la remanufactura, la simbiosis industrial y la simbiosis urbana para minimizar los desechos y reducir las emisiones de GEI. Las políticas de CE operan a niveles micro, meso y macro para integrar estrategias como el ecodiseño, las cadenas de suministro sostenibles y la simbiosis energética urbana.",0,0,0,0,0,0,0,"Promueve el acceso a prácticas de CE para pequeñas y medianas empresas (PYMEs), asegura la participación equitativa en redes de simbiosis industrial y apoya a las regiones desatendidas creando oportunidades económicas a través de políticas eficientes en el uso de recursos.",,,,40-59,,,high,5-10 years,"['Coordinación efectiva entre industrias, gobiernos y comunidades', 'políticas y regulaciones de apoyo', 'desarrollo de infraestructura de reciclaje', 'plataformas de intercambio de datos para flujos de materiales y energía']","['Reducción en el uso de materiales vírgenes', 'Emisiones de GEI evitadas a través de prácticas de EC', 'aumento en las tasas de reciclaje', 'número de redes de simbiosis industrial implementadas', 'métricas de recuperación de recursos']",,,,,,,,,,none
ipcc_0051,Reducir la demanda general de servicios de productos,{mitigation},,{ippu},{product_use},{ghg_reduction},"Esta acción se centra en mitigar el cambio climático reduciendo la demanda de productos y servicios industriales, particularmente en sectores como la ropa y el turismo. Hace hincapié en cambios de comportamiento y estilo de vida, como patrones de consumo sostenibles, reducción de viajes de larga distancia y menor demanda de productos vinculados a la producción excesiva de materiales y emisiones.",1,0,0,0,0,1,1,"Fomenta el acceso equitativo a alternativas sostenibles, particularmente para las comunidades desatendidas, asegurando la reducción de impactos ambientales sin excluir a las poblaciones vulnerables.",,,,40-59,,,medium,5-10 years,"['Implementación de políticas y programas que promuevan el consumo sostenible', 'disponibilidad de alternativas a actividades de alta emisión', 'apoyo social para cambios de comportamiento y estilo de vida']","['Reducción en la demanda de productos y servicios de alta emisión', 'disminución de emisiones industriales vinculadas al uso de productos', 'aumento en la adopción de prácticas de consumo sostenible']",,,,,,,,,,none
ipcc_0059,Reducir la Conversión de Humedales Costeros,{mitigation},,{afolu},{land},{ghg_reduction},"Esta acción implica reducir la conversión de humedales costeros como manglares, marismas y ecosistemas de pastos marinos para evitar emisiones por pérdida de biomasa y carbono del suelo. También apoya la conservación de la biodiversidad, la producción pesquera, la estabilización del suelo, la regulación de la calidad del agua, la prevención de inundaciones y la resiliencia contra ciclones.",0,1,1,0,0,0,0,"Apoya a las comunidades costeras preservando los medios de vida vinculados a los humedales, mejorando la resiliencia al cambio climático y asegurando una distribución justa de los beneficios de los servicios ecosistémicos.",,,,,40-59,,high,5-10 years,"['Integración efectiva de políticas de mitigación climática costera', 'planificación espacial marina', 'incentivos económicos para priorizar la conservación de humedales']","['Área de humedales costeros preservada', 'Emisiones de GEI evitadas por la pérdida de biomasa y carbono del suelo', 'mejoras en métricas de biodiversidad', 'resiliencia del ecosistema']",,,,,,,,,,coastal_marine
ipcc_0065,Mejorar la gestión del arroz,{mitigation},,{afolu},{land},{ghg_reduction},"Implementación de prácticas mejoradas de gestión del agua (por ejemplo, sistemas de drenaje simples y múltiples), gestión de residuos, mejor aplicación de fertilizantes (por ejemplo, fertilizantes de liberación lenta) y enmiendas del suelo (por ejemplo, biochar) para reducir las emisiones de CH4 y N2O mientras se mejora la sostenibilidad y la resiliencia del sistema.",0,1,0,0,0,0,0,"Apoya a los agricultores a pequeña escala reduciendo los costos de insumos (por ejemplo, semillas, mano de obra y agua), aumentando los ingresos a través de mayores rendimientos y proporcionando herramientas y conocimientos para el cultivo sostenible de arroz.",,,,,20-39,,medium,5-10 years,"['Infraestructura de riego adecuada', 'capacitación para agricultores en técnicas avanzadas', 'acceso a fertilizantes de liberación lenta y biochar', 'prácticas de gestión del agua coordinadas entre agricultores y regiones vecinas']","['Reducción de emisiones de CH4 y N2O por hectárea', 'aumento de la eficiencia en el uso del agua', 'estabilidad del rendimiento durante las sequías', 'tasa de adopción de técnicas mejoradas de cultivo de arroz']",,,,,,,,,,wetlands
ipcc_0068,Bioenergía y BECCS (Bioenergía con Captura y Almacenamiento de Carbono),{mitigation},,{afolu},{land},{ghg_reduction},"La bioenergía implica producir energía a partir de fuentes orgánicas como la biomasa, los residuos orgánicos y los residuos de cosecha, desplazando los combustibles fósiles en la producción de calor, electricidad y combustible. Cuando se combina con la captura y almacenamiento de carbono (BECCS), almacena carbono biogénico en reservorios geológicos o terrestres, logrando emisiones negativas. BECCS también puede integrarse con la agricultura y la silvicultura para obtener beneficios adicionales como la restauración de tierras y la producción de biogás.",1,1,0,0,0,0,1,"Se centra en prácticas sostenibles de uso de la tierra, incluyendo la restauración de tierras degradadas, mientras se garantiza el acceso a la energía y la seguridad alimentaria para las comunidades vulnerables.",,,,,60-79,,high,>10 years,"['Requiere gestión sostenible de la tierra', 'desarrollo de tecnología avanzada de bioenergía', 'infraestructura para la captura y almacenamiento de carbono', 'gobernanza global para el comercio y las cadenas de suministro']","['Cantidad de carbono eliminado a través de BECCS (en GtCO2 por año)', 'energía total producida a partir de bioenergía', 'tierra restaurada para la producción de biomasa', 'reducción de emisiones de GEI por el uso desplazado de combustibles fósiles']",,,,,,,,,,none
ipcc_0075,Electrificación y Descarbonización del Sistema Energético Urbano,{mitigation},,{stationary_energy},{energy_generation_supplied_to_the_grid},{ghg_reduction},"Esta acción implica reemplazar las tecnologías basadas en combustibles fósiles con alternativas electrificadas, como vehículos eléctricos, bombas de calor y sistemas de energía renovable, para descarbonizar la infraestructura energética urbana. Se centra en integrar energía renovable, aumentar la flexibilidad del lado de la demanda y promover la eficiencia energética en los sistemas urbanos para apoyar la descarbonización y reducir las emisiones de GEI.",1,0,0,0,0,1,1,"Promueve el acceso equitativo a la energía renovable y la infraestructura electrificada, abordando las barreras que enfrentan las comunidades de bajos ingresos y desatendidas a través de subsidios, incentivos y participación pública.",60-79,,,,,,high,5-10 years,"['Requiere mejoras en la red', 'políticas de apoyo', 'cooperación de las partes interesadas', 'incentivos financieros', 'campañas de concienciación pública', 'acceso a energía renovable', 'tecnologías de almacenamiento avanzadas son críticas']","['Reducción de emisiones de GEI por kWh', 'aumento en la penetración de energía renovable', 'tasas de adopción de vehículos eléctricos y bombas de calor', 'mejora de la calidad del aire urbano']",,,,,,,,,,none
ipcc_0087,Reacondicionamiento de infraestructuras,{adaptation},"{floods,droughts,heatwaves}","{road_infrastructure,public_health,energy_security}",,{climate_resilience},"Fortalecer y mejorar la infraestructura existente, incluidas carreteras, viviendas y sistemas energéticos, para mejorar la resiliencia frente a riesgos climáticos como inundaciones, sequías y olas de calor. Los esfuerzos incluyen aire acondicionado, uso de termosifones para la degradación del permafrost, aumento del albedo en los techos (para la reflectividad) y sombreado.",1,1,0,-1,1,1,1,"Mejora la resiliencia de las comunidades vulnerables, especialmente en las regiones de bajos ingresos, al reducir los riesgos de eventos climáticos extremos.",,,,,,high,high,5-10 years,"['Alineación de políticas', 'Disponibilidad de financiación', 'Experiencia en ingeniería y construcción']","['Reducción de fallos en la infraestructura durante peligros', 'Aumento de la capacidad para sistemas de vivienda y energía']",,"""medium""","""high""","""high""",,,,,,none
ipcc_0093,Disponibilidad de infraestructura sanitaria,{adaptation},"{droughts,floods,sea-level-rise,diseases}","{public_health,water_resources}",,{climate_resilience},"Garantizar el acceso a infraestructura de agua potable segura, proteger los servicios de salud y mejorar los sistemas de saneamiento para mitigar los impactos climáticos. Esto incluye desarrollar medidas adaptativas para la seguridad del agua frente a sequías, inundaciones y el aumento del nivel del mar. Fortalecer la resiliencia de la infraestructura asegura un acceso equitativo a los servicios de salud, reduce los riesgos de contaminación y aborda los impactos de los peligros inducidos por el clima.",0,2,1,1,0,0,2,"Mejora el acceso a recursos críticos de salud y agua para comunidades vulnerables y desatendidas, mitigando las inequidades causadas por los impactos climáticos.",,,,,,high,medium,5-10 years,"['Financiamiento adecuado', 'inversiones tecnológicas en infraestructura de salud y agua', 'gobernanza efectiva y coordinación intersectorial']","['Reducción de enfermedades transmitidas por el agua', 'mejor acceso a agua potable', 'número de instalaciones de salud resilientes desarrolladas']",,"""high""",,"""high""","""high""",,,,"""high""",none
ipcc_0006,Teletrabajo,{mitigation},,{transportation},{on-road},{ghg_reduction},"Fomentar el teletrabajo (trabajar desde casa) y la videoconferencia como alternativas al desplazamiento y las reuniones presenciales, reduciendo así el uso de vehículos ligeros y las emisiones asociadas.",1,0,0,1,0,1,1,"Mejora la flexibilidad laboral, permitiendo una mayor participación de personas con limitaciones de movilidad o responsabilidades de cuidado.",,0-19,,,,,low,<5 years,"['Acceso generalizado a internet de alta velocidad', 'políticas organizacionales de apoyo', 'disposición de los empleados para adoptar el teletrabajo']","['Reducción en los viajes de los trabajadores', 'aumento en las tasas de adopción del teletrabajo', 'disminución de las emisiones relacionadas con el transporte']",,,,,,,,,,none
