action_id,action_name,action_type,hazard_name,sector_names,subsector_names,primary_purpose,description,cobenefits_airquality,cobenefits_waterquality,cobenefits_habitat,cobenefits_costofliving,cobenefits_housing,cobenefits_mobility,cobenefits_stakeholderengagement,equity_and_inclusion_considerations,ghgreduction_stationary_energy,ghgreduction_transportation,ghgreduction_waste,ghgreduction_ippu,ghgreduction_afolu,adaptation_effectiveness,cost_investment_needed,timeline_for_implementation,dependencies,key_performance_indicators,powers_and_mandates,adaptation_effectiveness_droughts,adaptation_effectiveness_heatwaves,adaptation_effectiveness_floods,adaptation_effectiveness_sealevelrise,adaptation_effectiveness_landslides,adaptation_effectiveness_storms,adaptation_effectiveness_wildfires,adaptation_effectiveness_diseases,biome
ipcc_0001,Mudanças na Forma Urbana,{mitigation},,{transportation},{on-road},{ghg_reduction},"Aumentar a densidade urbana e o uso misto do solo para reduzir as distâncias de viagem, a dependência de carros e as emissões de gases de efeito estufa associadas. Inclui infraestrutura de transporte público, caminhos para pedestres e zonas amigáveis para bicicletas.",1,0,0,1,0,1,0,"Melhora o acesso a opções de transporte eficientes e acessíveis para comunidades desfavorecidas, reduzindo disparidades sociais e econômicas.",,0-19,,,,,medium,5-10 years,"['Apoio político para o planejamento do uso da terra', 'aceitação pública', 'realocação de orçamentos de transporte para modos sustentáveis']","['Redução no uso de carros per capita', 'aumento no uso de transporte público', 'melhoria no índice de caminhabilidade']",,,,,,,,,,none
ipcc_0002,Modos de Transporte Ativo,{mitigation},,{transportation},{on-road},{ghg_reduction},Promover a caminhada e o ciclismo como modos principais de transporte para viagens curtas (5 km ou menos) para reduzir a dependência de veículos leves e diminuir as emissões de GEE.,1,0,0,1,0,1,0,"Melhora o acesso a opções de transporte seguras e acessíveis, especialmente para comunidades de baixa renda, enquanto aprimora a mobilidade urbana para grupos desfavorecidos.",,0-19,,,,,medium,<5 years,"['Investimento em infraestrutura segura para caminhadas e ciclismo', 'campanhas de conscientização pública', 'políticas de planejamento urbano de apoio']","['Aumento em quilômetros de redes de bicicleta e caminhada', 'aumento na participação modal de transporte ativo', 'redução no uso de carros para viagens curtas']",,,,,,,,,,none
ipcc_0003,Transporte Público,{mitigation},,{transportation},{on-road},{ghg_reduction},"Promover o uso de sistemas de transporte público, como ônibus e trens, para viagens urbanas e intermunicipais, a fim de reduzir a dependência de veículos leves e diminuir as emissões de gases de efeito estufa.",1,0,0,1,0,1,1,"Melhora o acesso a opções de transporte acessíveis e eficientes, beneficiando particularmente as comunidades de baixa renda e carentes.",,20-39,,,,,medium,5-10 years,"['Investimentos em sistemas de transporte modernos e eficientes', 'políticas para desincentivar o uso de carros particulares', 'campanhas de conscientização pública para incentivar a adoção do transporte público']","['Aumento no uso do transporte público', 'redução nos quilômetros percorridos por veículos particulares', 'redução de emissões por quilômetro por passageiro']",,,,,,,,,,none
ipcc_0004,Desmaterialização da Economia,{mitigation},,{transportation},{on-road},{ghg_reduction},"Promover a redução na quantidade de materiais utilizados por unidade de produção para melhorar a eficiência dos materiais, reduzir as necessidades de transporte e aumentar a eficiência do transporte de carga. Exemplos incluem a combinação de múltiplas funções em dispositivos únicos, produção local através de impressão 3D e princípios de economia circular.",0,0,0,1,0,1,1,Apoia o acesso equitativo a produtos sustentáveis e promove o uso eficiente de recursos para beneficiar comunidades carentes,,0-19,,,,,medium,>10 years,"['Inovação tecnológica', 'adoção de práticas de economia circular', 'mudanças comportamentais em direção ao minimalismo e eficiência']","['Redução na intensidade de material por unidade de produção', 'diminuição nas emissões de transporte de carga', 'aumento na adoção de práticas de economia circular']",,,,,,,,,,none
ipcc_0007,Mobilidade Inteligente,{mitigation},,{transportation},{on-road},{ghg_reduction},"Utilizar tecnologias avançadas, como TIC, sensores IoT, IA e Mobilidade como Serviço (MaaS), para melhorar a eficiência do transporte, reduzir emissões e aprimorar a mobilidade urbana. A mobilidade inteligente integra vários modos de transporte e otimiza operações para competir com veículos particulares.",1,0,0,0,0,1,1,"Melhora o acesso a opções de transporte eficientes e acessíveis, especialmente para grupos marginalizados, enquanto apoia a regeneração urbana e a conectividade.",,0-19,,,,,high,5-10 years,"['Adoção generalizada de tecnologias de TIC e IoT', 'planejamento urbano de apoio', 'investimentos em sistemas de mobilidade compartilhada e digitalizada']","['Aumento no uso de transporte compartilhado e público', 'redução nos quilômetros percorridos por veículos particulares', 'diminuição das emissões relacionadas ao transporte']",,,,,,,,,,none
ipcc_0008,Gestão da Cadeia de Suprimentos,{mitigation},,{transportation},{on-road},{ghg_reduction},"Melhorar o planejamento logístico no transporte de carga por meio de estratégias como otimização de rotas, otimização de carga e condução ecológica para reduzir as distâncias de viagem e aumentar a eficiência, diminuindo assim as emissões de GEE.",1,0,0,1,0,1,0,"Promove o acesso equitativo a soluções logísticas sustentáveis para pequenas e médias empresas, ao mesmo tempo que apoia a retenção de empregos no setor logístico.",,0-19,,,,,medium,5-10 years,"['Acesso a ferramentas e software de logística avançados', 'colaboração entre os participantes da cadeia de suprimentos', 'integração de treinamento em eco-condução']","['Distâncias de frete reduzidas', 'capacidade de carga de veículos aumentada', 'eficiência de combustível melhorada', 'custos operacionais reduzidos']",,,,,,,,,,none
ipcc_0009,E-commerce,{mitigation},,{transportation},{on-road},{ghg_reduction},Incentivar a compra de bens online pelos consumidores para reduzir o deslocamento de veículos leves para fins de compras. Isso troca os quilômetros percorridos por veículos leves pelo transporte de carga através de caminhões leves ('entrega de última milha').,1,0,0,1,0,1,0,"Promove a acessibilidade a bens para indivíduos em áreas carentes ou remotas, enquanto reduz os custos de transporte pessoal.",,0-19,,,,,medium,5-10 years,"['Expansão de plataformas de e-commerce', 'investimentos em logística de entrega de última milha', 'confiança do consumidor nas compras online']","['Redução nos quilômetros percorridos por veículos (VMT) para compras', 'aumento nas taxas de adoção de compras online', 'reduções de emissões na logística de frete']",,,,,,,,,,none
ipcc_0010,Automação de Veículos,{mitigation},,{transportation},{on-road},{ghg_reduction},"Utiliza tecnologias avançadas para automatizar tarefas de condução, melhorar a segurança nas estradas, otimizar padrões de condução, reduzir congestionamentos e aumentar o uso eficiente do espaço viário. Os níveis variam desde assistência ao motorista até autonomia total.",1,0,0,0,0,1,0,"Fornece acesso à mobilidade para grupos marginalizados, incluindo idosos, pessoas com deficiência e aqueles que não podem dirigir, enquanto promove sistemas de transporte mais seguros.",,0-19,,,,,high,>10 years,"['Desenvolvimento e implementação de tecnologias de veículos autônomos', 'estruturas regulatórias de apoio', 'aceitação pública de sistemas automatizados']","['Redução de congestionamento', 'melhoria na eficiência de combustível', 'diminuição das emissões relacionadas ao transporte por quilômetro de veículo', 'aumento da acessibilidade para grupos marginalizados']",,,,,,,,,,none
ipcc_0011,Combustíveis Alternativos para Veículos,{mitigation},,{transportation},{on-road},{ghg_reduction},"Utiliza combustíveis de baixo carbono ou zero carbono, incluindo gás natural, biocombustíveis, amônia e combustíveis sintéticos, para substituir a gasolina e o diesel convencionais em motores de combustão interna (ICE). Esses combustíveis oferecem caminhos para reduzir as emissões de gases de efeito estufa e diversificar as fontes de energia, embora ainda existam desafios nos custos de produção, emissões ao longo do ciclo de vida e infraestrutura.",1,0,0,0,0,1,0,"Fornece um caminho para reduzir a dependência energética e aumentar a equidade energética, permitindo o acesso a combustíveis alternativos que atendem às necessidades energéticas locais e regionais.",,80-100,,,,,high,>10 years,"['Desenvolvimento de tecnologias de produção de baixo custo e sustentáveis', 'medidas de política de apoio (por exemplo, padrões de combustível, mandatos de mistura)', 'investimento em infraestrutura de distribuição e armazenamento']","['Redução nas emissões de GEE do ciclo de vida do combustível', 'porcentagem da frota de veículos usando combustíveis alternativos', 'métricas de implantação de infraestrutura']",,,,,,,,,,none
ipcc_0013,Tecnologias de Células a Combustível,{mitigation},,{transportation},{on-road},{ghg_reduction},"Uso da tecnologia de célula de combustível para alimentar veículos convertendo hidrogênio em eletricidade através de uma reação eletroquímica. Produz zero emissões no ponto de uso e água como subproduto. As células de combustível de hidrogênio são altamente eficientes, especialmente quando o hidrogênio é produzido a partir de fontes renováveis.",1,0,0,0,0,1,0,"Reduz emissões em áreas carentes e urbanas, oferecendo ar mais limpo e soluções de mobilidade sustentável para todas as comunidades.",,60-79,,,,,high,>10 years,"['Infraestrutura de produção de hidrogênio', 'disponibilidade de hidrogênio de baixo carbono', 'redução de custos em sistemas de células a combustível', 'políticas duradouras para apoiar a adoção']","['Participação de veículos a célula de combustível na frota de veículos', 'redução nas emissões de GEE por quilômetro', 'implantação de estações de abastecimento de hidrogênio', 'paridade de custo com veículos a diesel']",,,,,,,,,,none
ipcc_0014,Redução de Peso dos Veículos,{mitigation},,{transportation},{on-road},{ghg_reduction},"Reduzir o peso total dos veículos utilizando materiais avançados, como aço de alta resistência, alumínio, fibra de carbono e compósitos, para melhorar a eficiência do combustível e reduzir as emissões de gases de efeito estufa. A redução de peso melhora o desempenho do veículo sem comprometer a segurança.",1,0,0,0,0,1,0,"Promove soluções de mobilidade sustentável que podem reduzir os custos de combustível e as emissões, beneficiando indiretamente comunidades desfavorecidas.",,0-19,,,,,high,>10 years,"['Disponibilidade e desenvolvimento de materiais leves avançados', 'processos de reciclagem eficientes', 'implementação em escala industrial']","['Redução na massa dos veículos', 'melhoria na eficiência de combustível (km/l)', 'emissões de GEE evitadas ao longo do ciclo de vida', 'participação de veículos leves na frota']",,,,,,,,,,none
ipcc_0016,Eco-driving,{mitigation},,{transportation},{on-road},{ghg_reduction},"Um conjunto de práticas de condução destinadas a melhorar a eficiência do combustível, reduzir as emissões de gases de efeito estufa e minimizar o desgaste dos veículos, promovendo uma condução suave, manutenção regular do veículo e antecipação do tráfego.",1,0,0,1,0,1,1,"Promove a acessibilidade a técnicas de economia de combustível para todos os motoristas, reduzindo os custos operacionais e apoiando comunidades vulneráveis dependentes do transporte veicular.",,0-19,,,,,low,<5 years,"['Educação de motoristas', 'programas de treinamento eficazes', 'apoio político', 'mecanismos de incentivo', 'incentivar a adoção de práticas de condução ecológica']","['Percentual de redução no consumo de combustível', 'emissões de GEE por veículo', 'número de motoristas treinados em condução ecológica', 'adesão às práticas de condução ecológica entre motoristas treinados']",,,,,,,,,,none
ipcc_0017,Aumento da Eficiência das Aeronaves,{mitigation},,{transportation},{aviation},{ghg_reduction},"Otimização da tecnologia de aeronaves, incluindo melhorias no design de motores, aerodinâmica, redução de massa da estrutura da aeronave e navegação operacional para reduzir o consumo de combustível e as emissões.",1,0,0,0,0,1,0,Apoia a conectividade global enquanto reduz os impactos ambientais; pode exigir uma distribuição equitativa de tecnologia e recursos para regiões em desenvolvimento.,,0-19,,,,,high,>10 years,"['Desenvolvimento e adoção de tecnologia avançada de aeronaves', 'otimização da gestão do tráfego aéreo global', 'investimentos da indústria em pesquisa e desenvolvimento']","['Percentual de redução no consumo de combustível por voo', 'melhoria na eficiência de navegação', 'taxa de adoção de designs avançados de aeronaves']",,,,,,,,,,none
ipcc_0018,Combustíveis Alternativos para Aeronaves,{mitigation},,{transportation},{aviation},{ghg_reduction},"Desenvolvimento e implementação de combustíveis alternativos para aviação, incluindo SAFs à base de bio, combustíveis sintéticos e hidrogênio líquido, para reduzir as emissões de gases de efeito estufa da aviação.",1,0,0,0,0,0,0,"Concentrar-se em equilibrar a demanda da aviação com práticas sustentáveis, abordar preocupações de alimentos versus combustíveis e garantir o acesso global a tecnologias de combustíveis alternativos.",,60-79,,,,,high,>10 years,"['Disponibilidade de energia de baixo carbono', 'avanços nas tecnologias de produção de combustível', 'reduções de custos', 'apoio político', 'infraestrutura para produção e distribuição']","['Taxas de adoção de SAFs', 'reduções de emissões ao longo do ciclo de vida', 'avanços em tecnologias de produção de combustível']",,,,,,,,,,none
ipcc_0019,Mudança Modal de Avião para Trem,{mitigation},,{transportation},{aviation},{ghg_reduction},"Promover a mudança de voos regionais e de médio curso para trens de alta velocidade (HSR) como uma alternativa de baixo carbono. O HSR pode atender distâncias de 400–1000 km de forma eficaz, reduzindo a demanda por viagens aéreas e as emissões associadas. Melhorias na infraestrutura, políticas de apoio e redes HSR aprimoradas são críticas para essa transição.",1,0,0,0,0,1,0,"Oferece opções de viagem regionais acessíveis e econômicas, beneficiando particularmente comunidades com acesso limitado a viagens aéreas e reduzindo as desigualdades no transporte.",,40-59,,,,,high,5-10 years,"['Requer investimentos significativos em infraestrutura de HSR', 'apoio político para limitar opções concorrentes de viagens aéreas', 'integração das redes ferroviárias com os sistemas de transporte existentes']","['Redução na demanda por viagens aéreas domésticas e regionais', 'aumento no número de passageiros de HSR', 'reduções mensuráveis nas emissões de GEE do setor de transporte']",,,,,,,,,,none
ipcc_0020,Combustíveis Alternativos para Transporte Marítimo,{mitigation},,{transportation},{waterborne_navigation},{ghg_reduction},"Transição para combustíveis alternativos no setor de transporte marítimo, incluindo hidrogênio, amônia, metanol, hidrocarbonetos sintéticos, biocombustíveis avançados e propulsão elétrica. Foco em combustíveis produzidos usando fontes de energia de baixo carbono para reduzir as emissões de gases de efeito estufa ao longo do ciclo de vida e alcançar as metas da Organização Marítima Internacional (IMO).",1,0,0,0,0,1,1,"Garante o acesso equitativo às novas tecnologias de transporte marítimo, reduz a dependência de combustíveis fósseis e promove práticas econômicas sustentáveis, considerando os impactos no comércio global e nas comunidades portuárias.",,40-59,,,,,high,>10 years,"['Disponibilidade de combustíveis e energia de baixo carbono', 'investimentos em infraestrutura', 'capacidades de retrofit para navios existentes', 'apoio político e regulatório', 'avanços em tecnologias de armazenamento e segurança de combustíveis']","['Taxa de adoção de combustíveis alternativos', 'reduções de emissões alcançadas (tank-to-wake e well-to-wake)', 'avanços na infraestrutura de abastecimento e armazenamento']",,,,,,,,,,none
ipcc_0021,Tecnologias Elétricas para Navegação,{mitigation},,{transportation},{waterborne_navigation},{ghg_reduction},"Adoção de tecnologias de propulsão elétrica, incluindo sistemas elétricos a bateria e híbridos-elétricos, para navegação de curta distância, balsas e vias navegáveis interiores para reduzir as emissões de gases de efeito estufa. Inclui avanços em design e engenharia, como a otimização de formas de casco e a integração de fontes de energia renovável, como vento e solar, para propulsão.",1,1,0,0,0,1,0,"Promove o acesso equitativo a tecnologias de transporte limpo, beneficiando comunidades portuárias e reduzindo a poluição em áreas densamente povoadas. Garante a acessibilidade e a viabilidade econômica de novas infraestruturas para operadores de transporte de pequena escala.",,20-39,,,,,high,>10 years,"['Disponibilidade de eletricidade de baixo carbono', 'avanços na tecnologia de baterias', 'infraestrutura para carregamento e manutenção', 'estruturas regulatórias de apoio para a indústria marítima']","['Redução nas emissões do ciclo de vida das embarcações', 'número de navios elétricos e híbridos-elétricos em operação', 'melhorias na infraestrutura portuária para apoiar sistemas de propulsão elétrica']",,,,,,,,,,none
ipcc_0022,Melhoria da Eficiência Energética para Transporte Marítimo,{mitigation},,{transportation},{waterborne_navigation},{ghg_reduction},"Aprimorar a eficiência energética no transporte marítimo por meio de medidas operacionais, designs de casco otimizados, sistemas de propulsão avançados e adoção de combustíveis de baixo carbono, como hidrogênio e amônia. Inclui a redução das velocidades dos navios ('slow steaming'), melhoria das operações portuárias e modernização das embarcações com tecnologias modernas para minimizar as emissões e o consumo de combustível.",1,1,0,0,0,1,0,Promove o acesso equitativo a tecnologias de transporte marítimo de baixo carbono para operadores menores. Apoia comunidades vulneráveis reduzindo a poluição costeira e melhorando a qualidade local do ar e da água.,,20-39,,,,,high,5-10 years,"['Disponibilidade de combustíveis de baixo carbono', 'avanços em tecnologias de design de propulsão e casco', 'investimentos em infraestrutura portuária', 'apoio regulatório para eficiência energética e redução de emissões']","['Redução nas emissões de transporte marítimo', 'taxa de adoção de tecnologias energeticamente eficientes', 'medidas operacionais', 'número de embarcações modernizadas', 'melhorias de eficiência nas operações portuárias']",,,,,,,,,,coastal_marine
ipcc_0023,Melhoria na Recuperação de Calor e Energia,{mitigation},,{ippu},{industrial_processes},{ghg_reduction},"Aprimoramento da eficiência energética em processos industriais por meio da recuperação de calor e energia de fluxos de resíduos, melhorando o acoplamento de processos e adotando tecnologias avançadas, como resfriamento a seco de coque, gaseificação de licor negro e turbinas de recuperação de pressão superior. Inclui a redução do uso de energia na cominuição, secagem de papel e outros processos industriais por meio de designs otimizados, melhorias operacionais e estratégias de eficiência de materiais.",1,0,0,0,0,0,0,Apoia o acesso equitativo a tecnologias energeticamente eficientes e promove práticas sustentáveis em regiões em desenvolvimento com altas emissões industriais. Foca na redução da competição por recursos e na garantia de uma distribuição justa dos avanços tecnológicos.,,,,20-39,,,high,5-10 years,"['Disponibilidade de tecnologias avançadas', 'estruturas regulatórias de apoio', 'investimento em pesquisa e desenvolvimento', 'alinhamento com padrões globais para redução de emissões e eficiência energética']","['Redução nas emissões de GEE industriais', 'taxas de adoção de tecnologias de recuperação de calor e energia', 'melhorias na intensidade energética em indústrias-chave', 'taxas de reciclagem']",,,,,,,,,,none
ipcc_0024,Melhoria na Entrega de Combustível para Aquecimento,{mitigation},,{ippu},{industrial_processes},{ghg_reduction},"Aprimorar os sistemas de entrega de combustível no processo de produção de aço implementando tecnologias como injeção de carvão pulverizado, melhorando os designs dos fornos e controles de processo, e otimizando a combustão de combustível para aquecimento. Inclui medidas de eficiência energética para reduzir as emissões de carvão e coque usados na fabricação convencional de ferro, e a potencial adoção de redutores alternativos como biomassa e plásticos descartados.",1,0,0,0,0,0,0,"Apoia a implementação equitativa de tecnologias energeticamente eficientes em economias em desenvolvimento, garantindo acesso justo aos recursos e reduzindo a poluição ambiental em regiões industriais.",,,,20-39,,,high,5-10 years,"['Disponibilidade de sistemas avançados de entrega de combustível', 'estruturas de políticas de apoio', 'investimento em P&D para redutores alternativos', 'adoção em toda a indústria de controles de processos e tecnologias otimizados']","['Redução nas emissões de GEE do aquecimento na produção de aço', 'melhorias na intensidade energética', 'aumento das taxas de adoção de injeção de carvão pulverizado e combustíveis alternativos', 'redução na produção de resíduos perigosos']",,,,,,,,,,none
ipcc_0025,Melhoria da Eficiência de Fornos ou Fornalhas,{mitigation},,{ippu},{industrial_processes},{ghg_reduction},"Aprimorar o design e a operação de fornos e fornalhas para melhorar a eficiência energética e reduzir as emissões. Inclui tecnologias como recuperação aprimorada de calor e energia de gases de processo, controles avançados de processo e melhores designs de fornos para minimizar ciclos de temperatura e otimizar o uso de combustível.",1,0,0,0,0,0,0,"Garante que tecnologias de fornos eficientes sejam acessíveis para indústrias em economias em desenvolvimento, reduzindo a poluição e melhorando a segurança no local de trabalho.",,,,20-39,,,high,5-10 years,"['Disponibilidade de designs avançados de fornos', 'políticas de apoio e incentivos', 'mão de obra qualificada para instalação e manutenção', 'adoção em toda a indústria de tecnologias energeticamente eficientes']","['Redução na intensidade energética', 'emissões de GEE', 'produção de resíduos perigosos', 'aumento na adoção de fornos avançados', 'controles de processo']",,,,,,,,,,none
ipcc_0026,Recuperação e Reutilização de Calor através de Redes de Trocadores de Calor ou Bombas de Calor,{mitigation},,{ippu},{industrial_processes},{ghg_reduction},"Esta ação envolve melhorar a eficiência energética do uso de calor utilizando redes de trocadores de calor e bombas de calor de alta temperatura para recuperar e reutilizar o calor residual em processos industriais. As técnicas incluem reduzir as necessidades de calor por meio de isolamento térmico, reutilizar o calor residual em vários níveis de temperatura e reciclar o calor residual para geração de energia através de tecnologias como recompressão mecânica de vapor e conversão termoelétrica.",1,0,0,0,0,0,0,"Garante que as tecnologias avançadas de recuperação de calor sejam acessíveis para pequenas e médias indústrias, especialmente em regiões em desenvolvimento, ajudando-as a reduzir custos de energia e emissões.",,,,40-59,,,high,5-10 years,"['Disponibilidade de tecnologias avançadas de recuperação de calor e bombas', 'mão de obra qualificada para instalação e manutenção', 'apoio político para a adoção de sistemas de recuperação de calor residual']","['Aumento na taxa de recuperação de calor residual', 'redução na intensidade energética', 'porcentagem de calor reutilizado através de sistemas de alta eficiência']",,,,,,,,,,none
ipcc_0028,Introdução de Tecnologias de Eficiência Energética no Processamento,{mitigation},,{ippu},{industrial_processes},{ghg_reduction},"Implementação de tecnologias energeticamente eficientes em processos de mineração, particularmente na cominuição, através da atualização dos métodos de concentração de minério, uso de tecnologias eficientes de moagem e trituração, e otimização do tamanho das partículas alimentadas. Outras oportunidades incluem a melhoria dos processos de separação, secagem e manuseio de materiais.",0,0,0,0,0,0,0,"Promove o acesso equitativo a tecnologias eficientes para operações de mineração em pequena escala, reduzindo os custos de energia e os impactos ambientais para comunidades vulneráveis dependentes de atividades de mineração.",,,,20-39,,,high,5-10 years,"['Desenvolvimento de tecnologias avançadas de cominuição e classificação de minérios', 'disponibilidade de fontes de energia renovável para geração de energia', 'apoio político para incentivar a adoção']","['Redução no consumo de energia por tonelada de minério processado', 'melhoria na taxa de recuperação de minério', 'redução nas emissões de GEE das operações de mineração']",,,,,,,,,,none
ipcc_0031,Gestão Inteligente de Energia,{mitigation},,{ippu},{industrial_processes},{ghg_reduction},"A implementação de sistemas de gestão de energia utilizando digitalização e tecnologias inteligentes para otimizar o uso de energia. Esses sistemas aproveitam o monitoramento em tempo real, análises avançadas, aprendizado de máquina e automação para melhorar a eficiência energética, a produtividade e a relação custo-benefício.",0,0,0,0,0,1,1,"Facilita o acesso a tecnologias energeticamente eficientes para pequenas e médias empresas, garantindo a participação equitativa em iniciativas de economia de energia.",,,,20-39,,,high,5-10 years,"['Disponibilidade de tecnologias avançadas, como sensores e sistemas de machine learning', 'infraestrutura digital adequada', 'políticas de apoio para a adoção de eficiência energética']","['Redução no uso de energia', 'economia de custos por ciclo de produção', 'melhoria percentual na eficiência do processo']",,,,,,,,,,none
ipcc_0033,Eletrificação de Processos,{mitigation},,{ippu},{industrial_processes},{ghg_reduction},"A transição dos processos de produção de aço para métodos eletrificados, como a eletrólise de óxidos fundidos, a redução direta avançada e outros métodos alimentados por eletricidade de baixo carbono, para reduzir as emissões e melhorar a eficiência energética.",1,0,0,0,0,0,0,"Promove o acesso equitativo a tecnologias avançadas de eletrificação e treinamento para a força de trabalho, garantindo a participação de setores industriais desfavorecidos.",,,,60-79,,,high,5-10 years,"['Disponibilidade de eletricidade de baixo carbono', 'desenvolvimento de materiais de ânodo adequados', 'infraestrutura para eletrificação em larga escala na produção de aço']","['Redução nas emissões por tonelada de aço produzida', 'aumento na participação de processos eletrificados', 'economia de energia nas etapas de produção']",,,,,,,,,,none
ipcc_0037,Descarbonização de Matérias-Primas,{mitigation},,{ippu},{product_use},{ghg_reduction},"Descarbonizar matérias-primas para processos industriais através de Captura e Armazenamento de Carbono (CCS), Captura e Utilização de Carbono (CCU) e integração com fontes de energia de baixo carbono. Isso inclui capturar carbono de várias emissões industriais e reutilizá-lo ou armazená-lo para reduzir as emissões de gases de efeito estufa. As aplicações incluem a criação de combustíveis sintéticos, produtos químicos e materiais, enquanto se utiliza energia renovável ou fontes de carbono biogênico.",1,0,0,0,0,0,0,"Apoia o desenvolvimento industrial equitativo promovendo o acesso a tecnologias mais limpas, especialmente para indústrias em regiões em desenvolvimento, para reduzir as emissões sem comprometer o crescimento econômico.",,,,60-79,,,high,>10 years,"['Requer avanços nas tecnologias de CCS e CCU', 'disponibilidade de eletricidade com baixo GEE', 'políticas de apoio para incentivar a descarbonização industrial']","['Redução nas emissões de GEE de processos industriais', 'aumento no uso de matérias-primas de baixo carbono', 'o número de projetos de CCS/CCU implementados']",,,,,,,,,,none
ipcc_0038,Captura e Utilização de Carbono (CCU),{mitigation},,{ippu},{product_use},{ghg_reduction},"Capturar dióxido de carbono (CO2) de processos industriais ou gases de combustão e reutilizá-lo para produzir combustíveis, produtos químicos e materiais de construção. Este processo reduz as emissões da fonte inicial e oferece uma alternativa ao uso de novas matérias-primas fósseis ou de biomassa.",1,0,0,0,0,0,0,"Garante que os benefícios das tecnologias CCU sejam acessíveis a regiões de baixa renda, incluindo a redução dos custos de materiais de construção e combustíveis.",,,,20-39,,,high,5-10 years,"['Disponibilidade de energia limpa para produção de hidrogênio', 'desenvolvimento de tecnologias CCU', 'políticas para apoiar a adoção']","['Quantidade de CO2 capturado e reutilizado', 'redução nas emissões por tonelada de produto', 'penetração de mercado de produtos derivados de CCU']",,,,,,,,,,none
ipcc_0039,Captura e Armazenamento de Carbono (CCS),{mitigation},,{ippu},{product_use},{ghg_reduction},"Captura e Armazenamento de Carbono (CCS) envolve capturar CO2 de processos industriais, geração de energia ou da atmosfera e armazená-lo em formações geológicas por milênios para evitar sua liberação na atmosfera. As tecnologias de CCS também podem possibilitar emissões quase zero ou negativas quando combinadas com biocombustíveis de origem sustentável ou captura direta do ar, apoiando a descarbonização de setores de difícil redução.",1,0,0,0,0,0,0,"Apoia a transição equitativa fornecendo caminhos de descarbonização para indústrias intensivas em energia e de difícil redução, garantindo empregos e estabilidade econômica em regiões dependentes desses setores.",,,,80-100,,,high,>10 years,"['Requer o desenvolvimento de infraestrutura de transporte e armazenamento de CO2', 'estruturas de políticas de apoio', 'energia limpa suficiente para processos de captura', 'incentivos para adoção']","['Quantidade de CO2 capturado e armazenado anualmente', 'percentagem de redução nas emissões industriais', 'capacidade operacional de projetos de CCS globalmente']",,,,,,,,,,none
ipcc_0040,Projetar com Menos / Redução de Peso dos Produtos,{mitigation},,{ippu},{industrial_processes},{ghg_reduction},"Esta ação envolve melhorar a eficiência dos materiais através do design de produtos mais leves, otimizando o uso de materiais para manter a funcionalidade e incorporando princípios da economia circular, como reutilização, reparabilidade e reciclabilidade. Abrange todo o ciclo de vida do produto, desde o design até a gestão no fim de vida.",0,0,0,0,0,0,0,Promove o acesso a produtos duráveis e acessíveis para comunidades carentes e reduz o desperdício em regiões com recursos limitados.,,,,40-59,,,medium,5-10 years,"['Disponibilidade de materiais avançados', 'políticas de apoio para a economia circular', 'colaboração entre partes interessadas nas cadeias de suprimentos', 'investimento em P&D para materiais leves', 'métodos de design de alta eficiência']","['Redução no uso de materiais por produto', 'aumento na vida útil do produto', 'porcentagem de materiais recuperados e reutilizados', 'redução nas emissões de GEE dos processos de produção']",,,,,,,,,,none
ipcc_0041,Melhoria na Utilização de Materiais (Fundição de Forma Próxima à Final),{mitigation},,{ippu},{industrial_processes},{ghg_reduction},"Esta ação foca em melhorar a eficiência dos materiais adotando técnicas inovadoras de fabricação, como a fundição de forma quase líquida. Esses métodos reduzem o desperdício de material durante a produção, melhoram o rendimento das matérias-primas e aumentam a eficiência energética ao minimizar o retrabalho. As estratégias incluem otimizar o design do produto, reduzir o peso e melhorar os processos de reciclagem e reutilização.",0,0,0,0,0,0,0,"Promove o acesso a tecnologias avançadas e eficientes em materiais para indústrias de todas as escalas, permitindo que empresas menores participem de práticas de fabricação sustentáveis.",,,,40-59,,,medium,5-10 years,"['Disponibilidade de tecnologias avançadas de manufatura', 'treinamento da força de trabalho', 'regulamentações de apoio', 'acesso a materiais para fundição de forma quase líquida']","['Redução de resíduos materiais', 'aumento no rendimento de produção', 'redução nas emissões de GEE por unidade de material produzido']",,,,,,,,,,none
ipcc_0042,"Design para Recuperação, Reutilização ou Reaproveitamento",{mitigation},,{ippu},{industrial_processes},{ghg_reduction},"Esta ação envolve o design de produtos para permitir princípios circulares, como vida útil prolongada do produto, reutilização, reparabilidade e facilidade de reciclagem. Enfatiza a redução de peso, a otimização de materiais e a melhoria na recuperação de materiais no final de seu ciclo de vida por meio da reutilização, remanufatura ou reciclagem.",0,0,0,0,0,0,0,"Garante o acesso equitativo a tecnologias avançadas de reciclagem e reaproveitamento, criando oportunidades para que comunidades desfavorecidas participem em iniciativas de gestão sustentável de materiais.",,,,40-59,,,high,5-10 years,"['Colaboração ao longo das cadeias de suprimentos', 'avanços em tecnologias de reciclagem e remanufatura', 'estruturas de políticas de apoio para incentivar a adoção']","['Percentagem de materiais recuperados e reutilizados', 'redução no desperdício de produção', 'diminuição das emissões de GEE por unidade do ciclo de vida do produto']",,,,,,,,,,none
ipcc_0044,"Matérias-primas alternativas (por exemplo, no cimento)",{mitigation},,{ippu},{industrial_processes},{ghg_reduction},"Utilizar matérias-primas alternativas, como escória de alto-forno, cinzas volantes e pozolanas, para reduzir a proporção de clínquer no cimento durante a produção. Essas alternativas diminuem as emissões associadas à calcinação e aos processos que consomem muita energia. A eficiência do material é melhorada através de concretos de alta resistência e métodos inovadores de colocação, reduzindo ainda mais o uso de materiais.",1,0,0,0,0,0,0,"Promove o acesso equitativo a tecnologias inovadoras de cimento e garante que os benefícios sejam compartilhados entre nações desenvolvidas e em desenvolvimento, promovendo práticas de construção inclusivas.",,,,40-59,,,high,5-10 years,"['Desenvolvimento e disponibilidade de matérias-primas alternativas', 'apoio regulatório para substituição de materiais', 'investimento em pesquisa e desenvolvimento para aplicações inovadoras de concreto']","['Redução na proporção de clínquer para cimento', 'menores emissões de CO2 por tonelada de cimento', 'aumento na adoção de materiais alternativos na produção de cimento']",,,,,,,,,,none
ipcc_0045,"Mudanças Comportamentais para Redução de Resíduos (por exemplo, Alimentos)",{mitigation},,{ippu},{industrial_processes},{ghg_reduction},"Incentivar mudanças comportamentais para reduzir o desperdício em processos industriais e hábitos de consumo, particularmente na produção e consumo de alimentos. Isso inclui reduzir o desperdício de alimentos por meio de um melhor planejamento, otimização dos tamanhos das porções e melhoria das práticas de reciclagem e reutilização nas etapas de produção e pós-consumo.",1,0,0,1,0,0,1,"Promove o acesso justo à educação e aos recursos para a redução de resíduos, especialmente para comunidades de baixa renda e carentes, a fim de melhorar a eficiência dos recursos e reduzir os custos de gestão de resíduos.",,,,20-39,,,medium,<5 years,"['Disponibilidade de infraestrutura para coleta e reciclagem de resíduos', 'campanhas de conscientização pública', 'estruturas de políticas de apoio']","['Redução na porcentagem de desperdício de alimentos', 'aumento nas taxas de reciclagem', 'redução das emissões de gases de efeito estufa provenientes da gestão de resíduos']",,,,,,,,,,none
ipcc_0046,Otimização da Dosagem de Produtos Consumíveis,{mitigation},,{ippu},{product_use},{ghg_reduction},"Incentiva o uso preciso de produtos consumíveis, como detergentes e fertilizantes, para minimizar o desperdício de materiais e energia, ao mesmo tempo que maximiza a eficiência do produto-serviço. Esta estratégia visa reduzir a intensidade de materiais e a produção de resíduos no setor industrial.",0,0,0,0,0,0,0,"Garante o acesso equitativo a recursos educacionais e diretrizes sobre o uso otimizado de consumíveis, beneficiando comunidades carentes ao reduzir custos e melhorar a eficiência.",,,,20-39,,,low,<5 years,"['Requer diretrizes claras', 'campanhas de educação do consumidor', 'conformidade da indústria com recomendações precisas de dosagem']","['Redução de resíduos materiais', 'aumento da adesão às diretrizes de dosagem', 'diminuições mensuráveis nas emissões associadas']",,,,,,,,,,none
ipcc_0047,"Níveis de serviço de produto aprimorados por produto (por exemplo, compartilhamento de produtos)",{mitigation},,{ippu},{industrial_processes},{ghg_reduction},"Promove o uso mais intensivo de produtos duráveis, incentivando o compartilhamento de produtos, o que reduz a demanda por novos produtos e as emissões de GEE associadas à sua fabricação e cadeia de suprimentos.",0,0,0,1,0,1,1,"Apoia o acesso equitativo a bens e serviços ao reduzir os custos de propriedade, permitindo que comunidades desfavorecidas participem em iniciativas de compartilhamento de produtos.",,,,40-59,,,medium,5-10 years,"['Desenvolvimento de plataformas e sistemas para facilitar o compartilhamento de produtos', 'colaboração entre partes interessadas', 'políticas de apoio para incentivar modelos de uso compartilhado']","['Número de sistemas de produto-serviço compartilhados implementados', 'redução na demanda de materiais per capita', 'diminuição nas emissões de GEE da fabricação de produtos']",,,,,,,,,,none
ipcc_0048,Desenho para vida útil prolongada do produto,{mitigation},,{ippu},{product_use},{ghg_reduction},"Projetar produtos com maior durabilidade, maior reutilização, reparabilidade e reciclabilidade para reduzir o uso de materiais e melhorar a eficiência dos recursos. Isso inclui otimizar os designs dos produtos para minimizar o consumo de materiais e as emissões, apoiando uma economia circular.",0,0,0,0,0,0,1,"Promove a acessibilidade de produtos duráveis e reutilizáveis, garantindo que as populações de baixa renda tenham acesso a bens de alta qualidade e longa duração.",,,,40-59,,,medium,5-10 years,"['Requer colaboração em toda a cadeia de suprimentos de materiais', 'avanços no design de produtos', 'estruturas de políticas de apoio para incentivar práticas de economia circular']","['Redução no uso de material por produto', 'aumento na vida útil do produto', 'taxa de reutilização e reparo', 'redução nas emissões de GEE da produção de materiais e resíduos']",,,,,,,,,,none
ipcc_0049,Melhoria na manutenção do estoque de produtos para prolongar a vida útil,{mitigation},,{ippu},{industrial_processes},{ghg_reduction},Estender a vida útil de edifícios e infraestruturas mantendo sua integridade estrutural por meio de uma manutenção aprimorada do estoque de produtos. Isso envolve garantir que as estruturas de concreto permaneçam funcionais por mais de 200 anos.,0,0,0,0,0,0,0,"Apoia infraestruturas acessíveis ao reduzir a necessidade de reconstruções frequentes, beneficiando comunidades carentes e com recursos limitados.",,,,40-59,,,medium,5-10 years,"['Desenvolvimento de técnicas avançadas de manutenção', 'políticas eficazes para promover a longevidade dos edifícios', 'educação para profissionais da construção sobre práticas duráveis']","['Aumento na vida útil média de edifícios e infraestruturas', 'redução na demanda de cimento per capita', 'redução geral das emissões de CO2 na produção de cimento']",,,,,,,,,,none
ipcc_0050,Mudar para um comportamento de suficiência,{mitigation},,{ippu},{industrial_processes},{ghg_reduction},"Promove mudanças comportamentais e de consumo para reduzir as emissões industriais gerais, enfatizando a redução da demanda por produtos, a reutilização e reciclagem, e o uso mais eficiente dos recursos.",0,0,0,1,0,0,0,"Garante a participação inclusiva em iniciativas de suficiência, permitindo que grupos de baixa renda acessem medidas de economia de custos enquanto promovem o consumo sustentável em todas as camadas econômicas.",,,,20-39,,,low,<5 years,"['Campanhas de conscientização pública', 'políticas de apoio', 'integração da sustentabilidade em estruturas empresariais e governamentais']","['Redução na intensidade de materiais e energia per capita', 'diminuição nas taxas de geração de resíduos', 'melhoria nas estatísticas de reciclagem e reutilização']",,,,,,,,,,none
ipcc_0052,Reduzir o Desmatamento e a Degradação,{mitigation},,{afolu},{land},{ghg_reduction},"Reduzir o desmatamento e a degradação florestal conserva os reservatórios de carbono na vegetação e no solo das florestas, evitando a perda de cobertura arbórea e distúrbios. Isso envolve controlar os fatores que levam ao desmatamento, melhorar a governança florestal e apoiar a gestão comunitária das florestas.",1,1,0,0,0,0,0,"Promove a posse segura da terra, apoia a gestão florestal comunitária e garante a participação de grupos marginalizados e indígenas nos processos de tomada de decisão.",,,,,60-79,,medium,5-10 years,"['Requer governança aprimorada', 'políticas claras de posse de terra', 'financiamento para áreas protegidas', 'participação da comunidade nos esforços de conservação florestal']","['Redução nas taxas de desmatamento', 'aumento da cobertura florestal', 'a quantidade de emissões de GEE evitadas por ano']",,,,,,,,,,tropical_rainforest
ipcc_0053,"Aflorestamento, Reflorestamento e Restauração de Ecossistemas Florestais",{mitigation},,{afolu},{land},{ghg_reduction},"Atividades focadas na conversão de terras em florestas, na restauração de florestas degradadas e na priorização da integridade ecológica. O reflorestamento visa terras historicamente não florestadas, enquanto a reflorestação visa áreas anteriormente florestadas. Os esforços incluem o aumento da biodiversidade, a melhoria dos serviços ecossistêmicos e o aumento da captura de carbono.",0,1,1,0,0,0,0,"Apoia os meios de subsistência locais, promove a equidade no uso da terra e garante a participação inclusiva das partes interessadas em programas de reflorestamento e restauração.",,,,,60-79,,high,5-10 years,"['Requer financiamento para restauração de terras', 'acesso a espécies adequadas para plantio', 'engajamento da comunidade local', 'sistemas de monitoramento para integridade do ecossistema e sequestro de carbono']","['Área de terra reflorestada ou florestada', 'taxas de sequestro de carbono', 'melhoria nos índices de biodiversidade', 'métricas de serviços ecossistêmicos, como regulação da água e qualidade do solo']",,,,,,,,,,none
ipcc_0054,Melhoria na Gestão Florestal,{mitigation},,{afolu},{land},{ghg_reduction},"Gestão florestal sustentável de florestas já manejadas para aumentar os estoques de carbono, melhorar a qualidade da madeira, mitigar distúrbios e proporcionar co-benefícios como a conservação da biodiversidade, regulação da água e proteção do solo. Inclui rotações mais longas, colheita reduzida, povoamentos mistos e silvicultura inteligente para o clima.",0,1,1,0,0,0,0,"Promove a participação inclusiva na gestão florestal e oferece apoio a pequenos proprietários e comunidades locais, especialmente em regiões tropicais onde práticas sustentáveis podem melhorar os meios de subsistência e mitigar as mudanças climáticas.",,,,,40-59,,high,5-10 years,"['Requer expertise em silvicultura sustentável', 'investimento em viveiros com espécies adaptadas', 'políticas de apoio', 'incentivos para superar barreiras econômicas', 'garantir acessibilidade para as partes interessadas locais']","['Aumento dos estoques de carbono florestal', 'redução nas emissões de GEE', 'melhorias nos indicadores de biodiversidade', 'redução na erosão do solo e problemas relacionados à água']",,,,,,,,,,none
ipcc_0055,Gestão de Incêndios (Incêndios Florestais e de Pastagens / Savanas),{mitigation},,{afolu},{land},{ghg_reduction},"Implementação de práticas de manejo do fogo, incluindo queima prescrita e gestão de recursos naturais, para reduzir incêndios florestais descontrolados em florestas e savanas. Foca em proteger a vida, a propriedade e os recursos, enquanto mitiga as emissões de GEE e mantém os estoques de carbono.",1,0,0,0,0,0,0,"Promove o acesso equitativo aos recursos de gestão de incêndios, com foco no fortalecimento de capacidades e governança em regiões vulneráveis ou carentes, como os países menos desenvolvidos na África.",,,,,20-39,,medium,5-10 years,"['Estruturas de governança eficazes', 'acesso a pesquisa e tecnologia para gestão de incêndios', 'engajamento da comunidade', 'alinhamento com estruturas legais e políticas regionais']","['Redução na frequência e intensidade de incêndios florestais descontrolados', 'Área gerida com queimadas prescritas', 'Redução nas emissões de GEE de incêndios', 'Melhoria nas métricas de biodiversidade e saúde do solo']",,,,,,,,,,none
ipcc_0056,Reduzir a Degradação e Conversão de Pastagens e Savanas,{mitigation},,{afolu},{land},{ghg_reduction},"Esta ação envolve prevenir a conversão de pastagens e savanas em terras agrícolas para evitar a perda de carbono do solo e mitigar as emissões de GEE. Inclui atividades como manejo da vegetação, manejo de animais e manejo do fogo para aumentar a captura de carbono no solo e conservar a biodiversidade.",0,0,0,0,0,0,0,"Promove práticas de conservação que beneficiam as comunidades locais, protegem ecossistemas vulneráveis e aumentam a resiliência econômica dos proprietários de terras através do uso sustentável de pastagens.",,,,,20-39,,medium,5-10 years,"['Fortes estruturas políticas', 'incentivos financeiros para conservação', 'colaboração entre governos', 'comunidades locais', 'proprietários de terras para implementar práticas sustentáveis']","['Redução nas taxas de conversão de pastagens', 'aumento nos níveis de carbono orgânico do solo', 'redução mensurável nas emissões de GEE das áreas alvo']",,,,,,,,,,grassland_savanna
ipcc_0057,"Reduzir a Degradação e Conversão de Atividades em Turfeiras, Co-benefícios, Riscos e Barreiras de Implementação",{mitigation},,{afolu},{land},{ghg_reduction},"Prevenir a conversão e degradação de turfeiras para evitar emissões provenientes do desmatamento, incêndios e decomposição de turfa. Inclui melhorar a governança e gestão para preservar ecossistemas ricos em carbono, críticos para a biodiversidade e armazenamento de carbono.",0,1,1,0,0,0,0,"Promove o acesso equitativo aos recursos de turfeiras preservadas, enquanto reduz os riscos à saúde causados por poluentes relacionados ao fogo, especialmente para comunidades vulneráveis e rurais.",,,,,40-59,,high,5-10 years,"['Requer governança forte', 'apoio financeiro', 'cooperação internacional', 'políticas para controlar os fatores de conversão de terras', 'como agricultura', 'mineração', 'desenvolvimento urbano']","['Redução nas taxas de conversão de turfeiras', 'emissões evitadas por hectare', 'melhorias nas métricas de biodiversidade e qualidade da água']",,,,,,,,,,wetlands
ipcc_0058,Restauração de Turfeiras,{mitigation},,{afolu},{land},{ghg_reduction},"A restauração de turfeiras envolve o reumedecimento e a revegetação de turfeiras degradadas para aumentar o acúmulo de carbono na vegetação e nos solos, enquanto se evita a emissão contínua de CO2. Isso inclui a restauração da hidrologia, a redução do risco de incêndios e a manutenção de serviços ecossistêmicos como a regulação da água e a prevenção de inundações. Também aborda a conservação da biodiversidade e a paludicultura.",0,1,1,0,0,0,1,"Promove a inclusão das comunidades locais no planejamento e implementação, garante que meios de subsistência alternativos sejam mantidos e aborda potenciais conflitos sobre o uso da terra.",,,,,60-79,,high,>10 years,"['Disponibilidade de financiamento', 'colaboração entre partes interessadas locais e nacionais', 'pesquisa científica sobre práticas de restauração ideais', 'políticas para incentivar os esforços de restauração']","['Disponibilidade de financiamento', 'colaboração entre partes interessadas locais e nacionais', 'pesquisa científica sobre práticas de restauração ideais', 'políticas para incentivar os esforços de restauração']",,,,,,,,,,wetlands
ipcc_0060,Restauração de Zonas Úmidas Costeiras,{mitigation},,{afolu},{land},{ghg_reduction},"A restauração de zonas úmidas costeiras envolve a recuperação de ecossistemas costeiros degradados ou danificados, incluindo manguezais, marismas e pradarias marinhas, para sequestrar ""carbono azul"" na vegetação e nos solos. A restauração inclui abordagens passivas (remoção dos fatores de degradação) e ativas (manipulação ambiental) para restabelecer as funções do ecossistema e o potencial de sequestro de carbono.",0,1,1,0,0,0,0,"Envolve as comunidades locais nas etapas de tomada de decisão, implementação e monitoramento para garantir o acesso equitativo aos benefícios dos ecossistemas e a proteção das populações costeiras vulneráveis.",,,,,40-59,,high,>10 years,"['Requer compromissos de longo prazo', 'políticas de apoio', 'financiamento', 'estruturas de monitoramento', 'capacidade técnica', 'para abordar os fatores de degradação', 'garantir o sucesso da restauração']","['Área de zonas úmidas restauradas', 'taxas de sequestro de carbono', 'métricas de recuperação da biodiversidade', 'redução nos custos de danos causados por tempestades', 'melhorias na qualidade da água']",,,,,,,,,,none
ipcc_0061,Gestão de Carbono do Solo em Terras Agrícolas e Pastagens,{mitigation},,{afolu},{land},{ghg_reduction},"Implementação de práticas de manejo sustentável do solo em terras agrícolas e pastagens para aumentar o carbono orgânico do solo. As práticas incluem manejo melhorado de culturas e nutrientes, redução do preparo do solo, retenção de resíduos, manejo de água e arroz, aplicação de biochar, melhoramento de variedades de gramíneas, manejo de lotação de gado e manejo de incêndios. Essas atividades visam aumentar a matéria orgânica do solo, mitigar as emissões de GEE e proporcionar co-benefícios para a biodiversidade, fornecimento de água e segurança alimentar.",0,1,0,0,0,0,0,"Promove a inclusão de pequenos agricultores e comunidades com recursos limitados, fornecendo práticas econômicas e adaptáveis regionalmente que melhoram a produtividade agrícola e a resiliência às mudanças climáticas.",,,,,60-79,,low,5-10 years,"['O sucesso depende da disponibilidade de recursos para monitoramento e verificação', 'adaptação regional de práticas', 'enfrentamento de barreiras como saturação do solo e questões de permanência']","['Aumento do carbono orgânico do solo', 'redução nas emissões de GEE', 'melhoria na produtividade agrícola', 'melhorias na biodiversidade']",,,,,,,,,,none
ipcc_0062,Biochar,{mitigation},,{afolu},{land},{ghg_reduction},"O biochar é produzido pelo aquecimento de matéria orgânica (por exemplo, resíduos florestais, palha, esterco) em ambientes com oxigênio limitado. Ele tem um potencial significativo de mitigação através da remoção de dióxido de carbono (CDR), redução das emissões de gases de efeito estufa e benefícios na aplicação ao solo, como melhoria da fertilidade e redução das emissões de N2O.",0,0,0,0,0,0,0,"Promove o acesso a tecnologias sustentáveis de biochar para pequenos agricultores e regiões em desenvolvimento, melhorando a segurança alimentar e os meios de subsistência.",,,,,20-39,,high,5-10 years,"['Disponibilidade de biomassa de origem sustentável', 'padronização dos métodos de produção', 'sistemas de monitoramento', 'incentivos para aumentar a produção e aplicação de biochar']","['Taxas de sequestro de carbono', 'redução nas emissões de N2O do solo', 'melhorias no rendimento das colheitas', 'substituição do uso de combustíveis fósseis por gases de pirólise']",,,,,,,,,,none
ipcc_0063,Agrofloresta,{mitigation},,{afolu},{land},{ghg_reduction},"A agrofloresta integra árvores e arbustos com culturas e/ou gado para sequestrar carbono, melhorar a saúde do solo, reduzir a erosão do solo, melhorar a qualidade da água e diversificar os meios de subsistência. Também oferece co-benefícios, como mitigar climas regionais e aumentar a produtividade da terra, enquanto aborda riscos como impactos na biodiversidade e hidrologia.",0,1,1,0,0,0,1,"Apoia pequenos agricultores fornecendo acesso a ferramentas, oportunidades de mercado e informações, enquanto aborda barreiras como posse de terra, acesso a crédito e seleção de espécies adequadas para contextos locais.",,,,,40-59,,medium,5-10 years,"['Requer acesso a germoplasma apropriado', 'políticas de apoio', 'sistemas de extensão', 'acesso a crédito', 'reformas nos sistemas de posse de terra', 'A adoção depende do alinhamento das práticas agroflorestais aos contextos biofísicos e socioeconômicos']","['Taxas de sequestro de carbono (acima e abaixo do solo)', 'métricas de saúde do solo melhoradas', 'aumento na renda dos agricultores', 'redução na erosão do solo', 'taxas de adoção de sistemas agroflorestais']",,,,,,,,,,none
ipcc_0064,Fermentação entérica,{mitigation},,{afolu},{livestock},{ghg_reduction},"Esta ação visa as emissões de metano (CH4) provenientes da fermentação entérica em gado através de intervenções diretas, como aditivos alimentares, inibidores ou vacinas, e medidas indiretas, como a melhoria da eficiência de produção por meio de melhores práticas de criação e manejo. Também inclui a manipulação precoce do bioma ruminal.",0,0,0,0,0,0,0,"Apoia pequenos agricultores no acesso a tecnologias avançadas e programas de melhoramento, com foco especial em países em desenvolvimento onde a melhoria da qualidade da alimentação pode aumentar a produtividade do gado.",,,,,20-39,,medium,5-10 years,"['Desenvolvimento e aprovação regulatória de aditivos para rações, vacinas e inibidores', 'adaptação regional de estratégias de mitigação', 'superação de barreiras como custos, infraestrutura e aceitação pública']","['Redução nas emissões de CH4 por animal', 'taxas de adoção de práticas de alimentação melhoradas', 'aumento na eficiência de produção por unidade de produto pecuário']",,,,,,,,,,none
ipcc_0066,Gestão de nutrientes das culturas,{mitigation},,{afolu},{land},{ghg_reduction},"Implementação de práticas aprimoradas de manejo de nutrientes das culturas para reduzir as emissões de N2O dos solos agrícolas. As práticas incluem a otimização das taxas, do tempo e dos tipos de aplicação de fertilizantes; o uso de inibidores de nitrificação e fertilizantes de liberação lenta; e a integração de técnicas de manejo de nutrientes, como rotações de culturas, culturas de cobertura e aplicação de biofertilizantes.",0,1,1,0,0,0,0,"Promove práticas agrícolas sustentáveis que podem ser adaptadas para pequenas e grandes propriedades, abordando desequilíbrios regionais no acesso a fertilizantes e garantindo a inclusão na adoção de novas tecnologias.",,,,,20-39,,medium,5-10 years,"['Disponibilidade de treinamento e suporte técnico para agricultores', 'desenvolvimento de roteiros regionais de gestão de nutrientes', 'acesso a fertilizantes e inibidores acessíveis']","['Redução nas emissões de N2O', 'melhoria nos rendimentos das colheitas', 'aumento na captura de carbono no solo', 'redução no uso de fertilizantes por hectare']",,,,,,,,,,none
ipcc_0067,Gestão de esterco,{mitigation},,{afolu},{livestock},{ghg_reduction},"As medidas de gestão de esterco visam mitigar as emissões de CH4 e N2O do armazenamento e deposição de esterco através de técnicas como digestão anaeróbica, inibidores de nitrificação, compostagem, práticas de armazenamento e aplicação melhoradas, práticas de pastoreio e alteração da dieta do gado. Os co-benefícios incluem a melhoria na recuperação de nutrientes, valor de fertilizante e produção de biogás.",1,1,1,0,0,0,0,"Apoia tecnologias de digestão anaeróbica em pequena escala e medidas aplicáveis regionalmente em países em desenvolvimento, proporcionando oportunidades econômicas e melhorando a resiliência para comunidades agrícolas desfavorecidas.",,,,,20-39,,high,5-10 years,"['Desenvolvimento de sistemas de digestão anaeróbica custo-efetivos', 'políticas de apoio para inibidores de nitrificação', 'programas de treinamento específicos para a região', 'financiamento acessível para agricultores']","['Redução nas emissões de CH4 e N2O do armazenamento de esterco', 'aumento da adoção de sistemas de digestão anaeróbica', 'melhoria na eficiência do uso de nitrogênio', 'aumento da produção de biogás']",,,,,,,,,,none
ipcc_0069,Mudança para dietas saudáveis e sustentáveis,{mitigation},,{afolu},{livestock},{ghg_reduction},"Transição dos padrões alimentares para promover a saúde e o bem-estar individual, minimizando os impactos ambientais. Foca na redução do consumo de alimentos de origem animal, particularmente de animais ruminantes, e no aumento do consumo de alimentos de origem vegetal para reduzir as emissões de GEE e preservar a biodiversidade.",0,1,0,0,0,0,0,"Promove o acesso a dietas acessíveis e culturalmente aceitáveis que atendam às necessidades nutricionais, particularmente em comunidades carentes e vulneráveis. As políticas abordam a equidade no acesso aos alimentos e mitigam os impactos econômicos adversos nos setores agrícolas.",,,,,40-59,,medium,5-10 years,"['Implementação de políticas integradas para o sistema alimentar', 'incentivos financeiros para a agricultura sustentável', 'campanhas de conscientização', 'desenvolvimento de sistemas alimentares locais para apoiar transições alimentares']","['Redução nas emissões de GEE da produção de alimentos', 'redução no uso da terra para pecuária', 'aumento no consumo de alimentos à base de plantas', 'melhoria nos indicadores de saúde pública relacionados a doenças relacionadas à dieta']",,,,,,,,,,none
ipcc_0070,Reduzir a perda e o desperdício de alimentos,{mitigation},,{afolu},{land},{ghg_reduction},"Redução da perda e desperdício de alimentos (FLW) por meio de tecnologias aprimoradas de colheita e pós-colheita, relatórios obrigatórios, metas de redução, campanhas de conscientização do consumidor, tributação e comercialização de produtos alimentares imperfeitos. Inclui medidas em toda a cadeia de abastecimento alimentar para minimizar o desperdício e a deterioração.",0,1,1,1,0,0,0,"Apoia comunidades vulneráveis reduzindo a insegurança alimentar e a pobreza, enquanto aborda a competição por recursos e melhora o acesso a alimentos acessíveis.",,,,,20-39,,medium,5-10 years,"['Infraestrutura adequada para armazenamento e transporte de alimentos', 'estruturas políticas para redução de resíduos', 'incentivos financeiros', 'educação ampla do consumidor para mudar comportamentos']","['Redução nos percentuais de desperdício de alimentos em níveis de consumidores e empresas', 'diminuição da terra utilizada para produção agrícola', 'reduções mensuráveis de emissões de GEE ao longo da cadeia de abastecimento alimentar']",,,,,,,,,,none
ipcc_0071,Melhorado e ampliado uso de produtos de madeira,{mitigation},,{afolu},{land},{ghg_reduction},"Promove o uso de madeira colhida de forma sustentável para substituição de materiais (por exemplo, substituindo concreto ou aço) e aumentando o armazenamento de carbono em produtos de madeira. Inclui estratégias como aumentar a reciclagem, prolongar a vida útil dos produtos e mudar para produtos de madeira de longa duração.",0,0,1,0,0,0,0,"Apoia comunidades locais e indígenas criando meios de subsistência sustentáveis, promovendo a gestão equitativa dos recursos florestais e melhorando o acesso a benefícios de longo prazo.",,,,,40-59,,medium,5-10 years,"['Requer práticas de manejo florestal sustentável', 'tecnologias avançadas de processamento de madeira', 'demanda de mercado por substitutos da madeira', 'cooperação global para prevenir a exploração de recursos']","['Aumento do uso de produtos de madeira na construção', 'redução nas emissões de GEE pela substituição de materiais', 'aumento nas taxas de utilização de produtos de madeira reciclada']",,,,,,,,,,none
ipcc_0072,Forma Urbana,{mitigation},,{transportation},{on-road},{ghg_reduction},"Desenvolver áreas urbanas com densidades médias a altas de habitação, empregos e comércio; uma alta mistura de usos do solo; ruas conectadas; e alta acessibilidade. Este layout reduz as milhas percorridas por veículos e apoia o transporte de baixo carbono e a eficiência energética.",1,0,0,1,0,1,0,"Promove a acessibilidade para comunidades carentes por meio de planejamento inclusivo, garantindo acesso equitativo a empregos, habitação e serviços.",,20-39,,,,,high,>10 years,"['Requer planejamento espacial integrado', 'desenvolvimento de infraestrutura', 'regulamentos de zoneamento', 'investimento em transporte público']","['Redução nas milhas percorridas por veículos', 'aumento no uso de transporte público', 'porcentagem de áreas urbanas com desenvolvimento de uso misto', 'menor uso de energia per capita em áreas urbanas']",,,,,,,,,,none
ipcc_0073,"Habitação e Empregos Co-localizados, Uso Misto do Solo e Conectividade de Rua Principal",{mitigation},,{transportation},{on-road},{ghg_reduction},"Esta ação integra estratégias de planejamento espacial baseadas nos 5Ds do desenvolvimento orientado para o trânsito (densidade, diversidade, design, acessibilidade ao destino e distância ao trânsito). O objetivo é reduzir as milhas percorridas por veículos (VMT) e as emissões de GEE relacionadas ao transporte, aumentando as densidades residenciais e de empregos, melhorando a conectividade das ruas e incentivando o uso misto do solo.",1,0,0,1,1,1,1,"Promove o acesso equitativo a empregos e habitação melhorando o transporte público, aumentando as opções de habitação acessível perto de centros de emprego e reduzindo os encargos de deslocamento para comunidades desfavorecidas.",,20-39,,,,,high,5-10 years,"['Requer planejamento urbano eficaz', 'apoio político para uso misto do solo', 'investimento em infraestrutura de transporte público', 'cooperação entre agências municipais']","['Redução em VMT', 'aumento no uso de transporte público', 'diminuição nas emissões de GEE relacionadas ao transporte', 'melhoria na acessibilidade a empregos e habitação']",,,,,,,,,,none
ipcc_0074,Planejamento Espacial para Forma Urbana Compacta,{mitigation},,{stationary_energy},{commercial_and_institutional_buildings_and_facilities},{ghg_reduction},"O planejamento espacial integrado promove uma forma urbana compacta para reduzir as emissões de GEE, aumentando a eficiência urbana, apoiando infraestruturas sustentáveis, como redes de aquecimento/resfriamento distrital, e ampliando áreas verdes. Processos de co-design melhoram a aceitação pública e a capacidade institucional para apoiar estratégias de mitigação coordenadas.",1,0,1,0,1,1,0,"Equilibra a densificação urbana com habitação acessível e acesso equitativo a espaços verdes, garantindo que populações de baixa renda e vulneráveis se beneficiem das iniciativas de planejamento urbano.",60-79,,,,,,high,>10 years,"['Alta capacidade institucional para colaboração intersetorial', 'ferramentas GIS avançadas para planejamento espacial', 'envolvimento das partes interessadas para processos de co-design']","['Redução das emissões de GEE per capita', 'taxas de adoção de sistemas de aquecimento/arrefecimento distrital', 'proporção da população urbana com acesso a áreas verdes']",,,,,,,,,,none
ipcc_0076,Mudança para Materiais e Cadeias de Abastecimento com Emissões Líquidas Zero,{mitigation},,{ippu},{industrial_processes},{ghg_reduction},"Transição para carbono incorporado líquido zero em materiais de construção e cadeias de suprimento, substituindo materiais com altas emissões, como aço e concreto, por sistemas de madeira engenheirada. Isso inclui tecnologias de madeira maciça para edifícios urbanos de altura média, integrando silvicultura sustentável, reciclagem e reutilização.",1,0,0,0,0,0,0,Apoia regiões com baixa cobertura florestal através do comércio sustentável de madeira e práticas de agroflorestação para reduzir conflitos de uso da terra. Promove a criação de empregos nas indústrias de silvicultura e madeira sustentáveis.,,,,60-79,,,high,>10 years,"['Gestão florestal sustentável', 'normas internacionais de contabilidade de carbono', 'desenvolvimento de tecnologias de madeira em massa', 'políticas robustas de governança de florestas e terras urbanas', 'práticas de reflorestamento incentivadas']","['Redução do carbono incorporado na construção', 'número de edifícios urbanos de altura média utilizando madeira engenheirada', 'capacidade de sequestro de carbono da infraestrutura urbana de madeira', 'melhoria nas práticas de silvicultura sustentável']",,,,,,,,,,none
ipcc_0078,"Telhados Verdes, Paredes Verdes e Corredores Verdes",{mitigation},,{stationary_energy},{commercial_and_institutional_buildings_and_facilities},{ghg_reduction},"A implementação de telhados verdes, paredes verdes e corredores verdes mitiga os efeitos das ilhas de calor urbanas, melhora o conforto térmico, reduz a demanda de energia em edifícios, gerencia a água da chuva e promove o transporte ativo através de espaços verdes conectados, contribuindo para a redução de emissões e a habitabilidade urbana.",1,1,1,0,0,1,1,"Fornece infraestrutura verde que beneficia comunidades carentes, melhorando o acesso a espaços verdes públicos e apoiando ambientes urbanos mais saudáveis.",20-39,,,,,,high,5-10 years,"['Requer coordenação do governo local', 'engajamento da comunidade', 'integração do planejamento urbano', 'financiamento adequado para o desenvolvimento e manutenção da infraestrutura']","['Redução no consumo de energia em edifícios', 'aumento na cobertura verde urbana', 'taxas de retenção de águas pluviais', 'aumento do uso de transporte ativo (ciclismo/caminhada)', 'melhoria do conforto térmico']",,,,,,,,,,none
ipcc_0080,"Evitando, Minimizando e Reciclando Resíduos",{mitigation},,{waste},{disposal_of_solid_waste_generated_in_the_city},{ghg_reduction},"Implementação dos princípios da hierarquia de resíduos para reduzir a geração de resíduos, melhorar a separação na fonte e aumentar a reciclagem e a compostagem. Promove a gestão descentralizada de resíduos, a compostagem doméstica e abordagens de economia circular para transformar resíduos em energia ou subprodutos, minimizando as emissões relacionadas ao transporte.",1,0,0,1,0,1,1,"Apoia trabalhadores informais na gestão de resíduos, oferece oportunidades de emprego e reduz desigualdades ao integrar setores informais em sistemas formais. Garante o compartilhamento de custos e a distribuição de benefícios entre as partes interessadas.",,,40-59,,,,medium,5-10 years,"['Requer capacidade institucional', 'governança', 'coordenação intersetorial', 'campanhas de conscientização pública', 'necessita de infraestrutura para tratamento descentralizado de resíduos', 'políticas para promover práticas de economia circular']","['Redução na geração de resíduos per capita', 'aumento nas taxas de reciclagem e compostagem', 'redução nas emissões de CH4 de resíduos', 'oportunidades de emprego criadas na gestão de resíduos']",,,,,,,,,,none
ipcc_0081,Acomodação Costeira,{adaptation},"{floods,sea-level-rise}","{road_infrastructure,geo-hydrological_disasters}",,{climate_resilience},"Elevar habitações e infraestruturas chave, como estradas costeiras, acima do nível do solo para reduzir os impactos das inundações em pequenas ilhas, com subsídios governamentais apoiando casas elevadas em áreas propensas a inundações.",0,0,1,-1,1,0,1,"Fornece mitigação de inundações e segurança para populações costeiras vulneráveis, embora a oposição local tenha limitado a implementação em algumas áreas.",,,,,,medium,high,5-10 years,"['Subsídios governamentais', 'Apoio comunitário', 'Disponibilidade de materiais de construção']","['Percentagem de casas elevadas', 'Redução nos danos relacionados a inundações', 'Número de estradas elevadas']",,,,"""high""","""medium""",,,,,coastal_marine
ipcc_0083,Retirada estratégica costeira,{adaptation},"{sea-level-rise,floods,storms,landslides}","{geo-hydrological_disasters,public_health}",,{climate_resilience},"Realocação planejada e retirada de pessoas, bens e atividades de zonas de risco costeiro para reduzir a exposição e os riscos causados pela elevação do nível do mar e perigos costeiros associados.",0,1,2,-1,1,1,1,"A retirada estratégica garante a inclusão de populações vulneráveis, respeitando laços culturais e abordando o apego ao lugar e os meios de subsistência.",,,,,,high,high,>10 years,"['Terreno adequado e acessível', 'Financiamento adequado', 'Governança e planejamento eficazes', 'Envolvimento da comunidade']","['Número de comunidades realocadas', 'Redução na exposição a riscos', 'Restauração de serviços ecossistêmicos em zonas de retirada']",,,,"""high""","""high""","""high""","""high""",,,coastal_marine
ipcc_0084,Restaurar/criar áreas naturais,{adaptation},"{sea-level-rise,floods,storms,droughts}","{biodiversity,water_resources,geo-hydrological_disasters}",,{climate_resilience},"Restauração e conservação de habitats marinhos e costeiros, como manguezais, dunas vegetadas, ervas marinhas, recifes de coral e florestas de algas, para proteger comunidades costeiras, apoiar a biodiversidade, sequestrar carbono e mitigar as mudanças climáticas. Os esforços incluem a criação de áreas marinhas protegidas, restauração ativa de recifes de coral, gestão de encosta a recife, restauração de dunas, plantio de árvores tolerantes à salinidade, aumento da cobertura florestal, detecção e manejo de pragas florestais.",1,2,2,1,1,0,1,Promove a inclusão protegendo ecossistemas que apoiam comunidades costeiras vulneráveis e melhora os meios de subsistência por meio de pescas sustentáveis e oportunidades de recreação.,,,,,,high,medium,5-10 years,"['Envolvimento da comunidade', 'Financiamento para projetos de restauração', 'Integração do conhecimento local', 'Gestão sustentável dos recursos marinhos']","['Área de habitats restaurados', 'Redução de incidentes de inundações costeiras', 'Melhoria nos índices de biodiversidade', 'Capacidade de sequestro de carbono']",,"""medium""",,"""high""","""high""",,"""high""",,,coastal_marine
ipcc_0085,Reduzir o estresse do ecossistema,{adaptation},"{droughts,floods,sea-level-rise,wildfires,storms}","{biodiversity,water_resources,geo-hydrological_disasters}",,{climate_resilience},"Reduzir a poluição, a eutrofização e as pressões antropogênicas sobre os sistemas naturais, incluindo ecossistemas marinhos e terrestres. Os esforços incluem o gerenciamento de escoamento, a proteção de habitats sensíveis como a Grande Barreira de Corais, o enfrentamento de fatores não climáticos, a promoção de colheitas sustentáveis em pescarias e o aumento da conectividade entre áreas naturais para melhorar a resiliência dos ecossistemas.",1,2,2,0,0,0,1,"Apoia comunidades vulneráveis que dependem de ecossistemas para subsistência, melhorando os serviços ecossistêmicos, promovendo a pesca sustentável e garantindo o acesso a habitats conectados que podem mitigar riscos relacionados ao clima.",,,,,,high,medium,5-10 years,"['Aplicação de regulamentos de poluição', 'Financiamento para restauração de ecossistemas', 'Monitoramento de estoques de peixes e conectividade de habitats', 'Envolvimento da comunidade', 'Planejamento estratégico de restauração de habitats']","['Redução nos níveis de poluentes', 'Melhoria nos índices de qualidade da água', 'Aumento nas pontuações de resiliência da biodiversidade', 'Redução na frequência de eventos de estresse do ecossistema', 'Aumento nos rendimentos de pesca sustentável', 'Aumento na conectividade de habitats']",,"""medium""",,"""high""","""high""",,"""high""","""medium""",,none
ipcc_0086,Adaptação baseada em ecossistemas,{adaptation},"{storms,sea-level-rise,heatwaves,floods}","{biodiversity,geo-hydrological_disasters,water_resources,public_health}",,{climate_resilience},"Restaurar e gerir de forma sustentável os ecossistemas marinhos, costeiros, urbanos, fluviais e de zonas húmidas para proteger contra perigos climáticos, como tempestades, inundações e ondas de calor. Os esforços incluem agroecologia, vegetação costeira e marinha e recifes, corredores de vegetação, restauração de habitats de manguezais, espaços verdes urbanos para reduzir as temperaturas. Estas ações melhoram a biodiversidade, armazenam carbono, melhoram a qualidade da água e proporcionam co-benefícios socioeconômicos e culturais.",1,2,2,0,1,1,1,"Apoia comunidades vulneráveis ao melhorar a resiliência climática, promover o acesso equitativo aos serviços ecossistêmicos e criar oportunidades de subsistência, especialmente para populações marginalizadas e desatendidas.",,,,,,high,medium,5-10 years,"['Engajamento comunitário', 'Apoio regulatório', 'Investimento financeiro', 'Planejamento urbano', 'Vegetação resiliente ao clima', 'Avaliações de biodiversidade', 'Gestão de bacias hidrográficas', 'Planejamento a montante', 'Financiamento sustentável']","['Redução de danos causados por marés de tempestade', 'Taxas de sequestro de carbono', 'Aumento da biodiversidade', 'Redução da temperatura em áreas urbanas', 'Melhoria da qualidade da água', 'Acesso a espaços verdes por comunidades carentes', 'Redução de eventos de inundação', 'Melhoria da saúde dos ecossistemas']",,,"""high""","""high""","""high""",,"""high""",,,none
ipcc_0088,Códigos de construção,{adaptation},"{floods,landslides}","{road_infrastructure,geo-hydrological_disasters}",,{climate_resilience},"O desenvolvimento e implementação de códigos de construção e regulamentos de design arquitetônico voltados para a integração de parâmetros de adaptação climática. Esses códigos são focados na redução de riscos de perigos induzidos pelo clima, como inundações e deslizamentos de terra. Eles também apoiam o desenvolvimento urbano resiliente ao clima, orientando o uso do solo, práticas de construção e padrões de infraestrutura. A iniciativa promove o planejamento urbano estratégico de longo prazo para coordenar investimentos públicos e privados em adaptação, incluindo a criação de zonas seguras e a transformação de assentamentos precários. Ela garante que novas infraestruturas sejam resilientes aos riscos climáticos e que os espaços urbanos sejam seguros e sustentáveis para as populações atuais e futuras.",2,0,1,1,2,1,1,Promove o planejamento urbano inclusivo ao abordar riscos em assentamentos informais e precários e integrar eco-parques e eco-jardins para populações vulneráveis.,,,,,,high,medium,5-10 years,"['Integração com avaliações locais de risco climático', 'Colaboração estratégica entre planejadores urbanos e autoridades municipais']","['Redução de incidentes de inundações urbanas', 'Aumento da disponibilidade de habitação segura em áreas de risco', 'Taxa de implementação de eco-parques e eco-jardins em áreas vulneráveis']",,,,"""high""",,"""high""",,,,none
ipcc_0089,Redirecionar espacialmente o desenvolvimento,{adaptation},"{floods,heatwaves,sea-level-rise}","{water_resources,food_security,geo-hydrological_disasters}",,{climate_resilience},"Utilize o zoneamento e o planejamento do uso do solo para regular o desenvolvimento costeiro, implementando estratégias de desenvolvimento espacial que considerem as vulnerabilidades ambientais, protejam os ecossistemas e mitiguem os riscos de inundações, ondas de calor e aumento do nível do mar. Isso inclui garantir que o desenvolvimento seja direcionado para longe de áreas de alto risco, integrar considerações de adaptação climática no planejamento urbano e promover práticas sustentáveis para fechar lacunas de adaptação enquanto se aborda a desigualdade urbana.",1,1,2,-1,1,0,2,Aborda a desigualdade nas populações urbanas ao direcionar os quintis mais pobres e garantir a implementação equitativa da adaptação.,,,,,,medium,medium,5-10 years,"['Estruturas de governança eficazes', 'Envolvimento da comunidade', 'Investimentos financeiros', 'Expertise técnica']","['Redução na lacuna de adaptação', 'Diminuição nas disparidades de vulnerabilidade urbana', 'Melhoria na resiliência das áreas costeiras']",,,"""medium""","""medium""","""medium""",,,,,coastal_marine
ipcc_0090,Seguro,{adaptation},"{droughts,floods,storms}","{food_security,water_resources,energy_security}",,{climate_resilience},"O seguro oferece ferramentas de gestão de risco financeiro adaptadas aos desafios induzidos pelo clima. Isso inclui o seguro agrícola tradicional para proteger os agricultores de perdas relacionadas ao clima e soluções inovadoras de seguro baseadas em índices. O seguro baseado em índices utiliza índices climáticos mensuráveis, como precipitação ou temperatura, para acionar pagamentos automaticamente quando os limites são atingidos, dispensando a necessidade de verificação de perdas. Essas ferramentas ajudam a estabilizar rendimentos, incentivam o investimento em práticas resilientes ao clima e reduzem a vulnerabilidade econômica dos interessados nos setores de agricultura, aquicultura e energia. Além disso, produtos de seguro combinados com serviços adicionais, como acesso a fertilizantes ou sementes, aumentam a resiliência geral, especialmente em comunidades carentes e rurais. Ao mitigar os riscos associados a secas, inundações e tempestades, o seguro apoia o desenvolvimento sustentável e os objetivos de adaptação.",0,1,0,-1,0,0,2,"Apoia pequenos agricultores, comunidades marginalizadas e aqueles em áreas vulneráveis, melhorando o acesso a ferramentas de resiliência financeira e mitigando riscos relacionados ao clima",,,,,,medium,medium,<5 years,"['Disponibilidade de dados climáticos', 'Marcos regulatórios', 'Colaboração entre instituições financeiras e governos']","['Aumento no número de beneficiários de seguros', 'Redução das perdas econômicas devido a eventos extremos', 'Adoção de produtos de seguro baseados em índices']",,"""high""",,"""medium""",,,"""medium""",,,none
ipcc_0091,Diversificação dos meios de subsistência,{adaptation},"{storms,sea-level-rise}","{food_security,biodiversity}",,{climate_resilience},"Diversificar as atividades geradoras de renda nos setores de pesca e maricultura para mitigar os impactos econômicos das mudanças climáticas. Isso inclui mudar as espécies-alvo, adaptar táticas de colheita e fazer a transição para maricultura e ecoturismo. Atualizações de tecnologia e infraestrutura melhoram a eficiência da colheita marinha e promovem a gestão sustentável dos recursos. Essas adaptações visam estabilizar as pescas, aumentar a sustentabilidade e proteger os meios de subsistência sob a distribuição variável das espécies marinhas e a variabilidade climática.",0,1,2,1,0,0,2,"Promove oportunidades equitativas para comunidades pesqueiras vulneráveis, apoiando transições para setores de emprego alternativos, como ecoturismo e maricultura.",,,,,,high,medium,<5 years,"['Investimento em educação', 'infraestrutura', 'tecnologia para apoiar a transição para meios de subsistência diversificados']","['Aumento na diversidade de renda', 'taxas de emprego em setores alternativos', 'redução na sobreexploração de espécies marinhas']",,,,,"""high""",,"""high""",,,coastal_marine
ipcc_0092,Redes de proteção social,{adaptation},"{droughts,heatwaves,floods,storms}","{food_security,public_health}",,{climate_resilience},"As redes de segurança social englobam mecanismos de proteção social adaptativa para reduzir a insegurança alimentar e a desnutrição, especialmente para populações vulneráveis. Estes incluem transferências de dinheiro, programas de alimentação escolar, iniciativas de trabalho público, compensação de desemprego, reformas agrárias, esquemas de crédito e seguros. Abordagens integradas combinam avaliações de risco climático com redução de risco de desastres, educação e equidade social para aumentar a resiliência aos estresses climáticos.",0,1,1,2,1,0,2,"Aumenta o status social e os direitos de grupos marginalizados, protege populações vulneráveis, reduz desigualdades e promove a educação e a equidade de gênero.",,,,,,high,medium,5-10 years,"['Integração do clima e risco de desastres na proteção social', 'programas educacionais', 'coordenação com iniciativas de meios de subsistência sustentáveis e inclusão financeira']","['Redução nas taxas de desnutrição', 'Aumento no acesso à educação para grupos vulneráveis', 'Participação em programas de proteção social']",,"""high""","""high""","""medium""",,,"""medium""",,,none
ipcc_0094,Acesso aos cuidados de saúde,{adaptation},"{heatwaves,floods,droughts}","{public_health,water_resources}",,{climate_resilience},"Melhorar o acesso aos serviços de saúde, incluindo serviços de saúde e nutrição, água limpa, saneamento e recursos de saúde mental culturalmente apropriados. A expansão das capacidades de telemedicina permite uma entrega eficiente de serviços de saúde, especialmente para populações remotas e carentes. Fortalecer os sistemas básicos de saúde pública e a preparação para desastres pode reduzir rapidamente a vulnerabilidade aos riscos de saúde relacionados ao clima.",1,2,0,1,1,0,2,"Promove o acesso equitativo aos cuidados de saúde para grupos marginalizados e vulneráveis, incluindo populações sem-teto, comunidades remotas e aqueles afetados por desigualdades habitacionais.",,,,,,high,medium,5-10 years,"['Investimento em tecnologias de telemedicina', 'Governança fortalecida dos sistemas de saúde pública', 'Capacitação para trabalhadores da saúde', 'Melhorias na infraestrutura das instalações de saúde']","['Redução na mortalidade relacionada ao clima', 'Aumento no acesso à telemedicina', 'Número de programas de saúde adaptados culturalmente implementados', 'Melhoria nas métricas de acesso à água e saneamento']",,"""high""","""high""","""high""",,,,,,none
ipcc_0095,Alerta precoce de desastres,{adaptation},"{heatwaves,droughts,storms}","{public_health,biodiversity,geo-hydrological_disasters}",,{climate_resilience},"Estabelecer e manter sistemas de alerta precoce para desastres, incluindo ondas de calor marinhas, surtos de pragas e ondas de calor. Esses sistemas envolvem a disseminação oportuna de informações para indivíduos, comunidades e serviços de emergência, permitindo medidas proativas para mitigar riscos. Os Planos de Ação para Calor (HAPs) fazem parte desses sistemas e incluem estratégias detalhadas como planejamento urbano com soluções baseadas na natureza (por exemplo, espaços verdes-azuis, materiais frescos), campanhas de conscientização pública e medidas direcionadas para grupos vulneráveis (por exemplo, idosos, crianças, trabalhadores ao ar livre). Ações críticas também incluem a avaliação da eficácia do sistema após desastres, compartilhamento de lições e melhorias para melhor preparação em eventos futuros.",2,1,2,0,0,1,2,"Foca em abordar vulnerabilidades entre grupos de baixa renda, idosos, gestantes, crianças e trabalhadores ao ar livre, incorporando comunicação direcionada, acesso a áreas frescas e intervenções de saúde específicas. Promove a equidade ao envolver comunidades marginalizadas no planejamento e garantir o acesso aos recursos necessários.",,,,,,high,medium,<5 years,"['Coordenação entre serviços de emergência e agências de saúde', 'Investimento em planejamento urbano e soluções baseadas na natureza', 'Educação comunitária e campanhas de conscientização pública', 'Infraestrutura tecnológica para sistemas de alerta precoce']","['Redução nas taxas de mortalidade relacionadas a ondas de calor', 'Pontualidade dos avisos', 'Níveis de conscientização pública', 'Adoção de medidas de proteção pela comunidade']",,"""medium""","""high""",,,,"""high""",,,none
ipcc_0096,Melhorias na fazenda/pesqueira,{adaptation},"{droughts,heatwaves,floods,wildfires,storms}","{food_security,biodiversity,water_resources}",,{climate_resilience},"Implementar uma variedade de estratégias para adaptar fazendas e pescarias aos impactos climáticos. Isso inclui mudar o equipamento de pesca ou a potência dos barcos, adotar novas variedades de culturas ou ajustar os cronogramas de plantio, melhorar os esquemas de irrigação, integrar sistemas de cultivo e pecuária, realocar o gado com manejo de pastagens melhorado e adotar sistemas agroecológicos e agroflorestais. Inovações tecnológicas como a agricultura inteligente e medidas financeiras como subsídios apoiam essas adaptações.",1,2,2,1,0,0,2,"Garante o acesso a recursos para agricultores e pescadores marginalizados, promove opções diversificadas de subsistência e fortalece a resiliência em comunidades desfavorecidas.",,,,,,high,medium,5-10 years,"['Apoio político para agricultura e pesca resilientes ao clima', 'Acesso a financiamento e subsídios', 'Treinamento para adoção de novas práticas', 'Infraestrutura de mercado melhorada']","['Aumento na produtividade agrícola e pesqueira', 'Taxa de adoção de sistemas integrados', 'Redução nas perdas de rendimento relacionadas ao clima']",,"""high""","""high""","""medium""",,,"""medium""","""low""",,none
ipcc_0097,Melhorias no armazenamento/distribuição de alimentos,{adaptation},"{droughts,floods,storms,heatwaves}","{food_security,road_infrastructure}",,{climate_resilience},"Aprimorar os sistemas de armazenamento e distribuição de alimentos melhorando a infraestrutura de transporte, otimizando redes de comércio e encurtando cadeias de suprimento para garantir a disponibilidade local de alimentos e resiliência aos impactos climáticos. Esta ação também inclui aumentar a capacidade das instalações locais de armazenamento de alimentos para reduzir perdas pós-colheita, abordar ineficiências na logística e reforçar a infraestrutura para produtos perecíveis. O objetivo é melhorar a segurança alimentar e reduzir a vulnerabilidade a eventos extremos, interrupções e impactos em cascata, especialmente durante pandemias e outras crises.",0,1,1,1,0,2,2,"Apoia o acesso equitativo a alimentos para populações marginalizadas e vulneráveis, priorizando a produção local de alimentos e melhorando os sistemas de distribuição que alcançam áreas desatendidas.",,,,,,high,medium,5-10 years,"['Investimento em infraestrutura', 'Incentivos políticos para a produção local de alimentos', 'Colaboração com os setores de logística e comércio', 'Tecnologia para otimização da cadeia de suprimentos']","['Redução das perdas pós-colheita', 'Aumento da disponibilidade de alimentos locais', 'Melhoria da eficiência do transporte para distribuição de alimentos', 'Cadeias de abastecimento encurtadas']",,"""high""","""high""","""high""",,,"""high""",,,none
ipcc_0098,Mudança de comportamento em dietas e desperdício de alimentos,{adaptation},"{droughts,heatwaves,floods,wildfires}","{food_security,biodiversity}",,{climate_resilience},"Reduzir a perda e o desperdício de alimentos por meio de práticas aprimoradas de produção, distribuição e consumo de alimentos. As ações incluem o aprimoramento de técnicas agrícolas, a adoção de tecnologias de economia de água, a implementação de soluções de armazenamento de baixo custo e a promoção de dietas à base de plantas. Os formuladores de políticas podem incentivar esses comportamentos com políticas de preços adequadas, iniciativas de agricultura sustentável e apoio a grupos desfavorecidos. A ação enfatiza a mudança para dietas mais saudáveis, a redução do consumo excessivo e o apoio a sistemas alimentares locais para mitigar as emissões de gases de efeito estufa e garantir a segurança alimentar sob as mudanças climáticas.",1,2,2,1,0,0,2,"Promove o acesso a alimentos saudáveis e acessíveis para comunidades vulneráveis, capacitando mulheres, jovens e grupos socialmente desfavorecidos. Incentiva a participação equitativa em práticas agrícolas sustentáveis e redes alimentares locais.",,,,,,high,medium,5-10 years,"['Educação e treinamento para agricultores', 'Acesso a insumos agrícolas sustentáveis', 'Apoio político para práticas sustentáveis', 'Infraestrutura tecnológica para armazenamento e processamento']","['Redução nas porcentagens de perda e desperdício de alimentos', 'Aumento na adoção de dietas à base de plantas', 'Melhoria nos indicadores de segurança alimentar', 'Redução nas emissões de GEE dos sistemas alimentares']",,"""high""","""medium""","""medium""",,,,"""low""",,none
ipcc_0099,Captura/armazenamento de água,{adaptation},"{droughts,floods,storms}","{water_resources,food_security,energy_security,geo-hydrological_disasters}",,{climate_resilience},"Implementação de soluções de captação e armazenamento de água, como açudes em fazendas, revitalização de corpos d'água, jardins de chuva, bioswales, lagoas de retenção e tanques de armazenamento de água. Essas medidas visam mitigar os impactos induzidos pelo clima, melhorando a gestão da água, reduzindo o escoamento de águas pluviais, melhorando a qualidade da água e apoiando a agricultura e a produção de energia em cenários climáticos em mudança. Reservatórios de água e barragens multiuso oferecem benefícios adicionais ao abordar a escassez de água e gerenciar riscos associados a desastres naturais.",0,2,2,1,0,1,2,"Garante o acesso à água para comunidades carentes, apoia meios de subsistência sustentáveis em regiões com escassez de água e promove a distribuição equitativa de recursos por meio de processos de tomada de decisão inclusivos.",,,,,,high,medium,5-10 years,"['Investimento em infraestrutura verde', 'engajamento comunitário', 'apoio político para a gestão de recursos hídricos']","['Redução no escoamento de águas pluviais', 'aumento na capacidade de armazenamento de água', 'melhoria na qualidade da água', 'estabilidade nos rendimentos agrícolas']",,"""high""",,"""high""",,,"""high""",,,none
ipcc_0100,Uso/demanda eficiente de água,{adaptation},"{droughts,heatwaves}","{water_resources,food_security}",,{climate_resilience},"Implementação de técnicas avançadas de irrigação, como irrigação de precisão e por gotejamento, para melhorar a eficiência do uso da água na agricultura. A Recarga Gerida de Aquíferos (MAR) é aplicada para reabastecer os suprimentos de água subterrânea usando águas pluviais, águas residuais tratadas ou outras fontes. Essas ações são complementadas por políticas cooperativas em vários setores para garantir a gestão sustentável dos recursos hídricos, acesso equitativo e colaboração regional. Além disso, promover mudanças nos padrões de consumo de água, como reduzir o desperdício e melhorar a eficiência no uso da água urbana e agrícola, apoia a resiliência contra a escassez de água e melhora a capacidade de adaptação em regiões vulneráveis. Esses esforços visam coletivamente atender à crescente demanda por água doce diante das mudanças climáticas e garantir a sustentabilidade a longo prazo.",0,2,1,1,0,0,2,"Apoia comunidades agrícolas e urbanas vulneráveis garantindo acesso equitativo aos recursos hídricos, promovendo padrões de consumo sustentáveis e abordando o estresse hídrico persistente em áreas carentes.",,,,,,high,medium,5-10 years,"['Infraestrutura para reutilização de água e MAR', 'Marcos regulatórios para gestão da água', 'Educação e treinamento em técnicas de irrigação', 'Coordenação de políticas regionais e intersetoriais']","['Redução no uso de água na agricultura', 'Aumento nas taxas de recarga de águas subterrâneas', 'Melhoria nos rendimentos das colheitas', 'Adoção de padrões sustentáveis de consumo de água', 'Métricas de colaboração regional']",,"""high""","""medium""",,,,,,,none
ipcc_0101,Fornecimento/distribuição de água eficiente,{adaptation},"{droughts,floods,storms}",{water_resources},,{climate_resilience},"Implementar sistemas sustentáveis de abastecimento de água através da construção de infraestruturas de irrigação, promovendo transferências de água entre bacias, utilizando soluções baseadas na natureza (NBS) como jardins de chuva, bioswales e zonas húmidas, e integrando técnicas avançadas como a reutilização e a melhoria da água. A reutilização da água envolve o tratamento e reciclagem de águas residuais para fins não potáveis ou potáveis, enquanto a melhoria da água foca-se em melhorar a qualidade da água disponível para diversos usos. Estas abordagens aumentam a infiltração de águas pluviais, melhoram a gestão urbana da água, aumentam a resiliência à seca e apoiam a recarga de águas subterrâneas. Elas fornecem soluções de água energeticamente eficientes e econômicas, mantendo o desenvolvimento urbano sustentável.",0,2,2,1,0,0,1,"Promove o acesso equitativo aos recursos hídricos, particularmente em áreas urbanas carentes, integrando sistemas de gestão de água naturais e engenheirados para beneficiar todas as comunidades, incluindo grupos de baixa renda.",,,,,,high,medium,5-10 years,"['Financiamento adequado para o desenvolvimento de infraestrutura', 'Envolvimento da comunidade para a implementação de NBS', 'Integração do planejamento urbano com a gestão da água']","['Redução nos incidentes de escassez de água', 'Aumento nas taxas de recarga de águas subterrâneas', 'Capacidade aprimorada de infiltração de água urbana']",,"""high""",,"""high""",,,"""high""",,,none
ipcc_0102,Mobilidade sazonal/temporária,{adaptation},"{sea-level-rise,storms,droughts}","{food_security,biodiversity}",,{climate_resilience},"Facilitar a mobilidade das frotas de pesca e dos trabalhadores para se adaptarem às mudanças na distribuição das espécies marinhas causadas pelas alterações climáticas. Isso inclui permitir a migração sazonal ou temporária para alinhar com a disponibilidade de recursos, melhorar a infraestrutura e a tecnologia para apoiar a mobilidade, e promover uma governança flexível para gerir os recursos transfronteiriços de forma sustentável. Estas ações visam manter os meios de subsistência e reduzir os impactos econômicos da variabilidade climática.",0,1,2,1,0,2,1,"Garante o acesso equitativo aos recursos para comunidades vulneráveis, incluindo pescadores de pequena escala e aqueles que dependem de renda sazonal, promovendo estruturas de governança inclusivas e reduzindo barreiras à mobilidade.",,,,,,high,medium,5-10 years,"['Investimentos em infraestrutura e tecnologia', 'Acordos transfronteiriços', 'Iniciativas de capacitação para apoiar a mobilidade']","['Redução na superexploração de recursos', 'Aumento nas oportunidades de emprego sazonal', 'Gestão aprimorada das pescarias transfronteiriças']",,"""low""",,,"""medium""",,"""medium""",,,coastal_marine
ipcc_0103,Governança cooperativa,{adaptation},"{sea-level-rise,storms}","{water_resources,biodiversity}",,{climate_resilience},"Aprimorar a governança cooperativa por meio de acordos de pesca transfronteiriços e governança oceânica inclusiva. Isso envolve abordagens participativas, ferramentas estruturadas de tomada de decisão e estruturas descentralizadas que combinam gestão de cima para baixo com iniciativas impulsionadas pela comunidade. Estratégias adicionais incluem sistemas coletivos de gestão da água para otimizar o uso de recursos sob variabilidade induzida pelo clima, sistemas indígenas de compartilhamento de água enraizados em práticas tradicionais para garantir alocação sustentável e equitativa de recursos, e a aplicação dos direitos de terra das populações indígenas para proteger a biodiversidade e o patrimônio cultural. A co-gestão adaptativa nas pescas do Ártico integra conhecimentos locais e científicos para abordar os impactos climáticos nos recursos marinhos. O pacto internacional sobre migração promove uma migração ordenada e segura como uma resposta adaptativa aos riscos climáticos, e políticas para governança adaptativa promovem soluções baseadas em ecossistemas, estruturas legais e adaptações institucionais para aumentar a resiliência às mudanças climáticas. Essas medidas combinadas abordam complexidades geopolíticas, garantem distribuição equitativa de recursos e fortalecem a resiliência a perigos induzidos pelo clima.",0,1,2,1,0,0,2,"Promove a inclusão ao incorporar sistemas de conhecimento indígena, garantindo a representação de comunidades marginalizadas nos processos de tomada de decisão e criando acesso equitativo aos recursos marinhos para populações vulneráveis. Reconhece a importância dos direitos territoriais indígenas e dos sistemas de governança tradicional para aumentar a resiliência comunitária e a gestão equitativa dos recursos.",,,,,,high,medium,5-10 years,"['Estabelecimento de acordos transfronteiriços', 'Investimento em tecnologias de observação marinha', 'Capacitação para comunidades locais', 'Reconhecimento dos direitos territoriais e hídricos dos povos indígenas', 'Implementação de estruturas de co-gestão adaptativa']","['Número de acordos transfronteiriços assinados', 'Aumento na sustentabilidade dos estoques de peixes', 'Satisfação das partes interessadas com os processos de governança', 'Melhoria nos resultados de compartilhamento de água em comunidades indígenas', 'Integração da co-gestão adaptativa na governança das pescas']",,,,,"""high""",,"""high""",,,none
ipcc_0104,Migração permanente,{adaptation},"{floods,landslides,sea-level-rise}","{geo-hydrological_disasters,public_health,water_resources}",,{climate_resilience},"Reassentamento de comunidades de áreas propensas a inundações e migração rural-urbana como uma estratégia para mitigar vulnerabilidades causadas pelas mudanças climáticas. Isso inclui abordar desafios de urbanização, como desenvolvimento não planejado, insegurança hídrica e disparidades socioeconômicas, enquanto se oferece oportunidades equitativas para migrantes em centros urbanos. As medidas incluem o aprimoramento do planejamento urbano, gestão de recursos hídricos e sistemas de apoio social para populações deslocadas.",0,1,1,-1,-1,1,2,"Promove a inclusão ao abordar as vulnerabilidades das populações marginalizadas e garantir o acesso equitativo a recursos, oportunidades e sistemas de apoio para comunidades deslocadas.",,,,,,medium,high,5-10 years,"['Desenvolvimento de infraestrutura urbana', 'Alocação equitativa de recursos', 'Estruturas de governança fortes', 'Capacitação para populações deslocadas']","['Redução na mortalidade relacionada ao deslocamento', 'Aumento no acesso à água e habitação', 'Melhoria nos meios de subsistência dos migrantes e nas taxas de emprego']",,,,"""high""","""medium""","""medium""",,,,none
ipcc_0005,Mobilidade Compartilhada,{mitigation},,{transportation},{on-road},{ghg_reduction},"Promover soluções de mobilidade compartilhada, como compartilhamento de carros, compartilhamento de bicicletas, e-scooters e caronas, para reduzir a dependência de veículos de propriedade privada e diminuir as emissões de gases de efeito estufa. A Mobilidade Compartilhada inclui Mobilidade como Serviço (MaaS), integrando vários serviços de transporte para aumentar a eficiência do sistema.",0,0,0,1,0,1,1,"Promove o acesso equitativo a opções de transporte acessíveis, especialmente para comunidades carentes, enquanto reduz os custos individuais.",,0-19,,,,,medium,5-10 years,"['Desenvolvimento de plataformas de mobilidade compartilhada eficientes', 'políticas urbanas de apoio', 'avanços tecnológicos em sistemas de carona compartilhada']","['Aumento nas viagens de mobilidade compartilhada', 'redução nos quilômetros percorridos por veículos particulares', 'diminuição das emissões relacionadas ao transporte']",,,,,,,,,,none
ipcc_0012,Tecnologias Elétricas,{mitigation},,{transportation},{on-road},{ghg_reduction},"Adoção de tecnologias de veículos elétricos, incluindo Veículos Elétricos a Bateria (BEVs), Veículos Elétricos Híbridos (HEVs) e Veículos Elétricos Híbridos Plug-in (PHEVs), para reduzir as emissões de GEE e a dependência de combustíveis fósseis. Os BEVs operam apenas com eletricidade, produzindo zero emissões; os HEVs combinam um motor de combustão interna com um motor elétrico; os PHEVs permitem uma condução prolongada apenas com eletricidade.",1,0,0,0,0,1,0,"Reduz a dependência de combustíveis fósseis, melhora a qualidade do ar e oferece opções de transporte mais limpas que podem beneficiar comunidades desfavorecidas.",,80-100,,,,,high,5-10 years,"['Dependência dos avanços nas tecnologias de baterias', 'desenvolvimento de infraestrutura de carregamento', 'políticas para subsídios e incentivos', 'integração com fontes de energia renovável para geração de eletricidade']","['Percentagem de veículos elétricos na frota de veículos', 'redução nas emissões de GEE por quilômetro percorrido', 'disponibilidade de infraestrutura de carregamento']",,,,,,,,,,none
ipcc_0015,Melhoria da Eficiência Energética para Veículos,{mitigation},,{transportation},"{on-road,railways,waterborne_navigation,aviation}",{ghg_reduction},"Otimizar o design, a tecnologia e as operações dos veículos para reduzir o consumo de energia e as emissões. Isso inclui aerodinâmica avançada, sistemas de propulsão eficientes, pneus de baixa resistência ao rolamento, melhores sistemas de gestão térmica, turboalimentação, injeção direta de combustível e desativação de cilindros em motores de combustão interna, entre outros.",1,0,0,1,0,1,0,"Promove o acesso a tecnologias de transporte eficientes e econômicas, beneficiando diversas comunidades, incluindo regiões carentes com altos custos de transporte.",,20-39,,,,,high,5-10 years,"['Desenvolvimento e implementação de tecnologias avançadas de veículos', 'estruturas regulatórias', 'aceitação do consumidor']","['Melhorias na economia de combustível (km/l)', 'redução nas emissões de GEE por km', 'participação de veículos energeticamente eficientes nas frotas', 'economia de custos de combustível']",,,,,,,,,,none
ipcc_0027,Acoplamento de Processos e Melhorias,{mitigation},,{ippu},{industrial_processes},{ghg_reduction},"Esta ação foca na redução da intensidade de energia e emissões no processo de produção de aço, melhorando o acoplamento entre processos, como a Endless Strip Production (ESP). As técnicas incluem a redução do número de ciclos de temperatura, a integração das etapas do processo e a adoção de tecnologias energeticamente eficientes.",0,0,0,0,0,0,0,"Promove o acesso a tecnologias avançadas de manufatura para pequenas e médias empresas, garantindo uma participação mais ampla nos esforços de descarbonização.",,,,40-59,,,high,5-10 years,"['Desenvolvimento e implementação de tecnologias avançadas de integração de processos', 'treinamento de mão de obra qualificada', 'políticas de apoio para incentivar a adoção']","['Redução no consumo de energia por unidade de aço', 'aumento na eficiência de acoplamento de processos', 'redução nas emissões de GEE por tonelada de aço produzida']",,,,,,,,,,none
ipcc_0029,Melhorias no Processo de Secagem/Desidratação,{mitigation},,{ippu},{industrial_processes},{ghg_reduction},"Aprimorar a eficiência energética nas indústrias de celulose, papel e processamento de alimentos otimizando os processos de secagem e desidratação. Isso inclui o uso de tecnologias avançadas como redes de trocadores de calor, recompressão térmica de vapor e osmose reversa para economizar energia.",0,0,0,0,0,0,0,"Promove o uso de tecnologias avançadas e economicamente viáveis acessíveis a pequenas e médias empresas, reduzindo barreiras de entrada e possibilitando benefícios equitativos.",,,,20-39,,,medium,5-10 years,"['Disponibilidade de tecnologias avançadas de secagem/desidratação', 'mão de obra qualificada para implementação', 'políticas de apoio ou incentivos para compensar os custos iniciais']","['Redução no consumo de energia por unidade de produção', 'melhoria percentual na eficiência de secagem', 'redução nas emissões de GEE dos processos de fabricação']",,,,,,,,,,none
ipcc_0034,Reciclagem de Energia em Fornos e Fornalhas,{mitigation},,{ippu},{industrial_processes},{ghg_reduction},"Reciclagem de energia de fornos e fornalhas através de tecnologias como sistemas de recuperação de calor, incluindo trocadores de calor avançados e turbinas de recuperação de pressão superior, para melhorar a eficiência energética e reduzir as emissões na produção de aço.",0,0,0,0,0,0,0,"Garante o acesso a tecnologias de recuperação de energia para pequenos fabricantes, promovendo uma adoção mais ampla em diferentes indústrias e geografias.",,,,40-59,,,high,5-10 years,"['Disponibilidade de tecnologias avançadas de recuperação de calor', 'mão de obra qualificada para instalação e operação', 'políticas de apoio e incentivos financeiros']","['Redução no consumo de energia por tonelada de produto', 'aumento nas taxas de recuperação de energia de resíduos', 'diminuição na intensidade das emissões de GEE em processos industriais']",,,,,,,,,,none
ipcc_0043,Políticas de Economia Circular,{mitigation},,{ippu},{industrial_processes},{ghg_reduction},"As políticas de Economia Circular (EC) visam fechar o ciclo dos fluxos de materiais e energia através da redução, reutilização e reciclagem de recursos. Essas políticas promovem bens duráveis, reutilização e remanufatura, simbiose industrial e simbiose urbana para minimizar o desperdício e reduzir as emissões de GEE. As políticas de EC operam em níveis micro, meso e macro para integrar estratégias como ecodesign, cadeias de suprimento sustentáveis e simbiose energética urbana.",0,0,0,0,0,0,0,"Promove o acesso a práticas de Economia Circular (CE) para pequenas e médias empresas (PMEs), assegura a participação equitativa em redes de simbiose industrial e apoia regiões desfavorecidas criando oportunidades econômicas através de políticas eficientes em termos de recursos.",,,,40-59,,,high,5-10 years,"['Coordenação eficaz entre indústrias, governos e comunidades', 'políticas e regulamentos de apoio', 'desenvolvimento de infraestrutura de reciclagem', 'plataformas de compartilhamento de dados para fluxos de materiais e energia']","['Redução no uso de materiais virgens', 'Emissões de GEE evitadas através de práticas de EC', 'aumento nas taxas de reciclagem', 'número de redes de simbiose industrial implementadas', 'métricas de recuperação de recursos']",,,,,,,,,,none
ipcc_0051,Reduzir a demanda geral por serviços de produtos,{mitigation},,{ippu},{product_use},{ghg_reduction},"Esta ação foca em mitigar as mudanças climáticas reduzindo a demanda por produtos e serviços industriais, particularmente em setores como vestuário e turismo. Ela enfatiza mudanças comportamentais e de estilo de vida, como padrões de consumo sustentáveis, redução de viagens de longa distância e menor demanda por produtos ligados à produção excessiva de materiais e emissões.",1,0,0,0,0,1,1,"Incentiva o acesso equitativo a alternativas sustentáveis, particularmente para comunidades carentes, garantindo a redução dos impactos ambientais sem excluir populações vulneráveis.",,,,40-59,,,medium,5-10 years,"['Implementação de políticas e programas que promovam o consumo sustentável', 'disponibilidade de alternativas para atividades de alta emissão', 'apoio social para mudanças comportamentais e de estilo de vida']","['Redução na demanda por produtos e serviços de alta emissão', 'diminuição das emissões industriais ligadas ao uso de produtos', 'aumento da adoção de práticas de consumo sustentável']",,,,,,,,,,none
ipcc_0059,Reduzir a Conversão de Zonas Úmidas Costeiras,{mitigation},,{afolu},{land},{ghg_reduction},"Esta ação envolve a redução da conversão de zonas úmidas costeiras, como manguezais, pântanos e ecossistemas de ervas marinhas, para evitar emissões de perda de carbono da biomassa e do solo. Também apoia a conservação da biodiversidade, a produção pesqueira, a estabilização do solo, a regulação da qualidade da água, a prevenção de inundações e a resiliência contra ciclones.",0,1,1,0,0,0,0,"Apoia comunidades costeiras preservando meios de subsistência ligados a zonas úmidas, aumentando a resiliência às mudanças climáticas e garantindo a distribuição justa dos benefícios dos serviços ecossistêmicos.",,,,,40-59,,high,5-10 years,"['Integração eficaz de políticas de mitigação climática costeira', 'planejamento espacial marinho', 'incentivos econômicos para priorizar a conservação de zonas úmidas']","['Área de zonas úmidas costeiras preservadas', 'Emissões de GEE evitadas devido à perda de biomassa e carbono do solo', 'melhorias nas métricas de biodiversidade', 'resiliência do ecossistema']",,,,,,,,,,coastal_marine
ipcc_0065,Melhorar a gestão do arroz,{mitigation},,{afolu},{land},{ghg_reduction},"Implementação de práticas aprimoradas de gestão da água (por exemplo, sistemas de drenagem simples e múltiplos), gestão de resíduos, melhor aplicação de fertilizantes (por exemplo, fertilizantes de liberação lenta) e emendas do solo (por exemplo, biochar) para reduzir as emissões de CH4 e N2O, ao mesmo tempo que se melhora a sustentabilidade e a resiliência do sistema.",0,1,0,0,0,0,0,"Apoia pequenos agricultores reduzindo os custos de insumos (por exemplo, sementes, mão de obra e água), aumentando a renda por meio de maiores rendimentos e fornecendo ferramentas e conhecimento para o cultivo sustentável de arroz.",,,,,20-39,,medium,5-10 years,"['Infraestrutura de irrigação adequada', 'treinamento para agricultores em técnicas avançadas', 'acesso a fertilizantes de liberação lenta e biochar', 'práticas coordenadas de gestão da água entre agricultores e regiões vizinhas']","['Redução nas emissões de CH4 e N2O por hectare', 'aumento da eficiência do uso da água', 'estabilidade de rendimento durante secas', 'taxa de adoção de técnicas aprimoradas de cultivo de arroz']",,,,,,,,,,wetlands
ipcc_0068,Bioenergia e BECCS (Bioenergy with Carbon Capture and Storage),{mitigation},,{afolu},{land},{ghg_reduction},"A bioenergia envolve a produção de energia a partir de fontes orgânicas como biomassa, resíduos orgânicos e resíduos de colheita, substituindo combustíveis fósseis na produção de calor, eletricidade e combustíveis. Quando combinada com captura e armazenamento de carbono (BECCS), armazena carbono biogênico em reservatórios geológicos ou terrestres, alcançando emissões negativas. O BECCS também pode se integrar com a agricultura e a silvicultura para co-benefícios como restauração de terras e produção de biogás.",1,1,0,0,0,0,1,"Foca em práticas sustentáveis de uso da terra, incluindo a restauração de terras degradadas, enquanto garante o acesso à energia e a segurança alimentar para comunidades vulneráveis.",,,,,60-79,,high,>10 years,"['Requer gestão sustentável da terra', 'desenvolvimento de tecnologia avançada de bioenergia', 'infraestrutura para captura e armazenamento de carbono', 'governança global para comércio e cadeias de suprimentos']","['Quantidade de carbono removido através de BECCS (em GtCO2 por ano)', 'total de energia produzida a partir de bioenergia', 'terra restaurada para produção de biomassa', 'redução de emissões de GEE devido ao uso de combustíveis fósseis substituídos']",,,,,,,,,,none
ipcc_0075,Eletrificação e Descarbonização do Sistema de Energia Urbana,{mitigation},,{stationary_energy},{energy_generation_supplied_to_the_grid},{ghg_reduction},"Esta ação envolve a substituição de tecnologias baseadas em combustíveis fósseis por alternativas eletrificadas, como veículos elétricos, bombas de calor e sistemas de energia renovável, para descarbonizar a infraestrutura energética urbana. Ela se concentra na integração de energia renovável, no aumento da flexibilidade do lado da demanda e na promoção da eficiência energética em sistemas urbanos para apoiar a descarbonização e reduzir as emissões de GEE.",1,0,0,0,0,1,1,"Promove o acesso equitativo à energia renovável e à infraestrutura eletrificada, abordando barreiras enfrentadas por comunidades de baixa renda e desatendidas por meio de subsídios, incentivos e participação pública.",60-79,,,,,,high,5-10 years,"['Requer atualizações na rede', 'políticas de apoio', 'cooperação entre as partes interessadas', 'incentivos financeiros', 'campanhas de conscientização pública', 'acesso a energia renovável', 'tecnologias de armazenamento avançadas são críticas']","['Redução nas emissões de GEE por kWh', 'aumento na penetração de energia renovável', 'taxas de adoção de VEs e bombas de calor', 'melhoria na qualidade do ar urbano']",,,,,,,,,,none
ipcc_0087,Retrofitting de infraestrutura,{adaptation},"{floods,droughts,heatwaves}","{road_infrastructure,public_health,energy_security}",,{climate_resilience},"Reforçar e modernizar a infraestrutura existente, incluindo estradas, habitações e sistemas de energia, para melhorar a resiliência contra riscos climáticos como inundações, secas e ondas de calor. Os esforços incluem ar condicionado, uso de termossifões para degradação do permafrost, aumento do albedo dos telhados (para refletividade) e sombreamento.",1,1,0,-1,1,1,1,"Melhora a resiliência para comunidades vulneráveis, especialmente em regiões de baixa renda, ao reduzir os riscos de eventos climáticos extremos.",,,,,,high,high,5-10 years,"['Alinhamento de políticas', 'Disponibilidade de financiamento', 'Expertise em engenharia e construção']","['Redução de falhas de infraestrutura durante desastres', 'Aumento da capacidade para sistemas de habitação e energia']",,"""medium""","""high""","""high""",,,,,,none
ipcc_0093,Disponibilidade de infraestrutura de saúde,{adaptation},"{droughts,floods,sea-level-rise,diseases}","{public_health,water_resources}",,{climate_resilience},"Garantir o acesso a infraestrutura de água potável segura, proteger os serviços de saúde e melhorar os sistemas de saneamento para mitigar os impactos climáticos. Isso inclui desenvolver medidas adaptativas para a segurança hídrica contra secas, inundações e elevação do nível do mar. Fortalecer a resiliência da infraestrutura garante acesso equitativo aos serviços de saúde, reduz os riscos de contaminação e aborda os impactos dos perigos induzidos pelo clima.",0,2,1,1,0,0,2,"Melhora o acesso a recursos críticos de saúde e água para comunidades vulneráveis e desatendidas, mitigando as desigualdades causadas pelos impactos climáticos.",,,,,,high,medium,5-10 years,"['Financiamento adequado', 'investimentos tecnológicos em infraestrutura de saúde e água', 'governança eficaz e coordenação intersetorial']","['Redução de doenças transmitidas pela água', 'melhor acesso a água potável', 'número de instalações de saúde resilientes desenvolvidas']",,"""high""",,"""high""","""high""",,,,"""high""",none
ipcc_0006,Teletrabalho,{mitigation},,{transportation},{on-road},{ghg_reduction},"Incentivar o teletrabalho (trabalho em casa) e a videoconferência como alternativas ao deslocamento e reuniões presenciais, reduzindo assim o uso de veículos leves e as emissões associadas.",1,0,0,1,0,1,1,"Melhora a flexibilidade no trabalho, permitindo uma maior participação de indivíduos com restrições de mobilidade ou responsabilidades de cuidado.",,0-19,,,,,low,<5 years,"['Acesso generalizado à internet de alta velocidade', 'políticas organizacionais de apoio', 'disposição dos funcionários para adotar o teletrabalho']","['Redução nas viagens de deslocamento', 'aumento nas taxas de adoção do teletrabalho', 'redução das emissões relacionadas ao transporte']",,,,,,,,,,none
