id,route,funder,category,region_macro,uf,municipio,amazonia_legal,instrument,project_name,recipient,recipient_type,amount,currency,project_total,financier,fiscal_year,award_date,status,verified,source_url,source_title,notes
A-fundoamazonia-001,A,Fundo Amazônia (BNDES/MMA),forest-conservation,Interestadual,"MT,PA",,true,grant,Virada Verde,The Nature Conservancy do Brasil (TNC Brasil),terceiro-setor,16000000.00,BRL,19200000.00,BNDES,,,concluido,true,https://www.fundoamazonia.gov.br/pt/projetos-apoiados/,Fundo Amazônia — Projetos apoiados (carteira),"valor do apoio (não-reembolsável); local=MT,PA; situação por carteira. Reconciled to Informe 30/12/2025 control totals."
A-fundoamazonia-002,A,Fundo Amazônia (BNDES/MMA),forest-conservation,Norte,PA,,true,grant,Programa Municípios Verdes,Estado do Pará,estado,45591647.24,BRL,45591647.24,BNDES,,,concluido,true,https://www.fundoamazonia.gov.br/pt/projetos-apoiados/,Fundo Amazônia — Projetos apoiados (carteira),valor do apoio (não-reembolsável); local=PA; situação por carteira. Reconciled to Informe 30/12/2025 control totals.
A-fundoamazonia-003,A,Fundo Amazônia (BNDES/MMA),sustainable-production,Norte,RO,,true,grant,Quintais Amazônicos II,Centro de Estudos da Cultura e do Meio Ambiente da Amazônia (Rioterra),terceiro-setor,55473843.62,BRL,55473843.62,BNDES,,,contratado,true,https://www.fundoamazonia.gov.br/pt/projetos-apoiados/,Fundo Amazônia — Projetos apoiados (carteira),valor do apoio (não-reembolsável); local=RO; situação por carteira. Reconciled to Informe 30/12/2025 control totals.
A-fundoamazonia-004,A,Fundo Amazônia (BNDES/MMA),sustainable-production,Norte,AP,,true,grant,Caminhos de Sabores e Saberes,Instituto Internacional de Educação do Brasil (IEB),terceiro-setor,22346331.29,BRL,22346331.29,BNDES,,,contratado,true,https://www.fundoamazonia.gov.br/pt/projetos-apoiados/,Fundo Amazônia — Projetos apoiados (carteira),valor do apoio (não-reembolsável); local=AP; situação por carteira. Reconciled to Informe 30/12/2025 control totals.
A-fundoamazonia-005,A,Fundo Amazônia (BNDES/MMA),forest-conservation,Nacional,BR,,false,grant,MapBiomas,Instituto Arapyaú de Educação e Desenvolvimento Sustentável,terceiro-setor,11220000.00,BRL,11220000.00,BNDES,,,contratado,true,https://www.fundoamazonia.gov.br/pt/projetos-apoiados/,Fundo Amazônia — Projetos apoiados (carteira),valor do apoio (não-reembolsável); local=n/d; situação por carteira. Reconciled to Informe 30/12/2025 control totals.
A-fundoamazonia-006,A,Fundo Amazônia (BNDES/MMA),fire-management,Norte,TO,,true,grant,Projeto Bombeiro Militar Florestal Tocantins,Estado do Tocantins - Corpo de Bombeiros Militar (CBMTO),estado,44994287.50,BRL,44994287.50,BNDES,,,contratado,true,https://www.fundoamazonia.gov.br/pt/projetos-apoiados/,Fundo Amazônia — Projetos apoiados (carteira),valor do apoio (não-reembolsável); local=TO; situação por carteira. Reconciled to Informe 30/12/2025 control totals.
A-fundoamazonia-007,A,Fundo Amazônia (BNDES/MMA),sustainable-production,Nordeste,MA,,true,grant,Babaçu Livre,Associação em Áreas de Assentamento no estado do Maranhão (Assema),terceiro-setor,13058721.52,BRL,13058721.52,BNDES,,,contratado,true,https://www.fundoamazonia.gov.br/pt/projetos-apoiados/,Fundo Amazônia — Projetos apoiados (carteira),valor do apoio (não-reembolsável); local=MA; situação por carteira. Reconciled to Informe 30/12/2025 control totals.
A-fundoamazonia-008,A,Fundo Amazônia (BNDES/MMA),sustainable-production,Interestadual,"MA,PA,TO",,true,grant,Floresta de Babaçu em Pé,Associação do Movimento Interestadual das Quebradeiras de Coco Babaçu (AMIQCB),terceiro-setor,9222739.00,BRL,9222739.00,BNDES,,,contratado,true,https://www.fundoamazonia.gov.br/pt/projetos-apoiados/,Fundo Amazônia — Projetos apoiados (carteira),"valor do apoio (não-reembolsável); local=MA,PA,TO; situação por carteira. Reconciled to Informe 30/12/2025 control totals."
A-fundoamazonia-009,A,Fundo Amazônia (BNDES/MMA),territorial-management,Interestadual,"MA,PR,TO",,true,grant,Território e Saúde: Olhares e Estratégias Guarani e Timbira,Centro de Trabalho Indigenista (CTI),terceiro-setor,31714124.00,BRL,31714124.00,BNDES,,,contratado,true,https://www.fundoamazonia.gov.br/pt/projetos-apoiados/,Fundo Amazônia — Projetos apoiados (carteira),"valor do apoio (não-reembolsável); local=MA,PR,TO; situação por carteira. Reconciled to Informe 30/12/2025 control totals."
A-fundoamazonia-010,A,Fundo Amazônia (BNDES/MMA),sustainable-production,Norte,AC,,true,grant,Alimenta Saber,Associação SOS Amazônia,terceiro-setor,24000000.00,BRL,24000000.00,BNDES,,,contratado,true,https://www.fundoamazonia.gov.br/pt/projetos-apoiados/,Fundo Amazônia — Projetos apoiados (carteira),valor do apoio (não-reembolsável); local=AC; situação por carteira. Reconciled to Informe 30/12/2025 control totals.
A-fundoamazonia-011,A,Fundo Amazônia (BNDES/MMA),forest-conservation,Norte,RR,,true,grant,Roraima Verde,Estado de Roraima - Corpo de Bombeiros Militar (CBMRR),estado,44871110.00,BRL,44871110.00,BNDES,,,contratado,true,https://www.fundoamazonia.gov.br/pt/projetos-apoiados/,Fundo Amazônia — Projetos apoiados (carteira),valor do apoio (não-reembolsável); local=RR; situação por carteira. Reconciled to Informe 30/12/2025 control totals.
A-fundoamazonia-012,A,Fundo Amazônia (BNDES/MMA),fire-management,Interestadual,"BA,DF,GO,MS,MT,MG,PA,PI,RO",,true,grant,Manejo Integrado do Fogo,Ministério da Justiça e Segurança Pública (MJSP),uniao,150000000.00,BRL,150000000.00,BNDES,,,contratado,true,https://www.fundoamazonia.gov.br/pt/projetos-apoiados/,Fundo Amazônia — Projetos apoiados (carteira),"valor do apoio (não-reembolsável); local=BA,DF,GO,MS,MT,MG,PA,PI,RO; situação por carteira. Reconciled to Informe 30/12/2025 control totals."
A-fundoamazonia-013,A,Fundo Amazônia (BNDES/MMA),forest-conservation,Centro-Oeste,MT,Cotriguaçu,true,grant,Semeando Novos Rumos em Cotriguaçu,Município de Cotriguaçu,municipio,1567845.25,BRL,1638897.19,BNDES,,,concluido,true,https://www.fundoamazonia.gov.br/pt/projetos-apoiados/,Fundo Amazônia — Projetos apoiados (carteira),valor do apoio (não-reembolsável); local=MT; situação por carteira. Reconciled to Informe 30/12/2025 control totals.
A-fundoamazonia-014,A,Fundo Amazônia (BNDES/MMA),forest-conservation,Interestadual,"AC,AP,AM,MA,MT,PA,RO,RR,TO",,true,grant,Fundação Banco do Brasil – Fundo Amazônia (Fase II),Fundação Banco do Brasil (FBB),terceiro-setor,12000000.00,BRL,20000000.00,BNDES,,,contratado,true,https://www.fundoamazonia.gov.br/pt/projetos-apoiados/,Fundo Amazônia — Projetos apoiados (carteira),"valor do apoio (não-reembolsável); local=AC,AP,AM,MA,MT,PA,RO,RR,TO; situação por carteira. Reconciled to Informe 30/12/2025 control totals."
A-fundoamazonia-015,A,Fundo Amazônia (BNDES/MMA),forest-conservation,Interestadual,"AC,AP,AM,MA,MT,PA,RO,RR,TO",,true,grant,Fundação Banco do Brasil – Fundo Amazônia (Fase III),Fundação Banco do Brasil (FBB),terceiro-setor,50000000.00,BRL,65000000.00,BNDES,,,contratado,true,https://www.fundoamazonia.gov.br/pt/projetos-apoiados/,Fundo Amazônia — Projetos apoiados (carteira),"valor do apoio (não-reembolsável); local=AC,AP,AM,MA,MT,PA,RO,RR,TO; situação por carteira. Reconciled to Informe 30/12/2025 control totals."
A-fundoamazonia-016,A,Fundo Amazônia (BNDES/MMA),forest-conservation,Norte,AM,,true,grant,Juruá: Sustentável e Solidário,Associação dos Produtores Rurais de Carauari (ASPROC),terceiro-setor,38910887.03,BRL,38910887.03,BNDES,,,contratado,true,https://www.fundoamazonia.gov.br/pt/projetos-apoiados/,Fundo Amazônia — Projetos apoiados (carteira),valor do apoio (não-reembolsável); local=AM; situação por carteira. Reconciled to Informe 30/12/2025 control totals.
A-fundoamazonia-017,A,Fundo Amazônia (BNDES/MMA),territorial-management,Interestadual,"MT,PA",,true,grant,Fundo Kayapó de Conservação em Terras Indígenas,Fundo Brasileiro para a Biodiversidade (Funbio),terceiro-setor,7584410.51,BRL,23300000.00,BNDES,,,contratado,true,https://www.fundoamazonia.gov.br/pt/projetos-apoiados/,Fundo Amazônia — Projetos apoiados (carteira),"valor do apoio (não-reembolsável); local=MT,PA; situação por carteira. Reconciled to Informe 30/12/2025 control totals."
A-fundoamazonia-018,A,Fundo Amazônia (BNDES/MMA),monitoring-control,Norte,AM,,true,grant,CAR Amazonas,Estado do Amazonas,estado,12148072.01,BRL,12148072.01,BNDES,,,contratado,true,https://www.fundoamazonia.gov.br/pt/projetos-apoiados/,Fundo Amazônia — Projetos apoiados (carteira),valor do apoio (não-reembolsável); local=AM; situação por carteira. Reconciled to Informe 30/12/2025 control totals.
A-fundoamazonia-019,A,Fundo Amazônia (BNDES/MMA),sustainable-production,Interestadual,"AC,AM,MT,PA",,true,grant,Floresta para o Bem-estar,Conservation International do Brasil (CI-Brasil),terceiro-setor,29452432.00,BRL,29452432.00,BNDES,,,contratado,true,https://www.fundoamazonia.gov.br/pt/projetos-apoiados/,Fundo Amazônia — Projetos apoiados (carteira),"valor do apoio (não-reembolsável); local=AC,AM,MT,PA; situação por carteira. Reconciled to Informe 30/12/2025 control totals."
A-fundoamazonia-020,A,Fundo Amazônia (BNDES/MMA),forest-conservation,Interestadual,"AC,AP,AM,MA,MT,PA,RO,RR,TO",,true,grant,Caminhos Verdes,Instituto Nacional de Colonização e Reforma Agrária (Incra),uniao,148700000.00,BRL,148700000.00,BNDES,,,contratado,true,https://www.fundoamazonia.gov.br/pt/projetos-apoiados/,Fundo Amazônia — Projetos apoiados (carteira),"valor do apoio (não-reembolsável); local=AC,AP,AM,MA,MT,PA,RO,RR,TO; situação por carteira. Reconciled to Informe 30/12/2025 control totals."
A-fundoamazonia-021,A,Fundo Amazônia (BNDES/MMA),sustainable-production,Interestadual,"AP,MT,PA,RO,TO",,true,grant,Produção Sustentável em Comunidades Atingidas da Amazônia,Associação de Desenvolvimento Agrícola Interestadual (ADAI),terceiro-setor,32323825.00,BRL,32323825.00,BNDES,,,contratado,true,https://www.fundoamazonia.gov.br/pt/projetos-apoiados/,Fundo Amazônia — Projetos apoiados (carteira),"valor do apoio (não-reembolsável); local=AP,MT,PA,RO,TO; situação por carteira. Reconciled to Informe 30/12/2025 control totals."
A-fundoamazonia-022,A,Fundo Amazônia (BNDES/MMA),research,Interestadual,"AM,PA",,true,grant,Rede de Manejo da Sociobiodiversidade (REMANSO),Instituto de Desenvolvimento Sustentável Mamirauá (IDSM),terceiro-setor,37053237.82,BRL,37053237.82,BNDES,,,contratado,true,https://www.fundoamazonia.gov.br/pt/projetos-apoiados/,Fundo Amazônia — Projetos apoiados (carteira),"valor do apoio (não-reembolsável); local=AM,PA; situação por carteira. Reconciled to Informe 30/12/2025 control totals."
A-fundoamazonia-023,A,Fundo Amazônia (BNDES/MMA),forest-conservation,Interestadual,"AC,AP,AM,MA,MT,PA,RO,RR,TO",,true,grant,Florestas e Comunidades: Amazônia Viva,Companhia Nacional de Abastecimento (Conab),uniao,96590000.00,BRL,96590000.00,BNDES,,,contratado,true,https://www.fundoamazonia.gov.br/pt/projetos-apoiados/,Fundo Amazônia — Projetos apoiados (carteira),"valor do apoio (não-reembolsável); local=AC,AP,AM,MA,MT,PA,RO,RR,TO; situação por carteira. Reconciled to Informe 30/12/2025 control totals."
A-fundoamazonia-024,A,Fundo Amazônia (BNDES/MMA),forest-conservation,Centro-Oeste,MT,,true,grant,Mato Grosso 2025,Estado de Mato Grosso - Corpo de Bombeiros do Estado do Mato Grosso (CBMT),estado,45000000.00,BRL,45000000.00,BNDES,,,contratado,true,https://www.fundoamazonia.gov.br/pt/projetos-apoiados/,Fundo Amazônia — Projetos apoiados (carteira),valor do apoio (não-reembolsável); local=MT; situação por carteira. Reconciled to Informe 30/12/2025 control totals.
A-fundoamazonia-025,A,Fundo Amazônia (BNDES/MMA),sustainable-production,Norte,AM,,true,grant,Pirão no Prato,Fundação Amazônia Sustentável (FAS),terceiro-setor,47758979.00,BRL,47758979.00,BNDES,,,contratado,true,https://www.fundoamazonia.gov.br/pt/projetos-apoiados/,Fundo Amazônia — Projetos apoiados (carteira),valor do apoio (não-reembolsável); local=AM; situação por carteira. Reconciled to Informe 30/12/2025 control totals.
A-fundoamazonia-026,A,Fundo Amazônia (BNDES/MMA),forest-conservation,Interestadual,"AC,AP,AM,MA,MT,PA,RO,RR,TO",,true,grant,Áreas Protegidas da Amazônia (Arpa) - Fase 2,Fundo Brasileiro para a Biodiversidade (Funbio),terceiro-setor,19949058.91,BRL,164294880.00,BNDES,,,concluido,true,https://www.fundoamazonia.gov.br/pt/projetos-apoiados/,Fundo Amazônia — Projetos apoiados (carteira),"valor do apoio (não-reembolsável); local=AC,AP,AM,MA,MT,PA,RO,RR,TO; situação por carteira. Reconciled to Informe 30/12/2025 control totals."
A-fundoamazonia-027,A,Fundo Amazônia (BNDES/MMA),restoration-water,Centro-Oeste,MT,Marcelândia,true,grant,Recupera Marcelândia,Município de Marcelândia,municipio,551556.98,BRL,551556.98,BNDES,,,concluido,true,https://www.fundoamazonia.gov.br/pt/projetos-apoiados/,Fundo Amazônia — Projetos apoiados (carteira),valor do apoio (não-reembolsável); local=MT; situação por carteira. Reconciled to Informe 30/12/2025 control totals.
A-fundoamazonia-028,A,Fundo Amazônia (BNDES/MMA),forest-conservation,Norte,AC,,true,grant,Alto Juruá,Associação Ashaninka do Rio Amônia (Apiwtxa),terceiro-setor,6597581.00,BRL,6597581.00,BNDES,,,concluido,true,https://www.fundoamazonia.gov.br/pt/projetos-apoiados/,Fundo Amazônia — Projetos apoiados (carteira),valor do apoio (não-reembolsável); local=AC; situação por carteira. Reconciled to Informe 30/12/2025 control totals.
A-fundoamazonia-029,A,Fundo Amazônia (BNDES/MMA),sustainable-production,Nordeste,MA,,true,grant,APL Babaçu,Associação em Áreas de Assentamento no estado do Maranhão (Assema),terceiro-setor,4897085.37,BRL,4897085.37,BNDES,,,concluido,true,https://www.fundoamazonia.gov.br/pt/projetos-apoiados/,Fundo Amazônia — Projetos apoiados (carteira),valor do apoio (não-reembolsável); local=MA; situação por carteira. Reconciled to Informe 30/12/2025 control totals.
A-fundoamazonia-030,A,Fundo Amazônia (BNDES/MMA),fire-management,Norte,AC,,true,grant,Acre: Incêndios Florestais Zero,Estado do Acre - Corpo de Bombeiros Militar do Estado do Acre (CBMAC),estado,13280709.56,BRL,13337700.00,BNDES,,,concluido,true,https://www.fundoamazonia.gov.br/pt/projetos-apoiados/,Fundo Amazônia — Projetos apoiados (carteira),valor do apoio (não-reembolsável); local=AC; situação por carteira. Reconciled to Informe 30/12/2025 control totals.
A-fundoamazonia-031,A,Fundo Amazônia (BNDES/MMA),sustainable-production,Norte,AM,,true,grant,Bolsa Floresta,Fundação Amazonas Sustentável (FAS),terceiro-setor,19107547.89,BRL,29934645.00,BNDES,,,concluido,true,https://www.fundoamazonia.gov.br/pt/projetos-apoiados/,Fundo Amazônia — Projetos apoiados (carteira),valor do apoio (não-reembolsável); local=AM; situação por carteira. Reconciled to Informe 30/12/2025 control totals.
A-fundoamazonia-032,A,Fundo Amazônia (BNDES/MMA),sustainable-production,Norte,AC,,true,grant,Pesca Sustentável,WWF-Brasil,terceiro-setor,3205943.00,BRL,3205943.00,BNDES,,,concluido,true,https://www.fundoamazonia.gov.br/pt/projetos-apoiados/,Fundo Amazônia — Projetos apoiados (carteira),valor do apoio (não-reembolsável); local=AC; situação por carteira. Reconciled to Informe 30/12/2025 control totals.
A-fundoamazonia-033,A,Fundo Amazônia (BNDES/MMA),sustainable-production,Centro-Oeste,MT,,true,grant,Sementes do Portal - Fase II,Instituto Ouro Verde (IOV),terceiro-setor,16086000.00,BRL,16086000.00,BNDES,,,concluido,true,https://www.fundoamazonia.gov.br/pt/projetos-apoiados/,Fundo Amazônia — Projetos apoiados (carteira),valor do apoio (não-reembolsável); local=MT; situação por carteira. Reconciled to Informe 30/12/2025 control totals.
A-fundoamazonia-034,A,Fundo Amazônia (BNDES/MMA),sustainable-production,Norte,RO,,true,grant,Quintais Amazônicos,Centro de Estudos da Cultura e do Meio Ambiente da Amazônia (Rioterra),terceiro-setor,8837852.29,BRL,8837852.29,BNDES,,,concluido,true,https://www.fundoamazonia.gov.br/pt/projetos-apoiados/,Fundo Amazônia — Projetos apoiados (carteira),valor do apoio (não-reembolsável); local=RO; situação por carteira. Reconciled to Informe 30/12/2025 control totals.
A-fundoamazonia-035,A,Fundo Amazônia (BNDES/MMA),forest-conservation,Centro-Oeste,MT,,true,grant,Sentinelas da Floresta,Cooperativa dos Agricultores do Vale do Amanhecer (Coopavam),terceiro-setor,5175522.50,BRL,5175522.50,BNDES,,,concluido,true,https://www.fundoamazonia.gov.br/pt/projetos-apoiados/,Fundo Amazônia — Projetos apoiados (carteira),valor do apoio (não-reembolsável); local=MT; situação por carteira. Reconciled to Informe 30/12/2025 control totals.
A-fundoamazonia-036,A,Fundo Amazônia (BNDES/MMA),forest-conservation,Centro-Oeste,MT,Porto dos Gaúchos,true,grant,Preservar Porto dos Gaúchos,Município de Porto dos Gaúchos,municipio,120655.00,BRL,120655.00,BNDES,,,concluido,true,https://www.fundoamazonia.gov.br/pt/projetos-apoiados/,Fundo Amazônia — Projetos apoiados (carteira),valor do apoio (não-reembolsável); local=MT; situação por carteira. Reconciled to Informe 30/12/2025 control totals.
A-fundoamazonia-037,A,Fundo Amazônia (BNDES/MMA),monitoring-control,Nordeste,CE,,false,grant,CAR Ceará,Superintendência Estadual do Meio Ambiente do Estado do Ceará (Semace),estado,18824169.83,BRL,18824169.83,BNDES,,,contratado,true,https://www.fundoamazonia.gov.br/pt/projetos-apoiados/,Fundo Amazônia — Projetos apoiados (carteira),valor do apoio (não-reembolsável); local=CE; situação por carteira. Reconciled to Informe 30/12/2025 control totals.
A-fundoamazonia-038,A,Fundo Amazônia (BNDES/MMA),forest-conservation,Norte,RO,,true,grant,Rondônia Mais Verde,Estado de Rondônia - Corpo de Bombeiros do Estado de Rondônia (CBMRO),estado,15040500.00,BRL,17357458.36,BNDES,,,concluido,true,https://www.fundoamazonia.gov.br/pt/projetos-apoiados/,Fundo Amazônia — Projetos apoiados (carteira),valor do apoio (não-reembolsável); local=RO; situação por carteira. Reconciled to Informe 30/12/2025 control totals.
A-fundoamazonia-039,A,Fundo Amazônia (BNDES/MMA),forest-conservation,Norte,TO,,true,grant,Proteção Florestal Tocantins,Estado do Tocantins - Corpo de Bombeiros Militar do Estado do Tocantins (CBMTO),estado,4958910.00,BRL,6697880.00,BNDES,,,concluido,true,https://www.fundoamazonia.gov.br/pt/projetos-apoiados/,Fundo Amazônia — Projetos apoiados (carteira),valor do apoio (não-reembolsável); local=TO; situação por carteira. Reconciled to Informe 30/12/2025 control totals.
A-fundoamazonia-040,A,Fundo Amazônia (BNDES/MMA),forest-conservation,Centro-Oeste,MT,,true,grant,Terra a Limpo,Estado de Mato Grosso - Gabinete de Articulação e Desenvolvimento Regional (GDR/MT),estado,72900000.00,BRL,72900000.00,BNDES,,,contratado,true,https://www.fundoamazonia.gov.br/pt/projetos-apoiados/,Fundo Amazônia — Projetos apoiados (carteira),valor do apoio (não-reembolsável); local=MT; situação por carteira. Reconciled to Informe 30/12/2025 control totals.
A-fundoamazonia-041,A,Fundo Amazônia (BNDES/MMA),forest-conservation,Interestadual,"MT,PA,RO",,true,grant,Florestas de Valor - Novos modelos de Negócio para a Amazônia,Instituto de Manejo e Certificação Florestal e Agrícola (Imaflora),terceiro-setor,17369442.36,BRL,17369442.36,BNDES,,,contratado,true,https://www.fundoamazonia.gov.br/pt/projetos-apoiados/,Fundo Amazônia — Projetos apoiados (carteira),"valor do apoio (não-reembolsável); local=MT,PA,RO; situação por carteira. Reconciled to Informe 30/12/2025 control totals."
A-fundoamazonia-042,A,Fundo Amazônia (BNDES/MMA),forest-conservation,Interestadual,"AC,AP,AM,MA,MT,PA,RO,RR,TO",,true,grant,Projeto Integrado da Amazônia,Empresa Brasileira de Pesquisa Agropecuária (Embrapa) e Fundação Eliseu Alves (FEA),uniao,33691380.00,BRL,33691380.00,BNDES,,,contratado,true,https://www.fundoamazonia.gov.br/pt/projetos-apoiados/,Fundo Amazônia — Projetos apoiados (carteira),"valor do apoio (não-reembolsável); local=AC,AP,AM,MA,MT,PA,RO,RR,TO; situação por carteira. Reconciled to Informe 30/12/2025 control totals."
A-fundoamazonia-043,A,Fundo Amazônia (BNDES/MMA),monitoring-control,Interestadual,"AC,AP,AM,MA,MT,PA,RO,RR,TO",,true,grant,Amazônia SAR,União Federal - Centro Gestor e Operacional do Sistema de Proteção da Amazônia (Censipam),uniao,47958727.94,BRL,47958727.94,BNDES,,,contratado,true,https://www.fundoamazonia.gov.br/pt/projetos-apoiados/,Fundo Amazônia — Projetos apoiados (carteira),"valor do apoio (não-reembolsável); local=AC,AP,AM,MA,MT,PA,RO,RR,TO; situação por carteira. Reconciled to Informe 30/12/2025 control totals."
A-fundoamazonia-044,A,Fundo Amazônia (BNDES/MMA),monitoring-control,Interestadual,"AC,AP,AM,MA,MT,PA,RO,RR,TO",,true,grant,Monitoramento Ambiental por Satélites no Bioma Amazônia,"Fundação de Ciência, Aplicações e Tecnologia Espaciais (Funcate) e Instituto Nacional de Pesquisas Espaciais (Inpe)",uniao,66952436.00,BRL,66952436.00,BNDES,,,contratado,true,https://www.fundoamazonia.gov.br/pt/projetos-apoiados/,Fundo Amazônia — Projetos apoiados (carteira),"valor do apoio (não-reembolsável); local=AC,AP,AM,MA,MT,PA,RO,RR,TO; situação por carteira. Reconciled to Informe 30/12/2025 control totals."
A-fundoamazonia-045,A,Fundo Amazônia (BNDES/MMA),territorial-management,Norte,AC,,true,grant,Gestão Territorial OPIRJ,Organização dos Povos Indígenas do Rio Juruá (OPIRJ),terceiro-setor,33661383.00,BRL,33661383.00,BNDES,,,contratado,true,https://www.fundoamazonia.gov.br/pt/projetos-apoiados/,Fundo Amazônia — Projetos apoiados (carteira),valor do apoio (não-reembolsável); local=AC; situação por carteira. Reconciled to Informe 30/12/2025 control totals.
A-fundoamazonia-046,A,Fundo Amazônia (BNDES/MMA),forest-conservation,Norte,PA,,true,grant,Semas Pará,Estado do Pará,estado,15923230.00,BRL,15923230.00,BNDES,,,concluido,true,https://www.fundoamazonia.gov.br/pt/projetos-apoiados/,Fundo Amazônia — Projetos apoiados (carteira),valor do apoio (não-reembolsável); local=PA; situação por carteira. Reconciled to Informe 30/12/2025 control totals.
A-fundoamazonia-047,A,Fundo Amazônia (BNDES/MMA),territorial-management,Norte,PA,,true,grant,"Território, Cultura e Autonomia Kayapó",Associação Floresta Protegida (AFP),terceiro-setor,9089870.67,BRL,9089870.67,BNDES,,,contratado,true,https://www.fundoamazonia.gov.br/pt/projetos-apoiados/,Fundo Amazônia — Projetos apoiados (carteira),valor do apoio (não-reembolsável); local=PA; situação por carteira. Reconciled to Informe 30/12/2025 control totals.
A-fundoamazonia-048,A,Fundo Amazônia (BNDES/MMA),forest-conservation,Interestadual,"AM,MT,PA,RR",,true,grant,Amazônia Socioambiental,Instituto Socioambiental (ISA),terceiro-setor,38834744.64,BRL,38834744.64,BNDES,,,contratado,true,https://www.fundoamazonia.gov.br/pt/projetos-apoiados/,Fundo Amazônia — Projetos apoiados (carteira),"valor do apoio (não-reembolsável); local=AM,MT,PA,RR; situação por carteira. Reconciled to Informe 30/12/2025 control totals."
A-fundoamazonia-049,A,Fundo Amazônia (BNDES/MMA),fire-management,Norte,AP,,true,grant,Projeto de Prevenção e Combate a Incêndios Florestais e Queimadas Não Autorizadas no Amapá,Estado do Amapá - Corpo de Bombeiros Militar do Amapá (CBMAP),estado,45000000.00,BRL,45000000.00,BNDES,,,contratado,true,https://www.fundoamazonia.gov.br/pt/projetos-apoiados/,Fundo Amazônia — Projetos apoiados (carteira),valor do apoio (não-reembolsável); local=AP; situação por carteira. Reconciled to Informe 30/12/2025 control totals.
A-fundoamazonia-050,A,Fundo Amazônia (BNDES/MMA),restoration-water,Interestadual,"MA,PA",,true,grant,Restaura Amazônia MR3,Conservation International do Brasil (CI-Brasil),terceiro-setor,150000000.00,BRL,150000000.00,BNDES,,,contratado,true,https://www.fundoamazonia.gov.br/pt/projetos-apoiados/,Fundo Amazônia — Projetos apoiados (carteira),"valor do apoio (não-reembolsável); local=MA,PA; situação por carteira. Reconciled to Informe 30/12/2025 control totals."
A-fundoamazonia-051,A,Fundo Amazônia (BNDES/MMA),restoration-water,Interestadual,"AC,AM,RO",,true,grant,Restaura Amazônia MR1,Instituto Brasileiro de Administração Municipal (Ibam),terceiro-setor,150000000.00,BRL,150000000.00,BNDES,,,contratado,true,https://www.fundoamazonia.gov.br/pt/projetos-apoiados/,Fundo Amazônia — Projetos apoiados (carteira),"valor do apoio (não-reembolsável); local=AC,AM,RO; situação por carteira. Reconciled to Informe 30/12/2025 control totals."
A-fundoamazonia-052,A,Fundo Amazônia (BNDES/MMA),forest-conservation,Interestadual,"AC,AP,AM,MA,MT,PA,RO,RR,TO",,true,grant,FGV Projetando o Futuro,Fundação Getúlio Vargas (FGV),terceiro-setor,17380589.87,BRL,17380589.87,BNDES,,,contratado,true,https://www.fundoamazonia.gov.br/pt/projetos-apoiados/,Fundo Amazônia — Projetos apoiados (carteira),"valor do apoio (não-reembolsável); local=AC,AP,AM,MA,MT,PA,RO,RR,TO; situação por carteira. Reconciled to Informe 30/12/2025 control totals."
A-fundoamazonia-053,A,Fundo Amazônia (BNDES/MMA),forest-conservation,Norte,PA,,true,grant,Pará Amazônia 2025,Estado do Pará - Corpo de Bombeiros Militar do Pará (CBMPA),estado,44999900.00,BRL,44999900.00,BNDES,,,contratado,true,https://www.fundoamazonia.gov.br/pt/projetos-apoiados/,Fundo Amazônia — Projetos apoiados (carteira),valor do apoio (não-reembolsável); local=PA; situação por carteira. Reconciled to Informe 30/12/2025 control totals.
A-fundoamazonia-054,A,Fundo Amazônia (BNDES/MMA),forest-conservation,Interestadual,"AM,PA,RO",,true,grant,Disseminação e Aprimoramento das Técnicas de Manejo Florestal Sustentável,Instituto Floresta Tropical (IFT),terceiro-setor,7449000.00,BRL,7449000.00,BNDES,,,concluido,true,https://www.fundoamazonia.gov.br/pt/projetos-apoiados/,Fundo Amazônia — Projetos apoiados (carteira),"valor do apoio (não-reembolsável); local=AM,PA,RO; situação por carteira. Reconciled to Informe 30/12/2025 control totals."
A-fundoamazonia-055,A,Fundo Amazônia (BNDES/MMA),territorial-management,Interestadual,"AP,PA",,true,grant,Fortalecimento da Gestão Territorial e Ambiental de Terras Indígenas na Amazônia,The Nature Conservancy do Brasil (TNC Brasil),terceiro-setor,15487682.61,BRL,16308105.98,BNDES,,,concluido,true,https://www.fundoamazonia.gov.br/pt/projetos-apoiados/,Fundo Amazônia — Projetos apoiados (carteira),"valor do apoio (não-reembolsável); local=AP,PA; situação por carteira. Reconciled to Informe 30/12/2025 control totals."
A-fundoamazonia-056,A,Fundo Amazônia (BNDES/MMA),forest-conservation,Norte,PA,,true,grant,Bem Viver Sustentável,Instituto de Pesquisa e Formação Indígena (Iepé),terceiro-setor,11858793.87,BRL,12404198.00,BNDES,,,concluido,true,https://www.fundoamazonia.gov.br/pt/projetos-apoiados/,Fundo Amazônia — Projetos apoiados (carteira),valor do apoio (não-reembolsável); local=PA; situação por carteira. Reconciled to Informe 30/12/2025 control totals.
A-fundoamazonia-057,A,Fundo Amazônia (BNDES/MMA),fire-management,Centro-Oeste,MT,,true,grant,Bombeiros Florestais de Mato Grosso,Estado de Mato Grosso - Corpo de Bombeiros do Estado de Mato Grosso (CBMMT),estado,12518230.09,BRL,16742500.00,BNDES,,,concluido,true,https://www.fundoamazonia.gov.br/pt/projetos-apoiados/,Fundo Amazônia — Projetos apoiados (carteira),valor do apoio (não-reembolsável); local=MT; situação por carteira. Reconciled to Informe 30/12/2025 control totals.
A-fundoamazonia-058,A,Fundo Amazônia (BNDES/MMA),restoration-water,Norte,PA,,true,grant,Florestas de Mangue,Universidade Federal do Pará (UFPA) e Fundação de Amparo e Desenvolvimento da Pesquisa (Fadesp),universidade,1982143.00,BRL,1982143.00,BNDES,,,concluido,true,https://www.fundoamazonia.gov.br/pt/projetos-apoiados/,Fundo Amazônia — Projetos apoiados (carteira),valor do apoio (não-reembolsável); local=PA; situação por carteira. Reconciled to Informe 30/12/2025 control totals.
A-fundoamazonia-059,A,Fundo Amazônia (BNDES/MMA),forest-conservation,Norte,AM,,true,grant,Conhecer para Conservar,Museu da Amazônia (Musa),terceiro-setor,9984629.00,BRL,9984629.00,BNDES,,,concluido,true,https://www.fundoamazonia.gov.br/pt/projetos-apoiados/,Fundo Amazônia — Projetos apoiados (carteira),valor do apoio (não-reembolsável); local=AM; situação por carteira. Reconciled to Informe 30/12/2025 control totals.
A-fundoamazonia-060,A,Fundo Amazônia (BNDES/MMA),territorial-management,Interestadual,"AM,MA,PA",,true,grant,Consolidando a Gestão Territorial e Ambiental em Terras Indígenas,Centro de Trabalho Indigenista (CTI),terceiro-setor,11858546.84,BRL,11858546.84,BNDES,,,concluido,true,https://www.fundoamazonia.gov.br/pt/projetos-apoiados/,Fundo Amazônia — Projetos apoiados (carteira),"valor do apoio (não-reembolsável); local=AM,MA,PA; situação por carteira. Reconciled to Informe 30/12/2025 control totals."
A-fundoamazonia-061,A,Fundo Amazônia (BNDES/MMA),research,Norte,PA,,true,grant,Compostos Bioativos da Amazônia,Universidade Federal do Pará (UFPA) e Fundação de Amparo e Desenvolvimento da Pesquisa (Fadesp),universidade,1352368.48,BRL,1352368.48,BNDES,,,concluido,true,https://www.fundoamazonia.gov.br/pt/projetos-apoiados/,Fundo Amazônia — Projetos apoiados (carteira),valor do apoio (não-reembolsável); local=PA; situação por carteira. Reconciled to Informe 30/12/2025 control totals.
A-fundoamazonia-062,A,Fundo Amazônia (BNDES/MMA),research,Norte,PA,,true,grant,Biodiversidade,Universidade Federal do Pará (UFPA) e Fundação de Amparo e Desenvolvimento da Pesquisa (Fadesp),universidade,4639706.98,BRL,4639706.98,BNDES,,,concluido,true,https://www.fundoamazonia.gov.br/pt/projetos-apoiados/,Fundo Amazônia — Projetos apoiados (carteira),valor do apoio (não-reembolsável); local=PA; situação por carteira. Reconciled to Informe 30/12/2025 control totals.
A-fundoamazonia-063,A,Fundo Amazônia (BNDES/MMA),monitoring-control,Centro-Oeste,MS,,false,grant,CAR Mato Grosso do Sul,Instituto de Meio Ambiente do Mato Grosso do Sul (Imasul),estado,4575359.30,BRL,4575359.30,BNDES,,,concluido,true,https://www.fundoamazonia.gov.br/pt/projetos-apoiados/,Fundo Amazônia — Projetos apoiados (carteira),valor do apoio (não-reembolsável); local=MS; situação por carteira. Reconciled to Informe 30/12/2025 control totals.
A-fundoamazonia-064,A,Fundo Amazônia (BNDES/MMA),forest-conservation,Interestadual,"MA,MT,TO",,true,grant,Pequenos Projetos Ecossociais na Amazônia,"Instituto Sociedade, População e Natureza (ISPN)",terceiro-setor,12814691.38,BRL,12814691.38,BNDES,,,concluido,true,https://www.fundoamazonia.gov.br/pt/projetos-apoiados/,Fundo Amazônia — Projetos apoiados (carteira),"valor do apoio (não-reembolsável); local=MA,MT,TO; situação por carteira. Reconciled to Informe 30/12/2025 control totals."
A-fundoamazonia-065,A,Fundo Amazônia (BNDES/MMA),territorial-management,Interestadual,"AC,AP,AM,MA,MT,PA,RO,RR,TO",,true,grant,Proteção Etnoambiental de Povos Indígenas Isolados e de Recente Contato na Amazônia,Centro de Trabalho Indigenista (CTI),terceiro-setor,19043330.00,BRL,19043330.00,BNDES,,,concluido,true,https://www.fundoamazonia.gov.br/pt/projetos-apoiados/,Fundo Amazônia — Projetos apoiados (carteira),"valor do apoio (não-reembolsável); local=AC,AP,AM,MA,MT,PA,RO,RR,TO; situação por carteira. Reconciled to Informe 30/12/2025 control totals."
A-fundoamazonia-066,A,Fundo Amazônia (BNDES/MMA),forest-conservation,Interestadual,"AC,AP,AM,MA,MT,PA,RO,RR,TO",,true,grant,Programa de Qualificação da Gestão Ambiental,Instituto Brasileiro de Administração Municipal (Ibam),terceiro-setor,18853482.32,BRL,19620429.22,BNDES,,,concluido,true,https://www.fundoamazonia.gov.br/pt/projetos-apoiados/,Fundo Amazônia — Projetos apoiados (carteira),"valor do apoio (não-reembolsável); local=AC,AP,AM,MA,MT,PA,RO,RR,TO; situação por carteira. Reconciled to Informe 30/12/2025 control totals."
A-fundoamazonia-067,A,Fundo Amazônia (BNDES/MMA),forest-conservation,Interestadual,"AM,MT,PA,RO",,true,grant,Fortalecimento da Gestão Ambiental na Amazônia,Instituto do Homem e Meio Ambiente da Amazônia (Imazon),terceiro-setor,12104865.00,BRL,12104865.00,BNDES,,,concluido,true,https://www.fundoamazonia.gov.br/pt/projetos-apoiados/,Fundo Amazônia — Projetos apoiados (carteira),"valor do apoio (não-reembolsável); local=AM,MT,PA,RO; situação por carteira. Reconciled to Informe 30/12/2025 control totals."
A-fundoamazonia-068,A,Fundo Amazônia (BNDES/MMA),forest-conservation,Interestadual,"MT,PA,RO,TO",,true,grant,Uso de Tecnologias Sociais para Redução do Desmatamento,Associação de Desenvolvimento Agrícola Interestadual (Adai),terceiro-setor,9059718.63,BRL,9059718.63,BNDES,,,concluido,true,https://www.fundoamazonia.gov.br/pt/projetos-apoiados/,Fundo Amazônia — Projetos apoiados (carteira),"valor do apoio (não-reembolsável); local=MT,PA,RO,TO; situação por carteira. Reconciled to Informe 30/12/2025 control totals."
A-fundoamazonia-069,A,Fundo Amazônia (BNDES/MMA),restoration-water,Centro-Oeste,MT,Alta Floresta,true,grant,Olhos d`Água da Amazônia,Município de Alta Floresta,municipio,2781340.40,BRL,2781340.40,BNDES,,,concluido,true,https://www.fundoamazonia.gov.br/pt/projetos-apoiados/,Fundo Amazônia — Projetos apoiados (carteira),valor do apoio (não-reembolsável); local=MT; situação por carteira. Reconciled to Informe 30/12/2025 control totals.
A-fundoamazonia-070,A,Fundo Amazônia (BNDES/MMA),forest-conservation,Norte,PA,,true,grant,Fundo Dema,Federação de Órgãos para Assistência Social e Educacional (Fase),terceiro-setor,6601699.07,BRL,6601699.07,BNDES,,,concluido,true,https://www.fundoamazonia.gov.br/pt/projetos-apoiados/,Fundo Amazônia — Projetos apoiados (carteira),valor do apoio (não-reembolsável); local=PA; situação por carteira. Reconciled to Informe 30/12/2025 control totals.
A-fundoamazonia-071,A,Fundo Amazônia (BNDES/MMA),forest-conservation,Norte,AM,,true,grant,Mamirauá,Instituto de Desenvolvimento Sustentável Mamirauá (IDSM),terceiro-setor,8504678.54,BRL,8706257.00,BNDES,,,concluido,true,https://www.fundoamazonia.gov.br/pt/projetos-apoiados/,Fundo Amazônia — Projetos apoiados (carteira),valor do apoio (não-reembolsável); local=AM; situação por carteira. Reconciled to Informe 30/12/2025 control totals.
A-fundoamazonia-072,A,Fundo Amazônia (BNDES/MMA),research,Interestadual,"AC,AP,AM,MA,MT,PA,RO,RR,TO",,true,grant,Incubadora de Políticas Públicas da Amazônia,Universidade Federal do Pará (UFPA) e Fundação de Amparo e Desenvolvimento da Pesquisa (Fadesp),universidade,2660567.23,BRL,2660567.23,BNDES,,,concluido,true,https://www.fundoamazonia.gov.br/pt/projetos-apoiados/,Fundo Amazônia — Projetos apoiados (carteira),"valor do apoio (não-reembolsável); local=AC,AP,AM,MA,MT,PA,RO,RR,TO; situação por carteira. Reconciled to Informe 30/12/2025 control totals."
A-fundoamazonia-073,A,Fundo Amazônia (BNDES/MMA),sustainable-production,Interestadual,"AC,AM",,true,grant,Cadeias de Valor de Produtos Florestais Não Madeireiros,Associação SOS Amazônia,terceiro-setor,9938777.00,BRL,9938777.00,BNDES,,,concluido,true,https://www.fundoamazonia.gov.br/pt/projetos-apoiados/,Fundo Amazônia — Projetos apoiados (carteira),"valor do apoio (não-reembolsável); local=AC,AM; situação por carteira. Reconciled to Informe 30/12/2025 control totals."
A-fundoamazonia-074,A,Fundo Amazônia (BNDES/MMA),territorial-management,Norte,AC,,true,grant,Cadeias de Valor em Terras Indígenas no Acre,Comissão Pró Índio do Acre (CPI-Acre),terceiro-setor,3091111.21,BRL,3091111.21,BNDES,,,concluido,true,https://www.fundoamazonia.gov.br/pt/projetos-apoiados/,Fundo Amazônia — Projetos apoiados (carteira),valor do apoio (não-reembolsável); local=AC; situação por carteira. Reconciled to Informe 30/12/2025 control totals.
A-fundoamazonia-075,A,Fundo Amazônia (BNDES/MMA),sustainable-production,Centro-Oeste,MT,,true,grant,Sementes do Portal,Instituto Ouro Verde (IOV),terceiro-setor,5397778.87,BRL,5397778.87,BNDES,,,concluido,true,https://www.fundoamazonia.gov.br/pt/projetos-apoiados/,Fundo Amazônia — Projetos apoiados (carteira),valor do apoio (não-reembolsável); local=MT; situação por carteira. Reconciled to Informe 30/12/2025 control totals.
A-fundoamazonia-076,A,Fundo Amazônia (BNDES/MMA),research,Interestadual,"AC,AP,AM,MA,MT,PA,RO,RR,TO",,true,grant,Nova Cartografia Social na Amazônia,Universidade do Estado do Amazonas (UEA) e Fundação de Apoio Institucional Muraki,universidade,4614587.03,BRL,4614587.03,BNDES,,,concluido,true,https://www.fundoamazonia.gov.br/pt/projetos-apoiados/,Fundo Amazônia — Projetos apoiados (carteira),"valor do apoio (não-reembolsável); local=AC,AP,AM,MA,MT,PA,RO,RR,TO; situação por carteira. Reconciled to Informe 30/12/2025 control totals."
A-fundoamazonia-077,A,Fundo Amazônia (BNDES/MMA),restoration-water,Centro-Oeste,MT,Alta Floresta,true,grant,Olhos d`Água da Amazônia - Fase II,Município de Alta Floresta,municipio,7146563.54,BRL,7597201.04,BNDES,,,concluido,true,https://www.fundoamazonia.gov.br/pt/projetos-apoiados/,Fundo Amazônia — Projetos apoiados (carteira),valor do apoio (não-reembolsável); local=MT; situação por carteira. Reconciled to Informe 30/12/2025 control totals.
A-fundoamazonia-078,A,Fundo Amazônia (BNDES/MMA),restoration-water,Centro-Oeste,MT,Carlinda,true,grant,Nascentes do Buriti,Município de Carlinda,municipio,1875500.94,BRL,1875500.94,BNDES,,,concluido,true,https://www.fundoamazonia.gov.br/pt/projetos-apoiados/,Fundo Amazônia — Projetos apoiados (carteira),valor do apoio (não-reembolsável); local=MT; situação por carteira. Reconciled to Informe 30/12/2025 control totals.
A-fundoamazonia-079,A,Fundo Amazônia (BNDES/MMA),territorial-management,Norte,AC,,true,grant,Experiências Indígenas de Gestão Territorial e Ambiental no Acre,Comissão Pró-Índio do Acre (CPI-Acre),terceiro-setor,5823061.00,BRL,5823061.00,BNDES,,,concluido,true,https://www.fundoamazonia.gov.br/pt/projetos-apoiados/,Fundo Amazônia — Projetos apoiados (carteira),valor do apoio (não-reembolsável); local=AC; situação por carteira. Reconciled to Informe 30/12/2025 control totals.
A-fundoamazonia-080,A,Fundo Amazônia (BNDES/MMA),fire-management,Norte,PA,,true,grant,Pará Combatendo os Incêndios Florestais e Queimadas Não Autorizadas,Estado do Pará - Corpo de Bombeiros Militar do Estado do Pará (CBMPA),estado,16830280.00,BRL,16830280.00,BNDES,,,concluido,true,https://www.fundoamazonia.gov.br/pt/projetos-apoiados/,Fundo Amazônia — Projetos apoiados (carteira),valor do apoio (não-reembolsável); local=PA; situação por carteira. Reconciled to Informe 30/12/2025 control totals.
A-fundoamazonia-081,A,Fundo Amazônia (BNDES/MMA),territorial-management,Norte,AM,,true,grant,Gestão Territorial Indígena no Sul do Amazonas,Instituto Internacional de Educação do Brasil (IEB),terceiro-setor,11042796.11,BRL,11042796.11,BNDES,,,concluido,true,https://www.fundoamazonia.gov.br/pt/projetos-apoiados/,Fundo Amazônia — Projetos apoiados (carteira),valor do apoio (não-reembolsável); local=AM; situação por carteira. Reconciled to Informe 30/12/2025 control totals.
A-fundoamazonia-082,A,Fundo Amazônia (BNDES/MMA),forest-conservation,Norte,RO,,true,grant,Pacto da Floresta,Pacto das Águas - Elaboração e Desenvolvimento de Projetos Socioambientais,terceiro-setor,8607999.88,BRL,8607999.88,BNDES,,,concluido,true,https://www.fundoamazonia.gov.br/pt/projetos-apoiados/,Fundo Amazônia — Projetos apoiados (carteira),valor do apoio (não-reembolsável); local=RO; situação por carteira. Reconciled to Informe 30/12/2025 control totals.
A-fundoamazonia-083,A,Fundo Amazônia (BNDES/MMA),monitoring-control,Norte,AC,,true,grant,CAR Acre,Estado do Acre,estado,15411173.28,BRL,15411173.28,BNDES,,,concluido,true,https://www.fundoamazonia.gov.br/pt/projetos-apoiados/,Fundo Amazônia — Projetos apoiados (carteira),valor do apoio (não-reembolsável); local=AC; situação por carteira. Reconciled to Informe 30/12/2025 control totals.
A-fundoamazonia-084,A,Fundo Amazônia (BNDES/MMA),sustainable-production,Interestadual,"AP,PA",,true,grant,Néctar da Amazônia,Instituto Peabiru,terceiro-setor,2030000.00,BRL,2072901.00,BNDES,,,concluido,true,https://www.fundoamazonia.gov.br/pt/projetos-apoiados/,Fundo Amazônia — Projetos apoiados (carteira),"valor do apoio (não-reembolsável); local=AP,PA; situação por carteira. Reconciled to Informe 30/12/2025 control totals."
A-fundoamazonia-085,A,Fundo Amazônia (BNDES/MMA),sustainable-production,Centro-Oeste,MT,,true,grant,Cadeias de Valor da Agricultura Familiar no Estado de Mato Grosso,Associação do Centro de Tecnologia Alternativa (CTA),terceiro-setor,3238032.00,BRL,3238032.00,BNDES,,,concluido,true,https://www.fundoamazonia.gov.br/pt/projetos-apoiados/,Fundo Amazônia — Projetos apoiados (carteira),valor do apoio (não-reembolsável); local=MT; situação por carteira. Reconciled to Informe 30/12/2025 control totals.
A-fundoamazonia-086,A,Fundo Amazônia (BNDES/MMA),monitoring-control,Internacional,INTL,,false,grant,Monitoramento da Cobertura Florestal na Amazônia Regional,Organização do Tratado de Cooperação Amazônica (OTCA),internacional,23693641.00,BRL,27670630.00,BNDES,,,concluido,true,https://www.fundoamazonia.gov.br/pt/projetos-apoiados/,Fundo Amazônia — Projetos apoiados (carteira),valor do apoio (não-reembolsável); local=INTL; situação por carteira. Reconciled to Informe 30/12/2025 control totals.
A-fundoamazonia-087,A,Fundo Amazônia (BNDES/MMA),monitoring-control,Nacional,BR,,false,grant,CAR Espírito Santo,Instituto de Defesa Agropecuária e Florestal do Espírito Santo (Idaf),estado,317152.13,BRL,1673045.63,BNDES,,,concluido,true,https://www.fundoamazonia.gov.br/pt/projetos-apoiados/,Fundo Amazônia — Projetos apoiados (carteira),valor do apoio (não-reembolsável); local=n/d; situação por carteira. Reconciled to Informe 30/12/2025 control totals.
A-fundoamazonia-088,A,Fundo Amazônia (BNDES/MMA),forest-conservation,Nordeste,MA,,true,grant,Amazônia Protegida,Estado do Maranhão - Corpo de Bombeiros do Estado do Maranhão (CBMMA),estado,45000000.00,BRL,45000000.00,BNDES,,,contratado,true,https://www.fundoamazonia.gov.br/pt/projetos-apoiados/,Fundo Amazônia — Projetos apoiados (carteira),valor do apoio (não-reembolsável); local=MA; situação por carteira. Reconciled to Informe 30/12/2025 control totals.
A-fundoamazonia-089,A,Fundo Amazônia (BNDES/MMA),restoration-water,Norte,RO,,true,grant,Plantar Rondônia,Centro de Estudos da Cultura e do Meio Ambiente da Amazônia (Rioterra),terceiro-setor,25305337.00,BRL,25305337.00,BNDES,,,concluido,true,https://www.fundoamazonia.gov.br/pt/projetos-apoiados/,Fundo Amazônia — Projetos apoiados (carteira),valor do apoio (não-reembolsável); local=RO; situação por carteira. Reconciled to Informe 30/12/2025 control totals.
A-fundoamazonia-090,A,Fundo Amazônia (BNDES/MMA),territorial-management,Interestadual,"MT,RO",,true,grant,Amazônia Indígena Sustentável,Associação de Defesa Etnoambiental Kanindé,terceiro-setor,7352757.03,BRL,7352757.03,BNDES,,,concluido,true,https://www.fundoamazonia.gov.br/pt/projetos-apoiados/,Fundo Amazônia — Projetos apoiados (carteira),"valor do apoio (não-reembolsável); local=MT,RO; situação por carteira. Reconciled to Informe 30/12/2025 control totals."
A-fundoamazonia-091,A,Fundo Amazônia (BNDES/MMA),sustainable-production,Centro-Oeste,MT,,true,grant,Valorizando Cadeias Socioprodutivas Amazônicas,Instituto Centro de Vida (ICV),terceiro-setor,16405000.00,BRL,16405000.00,BNDES,,,concluido,true,https://www.fundoamazonia.gov.br/pt/projetos-apoiados/,Fundo Amazônia — Projetos apoiados (carteira),valor do apoio (não-reembolsável); local=MT; situação por carteira. Reconciled to Informe 30/12/2025 control totals.
A-fundoamazonia-092,A,Fundo Amazônia (BNDES/MMA),forest-conservation,Interestadual,"AC,AP,AM,MA,MT,PA,RO,RR,TO",,true,grant,Amazônia - Regularização Ambiental,Fundação Brasileira para o Desenvolvimento Sustentável (FBDS),terceiro-setor,9267000.00,BRL,9267000.00,BNDES,,,concluido,true,https://www.fundoamazonia.gov.br/pt/projetos-apoiados/,Fundo Amazônia — Projetos apoiados (carteira),"valor do apoio (não-reembolsável); local=AC,AP,AM,MA,MT,PA,RO,RR,TO; situação por carteira. Reconciled to Informe 30/12/2025 control totals."
A-fundoamazonia-093,A,Fundo Amazônia (BNDES/MMA),forest-conservation,Centro-Oeste,MT,,true,grant,Mato Grosso Sustentável,Estado de Mato Grosso,estado,32925406.46,BRL,32925406.46,BNDES,,,contratado,true,https://www.fundoamazonia.gov.br/pt/projetos-apoiados/,Fundo Amazônia — Projetos apoiados (carteira),valor do apoio (não-reembolsável); local=MT; situação por carteira. Reconciled to Informe 30/12/2025 control totals.
A-fundoamazonia-094,A,Fundo Amazônia (BNDES/MMA),monitoring-control,Interestadual,"AC,AP,AM,MA,MT,PA,RO,RR,TO",,true,grant,Fortalecimento da Fiscalização Ambiental para o Controle do Desmatamento Ilegal na Amazônia (FORTFISC),Instituto Brasileiro do Meio Ambiente e dos Recursos Naturais Renováveis (Ibama),uniao,825732461.00,BRL,825732461.00,BNDES,,,contratado,true,https://www.fundoamazonia.gov.br/pt/projetos-apoiados/,Fundo Amazônia — Projetos apoiados (carteira),"valor do apoio (não-reembolsável); local=AC,AP,AM,MA,MT,PA,RO,RR,TO; situação por carteira. Reconciled to Informe 30/12/2025 control totals."
A-fundoamazonia-095,A,Fundo Amazônia (BNDES/MMA),forest-conservation,Norte,RO,,true,grant,Projeto de Desenvolvimento Socioeconômico Ambiental Integrado,Estado de Rondônia - Secretaria de Estado de Desenvolvimento Ambiental (Sedam-RO),estado,26714756.72,BRL,35576602.00,BNDES,,,contratado,true,https://www.fundoamazonia.gov.br/pt/projetos-apoiados/,Fundo Amazônia — Projetos apoiados (carteira),valor do apoio (não-reembolsável); local=RO; situação por carteira. Reconciled to Informe 30/12/2025 control totals.
A-fundoamazonia-096,A,Fundo Amazônia (BNDES/MMA),sustainable-production,Norte,PA,,true,grant,Floresta para Sempre,Instituto do Homem e Meio Ambiente da Amazônia (Imazon),terceiro-setor,8004487.80,BRL,8004487.80,BNDES,,,concluido,true,https://www.fundoamazonia.gov.br/pt/projetos-apoiados/,Fundo Amazônia — Projetos apoiados (carteira),valor do apoio (não-reembolsável); local=PA; situação por carteira. Reconciled to Informe 30/12/2025 control totals.
A-fundoamazonia-097,A,Fundo Amazônia (BNDES/MMA),forest-conservation,Norte,AM,,true,grant,Cidades Florestais,Instituto de Conservação e Desenvolvimento Sustentável da Amazônia (Idesam),terceiro-setor,11973174.92,BRL,11973174.92,BNDES,,,concluido,true,https://www.fundoamazonia.gov.br/pt/projetos-apoiados/,Fundo Amazônia — Projetos apoiados (carteira),valor do apoio (não-reembolsável); local=AM; situação por carteira. Reconciled to Informe 30/12/2025 control totals.
A-fundoamazonia-098,A,Fundo Amazônia (BNDES/MMA),forest-conservation,Interestadual,"AC,AP,AM,MA,MT,PA,RO,RR,TO",,true,grant,Fundação Banco do Brasil - Fundo Amazônia,Fundação Banco do Brasil (FBB),terceiro-setor,14503820.43,BRL,14503820.43,BNDES,,,concluido,true,https://www.fundoamazonia.gov.br/pt/projetos-apoiados/,Fundo Amazônia — Projetos apoiados (carteira),"valor do apoio (não-reembolsável); local=AC,AP,AM,MA,MT,PA,RO,RR,TO; situação por carteira. Reconciled to Informe 30/12/2025 control totals."
A-fundoamazonia-099,A,Fundo Amazônia (BNDES/MMA),sustainable-production,Norte,AM,,true,grant,Bolsa Floresta+,Fundação Amazonas Sustentável (FAS),terceiro-setor,31298300.48,BRL,31298300.48,BNDES,,,concluido,true,https://www.fundoamazonia.gov.br/pt/projetos-apoiados/,Fundo Amazônia — Projetos apoiados (carteira),valor do apoio (não-reembolsável); local=AM; situação por carteira. Reconciled to Informe 30/12/2025 control totals.
A-fundoamazonia-100,A,Fundo Amazônia (BNDES/MMA),forest-conservation,Norte,PA,,true,grant,Tapajós Sustentável,Conservation International do Brasil (CI-Brasil),terceiro-setor,18016613.87,BRL,18016613.87,BNDES,,,concluido,true,https://www.fundoamazonia.gov.br/pt/projetos-apoiados/,Fundo Amazônia — Projetos apoiados (carteira),valor do apoio (não-reembolsável); local=PA; situação por carteira. Reconciled to Informe 30/12/2025 control totals.
A-fundoamazonia-101,A,Fundo Amazônia (BNDES/MMA),forest-conservation,Interestadual,"MT,PA",,true,grant,Amazônia Agroecológica,Federação de Órgãos para Assistência Social e Educacional (Fase),terceiro-setor,16481470.31,BRL,16481470.31,BNDES,,,contratado,true,https://www.fundoamazonia.gov.br/pt/projetos-apoiados/,Fundo Amazônia — Projetos apoiados (carteira),"valor do apoio (não-reembolsável); local=MT,PA; situação por carteira. Reconciled to Informe 30/12/2025 control totals."
A-fundoamazonia-102,A,Fundo Amazônia (BNDES/MMA),forest-conservation,Norte,PA,,true,grant,Ilhas de Belém,Universidade Federal do Pará (UFPA) e Fundação de Amparo e Desenvolvimento da Pesquisa (Fadesp),universidade,1060245.19,BRL,1060245.19,BNDES,,,concluido,true,https://www.fundoamazonia.gov.br/pt/projetos-apoiados/,Fundo Amazônia — Projetos apoiados (carteira),valor do apoio (não-reembolsável); local=PA; situação por carteira. Reconciled to Informe 30/12/2025 control totals.
A-fundoamazonia-103,A,Fundo Amazônia (BNDES/MMA),territorial-management,Interestadual,"AC,AP,AM,MA,MT,PA,RO,RR,TO",,true,grant,Dabucury: Compartilhando Experiências e Fortalecendo a Gestão Etnoambiental nas Terras Indígenas da Amazônia,Coordenadoria Ecumênica de Serviço (CESE),terceiro-setor,53819079.00,BRL,53819079.00,BNDES,,,contratado,true,https://www.fundoamazonia.gov.br/pt/projetos-apoiados/,Fundo Amazônia — Projetos apoiados (carteira),"valor do apoio (não-reembolsável); local=AC,AP,AM,MA,MT,PA,RO,RR,TO; situação por carteira. Reconciled to Informe 30/12/2025 control totals."
A-fundoamazonia-104,A,Fundo Amazônia (BNDES/MMA),forest-conservation,Norte,AC,,true,grant,Rumo ao Desmatamento Ilegal Zero no Acre,Estado do Acre - Secretaria de Estado de Planejamento (SEPLAN),estado,97814173.00,BRL,97814173.00,BNDES,,,contratado,true,https://www.fundoamazonia.gov.br/pt/projetos-apoiados/,Fundo Amazônia — Projetos apoiados (carteira),valor do apoio (não-reembolsável); local=AC; situação por carteira. Reconciled to Informe 30/12/2025 control totals.
A-fundoamazonia-105,A,Fundo Amazônia (BNDES/MMA),forest-conservation,Norte,RO,,true,grant,Rondônia Mais Verde - Fase II,Estado de Rondônia - Corpo de Bombeiros do Estado de Rondônia (CBMRO),estado,34074785.34,BRL,34074785.34,BNDES,,,contratado,true,https://www.fundoamazonia.gov.br/pt/projetos-apoiados/,Fundo Amazônia — Projetos apoiados (carteira),valor do apoio (não-reembolsável); local=RO; situação por carteira. Reconciled to Informe 30/12/2025 control totals.
A-fundoamazonia-106,A,Fundo Amazônia (BNDES/MMA),forest-conservation,Norte,AM,,true,grant,Cuidar para Preservar: Saúde Integrada e Conservação na Amazônia,Associação Expedicionários da Saúde (EDS),terceiro-setor,56987873.00,BRL,56987873.00,BNDES,,,contratado,true,https://www.fundoamazonia.gov.br/pt/projetos-apoiados/,Fundo Amazônia — Projetos apoiados (carteira),valor do apoio (não-reembolsável); local=AM; situação por carteira. Reconciled to Informe 30/12/2025 control totals.
A-fundoamazonia-107,A,Fundo Amazônia (BNDES/MMA),forest-conservation,Norte,PA,,true,grant,Amazônia Saudável no Prato,Instituto Brasileiro de Desenvolvimento e Sustentabilidade (IABS),terceiro-setor,23819576.00,BRL,23819576.00,BNDES,,,contratado,true,https://www.fundoamazonia.gov.br/pt/projetos-apoiados/,Fundo Amazônia — Projetos apoiados (carteira),valor do apoio (não-reembolsável); local=PA; situação por carteira. Reconciled to Informe 30/12/2025 control totals.
A-fundoamazonia-108,A,Fundo Amazônia (BNDES/MMA),forest-conservation,Norte,PA,,true,grant,Floresta Ativa Tapajós,Centro de Estudos Avançados de Promoção Social e Ambiental – CEAPS (Projeto Saúde e Alegria),terceiro-setor,12493011.00,BRL,12493011.00,BNDES,,,contratado,true,https://www.fundoamazonia.gov.br/pt/projetos-apoiados/,Fundo Amazônia — Projetos apoiados (carteira),valor do apoio (não-reembolsável); local=PA; situação por carteira. Reconciled to Informe 30/12/2025 control totals.
A-fundoamazonia-109,A,Fundo Amazônia (BNDES/MMA),forest-conservation,Interestadual,"MA,MT,TO",,true,grant,Pequenos Projetos Ecossociais na Amazônia – Fase II,"Instituto Sociedade, População e Natureza (ISPN)",terceiro-setor,21209881.05,BRL,21209881.05,BNDES,,,contratado,true,https://www.fundoamazonia.gov.br/pt/projetos-apoiados/,Fundo Amazônia — Projetos apoiados (carteira),"valor do apoio (não-reembolsável); local=MA,MT,TO; situação por carteira. Reconciled to Informe 30/12/2025 control totals."
A-fundoamazonia-110,A,Fundo Amazônia (BNDES/MMA),territorial-management,Interestadual,"AC,AP,AM,MA,MT,PA,RO,RR,TO",,true,grant,Redes Indígenas da Amazônia,The Nature Conservancy do Brasil (TNC Brasil),terceiro-setor,59964064.00,BRL,59964064.00,BNDES,,,contratado,true,https://www.fundoamazonia.gov.br/pt/projetos-apoiados/,Fundo Amazônia — Projetos apoiados (carteira),"valor do apoio (não-reembolsável); local=AC,AP,AM,MA,MT,PA,RO,RR,TO; situação por carteira. Reconciled to Informe 30/12/2025 control totals."
A-fundoamazonia-111,A,Fundo Amazônia (BNDES/MMA),forest-conservation,Norte,PA,,true,grant,Calha Norte Sustentável,Instituto de Manejo e Certificação Florestal e Agrícola (Imaflora),terceiro-setor,3310210.47,BRL,3310210.47,BNDES,,,concluido,true,https://www.fundoamazonia.gov.br/pt/projetos-apoiados/,Fundo Amazônia — Projetos apoiados (carteira),valor do apoio (não-reembolsável); local=PA; situação por carteira. Reconciled to Informe 30/12/2025 control totals.
A-fundoamazonia-112,A,Fundo Amazônia (BNDES/MMA),monitoring-control,Interestadual,"AC,AP,AM,MA,MT,PA,RO,RR,TO",,true,grant,Projeto de Fiscalização Ambiental e Controle do Desmatamento na Amazônia Legal (Profisc I - B),Instituto Brasileiro do Meio Ambiente e dos Recursos Naturais Renováveis (Ibama),uniao,140262587.71,BRL,140262587.71,BNDES,,,concluido,true,https://www.fundoamazonia.gov.br/pt/projetos-apoiados/,Fundo Amazônia — Projetos apoiados (carteira),"valor do apoio (não-reembolsável); local=AC,AP,AM,MA,MT,PA,RO,RR,TO; situação por carteira. Reconciled to Informe 30/12/2025 control totals."
A-fundoamazonia-113,A,Fundo Amazônia (BNDES/MMA),forest-conservation,Norte,PA,Jacundá,true,grant,"Jacundá, Município de Economia Verde",Município de Jacundá,municipio,193906.10,BRL,193906.10,BNDES,,,concluido,true,https://www.fundoamazonia.gov.br/pt/projetos-apoiados/,Fundo Amazônia — Projetos apoiados (carteira),valor do apoio (não-reembolsável); local=PA; situação por carteira. Reconciled to Informe 30/12/2025 control totals.
A-fundoamazonia-114,A,Fundo Amazônia (BNDES/MMA),restoration-water,Interestadual,"MT,TO",,true,grant,Restaura Amazônia MR2,Fundação Brasileira para o Desenvolvimento Sustentável (FBDS),terceiro-setor,150000000.00,BRL,150000000.00,BNDES,,,contratado,true,https://www.fundoamazonia.gov.br/pt/projetos-apoiados/,Fundo Amazônia — Projetos apoiados (carteira),"valor do apoio (não-reembolsável); local=MT,TO; situação por carteira. Reconciled to Informe 30/12/2025 control totals."
A-fundoamazonia-115,A,Fundo Amazônia (BNDES/MMA),forest-conservation,Norte,TO,,true,grant,CAR: Tocantins Legal,Estado do Tocantins,estado,24400219.00,BRL,26800000.00,BNDES,,,contratado,true,https://www.fundoamazonia.gov.br/pt/projetos-apoiados/,Fundo Amazônia — Projetos apoiados (carteira),valor do apoio (não-reembolsável); local=TO; situação por carteira. Reconciled to Informe 30/12/2025 control totals.
A-fundoamazonia-116,A,Fundo Amazônia (BNDES/MMA),research,Interestadual,"MT,PA",,true,grant,Sociobiodiversidade Produtiva no Xingu,Instituto Socioambiental (ISA),terceiro-setor,8023856.00,BRL,8023856.00,BNDES,,,concluido,true,https://www.fundoamazonia.gov.br/pt/projetos-apoiados/,Fundo Amazônia — Projetos apoiados (carteira),"valor do apoio (não-reembolsável); local=MT,PA; situação por carteira. Reconciled to Informe 30/12/2025 control totals."
A-fundoamazonia-117,A,Fundo Amazônia (BNDES/MMA),forest-conservation,Norte,AC,,true,grant,Valorização do Ativo Ambiental Florestal,Estado do Acre,estado,52930867.68,BRL,59630867.68,BNDES,,,concluido,true,https://www.fundoamazonia.gov.br/pt/projetos-apoiados/,Fundo Amazônia — Projetos apoiados (carteira),valor do apoio (não-reembolsável); local=AC; situação por carteira. Reconciled to Informe 30/12/2025 control totals.
A-fundoamazonia-118,A,Fundo Amazônia (BNDES/MMA),territorial-management,Interestadual,"AM,MT,RR",,true,grant,Gestão das Terras Indígenas das Bacias do Rio Negro e Xingu,Instituto Socioambiental (ISA),terceiro-setor,11685843.14,BRL,11685843.13,BNDES,,,concluido,true,https://www.fundoamazonia.gov.br/pt/projetos-apoiados/,Fundo Amazônia — Projetos apoiados (carteira),"valor do apoio (não-reembolsável); local=AM,MT,RR; situação por carteira. Reconciled to Informe 30/12/2025 control totals."
A-fundoamazonia-119,A,Fundo Amazônia (BNDES/MMA),sustainable-production,Norte,AM,,true,grant,ARAPAIMA: Redes Produtivas,Operação Amazônia Nativa (OPAN),terceiro-setor,6364730.00,BRL,6364730.00,BNDES,,,concluido,true,https://www.fundoamazonia.gov.br/pt/projetos-apoiados/,Fundo Amazônia — Projetos apoiados (carteira),valor do apoio (não-reembolsável); local=AM; situação por carteira. Reconciled to Informe 30/12/2025 control totals.
A-fundoamazonia-120,A,Fundo Amazônia (BNDES/MMA),sustainable-production,Interestadual,"AC,RO",,true,grant,Concretizar,Associação dos Pequenos Agrossilvicultores do Projeto Reca (Projeto Reca),terceiro-setor,6422748.00,BRL,7126393.21,BNDES,,,concluido,true,https://www.fundoamazonia.gov.br/pt/projetos-apoiados/,Fundo Amazônia — Projetos apoiados (carteira),"valor do apoio (não-reembolsável); local=AC,RO; situação por carteira. Reconciled to Informe 30/12/2025 control totals."
A-fundoamazonia-121,A,Fundo Amazônia (BNDES/MMA),restoration-water,Norte,AM,,true,grant,Reflorestamento no Sul do Estado do Amazonas,Estado do Amazonas,estado,17575286.19,BRL,17575286.19,BNDES,,,concluido,true,https://www.fundoamazonia.gov.br/pt/projetos-apoiados/,Fundo Amazônia — Projetos apoiados (carteira),valor do apoio (não-reembolsável); local=AM; situação por carteira. Reconciled to Informe 30/12/2025 control totals.
A-fundoamazonia-122,A,Fundo Amazônia (BNDES/MMA),forest-conservation,Norte,PA,,true,grant,Florestas Comunitárias,Instituto Floresta Tropical (IFT),terceiro-setor,8100000.00,BRL,8100000.00,BNDES,,,concluido,true,https://www.fundoamazonia.gov.br/pt/projetos-apoiados/,Fundo Amazônia — Projetos apoiados (carteira),valor do apoio (não-reembolsável); local=PA; situação por carteira. Reconciled to Informe 30/12/2025 control totals.
A-fundoamazonia-123,A,Fundo Amazônia (BNDES/MMA),forest-conservation,Norte,AC,,true,grant,Fortalecendo a Economia de Base Florestal Sustentável,Cooperativa Central de Comercialização Extrativista do Estado do Acre (Cooperacre),terceiro-setor,4981614.66,BRL,5190901.39,BNDES,,,concluido,true,https://www.fundoamazonia.gov.br/pt/projetos-apoiados/,Fundo Amazônia — Projetos apoiados (carteira),valor do apoio (não-reembolsável); local=AC; situação por carteira. Reconciled to Informe 30/12/2025 control totals.
A-fundoamazonia-124,A,Fundo Amazônia (BNDES/MMA),forest-conservation,Norte,AP,,true,grant,Capacitar para Conservar,Equipe de Conservação da Amazônia (Ecam),terceiro-setor,1404360.57,BRL,1404360.57,BNDES,,,concluido,true,https://www.fundoamazonia.gov.br/pt/projetos-apoiados/,Fundo Amazônia — Projetos apoiados (carteira),valor do apoio (não-reembolsável); local=AP; situação por carteira. Reconciled to Informe 30/12/2025 control totals.
A-fundoamazonia-125,A,Fundo Amazônia (BNDES/MMA),monitoring-control,Sul,PR,,false,grant,CAR Paraná,Instituto Água e Terra (IAT),estado,1084473.01,BRL,1084473.01,BNDES,,,concluido,true,https://www.fundoamazonia.gov.br/pt/projetos-apoiados/,Fundo Amazônia — Projetos apoiados (carteira),valor do apoio (não-reembolsável); local=PR; situação por carteira. Reconciled to Informe 30/12/2025 control totals.
A-fundoamazonia-126,A,Fundo Amazônia (BNDES/MMA),monitoring-control,Norte,RR,,true,grant,CAR Roraima,Fundação Estadual do Meio Ambiente e Recursos Hídricos de Roraima (Femarh),estado,1414308.37,BRL,1414308.37,BNDES,,,concluido,true,https://www.fundoamazonia.gov.br/pt/projetos-apoiados/,Fundo Amazônia — Projetos apoiados (carteira),valor do apoio (não-reembolsável); local=RR; situação por carteira. Reconciled to Informe 30/12/2025 control totals.
A-fundoamazonia-127,A,Fundo Amazônia (BNDES/MMA),territorial-management,Centro-Oeste,MT,,true,grant,IREHI – Cuidando dos Territórios,Operação Amazônia Nativa (OPAN),terceiro-setor,8144618.70,BRL,8144618.70,BNDES,,,concluido,true,https://www.fundoamazonia.gov.br/pt/projetos-apoiados/,Fundo Amazônia — Projetos apoiados (carteira),valor do apoio (não-reembolsável); local=MT; situação por carteira. Reconciled to Informe 30/12/2025 control totals.
A-fundoamazonia-128,A,Fundo Amazônia (BNDES/MMA),monitoring-control,Interestadual,"AC,AP,AM,MA,MT,PA,RO,RR,TO",,true,grant,Inventário Florestal Nacional - Amazônia,União Federal - Serviço Florestal Brasileiro (SFB),uniao,38149718.18,BRL,38149718.18,BNDES,,,contratado,true,https://www.fundoamazonia.gov.br/pt/projetos-apoiados/,Fundo Amazônia — Projetos apoiados (carteira),"valor do apoio (não-reembolsável); local=AC,AP,AM,MA,MT,PA,RO,RR,TO; situação por carteira. Reconciled to Informe 30/12/2025 control totals."
A-fundoamazonia-129,A,Fundo Amazônia (BNDES/MMA),fire-management,Interestadual,"AC,AP,AM,MA,MT,PA,RO,RR,TO",,true,grant,Prevfogo - Fortalecimento do Sistema de Prevenção e Combate aos Incêndios Florestais Instituto Brasileiro do Meio Ambiente e dos Recursos Naturais Renováveis,Instituto Brasileiro do Meio Ambiente e dos Recursos Naturais Renováveis (Ibama),uniao,14600323.63,BRL,14600323.63,BNDES,,,concluido,true,https://www.fundoamazonia.gov.br/pt/projetos-apoiados/,Fundo Amazônia — Projetos apoiados (carteira),"valor do apoio (não-reembolsável); local=AC,AP,AM,MA,MT,PA,RO,RR,TO; situação por carteira. Reconciled to Informe 30/12/2025 control totals."
A-fundoamazonia-130,A,Fundo Amazônia (BNDES/MMA),monitoring-control,Interestadual,"AC,AP,AM,MA,MT,PA,RO,RR,TO",,true,grant,Fortalecimento do Controle e do Monitoramento Ambiental para o Combate ao Desmatamento Ilegal na Amazônia,Instituto Brasileiro do Meio Ambiente e dos Recursos Naturais Renováveis (Ibama),uniao,56295964.63,BRL,56295964.63,BNDES,,,concluido,true,https://www.fundoamazonia.gov.br/pt/projetos-apoiados/,Fundo Amazônia — Projetos apoiados (carteira),"valor do apoio (não-reembolsável); local=AC,AP,AM,MA,MT,PA,RO,RR,TO; situação por carteira. Reconciled to Informe 30/12/2025 control totals."
A-fundoamazonia-131,A,Fundo Amazônia (BNDES/MMA),fire-management,Norte,AM,,true,grant,ProAmazon - Projeto de Combate a Incêndios e Desmatamento no Amazonas,Estado do Amazonas - Corpo de Bombeiros Militar do Amazonas (CBMAM),estado,45000000.00,BRL,45000000.00,BNDES,,,contratado,true,https://www.fundoamazonia.gov.br/pt/projetos-apoiados/,Fundo Amazônia — Projetos apoiados (carteira),valor do apoio (não-reembolsável); local=AM; situação por carteira. Reconciled to Informe 30/12/2025 control totals.
A-fundoamazonia-132,A,Fundo Amazônia (BNDES/MMA),sanitation,Interestadual,"AC,AP,AM,PA,RO",,true,grant,Sanear Amazônia,Memorial Chico Mendes (MCM),terceiro-setor,128479019.39,BRL,128479019.39,BNDES,,,contratado,true,https://www.fundoamazonia.gov.br/pt/projetos-apoiados/,Fundo Amazônia — Projetos apoiados (carteira),"valor do apoio (não-reembolsável); local=AC,AP,AM,PA,RO; situação por carteira. Reconciled to Informe 30/12/2025 control totals."
A-fundoamazonia-133,A,Fundo Amazônia (BNDES/MMA),sustainable-production,Norte,AM,,true,grant,Prospera na Floresta,Fundação Amazônia Sustentável (FAS),terceiro-setor,60597107.00,BRL,60597107.00,BNDES,,,contratado,true,https://www.fundoamazonia.gov.br/pt/projetos-apoiados/,Fundo Amazônia — Projetos apoiados (carteira),valor do apoio (não-reembolsável); local=AM; situação por carteira. Reconciled to Informe 30/12/2025 control totals.
A-fundoamazonia-134,A,Fundo Amazônia (BNDES/MMA),sustainable-production,Norte,AM,,true,grant,Agroecologia em Rede,Instituto de Pesquisas Ecológicas (IPÊ),terceiro-setor,20162650.00,BRL,20162650.00,BNDES,,,contratado,true,https://www.fundoamazonia.gov.br/pt/projetos-apoiados/,Fundo Amazônia — Projetos apoiados (carteira),valor do apoio (não-reembolsável); local=AM; situação por carteira. Reconciled to Informe 30/12/2025 control totals.
A-fundoamazonia-135,A,Fundo Amazônia (BNDES/MMA),fire-management,Interestadual,"AC,AM,MT,PA,RO,RR",,true,grant,União com Municípios pela Redução de Desmatamento e Incêndios Florestais,Agência Nacional de Assistência Técnica e Extensão Rural (Anater),terceiro-setor,150000000.00,BRL,150000000.00,BNDES,,,contratado,true,https://www.fundoamazonia.gov.br/pt/projetos-apoiados/,Fundo Amazônia — Projetos apoiados (carteira),"valor do apoio (não-reembolsável); local=AC,AM,MT,PA,RO,RR; situação por carteira. Reconciled to Informe 30/12/2025 control totals."
A-fundoamazonia-136,A,Fundo Amazônia (BNDES/MMA),forest-conservation,Norte,PA,,true,grant,Gestão Socioambiental de Municípios do Pará,Instituto do Homem e Meio Ambiente da Amazônia (Imazon),terceiro-setor,9736473.00,BRL,9736473.00,BNDES,,,concluido,true,https://www.fundoamazonia.gov.br/pt/projetos-apoiados/,Fundo Amazônia — Projetos apoiados (carteira),valor do apoio (não-reembolsável); local=PA; situação por carteira. Reconciled to Informe 30/12/2025 control totals.
A-fundoamazonia-137,A,Fundo Amazônia (BNDES/MMA),forest-conservation,Interestadual,"AC,AP,AM,MA,MT,PA,RO,RR,TO",,true,grant,Planos Amas – Amazônia: Segurança e Soberania,"União, por meio do Ministério da Justiça e Segurança Pública (MJSP)",uniao,318523374.39,BRL,318523374.39,BNDES,,,contratado,true,https://www.fundoamazonia.gov.br/pt/projetos-apoiados/,Fundo Amazônia — Projetos apoiados (carteira),"valor do apoio (não-reembolsável); local=AC,AP,AM,MA,MT,PA,RO,RR,TO; situação por carteira. Reconciled to Informe 30/12/2025 control totals."
A-fundoamazonia-138,A,Fundo Amazônia (BNDES/MMA),monitoring-control,Interestadual,"AC,AP,AM,MA,MT,PA,RO,RR,TO",,true,grant,Monitoramento Ambiental dos Biomas Brasileiros,"Fundação de Ciência, Aplicações e Tecnologia Espaciais (Funcate) e Instituto Nacional de Pesquisas Espaciais (Inpe)",uniao,49778000.00,BRL,49778000.00,BNDES,,,concluido,true,https://www.fundoamazonia.gov.br/pt/projetos-apoiados/,Fundo Amazônia — Projetos apoiados (carteira),"valor do apoio (não-reembolsável); local=AC,AP,AM,MA,MT,PA,RO,RR,TO; situação por carteira. Reconciled to Informe 30/12/2025 control totals."
A-fundoamazonia-139,A,Fundo Amazônia (BNDES/MMA),monitoring-control,Nordeste,BA,,false,grant,CAR Bahia,Instituto do Meio Ambiente e dos Recursos Hídricos do Estado da Bahia (Inema) - Estado da Bahia e Secretaria Estadual do Meio Ambiente (Sema),estado,29298701.78,BRL,35053136.00,BNDES,,,concluido,true,https://www.fundoamazonia.gov.br/pt/projetos-apoiados/,Fundo Amazônia — Projetos apoiados (carteira),valor do apoio (não-reembolsável); local=BA; situação por carteira. Reconciled to Informe 30/12/2025 control totals.
A-fundoamazonia-140,A,Fundo Amazônia (BNDES/MMA),forest-conservation,Nordeste,MA,,true,grant,Mais Sustentabilidade no Campo,Estado do Maranhão,estado,40476077.00,BRL,41212345.00,BNDES,,,contratado,true,https://www.fundoamazonia.gov.br/pt/projetos-apoiados/,Fundo Amazônia — Projetos apoiados (carteira),valor do apoio (não-reembolsável); local=MA; situação por carteira. Reconciled to Informe 30/12/2025 control totals.
A-fundoamazonia-141,A,Fundo Amazônia (BNDES/MMA),forest-conservation,Centro-Oeste,MT,,true,grant,Terra Nutre,Instituto Centro de Vida (ICV),terceiro-setor,47976529.00,BRL,47976529.00,BNDES,,,contratado,true,https://www.fundoamazonia.gov.br/pt/projetos-apoiados/,Fundo Amazônia — Projetos apoiados (carteira),valor do apoio (não-reembolsável); local=MT; situação por carteira. Reconciled to Informe 30/12/2025 control totals.
A-fundoamazonia-142,A,Fundo Amazônia (BNDES/MMA),forest-conservation,Norte,PA,,true,grant,Assentamentos Sustentáveis na Amazônia,Instituto de Pesquisa Ambiental da Amazônia (IPAM),terceiro-setor,23408189.46,BRL,23408189.46,BNDES,,,concluido,true,https://www.fundoamazonia.gov.br/pt/projetos-apoiados/,Fundo Amazônia — Projetos apoiados (carteira),valor do apoio (não-reembolsável); local=PA; situação por carteira. Reconciled to Informe 30/12/2025 control totals.
A-fundoamazonia-143,A,Fundo Amazônia (BNDES/MMA),sustainable-production,Interestadual,"AP,PA",,true,grant,Frutificar,Instituto de Pesquisa Ambiental da Amazônia (IPAM),terceiro-setor,38988636.52,BRL,38988636.52,BNDES,,,contratado,true,https://www.fundoamazonia.gov.br/pt/projetos-apoiados/,Fundo Amazônia — Projetos apoiados (carteira),"valor do apoio (não-reembolsável); local=AP,PA; situação por carteira. Reconciled to Informe 30/12/2025 control totals."
A-fundoamazonia-144,A,Fundo Amazônia (BNDES/MMA),forest-conservation,Interestadual,"AC,AM,MT,PA,RO",,true,grant,Legado Integrado da Região Amazônica (Lira),Instituto de Pesquisas Ecológicas (IPÊ),terceiro-setor,45000000.00,BRL,61350000.00,BNDES,,,contratado,true,https://www.fundoamazonia.gov.br/pt/projetos-apoiados/,Fundo Amazônia — Projetos apoiados (carteira),"valor do apoio (não-reembolsável); local=AC,AM,MT,PA,RO; situação por carteira. Reconciled to Informe 30/12/2025 control totals."
A-fundoamazonia-145,A,Fundo Amazônia (BNDES/MMA),sustainable-production,Centro-Oeste,MT,,true,grant,Sementes do Portal – Fase III,Instituto Ouro Verde (IOV),terceiro-setor,44674380.00,BRL,44674380.00,BNDES,,,contratado,true,https://www.fundoamazonia.gov.br/pt/projetos-apoiados/,Fundo Amazônia — Projetos apoiados (carteira),valor do apoio (não-reembolsável); local=MT; situação por carteira. Reconciled to Informe 30/12/2025 control totals.
A-fundoamazonia-146,A,Fundo Amazônia (BNDES/MMA),sustainable-production,Norte,RR,,true,grant,Produção Inclusiva: Escola Sustentável em Roraima,Serviço de Apoio às Micro e Pequenas Empresas de Roraima (SEBRAE/RR),outros,24000000.00,BRL,24000000.00,BNDES,,,contratado,true,https://www.fundoamazonia.gov.br/pt/projetos-apoiados/,Fundo Amazônia — Projetos apoiados (carteira),valor do apoio (não-reembolsável); local=RR; situação por carteira. Reconciled to Informe 30/12/2025 control totals.
B-novopac2025-147,B,Novo PAC 2025 — Prevenção a Desastres (total),disaster-prevention,Nacional,BR,,false,grant+loan,Novo PAC 2025 total (agregado nacional),(235 municípios / 26 estados),aggregate,11700000000,BRL,,Ministério das Cidades (OGU/FGTS),2025,2025-09,selected-aggregate,true,https://www.gov.br/planalto/pt-br/acompanhe-o-planalto/noticias/2025/09/novo-pac-viabiliza-r-11-7-bilhoes-para-obras-de-drenagem-e-contencao-de-encostas-em-235-municipios-de-26-estados,"Novo PAC viabiliza R$ 11,7 bilhões drenagem e contenção de encostas","235 municípios, 26 estados. Control total."
B-novopac2025-148,B,Novo PAC 2025 — Prevenção a Desastres (drenagem),drainage,Nacional,BR,,false,grant+loan,Novo PAC 2025 drenagem (agregado nacional),(235 municípios / 26 estados),aggregate,10300000000,BRL,,Ministério das Cidades (OGU/FGTS),2025,2025-09,selected-aggregate,true,https://www.gov.br/planalto/pt-br/acompanhe-o-planalto/noticias/2025/09/novo-pac-viabiliza-r-11-7-bilhoes-para-obras-de-drenagem-e-contencao-de-encostas-em-235-municipios-de-26-estados,"Novo PAC viabiliza R$ 11,7 bilhões drenagem e contenção de encostas",174 municípios (drenagem urbana). Control total.
B-novopac2025-149,B,Novo PAC 2025 — Prevenção a Desastres (contencao-encostas),slope-containment,Nacional,BR,,false,grant+loan,Novo PAC 2025 contencao-encostas (agregado nacional),(235 municípios / 26 estados),aggregate,1400000000,BRL,,Ministério das Cidades (OGU/FGTS),2025,2025-09,selected-aggregate,true,https://www.gov.br/planalto/pt-br/acompanhe-o-planalto/noticias/2025/09/novo-pac-viabiliza-r-11-7-bilhoes-para-obras-de-drenagem-e-contencao-de-encostas-em-235-municipios-de-26-estados,"Novo PAC viabiliza R$ 11,7 bilhões drenagem e contenção de encostas",102 municípios (contenção de encostas). Control total.
B-novopac2025-150,B,Novo PAC 2025 — Prevenção a Desastres (drenagem),drainage,Nordeste,AL,Coruripe,false,loan-domestic,Sistema de Macrodrenagem na sede do município de Coruripe,Coruripe,municipio,74505911.21,BRL,,FGTS/CAIXA (Ministério das Cidades),2025,2025-09,selected,true,https://www.gov.br/cidades/pt-br/acesso-a-informacao/acoes-e-programas/pac/selecoes-novo-pac/relacao-de-propostas/selecao-do-novo-pac-contencao-de-encostas-e-drenagem,MCidades — Seleção Novo PAC Contenção de Encostas e Drenagem (relação de propostas habilitadas),[drenagem/FGTS] proposta 56000001928/2025. objeto: Sistema de Macrodrenagem na sede do município de Coruripe Reconciled to eixo control totals (drenagem R$10.3bn/174; encostas >R$1.4bn/102; total R$11.7bn/235mun/26UF).
B-novopac2025-151,B,Novo PAC 2025 — Prevenção a Desastres (drenagem),drainage,Sudeste,MG,Belo Horizonte,false,loan-domestic,Sistema de Macrodrenagem da bacia do Córrego Embira,Belo Horizonte,municipio,215858664.99,BRL,,FGTS/CAIXA (Ministério das Cidades),2025,2025-09,selected,true,https://www.gov.br/cidades/pt-br/acesso-a-informacao/acoes-e-programas/pac/selecoes-novo-pac/relacao-de-propostas/selecao-do-novo-pac-contencao-de-encostas-e-drenagem,MCidades — Seleção Novo PAC Contenção de Encostas e Drenagem (relação de propostas habilitadas),[drenagem/FGTS] proposta 56000001023/2025. objeto: Sistema de Macrodrenagem da bacia do Córrego Embira Reconciled to eixo control totals (drenagem R$10.3bn/174; encostas >R$1.4bn/102; total R$11.7bn/235mun/26UF).
B-novopac2025-152,B,Novo PAC 2025 — Prevenção a Desastres (drenagem),drainage,Sudeste,MG,Belo Horizonte,false,loan-domestic,Sistema de Macrodrenagem dos cursos d' água da Av. Várzea da Palma e da Av. Central,Belo Horizonte,municipio,170639000.0,BRL,,FGTS/CAIXA (Ministério das Cidades),2025,2025-09,selected,true,https://www.gov.br/cidades/pt-br/acesso-a-informacao/acoes-e-programas/pac/selecoes-novo-pac/relacao-de-propostas/selecao-do-novo-pac-contencao-de-encostas-e-drenagem,MCidades — Seleção Novo PAC Contenção de Encostas e Drenagem (relação de propostas habilitadas),[drenagem/FGTS] proposta 56000002475/2025. objeto: Sistema de Macrodrenagem dos cursos d' água da Av. Várzea da Palma e da Av. Central Reconciled to eixo control totals (drenagem R$10.3bn/174; encostas >R$1.4bn/102; total R$11.7bn/235mun/26UF).
B-novopac2025-153,B,Novo PAC 2025 — Prevenção a Desastres (drenagem),drainage,Sudeste,MG,Belo Horizonte,false,loan-domestic,Projeto de Macrodrenagem na bacia do Córrego dos Pintos.,Belo Horizonte,municipio,42901567.82,BRL,,FGTS/CAIXA (Ministério das Cidades),2025,2025-09,selected,true,https://www.gov.br/cidades/pt-br/acesso-a-informacao/acoes-e-programas/pac/selecoes-novo-pac/relacao-de-propostas/selecao-do-novo-pac-contencao-de-encostas-e-drenagem,MCidades — Seleção Novo PAC Contenção de Encostas e Drenagem (relação de propostas habilitadas),[drenagem/FGTS] proposta 56000002514/2025. objeto: Projeto de Macrodrenagem na bacia do Córrego dos Pintos. Reconciled to eixo control totals (drenagem R$10.3bn/174; encostas >R$1.4bn/102; total R$11.7bn/235mun/26UF).
B-novopac2025-154,B,Novo PAC 2025 — Prevenção a Desastres (drenagem),drainage,Sudeste,MG,Belo Horizonte,false,loan-domestic,Sistema de Macrodrenagem nos bairros Conjunto Lagoa / Paquetá,Belo Horizonte,municipio,92625000.0,BRL,,FGTS/CAIXA (Ministério das Cidades),2025,2025-09,selected,true,https://www.gov.br/cidades/pt-br/acesso-a-informacao/acoes-e-programas/pac/selecoes-novo-pac/relacao-de-propostas/selecao-do-novo-pac-contencao-de-encostas-e-drenagem,MCidades — Seleção Novo PAC Contenção de Encostas e Drenagem (relação de propostas habilitadas),[drenagem/FGTS] proposta 56000002516/2025. objeto: Sistema de Macrodrenagem nos bairros Conjunto Lagoa / Paquetá Reconciled to eixo control totals (drenagem R$10.3bn/174; encostas >R$1.4bn/102; total R$11.7bn/235mun/26UF).
B-novopac2025-155,B,Novo PAC 2025 — Prevenção a Desastres (drenagem),drainage,Sudeste,MG,Belo Horizonte,false,loan-domestic,Projeto de Macrodrenagem na bacia dos Córregos Vilarinho e do Nado,Belo Horizonte,municipio,77235634.09,BRL,,FGTS/CAIXA (Ministério das Cidades),2025,2025-09,selected,true,https://www.gov.br/cidades/pt-br/acesso-a-informacao/acoes-e-programas/pac/selecoes-novo-pac/relacao-de-propostas/selecao-do-novo-pac-contencao-de-encostas-e-drenagem,MCidades — Seleção Novo PAC Contenção de Encostas e Drenagem (relação de propostas habilitadas),[drenagem/FGTS] proposta 56000002517/2025. objeto: Projeto de Macrodrenagem na bacia dos Córregos Vilarinho e do Nado Reconciled to eixo control totals (drenagem R$10.3bn/174; encostas >R$1.4bn/102; total R$11.7bn/235mun/26UF).
B-novopac2025-156,B,Novo PAC 2025 — Prevenção a Desastres (drenagem),drainage,Sudeste,MG,Uberlandia,false,loan-domestic,"Execução de rede de drenagem pluvial na sub-bacia denominada Geraldo Abrão, no bairro Granada na cidade Uberlândia.",Uberlandia,municipio,12583720.2,BRL,,FGTS/CAIXA (Ministério das Cidades),2025,2025-09,selected,true,https://www.gov.br/cidades/pt-br/acesso-a-informacao/acoes-e-programas/pac/selecoes-novo-pac/relacao-de-propostas/selecao-do-novo-pac-contencao-de-encostas-e-drenagem,MCidades — Seleção Novo PAC Contenção de Encostas e Drenagem (relação de propostas habilitadas),"[drenagem/FGTS] proposta 56000007920/2025. objeto: Execução de rede de drenagem pluvial na sub-bacia denominada Geraldo Abrão, no bairro Granada na cidade Uberlândia. Reconciled to eixo control totals (drenagem R$10.3bn/174; encostas >R$1.4bn/102; total R$11.7bn/235mun/26UF)."
B-novopac2025-157,B,Novo PAC 2025 — Prevenção a Desastres (drenagem),drainage,Sudeste,MG,Uberlandia,false,loan-domestic,"Implantação de 3 reservatórios de detenção ao longo do Córrego Lagoinha, localizados a montante das Ruas Jaime de Barros, Vasco Mascia e Benjamin Alves Santos, em Uberlândia/MG",Uberlandia,municipio,32818739.33,BRL,,FGTS/CAIXA (Ministério das Cidades),2025,2025-09,selected,true,https://www.gov.br/cidades/pt-br/acesso-a-informacao/acoes-e-programas/pac/selecoes-novo-pac/relacao-de-propostas/selecao-do-novo-pac-contencao-de-encostas-e-drenagem,MCidades — Seleção Novo PAC Contenção de Encostas e Drenagem (relação de propostas habilitadas),"[drenagem/FGTS] proposta 56000007921/2025. objeto: Implantação de 3 reservatórios de detenção ao longo do Córrego Lagoinha, localizados a montante das Ruas Jaime de Barros, Vasco Mascia e Benjamin Alves Santos, em Uberlândia/MG Reconciled to eixo control totals (drenagem R$10.3bn/174; encostas >R$1.4bn/102; total R$11.7bn/235mun/26UF)."
B-novopac2025-158,B,Novo PAC 2025 — Prevenção a Desastres (drenagem),drainage,Sudeste,MG,Uberlandia,false,loan-domestic,"Execução de redes de drenagem pluvial em 8 sub-bacias do Córrego Lagoinha, abrangendo áreas críticas nos bairros Santa Mônica, Santa Luzia, Pampulha e Carajás, em Uberlândia/MG.",Uberlandia,municipio,65901713.45,BRL,,FGTS/CAIXA (Ministério das Cidades),2025,2025-09,selected,true,https://www.gov.br/cidades/pt-br/acesso-a-informacao/acoes-e-programas/pac/selecoes-novo-pac/relacao-de-propostas/selecao-do-novo-pac-contencao-de-encostas-e-drenagem,MCidades — Seleção Novo PAC Contenção de Encostas e Drenagem (relação de propostas habilitadas),"[drenagem/FGTS] proposta 56000008026/2025. objeto: Execução de redes de drenagem pluvial em 8 sub-bacias do Córrego Lagoinha, abrangendo áreas críticas nos bairros Santa Mônica, Santa Luzia, Pampulha e Carajás, em Uberlândia/MG. Reconciled to eixo control totals (drenagem R$10.3bn/174; encostas >R$1.4bn/102; total R$11.7bn/235mun/26UF)."
B-novopac2025-159,B,Novo PAC 2025 — Prevenção a Desastres (drenagem),drainage,Sudeste,MG,Uberlandia,false,loan-domestic,"Execução de redes de infraestrutura de drenagem pluvial no Loteamento Maná, bairro Morumbi, Uberlândia/MG.",Uberlandia,municipio,21600073.52,BRL,,FGTS/CAIXA (Ministério das Cidades),2025,2025-09,selected,true,https://www.gov.br/cidades/pt-br/acesso-a-informacao/acoes-e-programas/pac/selecoes-novo-pac/relacao-de-propostas/selecao-do-novo-pac-contencao-de-encostas-e-drenagem,MCidades — Seleção Novo PAC Contenção de Encostas e Drenagem (relação de propostas habilitadas),"[drenagem/FGTS] proposta 56000008092/2025. objeto: Execução de redes de infraestrutura de drenagem pluvial no Loteamento Maná, bairro Morumbi, Uberlândia/MG. Reconciled to eixo control totals (drenagem R$10.3bn/174; encostas >R$1.4bn/102; total R$11.7bn/235mun/26UF)."
B-novopac2025-160,B,Novo PAC 2025 — Prevenção a Desastres (drenagem),drainage,Sudeste,MG,Uberlandia,false,loan-domestic,"Execução de redes de infraestrutura de drenagem pluvial no Loteamento Zaire Rezende, no bairro Morumbi, em Uberlândia/MG.",Uberlandia,municipio,2954848.73,BRL,,FGTS/CAIXA (Ministério das Cidades),2025,2025-09,selected,true,https://www.gov.br/cidades/pt-br/acesso-a-informacao/acoes-e-programas/pac/selecoes-novo-pac/relacao-de-propostas/selecao-do-novo-pac-contencao-de-encostas-e-drenagem,MCidades — Seleção Novo PAC Contenção de Encostas e Drenagem (relação de propostas habilitadas),"[drenagem/FGTS] proposta 56000008155/2025. objeto: Execução de redes de infraestrutura de drenagem pluvial no Loteamento Zaire Rezende, no bairro Morumbi, em Uberlândia/MG. Reconciled to eixo control totals (drenagem R$10.3bn/174; encostas >R$1.4bn/102; total R$11.7bn/235mun/26UF)."
B-novopac2025-161,B,Novo PAC 2025 — Prevenção a Desastres (drenagem),drainage,Sudeste,MG,Uberlandia,false,loan-domestic,"Implantação de 2 reservatórios de detenção ao longo do Córrego Mogi, localizados a montante da Alameda Padre Manoel e Avenida Antônio Francisco, em Uberlândia/MG.",Uberlandia,municipio,22438551.22,BRL,,FGTS/CAIXA (Ministério das Cidades),2025,2025-09,selected,true,https://www.gov.br/cidades/pt-br/acesso-a-informacao/acoes-e-programas/pac/selecoes-novo-pac/relacao-de-propostas/selecao-do-novo-pac-contencao-de-encostas-e-drenagem,MCidades — Seleção Novo PAC Contenção de Encostas e Drenagem (relação de propostas habilitadas),"[drenagem/FGTS] proposta 56000008156/2025. objeto: Implantação de 2 reservatórios de detenção ao longo do Córrego Mogi, localizados a montante da Alameda Padre Manoel e Avenida Antônio Francisco, em Uberlândia/MG. Reconciled to eixo control totals (drenagem R$10.3bn/174; encostas >R$1.4bn/102; total R$11.7bn/235mun/26UF)."
B-novopac2025-162,B,Novo PAC 2025 — Prevenção a Desastres (drenagem),drainage,Sudeste,RJ,Duque De Caxias,false,loan-domestic,Projeto de Macrodrenagem do Canal Real Estrela e Michele Carrara,Duque De Caxias,municipio,57442905.1,BRL,,FGTS/CAIXA (Ministério das Cidades),2025,2025-09,selected,true,https://www.gov.br/cidades/pt-br/acesso-a-informacao/acoes-e-programas/pac/selecoes-novo-pac/relacao-de-propostas/selecao-do-novo-pac-contencao-de-encostas-e-drenagem,MCidades — Seleção Novo PAC Contenção de Encostas e Drenagem (relação de propostas habilitadas),[drenagem/FGTS] proposta 56000001086/2025. objeto: Projeto de Macrodrenagem do Canal Real Estrela e Michele Carrara Reconciled to eixo control totals (drenagem R$10.3bn/174; encostas >R$1.4bn/102; total R$11.7bn/235mun/26UF).
B-novopac2025-163,B,Novo PAC 2025 — Prevenção a Desastres (drenagem),drainage,Sudeste,RJ,Duque De Caxias,false,loan-domestic,Projeto de Macrodrenagem do Canal Calombé,Duque De Caxias,municipio,186040741.38,BRL,,FGTS/CAIXA (Ministério das Cidades),2025,2025-09,selected,true,https://www.gov.br/cidades/pt-br/acesso-a-informacao/acoes-e-programas/pac/selecoes-novo-pac/relacao-de-propostas/selecao-do-novo-pac-contencao-de-encostas-e-drenagem,MCidades — Seleção Novo PAC Contenção de Encostas e Drenagem (relação de propostas habilitadas),[drenagem/FGTS] proposta 56000001916/2025. objeto: Projeto de Macrodrenagem do Canal Calombé Reconciled to eixo control totals (drenagem R$10.3bn/174; encostas >R$1.4bn/102; total R$11.7bn/235mun/26UF).
B-novopac2025-164,B,Novo PAC 2025 — Prevenção a Desastres (drenagem),drainage,Sudeste,RJ,Duque De Caxias,false,loan-domestic,Projeto de Macrodrenagem do Canal Marilândia,Duque De Caxias,municipio,203279667.27,BRL,,FGTS/CAIXA (Ministério das Cidades),2025,2025-09,selected,true,https://www.gov.br/cidades/pt-br/acesso-a-informacao/acoes-e-programas/pac/selecoes-novo-pac/relacao-de-propostas/selecao-do-novo-pac-contencao-de-encostas-e-drenagem,MCidades — Seleção Novo PAC Contenção de Encostas e Drenagem (relação de propostas habilitadas),[drenagem/FGTS] proposta 56000002163/2025. objeto: Projeto de Macrodrenagem do Canal Marilândia Reconciled to eixo control totals (drenagem R$10.3bn/174; encostas >R$1.4bn/102; total R$11.7bn/235mun/26UF).
B-novopac2025-165,B,Novo PAC 2025 — Prevenção a Desastres (drenagem),drainage,Sudeste,RJ,Duque De Caxias,false,loan-domestic,Projeto de Macrodrenagem do Canal Jacque de Molay,Duque De Caxias,municipio,58542509.39,BRL,,FGTS/CAIXA (Ministério das Cidades),2025,2025-09,selected,true,https://www.gov.br/cidades/pt-br/acesso-a-informacao/acoes-e-programas/pac/selecoes-novo-pac/relacao-de-propostas/selecao-do-novo-pac-contencao-de-encostas-e-drenagem,MCidades — Seleção Novo PAC Contenção de Encostas e Drenagem (relação de propostas habilitadas),[drenagem/FGTS] proposta 56000001148/2025. objeto: Projeto de Macrodrenagem do Canal Jacque de Molay Reconciled to eixo control totals (drenagem R$10.3bn/174; encostas >R$1.4bn/102; total R$11.7bn/235mun/26UF).
B-novopac2025-166,B,Novo PAC 2025 — Prevenção a Desastres (drenagem),drainage,Sul,SC,Lages,false,loan-domestic,Sistema de Macrodrenagem na sede do Município de Lages,Lages,municipio,71580055.28,BRL,,FGTS/CAIXA (Ministério das Cidades),2025,2025-09,selected,true,https://www.gov.br/cidades/pt-br/acesso-a-informacao/acoes-e-programas/pac/selecoes-novo-pac/relacao-de-propostas/selecao-do-novo-pac-contencao-de-encostas-e-drenagem,MCidades — Seleção Novo PAC Contenção de Encostas e Drenagem (relação de propostas habilitadas),[drenagem/FGTS] proposta 56000002306/2025. objeto: Sistema de Macrodrenagem na sede do Município de Lages Reconciled to eixo control totals (drenagem R$10.3bn/174; encostas >R$1.4bn/102; total R$11.7bn/235mun/26UF).
B-novopac2025-167,B,Novo PAC 2025 — Prevenção a Desastres (drenagem),drainage,Sudeste,SP,Guarulhos,false,loan-domestic,Sistema de Macrodrenagem da bacia do Córrego Pedrinhas,Guarulhos,municipio,117205300.0,BRL,,FGTS/CAIXA (Ministério das Cidades),2025,2025-09,selected,true,https://www.gov.br/cidades/pt-br/acesso-a-informacao/acoes-e-programas/pac/selecoes-novo-pac/relacao-de-propostas/selecao-do-novo-pac-contencao-de-encostas-e-drenagem,MCidades — Seleção Novo PAC Contenção de Encostas e Drenagem (relação de propostas habilitadas),[drenagem/FGTS] proposta 56000001183/2025. objeto: Sistema de Macrodrenagem da bacia do Córrego Pedrinhas Reconciled to eixo control totals (drenagem R$10.3bn/174; encostas >R$1.4bn/102; total R$11.7bn/235mun/26UF).
B-novopac2025-168,B,Novo PAC 2025 — Prevenção a Desastres (drenagem),drainage,Sudeste,SP,Praia Grande,false,loan-domestic,"Readequação do sistema de intercepção da drenagem da orla da praia, entre os bairros Canto do Forte e Mirim.",Praia Grande,municipio,112041822.16,BRL,,FGTS/CAIXA (Ministério das Cidades),2025,2025-09,selected,true,https://www.gov.br/cidades/pt-br/acesso-a-informacao/acoes-e-programas/pac/selecoes-novo-pac/relacao-de-propostas/selecao-do-novo-pac-contencao-de-encostas-e-drenagem,MCidades — Seleção Novo PAC Contenção de Encostas e Drenagem (relação de propostas habilitadas),"[drenagem/FGTS] proposta 56000001177/2025. objeto: Readequação do sistema de intercepção da drenagem da orla da praia, entre os bairros Canto do Forte e Mirim. Reconciled to eixo control totals (drenagem R$10.3bn/174; encostas >R$1.4bn/102; total R$11.7bn/235mun/26UF)."
B-novopac2025-169,B,Novo PAC 2025 — Prevenção a Desastres (drenagem),drainage,Sudeste,SP,Praia Grande,false,loan-domestic,Readequação hidráulica do canal Praião,Praia Grande,municipio,28960000.0,BRL,,FGTS/CAIXA (Ministério das Cidades),2025,2025-09,selected,true,https://www.gov.br/cidades/pt-br/acesso-a-informacao/acoes-e-programas/pac/selecoes-novo-pac/relacao-de-propostas/selecao-do-novo-pac-contencao-de-encostas-e-drenagem,MCidades — Seleção Novo PAC Contenção de Encostas e Drenagem (relação de propostas habilitadas),[drenagem/FGTS] proposta 56000001184/2025. objeto: Readequação hidráulica do canal Praião Reconciled to eixo control totals (drenagem R$10.3bn/174; encostas >R$1.4bn/102; total R$11.7bn/235mun/26UF).
B-novopac2025-170,B,Novo PAC 2025 — Prevenção a Desastres (drenagem),drainage,Sudeste,SP,Praia Grande,false,loan-domestic,Readequação hidráulica do canal São Salvador,Praia Grande,municipio,23780000.0,BRL,,FGTS/CAIXA (Ministério das Cidades),2025,2025-09,selected,true,https://www.gov.br/cidades/pt-br/acesso-a-informacao/acoes-e-programas/pac/selecoes-novo-pac/relacao-de-propostas/selecao-do-novo-pac-contencao-de-encostas-e-drenagem,MCidades — Seleção Novo PAC Contenção de Encostas e Drenagem (relação de propostas habilitadas),[drenagem/FGTS] proposta 56000001194/2025. objeto: Readequação hidráulica do canal São Salvador Reconciled to eixo control totals (drenagem R$10.3bn/174; encostas >R$1.4bn/102; total R$11.7bn/235mun/26UF).
B-novopac2025-171,B,Novo PAC 2025 — Prevenção a Desastres (drenagem),drainage,Sudeste,SP,Sao Carlos,false,loan-domestic,"Implantação de galerias de drenagem nas Vilas Brasília e Costa do Sol, bacia do córrego Tijuco Preto",Sao Carlos,municipio,2772820.6,BRL,,FGTS/CAIXA (Ministério das Cidades),2025,2025-09,selected,true,https://www.gov.br/cidades/pt-br/acesso-a-informacao/acoes-e-programas/pac/selecoes-novo-pac/relacao-de-propostas/selecao-do-novo-pac-contencao-de-encostas-e-drenagem,MCidades — Seleção Novo PAC Contenção de Encostas e Drenagem (relação de propostas habilitadas),"[drenagem/FGTS] proposta 56000001647/2025. objeto: Implantação de galerias de drenagem nas Vilas Brasília e Costa do Sol, bacia do córrego Tijuco Preto Reconciled to eixo control totals (drenagem R$10.3bn/174; encostas >R$1.4bn/102; total R$11.7bn/235mun/26UF)."
B-novopac2025-172,B,Novo PAC 2025 — Prevenção a Desastres (drenagem),drainage,Norte,AC,,true,grant,Novo PAC 2025 drenagem — Estado Do Acre,Estado Do Acre,estado,21376069.0,BRL,,OGU (Ministério das Cidades),2025,2025-09,selected,true,https://www.gov.br/cidades/pt-br/acesso-a-informacao/acoes-e-programas/pac/selecoes-novo-pac/relacao-de-propostas/selecao-do-novo-pac-contencao-de-encostas-e-drenagem,MCidades — Seleção Novo PAC Contenção de Encostas e Drenagem (relação de propostas habilitadas),[drenagem/OGU] proposta 56000001521/2025. Reconciled to eixo control totals (drenagem R$10.3bn/174; encostas >R$1.4bn/102; total R$11.7bn/235mun/26UF).
B-novopac2025-173,B,Novo PAC 2025 — Prevenção a Desastres (drenagem),drainage,Nordeste,AL,Maragogi,false,grant,Novo PAC 2025 drenagem — Municipio De Maragogi,Municipio De Maragogi,municipio,18143734.46,BRL,,OGU (Ministério das Cidades),2025,2025-09,selected,true,https://www.gov.br/cidades/pt-br/acesso-a-informacao/acoes-e-programas/pac/selecoes-novo-pac/relacao-de-propostas/selecao-do-novo-pac-contencao-de-encostas-e-drenagem,MCidades — Seleção Novo PAC Contenção de Encostas e Drenagem (relação de propostas habilitadas),[drenagem/OGU] proposta 56000002108/2025. Reconciled to eixo control totals (drenagem R$10.3bn/174; encostas >R$1.4bn/102; total R$11.7bn/235mun/26UF).
B-novopac2025-174,B,Novo PAC 2025 — Prevenção a Desastres (drenagem),drainage,Nordeste,AL,Rio Largo,false,grant,Novo PAC 2025 drenagem — Municipio De Rio Largo,Municipio De Rio Largo,municipio,16124679.98,BRL,,OGU (Ministério das Cidades),2025,2025-09,selected,true,https://www.gov.br/cidades/pt-br/acesso-a-informacao/acoes-e-programas/pac/selecoes-novo-pac/relacao-de-propostas/selecao-do-novo-pac-contencao-de-encostas-e-drenagem,MCidades — Seleção Novo PAC Contenção de Encostas e Drenagem (relação de propostas habilitadas),[drenagem/OGU] proposta 56000000523/2025. Reconciled to eixo control totals (drenagem R$10.3bn/174; encostas >R$1.4bn/102; total R$11.7bn/235mun/26UF).
B-novopac2025-175,B,Novo PAC 2025 — Prevenção a Desastres (drenagem),drainage,Nordeste,AL,Santana Do Ipanema,false,grant,Novo PAC 2025 drenagem — Municipio De Santana Do Ipanema,Municipio De Santana Do Ipanema,municipio,13509051.95,BRL,,OGU (Ministério das Cidades),2025,2025-09,selected,true,https://www.gov.br/cidades/pt-br/acesso-a-informacao/acoes-e-programas/pac/selecoes-novo-pac/relacao-de-propostas/selecao-do-novo-pac-contencao-de-encostas-e-drenagem,MCidades — Seleção Novo PAC Contenção de Encostas e Drenagem (relação de propostas habilitadas),[drenagem/OGU] proposta 56000002402/2025. Reconciled to eixo control totals (drenagem R$10.3bn/174; encostas >R$1.4bn/102; total R$11.7bn/235mun/26UF).
B-novopac2025-176,B,Novo PAC 2025 — Prevenção a Desastres (drenagem),drainage,Norte,AM,Coari,true,grant,Novo PAC 2025 drenagem — Municipio De Coari,Municipio De Coari,municipio,10000000.0,BRL,,OGU (Ministério das Cidades),2025,2025-09,selected,true,https://www.gov.br/cidades/pt-br/acesso-a-informacao/acoes-e-programas/pac/selecoes-novo-pac/relacao-de-propostas/selecao-do-novo-pac-contencao-de-encostas-e-drenagem,MCidades — Seleção Novo PAC Contenção de Encostas e Drenagem (relação de propostas habilitadas),[drenagem/OGU] proposta 56000001752/2025. Reconciled to eixo control totals (drenagem R$10.3bn/174; encostas >R$1.4bn/102; total R$11.7bn/235mun/26UF).
B-novopac2025-177,B,Novo PAC 2025 — Prevenção a Desastres (drenagem),drainage,Norte,AM,Itacoatiara,true,grant,Novo PAC 2025 drenagem — Municipio De Itacoatiara,Municipio De Itacoatiara,municipio,10000000.0,BRL,,OGU (Ministério das Cidades),2025,2025-09,selected,true,https://www.gov.br/cidades/pt-br/acesso-a-informacao/acoes-e-programas/pac/selecoes-novo-pac/relacao-de-propostas/selecao-do-novo-pac-contencao-de-encostas-e-drenagem,MCidades — Seleção Novo PAC Contenção de Encostas e Drenagem (relação de propostas habilitadas),[drenagem/OGU] proposta 56000002348/2025. Reconciled to eixo control totals (drenagem R$10.3bn/174; encostas >R$1.4bn/102; total R$11.7bn/235mun/26UF).
B-novopac2025-178,B,Novo PAC 2025 — Prevenção a Desastres (drenagem),drainage,Norte,AM,Manaus,true,grant,Novo PAC 2025 drenagem — Municipio De Manaus,Municipio De Manaus,municipio,79861244.48,BRL,,OGU (Ministério das Cidades),2025,2025-09,selected,true,https://www.gov.br/cidades/pt-br/acesso-a-informacao/acoes-e-programas/pac/selecoes-novo-pac/relacao-de-propostas/selecao-do-novo-pac-contencao-de-encostas-e-drenagem,MCidades — Seleção Novo PAC Contenção de Encostas e Drenagem (relação de propostas habilitadas),[drenagem/OGU] proposta 56000000781/2025. Reconciled to eixo control totals (drenagem R$10.3bn/174; encostas >R$1.4bn/102; total R$11.7bn/235mun/26UF).
B-novopac2025-179,B,Novo PAC 2025 — Prevenção a Desastres (drenagem),drainage,Norte,AP,Santana,true,grant,Novo PAC 2025 drenagem — Municipio De Santana,Municipio De Santana,municipio,11020595.39,BRL,,OGU (Ministério das Cidades),2025,2025-09,selected,true,https://www.gov.br/cidades/pt-br/acesso-a-informacao/acoes-e-programas/pac/selecoes-novo-pac/relacao-de-propostas/selecao-do-novo-pac-contencao-de-encostas-e-drenagem,MCidades — Seleção Novo PAC Contenção de Encostas e Drenagem (relação de propostas habilitadas),[drenagem/OGU] proposta 56000001320/2025. Reconciled to eixo control totals (drenagem R$10.3bn/174; encostas >R$1.4bn/102; total R$11.7bn/235mun/26UF).
B-novopac2025-180,B,Novo PAC 2025 — Prevenção a Desastres (drenagem),drainage,Norte,AP,Macapa,true,grant,Novo PAC 2025 drenagem — Município De Macapa,Município De Macapa,municipio,30000000.0,BRL,,OGU (Ministério das Cidades),2025,2025-09,selected,true,https://www.gov.br/cidades/pt-br/acesso-a-informacao/acoes-e-programas/pac/selecoes-novo-pac/relacao-de-propostas/selecao-do-novo-pac-contencao-de-encostas-e-drenagem,MCidades — Seleção Novo PAC Contenção de Encostas e Drenagem (relação de propostas habilitadas),[drenagem/OGU] proposta 56000001322/2025. Reconciled to eixo control totals (drenagem R$10.3bn/174; encostas >R$1.4bn/102; total R$11.7bn/235mun/26UF).
B-novopac2025-181,B,Novo PAC 2025 — Prevenção a Desastres (drenagem),drainage,Nordeste,BA,,false,grant,Novo PAC 2025 drenagem — Estado Da Bahia,Estado Da Bahia,estado,146677138.2,BRL,,OGU (Ministério das Cidades),2025,2025-09,selected,true,https://www.gov.br/cidades/pt-br/acesso-a-informacao/acoes-e-programas/pac/selecoes-novo-pac/relacao-de-propostas/selecao-do-novo-pac-contencao-de-encostas-e-drenagem,MCidades — Seleção Novo PAC Contenção de Encostas e Drenagem (relação de propostas habilitadas),[drenagem/OGU] proposta 56000001616/2025. Reconciled to eixo control totals (drenagem R$10.3bn/174; encostas >R$1.4bn/102; total R$11.7bn/235mun/26UF).
B-novopac2025-182,B,Novo PAC 2025 — Prevenção a Desastres (drenagem),drainage,Nordeste,BA,,false,grant,Novo PAC 2025 drenagem — Estado Da Bahia,Estado Da Bahia,estado,123990027.2,BRL,,OGU (Ministério das Cidades),2025,2025-09,selected,true,https://www.gov.br/cidades/pt-br/acesso-a-informacao/acoes-e-programas/pac/selecoes-novo-pac/relacao-de-propostas/selecao-do-novo-pac-contencao-de-encostas-e-drenagem,MCidades — Seleção Novo PAC Contenção de Encostas e Drenagem (relação de propostas habilitadas),[drenagem/OGU] proposta 56000001639/2025. Reconciled to eixo control totals (drenagem R$10.3bn/174; encostas >R$1.4bn/102; total R$11.7bn/235mun/26UF).
B-novopac2025-183,B,Novo PAC 2025 — Prevenção a Desastres (drenagem),drainage,Nordeste,BA,,false,grant,Novo PAC 2025 drenagem — Estado Da Bahia,Estado Da Bahia,estado,176469150.46,BRL,,OGU (Ministério das Cidades),2025,2025-09,selected,true,https://www.gov.br/cidades/pt-br/acesso-a-informacao/acoes-e-programas/pac/selecoes-novo-pac/relacao-de-propostas/selecao-do-novo-pac-contencao-de-encostas-e-drenagem,MCidades — Seleção Novo PAC Contenção de Encostas e Drenagem (relação de propostas habilitadas),[drenagem/OGU] proposta 56000000899/2025. Reconciled to eixo control totals (drenagem R$10.3bn/174; encostas >R$1.4bn/102; total R$11.7bn/235mun/26UF).
B-novopac2025-184,B,Novo PAC 2025 — Prevenção a Desastres (drenagem),drainage,Nordeste,BA,Camacari,false,grant,Novo PAC 2025 drenagem — Municipio De Camacari,Municipio De Camacari,municipio,125000000.0,BRL,,OGU (Ministério das Cidades),2025,2025-09,selected,true,https://www.gov.br/cidades/pt-br/acesso-a-informacao/acoes-e-programas/pac/selecoes-novo-pac/relacao-de-propostas/selecao-do-novo-pac-contencao-de-encostas-e-drenagem,MCidades — Seleção Novo PAC Contenção de Encostas e Drenagem (relação de propostas habilitadas),[drenagem/OGU] proposta 56000001300/2025. Reconciled to eixo control totals (drenagem R$10.3bn/174; encostas >R$1.4bn/102; total R$11.7bn/235mun/26UF).
B-novopac2025-185,B,Novo PAC 2025 — Prevenção a Desastres (drenagem),drainage,Nordeste,BA,Itabuna,false,grant,Novo PAC 2025 drenagem — Municipio De Itabuna,Municipio De Itabuna,municipio,31200000.0,BRL,,OGU (Ministério das Cidades),2025,2025-09,selected,true,https://www.gov.br/cidades/pt-br/acesso-a-informacao/acoes-e-programas/pac/selecoes-novo-pac/relacao-de-propostas/selecao-do-novo-pac-contencao-de-encostas-e-drenagem,MCidades — Seleção Novo PAC Contenção de Encostas e Drenagem (relação de propostas habilitadas),[drenagem/OGU] proposta 56000001517/2025. Reconciled to eixo control totals (drenagem R$10.3bn/174; encostas >R$1.4bn/102; total R$11.7bn/235mun/26UF).
B-novopac2025-186,B,Novo PAC 2025 — Prevenção a Desastres (drenagem),drainage,Nordeste,BA,Jacobina,false,grant,Novo PAC 2025 drenagem — Municipio De Jacobina,Municipio De Jacobina,municipio,49131424.01,BRL,,OGU (Ministério das Cidades),2025,2025-09,selected,true,https://www.gov.br/cidades/pt-br/acesso-a-informacao/acoes-e-programas/pac/selecoes-novo-pac/relacao-de-propostas/selecao-do-novo-pac-contencao-de-encostas-e-drenagem,MCidades — Seleção Novo PAC Contenção de Encostas e Drenagem (relação de propostas habilitadas),[drenagem/OGU] proposta 56000000412/2025. Reconciled to eixo control totals (drenagem R$10.3bn/174; encostas >R$1.4bn/102; total R$11.7bn/235mun/26UF).
B-novopac2025-187,B,Novo PAC 2025 — Prevenção a Desastres (drenagem),drainage,Nordeste,BA,Juazeiro,false,grant,Novo PAC 2025 drenagem — Municipio De Juazeiro,Municipio De Juazeiro,municipio,44825566.8,BRL,,OGU (Ministério das Cidades),2025,2025-09,selected,true,https://www.gov.br/cidades/pt-br/acesso-a-informacao/acoes-e-programas/pac/selecoes-novo-pac/relacao-de-propostas/selecao-do-novo-pac-contencao-de-encostas-e-drenagem,MCidades — Seleção Novo PAC Contenção de Encostas e Drenagem (relação de propostas habilitadas),[drenagem/OGU] proposta 56000000534/2025. Reconciled to eixo control totals (drenagem R$10.3bn/174; encostas >R$1.4bn/102; total R$11.7bn/235mun/26UF).
B-novopac2025-188,B,Novo PAC 2025 — Prevenção a Desastres (drenagem),drainage,Nordeste,BA,Valenca,false,grant,Novo PAC 2025 drenagem — Municipio De Valenca,Municipio De Valenca,municipio,33487488.21,BRL,,OGU (Ministério das Cidades),2025,2025-09,selected,true,https://www.gov.br/cidades/pt-br/acesso-a-informacao/acoes-e-programas/pac/selecoes-novo-pac/relacao-de-propostas/selecao-do-novo-pac-contencao-de-encostas-e-drenagem,MCidades — Seleção Novo PAC Contenção de Encostas e Drenagem (relação de propostas habilitadas),[drenagem/OGU] proposta 56000002319/2025. Reconciled to eixo control totals (drenagem R$10.3bn/174; encostas >R$1.4bn/102; total R$11.7bn/235mun/26UF).
B-novopac2025-189,B,Novo PAC 2025 — Prevenção a Desastres (drenagem),drainage,Nordeste,CE,Brejo Santo,false,grant,Novo PAC 2025 drenagem — Municipio De Brejo Santo,Municipio De Brejo Santo,municipio,11550000.0,BRL,,OGU (Ministério das Cidades),2025,2025-09,selected,true,https://www.gov.br/cidades/pt-br/acesso-a-informacao/acoes-e-programas/pac/selecoes-novo-pac/relacao-de-propostas/selecao-do-novo-pac-contencao-de-encostas-e-drenagem,MCidades — Seleção Novo PAC Contenção de Encostas e Drenagem (relação de propostas habilitadas),[drenagem/OGU] proposta 56000001606/2025. Reconciled to eixo control totals (drenagem R$10.3bn/174; encostas >R$1.4bn/102; total R$11.7bn/235mun/26UF).
B-novopac2025-190,B,Novo PAC 2025 — Prevenção a Desastres (drenagem),drainage,Nordeste,CE,Caucaia,false,grant,Novo PAC 2025 drenagem — Municipio De Caucaia,Municipio De Caucaia,municipio,85615302.76,BRL,,OGU (Ministério das Cidades),2025,2025-09,selected,true,https://www.gov.br/cidades/pt-br/acesso-a-informacao/acoes-e-programas/pac/selecoes-novo-pac/relacao-de-propostas/selecao-do-novo-pac-contencao-de-encostas-e-drenagem,MCidades — Seleção Novo PAC Contenção de Encostas e Drenagem (relação de propostas habilitadas),[drenagem/OGU] proposta 56000000769/2025. Reconciled to eixo control totals (drenagem R$10.3bn/174; encostas >R$1.4bn/102; total R$11.7bn/235mun/26UF).
B-novopac2025-191,B,Novo PAC 2025 — Prevenção a Desastres (drenagem),drainage,Nordeste,CE,Crateus,false,grant,Novo PAC 2025 drenagem — Municipio De Crateus,Municipio De Crateus,municipio,70183126.52,BRL,,OGU (Ministério das Cidades),2025,2025-09,selected,true,https://www.gov.br/cidades/pt-br/acesso-a-informacao/acoes-e-programas/pac/selecoes-novo-pac/relacao-de-propostas/selecao-do-novo-pac-contencao-de-encostas-e-drenagem,MCidades — Seleção Novo PAC Contenção de Encostas e Drenagem (relação de propostas habilitadas),[drenagem/OGU] proposta 56000001400/2025. Reconciled to eixo control totals (drenagem R$10.3bn/174; encostas >R$1.4bn/102; total R$11.7bn/235mun/26UF).
B-novopac2025-192,B,Novo PAC 2025 — Prevenção a Desastres (drenagem),drainage,Nordeste,CE,Crato,false,grant,Novo PAC 2025 drenagem — Municipio De Crato,Municipio De Crato,municipio,10022528.47,BRL,,OGU (Ministério das Cidades),2025,2025-09,selected,true,https://www.gov.br/cidades/pt-br/acesso-a-informacao/acoes-e-programas/pac/selecoes-novo-pac/relacao-de-propostas/selecao-do-novo-pac-contencao-de-encostas-e-drenagem,MCidades — Seleção Novo PAC Contenção de Encostas e Drenagem (relação de propostas habilitadas),[drenagem/OGU] proposta 56000001953/2025. Reconciled to eixo control totals (drenagem R$10.3bn/174; encostas >R$1.4bn/102; total R$11.7bn/235mun/26UF).
B-novopac2025-193,B,Novo PAC 2025 — Prevenção a Desastres (drenagem),drainage,Nordeste,CE,Fortaleza,false,grant,Novo PAC 2025 drenagem — Municipio De Fortaleza,Municipio De Fortaleza,municipio,103335000.0,BRL,,OGU (Ministério das Cidades),2025,2025-09,selected,true,https://www.gov.br/cidades/pt-br/acesso-a-informacao/acoes-e-programas/pac/selecoes-novo-pac/relacao-de-propostas/selecao-do-novo-pac-contencao-de-encostas-e-drenagem,MCidades — Seleção Novo PAC Contenção de Encostas e Drenagem (relação de propostas habilitadas),[drenagem/OGU] proposta 56000000344/2025. Reconciled to eixo control totals (drenagem R$10.3bn/174; encostas >R$1.4bn/102; total R$11.7bn/235mun/26UF).
B-novopac2025-194,B,Novo PAC 2025 — Prevenção a Desastres (drenagem),drainage,Nordeste,CE,Juazeiro Do Norte,false,grant,Novo PAC 2025 drenagem — Municipio De Juazeiro Do Norte,Municipio De Juazeiro Do Norte,municipio,13034723.05,BRL,,OGU (Ministério das Cidades),2025,2025-09,selected,true,https://www.gov.br/cidades/pt-br/acesso-a-informacao/acoes-e-programas/pac/selecoes-novo-pac/relacao-de-propostas/selecao-do-novo-pac-contencao-de-encostas-e-drenagem,MCidades — Seleção Novo PAC Contenção de Encostas e Drenagem (relação de propostas habilitadas),[drenagem/OGU] proposta 56000000272/2025. Reconciled to eixo control totals (drenagem R$10.3bn/174; encostas >R$1.4bn/102; total R$11.7bn/235mun/26UF).
B-novopac2025-195,B,Novo PAC 2025 — Prevenção a Desastres (drenagem),drainage,Nordeste,CE,Morada Nova,false,grant,Novo PAC 2025 drenagem — Municipio De Morada Nova,Municipio De Morada Nova,municipio,11410871.01,BRL,,OGU (Ministério das Cidades),2025,2025-09,selected,true,https://www.gov.br/cidades/pt-br/acesso-a-informacao/acoes-e-programas/pac/selecoes-novo-pac/relacao-de-propostas/selecao-do-novo-pac-contencao-de-encostas-e-drenagem,MCidades — Seleção Novo PAC Contenção de Encostas e Drenagem (relação de propostas habilitadas),[drenagem/OGU] proposta 56000002257/2025. Reconciled to eixo control totals (drenagem R$10.3bn/174; encostas >R$1.4bn/102; total R$11.7bn/235mun/26UF).
B-novopac2025-196,B,Novo PAC 2025 — Prevenção a Desastres (drenagem),drainage,Sudeste,ES,Sao Gabriel Da Palha,false,grant,Novo PAC 2025 drenagem — Municipio De Sao Gabriel Da Palha,Municipio De Sao Gabriel Da Palha,municipio,16760192.13,BRL,,OGU (Ministério das Cidades),2025,2025-09,selected,true,https://www.gov.br/cidades/pt-br/acesso-a-informacao/acoes-e-programas/pac/selecoes-novo-pac/relacao-de-propostas/selecao-do-novo-pac-contencao-de-encostas-e-drenagem,MCidades — Seleção Novo PAC Contenção de Encostas e Drenagem (relação de propostas habilitadas),[drenagem/OGU] proposta 56000000873/2025. Reconciled to eixo control totals (drenagem R$10.3bn/174; encostas >R$1.4bn/102; total R$11.7bn/235mun/26UF).
B-novopac2025-197,B,Novo PAC 2025 — Prevenção a Desastres (drenagem),drainage,Sudeste,ES,Viana,false,grant,Novo PAC 2025 drenagem — Municipio De Viana,Municipio De Viana,municipio,40701239.64,BRL,,OGU (Ministério das Cidades),2025,2025-09,selected,true,https://www.gov.br/cidades/pt-br/acesso-a-informacao/acoes-e-programas/pac/selecoes-novo-pac/relacao-de-propostas/selecao-do-novo-pac-contencao-de-encostas-e-drenagem,MCidades — Seleção Novo PAC Contenção de Encostas e Drenagem (relação de propostas habilitadas),[drenagem/OGU] proposta 56000000387/2025. Reconciled to eixo control totals (drenagem R$10.3bn/174; encostas >R$1.4bn/102; total R$11.7bn/235mun/26UF).
B-novopac2025-198,B,Novo PAC 2025 — Prevenção a Desastres (drenagem),drainage,Sudeste,ES,Vila Velha,false,grant,Novo PAC 2025 drenagem — Municipio De Vila Velha,Municipio De Vila Velha,municipio,50400000.0,BRL,,OGU (Ministério das Cidades),2025,2025-09,selected,true,https://www.gov.br/cidades/pt-br/acesso-a-informacao/acoes-e-programas/pac/selecoes-novo-pac/relacao-de-propostas/selecao-do-novo-pac-contencao-de-encostas-e-drenagem,MCidades — Seleção Novo PAC Contenção de Encostas e Drenagem (relação de propostas habilitadas),[drenagem/OGU] proposta 56000002234/2025. Reconciled to eixo control totals (drenagem R$10.3bn/174; encostas >R$1.4bn/102; total R$11.7bn/235mun/26UF).
B-novopac2025-199,B,Novo PAC 2025 — Prevenção a Desastres (drenagem),drainage,Centro-Oeste,GO,Anapolis,false,grant,Novo PAC 2025 drenagem — Municipio De Anapolis,Municipio De Anapolis,municipio,30000000.0,BRL,,OGU (Ministério das Cidades),2025,2025-09,selected,true,https://www.gov.br/cidades/pt-br/acesso-a-informacao/acoes-e-programas/pac/selecoes-novo-pac/relacao-de-propostas/selecao-do-novo-pac-contencao-de-encostas-e-drenagem,MCidades — Seleção Novo PAC Contenção de Encostas e Drenagem (relação de propostas habilitadas),[drenagem/OGU] proposta 56000000991/2025. Reconciled to eixo control totals (drenagem R$10.3bn/174; encostas >R$1.4bn/102; total R$11.7bn/235mun/26UF).
B-novopac2025-200,B,Novo PAC 2025 — Prevenção a Desastres (drenagem),drainage,Centro-Oeste,GO,Valparaiso De Goias,false,grant,Novo PAC 2025 drenagem — Municipio De Valparaiso De Goias,Municipio De Valparaiso De Goias,municipio,50000000.0,BRL,,OGU (Ministério das Cidades),2025,2025-09,selected,true,https://www.gov.br/cidades/pt-br/acesso-a-informacao/acoes-e-programas/pac/selecoes-novo-pac/relacao-de-propostas/selecao-do-novo-pac-contencao-de-encostas-e-drenagem,MCidades — Seleção Novo PAC Contenção de Encostas e Drenagem (relação de propostas habilitadas),[drenagem/OGU] proposta 56000001612/2025. Reconciled to eixo control totals (drenagem R$10.3bn/174; encostas >R$1.4bn/102; total R$11.7bn/235mun/26UF).
B-novopac2025-201,B,Novo PAC 2025 — Prevenção a Desastres (drenagem),drainage,Nordeste,MA,Acailandia,true,grant,Novo PAC 2025 drenagem — Municipio De Acailandia,Municipio De Acailandia,municipio,30000000.0,BRL,,OGU (Ministério das Cidades),2025,2025-09,selected,true,https://www.gov.br/cidades/pt-br/acesso-a-informacao/acoes-e-programas/pac/selecoes-novo-pac/relacao-de-propostas/selecao-do-novo-pac-contencao-de-encostas-e-drenagem,MCidades — Seleção Novo PAC Contenção de Encostas e Drenagem (relação de propostas habilitadas),[drenagem/OGU] proposta 56000000108/2025. Reconciled to eixo control totals (drenagem R$10.3bn/174; encostas >R$1.4bn/102; total R$11.7bn/235mun/26UF).
B-novopac2025-202,B,Novo PAC 2025 — Prevenção a Desastres (drenagem),drainage,Nordeste,MA,Arame,true,grant,Novo PAC 2025 drenagem — Municipio De Arame,Municipio De Arame,municipio,29658154.2,BRL,,OGU (Ministério das Cidades),2025,2025-09,selected,true,https://www.gov.br/cidades/pt-br/acesso-a-informacao/acoes-e-programas/pac/selecoes-novo-pac/relacao-de-propostas/selecao-do-novo-pac-contencao-de-encostas-e-drenagem,MCidades — Seleção Novo PAC Contenção de Encostas e Drenagem (relação de propostas habilitadas),[drenagem/OGU] proposta 56000000334/2025. Reconciled to eixo control totals (drenagem R$10.3bn/174; encostas >R$1.4bn/102; total R$11.7bn/235mun/26UF).
B-novopac2025-203,B,Novo PAC 2025 — Prevenção a Desastres (drenagem),drainage,Nordeste,MA,Bacabal,true,grant,Novo PAC 2025 drenagem — Municipio De Bacabal,Municipio De Bacabal,municipio,26000000.0,BRL,,OGU (Ministério das Cidades),2025,2025-09,selected,true,https://www.gov.br/cidades/pt-br/acesso-a-informacao/acoes-e-programas/pac/selecoes-novo-pac/relacao-de-propostas/selecao-do-novo-pac-contencao-de-encostas-e-drenagem,MCidades — Seleção Novo PAC Contenção de Encostas e Drenagem (relação de propostas habilitadas),[drenagem/OGU] proposta 56000001634/2025. Reconciled to eixo control totals (drenagem R$10.3bn/174; encostas >R$1.4bn/102; total R$11.7bn/235mun/26UF).
B-novopac2025-204,B,Novo PAC 2025 — Prevenção a Desastres (drenagem),drainage,Nordeste,MA,Buriticupu,true,grant,Novo PAC 2025 drenagem — Municipio De Buriticupu,Municipio De Buriticupu,municipio,73025413.66,BRL,,OGU (Ministério das Cidades),2025,2025-09,selected,true,https://www.gov.br/cidades/pt-br/acesso-a-informacao/acoes-e-programas/pac/selecoes-novo-pac/relacao-de-propostas/selecao-do-novo-pac-contencao-de-encostas-e-drenagem,MCidades — Seleção Novo PAC Contenção de Encostas e Drenagem (relação de propostas habilitadas),[drenagem/OGU] proposta 56000000636/2025. Reconciled to eixo control totals (drenagem R$10.3bn/174; encostas >R$1.4bn/102; total R$11.7bn/235mun/26UF).
B-novopac2025-205,B,Novo PAC 2025 — Prevenção a Desastres (drenagem),drainage,Nordeste,MA,Grajau,true,grant,Novo PAC 2025 drenagem — Municipio De Grajau,Municipio De Grajau,municipio,43088937.5,BRL,,OGU (Ministério das Cidades),2025,2025-09,selected,true,https://www.gov.br/cidades/pt-br/acesso-a-informacao/acoes-e-programas/pac/selecoes-novo-pac/relacao-de-propostas/selecao-do-novo-pac-contencao-de-encostas-e-drenagem,MCidades — Seleção Novo PAC Contenção de Encostas e Drenagem (relação de propostas habilitadas),[drenagem/OGU] proposta 56000001065/2025. Reconciled to eixo control totals (drenagem R$10.3bn/174; encostas >R$1.4bn/102; total R$11.7bn/235mun/26UF).
B-novopac2025-206,B,Novo PAC 2025 — Prevenção a Desastres (drenagem),drainage,Nordeste,MA,Imperatriz,true,grant,Novo PAC 2025 drenagem — Municipio De Imperatriz,Municipio De Imperatriz,municipio,19800000.0,BRL,,OGU (Ministério das Cidades),2025,2025-09,selected,true,https://www.gov.br/cidades/pt-br/acesso-a-informacao/acoes-e-programas/pac/selecoes-novo-pac/relacao-de-propostas/selecao-do-novo-pac-contencao-de-encostas-e-drenagem,MCidades — Seleção Novo PAC Contenção de Encostas e Drenagem (relação de propostas habilitadas),[drenagem/OGU] proposta 56000000823/2025. Reconciled to eixo control totals (drenagem R$10.3bn/174; encostas >R$1.4bn/102; total R$11.7bn/235mun/26UF).
B-novopac2025-207,B,Novo PAC 2025 — Prevenção a Desastres (drenagem),drainage,Nordeste,MA,Timon,true,grant,Novo PAC 2025 drenagem — Municipio De Timon,Municipio De Timon,municipio,50000000.0,BRL,,OGU (Ministério das Cidades),2025,2025-09,selected,true,https://www.gov.br/cidades/pt-br/acesso-a-informacao/acoes-e-programas/pac/selecoes-novo-pac/relacao-de-propostas/selecao-do-novo-pac-contencao-de-encostas-e-drenagem,MCidades — Seleção Novo PAC Contenção de Encostas e Drenagem (relação de propostas habilitadas),[drenagem/OGU] proposta 56000000015/2025. Reconciled to eixo control totals (drenagem R$10.3bn/174; encostas >R$1.4bn/102; total R$11.7bn/235mun/26UF).
B-novopac2025-208,B,Novo PAC 2025 — Prevenção a Desastres (drenagem),drainage,Nordeste,MA,Santa Quiteria,true,grant,Novo PAC 2025 drenagem — Municipio De Santa Quiteria,Municipio De Santa Quiteria,municipio,17735793.26,BRL,,OGU (Ministério das Cidades),2025,2025-09,selected,true,https://www.gov.br/cidades/pt-br/acesso-a-informacao/acoes-e-programas/pac/selecoes-novo-pac/relacao-de-propostas/selecao-do-novo-pac-contencao-de-encostas-e-drenagem,MCidades — Seleção Novo PAC Contenção de Encostas e Drenagem (relação de propostas habilitadas),[drenagem/OGU] proposta 56000000527/2025. Reconciled to eixo control totals (drenagem R$10.3bn/174; encostas >R$1.4bn/102; total R$11.7bn/235mun/26UF).
B-novopac2025-209,B,Novo PAC 2025 — Prevenção a Desastres (drenagem),drainage,Sudeste,MG,Belo Horizonte,false,grant,Novo PAC 2025 drenagem — Municipio De Belo Horizonte,Municipio De Belo Horizonte,municipio,62835950.39,BRL,,OGU (Ministério das Cidades),2025,2025-09,selected,true,https://www.gov.br/cidades/pt-br/acesso-a-informacao/acoes-e-programas/pac/selecoes-novo-pac/relacao-de-propostas/selecao-do-novo-pac-contencao-de-encostas-e-drenagem,MCidades — Seleção Novo PAC Contenção de Encostas e Drenagem (relação de propostas habilitadas),[drenagem/OGU] proposta 56000001009/2025. Reconciled to eixo control totals (drenagem R$10.3bn/174; encostas >R$1.4bn/102; total R$11.7bn/235mun/26UF).
B-novopac2025-210,B,Novo PAC 2025 — Prevenção a Desastres (drenagem),drainage,Sudeste,MG,Contagem,false,grant,Novo PAC 2025 drenagem — Municipio De Contagem,Municipio De Contagem,municipio,80231383.47,BRL,,OGU (Ministério das Cidades),2025,2025-09,selected,true,https://www.gov.br/cidades/pt-br/acesso-a-informacao/acoes-e-programas/pac/selecoes-novo-pac/relacao-de-propostas/selecao-do-novo-pac-contencao-de-encostas-e-drenagem,MCidades — Seleção Novo PAC Contenção de Encostas e Drenagem (relação de propostas habilitadas),[drenagem/OGU] proposta 56000000433/2025. Reconciled to eixo control totals (drenagem R$10.3bn/174; encostas >R$1.4bn/102; total R$11.7bn/235mun/26UF).
B-novopac2025-211,B,Novo PAC 2025 — Prevenção a Desastres (drenagem),drainage,Sudeste,MG,Ibirite,false,grant,Novo PAC 2025 drenagem — Municipio De Ibirite,Municipio De Ibirite,municipio,10441138.63,BRL,,OGU (Ministério das Cidades),2025,2025-09,selected,true,https://www.gov.br/cidades/pt-br/acesso-a-informacao/acoes-e-programas/pac/selecoes-novo-pac/relacao-de-propostas/selecao-do-novo-pac-contencao-de-encostas-e-drenagem,MCidades — Seleção Novo PAC Contenção de Encostas e Drenagem (relação de propostas habilitadas),[drenagem/OGU] proposta 56000002137/2025. Reconciled to eixo control totals (drenagem R$10.3bn/174; encostas >R$1.4bn/102; total R$11.7bn/235mun/26UF).
B-novopac2025-212,B,Novo PAC 2025 — Prevenção a Desastres (drenagem),drainage,Sudeste,MG,Santa Luzia,false,grant,Novo PAC 2025 drenagem — Municipio De Santa Luzia,Municipio De Santa Luzia,municipio,33664298.27,BRL,,OGU (Ministério das Cidades),2025,2025-09,selected,true,https://www.gov.br/cidades/pt-br/acesso-a-informacao/acoes-e-programas/pac/selecoes-novo-pac/relacao-de-propostas/selecao-do-novo-pac-contencao-de-encostas-e-drenagem,MCidades — Seleção Novo PAC Contenção de Encostas e Drenagem (relação de propostas habilitadas),[drenagem/OGU] proposta 56000001607/2025. Reconciled to eixo control totals (drenagem R$10.3bn/174; encostas >R$1.4bn/102; total R$11.7bn/235mun/26UF).
B-novopac2025-213,B,Novo PAC 2025 — Prevenção a Desastres (drenagem),drainage,Sudeste,MG,Uba,false,grant,Novo PAC 2025 drenagem — Municipio De Uba,Municipio De Uba,municipio,64731781.33,BRL,,OGU (Ministério das Cidades),2025,2025-09,selected,true,https://www.gov.br/cidades/pt-br/acesso-a-informacao/acoes-e-programas/pac/selecoes-novo-pac/relacao-de-propostas/selecao-do-novo-pac-contencao-de-encostas-e-drenagem,MCidades — Seleção Novo PAC Contenção de Encostas e Drenagem (relação de propostas habilitadas),[drenagem/OGU] proposta 56000001313/2025. Reconciled to eixo control totals (drenagem R$10.3bn/174; encostas >R$1.4bn/102; total R$11.7bn/235mun/26UF).
B-novopac2025-214,B,Novo PAC 2025 — Prevenção a Desastres (drenagem),drainage,Centro-Oeste,MS,Tres Lagoas,false,grant,Novo PAC 2025 drenagem — Municipio De Tres Lagoas,Municipio De Tres Lagoas,municipio,25137265.06,BRL,,OGU (Ministério das Cidades),2025,2025-09,selected,true,https://www.gov.br/cidades/pt-br/acesso-a-informacao/acoes-e-programas/pac/selecoes-novo-pac/relacao-de-propostas/selecao-do-novo-pac-contencao-de-encostas-e-drenagem,MCidades — Seleção Novo PAC Contenção de Encostas e Drenagem (relação de propostas habilitadas),[drenagem/OGU] proposta 56000001642/2025. Reconciled to eixo control totals (drenagem R$10.3bn/174; encostas >R$1.4bn/102; total R$11.7bn/235mun/26UF).
B-novopac2025-215,B,Novo PAC 2025 — Prevenção a Desastres (drenagem),drainage,Centro-Oeste,MT,Confresa,true,grant,Novo PAC 2025 drenagem — Municipio De Confresa,Municipio De Confresa,municipio,23893182.63,BRL,,OGU (Ministério das Cidades),2025,2025-09,selected,true,https://www.gov.br/cidades/pt-br/acesso-a-informacao/acoes-e-programas/pac/selecoes-novo-pac/relacao-de-propostas/selecao-do-novo-pac-contencao-de-encostas-e-drenagem,MCidades — Seleção Novo PAC Contenção de Encostas e Drenagem (relação de propostas habilitadas),[drenagem/OGU] proposta 56000001505/2025. Reconciled to eixo control totals (drenagem R$10.3bn/174; encostas >R$1.4bn/102; total R$11.7bn/235mun/26UF).
B-novopac2025-216,B,Novo PAC 2025 — Prevenção a Desastres (drenagem),drainage,Centro-Oeste,MT,Santa Terezinha,true,grant,Novo PAC 2025 drenagem — Municipio De Santa Terezinha,Municipio De Santa Terezinha,municipio,15455377.66,BRL,,OGU (Ministério das Cidades),2025,2025-09,selected,true,https://www.gov.br/cidades/pt-br/acesso-a-informacao/acoes-e-programas/pac/selecoes-novo-pac/relacao-de-propostas/selecao-do-novo-pac-contencao-de-encostas-e-drenagem,MCidades — Seleção Novo PAC Contenção de Encostas e Drenagem (relação de propostas habilitadas),[drenagem/OGU] proposta 56000002415/2025. Reconciled to eixo control totals (drenagem R$10.3bn/174; encostas >R$1.4bn/102; total R$11.7bn/235mun/26UF).
B-novopac2025-217,B,Novo PAC 2025 — Prevenção a Desastres (drenagem),drainage,Norte,PA,,true,grant,Novo PAC 2025 drenagem — Estado Do Para,Estado Do Para,estado,107000000.0,BRL,,OGU (Ministério das Cidades),2025,2025-09,selected,true,https://www.gov.br/cidades/pt-br/acesso-a-informacao/acoes-e-programas/pac/selecoes-novo-pac/relacao-de-propostas/selecao-do-novo-pac-contencao-de-encostas-e-drenagem,MCidades — Seleção Novo PAC Contenção de Encostas e Drenagem (relação de propostas habilitadas),[drenagem/OGU] proposta 56000000902/2025. Reconciled to eixo control totals (drenagem R$10.3bn/174; encostas >R$1.4bn/102; total R$11.7bn/235mun/26UF).
B-novopac2025-218,B,Novo PAC 2025 — Prevenção a Desastres (drenagem),drainage,Norte,PA,Acara,true,grant,Novo PAC 2025 drenagem — Municipio De Acara,Municipio De Acara,municipio,10000000.0,BRL,,OGU (Ministério das Cidades),2025,2025-09,selected,true,https://www.gov.br/cidades/pt-br/acesso-a-informacao/acoes-e-programas/pac/selecoes-novo-pac/relacao-de-propostas/selecao-do-novo-pac-contencao-de-encostas-e-drenagem,MCidades — Seleção Novo PAC Contenção de Encostas e Drenagem (relação de propostas habilitadas),[drenagem/OGU] proposta 56000001350/2025. Reconciled to eixo control totals (drenagem R$10.3bn/174; encostas >R$1.4bn/102; total R$11.7bn/235mun/26UF).
B-novopac2025-219,B,Novo PAC 2025 — Prevenção a Desastres (drenagem),drainage,Norte,PA,Almeirim,true,grant,Novo PAC 2025 drenagem — Municipio De Almeirim,Municipio De Almeirim,municipio,20000000.0,BRL,,OGU (Ministério das Cidades),2025,2025-09,selected,true,https://www.gov.br/cidades/pt-br/acesso-a-informacao/acoes-e-programas/pac/selecoes-novo-pac/relacao-de-propostas/selecao-do-novo-pac-contencao-de-encostas-e-drenagem,MCidades — Seleção Novo PAC Contenção de Encostas e Drenagem (relação de propostas habilitadas),[drenagem/OGU] proposta 56000000904/2025. Reconciled to eixo control totals (drenagem R$10.3bn/174; encostas >R$1.4bn/102; total R$11.7bn/235mun/26UF).
B-novopac2025-220,B,Novo PAC 2025 — Prevenção a Desastres (drenagem),drainage,Norte,PA,Altamira,true,grant,Novo PAC 2025 drenagem — Municipio De Altamira,Municipio De Altamira,municipio,25000000.0,BRL,,OGU (Ministério das Cidades),2025,2025-09,selected,true,https://www.gov.br/cidades/pt-br/acesso-a-informacao/acoes-e-programas/pac/selecoes-novo-pac/relacao-de-propostas/selecao-do-novo-pac-contencao-de-encostas-e-drenagem,MCidades — Seleção Novo PAC Contenção de Encostas e Drenagem (relação de propostas habilitadas),[drenagem/OGU] proposta 56000000513/2025. Reconciled to eixo control totals (drenagem R$10.3bn/174; encostas >R$1.4bn/102; total R$11.7bn/235mun/26UF).
B-novopac2025-221,B,Novo PAC 2025 — Prevenção a Desastres (drenagem),drainage,Norte,PA,Belem,true,grant,Novo PAC 2025 drenagem — Municipio De Belem,Municipio De Belem,municipio,92435817.49,BRL,,OGU (Ministério das Cidades),2025,2025-09,selected,true,https://www.gov.br/cidades/pt-br/acesso-a-informacao/acoes-e-programas/pac/selecoes-novo-pac/relacao-de-propostas/selecao-do-novo-pac-contencao-de-encostas-e-drenagem,MCidades — Seleção Novo PAC Contenção de Encostas e Drenagem (relação de propostas habilitadas),[drenagem/OGU] proposta 56000000687/2025. Reconciled to eixo control totals (drenagem R$10.3bn/174; encostas >R$1.4bn/102; total R$11.7bn/235mun/26UF).
B-novopac2025-222,B,Novo PAC 2025 — Prevenção a Desastres (drenagem),drainage,Norte,PA,Benevides,true,grant,Novo PAC 2025 drenagem — Municipio De Benevides,Municipio De Benevides,municipio,30000000.0,BRL,,OGU (Ministério das Cidades),2025,2025-09,selected,true,https://www.gov.br/cidades/pt-br/acesso-a-informacao/acoes-e-programas/pac/selecoes-novo-pac/relacao-de-propostas/selecao-do-novo-pac-contencao-de-encostas-e-drenagem,MCidades — Seleção Novo PAC Contenção de Encostas e Drenagem (relação de propostas habilitadas),[drenagem/OGU] proposta 56000007789/2025. Reconciled to eixo control totals (drenagem R$10.3bn/174; encostas >R$1.4bn/102; total R$11.7bn/235mun/26UF).
B-novopac2025-223,B,Novo PAC 2025 — Prevenção a Desastres (drenagem),drainage,Norte,PA,Braganca,true,grant,Novo PAC 2025 drenagem — Municipio De Braganca,Municipio De Braganca,municipio,61000000.0,BRL,,OGU (Ministério das Cidades),2025,2025-09,selected,true,https://www.gov.br/cidades/pt-br/acesso-a-informacao/acoes-e-programas/pac/selecoes-novo-pac/relacao-de-propostas/selecao-do-novo-pac-contencao-de-encostas-e-drenagem,MCidades — Seleção Novo PAC Contenção de Encostas e Drenagem (relação de propostas habilitadas),[drenagem/OGU] proposta 56000000416/2025. Reconciled to eixo control totals (drenagem R$10.3bn/174; encostas >R$1.4bn/102; total R$11.7bn/235mun/26UF).
B-novopac2025-224,B,Novo PAC 2025 — Prevenção a Desastres (drenagem),drainage,Norte,PA,Capanema,true,grant,Novo PAC 2025 drenagem — Municipio De Capanema,Municipio De Capanema,municipio,25000000.0,BRL,,OGU (Ministério das Cidades),2025,2025-09,selected,true,https://www.gov.br/cidades/pt-br/acesso-a-informacao/acoes-e-programas/pac/selecoes-novo-pac/relacao-de-propostas/selecao-do-novo-pac-contencao-de-encostas-e-drenagem,MCidades — Seleção Novo PAC Contenção de Encostas e Drenagem (relação de propostas habilitadas),[drenagem/OGU] proposta 56000002090/2025. Reconciled to eixo control totals (drenagem R$10.3bn/174; encostas >R$1.4bn/102; total R$11.7bn/235mun/26UF).
B-novopac2025-225,B,Novo PAC 2025 — Prevenção a Desastres (drenagem),drainage,Norte,PA,Capitao Poco,true,grant,Novo PAC 2025 drenagem — Municipio De Capitao Poco,Municipio De Capitao Poco,municipio,10000000.0,BRL,,OGU (Ministério das Cidades),2025,2025-09,selected,true,https://www.gov.br/cidades/pt-br/acesso-a-informacao/acoes-e-programas/pac/selecoes-novo-pac/relacao-de-propostas/selecao-do-novo-pac-contencao-de-encostas-e-drenagem,MCidades — Seleção Novo PAC Contenção de Encostas e Drenagem (relação de propostas habilitadas),[drenagem/OGU] proposta 56000000790/2025. Reconciled to eixo control totals (drenagem R$10.3bn/174; encostas >R$1.4bn/102; total R$11.7bn/235mun/26UF).
B-novopac2025-226,B,Novo PAC 2025 — Prevenção a Desastres (drenagem),drainage,Norte,PA,Castanhal,true,grant,Novo PAC 2025 drenagem — Municipio De Castanhal,Municipio De Castanhal,municipio,35000000.0,BRL,,OGU (Ministério das Cidades),2025,2025-09,selected,true,https://www.gov.br/cidades/pt-br/acesso-a-informacao/acoes-e-programas/pac/selecoes-novo-pac/relacao-de-propostas/selecao-do-novo-pac-contencao-de-encostas-e-drenagem,MCidades — Seleção Novo PAC Contenção de Encostas e Drenagem (relação de propostas habilitadas),[drenagem/OGU] proposta 56000000024/2025. Reconciled to eixo control totals (drenagem R$10.3bn/174; encostas >R$1.4bn/102; total R$11.7bn/235mun/26UF).
B-novopac2025-227,B,Novo PAC 2025 — Prevenção a Desastres (drenagem),drainage,Norte,PA,Curua,true,grant,Novo PAC 2025 drenagem — Municipio De Curua,Municipio De Curua,municipio,10000000.0,BRL,,OGU (Ministério das Cidades),2025,2025-09,selected,true,https://www.gov.br/cidades/pt-br/acesso-a-informacao/acoes-e-programas/pac/selecoes-novo-pac/relacao-de-propostas/selecao-do-novo-pac-contencao-de-encostas-e-drenagem,MCidades — Seleção Novo PAC Contenção de Encostas e Drenagem (relação de propostas habilitadas),[drenagem/OGU] proposta 56000000789/2025. Reconciled to eixo control totals (drenagem R$10.3bn/174; encostas >R$1.4bn/102; total R$11.7bn/235mun/26UF).
B-novopac2025-228,B,Novo PAC 2025 — Prevenção a Desastres (drenagem),drainage,Norte,PA,Itupiranga,true,grant,Novo PAC 2025 drenagem — Municipio De Itupiranga,Municipio De Itupiranga,municipio,15000000.0,BRL,,OGU (Ministério das Cidades),2025,2025-09,selected,true,https://www.gov.br/cidades/pt-br/acesso-a-informacao/acoes-e-programas/pac/selecoes-novo-pac/relacao-de-propostas/selecao-do-novo-pac-contencao-de-encostas-e-drenagem,MCidades — Seleção Novo PAC Contenção de Encostas e Drenagem (relação de propostas habilitadas),[drenagem/OGU] proposta 56000000417/2025. Reconciled to eixo control totals (drenagem R$10.3bn/174; encostas >R$1.4bn/102; total R$11.7bn/235mun/26UF).
B-novopac2025-229,B,Novo PAC 2025 — Prevenção a Desastres (drenagem),drainage,Norte,PA,Jacunda,true,grant,Novo PAC 2025 drenagem — Municipio De Jacunda,Municipio De Jacunda,municipio,12264522.38,BRL,,OGU (Ministério das Cidades),2025,2025-09,selected,true,https://www.gov.br/cidades/pt-br/acesso-a-informacao/acoes-e-programas/pac/selecoes-novo-pac/relacao-de-propostas/selecao-do-novo-pac-contencao-de-encostas-e-drenagem,MCidades — Seleção Novo PAC Contenção de Encostas e Drenagem (relação de propostas habilitadas),[drenagem/OGU] proposta 56000000479/2025. Reconciled to eixo control totals (drenagem R$10.3bn/174; encostas >R$1.4bn/102; total R$11.7bn/235mun/26UF).
B-novopac2025-230,B,Novo PAC 2025 — Prevenção a Desastres (drenagem),drainage,Norte,PA,Marituba,true,grant,Novo PAC 2025 drenagem — Municipio De Marituba,Municipio De Marituba,municipio,28429928.09,BRL,,OGU (Ministério das Cidades),2025,2025-09,selected,true,https://www.gov.br/cidades/pt-br/acesso-a-informacao/acoes-e-programas/pac/selecoes-novo-pac/relacao-de-propostas/selecao-do-novo-pac-contencao-de-encostas-e-drenagem,MCidades — Seleção Novo PAC Contenção de Encostas e Drenagem (relação de propostas habilitadas),[drenagem/OGU] proposta 56000000883/2025. Reconciled to eixo control totals (drenagem R$10.3bn/174; encostas >R$1.4bn/102; total R$11.7bn/235mun/26UF).
B-novopac2025-231,B,Novo PAC 2025 — Prevenção a Desastres (drenagem),drainage,Norte,PA,Monte Alegre,true,grant,Novo PAC 2025 drenagem — Municipio De Monte Alegre,Municipio De Monte Alegre,municipio,18000000.0,BRL,,OGU (Ministério das Cidades),2025,2025-09,selected,true,https://www.gov.br/cidades/pt-br/acesso-a-informacao/acoes-e-programas/pac/selecoes-novo-pac/relacao-de-propostas/selecao-do-novo-pac-contencao-de-encostas-e-drenagem,MCidades — Seleção Novo PAC Contenção de Encostas e Drenagem (relação de propostas habilitadas),[drenagem/OGU] proposta 56000000012/2025. Reconciled to eixo control totals (drenagem R$10.3bn/174; encostas >R$1.4bn/102; total R$11.7bn/235mun/26UF).
B-novopac2025-232,B,Novo PAC 2025 — Prevenção a Desastres (drenagem),drainage,Norte,PA,Nova Esperanca Do Piria,true,grant,Novo PAC 2025 drenagem — Municipio De Nova Esperanca Do Piria,Municipio De Nova Esperanca Do Piria,municipio,11178967.2,BRL,,OGU (Ministério das Cidades),2025,2025-09,selected,true,https://www.gov.br/cidades/pt-br/acesso-a-informacao/acoes-e-programas/pac/selecoes-novo-pac/relacao-de-propostas/selecao-do-novo-pac-contencao-de-encostas-e-drenagem,MCidades — Seleção Novo PAC Contenção de Encostas e Drenagem (relação de propostas habilitadas),[drenagem/OGU] proposta 56000001621/2025. Reconciled to eixo control totals (drenagem R$10.3bn/174; encostas >R$1.4bn/102; total R$11.7bn/235mun/26UF).
B-novopac2025-233,B,Novo PAC 2025 — Prevenção a Desastres (drenagem),drainage,Norte,PA,Novo Progresso,true,grant,Novo PAC 2025 drenagem — Municipio De Novo Progresso,Municipio De Novo Progresso,municipio,11859006.34,BRL,,OGU (Ministério das Cidades),2025,2025-09,selected,true,https://www.gov.br/cidades/pt-br/acesso-a-informacao/acoes-e-programas/pac/selecoes-novo-pac/relacao-de-propostas/selecao-do-novo-pac-contencao-de-encostas-e-drenagem,MCidades — Seleção Novo PAC Contenção de Encostas e Drenagem (relação de propostas habilitadas),[drenagem/OGU] proposta 56000000566/2025. Reconciled to eixo control totals (drenagem R$10.3bn/174; encostas >R$1.4bn/102; total R$11.7bn/235mun/26UF).
B-novopac2025-234,B,Novo PAC 2025 — Prevenção a Desastres (drenagem),drainage,Norte,PA,Obidos,true,grant,Novo PAC 2025 drenagem — Municipio De Obidos,Municipio De Obidos,municipio,15000000.0,BRL,,OGU (Ministério das Cidades),2025,2025-09,selected,true,https://www.gov.br/cidades/pt-br/acesso-a-informacao/acoes-e-programas/pac/selecoes-novo-pac/relacao-de-propostas/selecao-do-novo-pac-contencao-de-encostas-e-drenagem,MCidades — Seleção Novo PAC Contenção de Encostas e Drenagem (relação de propostas habilitadas),[drenagem/OGU] proposta 56000000179/2025. Reconciled to eixo control totals (drenagem R$10.3bn/174; encostas >R$1.4bn/102; total R$11.7bn/235mun/26UF).
B-novopac2025-235,B,Novo PAC 2025 — Prevenção a Desastres (drenagem),drainage,Norte,PA,Paragominas,true,grant,Novo PAC 2025 drenagem — Municipio De Paragominas,Municipio De Paragominas,municipio,60000000.0,BRL,,OGU (Ministério das Cidades),2025,2025-09,selected,true,https://www.gov.br/cidades/pt-br/acesso-a-informacao/acoes-e-programas/pac/selecoes-novo-pac/relacao-de-propostas/selecao-do-novo-pac-contencao-de-encostas-e-drenagem,MCidades — Seleção Novo PAC Contenção de Encostas e Drenagem (relação de propostas habilitadas),[drenagem/OGU] proposta 56000000753/2025. Reconciled to eixo control totals (drenagem R$10.3bn/174; encostas >R$1.4bn/102; total R$11.7bn/235mun/26UF).
B-novopac2025-236,B,Novo PAC 2025 — Prevenção a Desastres (drenagem),drainage,Norte,PA,Prainha,true,grant,Novo PAC 2025 drenagem — Municipio De Prainha,Municipio De Prainha,municipio,18000000.0,BRL,,OGU (Ministério das Cidades),2025,2025-09,selected,true,https://www.gov.br/cidades/pt-br/acesso-a-informacao/acoes-e-programas/pac/selecoes-novo-pac/relacao-de-propostas/selecao-do-novo-pac-contencao-de-encostas-e-drenagem,MCidades — Seleção Novo PAC Contenção de Encostas e Drenagem (relação de propostas habilitadas),[drenagem/OGU] proposta 56000000775/2025. Reconciled to eixo control totals (drenagem R$10.3bn/174; encostas >R$1.4bn/102; total R$11.7bn/235mun/26UF).
B-novopac2025-237,B,Novo PAC 2025 — Prevenção a Desastres (drenagem),drainage,Norte,PA,Sao Domingos Do Capim,true,grant,Novo PAC 2025 drenagem — Municipio De Sao Domingos Do Capim,Municipio De Sao Domingos Do Capim,municipio,10000000.0,BRL,,OGU (Ministério das Cidades),2025,2025-09,selected,true,https://www.gov.br/cidades/pt-br/acesso-a-informacao/acoes-e-programas/pac/selecoes-novo-pac/relacao-de-propostas/selecao-do-novo-pac-contencao-de-encostas-e-drenagem,MCidades — Seleção Novo PAC Contenção de Encostas e Drenagem (relação de propostas habilitadas),[drenagem/OGU] proposta 56000000761/2025. Reconciled to eixo control totals (drenagem R$10.3bn/174; encostas >R$1.4bn/102; total R$11.7bn/235mun/26UF).
B-novopac2025-238,B,Novo PAC 2025 — Prevenção a Desastres (drenagem),drainage,Norte,PA,Ulianopolis,true,grant,Novo PAC 2025 drenagem — Municipio De Ulianopolis,Municipio De Ulianopolis,municipio,14936737.24,BRL,,OGU (Ministério das Cidades),2025,2025-09,selected,true,https://www.gov.br/cidades/pt-br/acesso-a-informacao/acoes-e-programas/pac/selecoes-novo-pac/relacao-de-propostas/selecao-do-novo-pac-contencao-de-encostas-e-drenagem,MCidades — Seleção Novo PAC Contenção de Encostas e Drenagem (relação de propostas habilitadas),[drenagem/OGU] proposta 56000001675/2025. Reconciled to eixo control totals (drenagem R$10.3bn/174; encostas >R$1.4bn/102; total R$11.7bn/235mun/26UF).
B-novopac2025-239,B,Novo PAC 2025 — Prevenção a Desastres (drenagem),drainage,Norte,PA,Vigia,true,grant,Novo PAC 2025 drenagem — Municipio De Vigia,Municipio De Vigia,municipio,15000000.0,BRL,,OGU (Ministério das Cidades),2025,2025-09,selected,true,https://www.gov.br/cidades/pt-br/acesso-a-informacao/acoes-e-programas/pac/selecoes-novo-pac/relacao-de-propostas/selecao-do-novo-pac-contencao-de-encostas-e-drenagem,MCidades — Seleção Novo PAC Contenção de Encostas e Drenagem (relação de propostas habilitadas),[drenagem/OGU] proposta 56000000849/2025. Reconciled to eixo control totals (drenagem R$10.3bn/174; encostas >R$1.4bn/102; total R$11.7bn/235mun/26UF).
B-novopac2025-240,B,Novo PAC 2025 — Prevenção a Desastres (drenagem),drainage,Norte,PA,Viseu,true,grant,Novo PAC 2025 drenagem — Municipio De Viseu,Municipio De Viseu,municipio,24000000.0,BRL,,OGU (Ministério das Cidades),2025,2025-09,selected,true,https://www.gov.br/cidades/pt-br/acesso-a-informacao/acoes-e-programas/pac/selecoes-novo-pac/relacao-de-propostas/selecao-do-novo-pac-contencao-de-encostas-e-drenagem,MCidades — Seleção Novo PAC Contenção de Encostas e Drenagem (relação de propostas habilitadas),[drenagem/OGU] proposta 56000000734/2025. Reconciled to eixo control totals (drenagem R$10.3bn/174; encostas >R$1.4bn/102; total R$11.7bn/235mun/26UF).
B-novopac2025-241,B,Novo PAC 2025 — Prevenção a Desastres (drenagem),drainage,Norte,PA,Xinguara,true,grant,Novo PAC 2025 drenagem — Municipio De Xinguara,Municipio De Xinguara,municipio,14000000.0,BRL,,OGU (Ministério das Cidades),2025,2025-09,selected,true,https://www.gov.br/cidades/pt-br/acesso-a-informacao/acoes-e-programas/pac/selecoes-novo-pac/relacao-de-propostas/selecao-do-novo-pac-contencao-de-encostas-e-drenagem,MCidades — Seleção Novo PAC Contenção de Encostas e Drenagem (relação de propostas habilitadas),[drenagem/OGU] proposta 56000001741/2025. Reconciled to eixo control totals (drenagem R$10.3bn/174; encostas >R$1.4bn/102; total R$11.7bn/235mun/26UF).
B-novopac2025-242,B,Novo PAC 2025 — Prevenção a Desastres (drenagem),drainage,Nordeste,PB,Cabedelo,false,grant,Novo PAC 2025 drenagem — Municipio De Cabedelo,Municipio De Cabedelo,municipio,27516671.62,BRL,,OGU (Ministério das Cidades),2025,2025-09,selected,true,https://www.gov.br/cidades/pt-br/acesso-a-informacao/acoes-e-programas/pac/selecoes-novo-pac/relacao-de-propostas/selecao-do-novo-pac-contencao-de-encostas-e-drenagem,MCidades — Seleção Novo PAC Contenção de Encostas e Drenagem (relação de propostas habilitadas),[drenagem/OGU] proposta 56000000912/2025. Reconciled to eixo control totals (drenagem R$10.3bn/174; encostas >R$1.4bn/102; total R$11.7bn/235mun/26UF).
B-novopac2025-243,B,Novo PAC 2025 — Prevenção a Desastres (drenagem),drainage,Nordeste,PB,Campina Grande,false,grant,Novo PAC 2025 drenagem — Municipio De Campina Grande,Municipio De Campina Grande,municipio,46350000.0,BRL,,OGU (Ministério das Cidades),2025,2025-09,selected,true,https://www.gov.br/cidades/pt-br/acesso-a-informacao/acoes-e-programas/pac/selecoes-novo-pac/relacao-de-propostas/selecao-do-novo-pac-contencao-de-encostas-e-drenagem,MCidades — Seleção Novo PAC Contenção de Encostas e Drenagem (relação de propostas habilitadas),[drenagem/OGU] proposta 56000001430/2025. Reconciled to eixo control totals (drenagem R$10.3bn/174; encostas >R$1.4bn/102; total R$11.7bn/235mun/26UF).
B-novopac2025-244,B,Novo PAC 2025 — Prevenção a Desastres (drenagem),drainage,Nordeste,PE,,false,grant,Novo PAC 2025 drenagem — Estado De Pernambuco,Estado De Pernambuco,estado,57356787.5,BRL,,OGU (Ministério das Cidades),2025,2025-09,selected,true,https://www.gov.br/cidades/pt-br/acesso-a-informacao/acoes-e-programas/pac/selecoes-novo-pac/relacao-de-propostas/selecao-do-novo-pac-contencao-de-encostas-e-drenagem,MCidades — Seleção Novo PAC Contenção de Encostas e Drenagem (relação de propostas habilitadas),[drenagem/OGU] proposta 56000001405/2025. Reconciled to eixo control totals (drenagem R$10.3bn/174; encostas >R$1.4bn/102; total R$11.7bn/235mun/26UF).
B-novopac2025-245,B,Novo PAC 2025 — Prevenção a Desastres (drenagem),drainage,Nordeste,PE,,false,grant,Novo PAC 2025 drenagem — Estado De Pernambuco,Estado De Pernambuco,estado,44407000.0,BRL,,OGU (Ministério das Cidades),2025,2025-09,selected,true,https://www.gov.br/cidades/pt-br/acesso-a-informacao/acoes-e-programas/pac/selecoes-novo-pac/relacao-de-propostas/selecao-do-novo-pac-contencao-de-encostas-e-drenagem,MCidades — Seleção Novo PAC Contenção de Encostas e Drenagem (relação de propostas habilitadas),[drenagem/OGU] proposta 56000001383/2025. Reconciled to eixo control totals (drenagem R$10.3bn/174; encostas >R$1.4bn/102; total R$11.7bn/235mun/26UF).
B-novopac2025-246,B,Novo PAC 2025 — Prevenção a Desastres (drenagem),drainage,Nordeste,PE,Floresta,false,grant,Novo PAC 2025 drenagem — Municipio De Floresta,Municipio De Floresta,municipio,12524047.76,BRL,,OGU (Ministério das Cidades),2025,2025-09,selected,true,https://www.gov.br/cidades/pt-br/acesso-a-informacao/acoes-e-programas/pac/selecoes-novo-pac/relacao-de-propostas/selecao-do-novo-pac-contencao-de-encostas-e-drenagem,MCidades — Seleção Novo PAC Contenção de Encostas e Drenagem (relação de propostas habilitadas),[drenagem/OGU] proposta 56000002133/2025. Reconciled to eixo control totals (drenagem R$10.3bn/174; encostas >R$1.4bn/102; total R$11.7bn/235mun/26UF).
B-novopac2025-247,B,Novo PAC 2025 — Prevenção a Desastres (drenagem),drainage,Nordeste,PE,Limoeiro,false,grant,Novo PAC 2025 drenagem — Municipio De Limoeiro,Municipio De Limoeiro,municipio,14486788.88,BRL,,OGU (Ministério das Cidades),2025,2025-09,selected,true,https://www.gov.br/cidades/pt-br/acesso-a-informacao/acoes-e-programas/pac/selecoes-novo-pac/relacao-de-propostas/selecao-do-novo-pac-contencao-de-encostas-e-drenagem,MCidades — Seleção Novo PAC Contenção de Encostas e Drenagem (relação de propostas habilitadas),[drenagem/OGU] proposta 56000000498/2025. Reconciled to eixo control totals (drenagem R$10.3bn/174; encostas >R$1.4bn/102; total R$11.7bn/235mun/26UF).
B-novopac2025-248,B,Novo PAC 2025 — Prevenção a Desastres (drenagem),drainage,Nordeste,PE,Palmares,false,grant,Novo PAC 2025 drenagem — Municipio De Palmares,Municipio De Palmares,municipio,11098278.48,BRL,,OGU (Ministério das Cidades),2025,2025-09,selected,true,https://www.gov.br/cidades/pt-br/acesso-a-informacao/acoes-e-programas/pac/selecoes-novo-pac/relacao-de-propostas/selecao-do-novo-pac-contencao-de-encostas-e-drenagem,MCidades — Seleção Novo PAC Contenção de Encostas e Drenagem (relação de propostas habilitadas),[drenagem/OGU] proposta 56000002411/2025. Reconciled to eixo control totals (drenagem R$10.3bn/174; encostas >R$1.4bn/102; total R$11.7bn/235mun/26UF).
B-novopac2025-249,B,Novo PAC 2025 — Prevenção a Desastres (drenagem),drainage,Nordeste,PE,Serra Talhada,false,grant,Novo PAC 2025 drenagem — Municipio De Serra Talhada,Municipio De Serra Talhada,municipio,28168741.24,BRL,,OGU (Ministério das Cidades),2025,2025-09,selected,true,https://www.gov.br/cidades/pt-br/acesso-a-informacao/acoes-e-programas/pac/selecoes-novo-pac/relacao-de-propostas/selecao-do-novo-pac-contencao-de-encostas-e-drenagem,MCidades — Seleção Novo PAC Contenção de Encostas e Drenagem (relação de propostas habilitadas),[drenagem/OGU] proposta 56000002424/2025. Reconciled to eixo control totals (drenagem R$10.3bn/174; encostas >R$1.4bn/102; total R$11.7bn/235mun/26UF).
B-novopac2025-250,B,Novo PAC 2025 — Prevenção a Desastres (drenagem),drainage,Nordeste,PE,Vitoria De Santo Antao,false,grant,Novo PAC 2025 drenagem — Municipio De Vitoria De Santo Antao,Municipio De Vitoria De Santo Antao,municipio,38894019.16,BRL,,OGU (Ministério das Cidades),2025,2025-09,selected,true,https://www.gov.br/cidades/pt-br/acesso-a-informacao/acoes-e-programas/pac/selecoes-novo-pac/relacao-de-propostas/selecao-do-novo-pac-contencao-de-encostas-e-drenagem,MCidades — Seleção Novo PAC Contenção de Encostas e Drenagem (relação de propostas habilitadas),[drenagem/OGU] proposta 56000002265/2025. Reconciled to eixo control totals (drenagem R$10.3bn/174; encostas >R$1.4bn/102; total R$11.7bn/235mun/26UF).
B-novopac2025-251,B,Novo PAC 2025 — Prevenção a Desastres (drenagem),drainage,Nordeste,PE,Municipio Do Cabo De Santo Agostinho,false,grant,Novo PAC 2025 drenagem — Municipio Do Cabo De Santo Agostinho,Municipio Do Cabo De Santo Agostinho,municipio,24900000.0,BRL,,OGU (Ministério das Cidades),2025,2025-09,selected,true,https://www.gov.br/cidades/pt-br/acesso-a-informacao/acoes-e-programas/pac/selecoes-novo-pac/relacao-de-propostas/selecao-do-novo-pac-contencao-de-encostas-e-drenagem,MCidades — Seleção Novo PAC Contenção de Encostas e Drenagem (relação de propostas habilitadas),[drenagem/OGU] proposta 56000001511/2025. Reconciled to eixo control totals (drenagem R$10.3bn/174; encostas >R$1.4bn/102; total R$11.7bn/235mun/26UF).
B-novopac2025-252,B,Novo PAC 2025 — Prevenção a Desastres (drenagem),drainage,Nordeste,PI,,false,grant,Novo PAC 2025 drenagem — Estado Do Piaui,Estado Do Piaui,estado,45011402.63,BRL,,OGU (Ministério das Cidades),2025,2025-09,selected,true,https://www.gov.br/cidades/pt-br/acesso-a-informacao/acoes-e-programas/pac/selecoes-novo-pac/relacao-de-propostas/selecao-do-novo-pac-contencao-de-encostas-e-drenagem,MCidades — Seleção Novo PAC Contenção de Encostas e Drenagem (relação de propostas habilitadas),[drenagem/OGU] proposta 56000001477/2025. Reconciled to eixo control totals (drenagem R$10.3bn/174; encostas >R$1.4bn/102; total R$11.7bn/235mun/26UF).
B-novopac2025-253,B,Novo PAC 2025 — Prevenção a Desastres (drenagem),drainage,Nordeste,PI,Sao Raimundo Nonato,false,grant,Novo PAC 2025 drenagem — Municipio De Sao Raimundo Nonato,Municipio De Sao Raimundo Nonato,municipio,47000000.0,BRL,,OGU (Ministério das Cidades),2025,2025-09,selected,true,https://www.gov.br/cidades/pt-br/acesso-a-informacao/acoes-e-programas/pac/selecoes-novo-pac/relacao-de-propostas/selecao-do-novo-pac-contencao-de-encostas-e-drenagem,MCidades — Seleção Novo PAC Contenção de Encostas e Drenagem (relação de propostas habilitadas),[drenagem/OGU] proposta 56000001920/2025. Reconciled to eixo control totals (drenagem R$10.3bn/174; encostas >R$1.4bn/102; total R$11.7bn/235mun/26UF).
B-novopac2025-254,B,Novo PAC 2025 — Prevenção a Desastres (drenagem),drainage,Sul,PR,Almirante Tamandare,false,grant,Novo PAC 2025 drenagem — Municipio De Almirante Tamandare,Municipio De Almirante Tamandare,municipio,79374468.95,BRL,,OGU (Ministério das Cidades),2025,2025-09,selected,true,https://www.gov.br/cidades/pt-br/acesso-a-informacao/acoes-e-programas/pac/selecoes-novo-pac/relacao-de-propostas/selecao-do-novo-pac-contencao-de-encostas-e-drenagem,MCidades — Seleção Novo PAC Contenção de Encostas e Drenagem (relação de propostas habilitadas),[drenagem/OGU] proposta 56000001948/2025. Reconciled to eixo control totals (drenagem R$10.3bn/174; encostas >R$1.4bn/102; total R$11.7bn/235mun/26UF).
B-novopac2025-255,B,Novo PAC 2025 — Prevenção a Desastres (drenagem),drainage,Sul,PR,Francisco Beltrao,false,grant,Novo PAC 2025 drenagem — Municipio De Francisco Beltrao,Municipio De Francisco Beltrao,municipio,14000000.0,BRL,,OGU (Ministério das Cidades),2025,2025-09,selected,true,https://www.gov.br/cidades/pt-br/acesso-a-informacao/acoes-e-programas/pac/selecoes-novo-pac/relacao-de-propostas/selecao-do-novo-pac-contencao-de-encostas-e-drenagem,MCidades — Seleção Novo PAC Contenção de Encostas e Drenagem (relação de propostas habilitadas),[drenagem/OGU] proposta 56000001229/2025. Reconciled to eixo control totals (drenagem R$10.3bn/174; encostas >R$1.4bn/102; total R$11.7bn/235mun/26UF).
B-novopac2025-256,B,Novo PAC 2025 — Prevenção a Desastres (drenagem),drainage,Sudeste,RJ,Barra Mansa,false,grant,Novo PAC 2025 drenagem — Municipio De Barra Mansa,Municipio De Barra Mansa,municipio,48761298.68,BRL,,OGU (Ministério das Cidades),2025,2025-09,selected,true,https://www.gov.br/cidades/pt-br/acesso-a-informacao/acoes-e-programas/pac/selecoes-novo-pac/relacao-de-propostas/selecao-do-novo-pac-contencao-de-encostas-e-drenagem,MCidades — Seleção Novo PAC Contenção de Encostas e Drenagem (relação de propostas habilitadas),[drenagem/OGU] proposta 56000001687/2025. Reconciled to eixo control totals (drenagem R$10.3bn/174; encostas >R$1.4bn/102; total R$11.7bn/235mun/26UF).
B-novopac2025-257,B,Novo PAC 2025 — Prevenção a Desastres (drenagem),drainage,Sudeste,RJ,Belford Roxo,false,grant,Novo PAC 2025 drenagem — Municipio De Belford Roxo,Municipio De Belford Roxo,municipio,30000000.0,BRL,,OGU (Ministério das Cidades),2025,2025-09,selected,true,https://www.gov.br/cidades/pt-br/acesso-a-informacao/acoes-e-programas/pac/selecoes-novo-pac/relacao-de-propostas/selecao-do-novo-pac-contencao-de-encostas-e-drenagem,MCidades — Seleção Novo PAC Contenção de Encostas e Drenagem (relação de propostas habilitadas),[drenagem/OGU] proposta 56000000543/2025. Reconciled to eixo control totals (drenagem R$10.3bn/174; encostas >R$1.4bn/102; total R$11.7bn/235mun/26UF).
B-novopac2025-258,B,Novo PAC 2025 — Prevenção a Desastres (drenagem),drainage,Sudeste,RJ,Cambuci,false,grant,Novo PAC 2025 drenagem — Municipio De Cambuci,Municipio De Cambuci,municipio,15700000.0,BRL,,OGU (Ministério das Cidades),2025,2025-09,selected,true,https://www.gov.br/cidades/pt-br/acesso-a-informacao/acoes-e-programas/pac/selecoes-novo-pac/relacao-de-propostas/selecao-do-novo-pac-contencao-de-encostas-e-drenagem,MCidades — Seleção Novo PAC Contenção de Encostas e Drenagem (relação de propostas habilitadas),[drenagem/OGU] proposta 56000000449/2025. Reconciled to eixo control totals (drenagem R$10.3bn/174; encostas >R$1.4bn/102; total R$11.7bn/235mun/26UF).
B-novopac2025-259,B,Novo PAC 2025 — Prevenção a Desastres (drenagem),drainage,Sudeste,RJ,Duque De Caxias,false,grant,Novo PAC 2025 drenagem — Municipio De Duque De Caxias,Municipio De Duque De Caxias,municipio,49530868.3,BRL,,OGU (Ministério das Cidades),2025,2025-09,selected,true,https://www.gov.br/cidades/pt-br/acesso-a-informacao/acoes-e-programas/pac/selecoes-novo-pac/relacao-de-propostas/selecao-do-novo-pac-contencao-de-encostas-e-drenagem,MCidades — Seleção Novo PAC Contenção de Encostas e Drenagem (relação de propostas habilitadas),[drenagem/OGU] proposta 56000000490/2025. Reconciled to eixo control totals (drenagem R$10.3bn/174; encostas >R$1.4bn/102; total R$11.7bn/235mun/26UF).
B-novopac2025-260,B,Novo PAC 2025 — Prevenção a Desastres (drenagem),drainage,Sudeste,RJ,Nova Iguacu,false,grant,Novo PAC 2025 drenagem — Municipio De Nova Iguacu,Municipio De Nova Iguacu,municipio,49971314.87,BRL,,OGU (Ministério das Cidades),2025,2025-09,selected,true,https://www.gov.br/cidades/pt-br/acesso-a-informacao/acoes-e-programas/pac/selecoes-novo-pac/relacao-de-propostas/selecao-do-novo-pac-contencao-de-encostas-e-drenagem,MCidades — Seleção Novo PAC Contenção de Encostas e Drenagem (relação de propostas habilitadas),[drenagem/OGU] proposta 56000001264/2025. Reconciled to eixo control totals (drenagem R$10.3bn/174; encostas >R$1.4bn/102; total R$11.7bn/235mun/26UF).
B-novopac2025-261,B,Novo PAC 2025 — Prevenção a Desastres (drenagem),drainage,Sudeste,RJ,Rio Das Ostras,false,grant,Novo PAC 2025 drenagem — Municipio De Rio Das Ostras,Municipio De Rio Das Ostras,municipio,22706886.53,BRL,,OGU (Ministério das Cidades),2025,2025-09,selected,true,https://www.gov.br/cidades/pt-br/acesso-a-informacao/acoes-e-programas/pac/selecoes-novo-pac/relacao-de-propostas/selecao-do-novo-pac-contencao-de-encostas-e-drenagem,MCidades — Seleção Novo PAC Contenção de Encostas e Drenagem (relação de propostas habilitadas),[drenagem/OGU] proposta 56000002134/2025. Reconciled to eixo control totals (drenagem R$10.3bn/174; encostas >R$1.4bn/102; total R$11.7bn/235mun/26UF).
B-novopac2025-262,B,Novo PAC 2025 — Prevenção a Desastres (drenagem),drainage,Sudeste,RJ,Santo Antonio De Padua,false,grant,Novo PAC 2025 drenagem — Municipio De Santo Antonio De Padua,Municipio De Santo Antonio De Padua,municipio,11000000.0,BRL,,OGU (Ministério das Cidades),2025,2025-09,selected,true,https://www.gov.br/cidades/pt-br/acesso-a-informacao/acoes-e-programas/pac/selecoes-novo-pac/relacao-de-propostas/selecao-do-novo-pac-contencao-de-encostas-e-drenagem,MCidades — Seleção Novo PAC Contenção de Encostas e Drenagem (relação de propostas habilitadas),[drenagem/OGU] proposta 56000000908/2025. Reconciled to eixo control totals (drenagem R$10.3bn/174; encostas >R$1.4bn/102; total R$11.7bn/235mun/26UF).
B-novopac2025-263,B,Novo PAC 2025 — Prevenção a Desastres (drenagem),drainage,Sudeste,RJ,Sao Joao De Meriti,false,grant,Novo PAC 2025 drenagem — Municipio De Sao Joao De Meriti,Municipio De Sao Joao De Meriti,municipio,50000000.0,BRL,,OGU (Ministério das Cidades),2025,2025-09,selected,true,https://www.gov.br/cidades/pt-br/acesso-a-informacao/acoes-e-programas/pac/selecoes-novo-pac/relacao-de-propostas/selecao-do-novo-pac-contencao-de-encostas-e-drenagem,MCidades — Seleção Novo PAC Contenção de Encostas e Drenagem (relação de propostas habilitadas),[drenagem/OGU] proposta 56000000756/2025. Reconciled to eixo control totals (drenagem R$10.3bn/174; encostas >R$1.4bn/102; total R$11.7bn/235mun/26UF).
B-novopac2025-264,B,Novo PAC 2025 — Prevenção a Desastres (drenagem),drainage,Nordeste,RN,Assu,false,grant,Novo PAC 2025 drenagem — Municipio De Assu,Municipio De Assu,municipio,11867393.07,BRL,,OGU (Ministério das Cidades),2025,2025-09,selected,true,https://www.gov.br/cidades/pt-br/acesso-a-informacao/acoes-e-programas/pac/selecoes-novo-pac/relacao-de-propostas/selecao-do-novo-pac-contencao-de-encostas-e-drenagem,MCidades — Seleção Novo PAC Contenção de Encostas e Drenagem (relação de propostas habilitadas),[drenagem/OGU] proposta 56000001882/2025. Reconciled to eixo control totals (drenagem R$10.3bn/174; encostas >R$1.4bn/102; total R$11.7bn/235mun/26UF).
B-novopac2025-265,B,Novo PAC 2025 — Prevenção a Desastres (drenagem),drainage,Nordeste,RN,Natal,false,grant,Novo PAC 2025 drenagem — Municipio De Natal,Municipio De Natal,municipio,90000000.0,BRL,,OGU (Ministério das Cidades),2025,2025-09,selected,true,https://www.gov.br/cidades/pt-br/acesso-a-informacao/acoes-e-programas/pac/selecoes-novo-pac/relacao-de-propostas/selecao-do-novo-pac-contencao-de-encostas-e-drenagem,MCidades — Seleção Novo PAC Contenção de Encostas e Drenagem (relação de propostas habilitadas),[drenagem/OGU] proposta 56000000216/2025. Reconciled to eixo control totals (drenagem R$10.3bn/174; encostas >R$1.4bn/102; total R$11.7bn/235mun/26UF).
B-novopac2025-266,B,Novo PAC 2025 — Prevenção a Desastres (drenagem),drainage,Norte,RO,Porto Velho,true,grant,Novo PAC 2025 drenagem — Municipio De Porto Velho,Municipio De Porto Velho,municipio,90000000.0,BRL,,OGU (Ministério das Cidades),2025,2025-09,selected,true,https://www.gov.br/cidades/pt-br/acesso-a-informacao/acoes-e-programas/pac/selecoes-novo-pac/relacao-de-propostas/selecao-do-novo-pac-contencao-de-encostas-e-drenagem,MCidades — Seleção Novo PAC Contenção de Encostas e Drenagem (relação de propostas habilitadas),[drenagem/OGU] proposta 56000001773/2025. Reconciled to eixo control totals (drenagem R$10.3bn/174; encostas >R$1.4bn/102; total R$11.7bn/235mun/26UF).
B-novopac2025-267,B,Novo PAC 2025 — Prevenção a Desastres (drenagem),drainage,Norte,RR,Pacaraima,true,grant,Novo PAC 2025 drenagem — Municipio De Pacaraima,Municipio De Pacaraima,municipio,12234332.86,BRL,,OGU (Ministério das Cidades),2025,2025-09,selected,true,https://www.gov.br/cidades/pt-br/acesso-a-informacao/acoes-e-programas/pac/selecoes-novo-pac/relacao-de-propostas/selecao-do-novo-pac-contencao-de-encostas-e-drenagem,MCidades — Seleção Novo PAC Contenção de Encostas e Drenagem (relação de propostas habilitadas),[drenagem/OGU] proposta 56000000898/2025. Reconciled to eixo control totals (drenagem R$10.3bn/174; encostas >R$1.4bn/102; total R$11.7bn/235mun/26UF).
B-novopac2025-268,B,Novo PAC 2025 — Prevenção a Desastres (drenagem),drainage,Sul,RS,Campo Bom,false,grant,Novo PAC 2025 drenagem — Municipio De Campo Bom,Municipio De Campo Bom,municipio,10044164.33,BRL,,OGU (Ministério das Cidades),2025,2025-09,selected,true,https://www.gov.br/cidades/pt-br/acesso-a-informacao/acoes-e-programas/pac/selecoes-novo-pac/relacao-de-propostas/selecao-do-novo-pac-contencao-de-encostas-e-drenagem,MCidades — Seleção Novo PAC Contenção de Encostas e Drenagem (relação de propostas habilitadas),[drenagem/OGU] proposta 56000001468/2025. Reconciled to eixo control totals (drenagem R$10.3bn/174; encostas >R$1.4bn/102; total R$11.7bn/235mun/26UF).
B-novopac2025-269,B,Novo PAC 2025 — Prevenção a Desastres (drenagem),drainage,Sul,RS,Cruzeiro Do Sul,false,grant,Novo PAC 2025 drenagem — Municipio De Cruzeiro Do Sul,Municipio De Cruzeiro Do Sul,municipio,12242563.78,BRL,,OGU (Ministério das Cidades),2025,2025-09,selected,true,https://www.gov.br/cidades/pt-br/acesso-a-informacao/acoes-e-programas/pac/selecoes-novo-pac/relacao-de-propostas/selecao-do-novo-pac-contencao-de-encostas-e-drenagem,MCidades — Seleção Novo PAC Contenção de Encostas e Drenagem (relação de propostas habilitadas),[drenagem/OGU] proposta 56000000223/2025. Reconciled to eixo control totals (drenagem R$10.3bn/174; encostas >R$1.4bn/102; total R$11.7bn/235mun/26UF).
B-novopac2025-270,B,Novo PAC 2025 — Prevenção a Desastres (drenagem),drainage,Sul,RS,Dom Pedrito,false,grant,Novo PAC 2025 drenagem — Municipio De Dom Pedrito,Municipio De Dom Pedrito,municipio,11226648.26,BRL,,OGU (Ministério das Cidades),2025,2025-09,selected,true,https://www.gov.br/cidades/pt-br/acesso-a-informacao/acoes-e-programas/pac/selecoes-novo-pac/relacao-de-propostas/selecao-do-novo-pac-contencao-de-encostas-e-drenagem,MCidades — Seleção Novo PAC Contenção de Encostas e Drenagem (relação de propostas habilitadas),[drenagem/OGU] proposta 56000000027/2025. Reconciled to eixo control totals (drenagem R$10.3bn/174; encostas >R$1.4bn/102; total R$11.7bn/235mun/26UF).
B-novopac2025-271,B,Novo PAC 2025 — Prevenção a Desastres (drenagem),drainage,Sul,RS,Guaiba,false,grant,Novo PAC 2025 drenagem — Municipio De Guaiba,Municipio De Guaiba,municipio,39677560.61,BRL,,OGU (Ministério das Cidades),2025,2025-09,selected,true,https://www.gov.br/cidades/pt-br/acesso-a-informacao/acoes-e-programas/pac/selecoes-novo-pac/relacao-de-propostas/selecao-do-novo-pac-contencao-de-encostas-e-drenagem,MCidades — Seleção Novo PAC Contenção de Encostas e Drenagem (relação de propostas habilitadas),[drenagem/OGU] proposta 56000001510/2025. Reconciled to eixo control totals (drenagem R$10.3bn/174; encostas >R$1.4bn/102; total R$11.7bn/235mun/26UF).
B-novopac2025-272,B,Novo PAC 2025 — Prevenção a Desastres (drenagem),drainage,Sul,RS,Nova Santa Rita,false,grant,Novo PAC 2025 drenagem — Municipio De Nova Santa Rita,Municipio De Nova Santa Rita,municipio,11051248.07,BRL,,OGU (Ministério das Cidades),2025,2025-09,selected,true,https://www.gov.br/cidades/pt-br/acesso-a-informacao/acoes-e-programas/pac/selecoes-novo-pac/relacao-de-propostas/selecao-do-novo-pac-contencao-de-encostas-e-drenagem,MCidades — Seleção Novo PAC Contenção de Encostas e Drenagem (relação de propostas habilitadas),[drenagem/OGU] proposta 56000000891/2025. Reconciled to eixo control totals (drenagem R$10.3bn/174; encostas >R$1.4bn/102; total R$11.7bn/235mun/26UF).
B-novopac2025-273,B,Novo PAC 2025 — Prevenção a Desastres (drenagem),drainage,Sul,RS,Pelotas,false,grant,Novo PAC 2025 drenagem — Municipio De Pelotas,Municipio De Pelotas,municipio,23936635.67,BRL,,OGU (Ministério das Cidades),2025,2025-09,selected,true,https://www.gov.br/cidades/pt-br/acesso-a-informacao/acoes-e-programas/pac/selecoes-novo-pac/relacao-de-propostas/selecao-do-novo-pac-contencao-de-encostas-e-drenagem,MCidades — Seleção Novo PAC Contenção de Encostas e Drenagem (relação de propostas habilitadas),[drenagem/OGU] proposta 56000001813/2025. Reconciled to eixo control totals (drenagem R$10.3bn/174; encostas >R$1.4bn/102; total R$11.7bn/235mun/26UF).
B-novopac2025-274,B,Novo PAC 2025 — Prevenção a Desastres (drenagem),drainage,Sul,RS,Santa Maria,false,grant,Novo PAC 2025 drenagem — Municipio De Santa Maria,Municipio De Santa Maria,municipio,39622188.09,BRL,,OGU (Ministério das Cidades),2025,2025-09,selected,true,https://www.gov.br/cidades/pt-br/acesso-a-informacao/acoes-e-programas/pac/selecoes-novo-pac/relacao-de-propostas/selecao-do-novo-pac-contencao-de-encostas-e-drenagem,MCidades — Seleção Novo PAC Contenção de Encostas e Drenagem (relação de propostas habilitadas),[drenagem/OGU] proposta 56000001665/2025. Reconciled to eixo control totals (drenagem R$10.3bn/174; encostas >R$1.4bn/102; total R$11.7bn/235mun/26UF).
B-novopac2025-275,B,Novo PAC 2025 — Prevenção a Desastres (drenagem),drainage,Sul,RS,Sao Lourenco Do Sul,false,grant,Novo PAC 2025 drenagem — Municipio De Sao Lourenco Do Sul,Municipio De Sao Lourenco Do Sul,municipio,37774425.0,BRL,,OGU (Ministério das Cidades),2025,2025-09,selected,true,https://www.gov.br/cidades/pt-br/acesso-a-informacao/acoes-e-programas/pac/selecoes-novo-pac/relacao-de-propostas/selecao-do-novo-pac-contencao-de-encostas-e-drenagem,MCidades — Seleção Novo PAC Contenção de Encostas e Drenagem (relação de propostas habilitadas),[drenagem/OGU] proposta 56000001518/2025. Reconciled to eixo control totals (drenagem R$10.3bn/174; encostas >R$1.4bn/102; total R$11.7bn/235mun/26UF).
B-novopac2025-276,B,Novo PAC 2025 — Prevenção a Desastres (drenagem),drainage,Sul,RS,Taquara,false,grant,Novo PAC 2025 drenagem — Municipio De Taquara,Municipio De Taquara,municipio,48886481.91,BRL,,OGU (Ministério das Cidades),2025,2025-09,selected,true,https://www.gov.br/cidades/pt-br/acesso-a-informacao/acoes-e-programas/pac/selecoes-novo-pac/relacao-de-propostas/selecao-do-novo-pac-contencao-de-encostas-e-drenagem,MCidades — Seleção Novo PAC Contenção de Encostas e Drenagem (relação de propostas habilitadas),[drenagem/OGU] proposta 56000002098/2025. Reconciled to eixo control totals (drenagem R$10.3bn/174; encostas >R$1.4bn/102; total R$11.7bn/235mun/26UF).
B-novopac2025-277,B,Novo PAC 2025 — Prevenção a Desastres (drenagem),drainage,Sul,RS,Municipio Do Rio Grande,false,grant,Novo PAC 2025 drenagem — Municipio Do Rio Grande,Municipio Do Rio Grande,municipio,42430169.21,BRL,,OGU (Ministério das Cidades),2025,2025-09,selected,true,https://www.gov.br/cidades/pt-br/acesso-a-informacao/acoes-e-programas/pac/selecoes-novo-pac/relacao-de-propostas/selecao-do-novo-pac-contencao-de-encostas-e-drenagem,MCidades — Seleção Novo PAC Contenção de Encostas e Drenagem (relação de propostas habilitadas),[drenagem/OGU] proposta 56000002363/2025. Reconciled to eixo control totals (drenagem R$10.3bn/174; encostas >R$1.4bn/102; total R$11.7bn/235mun/26UF).
B-novopac2025-278,B,Novo PAC 2025 — Prevenção a Desastres (drenagem),drainage,Sul,SC,Consorcio Intermunicipal Multifinalitario Da Regiao Da Amfri - Cim-Amfri,false,grant,Novo PAC 2025 drenagem — Consorcio Intermunicipal Multifinalitario Da Regiao Da Amfri - Cim-Amfri,Consorcio Intermunicipal Multifinalitario Da Regiao Da Amfri - Cim-Amfri,municipio,73308077.77,BRL,,OGU (Ministério das Cidades),2025,2025-09,selected,true,https://www.gov.br/cidades/pt-br/acesso-a-informacao/acoes-e-programas/pac/selecoes-novo-pac/relacao-de-propostas/selecao-do-novo-pac-contencao-de-encostas-e-drenagem,MCidades — Seleção Novo PAC Contenção de Encostas e Drenagem (relação de propostas habilitadas),[drenagem/OGU] proposta 56000000219/2025. Reconciled to eixo control totals (drenagem R$10.3bn/174; encostas >R$1.4bn/102; total R$11.7bn/235mun/26UF).
B-novopac2025-279,B,Novo PAC 2025 — Prevenção a Desastres (drenagem),drainage,Sul,SC,Balneario Camboriu,false,grant,Novo PAC 2025 drenagem — Municipio De Balneario Camboriu,Municipio De Balneario Camboriu,municipio,29679584.38,BRL,,OGU (Ministério das Cidades),2025,2025-09,selected,true,https://www.gov.br/cidades/pt-br/acesso-a-informacao/acoes-e-programas/pac/selecoes-novo-pac/relacao-de-propostas/selecao-do-novo-pac-contencao-de-encostas-e-drenagem,MCidades — Seleção Novo PAC Contenção de Encostas e Drenagem (relação de propostas habilitadas),[drenagem/OGU] proposta 56000000878/2025. Reconciled to eixo control totals (drenagem R$10.3bn/174; encostas >R$1.4bn/102; total R$11.7bn/235mun/26UF).
B-novopac2025-280,B,Novo PAC 2025 — Prevenção a Desastres (drenagem),drainage,Sul,SC,Concordia,false,grant,Novo PAC 2025 drenagem — Municipio De Concordia,Municipio De Concordia,municipio,10151539.95,BRL,,OGU (Ministério das Cidades),2025,2025-09,selected,true,https://www.gov.br/cidades/pt-br/acesso-a-informacao/acoes-e-programas/pac/selecoes-novo-pac/relacao-de-propostas/selecao-do-novo-pac-contencao-de-encostas-e-drenagem,MCidades — Seleção Novo PAC Contenção de Encostas e Drenagem (relação de propostas habilitadas),[drenagem/OGU] proposta 56000002159/2025. Reconciled to eixo control totals (drenagem R$10.3bn/174; encostas >R$1.4bn/102; total R$11.7bn/235mun/26UF).
B-novopac2025-281,B,Novo PAC 2025 — Prevenção a Desastres (drenagem),drainage,Sul,SC,Florianopolis,false,grant,Novo PAC 2025 drenagem — Municipio De Florianopolis,Municipio De Florianopolis,municipio,19238500.14,BRL,,OGU (Ministério das Cidades),2025,2025-09,selected,true,https://www.gov.br/cidades/pt-br/acesso-a-informacao/acoes-e-programas/pac/selecoes-novo-pac/relacao-de-propostas/selecao-do-novo-pac-contencao-de-encostas-e-drenagem,MCidades — Seleção Novo PAC Contenção de Encostas e Drenagem (relação de propostas habilitadas),[drenagem/OGU] proposta 56000001845/2025. Reconciled to eixo control totals (drenagem R$10.3bn/174; encostas >R$1.4bn/102; total R$11.7bn/235mun/26UF).
B-novopac2025-282,B,Novo PAC 2025 — Prevenção a Desastres (drenagem),drainage,Sul,SC,Imbituba,false,grant,Novo PAC 2025 drenagem — Municipio De Imbituba,Municipio De Imbituba,municipio,16304094.79,BRL,,OGU (Ministério das Cidades),2025,2025-09,selected,true,https://www.gov.br/cidades/pt-br/acesso-a-informacao/acoes-e-programas/pac/selecoes-novo-pac/relacao-de-propostas/selecao-do-novo-pac-contencao-de-encostas-e-drenagem,MCidades — Seleção Novo PAC Contenção de Encostas e Drenagem (relação de propostas habilitadas),[drenagem/OGU] proposta 56000000564/2025. Reconciled to eixo control totals (drenagem R$10.3bn/174; encostas >R$1.4bn/102; total R$11.7bn/235mun/26UF).
B-novopac2025-283,B,Novo PAC 2025 — Prevenção a Desastres (drenagem),drainage,Sul,SC,Joinville,false,grant,Novo PAC 2025 drenagem — Municipio De Joinville,Municipio De Joinville,municipio,80000000.0,BRL,,OGU (Ministério das Cidades),2025,2025-09,selected,true,https://www.gov.br/cidades/pt-br/acesso-a-informacao/acoes-e-programas/pac/selecoes-novo-pac/relacao-de-propostas/selecao-do-novo-pac-contencao-de-encostas-e-drenagem,MCidades — Seleção Novo PAC Contenção de Encostas e Drenagem (relação de propostas habilitadas),[drenagem/OGU] proposta 56000000616/2025. Reconciled to eixo control totals (drenagem R$10.3bn/174; encostas >R$1.4bn/102; total R$11.7bn/235mun/26UF).
B-novopac2025-284,B,Novo PAC 2025 — Prevenção a Desastres (drenagem),drainage,Nordeste,SE,Aracaju,false,grant,Novo PAC 2025 drenagem — Municipio De Aracaju,Municipio De Aracaju,municipio,25623224.12,BRL,,OGU (Ministério das Cidades),2025,2025-09,selected,true,https://www.gov.br/cidades/pt-br/acesso-a-informacao/acoes-e-programas/pac/selecoes-novo-pac/relacao-de-propostas/selecao-do-novo-pac-contencao-de-encostas-e-drenagem,MCidades — Seleção Novo PAC Contenção de Encostas e Drenagem (relação de propostas habilitadas),[drenagem/OGU] proposta 56000000275/2025. Reconciled to eixo control totals (drenagem R$10.3bn/174; encostas >R$1.4bn/102; total R$11.7bn/235mun/26UF).
B-novopac2025-285,B,Novo PAC 2025 — Prevenção a Desastres (drenagem),drainage,Sudeste,SP,Apiai,false,grant,Novo PAC 2025 drenagem — Municipio De Apiai,Municipio De Apiai,municipio,31190399.33,BRL,,OGU (Ministério das Cidades),2025,2025-09,selected,true,https://www.gov.br/cidades/pt-br/acesso-a-informacao/acoes-e-programas/pac/selecoes-novo-pac/relacao-de-propostas/selecao-do-novo-pac-contencao-de-encostas-e-drenagem,MCidades — Seleção Novo PAC Contenção de Encostas e Drenagem (relação de propostas habilitadas),[drenagem/OGU] proposta 56000000352/2025. Reconciled to eixo control totals (drenagem R$10.3bn/174; encostas >R$1.4bn/102; total R$11.7bn/235mun/26UF).
B-novopac2025-286,B,Novo PAC 2025 — Prevenção a Desastres (drenagem),drainage,Sudeste,SP,Barueri,false,grant,Novo PAC 2025 drenagem — Municipio De Barueri,Municipio De Barueri,municipio,30000000.0,BRL,,OGU (Ministério das Cidades),2025,2025-09,selected,true,https://www.gov.br/cidades/pt-br/acesso-a-informacao/acoes-e-programas/pac/selecoes-novo-pac/relacao-de-propostas/selecao-do-novo-pac-contencao-de-encostas-e-drenagem,MCidades — Seleção Novo PAC Contenção de Encostas e Drenagem (relação de propostas habilitadas),[drenagem/OGU] proposta 56000007718/2025. Reconciled to eixo control totals (drenagem R$10.3bn/174; encostas >R$1.4bn/102; total R$11.7bn/235mun/26UF).
B-novopac2025-287,B,Novo PAC 2025 — Prevenção a Desastres (drenagem),drainage,Sudeste,SP,Botucatu,false,grant,Novo PAC 2025 drenagem — Municipio De Botucatu,Municipio De Botucatu,municipio,71710000.0,BRL,,OGU (Ministério das Cidades),2025,2025-09,selected,true,https://www.gov.br/cidades/pt-br/acesso-a-informacao/acoes-e-programas/pac/selecoes-novo-pac/relacao-de-propostas/selecao-do-novo-pac-contencao-de-encostas-e-drenagem,MCidades — Seleção Novo PAC Contenção de Encostas e Drenagem (relação de propostas habilitadas),[drenagem/OGU] proposta 56000002254/2025. Reconciled to eixo control totals (drenagem R$10.3bn/174; encostas >R$1.4bn/102; total R$11.7bn/235mun/26UF).
B-novopac2025-288,B,Novo PAC 2025 — Prevenção a Desastres (drenagem),drainage,Sudeste,SP,Carapicuiba,false,grant,Novo PAC 2025 drenagem — Municipio De Carapicuiba,Municipio De Carapicuiba,municipio,29222444.13,BRL,,OGU (Ministério das Cidades),2025,2025-09,selected,true,https://www.gov.br/cidades/pt-br/acesso-a-informacao/acoes-e-programas/pac/selecoes-novo-pac/relacao-de-propostas/selecao-do-novo-pac-contencao-de-encostas-e-drenagem,MCidades — Seleção Novo PAC Contenção de Encostas e Drenagem (relação de propostas habilitadas),[drenagem/OGU] proposta 56000001886/2025. Reconciled to eixo control totals (drenagem R$10.3bn/174; encostas >R$1.4bn/102; total R$11.7bn/235mun/26UF).
B-novopac2025-289,B,Novo PAC 2025 — Prevenção a Desastres (drenagem),drainage,Sudeste,SP,Diadema,false,grant,Novo PAC 2025 drenagem — Municipio De Diadema,Municipio De Diadema,municipio,13752691.07,BRL,,OGU (Ministério das Cidades),2025,2025-09,selected,true,https://www.gov.br/cidades/pt-br/acesso-a-informacao/acoes-e-programas/pac/selecoes-novo-pac/relacao-de-propostas/selecao-do-novo-pac-contencao-de-encostas-e-drenagem,MCidades — Seleção Novo PAC Contenção de Encostas e Drenagem (relação de propostas habilitadas),[drenagem/OGU] proposta 56000001498/2025. Reconciled to eixo control totals (drenagem R$10.3bn/174; encostas >R$1.4bn/102; total R$11.7bn/235mun/26UF).
B-novopac2025-290,B,Novo PAC 2025 — Prevenção a Desastres (drenagem),drainage,Sudeste,SP,Ferraz De Vasconcelos,false,grant,Novo PAC 2025 drenagem — Municipio De Ferraz De Vasconcelos,Municipio De Ferraz De Vasconcelos,municipio,53103619.29,BRL,,OGU (Ministério das Cidades),2025,2025-09,selected,true,https://www.gov.br/cidades/pt-br/acesso-a-informacao/acoes-e-programas/pac/selecoes-novo-pac/relacao-de-propostas/selecao-do-novo-pac-contencao-de-encostas-e-drenagem,MCidades — Seleção Novo PAC Contenção de Encostas e Drenagem (relação de propostas habilitadas),[drenagem/OGU] proposta 56000006792/2025. Reconciled to eixo control totals (drenagem R$10.3bn/174; encostas >R$1.4bn/102; total R$11.7bn/235mun/26UF).
B-novopac2025-291,B,Novo PAC 2025 — Prevenção a Desastres (drenagem),drainage,Sudeste,SP,Guarulhos,false,grant,Novo PAC 2025 drenagem — Municipio De Guarulhos,Municipio De Guarulhos,municipio,46000000.0,BRL,,OGU (Ministério das Cidades),2025,2025-09,selected,true,https://www.gov.br/cidades/pt-br/acesso-a-informacao/acoes-e-programas/pac/selecoes-novo-pac/relacao-de-propostas/selecao-do-novo-pac-contencao-de-encostas-e-drenagem,MCidades — Seleção Novo PAC Contenção de Encostas e Drenagem (relação de propostas habilitadas),[drenagem/OGU] proposta 56000000771/2025. Reconciled to eixo control totals (drenagem R$10.3bn/174; encostas >R$1.4bn/102; total R$11.7bn/235mun/26UF).
B-novopac2025-292,B,Novo PAC 2025 — Prevenção a Desastres (drenagem),drainage,Sudeste,SP,Hortolandia,false,grant,Novo PAC 2025 drenagem — Municipio De Hortolandia,Municipio De Hortolandia,municipio,38439898.61,BRL,,OGU (Ministério das Cidades),2025,2025-09,selected,true,https://www.gov.br/cidades/pt-br/acesso-a-informacao/acoes-e-programas/pac/selecoes-novo-pac/relacao-de-propostas/selecao-do-novo-pac-contencao-de-encostas-e-drenagem,MCidades — Seleção Novo PAC Contenção de Encostas e Drenagem (relação de propostas habilitadas),[drenagem/OGU] proposta 56000007068/2025. Reconciled to eixo control totals (drenagem R$10.3bn/174; encostas >R$1.4bn/102; total R$11.7bn/235mun/26UF).
B-novopac2025-293,B,Novo PAC 2025 — Prevenção a Desastres (drenagem),drainage,Sudeste,SP,Jacarei,false,grant,Novo PAC 2025 drenagem — Municipio De Jacarei,Municipio De Jacarei,municipio,21204792.02,BRL,,OGU (Ministério das Cidades),2025,2025-09,selected,true,https://www.gov.br/cidades/pt-br/acesso-a-informacao/acoes-e-programas/pac/selecoes-novo-pac/relacao-de-propostas/selecao-do-novo-pac-contencao-de-encostas-e-drenagem,MCidades — Seleção Novo PAC Contenção de Encostas e Drenagem (relação de propostas habilitadas),[drenagem/OGU] proposta 56000001547/2025. Reconciled to eixo control totals (drenagem R$10.3bn/174; encostas >R$1.4bn/102; total R$11.7bn/235mun/26UF).
B-novopac2025-294,B,Novo PAC 2025 — Prevenção a Desastres (drenagem),drainage,Sudeste,SP,Marilia,false,grant,Novo PAC 2025 drenagem — Municipio De Marilia,Municipio De Marilia,municipio,42584825.1,BRL,,OGU (Ministério das Cidades),2025,2025-09,selected,true,https://www.gov.br/cidades/pt-br/acesso-a-informacao/acoes-e-programas/pac/selecoes-novo-pac/relacao-de-propostas/selecao-do-novo-pac-contencao-de-encostas-e-drenagem,MCidades — Seleção Novo PAC Contenção de Encostas e Drenagem (relação de propostas habilitadas),[drenagem/OGU] proposta 56000001033/2025. Reconciled to eixo control totals (drenagem R$10.3bn/174; encostas >R$1.4bn/102; total R$11.7bn/235mun/26UF).
B-novopac2025-295,B,Novo PAC 2025 — Prevenção a Desastres (drenagem),drainage,Sudeste,SP,Osasco,false,grant,Novo PAC 2025 drenagem — Municipio De Osasco,Municipio De Osasco,municipio,49770353.13,BRL,,OGU (Ministério das Cidades),2025,2025-09,selected,true,https://www.gov.br/cidades/pt-br/acesso-a-informacao/acoes-e-programas/pac/selecoes-novo-pac/relacao-de-propostas/selecao-do-novo-pac-contencao-de-encostas-e-drenagem,MCidades — Seleção Novo PAC Contenção de Encostas e Drenagem (relação de propostas habilitadas),[drenagem/OGU] proposta 56000002099/2025. Reconciled to eixo control totals (drenagem R$10.3bn/174; encostas >R$1.4bn/102; total R$11.7bn/235mun/26UF).
B-novopac2025-296,B,Novo PAC 2025 — Prevenção a Desastres (drenagem),drainage,Sudeste,SP,Pirapora Do Bom Jesus,false,grant,Novo PAC 2025 drenagem — Municipio De Pirapora Do Bom Jesus,Municipio De Pirapora Do Bom Jesus,municipio,20000000.0,BRL,,OGU (Ministério das Cidades),2025,2025-09,selected,true,https://www.gov.br/cidades/pt-br/acesso-a-informacao/acoes-e-programas/pac/selecoes-novo-pac/relacao-de-propostas/selecao-do-novo-pac-contencao-de-encostas-e-drenagem,MCidades — Seleção Novo PAC Contenção de Encostas e Drenagem (relação de propostas habilitadas),[drenagem/OGU] proposta 56000002289/2025. Reconciled to eixo control totals (drenagem R$10.3bn/174; encostas >R$1.4bn/102; total R$11.7bn/235mun/26UF).
B-novopac2025-297,B,Novo PAC 2025 — Prevenção a Desastres (drenagem),drainage,Sudeste,SP,Sao Carlos,false,grant,Novo PAC 2025 drenagem — Municipio De Sao Carlos,Municipio De Sao Carlos,municipio,10225198.74,BRL,,OGU (Ministério das Cidades),2025,2025-09,selected,true,https://www.gov.br/cidades/pt-br/acesso-a-informacao/acoes-e-programas/pac/selecoes-novo-pac/relacao-de-propostas/selecao-do-novo-pac-contencao-de-encostas-e-drenagem,MCidades — Seleção Novo PAC Contenção de Encostas e Drenagem (relação de propostas habilitadas),[drenagem/OGU] proposta 56000001439/2025. Reconciled to eixo control totals (drenagem R$10.3bn/174; encostas >R$1.4bn/102; total R$11.7bn/235mun/26UF).
B-novopac2025-298,B,Novo PAC 2025 — Prevenção a Desastres (drenagem),drainage,Norte,TO,Araguaina,true,grant,Novo PAC 2025 drenagem — Municipio De Araguaina,Municipio De Araguaina,municipio,26221896.01,BRL,,OGU (Ministério das Cidades),2025,2025-09,selected,true,https://www.gov.br/cidades/pt-br/acesso-a-informacao/acoes-e-programas/pac/selecoes-novo-pac/relacao-de-propostas/selecao-do-novo-pac-contencao-de-encostas-e-drenagem,MCidades — Seleção Novo PAC Contenção de Encostas e Drenagem (relação de propostas habilitadas),[drenagem/OGU] proposta 56000000406/2025. Reconciled to eixo control totals (drenagem R$10.3bn/174; encostas >R$1.4bn/102; total R$11.7bn/235mun/26UF).
B-novopac2025-299,B,Novo PAC 2025 — Prevenção a Desastres (encostas),slope-containment,Nordeste,CE,Crato,false,loan-domestic,Novo PAC 2025 encostas — Crato,Crato,municipio,32250000.0,BRL,,FGTS/CAIXA (Ministério das Cidades),2025,2025-09,selected,true,https://www.gov.br/cidades/pt-br/acesso-a-informacao/acoes-e-programas/pac/selecoes-novo-pac/relacao-de-propostas/selecao-do-novo-pac-contencao-de-encostas-e-drenagem,MCidades — Seleção Novo PAC Contenção de Encostas e Drenagem (relação de propostas habilitadas),[encostas/FGTS] proposta 56000008208/2025. Reconciled to eixo control totals (drenagem R$10.3bn/174; encostas >R$1.4bn/102; total R$11.7bn/235mun/26UF).
B-novopac2025-300,B,Novo PAC 2025 — Prevenção a Desastres (encostas),slope-containment,Sudeste,ES,Nova Venécia,false,loan-domestic,Novo PAC 2025 encostas — Nova Venécia,Nova Venécia,municipio,1678561.89,BRL,,FGTS/CAIXA (Ministério das Cidades),2025,2025-09,selected,true,https://www.gov.br/cidades/pt-br/acesso-a-informacao/acoes-e-programas/pac/selecoes-novo-pac/relacao-de-propostas/selecao-do-novo-pac-contencao-de-encostas-e-drenagem,MCidades — Seleção Novo PAC Contenção de Encostas e Drenagem (relação de propostas habilitadas),[encostas/FGTS] proposta 56000000751/2025. Reconciled to eixo control totals (drenagem R$10.3bn/174; encostas >R$1.4bn/102; total R$11.7bn/235mun/26UF).
B-novopac2025-301,B,Novo PAC 2025 — Prevenção a Desastres (encostas),slope-containment,Sudeste,MG,Água Boa,false,loan-domestic,Novo PAC 2025 encostas — Água Boa,Água Boa,municipio,9752000.0,BRL,,FGTS/CAIXA (Ministério das Cidades),2025,2025-09,selected,true,https://www.gov.br/cidades/pt-br/acesso-a-informacao/acoes-e-programas/pac/selecoes-novo-pac/relacao-de-propostas/selecao-do-novo-pac-contencao-de-encostas-e-drenagem,MCidades — Seleção Novo PAC Contenção de Encostas e Drenagem (relação de propostas habilitadas),[encostas/FGTS] proposta 56000002515/2025. Reconciled to eixo control totals (drenagem R$10.3bn/174; encostas >R$1.4bn/102; total R$11.7bn/235mun/26UF).
B-novopac2025-302,B,Novo PAC 2025 — Prevenção a Desastres (encostas),slope-containment,Sudeste,MG,Belo Horizonte,false,loan-domestic,Novo PAC 2025 encostas — Belo Horizonte,Belo Horizonte,municipio,10000000.0,BRL,,FGTS/CAIXA (Ministério das Cidades),2025,2025-09,selected,true,https://www.gov.br/cidades/pt-br/acesso-a-informacao/acoes-e-programas/pac/selecoes-novo-pac/relacao-de-propostas/selecao-do-novo-pac-contencao-de-encostas-e-drenagem,MCidades — Seleção Novo PAC Contenção de Encostas e Drenagem (relação de propostas habilitadas),[encostas/FGTS] proposta 56000008220/2025. Reconciled to eixo control totals (drenagem R$10.3bn/174; encostas >R$1.4bn/102; total R$11.7bn/235mun/26UF).
B-novopac2025-303,B,Novo PAC 2025 — Prevenção a Desastres (encostas),slope-containment,Sudeste,SP,Atibaia,false,loan-domestic,Novo PAC 2025 encostas — Atibaia,Atibaia,municipio,7347534.81,BRL,,FGTS/CAIXA (Ministério das Cidades),2025,2025-09,selected,true,https://www.gov.br/cidades/pt-br/acesso-a-informacao/acoes-e-programas/pac/selecoes-novo-pac/relacao-de-propostas/selecao-do-novo-pac-contencao-de-encostas-e-drenagem,MCidades — Seleção Novo PAC Contenção de Encostas e Drenagem (relação de propostas habilitadas),[encostas/FGTS] proposta 56000002003/2025. Reconciled to eixo control totals (drenagem R$10.3bn/174; encostas >R$1.4bn/102; total R$11.7bn/235mun/26UF).
B-novopac2025-304,B,Novo PAC 2025 — Prevenção a Desastres (encostas),slope-containment,Sudeste,SP,Ferraz De Vasconcelos,false,loan-domestic,Novo PAC 2025 encostas — Ferraz De Vasconcelos,Ferraz De Vasconcelos,municipio,38990756.36,BRL,,FGTS/CAIXA (Ministério das Cidades),2025,2025-09,selected,true,https://www.gov.br/cidades/pt-br/acesso-a-informacao/acoes-e-programas/pac/selecoes-novo-pac/relacao-de-propostas/selecao-do-novo-pac-contencao-de-encostas-e-drenagem,MCidades — Seleção Novo PAC Contenção de Encostas e Drenagem (relação de propostas habilitadas),[encostas/FGTS] proposta 56000008204/2025. Reconciled to eixo control totals (drenagem R$10.3bn/174; encostas >R$1.4bn/102; total R$11.7bn/235mun/26UF).
B-novopac2025-305,B,Novo PAC 2025 — Prevenção a Desastres (encostas),slope-containment,Sudeste,SP,São Bernardo Do Campo,false,loan-domestic,Novo PAC 2025 encostas — São Bernardo Do Campo,São Bernardo Do Campo,municipio,61237768.15,BRL,,FGTS/CAIXA (Ministério das Cidades),2025,2025-09,selected,true,https://www.gov.br/cidades/pt-br/acesso-a-informacao/acoes-e-programas/pac/selecoes-novo-pac/relacao-de-propostas/selecao-do-novo-pac-contencao-de-encostas-e-drenagem,MCidades — Seleção Novo PAC Contenção de Encostas e Drenagem (relação de propostas habilitadas),[encostas/FGTS] proposta 56000000356/2025. Reconciled to eixo control totals (drenagem R$10.3bn/174; encostas >R$1.4bn/102; total R$11.7bn/235mun/26UF).
B-novopac2025-306,B,Novo PAC 2025 — Prevenção a Desastres (encostas),slope-containment,Sudeste,SP,São Paulo,false,loan-domestic,Novo PAC 2025 encostas — São Paulo,São Paulo,municipio,37758552.25,BRL,,FGTS/CAIXA (Ministério das Cidades),2025,2025-09,selected,true,https://www.gov.br/cidades/pt-br/acesso-a-informacao/acoes-e-programas/pac/selecoes-novo-pac/relacao-de-propostas/selecao-do-novo-pac-contencao-de-encostas-e-drenagem,MCidades — Seleção Novo PAC Contenção de Encostas e Drenagem (relação de propostas habilitadas),[encostas/FGTS] proposta 56000002347/2025. Reconciled to eixo control totals (drenagem R$10.3bn/174; encostas >R$1.4bn/102; total R$11.7bn/235mun/26UF).
B-novopac2025-307,B,Novo PAC 2025 — Prevenção a Desastres (encostas),slope-containment,Centro-Oeste,GO,Anápolis,false,grant,Novo PAC 2025 encostas — Anápolis,Anápolis,municipio,4050000.0,BRL,,OGU (Ministério das Cidades),2025,2025-09,selected,true,https://www.gov.br/cidades/pt-br/acesso-a-informacao/acoes-e-programas/pac/selecoes-novo-pac/relacao-de-propostas/selecao-do-novo-pac-contencao-de-encostas-e-drenagem,MCidades — Seleção Novo PAC Contenção de Encostas e Drenagem (relação de propostas habilitadas),[encostas/OGU] proposta 56000000994/2025. Reconciled to eixo control totals (drenagem R$10.3bn/174; encostas >R$1.4bn/102; total R$11.7bn/235mun/26UF).
B-novopac2025-308,B,Novo PAC 2025 — Prevenção a Desastres (encostas),slope-containment,Centro-Oeste,MS,Corumbá,false,grant,Novo PAC 2025 encostas — Corumbá,Corumbá,municipio,5000000.0,BRL,,OGU (Ministério das Cidades),2025,2025-09,selected,true,https://www.gov.br/cidades/pt-br/acesso-a-informacao/acoes-e-programas/pac/selecoes-novo-pac/relacao-de-propostas/selecao-do-novo-pac-contencao-de-encostas-e-drenagem,MCidades — Seleção Novo PAC Contenção de Encostas e Drenagem (relação de propostas habilitadas),[encostas/OGU] proposta 56000001172/2025. Reconciled to eixo control totals (drenagem R$10.3bn/174; encostas >R$1.4bn/102; total R$11.7bn/235mun/26UF).
B-novopac2025-309,B,Novo PAC 2025 — Prevenção a Desastres (encostas),slope-containment,Nordeste,AL,Coruripe,false,grant,Novo PAC 2025 encostas — Coruripe,Coruripe,municipio,4044629.7,BRL,,OGU (Ministério das Cidades),2025,2025-09,selected,true,https://www.gov.br/cidades/pt-br/acesso-a-informacao/acoes-e-programas/pac/selecoes-novo-pac/relacao-de-propostas/selecao-do-novo-pac-contencao-de-encostas-e-drenagem,MCidades — Seleção Novo PAC Contenção de Encostas e Drenagem (relação de propostas habilitadas),[encostas/OGU] proposta 56000000221/2025. Reconciled to eixo control totals (drenagem R$10.3bn/174; encostas >R$1.4bn/102; total R$11.7bn/235mun/26UF).
B-novopac2025-310,B,Novo PAC 2025 — Prevenção a Desastres (encostas),slope-containment,Nordeste,AL,Maceió,false,grant,Novo PAC 2025 encostas — Maceió,Maceió,municipio,2695680.0,BRL,,OGU (Ministério das Cidades),2025,2025-09,selected,true,https://www.gov.br/cidades/pt-br/acesso-a-informacao/acoes-e-programas/pac/selecoes-novo-pac/relacao-de-propostas/selecao-do-novo-pac-contencao-de-encostas-e-drenagem,MCidades — Seleção Novo PAC Contenção de Encostas e Drenagem (relação de propostas habilitadas),[encostas/OGU] proposta 56000000778/2025. Reconciled to eixo control totals (drenagem R$10.3bn/174; encostas >R$1.4bn/102; total R$11.7bn/235mun/26UF).
B-novopac2025-311,B,Novo PAC 2025 — Prevenção a Desastres (encostas),slope-containment,Nordeste,AL,Marechal Deodoro,false,grant,Novo PAC 2025 encostas — Marechal Deodoro,Marechal Deodoro,municipio,12000000.0,BRL,,OGU (Ministério das Cidades),2025,2025-09,selected,true,https://www.gov.br/cidades/pt-br/acesso-a-informacao/acoes-e-programas/pac/selecoes-novo-pac/relacao-de-propostas/selecao-do-novo-pac-contencao-de-encostas-e-drenagem,MCidades — Seleção Novo PAC Contenção de Encostas e Drenagem (relação de propostas habilitadas),[encostas/OGU] proposta 56000002287/2025. Reconciled to eixo control totals (drenagem R$10.3bn/174; encostas >R$1.4bn/102; total R$11.7bn/235mun/26UF).
B-novopac2025-312,B,Novo PAC 2025 — Prevenção a Desastres (encostas),slope-containment,Nordeste,BA,Candeias,false,grant,Novo PAC 2025 encostas — Candeias,Candeias,municipio,63528484.45,BRL,,OGU (Ministério das Cidades),2025,2025-09,selected,true,https://www.gov.br/cidades/pt-br/acesso-a-informacao/acoes-e-programas/pac/selecoes-novo-pac/relacao-de-propostas/selecao-do-novo-pac-contencao-de-encostas-e-drenagem,MCidades — Seleção Novo PAC Contenção de Encostas e Drenagem (relação de propostas habilitadas),[encostas/OGU] proposta 56000000361/2025. Reconciled to eixo control totals (drenagem R$10.3bn/174; encostas >R$1.4bn/102; total R$11.7bn/235mun/26UF).
B-novopac2025-313,B,Novo PAC 2025 — Prevenção a Desastres (encostas),slope-containment,Nordeste,BA,Salvador,false,grant,Novo PAC 2025 encostas — Salvador,Salvador,municipio,59251888.43,BRL,,OGU (Ministério das Cidades),2025,2025-09,selected,true,https://www.gov.br/cidades/pt-br/acesso-a-informacao/acoes-e-programas/pac/selecoes-novo-pac/relacao-de-propostas/selecao-do-novo-pac-contencao-de-encostas-e-drenagem,MCidades — Seleção Novo PAC Contenção de Encostas e Drenagem (relação de propostas habilitadas),[encostas/OGU] proposta 56000000359/2025. Reconciled to eixo control totals (drenagem R$10.3bn/174; encostas >R$1.4bn/102; total R$11.7bn/235mun/26UF).
B-novopac2025-314,B,Novo PAC 2025 — Prevenção a Desastres (encostas),slope-containment,Nordeste,BA,Camacan,false,grant,Novo PAC 2025 encostas — Camacan,Camacan,municipio,845926.36,BRL,,OGU (Ministério das Cidades),2025,2025-09,selected,true,https://www.gov.br/cidades/pt-br/acesso-a-informacao/acoes-e-programas/pac/selecoes-novo-pac/relacao-de-propostas/selecao-do-novo-pac-contencao-de-encostas-e-drenagem,MCidades — Seleção Novo PAC Contenção de Encostas e Drenagem (relação de propostas habilitadas),[encostas/OGU] proposta 56000001135/2025. Reconciled to eixo control totals (drenagem R$10.3bn/174; encostas >R$1.4bn/102; total R$11.7bn/235mun/26UF).
B-novopac2025-315,B,Novo PAC 2025 — Prevenção a Desastres (encostas),slope-containment,Nordeste,BA,Camaçari,false,grant,Novo PAC 2025 encostas — Camaçari,Camaçari,municipio,15314992.6,BRL,,OGU (Ministério das Cidades),2025,2025-09,selected,true,https://www.gov.br/cidades/pt-br/acesso-a-informacao/acoes-e-programas/pac/selecoes-novo-pac/relacao-de-propostas/selecao-do-novo-pac-contencao-de-encostas-e-drenagem,MCidades — Seleção Novo PAC Contenção de Encostas e Drenagem (relação de propostas habilitadas),[encostas/OGU] proposta 56000001679/2025. Reconciled to eixo control totals (drenagem R$10.3bn/174; encostas >R$1.4bn/102; total R$11.7bn/235mun/26UF).
B-novopac2025-316,B,Novo PAC 2025 — Prevenção a Desastres (encostas),slope-containment,Nordeste,BA,Gandu,false,grant,Novo PAC 2025 encostas — Gandu,Gandu,municipio,8628321.07,BRL,,OGU (Ministério das Cidades),2025,2025-09,selected,true,https://www.gov.br/cidades/pt-br/acesso-a-informacao/acoes-e-programas/pac/selecoes-novo-pac/relacao-de-propostas/selecao-do-novo-pac-contencao-de-encostas-e-drenagem,MCidades — Seleção Novo PAC Contenção de Encostas e Drenagem (relação de propostas habilitadas),[encostas/OGU] proposta 56000000377/2025. Reconciled to eixo control totals (drenagem R$10.3bn/174; encostas >R$1.4bn/102; total R$11.7bn/235mun/26UF).
B-novopac2025-317,B,Novo PAC 2025 — Prevenção a Desastres (encostas),slope-containment,Nordeste,BA,Ibicaraí,false,grant,Novo PAC 2025 encostas — Ibicaraí,Ibicaraí,municipio,563340.28,BRL,,OGU (Ministério das Cidades),2025,2025-09,selected,true,https://www.gov.br/cidades/pt-br/acesso-a-informacao/acoes-e-programas/pac/selecoes-novo-pac/relacao-de-propostas/selecao-do-novo-pac-contencao-de-encostas-e-drenagem,MCidades — Seleção Novo PAC Contenção de Encostas e Drenagem (relação de propostas habilitadas),[encostas/OGU] proposta 56000001873/2025. Reconciled to eixo control totals (drenagem R$10.3bn/174; encostas >R$1.4bn/102; total R$11.7bn/235mun/26UF).
B-novopac2025-318,B,Novo PAC 2025 — Prevenção a Desastres (encostas),slope-containment,Nordeste,BA,Ilhéus,false,grant,Novo PAC 2025 encostas — Ilhéus,Ilhéus,municipio,1435300.0,BRL,,OGU (Ministério das Cidades),2025,2025-09,selected,true,https://www.gov.br/cidades/pt-br/acesso-a-informacao/acoes-e-programas/pac/selecoes-novo-pac/relacao-de-propostas/selecao-do-novo-pac-contencao-de-encostas-e-drenagem,MCidades — Seleção Novo PAC Contenção de Encostas e Drenagem (relação de propostas habilitadas),[encostas/OGU] proposta 56000000607/2025. Reconciled to eixo control totals (drenagem R$10.3bn/174; encostas >R$1.4bn/102; total R$11.7bn/235mun/26UF).
B-novopac2025-319,B,Novo PAC 2025 — Prevenção a Desastres (encostas),slope-containment,Nordeste,BA,Jacobina,false,grant,Novo PAC 2025 encostas — Jacobina,Jacobina,municipio,3374634.01,BRL,,OGU (Ministério das Cidades),2025,2025-09,selected,true,https://www.gov.br/cidades/pt-br/acesso-a-informacao/acoes-e-programas/pac/selecoes-novo-pac/relacao-de-propostas/selecao-do-novo-pac-contencao-de-encostas-e-drenagem,MCidades — Seleção Novo PAC Contenção de Encostas e Drenagem (relação de propostas habilitadas),[encostas/OGU] proposta 56000000410/2025. Reconciled to eixo control totals (drenagem R$10.3bn/174; encostas >R$1.4bn/102; total R$11.7bn/235mun/26UF).
B-novopac2025-320,B,Novo PAC 2025 — Prevenção a Desastres (encostas),slope-containment,Nordeste,BA,Nilo Peçanha,false,grant,Novo PAC 2025 encostas — Nilo Peçanha,Nilo Peçanha,municipio,4000000.0,BRL,,OGU (Ministério das Cidades),2025,2025-09,selected,true,https://www.gov.br/cidades/pt-br/acesso-a-informacao/acoes-e-programas/pac/selecoes-novo-pac/relacao-de-propostas/selecao-do-novo-pac-contencao-de-encostas-e-drenagem,MCidades — Seleção Novo PAC Contenção de Encostas e Drenagem (relação de propostas habilitadas),[encostas/OGU] proposta 56000001779/2025. Reconciled to eixo control totals (drenagem R$10.3bn/174; encostas >R$1.4bn/102; total R$11.7bn/235mun/26UF).
B-novopac2025-321,B,Novo PAC 2025 — Prevenção a Desastres (encostas),slope-containment,Nordeste,BA,Salvador,false,grant,Novo PAC 2025 encostas — Salvador,Salvador,municipio,46443482.12,BRL,,OGU (Ministério das Cidades),2025,2025-09,selected,true,https://www.gov.br/cidades/pt-br/acesso-a-informacao/acoes-e-programas/pac/selecoes-novo-pac/relacao-de-propostas/selecao-do-novo-pac-contencao-de-encostas-e-drenagem,MCidades — Seleção Novo PAC Contenção de Encostas e Drenagem (relação de propostas habilitadas),[encostas/OGU] proposta 56000001978/2025. Reconciled to eixo control totals (drenagem R$10.3bn/174; encostas >R$1.4bn/102; total R$11.7bn/235mun/26UF).
B-novopac2025-322,B,Novo PAC 2025 — Prevenção a Desastres (encostas),slope-containment,Nordeste,BA,Teolândia,false,grant,Novo PAC 2025 encostas — Teolândia,Teolândia,municipio,576953.0,BRL,,OGU (Ministério das Cidades),2025,2025-09,selected,true,https://www.gov.br/cidades/pt-br/acesso-a-informacao/acoes-e-programas/pac/selecoes-novo-pac/relacao-de-propostas/selecao-do-novo-pac-contencao-de-encostas-e-drenagem,MCidades — Seleção Novo PAC Contenção de Encostas e Drenagem (relação de propostas habilitadas),[encostas/OGU] proposta 56000001731/2025. Reconciled to eixo control totals (drenagem R$10.3bn/174; encostas >R$1.4bn/102; total R$11.7bn/235mun/26UF).
B-novopac2025-323,B,Novo PAC 2025 — Prevenção a Desastres (encostas),slope-containment,Nordeste,CE,Pacoti,false,grant,Novo PAC 2025 encostas — Pacoti,Pacoti,municipio,9236274.12,BRL,,OGU (Ministério das Cidades),2025,2025-09,selected,true,https://www.gov.br/cidades/pt-br/acesso-a-informacao/acoes-e-programas/pac/selecoes-novo-pac/relacao-de-propostas/selecao-do-novo-pac-contencao-de-encostas-e-drenagem,MCidades — Seleção Novo PAC Contenção de Encostas e Drenagem (relação de propostas habilitadas),[encostas/OGU] proposta 56000002182/2025. Reconciled to eixo control totals (drenagem R$10.3bn/174; encostas >R$1.4bn/102; total R$11.7bn/235mun/26UF).
B-novopac2025-324,B,Novo PAC 2025 — Prevenção a Desastres (encostas),slope-containment,Nordeste,CE,Palmácia,false,grant,Novo PAC 2025 encostas — Palmácia,Palmácia,municipio,6322741.94,BRL,,OGU (Ministério das Cidades),2025,2025-09,selected,true,https://www.gov.br/cidades/pt-br/acesso-a-informacao/acoes-e-programas/pac/selecoes-novo-pac/relacao-de-propostas/selecao-do-novo-pac-contencao-de-encostas-e-drenagem,MCidades — Seleção Novo PAC Contenção de Encostas e Drenagem (relação de propostas habilitadas),[encostas/OGU] proposta 56000002092/2025. Reconciled to eixo control totals (drenagem R$10.3bn/174; encostas >R$1.4bn/102; total R$11.7bn/235mun/26UF).
B-novopac2025-325,B,Novo PAC 2025 — Prevenção a Desastres (encostas),slope-containment,Nordeste,MA,Buriticupu,true,grant,Novo PAC 2025 encostas — Buriticupu,Buriticupu,municipio,16797773.73,BRL,,OGU (Ministério das Cidades),2025,2025-09,selected,true,https://www.gov.br/cidades/pt-br/acesso-a-informacao/acoes-e-programas/pac/selecoes-novo-pac/relacao-de-propostas/selecao-do-novo-pac-contencao-de-encostas-e-drenagem,MCidades — Seleção Novo PAC Contenção de Encostas e Drenagem (relação de propostas habilitadas),[encostas/OGU] proposta 56000000637/2025. Reconciled to eixo control totals (drenagem R$10.3bn/174; encostas >R$1.4bn/102; total R$11.7bn/235mun/26UF).
B-novopac2025-326,B,Novo PAC 2025 — Prevenção a Desastres (encostas),slope-containment,Nordeste,MA,São Luís,true,grant,Novo PAC 2025 encostas — São Luís,São Luís,municipio,1695952.35,BRL,,OGU (Ministério das Cidades),2025,2025-09,selected,true,https://www.gov.br/cidades/pt-br/acesso-a-informacao/acoes-e-programas/pac/selecoes-novo-pac/relacao-de-propostas/selecao-do-novo-pac-contencao-de-encostas-e-drenagem,MCidades — Seleção Novo PAC Contenção de Encostas e Drenagem (relação de propostas habilitadas),[encostas/OGU] proposta 56000002034/2025. Reconciled to eixo control totals (drenagem R$10.3bn/174; encostas >R$1.4bn/102; total R$11.7bn/235mun/26UF).
B-novopac2025-327,B,Novo PAC 2025 — Prevenção a Desastres (encostas),slope-containment,Nordeste,PB,João Pessoa,false,grant,Novo PAC 2025 encostas — João Pessoa,João Pessoa,municipio,6331841.15,BRL,,OGU (Ministério das Cidades),2025,2025-09,selected,true,https://www.gov.br/cidades/pt-br/acesso-a-informacao/acoes-e-programas/pac/selecoes-novo-pac/relacao-de-propostas/selecao-do-novo-pac-contencao-de-encostas-e-drenagem,MCidades — Seleção Novo PAC Contenção de Encostas e Drenagem (relação de propostas habilitadas),[encostas/OGU] proposta 56000000784/2025. Reconciled to eixo control totals (drenagem R$10.3bn/174; encostas >R$1.4bn/102; total R$11.7bn/235mun/26UF).
B-novopac2025-328,B,Novo PAC 2025 — Prevenção a Desastres (encostas),slope-containment,Nordeste,PE,Jaboatão Dos Guararapes,false,grant,Novo PAC 2025 encostas — Jaboatão Dos Guararapes,Jaboatão Dos Guararapes,municipio,13635000.0,BRL,,OGU (Ministério das Cidades),2025,2025-09,selected,true,https://www.gov.br/cidades/pt-br/acesso-a-informacao/acoes-e-programas/pac/selecoes-novo-pac/relacao-de-propostas/selecao-do-novo-pac-contencao-de-encostas-e-drenagem,MCidades — Seleção Novo PAC Contenção de Encostas e Drenagem (relação de propostas habilitadas),[encostas/OGU] proposta 56000001037/2025. Reconciled to eixo control totals (drenagem R$10.3bn/174; encostas >R$1.4bn/102; total R$11.7bn/235mun/26UF).
B-novopac2025-329,B,Novo PAC 2025 — Prevenção a Desastres (encostas),slope-containment,Nordeste,PE,Paulista,false,grant,Novo PAC 2025 encostas — Paulista,Paulista,municipio,25587500.0,BRL,,OGU (Ministério das Cidades),2025,2025-09,selected,true,https://www.gov.br/cidades/pt-br/acesso-a-informacao/acoes-e-programas/pac/selecoes-novo-pac/relacao-de-propostas/selecao-do-novo-pac-contencao-de-encostas-e-drenagem,MCidades — Seleção Novo PAC Contenção de Encostas e Drenagem (relação de propostas habilitadas),[encostas/OGU] proposta 56000000759/2025. Reconciled to eixo control totals (drenagem R$10.3bn/174; encostas >R$1.4bn/102; total R$11.7bn/235mun/26UF).
B-novopac2025-330,B,Novo PAC 2025 — Prevenção a Desastres (encostas),slope-containment,Nordeste,PE,Camaragibe,false,grant,Novo PAC 2025 encostas — Camaragibe,Camaragibe,municipio,7421037.72,BRL,,OGU (Ministério das Cidades),2025,2025-09,selected,true,https://www.gov.br/cidades/pt-br/acesso-a-informacao/acoes-e-programas/pac/selecoes-novo-pac/relacao-de-propostas/selecao-do-novo-pac-contencao-de-encostas-e-drenagem,MCidades — Seleção Novo PAC Contenção de Encostas e Drenagem (relação de propostas habilitadas),[encostas/OGU] proposta 56000001129/2025. Reconciled to eixo control totals (drenagem R$10.3bn/174; encostas >R$1.4bn/102; total R$11.7bn/235mun/26UF).
B-novopac2025-331,B,Novo PAC 2025 — Prevenção a Desastres (encostas),slope-containment,Nordeste,PE,Jaboatão Dos Guararapes,false,grant,Novo PAC 2025 encostas — Jaboatão Dos Guararapes,Jaboatão Dos Guararapes,municipio,38344235.71,BRL,,OGU (Ministério das Cidades),2025,2025-09,selected,true,https://www.gov.br/cidades/pt-br/acesso-a-informacao/acoes-e-programas/pac/selecoes-novo-pac/relacao-de-propostas/selecao-do-novo-pac-contencao-de-encostas-e-drenagem,MCidades — Seleção Novo PAC Contenção de Encostas e Drenagem (relação de propostas habilitadas),[encostas/OGU] proposta 56000000740/2025. Reconciled to eixo control totals (drenagem R$10.3bn/174; encostas >R$1.4bn/102; total R$11.7bn/235mun/26UF).
B-novopac2025-332,B,Novo PAC 2025 — Prevenção a Desastres (encostas),slope-containment,Nordeste,PE,Olinda,false,grant,Novo PAC 2025 encostas — Olinda,Olinda,municipio,42153577.37,BRL,,OGU (Ministério das Cidades),2025,2025-09,selected,true,https://www.gov.br/cidades/pt-br/acesso-a-informacao/acoes-e-programas/pac/selecoes-novo-pac/relacao-de-propostas/selecao-do-novo-pac-contencao-de-encostas-e-drenagem,MCidades — Seleção Novo PAC Contenção de Encostas e Drenagem (relação de propostas habilitadas),[encostas/OGU] proposta 56000000959/2025. Reconciled to eixo control totals (drenagem R$10.3bn/174; encostas >R$1.4bn/102; total R$11.7bn/235mun/26UF).
B-novopac2025-333,B,Novo PAC 2025 — Prevenção a Desastres (encostas),slope-containment,Nordeste,PE,Recife,false,grant,Novo PAC 2025 encostas — Recife,Recife,municipio,29602929.43,BRL,,OGU (Ministério das Cidades),2025,2025-09,selected,true,https://www.gov.br/cidades/pt-br/acesso-a-informacao/acoes-e-programas/pac/selecoes-novo-pac/relacao-de-propostas/selecao-do-novo-pac-contencao-de-encostas-e-drenagem,MCidades — Seleção Novo PAC Contenção de Encostas e Drenagem (relação de propostas habilitadas),[encostas/OGU] proposta 56000000537/2025. Reconciled to eixo control totals (drenagem R$10.3bn/174; encostas >R$1.4bn/102; total R$11.7bn/235mun/26UF).
B-novopac2025-334,B,Novo PAC 2025 — Prevenção a Desastres (encostas),slope-containment,Nordeste,PE,Ribeirão,false,grant,Novo PAC 2025 encostas — Ribeirão,Ribeirão,municipio,2400000.0,BRL,,OGU (Ministério das Cidades),2025,2025-09,selected,true,https://www.gov.br/cidades/pt-br/acesso-a-informacao/acoes-e-programas/pac/selecoes-novo-pac/relacao-de-propostas/selecao-do-novo-pac-contencao-de-encostas-e-drenagem,MCidades — Seleção Novo PAC Contenção de Encostas e Drenagem (relação de propostas habilitadas),[encostas/OGU] proposta 56000000667/2025. Reconciled to eixo control totals (drenagem R$10.3bn/174; encostas >R$1.4bn/102; total R$11.7bn/235mun/26UF).
B-novopac2025-335,B,Novo PAC 2025 — Prevenção a Desastres (encostas),slope-containment,Nordeste,PE,São Vicente Ferrer,false,grant,Novo PAC 2025 encostas — São Vicente Ferrer,São Vicente Ferrer,municipio,684450.0,BRL,,OGU (Ministério das Cidades),2025,2025-09,selected,true,https://www.gov.br/cidades/pt-br/acesso-a-informacao/acoes-e-programas/pac/selecoes-novo-pac/relacao-de-propostas/selecao-do-novo-pac-contencao-de-encostas-e-drenagem,MCidades — Seleção Novo PAC Contenção de Encostas e Drenagem (relação de propostas habilitadas),[encostas/OGU] proposta 56000000452/2025. Reconciled to eixo control totals (drenagem R$10.3bn/174; encostas >R$1.4bn/102; total R$11.7bn/235mun/26UF).
B-novopac2025-336,B,Novo PAC 2025 — Prevenção a Desastres (encostas),slope-containment,Nordeste,PI,Picos,false,grant,Novo PAC 2025 encostas — Picos,Picos,municipio,543856.0,BRL,,OGU (Ministério das Cidades),2025,2025-09,selected,true,https://www.gov.br/cidades/pt-br/acesso-a-informacao/acoes-e-programas/pac/selecoes-novo-pac/relacao-de-propostas/selecao-do-novo-pac-contencao-de-encostas-e-drenagem,MCidades — Seleção Novo PAC Contenção de Encostas e Drenagem (relação de propostas habilitadas),[encostas/OGU] proposta 56000002144/2025. Reconciled to eixo control totals (drenagem R$10.3bn/174; encostas >R$1.4bn/102; total R$11.7bn/235mun/26UF).
B-novopac2025-337,B,Novo PAC 2025 — Prevenção a Desastres (encostas),slope-containment,Nordeste,RN,Natal,false,grant,Novo PAC 2025 encostas — Natal,Natal,municipio,34991821.15,BRL,,OGU (Ministério das Cidades),2025,2025-09,selected,true,https://www.gov.br/cidades/pt-br/acesso-a-informacao/acoes-e-programas/pac/selecoes-novo-pac/relacao-de-propostas/selecao-do-novo-pac-contencao-de-encostas-e-drenagem,MCidades — Seleção Novo PAC Contenção de Encostas e Drenagem (relação de propostas habilitadas),[encostas/OGU] proposta 56000000530/2025. Reconciled to eixo control totals (drenagem R$10.3bn/174; encostas >R$1.4bn/102; total R$11.7bn/235mun/26UF).
B-novopac2025-338,B,Novo PAC 2025 — Prevenção a Desastres (encostas),slope-containment,Nordeste,SE,Aracaju,false,grant,Novo PAC 2025 encostas — Aracaju,Aracaju,municipio,4288200.0,BRL,,OGU (Ministério das Cidades),2025,2025-09,selected,true,https://www.gov.br/cidades/pt-br/acesso-a-informacao/acoes-e-programas/pac/selecoes-novo-pac/relacao-de-propostas/selecao-do-novo-pac-contencao-de-encostas-e-drenagem,MCidades — Seleção Novo PAC Contenção de Encostas e Drenagem (relação de propostas habilitadas),[encostas/OGU] proposta 56000000231/2025. Reconciled to eixo control totals (drenagem R$10.3bn/174; encostas >R$1.4bn/102; total R$11.7bn/235mun/26UF).
B-novopac2025-339,B,Novo PAC 2025 — Prevenção a Desastres (encostas),slope-containment,Norte,AM,Manaus,true,grant,Novo PAC 2025 encostas — Manaus,Manaus,municipio,4072331.45,BRL,,OGU (Ministério das Cidades),2025,2025-09,selected,true,https://www.gov.br/cidades/pt-br/acesso-a-informacao/acoes-e-programas/pac/selecoes-novo-pac/relacao-de-propostas/selecao-do-novo-pac-contencao-de-encostas-e-drenagem,MCidades — Seleção Novo PAC Contenção de Encostas e Drenagem (relação de propostas habilitadas),[encostas/OGU] proposta 56000002385/2025. Reconciled to eixo control totals (drenagem R$10.3bn/174; encostas >R$1.4bn/102; total R$11.7bn/235mun/26UF).
B-novopac2025-340,B,Novo PAC 2025 — Prevenção a Desastres (encostas),slope-containment,Norte,AM,Manaus,true,grant,Novo PAC 2025 encostas — Manaus,Manaus,municipio,20600000.0,BRL,,OGU (Ministério das Cidades),2025,2025-09,selected,true,https://www.gov.br/cidades/pt-br/acesso-a-informacao/acoes-e-programas/pac/selecoes-novo-pac/relacao-de-propostas/selecao-do-novo-pac-contencao-de-encostas-e-drenagem,MCidades — Seleção Novo PAC Contenção de Encostas e Drenagem (relação de propostas habilitadas),[encostas/OGU] proposta 56000000645/2025. Reconciled to eixo control totals (drenagem R$10.3bn/174; encostas >R$1.4bn/102; total R$11.7bn/235mun/26UF).
B-novopac2025-341,B,Novo PAC 2025 — Prevenção a Desastres (encostas),slope-containment,Norte,AM,Presidente Figueiredo,true,grant,Novo PAC 2025 encostas — Presidente Figueiredo,Presidente Figueiredo,municipio,2500929.85,BRL,,OGU (Ministério das Cidades),2025,2025-09,selected,true,https://www.gov.br/cidades/pt-br/acesso-a-informacao/acoes-e-programas/pac/selecoes-novo-pac/relacao-de-propostas/selecao-do-novo-pac-contencao-de-encostas-e-drenagem,MCidades — Seleção Novo PAC Contenção de Encostas e Drenagem (relação de propostas habilitadas),[encostas/OGU] proposta 56000001114/2025. Reconciled to eixo control totals (drenagem R$10.3bn/174; encostas >R$1.4bn/102; total R$11.7bn/235mun/26UF).
B-novopac2025-342,B,Novo PAC 2025 — Prevenção a Desastres (encostas),slope-containment,Norte,PA,Almeirim,true,grant,Novo PAC 2025 encostas — Almeirim,Almeirim,municipio,11558081.85,BRL,,OGU (Ministério das Cidades),2025,2025-09,selected,true,https://www.gov.br/cidades/pt-br/acesso-a-informacao/acoes-e-programas/pac/selecoes-novo-pac/relacao-de-propostas/selecao-do-novo-pac-contencao-de-encostas-e-drenagem,MCidades — Seleção Novo PAC Contenção de Encostas e Drenagem (relação de propostas habilitadas),[encostas/OGU] proposta 56000000533/2025. Reconciled to eixo control totals (drenagem R$10.3bn/174; encostas >R$1.4bn/102; total R$11.7bn/235mun/26UF).
B-novopac2025-343,B,Novo PAC 2025 — Prevenção a Desastres (encostas),slope-containment,Norte,PA,Santarém,true,grant,Novo PAC 2025 encostas — Santarém,Santarém,municipio,38000000.0,BRL,,OGU (Ministério das Cidades),2025,2025-09,selected,true,https://www.gov.br/cidades/pt-br/acesso-a-informacao/acoes-e-programas/pac/selecoes-novo-pac/relacao-de-propostas/selecao-do-novo-pac-contencao-de-encostas-e-drenagem,MCidades — Seleção Novo PAC Contenção de Encostas e Drenagem (relação de propostas habilitadas),[encostas/OGU] proposta 56000002232/2025. Reconciled to eixo control totals (drenagem R$10.3bn/174; encostas >R$1.4bn/102; total R$11.7bn/235mun/26UF).
B-novopac2025-344,B,Novo PAC 2025 — Prevenção a Desastres (encostas),slope-containment,Sudeste,ES,Alegre,false,grant,Novo PAC 2025 encostas — Alegre,Alegre,municipio,3553910.18,BRL,,OGU (Ministério das Cidades),2025,2025-09,selected,true,https://www.gov.br/cidades/pt-br/acesso-a-informacao/acoes-e-programas/pac/selecoes-novo-pac/relacao-de-propostas/selecao-do-novo-pac-contencao-de-encostas-e-drenagem,MCidades — Seleção Novo PAC Contenção de Encostas e Drenagem (relação de propostas habilitadas),[encostas/OGU] proposta 56000001722/2025. Reconciled to eixo control totals (drenagem R$10.3bn/174; encostas >R$1.4bn/102; total R$11.7bn/235mun/26UF).
B-novopac2025-345,B,Novo PAC 2025 — Prevenção a Desastres (encostas),slope-containment,Sudeste,ES,Cachoeiro De Itapemirim,false,grant,Novo PAC 2025 encostas — Cachoeiro De Itapemirim,Cachoeiro De Itapemirim,municipio,1081365.24,BRL,,OGU (Ministério das Cidades),2025,2025-09,selected,true,https://www.gov.br/cidades/pt-br/acesso-a-informacao/acoes-e-programas/pac/selecoes-novo-pac/relacao-de-propostas/selecao-do-novo-pac-contencao-de-encostas-e-drenagem,MCidades — Seleção Novo PAC Contenção de Encostas e Drenagem (relação de propostas habilitadas),[encostas/OGU] proposta 56000001515/2025. Reconciled to eixo control totals (drenagem R$10.3bn/174; encostas >R$1.4bn/102; total R$11.7bn/235mun/26UF).
B-novopac2025-346,B,Novo PAC 2025 — Prevenção a Desastres (encostas),slope-containment,Sudeste,ES,Cariacica,false,grant,Novo PAC 2025 encostas — Cariacica,Cariacica,municipio,18143766.97,BRL,,OGU (Ministério das Cidades),2025,2025-09,selected,true,https://www.gov.br/cidades/pt-br/acesso-a-informacao/acoes-e-programas/pac/selecoes-novo-pac/relacao-de-propostas/selecao-do-novo-pac-contencao-de-encostas-e-drenagem,MCidades — Seleção Novo PAC Contenção de Encostas e Drenagem (relação de propostas habilitadas),[encostas/OGU] proposta 56000000362/2025. Reconciled to eixo control totals (drenagem R$10.3bn/174; encostas >R$1.4bn/102; total R$11.7bn/235mun/26UF).
B-novopac2025-347,B,Novo PAC 2025 — Prevenção a Desastres (encostas),slope-containment,Sudeste,ES,Nova Venécia,false,grant,Novo PAC 2025 encostas — Nova Venécia,Nova Venécia,municipio,1987096.09,BRL,,OGU (Ministério das Cidades),2025,2025-09,selected,true,https://www.gov.br/cidades/pt-br/acesso-a-informacao/acoes-e-programas/pac/selecoes-novo-pac/relacao-de-propostas/selecao-do-novo-pac-contencao-de-encostas-e-drenagem,MCidades — Seleção Novo PAC Contenção de Encostas e Drenagem (relação de propostas habilitadas),[encostas/OGU] proposta 56000000737/2025. Reconciled to eixo control totals (drenagem R$10.3bn/174; encostas >R$1.4bn/102; total R$11.7bn/235mun/26UF).
B-novopac2025-348,B,Novo PAC 2025 — Prevenção a Desastres (encostas),slope-containment,Sudeste,ES,Santa Leopoldina,false,grant,Novo PAC 2025 encostas — Santa Leopoldina,Santa Leopoldina,municipio,1455000.0,BRL,,OGU (Ministério das Cidades),2025,2025-09,selected,true,https://www.gov.br/cidades/pt-br/acesso-a-informacao/acoes-e-programas/pac/selecoes-novo-pac/relacao-de-propostas/selecao-do-novo-pac-contencao-de-encostas-e-drenagem,MCidades — Seleção Novo PAC Contenção de Encostas e Drenagem (relação de propostas habilitadas),[encostas/OGU] proposta 56000001478/2025. Reconciled to eixo control totals (drenagem R$10.3bn/174; encostas >R$1.4bn/102; total R$11.7bn/235mun/26UF).
B-novopac2025-349,B,Novo PAC 2025 — Prevenção a Desastres (encostas),slope-containment,Sudeste,ES,São Gabriel Da Palha,false,grant,Novo PAC 2025 encostas — São Gabriel Da Palha,São Gabriel Da Palha,municipio,1240929.19,BRL,,OGU (Ministério das Cidades),2025,2025-09,selected,true,https://www.gov.br/cidades/pt-br/acesso-a-informacao/acoes-e-programas/pac/selecoes-novo-pac/relacao-de-propostas/selecao-do-novo-pac-contencao-de-encostas-e-drenagem,MCidades — Seleção Novo PAC Contenção de Encostas e Drenagem (relação de propostas habilitadas),[encostas/OGU] proposta 56000001031/2025. Reconciled to eixo control totals (drenagem R$10.3bn/174; encostas >R$1.4bn/102; total R$11.7bn/235mun/26UF).
B-novopac2025-350,B,Novo PAC 2025 — Prevenção a Desastres (encostas),slope-containment,Sudeste,ES,Serra,false,grant,Novo PAC 2025 encostas — Serra,Serra,municipio,21830363.26,BRL,,OGU (Ministério das Cidades),2025,2025-09,selected,true,https://www.gov.br/cidades/pt-br/acesso-a-informacao/acoes-e-programas/pac/selecoes-novo-pac/relacao-de-propostas/selecao-do-novo-pac-contencao-de-encostas-e-drenagem,MCidades — Seleção Novo PAC Contenção de Encostas e Drenagem (relação de propostas habilitadas),[encostas/OGU] proposta 56000000567/2025. Reconciled to eixo control totals (drenagem R$10.3bn/174; encostas >R$1.4bn/102; total R$11.7bn/235mun/26UF).
B-novopac2025-351,B,Novo PAC 2025 — Prevenção a Desastres (encostas),slope-containment,Sudeste,ES,Viana,false,grant,Novo PAC 2025 encostas — Viana,Viana,municipio,5152690.36,BRL,,OGU (Ministério das Cidades),2025,2025-09,selected,true,https://www.gov.br/cidades/pt-br/acesso-a-informacao/acoes-e-programas/pac/selecoes-novo-pac/relacao-de-propostas/selecao-do-novo-pac-contencao-de-encostas-e-drenagem,MCidades — Seleção Novo PAC Contenção de Encostas e Drenagem (relação de propostas habilitadas),[encostas/OGU] proposta 56000000127/2025. Reconciled to eixo control totals (drenagem R$10.3bn/174; encostas >R$1.4bn/102; total R$11.7bn/235mun/26UF).
B-novopac2025-352,B,Novo PAC 2025 — Prevenção a Desastres (encostas),slope-containment,Sudeste,ES,Vila Velha,false,grant,Novo PAC 2025 encostas — Vila Velha,Vila Velha,municipio,1019120.88,BRL,,OGU (Ministério das Cidades),2025,2025-09,selected,true,https://www.gov.br/cidades/pt-br/acesso-a-informacao/acoes-e-programas/pac/selecoes-novo-pac/relacao-de-propostas/selecao-do-novo-pac-contencao-de-encostas-e-drenagem,MCidades — Seleção Novo PAC Contenção de Encostas e Drenagem (relação de propostas habilitadas),[encostas/OGU] proposta 56000002057/2025. Reconciled to eixo control totals (drenagem R$10.3bn/174; encostas >R$1.4bn/102; total R$11.7bn/235mun/26UF).
B-novopac2025-353,B,Novo PAC 2025 — Prevenção a Desastres (encostas),slope-containment,Sudeste,ES,Vitória,false,grant,Novo PAC 2025 encostas — Vitória,Vitória,municipio,7140800.0,BRL,,OGU (Ministério das Cidades),2025,2025-09,selected,true,https://www.gov.br/cidades/pt-br/acesso-a-informacao/acoes-e-programas/pac/selecoes-novo-pac/relacao-de-propostas/selecao-do-novo-pac-contencao-de-encostas-e-drenagem,MCidades — Seleção Novo PAC Contenção de Encostas e Drenagem (relação de propostas habilitadas),[encostas/OGU] proposta 56000000322/2025. Reconciled to eixo control totals (drenagem R$10.3bn/174; encostas >R$1.4bn/102; total R$11.7bn/235mun/26UF).
B-novopac2025-354,B,Novo PAC 2025 — Prevenção a Desastres (encostas),slope-containment,Sudeste,MG,Além Paraíba,false,grant,Novo PAC 2025 encostas — Além Paraíba,Além Paraíba,municipio,35713571.39,BRL,,OGU (Ministério das Cidades),2025,2025-09,selected,true,https://www.gov.br/cidades/pt-br/acesso-a-informacao/acoes-e-programas/pac/selecoes-novo-pac/relacao-de-propostas/selecao-do-novo-pac-contencao-de-encostas-e-drenagem,MCidades — Seleção Novo PAC Contenção de Encostas e Drenagem (relação de propostas habilitadas),[encostas/OGU] proposta 56000000459/2025. Reconciled to eixo control totals (drenagem R$10.3bn/174; encostas >R$1.4bn/102; total R$11.7bn/235mun/26UF).
B-novopac2025-355,B,Novo PAC 2025 — Prevenção a Desastres (encostas),slope-containment,Sudeste,MG,Belo Horizonte,false,grant,Novo PAC 2025 encostas — Belo Horizonte,Belo Horizonte,municipio,7485839.0,BRL,,OGU (Ministério das Cidades),2025,2025-09,selected,true,https://www.gov.br/cidades/pt-br/acesso-a-informacao/acoes-e-programas/pac/selecoes-novo-pac/relacao-de-propostas/selecao-do-novo-pac-contencao-de-encostas-e-drenagem,MCidades — Seleção Novo PAC Contenção de Encostas e Drenagem (relação de propostas habilitadas),[encostas/OGU] proposta 56000001111/2025. Reconciled to eixo control totals (drenagem R$10.3bn/174; encostas >R$1.4bn/102; total R$11.7bn/235mun/26UF).
B-novopac2025-356,B,Novo PAC 2025 — Prevenção a Desastres (encostas),slope-containment,Sudeste,MG,Contagem,false,grant,Novo PAC 2025 encostas — Contagem,Contagem,municipio,13844569.94,BRL,,OGU (Ministério das Cidades),2025,2025-09,selected,true,https://www.gov.br/cidades/pt-br/acesso-a-informacao/acoes-e-programas/pac/selecoes-novo-pac/relacao-de-propostas/selecao-do-novo-pac-contencao-de-encostas-e-drenagem,MCidades — Seleção Novo PAC Contenção de Encostas e Drenagem (relação de propostas habilitadas),[encostas/OGU] proposta 56000000488/2025. Reconciled to eixo control totals (drenagem R$10.3bn/174; encostas >R$1.4bn/102; total R$11.7bn/235mun/26UF).
B-novopac2025-357,B,Novo PAC 2025 — Prevenção a Desastres (encostas),slope-containment,Sudeste,MG,Governador Valadares,false,grant,Novo PAC 2025 encostas — Governador Valadares,Governador Valadares,municipio,3600000.0,BRL,,OGU (Ministério das Cidades),2025,2025-09,selected,true,https://www.gov.br/cidades/pt-br/acesso-a-informacao/acoes-e-programas/pac/selecoes-novo-pac/relacao-de-propostas/selecao-do-novo-pac-contencao-de-encostas-e-drenagem,MCidades — Seleção Novo PAC Contenção de Encostas e Drenagem (relação de propostas habilitadas),[encostas/OGU] proposta 56000000859/2025. Reconciled to eixo control totals (drenagem R$10.3bn/174; encostas >R$1.4bn/102; total R$11.7bn/235mun/26UF).
B-novopac2025-358,B,Novo PAC 2025 — Prevenção a Desastres (encostas),slope-containment,Sudeste,MG,Juiz De Fora,false,grant,Novo PAC 2025 encostas — Juiz De Fora,Juiz De Fora,municipio,8579208.5,BRL,,OGU (Ministério das Cidades),2025,2025-09,selected,true,https://www.gov.br/cidades/pt-br/acesso-a-informacao/acoes-e-programas/pac/selecoes-novo-pac/relacao-de-propostas/selecao-do-novo-pac-contencao-de-encostas-e-drenagem,MCidades — Seleção Novo PAC Contenção de Encostas e Drenagem (relação de propostas habilitadas),[encostas/OGU] proposta 56000000758/2025. Reconciled to eixo control totals (drenagem R$10.3bn/174; encostas >R$1.4bn/102; total R$11.7bn/235mun/26UF).
B-novopac2025-359,B,Novo PAC 2025 — Prevenção a Desastres (encostas),slope-containment,Sudeste,MG,Muriaé,false,grant,Novo PAC 2025 encostas — Muriaé,Muriaé,municipio,26365149.49,BRL,,OGU (Ministério das Cidades),2025,2025-09,selected,true,https://www.gov.br/cidades/pt-br/acesso-a-informacao/acoes-e-programas/pac/selecoes-novo-pac/relacao-de-propostas/selecao-do-novo-pac-contencao-de-encostas-e-drenagem,MCidades — Seleção Novo PAC Contenção de Encostas e Drenagem (relação de propostas habilitadas),[encostas/OGU] proposta 56000001471/2025. Reconciled to eixo control totals (drenagem R$10.3bn/174; encostas >R$1.4bn/102; total R$11.7bn/235mun/26UF).
B-novopac2025-360,B,Novo PAC 2025 — Prevenção a Desastres (encostas),slope-containment,Sudeste,MG,Sabará,false,grant,Novo PAC 2025 encostas — Sabará,Sabará,municipio,59924148.8,BRL,,OGU (Ministério das Cidades),2025,2025-09,selected,true,https://www.gov.br/cidades/pt-br/acesso-a-informacao/acoes-e-programas/pac/selecoes-novo-pac/relacao-de-propostas/selecao-do-novo-pac-contencao-de-encostas-e-drenagem,MCidades — Seleção Novo PAC Contenção de Encostas e Drenagem (relação de propostas habilitadas),[encostas/OGU] proposta 56000000003/2025. Reconciled to eixo control totals (drenagem R$10.3bn/174; encostas >R$1.4bn/102; total R$11.7bn/235mun/26UF).
B-novopac2025-361,B,Novo PAC 2025 — Prevenção a Desastres (encostas),slope-containment,Sudeste,RJ,Petrópolis,false,grant,Novo PAC 2025 encostas — Petrópolis,Petrópolis,municipio,11042550.45,BRL,,OGU (Ministério das Cidades),2025,2025-09,selected,true,https://www.gov.br/cidades/pt-br/acesso-a-informacao/acoes-e-programas/pac/selecoes-novo-pac/relacao-de-propostas/selecao-do-novo-pac-contencao-de-encostas-e-drenagem,MCidades — Seleção Novo PAC Contenção de Encostas e Drenagem (relação de propostas habilitadas),[encostas/OGU] proposta 56000001110/2025. Reconciled to eixo control totals (drenagem R$10.3bn/174; encostas >R$1.4bn/102; total R$11.7bn/235mun/26UF).
B-novopac2025-362,B,Novo PAC 2025 — Prevenção a Desastres (encostas),slope-containment,Sudeste,RJ,São João Do Meriti,false,grant,Novo PAC 2025 encostas — São João Do Meriti,São João Do Meriti,municipio,5999191.47,BRL,,OGU (Ministério das Cidades),2025,2025-09,selected,true,https://www.gov.br/cidades/pt-br/acesso-a-informacao/acoes-e-programas/pac/selecoes-novo-pac/relacao-de-propostas/selecao-do-novo-pac-contencao-de-encostas-e-drenagem,MCidades — Seleção Novo PAC Contenção de Encostas e Drenagem (relação de propostas habilitadas),[encostas/OGU] proposta 56000000887/2025. Reconciled to eixo control totals (drenagem R$10.3bn/174; encostas >R$1.4bn/102; total R$11.7bn/235mun/26UF).
B-novopac2025-363,B,Novo PAC 2025 — Prevenção a Desastres (encostas),slope-containment,Sudeste,RJ,Angra Dos Reis,false,grant,Novo PAC 2025 encostas — Angra Dos Reis,Angra Dos Reis,municipio,39618023.3,BRL,,OGU (Ministério das Cidades),2025,2025-09,selected,true,https://www.gov.br/cidades/pt-br/acesso-a-informacao/acoes-e-programas/pac/selecoes-novo-pac/relacao-de-propostas/selecao-do-novo-pac-contencao-de-encostas-e-drenagem,MCidades — Seleção Novo PAC Contenção de Encostas e Drenagem (relação de propostas habilitadas),[encostas/OGU] proposta 56000001250/2025. Reconciled to eixo control totals (drenagem R$10.3bn/174; encostas >R$1.4bn/102; total R$11.7bn/235mun/26UF).
B-novopac2025-364,B,Novo PAC 2025 — Prevenção a Desastres (encostas),slope-containment,Sudeste,RJ,Barra Do Piraí,false,grant,Novo PAC 2025 encostas — Barra Do Piraí,Barra Do Piraí,municipio,1419750.0,BRL,,OGU (Ministério das Cidades),2025,2025-09,selected,true,https://www.gov.br/cidades/pt-br/acesso-a-informacao/acoes-e-programas/pac/selecoes-novo-pac/relacao-de-propostas/selecao-do-novo-pac-contencao-de-encostas-e-drenagem,MCidades — Seleção Novo PAC Contenção de Encostas e Drenagem (relação de propostas habilitadas),[encostas/OGU] proposta 56000001790/2025. Reconciled to eixo control totals (drenagem R$10.3bn/174; encostas >R$1.4bn/102; total R$11.7bn/235mun/26UF).
B-novopac2025-365,B,Novo PAC 2025 — Prevenção a Desastres (encostas),slope-containment,Sudeste,RJ,Belford Roxo,false,grant,Novo PAC 2025 encostas — Belford Roxo,Belford Roxo,municipio,11017964.63,BRL,,OGU (Ministério das Cidades),2025,2025-09,selected,true,https://www.gov.br/cidades/pt-br/acesso-a-informacao/acoes-e-programas/pac/selecoes-novo-pac/relacao-de-propostas/selecao-do-novo-pac-contencao-de-encostas-e-drenagem,MCidades — Seleção Novo PAC Contenção de Encostas e Drenagem (relação de propostas habilitadas),[encostas/OGU] proposta 56000000430/2025. Reconciled to eixo control totals (drenagem R$10.3bn/174; encostas >R$1.4bn/102; total R$11.7bn/235mun/26UF).
B-novopac2025-366,B,Novo PAC 2025 — Prevenção a Desastres (encostas),slope-containment,Sudeste,RJ,Niterói,false,grant,Novo PAC 2025 encostas — Niterói,Niterói,municipio,4500000.0,BRL,,OGU (Ministério das Cidades),2025,2025-09,selected,true,https://www.gov.br/cidades/pt-br/acesso-a-informacao/acoes-e-programas/pac/selecoes-novo-pac/relacao-de-propostas/selecao-do-novo-pac-contencao-de-encostas-e-drenagem,MCidades — Seleção Novo PAC Contenção de Encostas e Drenagem (relação de propostas habilitadas),[encostas/OGU] proposta 56000000903/2025. Reconciled to eixo control totals (drenagem R$10.3bn/174; encostas >R$1.4bn/102; total R$11.7bn/235mun/26UF).
B-novopac2025-367,B,Novo PAC 2025 — Prevenção a Desastres (encostas),slope-containment,Sudeste,RJ,Nova Friburgo,false,grant,Novo PAC 2025 encostas — Nova Friburgo,Nova Friburgo,municipio,13302000.0,BRL,,OGU (Ministério das Cidades),2025,2025-09,selected,true,https://www.gov.br/cidades/pt-br/acesso-a-informacao/acoes-e-programas/pac/selecoes-novo-pac/relacao-de-propostas/selecao-do-novo-pac-contencao-de-encostas-e-drenagem,MCidades — Seleção Novo PAC Contenção de Encostas e Drenagem (relação de propostas habilitadas),[encostas/OGU] proposta 56000000981/2025. Reconciled to eixo control totals (drenagem R$10.3bn/174; encostas >R$1.4bn/102; total R$11.7bn/235mun/26UF).
B-novopac2025-368,B,Novo PAC 2025 — Prevenção a Desastres (encostas),slope-containment,Sudeste,RJ,Petrópolis,false,grant,Novo PAC 2025 encostas — Petrópolis,Petrópolis,municipio,13765885.55,BRL,,OGU (Ministério das Cidades),2025,2025-09,selected,true,https://www.gov.br/cidades/pt-br/acesso-a-informacao/acoes-e-programas/pac/selecoes-novo-pac/relacao-de-propostas/selecao-do-novo-pac-contencao-de-encostas-e-drenagem,MCidades — Seleção Novo PAC Contenção de Encostas e Drenagem (relação de propostas habilitadas),[encostas/OGU] proposta 56000001220/2025. Reconciled to eixo control totals (drenagem R$10.3bn/174; encostas >R$1.4bn/102; total R$11.7bn/235mun/26UF).
B-novopac2025-369,B,Novo PAC 2025 — Prevenção a Desastres (encostas),slope-containment,Sudeste,RJ,Piraí,false,grant,Novo PAC 2025 encostas — Piraí,Piraí,municipio,14743837.78,BRL,,OGU (Ministério das Cidades),2025,2025-09,selected,true,https://www.gov.br/cidades/pt-br/acesso-a-informacao/acoes-e-programas/pac/selecoes-novo-pac/relacao-de-propostas/selecao-do-novo-pac-contencao-de-encostas-e-drenagem,MCidades — Seleção Novo PAC Contenção de Encostas e Drenagem (relação de propostas habilitadas),[encostas/OGU] proposta 56000001874/2025. Reconciled to eixo control totals (drenagem R$10.3bn/174; encostas >R$1.4bn/102; total R$11.7bn/235mun/26UF).
B-novopac2025-370,B,Novo PAC 2025 — Prevenção a Desastres (encostas),slope-containment,Sudeste,RJ,Queimados,false,grant,Novo PAC 2025 encostas — Queimados,Queimados,municipio,1257976.82,BRL,,OGU (Ministério das Cidades),2025,2025-09,selected,true,https://www.gov.br/cidades/pt-br/acesso-a-informacao/acoes-e-programas/pac/selecoes-novo-pac/relacao-de-propostas/selecao-do-novo-pac-contencao-de-encostas-e-drenagem,MCidades — Seleção Novo PAC Contenção de Encostas e Drenagem (relação de propostas habilitadas),[encostas/OGU] proposta 56000000547/2025. Reconciled to eixo control totals (drenagem R$10.3bn/174; encostas >R$1.4bn/102; total R$11.7bn/235mun/26UF).
B-novopac2025-371,B,Novo PAC 2025 — Prevenção a Desastres (encostas),slope-containment,Sudeste,SP,Diadema,false,grant,Novo PAC 2025 encostas — Diadema,Diadema,municipio,9559219.76,BRL,,OGU (Ministério das Cidades),2025,2025-09,selected,true,https://www.gov.br/cidades/pt-br/acesso-a-informacao/acoes-e-programas/pac/selecoes-novo-pac/relacao-de-propostas/selecao-do-novo-pac-contencao-de-encostas-e-drenagem,MCidades — Seleção Novo PAC Contenção de Encostas e Drenagem (relação de propostas habilitadas),[encostas/OGU] proposta 56000000943/2025. Reconciled to eixo control totals (drenagem R$10.3bn/174; encostas >R$1.4bn/102; total R$11.7bn/235mun/26UF).
B-novopac2025-372,B,Novo PAC 2025 — Prevenção a Desastres (encostas),slope-containment,Sudeste,SP,Francisco Morato,false,grant,Novo PAC 2025 encostas — Francisco Morato,Francisco Morato,municipio,7484165.68,BRL,,OGU (Ministério das Cidades),2025,2025-09,selected,true,https://www.gov.br/cidades/pt-br/acesso-a-informacao/acoes-e-programas/pac/selecoes-novo-pac/relacao-de-propostas/selecao-do-novo-pac-contencao-de-encostas-e-drenagem,MCidades — Seleção Novo PAC Contenção de Encostas e Drenagem (relação de propostas habilitadas),[encostas/OGU] proposta 56000001623/2025. Reconciled to eixo control totals (drenagem R$10.3bn/174; encostas >R$1.4bn/102; total R$11.7bn/235mun/26UF).
B-novopac2025-373,B,Novo PAC 2025 — Prevenção a Desastres (encostas),slope-containment,Sudeste,SP,Franco Da Rocha,false,grant,Novo PAC 2025 encostas — Franco Da Rocha,Franco Da Rocha,municipio,1321009.83,BRL,,OGU (Ministério das Cidades),2025,2025-09,selected,true,https://www.gov.br/cidades/pt-br/acesso-a-informacao/acoes-e-programas/pac/selecoes-novo-pac/relacao-de-propostas/selecao-do-novo-pac-contencao-de-encostas-e-drenagem,MCidades — Seleção Novo PAC Contenção de Encostas e Drenagem (relação de propostas habilitadas),[encostas/OGU] proposta 56000000924/2025. Reconciled to eixo control totals (drenagem R$10.3bn/174; encostas >R$1.4bn/102; total R$11.7bn/235mun/26UF).
B-novopac2025-374,B,Novo PAC 2025 — Prevenção a Desastres (encostas),slope-containment,Sudeste,SP,Guarujá,false,grant,Novo PAC 2025 encostas — Guarujá,Guarujá,municipio,33867443.89,BRL,,OGU (Ministério das Cidades),2025,2025-09,selected,true,https://www.gov.br/cidades/pt-br/acesso-a-informacao/acoes-e-programas/pac/selecoes-novo-pac/relacao-de-propostas/selecao-do-novo-pac-contencao-de-encostas-e-drenagem,MCidades — Seleção Novo PAC Contenção de Encostas e Drenagem (relação de propostas habilitadas),[encostas/OGU] proposta 56000001363/2025. Reconciled to eixo control totals (drenagem R$10.3bn/174; encostas >R$1.4bn/102; total R$11.7bn/235mun/26UF).
B-novopac2025-375,B,Novo PAC 2025 — Prevenção a Desastres (encostas),slope-containment,Sudeste,SP,Guarulhos,false,grant,Novo PAC 2025 encostas — Guarulhos,Guarulhos,municipio,21105000.0,BRL,,OGU (Ministério das Cidades),2025,2025-09,selected,true,https://www.gov.br/cidades/pt-br/acesso-a-informacao/acoes-e-programas/pac/selecoes-novo-pac/relacao-de-propostas/selecao-do-novo-pac-contencao-de-encostas-e-drenagem,MCidades — Seleção Novo PAC Contenção de Encostas e Drenagem (relação de propostas habilitadas),[encostas/OGU] proposta 56000000532/2025. Reconciled to eixo control totals (drenagem R$10.3bn/174; encostas >R$1.4bn/102; total R$11.7bn/235mun/26UF).
B-novopac2025-376,B,Novo PAC 2025 — Prevenção a Desastres (encostas),slope-containment,Sudeste,SP,Itapecerica Da Serra,false,grant,Novo PAC 2025 encostas — Itapecerica Da Serra,Itapecerica Da Serra,municipio,2976667.81,BRL,,OGU (Ministério das Cidades),2025,2025-09,selected,true,https://www.gov.br/cidades/pt-br/acesso-a-informacao/acoes-e-programas/pac/selecoes-novo-pac/relacao-de-propostas/selecao-do-novo-pac-contencao-de-encostas-e-drenagem,MCidades — Seleção Novo PAC Contenção de Encostas e Drenagem (relação de propostas habilitadas),[encostas/OGU] proposta 56000000535/2025. Reconciled to eixo control totals (drenagem R$10.3bn/174; encostas >R$1.4bn/102; total R$11.7bn/235mun/26UF).
B-novopac2025-377,B,Novo PAC 2025 — Prevenção a Desastres (encostas),slope-containment,Sudeste,SP,Itapevi,false,grant,Novo PAC 2025 encostas — Itapevi,Itapevi,municipio,23011958.88,BRL,,OGU (Ministério das Cidades),2025,2025-09,selected,true,https://www.gov.br/cidades/pt-br/acesso-a-informacao/acoes-e-programas/pac/selecoes-novo-pac/relacao-de-propostas/selecao-do-novo-pac-contencao-de-encostas-e-drenagem,MCidades — Seleção Novo PAC Contenção de Encostas e Drenagem (relação de propostas habilitadas),[encostas/OGU] proposta 56000001384/2025. Reconciled to eixo control totals (drenagem R$10.3bn/174; encostas >R$1.4bn/102; total R$11.7bn/235mun/26UF).
B-novopac2025-378,B,Novo PAC 2025 — Prevenção a Desastres (encostas),slope-containment,Sudeste,SP,Itaquaquecetuba,false,grant,Novo PAC 2025 encostas — Itaquaquecetuba,Itaquaquecetuba,municipio,3494145.13,BRL,,OGU (Ministério das Cidades),2025,2025-09,selected,true,https://www.gov.br/cidades/pt-br/acesso-a-informacao/acoes-e-programas/pac/selecoes-novo-pac/relacao-de-propostas/selecao-do-novo-pac-contencao-de-encostas-e-drenagem,MCidades — Seleção Novo PAC Contenção de Encostas e Drenagem (relação de propostas habilitadas),[encostas/OGU] proposta 56000001447/2025. Reconciled to eixo control totals (drenagem R$10.3bn/174; encostas >R$1.4bn/102; total R$11.7bn/235mun/26UF).
B-novopac2025-379,B,Novo PAC 2025 — Prevenção a Desastres (encostas),slope-containment,Sudeste,SP,Jundiaí,false,grant,Novo PAC 2025 encostas — Jundiaí,Jundiaí,municipio,16035757.19,BRL,,OGU (Ministério das Cidades),2025,2025-09,selected,true,https://www.gov.br/cidades/pt-br/acesso-a-informacao/acoes-e-programas/pac/selecoes-novo-pac/relacao-de-propostas/selecao-do-novo-pac-contencao-de-encostas-e-drenagem,MCidades — Seleção Novo PAC Contenção de Encostas e Drenagem (relação de propostas habilitadas),[encostas/OGU] proposta 56000000701/2025. Reconciled to eixo control totals (drenagem R$10.3bn/174; encostas >R$1.4bn/102; total R$11.7bn/235mun/26UF).
B-novopac2025-380,B,Novo PAC 2025 — Prevenção a Desastres (encostas),slope-containment,Sudeste,SP,Mauá,false,grant,Novo PAC 2025 encostas — Mauá,Mauá,municipio,21581556.78,BRL,,OGU (Ministério das Cidades),2025,2025-09,selected,true,https://www.gov.br/cidades/pt-br/acesso-a-informacao/acoes-e-programas/pac/selecoes-novo-pac/relacao-de-propostas/selecao-do-novo-pac-contencao-de-encostas-e-drenagem,MCidades — Seleção Novo PAC Contenção de Encostas e Drenagem (relação de propostas habilitadas),[encostas/OGU] proposta 56000001074/2025. Reconciled to eixo control totals (drenagem R$10.3bn/174; encostas >R$1.4bn/102; total R$11.7bn/235mun/26UF).
B-novopac2025-381,B,Novo PAC 2025 — Prevenção a Desastres (encostas),slope-containment,Sudeste,SP,Pedreira,false,grant,Novo PAC 2025 encostas — Pedreira,Pedreira,municipio,4417493.6,BRL,,OGU (Ministério das Cidades),2025,2025-09,selected,true,https://www.gov.br/cidades/pt-br/acesso-a-informacao/acoes-e-programas/pac/selecoes-novo-pac/relacao-de-propostas/selecao-do-novo-pac-contencao-de-encostas-e-drenagem,MCidades — Seleção Novo PAC Contenção de Encostas e Drenagem (relação de propostas habilitadas),[encostas/OGU] proposta 56000000650/2025. Reconciled to eixo control totals (drenagem R$10.3bn/174; encostas >R$1.4bn/102; total R$11.7bn/235mun/26UF).
B-novopac2025-382,B,Novo PAC 2025 — Prevenção a Desastres (encostas),slope-containment,Sudeste,SP,Santo André,false,grant,Novo PAC 2025 encostas — Santo André,Santo André,municipio,16427840.0,BRL,,OGU (Ministério das Cidades),2025,2025-09,selected,true,https://www.gov.br/cidades/pt-br/acesso-a-informacao/acoes-e-programas/pac/selecoes-novo-pac/relacao-de-propostas/selecao-do-novo-pac-contencao-de-encostas-e-drenagem,MCidades — Seleção Novo PAC Contenção de Encostas e Drenagem (relação de propostas habilitadas),[encostas/OGU] proposta 56000001519/2025. Reconciled to eixo control totals (drenagem R$10.3bn/174; encostas >R$1.4bn/102; total R$11.7bn/235mun/26UF).
B-novopac2025-383,B,Novo PAC 2025 — Prevenção a Desastres (encostas),slope-containment,Sudeste,SP,Santos,false,grant,Novo PAC 2025 encostas — Santos,Santos,municipio,18135164.82,BRL,,OGU (Ministério das Cidades),2025,2025-09,selected,true,https://www.gov.br/cidades/pt-br/acesso-a-informacao/acoes-e-programas/pac/selecoes-novo-pac/relacao-de-propostas/selecao-do-novo-pac-contencao-de-encostas-e-drenagem,MCidades — Seleção Novo PAC Contenção de Encostas e Drenagem (relação de propostas habilitadas),[encostas/OGU] proposta 56000001584/2025. Reconciled to eixo control totals (drenagem R$10.3bn/174; encostas >R$1.4bn/102; total R$11.7bn/235mun/26UF).
B-novopac2025-384,B,Novo PAC 2025 — Prevenção a Desastres (encostas),slope-containment,Sudeste,SP,São Bernardo Do Campo,false,grant,Novo PAC 2025 encostas — São Bernardo Do Campo,São Bernardo Do Campo,municipio,17025937.55,BRL,,OGU (Ministério das Cidades),2025,2025-09,selected,true,https://www.gov.br/cidades/pt-br/acesso-a-informacao/acoes-e-programas/pac/selecoes-novo-pac/relacao-de-propostas/selecao-do-novo-pac-contencao-de-encostas-e-drenagem,MCidades — Seleção Novo PAC Contenção de Encostas e Drenagem (relação de propostas habilitadas),[encostas/OGU] proposta 56000000300/2025. Reconciled to eixo control totals (drenagem R$10.3bn/174; encostas >R$1.4bn/102; total R$11.7bn/235mun/26UF).
B-novopac2025-385,B,Novo PAC 2025 — Prevenção a Desastres (encostas),slope-containment,Sudeste,SP,São José Dos Campos,false,grant,Novo PAC 2025 encostas — São José Dos Campos,São José Dos Campos,municipio,2643244.27,BRL,,OGU (Ministério das Cidades),2025,2025-09,selected,true,https://www.gov.br/cidades/pt-br/acesso-a-informacao/acoes-e-programas/pac/selecoes-novo-pac/relacao-de-propostas/selecao-do-novo-pac-contencao-de-encostas-e-drenagem,MCidades — Seleção Novo PAC Contenção de Encostas e Drenagem (relação de propostas habilitadas),[encostas/OGU] proposta 56000002294/2025. Reconciled to eixo control totals (drenagem R$10.3bn/174; encostas >R$1.4bn/102; total R$11.7bn/235mun/26UF).
B-novopac2025-386,B,Novo PAC 2025 — Prevenção a Desastres (encostas),slope-containment,Sudeste,SP,São Paulo,false,grant,Novo PAC 2025 encostas — São Paulo,São Paulo,municipio,49077711.73,BRL,,OGU (Ministério das Cidades),2025,2025-09,selected,true,https://www.gov.br/cidades/pt-br/acesso-a-informacao/acoes-e-programas/pac/selecoes-novo-pac/relacao-de-propostas/selecao-do-novo-pac-contencao-de-encostas-e-drenagem,MCidades — Seleção Novo PAC Contenção de Encostas e Drenagem (relação de propostas habilitadas),[encostas/OGU] proposta 56000001016/2025. Reconciled to eixo control totals (drenagem R$10.3bn/174; encostas >R$1.4bn/102; total R$11.7bn/235mun/26UF).
B-novopac2025-387,B,Novo PAC 2025 — Prevenção a Desastres (encostas),slope-containment,Sudeste,SP,São Sebastião,false,grant,Novo PAC 2025 encostas — São Sebastião,São Sebastião,municipio,8825273.43,BRL,,OGU (Ministério das Cidades),2025,2025-09,selected,true,https://www.gov.br/cidades/pt-br/acesso-a-informacao/acoes-e-programas/pac/selecoes-novo-pac/relacao-de-propostas/selecao-do-novo-pac-contencao-de-encostas-e-drenagem,MCidades — Seleção Novo PAC Contenção de Encostas e Drenagem (relação de propostas habilitadas),[encostas/OGU] proposta 56000001424/2025. Reconciled to eixo control totals (drenagem R$10.3bn/174; encostas >R$1.4bn/102; total R$11.7bn/235mun/26UF).
B-novopac2025-388,B,Novo PAC 2025 — Prevenção a Desastres (encostas),slope-containment,Sul,PR,Colombo,false,grant,Novo PAC 2025 encostas — Colombo,Colombo,municipio,5349510.37,BRL,,OGU (Ministério das Cidades),2025,2025-09,selected,true,https://www.gov.br/cidades/pt-br/acesso-a-informacao/acoes-e-programas/pac/selecoes-novo-pac/relacao-de-propostas/selecao-do-novo-pac-contencao-de-encostas-e-drenagem,MCidades — Seleção Novo PAC Contenção de Encostas e Drenagem (relação de propostas habilitadas),[encostas/OGU] proposta 56000001575/2025. Reconciled to eixo control totals (drenagem R$10.3bn/174; encostas >R$1.4bn/102; total R$11.7bn/235mun/26UF).
B-novopac2025-389,B,Novo PAC 2025 — Prevenção a Desastres (encostas),slope-containment,Sul,PR,Rio Branco Do Sul,false,grant,Novo PAC 2025 encostas — Rio Branco Do Sul,Rio Branco Do Sul,municipio,7648331.96,BRL,,OGU (Ministério das Cidades),2025,2025-09,selected,true,https://www.gov.br/cidades/pt-br/acesso-a-informacao/acoes-e-programas/pac/selecoes-novo-pac/relacao-de-propostas/selecao-do-novo-pac-contencao-de-encostas-e-drenagem,MCidades — Seleção Novo PAC Contenção de Encostas e Drenagem (relação de propostas habilitadas),[encostas/OGU] proposta 56000001549/2025. Reconciled to eixo control totals (drenagem R$10.3bn/174; encostas >R$1.4bn/102; total R$11.7bn/235mun/26UF).
B-novopac2025-390,B,Novo PAC 2025 — Prevenção a Desastres (encostas),slope-containment,Sul,RS,Bento Gonçalves,false,grant,Novo PAC 2025 encostas — Bento Gonçalves,Bento Gonçalves,municipio,8662500.0,BRL,,OGU (Ministério das Cidades),2025,2025-09,selected,true,https://www.gov.br/cidades/pt-br/acesso-a-informacao/acoes-e-programas/pac/selecoes-novo-pac/relacao-de-propostas/selecao-do-novo-pac-contencao-de-encostas-e-drenagem,MCidades — Seleção Novo PAC Contenção de Encostas e Drenagem (relação de propostas habilitadas),[encostas/OGU] proposta 56000001244/2025. Reconciled to eixo control totals (drenagem R$10.3bn/174; encostas >R$1.4bn/102; total R$11.7bn/235mun/26UF).
B-novopac2025-391,B,Novo PAC 2025 — Prevenção a Desastres (encostas),slope-containment,Sul,RS,Canela,false,grant,Novo PAC 2025 encostas — Canela,Canela,municipio,1470000.0,BRL,,OGU (Ministério das Cidades),2025,2025-09,selected,true,https://www.gov.br/cidades/pt-br/acesso-a-informacao/acoes-e-programas/pac/selecoes-novo-pac/relacao-de-propostas/selecao-do-novo-pac-contencao-de-encostas-e-drenagem,MCidades — Seleção Novo PAC Contenção de Encostas e Drenagem (relação de propostas habilitadas),[encostas/OGU] proposta 56000001917/2025. Reconciled to eixo control totals (drenagem R$10.3bn/174; encostas >R$1.4bn/102; total R$11.7bn/235mun/26UF).
B-novopac2025-392,B,Novo PAC 2025 — Prevenção a Desastres (encostas),slope-containment,Sul,RS,Caxias Do Sul,false,grant,Novo PAC 2025 encostas — Caxias Do Sul,Caxias Do Sul,municipio,1233478.35,BRL,,OGU (Ministério das Cidades),2025,2025-09,selected,true,https://www.gov.br/cidades/pt-br/acesso-a-informacao/acoes-e-programas/pac/selecoes-novo-pac/relacao-de-propostas/selecao-do-novo-pac-contencao-de-encostas-e-drenagem,MCidades — Seleção Novo PAC Contenção de Encostas e Drenagem (relação de propostas habilitadas),[encostas/OGU] proposta 56000000824/2025. Reconciled to eixo control totals (drenagem R$10.3bn/174; encostas >R$1.4bn/102; total R$11.7bn/235mun/26UF).
B-novopac2025-393,B,Novo PAC 2025 — Prevenção a Desastres (encostas),slope-containment,Sul,RS,Encantado,false,grant,Novo PAC 2025 encostas — Encantado,Encantado,municipio,2125066.98,BRL,,OGU (Ministério das Cidades),2025,2025-09,selected,true,https://www.gov.br/cidades/pt-br/acesso-a-informacao/acoes-e-programas/pac/selecoes-novo-pac/relacao-de-propostas/selecao-do-novo-pac-contencao-de-encostas-e-drenagem,MCidades — Seleção Novo PAC Contenção de Encostas e Drenagem (relação de propostas habilitadas),[encostas/OGU] proposta 56000000366/2025. Reconciled to eixo control totals (drenagem R$10.3bn/174; encostas >R$1.4bn/102; total R$11.7bn/235mun/26UF).
B-novopac2025-394,B,Novo PAC 2025 — Prevenção a Desastres (encostas),slope-containment,Sul,RS,Muçum,false,grant,Novo PAC 2025 encostas — Muçum,Muçum,municipio,12191113.97,BRL,,OGU (Ministério das Cidades),2025,2025-09,selected,true,https://www.gov.br/cidades/pt-br/acesso-a-informacao/acoes-e-programas/pac/selecoes-novo-pac/relacao-de-propostas/selecao-do-novo-pac-contencao-de-encostas-e-drenagem,MCidades — Seleção Novo PAC Contenção de Encostas e Drenagem (relação de propostas habilitadas),[encostas/OGU] proposta 56000001805/2025. Reconciled to eixo control totals (drenagem R$10.3bn/174; encostas >R$1.4bn/102; total R$11.7bn/235mun/26UF).
B-novopac2025-395,B,Novo PAC 2025 — Prevenção a Desastres (encostas),slope-containment,Sul,RS,Três Coroas,false,grant,Novo PAC 2025 encostas — Três Coroas,Três Coroas,municipio,15212273.65,BRL,,OGU (Ministério das Cidades),2025,2025-09,selected,true,https://www.gov.br/cidades/pt-br/acesso-a-informacao/acoes-e-programas/pac/selecoes-novo-pac/relacao-de-propostas/selecao-do-novo-pac-contencao-de-encostas-e-drenagem,MCidades — Seleção Novo PAC Contenção de Encostas e Drenagem (relação de propostas habilitadas),[encostas/OGU] proposta 56000001804/2025. Reconciled to eixo control totals (drenagem R$10.3bn/174; encostas >R$1.4bn/102; total R$11.7bn/235mun/26UF).
B-novopac2025-396,B,Novo PAC 2025 — Prevenção a Desastres (encostas),slope-containment,Sul,SC,Balneário Camboriú,false,grant,Novo PAC 2025 encostas — Balneário Camboriú,Balneário Camboriú,municipio,726411.24,BRL,,OGU (Ministério das Cidades),2025,2025-09,selected,true,https://www.gov.br/cidades/pt-br/acesso-a-informacao/acoes-e-programas/pac/selecoes-novo-pac/relacao-de-propostas/selecao-do-novo-pac-contencao-de-encostas-e-drenagem,MCidades — Seleção Novo PAC Contenção de Encostas e Drenagem (relação de propostas habilitadas),[encostas/OGU] proposta 56000000458/2025. Reconciled to eixo control totals (drenagem R$10.3bn/174; encostas >R$1.4bn/102; total R$11.7bn/235mun/26UF).
B-novopac2025-397,B,Novo PAC 2025 — Prevenção a Desastres (encostas),slope-containment,Sul,SC,Brusque,false,grant,Novo PAC 2025 encostas — Brusque,Brusque,municipio,10213656.6,BRL,,OGU (Ministério das Cidades),2025,2025-09,selected,true,https://www.gov.br/cidades/pt-br/acesso-a-informacao/acoes-e-programas/pac/selecoes-novo-pac/relacao-de-propostas/selecao-do-novo-pac-contencao-de-encostas-e-drenagem,MCidades — Seleção Novo PAC Contenção de Encostas e Drenagem (relação de propostas habilitadas),[encostas/OGU] proposta 56000000238/2025. Reconciled to eixo control totals (drenagem R$10.3bn/174; encostas >R$1.4bn/102; total R$11.7bn/235mun/26UF).
B-novopac2025-398,B,Novo PAC 2025 — Prevenção a Desastres (encostas),slope-containment,Sul,SC,Florianópolis,false,grant,Novo PAC 2025 encostas — Florianópolis,Florianópolis,municipio,17765302.51,BRL,,OGU (Ministério das Cidades),2025,2025-09,selected,true,https://www.gov.br/cidades/pt-br/acesso-a-informacao/acoes-e-programas/pac/selecoes-novo-pac/relacao-de-propostas/selecao-do-novo-pac-contencao-de-encostas-e-drenagem,MCidades — Seleção Novo PAC Contenção de Encostas e Drenagem (relação de propostas habilitadas),[encostas/OGU] proposta 56000001080/2025. Reconciled to eixo control totals (drenagem R$10.3bn/174; encostas >R$1.4bn/102; total R$11.7bn/235mun/26UF).
B-novopac2025-399,B,Novo PAC 2025 — Prevenção a Desastres (encostas),slope-containment,Sul,SC,Joinville,false,grant,Novo PAC 2025 encostas — Joinville,Joinville,municipio,1243481.4,BRL,,OGU (Ministério das Cidades),2025,2025-09,selected,true,https://www.gov.br/cidades/pt-br/acesso-a-informacao/acoes-e-programas/pac/selecoes-novo-pac/relacao-de-propostas/selecao-do-novo-pac-contencao-de-encostas-e-drenagem,MCidades — Seleção Novo PAC Contenção de Encostas e Drenagem (relação de propostas habilitadas),[encostas/OGU] proposta 56000001185/2025. Reconciled to eixo control totals (drenagem R$10.3bn/174; encostas >R$1.4bn/102; total R$11.7bn/235mun/26UF).
B-novopac2025-400,B,Novo PAC 2025 — Prevenção a Desastres (encostas),slope-containment,Sul,SC,São Joaquim,false,grant,Novo PAC 2025 encostas — São Joaquim,São Joaquim,municipio,1142857.14,BRL,,OGU (Ministério das Cidades),2025,2025-09,selected,true,https://www.gov.br/cidades/pt-br/acesso-a-informacao/acoes-e-programas/pac/selecoes-novo-pac/relacao-de-propostas/selecao-do-novo-pac-contencao-de-encostas-e-drenagem,MCidades — Seleção Novo PAC Contenção de Encostas e Drenagem (relação de propostas habilitadas),[encostas/OGU] proposta 56000000628/2025. Reconciled to eixo control totals (drenagem R$10.3bn/174; encostas >R$1.4bn/102; total R$11.7bn/235mun/26UF).
B-novopac2025-401,B,Novo PAC 2025 — Prevenção a Desastres (encostas),slope-containment,Sul,SC,São José,false,grant,Novo PAC 2025 encostas — São José,São José,municipio,8045574.8,BRL,,OGU (Ministério das Cidades),2025,2025-09,selected,true,https://www.gov.br/cidades/pt-br/acesso-a-informacao/acoes-e-programas/pac/selecoes-novo-pac/relacao-de-propostas/selecao-do-novo-pac-contencao-de-encostas-e-drenagem,MCidades — Seleção Novo PAC Contenção de Encostas e Drenagem (relação de propostas habilitadas),[encostas/OGU] proposta 56000001535/2025. Reconciled to eixo control totals (drenagem R$10.3bn/174; encostas >R$1.4bn/102; total R$11.7bn/235mun/26UF).
B-novopac2025-402,B,Novo PAC 2025 — Prevenção a Desastres (drenagem),drainage,Nordeste,BA,,false,loan-domestic,Novo PAC 2025 drenagem — Estado Da Bahia,Estado Da Bahia,estado,67201639.67,BRL,,FGTS/CAIXA (Ministério das Cidades),2025,2025-09,selected,true,https://www.gov.br/cidades/pt-br/acesso-a-informacao/acoes-e-programas/pac/selecoes-novo-pac/relacao-de-propostas/selecao-do-novo-pac-contencao-de-encostas-e-drenagem,MCidades — Seleção Novo PAC Contenção de Encostas e Drenagem (relação de propostas habilitadas),[drenagem/FGTS-fin] proposta 56000001616/2025. Reconciled to eixo control totals (drenagem R$10.3bn/174; encostas >R$1.4bn/102; total R$11.7bn/235mun/26UF).
B-novopac2025-403,B,Novo PAC 2025 — Prevenção a Desastres (drenagem),drainage,Nordeste,BA,,false,loan-domestic,Novo PAC 2025 drenagem — Estado Da Bahia,Estado Da Bahia,estado,125661420.28,BRL,,FGTS/CAIXA (Ministério das Cidades),2025,2025-09,selected,true,https://www.gov.br/cidades/pt-br/acesso-a-informacao/acoes-e-programas/pac/selecoes-novo-pac/relacao-de-propostas/selecao-do-novo-pac-contencao-de-encostas-e-drenagem,MCidades — Seleção Novo PAC Contenção de Encostas e Drenagem (relação de propostas habilitadas),[drenagem/FGTS-fin] proposta 56000001639/2025. Reconciled to eixo control totals (drenagem R$10.3bn/174; encostas >R$1.4bn/102; total R$11.7bn/235mun/26UF).
B-novopac2025-404,B,Novo PAC 2025 — Prevenção a Desastres (drenagem),drainage,Nordeste,BA,Camacari,false,loan-domestic,Novo PAC 2025 drenagem — Municipio De Camacari,Municipio De Camacari,municipio,114709232.76,BRL,,FGTS/CAIXA (Ministério das Cidades),2025,2025-09,selected,true,https://www.gov.br/cidades/pt-br/acesso-a-informacao/acoes-e-programas/pac/selecoes-novo-pac/relacao-de-propostas/selecao-do-novo-pac-contencao-de-encostas-e-drenagem,MCidades — Seleção Novo PAC Contenção de Encostas e Drenagem (relação de propostas habilitadas),[drenagem/FGTS-fin] proposta 56000001300/2025. Reconciled to eixo control totals (drenagem R$10.3bn/174; encostas >R$1.4bn/102; total R$11.7bn/235mun/26UF).
B-novopac2025-405,B,Novo PAC 2025 — Prevenção a Desastres (drenagem),drainage,Nordeste,BA,Medeiros Neto,false,loan-domestic,Novo PAC 2025 drenagem — Municipio De Medeiros Neto,Municipio De Medeiros Neto,municipio,47163000.0,BRL,,FGTS/CAIXA (Ministério das Cidades),2025,2025-09,selected,true,https://www.gov.br/cidades/pt-br/acesso-a-informacao/acoes-e-programas/pac/selecoes-novo-pac/relacao-de-propostas/selecao-do-novo-pac-contencao-de-encostas-e-drenagem,MCidades — Seleção Novo PAC Contenção de Encostas e Drenagem (relação de propostas habilitadas),[drenagem/FGTS-fin] proposta 56000001806/2025. Reconciled to eixo control totals (drenagem R$10.3bn/174; encostas >R$1.4bn/102; total R$11.7bn/235mun/26UF).
B-novopac2025-406,B,Novo PAC 2025 — Prevenção a Desastres (drenagem),drainage,Nordeste,CE,Morrinhos,false,loan-domestic,Novo PAC 2025 drenagem — Municipio De Morrinhos,Municipio De Morrinhos,municipio,10000000.0,BRL,,FGTS/CAIXA (Ministério das Cidades),2025,2025-09,selected,true,https://www.gov.br/cidades/pt-br/acesso-a-informacao/acoes-e-programas/pac/selecoes-novo-pac/relacao-de-propostas/selecao-do-novo-pac-contencao-de-encostas-e-drenagem,MCidades — Seleção Novo PAC Contenção de Encostas e Drenagem (relação de propostas habilitadas),[drenagem/FGTS-fin] proposta 56000001899/2025. Reconciled to eixo control totals (drenagem R$10.3bn/174; encostas >R$1.4bn/102; total R$11.7bn/235mun/26UF).
B-novopac2025-407,B,Novo PAC 2025 — Prevenção a Desastres (drenagem),drainage,Sudeste,ES,,false,loan-domestic,Novo PAC 2025 drenagem — Estado Do Espirito Santo,Estado Do Espirito Santo,estado,55661025.55,BRL,,FGTS/CAIXA (Ministério das Cidades),2025,2025-09,selected,true,https://www.gov.br/cidades/pt-br/acesso-a-informacao/acoes-e-programas/pac/selecoes-novo-pac/relacao-de-propostas/selecao-do-novo-pac-contencao-de-encostas-e-drenagem,MCidades — Seleção Novo PAC Contenção de Encostas e Drenagem (relação de propostas habilitadas),[drenagem/FGTS-fin] proposta 56000002069/2025. Reconciled to eixo control totals (drenagem R$10.3bn/174; encostas >R$1.4bn/102; total R$11.7bn/235mun/26UF).
B-novopac2025-408,B,Novo PAC 2025 — Prevenção a Desastres (drenagem),drainage,Centro-Oeste,GO,Anapolis,false,loan-domestic,Novo PAC 2025 drenagem — Municipio De Anapolis,Municipio De Anapolis,municipio,60000000.0,BRL,,FGTS/CAIXA (Ministério das Cidades),2025,2025-09,selected,true,https://www.gov.br/cidades/pt-br/acesso-a-informacao/acoes-e-programas/pac/selecoes-novo-pac/relacao-de-propostas/selecao-do-novo-pac-contencao-de-encostas-e-drenagem,MCidades — Seleção Novo PAC Contenção de Encostas e Drenagem (relação de propostas habilitadas),[drenagem/FGTS-fin] proposta 56000000991/2025. Reconciled to eixo control totals (drenagem R$10.3bn/174; encostas >R$1.4bn/102; total R$11.7bn/235mun/26UF).
B-novopac2025-409,B,Novo PAC 2025 — Prevenção a Desastres (drenagem),drainage,Centro-Oeste,GO,Goiania,false,loan-domestic,Novo PAC 2025 drenagem — Municipio De Goiania,Municipio De Goiania,municipio,70000000.0,BRL,,FGTS/CAIXA (Ministério das Cidades),2025,2025-09,selected,true,https://www.gov.br/cidades/pt-br/acesso-a-informacao/acoes-e-programas/pac/selecoes-novo-pac/relacao-de-propostas/selecao-do-novo-pac-contencao-de-encostas-e-drenagem,MCidades — Seleção Novo PAC Contenção de Encostas e Drenagem (relação de propostas habilitadas),[drenagem/FGTS-fin] proposta 56000005223/2025. Reconciled to eixo control totals (drenagem R$10.3bn/174; encostas >R$1.4bn/102; total R$11.7bn/235mun/26UF).
B-novopac2025-410,B,Novo PAC 2025 — Prevenção a Desastres (drenagem),drainage,Centro-Oeste,GO,Senador Canedo,false,loan-domestic,Novo PAC 2025 drenagem — Municipio De Senador Canedo,Municipio De Senador Canedo,municipio,17000000.0,BRL,,FGTS/CAIXA (Ministério das Cidades),2025,2025-09,selected,true,https://www.gov.br/cidades/pt-br/acesso-a-informacao/acoes-e-programas/pac/selecoes-novo-pac/relacao-de-propostas/selecao-do-novo-pac-contencao-de-encostas-e-drenagem,MCidades — Seleção Novo PAC Contenção de Encostas e Drenagem (relação de propostas habilitadas),[drenagem/FGTS-fin] proposta 56000001509/2025. Reconciled to eixo control totals (drenagem R$10.3bn/174; encostas >R$1.4bn/102; total R$11.7bn/235mun/26UF).
B-novopac2025-411,B,Novo PAC 2025 — Prevenção a Desastres (drenagem),drainage,Nordeste,MA,Acailandia,true,loan-domestic,Novo PAC 2025 drenagem — Municipio De Acailandia,Municipio De Acailandia,municipio,14000000.0,BRL,,FGTS/CAIXA (Ministério das Cidades),2025,2025-09,selected,true,https://www.gov.br/cidades/pt-br/acesso-a-informacao/acoes-e-programas/pac/selecoes-novo-pac/relacao-de-propostas/selecao-do-novo-pac-contencao-de-encostas-e-drenagem,MCidades — Seleção Novo PAC Contenção de Encostas e Drenagem (relação de propostas habilitadas),[drenagem/FGTS-fin] proposta 56000000108/2025. Reconciled to eixo control totals (drenagem R$10.3bn/174; encostas >R$1.4bn/102; total R$11.7bn/235mun/26UF).
B-novopac2025-412,B,Novo PAC 2025 — Prevenção a Desastres (drenagem),drainage,Nordeste,MA,Bacabal,true,loan-domestic,Novo PAC 2025 drenagem — Municipio De Bacabal,Municipio De Bacabal,municipio,183967796.85,BRL,,FGTS/CAIXA (Ministério das Cidades),2025,2025-09,selected,true,https://www.gov.br/cidades/pt-br/acesso-a-informacao/acoes-e-programas/pac/selecoes-novo-pac/relacao-de-propostas/selecao-do-novo-pac-contencao-de-encostas-e-drenagem,MCidades — Seleção Novo PAC Contenção de Encostas e Drenagem (relação de propostas habilitadas),[drenagem/FGTS-fin] proposta 56000001634/2025. Reconciled to eixo control totals (drenagem R$10.3bn/174; encostas >R$1.4bn/102; total R$11.7bn/235mun/26UF).
B-novopac2025-413,B,Novo PAC 2025 — Prevenção a Desastres (drenagem),drainage,Nordeste,MA,Imperatriz,true,loan-domestic,Novo PAC 2025 drenagem — Municipio De Imperatriz,Municipio De Imperatriz,municipio,128000000.0,BRL,,FGTS/CAIXA (Ministério das Cidades),2025,2025-09,selected,true,https://www.gov.br/cidades/pt-br/acesso-a-informacao/acoes-e-programas/pac/selecoes-novo-pac/relacao-de-propostas/selecao-do-novo-pac-contencao-de-encostas-e-drenagem,MCidades — Seleção Novo PAC Contenção de Encostas e Drenagem (relação de propostas habilitadas),[drenagem/FGTS-fin] proposta 56000000823/2025. Reconciled to eixo control totals (drenagem R$10.3bn/174; encostas >R$1.4bn/102; total R$11.7bn/235mun/26UF).
B-novopac2025-414,B,Novo PAC 2025 — Prevenção a Desastres (drenagem),drainage,Nordeste,MA,Timon,true,loan-domestic,Novo PAC 2025 drenagem — Municipio De Timon,Municipio De Timon,municipio,130000000.0,BRL,,FGTS/CAIXA (Ministério das Cidades),2025,2025-09,selected,true,https://www.gov.br/cidades/pt-br/acesso-a-informacao/acoes-e-programas/pac/selecoes-novo-pac/relacao-de-propostas/selecao-do-novo-pac-contencao-de-encostas-e-drenagem,MCidades — Seleção Novo PAC Contenção de Encostas e Drenagem (relação de propostas habilitadas),[drenagem/FGTS-fin] proposta 56000000015/2025. Reconciled to eixo control totals (drenagem R$10.3bn/174; encostas >R$1.4bn/102; total R$11.7bn/235mun/26UF).
B-novopac2025-415,B,Novo PAC 2025 — Prevenção a Desastres (drenagem),drainage,Sudeste,MG,Araxa,false,loan-domestic,Novo PAC 2025 drenagem — Municipio De Araxa,Municipio De Araxa,municipio,32314699.62,BRL,,FGTS/CAIXA (Ministério das Cidades),2025,2025-09,selected,true,https://www.gov.br/cidades/pt-br/acesso-a-informacao/acoes-e-programas/pac/selecoes-novo-pac/relacao-de-propostas/selecao-do-novo-pac-contencao-de-encostas-e-drenagem,MCidades — Seleção Novo PAC Contenção de Encostas e Drenagem (relação de propostas habilitadas),[drenagem/FGTS-fin] proposta 56000000304/2025. Reconciled to eixo control totals (drenagem R$10.3bn/174; encostas >R$1.4bn/102; total R$11.7bn/235mun/26UF).
B-novopac2025-416,B,Novo PAC 2025 — Prevenção a Desastres (drenagem),drainage,Sudeste,MG,Chacara,false,loan-domestic,Novo PAC 2025 drenagem — Municipio De Chacara,Municipio De Chacara,municipio,10000000.0,BRL,,FGTS/CAIXA (Ministério das Cidades),2025,2025-09,selected,true,https://www.gov.br/cidades/pt-br/acesso-a-informacao/acoes-e-programas/pac/selecoes-novo-pac/relacao-de-propostas/selecao-do-novo-pac-contencao-de-encostas-e-drenagem,MCidades — Seleção Novo PAC Contenção de Encostas e Drenagem (relação de propostas habilitadas),[drenagem/FGTS-fin] proposta 56000000638/2025. Reconciled to eixo control totals (drenagem R$10.3bn/174; encostas >R$1.4bn/102; total R$11.7bn/235mun/26UF).
B-novopac2025-417,B,Novo PAC 2025 — Prevenção a Desastres (drenagem),drainage,Sudeste,MG,Conceicao Dos Ouros,false,loan-domestic,Novo PAC 2025 drenagem — Municipio De Conceicao Dos Ouros,Municipio De Conceicao Dos Ouros,municipio,13036146.82,BRL,,FGTS/CAIXA (Ministério das Cidades),2025,2025-09,selected,true,https://www.gov.br/cidades/pt-br/acesso-a-informacao/acoes-e-programas/pac/selecoes-novo-pac/relacao-de-propostas/selecao-do-novo-pac-contencao-de-encostas-e-drenagem,MCidades — Seleção Novo PAC Contenção de Encostas e Drenagem (relação de propostas habilitadas),[drenagem/FGTS-fin] proposta 56000000978/2025. Reconciled to eixo control totals (drenagem R$10.3bn/174; encostas >R$1.4bn/102; total R$11.7bn/235mun/26UF).
B-novopac2025-418,B,Novo PAC 2025 — Prevenção a Desastres (drenagem),drainage,Sudeste,MG,Contagem,false,loan-domestic,Novo PAC 2025 drenagem — Municipio De Contagem,Municipio De Contagem,municipio,64398473.95,BRL,,FGTS/CAIXA (Ministério das Cidades),2025,2025-09,selected,true,https://www.gov.br/cidades/pt-br/acesso-a-informacao/acoes-e-programas/pac/selecoes-novo-pac/relacao-de-propostas/selecao-do-novo-pac-contencao-de-encostas-e-drenagem,MCidades — Seleção Novo PAC Contenção de Encostas e Drenagem (relação de propostas habilitadas),[drenagem/FGTS-fin] proposta 56000000433/2025. Reconciled to eixo control totals (drenagem R$10.3bn/174; encostas >R$1.4bn/102; total R$11.7bn/235mun/26UF).
B-novopac2025-419,B,Novo PAC 2025 — Prevenção a Desastres (drenagem),drainage,Sudeste,MG,Governador Valadares,false,loan-domestic,Novo PAC 2025 drenagem — Municipio De Governador Valadares,Municipio De Governador Valadares,municipio,15000000.0,BRL,,FGTS/CAIXA (Ministério das Cidades),2025,2025-09,selected,true,https://www.gov.br/cidades/pt-br/acesso-a-informacao/acoes-e-programas/pac/selecoes-novo-pac/relacao-de-propostas/selecao-do-novo-pac-contencao-de-encostas-e-drenagem,MCidades — Seleção Novo PAC Contenção de Encostas e Drenagem (relação de propostas habilitadas),[drenagem/FGTS-fin] proposta 56000000682/2025. Reconciled to eixo control totals (drenagem R$10.3bn/174; encostas >R$1.4bn/102; total R$11.7bn/235mun/26UF).
B-novopac2025-420,B,Novo PAC 2025 — Prevenção a Desastres (drenagem),drainage,Sudeste,MG,Juiz De Fora,false,loan-domestic,Novo PAC 2025 drenagem — Municipio De Juiz De Fora,Municipio De Juiz De Fora,municipio,63330000.0,BRL,,FGTS/CAIXA (Ministério das Cidades),2025,2025-09,selected,true,https://www.gov.br/cidades/pt-br/acesso-a-informacao/acoes-e-programas/pac/selecoes-novo-pac/relacao-de-propostas/selecao-do-novo-pac-contencao-de-encostas-e-drenagem,MCidades — Seleção Novo PAC Contenção de Encostas e Drenagem (relação de propostas habilitadas),[drenagem/FGTS-fin] proposta 56000000794/2025. Reconciled to eixo control totals (drenagem R$10.3bn/174; encostas >R$1.4bn/102; total R$11.7bn/235mun/26UF).
B-novopac2025-421,B,Novo PAC 2025 — Prevenção a Desastres (drenagem),drainage,Sudeste,MG,Pouso Alegre,false,loan-domestic,Novo PAC 2025 drenagem — Municipio De Pouso Alegre,Municipio De Pouso Alegre,municipio,15000000.0,BRL,,FGTS/CAIXA (Ministério das Cidades),2025,2025-09,selected,true,https://www.gov.br/cidades/pt-br/acesso-a-informacao/acoes-e-programas/pac/selecoes-novo-pac/relacao-de-propostas/selecao-do-novo-pac-contencao-de-encostas-e-drenagem,MCidades — Seleção Novo PAC Contenção de Encostas e Drenagem (relação de propostas habilitadas),[drenagem/FGTS-fin] proposta 56000000658/2025. Reconciled to eixo control totals (drenagem R$10.3bn/174; encostas >R$1.4bn/102; total R$11.7bn/235mun/26UF).
B-novopac2025-422,B,Novo PAC 2025 — Prevenção a Desastres (drenagem),drainage,Sudeste,MG,Timoteo,false,loan-domestic,Novo PAC 2025 drenagem — Municipio De Timoteo,Municipio De Timoteo,municipio,31085083.66,BRL,,FGTS/CAIXA (Ministério das Cidades),2025,2025-09,selected,true,https://www.gov.br/cidades/pt-br/acesso-a-informacao/acoes-e-programas/pac/selecoes-novo-pac/relacao-de-propostas/selecao-do-novo-pac-contencao-de-encostas-e-drenagem,MCidades — Seleção Novo PAC Contenção de Encostas e Drenagem (relação de propostas habilitadas),[drenagem/FGTS-fin] proposta 56000000397/2025. Reconciled to eixo control totals (drenagem R$10.3bn/174; encostas >R$1.4bn/102; total R$11.7bn/235mun/26UF).
B-novopac2025-423,B,Novo PAC 2025 — Prevenção a Desastres (drenagem),drainage,Sudeste,MG,Vespasiano,false,loan-domestic,Novo PAC 2025 drenagem — Municipio De Vespasiano,Municipio De Vespasiano,municipio,16028524.03,BRL,,FGTS/CAIXA (Ministério das Cidades),2025,2025-09,selected,true,https://www.gov.br/cidades/pt-br/acesso-a-informacao/acoes-e-programas/pac/selecoes-novo-pac/relacao-de-propostas/selecao-do-novo-pac-contencao-de-encostas-e-drenagem,MCidades — Seleção Novo PAC Contenção de Encostas e Drenagem (relação de propostas habilitadas),[drenagem/FGTS-fin] proposta 56000002062/2025. Reconciled to eixo control totals (drenagem R$10.3bn/174; encostas >R$1.4bn/102; total R$11.7bn/235mun/26UF).
B-novopac2025-424,B,Novo PAC 2025 — Prevenção a Desastres (drenagem),drainage,Centro-Oeste,MS,Bataypora,false,loan-domestic,Novo PAC 2025 drenagem — Municipio De Bataypora,Municipio De Bataypora,municipio,25000000.0,BRL,,FGTS/CAIXA (Ministério das Cidades),2025,2025-09,selected,true,https://www.gov.br/cidades/pt-br/acesso-a-informacao/acoes-e-programas/pac/selecoes-novo-pac/relacao-de-propostas/selecao-do-novo-pac-contencao-de-encostas-e-drenagem,MCidades — Seleção Novo PAC Contenção de Encostas e Drenagem (relação de propostas habilitadas),[drenagem/FGTS-fin] proposta 56000000820/2025. Reconciled to eixo control totals (drenagem R$10.3bn/174; encostas >R$1.4bn/102; total R$11.7bn/235mun/26UF).
B-novopac2025-425,B,Novo PAC 2025 — Prevenção a Desastres (drenagem),drainage,Norte,PA,,true,loan-domestic,Novo PAC 2025 drenagem — Estado Do Para,Estado Do Para,estado,142768786.5,BRL,,FGTS/CAIXA (Ministério das Cidades),2025,2025-09,selected,true,https://www.gov.br/cidades/pt-br/acesso-a-informacao/acoes-e-programas/pac/selecoes-novo-pac/relacao-de-propostas/selecao-do-novo-pac-contencao-de-encostas-e-drenagem,MCidades — Seleção Novo PAC Contenção de Encostas e Drenagem (relação de propostas habilitadas),[drenagem/FGTS-fin] proposta 56000000902/2025. Reconciled to eixo control totals (drenagem R$10.3bn/174; encostas >R$1.4bn/102; total R$11.7bn/235mun/26UF).
B-novopac2025-426,B,Novo PAC 2025 — Prevenção a Desastres (drenagem),drainage,Norte,PA,Ananindeua,true,loan-domestic,Novo PAC 2025 drenagem — Municipio De Ananindeua,Municipio De Ananindeua,municipio,71219068.3,BRL,,FGTS/CAIXA (Ministério das Cidades),2025,2025-09,selected,true,https://www.gov.br/cidades/pt-br/acesso-a-informacao/acoes-e-programas/pac/selecoes-novo-pac/relacao-de-propostas/selecao-do-novo-pac-contencao-de-encostas-e-drenagem,MCidades — Seleção Novo PAC Contenção de Encostas e Drenagem (relação de propostas habilitadas),[drenagem/FGTS-fin] proposta 56000001791/2025. Reconciled to eixo control totals (drenagem R$10.3bn/174; encostas >R$1.4bn/102; total R$11.7bn/235mun/26UF).
B-novopac2025-427,B,Novo PAC 2025 — Prevenção a Desastres (drenagem),drainage,Norte,PA,Barcarena,true,loan-domestic,Novo PAC 2025 drenagem — Municipio De Barcarena,Municipio De Barcarena,municipio,13397793.95,BRL,,FGTS/CAIXA (Ministério das Cidades),2025,2025-09,selected,true,https://www.gov.br/cidades/pt-br/acesso-a-informacao/acoes-e-programas/pac/selecoes-novo-pac/relacao-de-propostas/selecao-do-novo-pac-contencao-de-encostas-e-drenagem,MCidades — Seleção Novo PAC Contenção de Encostas e Drenagem (relação de propostas habilitadas),[drenagem/FGTS-fin] proposta 56000001526/2025. Reconciled to eixo control totals (drenagem R$10.3bn/174; encostas >R$1.4bn/102; total R$11.7bn/235mun/26UF).
B-novopac2025-428,B,Novo PAC 2025 — Prevenção a Desastres (drenagem),drainage,Norte,PA,Belem,true,loan-domestic,Novo PAC 2025 drenagem — Municipio De Belem,Municipio De Belem,municipio,107561183.24,BRL,,FGTS/CAIXA (Ministério das Cidades),2025,2025-09,selected,true,https://www.gov.br/cidades/pt-br/acesso-a-informacao/acoes-e-programas/pac/selecoes-novo-pac/relacao-de-propostas/selecao-do-novo-pac-contencao-de-encostas-e-drenagem,MCidades — Seleção Novo PAC Contenção de Encostas e Drenagem (relação de propostas habilitadas),[drenagem/FGTS-fin] proposta 56000000687/2025. Reconciled to eixo control totals (drenagem R$10.3bn/174; encostas >R$1.4bn/102; total R$11.7bn/235mun/26UF).
B-novopac2025-429,B,Novo PAC 2025 — Prevenção a Desastres (drenagem),drainage,Norte,PA,Oriximina,true,loan-domestic,Novo PAC 2025 drenagem — Municipio De Oriximina,Municipio De Oriximina,municipio,15000000.0,BRL,,FGTS/CAIXA (Ministério das Cidades),2025,2025-09,selected,true,https://www.gov.br/cidades/pt-br/acesso-a-informacao/acoes-e-programas/pac/selecoes-novo-pac/relacao-de-propostas/selecao-do-novo-pac-contencao-de-encostas-e-drenagem,MCidades — Seleção Novo PAC Contenção de Encostas e Drenagem (relação de propostas habilitadas),[drenagem/FGTS-fin] proposta 56000000444/2025. Reconciled to eixo control totals (drenagem R$10.3bn/174; encostas >R$1.4bn/102; total R$11.7bn/235mun/26UF).
B-novopac2025-430,B,Novo PAC 2025 — Prevenção a Desastres (drenagem),drainage,Norte,PA,Parauapebas,true,loan-domestic,Novo PAC 2025 drenagem — Municipio De Parauapebas,Municipio De Parauapebas,municipio,22555611.01,BRL,,FGTS/CAIXA (Ministério das Cidades),2025,2025-09,selected,true,https://www.gov.br/cidades/pt-br/acesso-a-informacao/acoes-e-programas/pac/selecoes-novo-pac/relacao-de-propostas/selecao-do-novo-pac-contencao-de-encostas-e-drenagem,MCidades — Seleção Novo PAC Contenção de Encostas e Drenagem (relação de propostas habilitadas),[drenagem/FGTS-fin] proposta 56000001870/2025. Reconciled to eixo control totals (drenagem R$10.3bn/174; encostas >R$1.4bn/102; total R$11.7bn/235mun/26UF).
B-novopac2025-431,B,Novo PAC 2025 — Prevenção a Desastres (drenagem),drainage,Nordeste,PE,Municipio Do Cabo De Santo Agostinho,false,loan-domestic,Novo PAC 2025 drenagem — Municipio Do Cabo De Santo Agostinho,Municipio Do Cabo De Santo Agostinho,municipio,64270000.0,BRL,,FGTS/CAIXA (Ministério das Cidades),2025,2025-09,selected,true,https://www.gov.br/cidades/pt-br/acesso-a-informacao/acoes-e-programas/pac/selecoes-novo-pac/relacao-de-propostas/selecao-do-novo-pac-contencao-de-encostas-e-drenagem,MCidades — Seleção Novo PAC Contenção de Encostas e Drenagem (relação de propostas habilitadas),[drenagem/FGTS-fin] proposta 56000001511/2025. Reconciled to eixo control totals (drenagem R$10.3bn/174; encostas >R$1.4bn/102; total R$11.7bn/235mun/26UF).
B-novopac2025-432,B,Novo PAC 2025 — Prevenção a Desastres (drenagem),drainage,Sul,PR,Almirante Tamandare,false,loan-domestic,Novo PAC 2025 drenagem — Municipio De Almirante Tamandare,Municipio De Almirante Tamandare,municipio,94500956.53,BRL,,FGTS/CAIXA (Ministério das Cidades),2025,2025-09,selected,true,https://www.gov.br/cidades/pt-br/acesso-a-informacao/acoes-e-programas/pac/selecoes-novo-pac/relacao-de-propostas/selecao-do-novo-pac-contencao-de-encostas-e-drenagem,MCidades — Seleção Novo PAC Contenção de Encostas e Drenagem (relação de propostas habilitadas),[drenagem/FGTS-fin] proposta 56000001948/2025. Reconciled to eixo control totals (drenagem R$10.3bn/174; encostas >R$1.4bn/102; total R$11.7bn/235mun/26UF).
B-novopac2025-433,B,Novo PAC 2025 — Prevenção a Desastres (drenagem),drainage,Sul,PR,Curitiba,false,loan-domestic,Novo PAC 2025 drenagem — Municipio De Curitiba,Municipio De Curitiba,municipio,90723258.09,BRL,,FGTS/CAIXA (Ministério das Cidades),2025,2025-09,selected,true,https://www.gov.br/cidades/pt-br/acesso-a-informacao/acoes-e-programas/pac/selecoes-novo-pac/relacao-de-propostas/selecao-do-novo-pac-contencao-de-encostas-e-drenagem,MCidades — Seleção Novo PAC Contenção de Encostas e Drenagem (relação de propostas habilitadas),[drenagem/FGTS-fin] proposta 56000000678/2025. Reconciled to eixo control totals (drenagem R$10.3bn/174; encostas >R$1.4bn/102; total R$11.7bn/235mun/26UF).
B-novopac2025-434,B,Novo PAC 2025 — Prevenção a Desastres (drenagem),drainage,Sudeste,RJ,Belford Roxo,false,loan-domestic,Novo PAC 2025 drenagem — Municipio De Belford Roxo,Municipio De Belford Roxo,municipio,98000000.0,BRL,,FGTS/CAIXA (Ministério das Cidades),2025,2025-09,selected,true,https://www.gov.br/cidades/pt-br/acesso-a-informacao/acoes-e-programas/pac/selecoes-novo-pac/relacao-de-propostas/selecao-do-novo-pac-contencao-de-encostas-e-drenagem,MCidades — Seleção Novo PAC Contenção de Encostas e Drenagem (relação de propostas habilitadas),[drenagem/FGTS-fin] proposta 56000000543/2025. Reconciled to eixo control totals (drenagem R$10.3bn/174; encostas >R$1.4bn/102; total R$11.7bn/235mun/26UF).
B-novopac2025-435,B,Novo PAC 2025 — Prevenção a Desastres (drenagem),drainage,Sudeste,RJ,Niteroi,false,loan-domestic,Novo PAC 2025 drenagem — Municipio De Niteroi,Municipio De Niteroi,municipio,20000000.0,BRL,,FGTS/CAIXA (Ministério das Cidades),2025,2025-09,selected,true,https://www.gov.br/cidades/pt-br/acesso-a-informacao/acoes-e-programas/pac/selecoes-novo-pac/relacao-de-propostas/selecao-do-novo-pac-contencao-de-encostas-e-drenagem,MCidades — Seleção Novo PAC Contenção de Encostas e Drenagem (relação de propostas habilitadas),[drenagem/FGTS-fin] proposta 56000001060/2025. Reconciled to eixo control totals (drenagem R$10.3bn/174; encostas >R$1.4bn/102; total R$11.7bn/235mun/26UF).
B-novopac2025-436,B,Novo PAC 2025 — Prevenção a Desastres (drenagem),drainage,Sudeste,RJ,Nova Iguacu,false,loan-domestic,Novo PAC 2025 drenagem — Municipio De Nova Iguacu,Municipio De Nova Iguacu,municipio,53021196.43,BRL,,FGTS/CAIXA (Ministério das Cidades),2025,2025-09,selected,true,https://www.gov.br/cidades/pt-br/acesso-a-informacao/acoes-e-programas/pac/selecoes-novo-pac/relacao-de-propostas/selecao-do-novo-pac-contencao-de-encostas-e-drenagem,MCidades — Seleção Novo PAC Contenção de Encostas e Drenagem (relação de propostas habilitadas),[drenagem/FGTS-fin] proposta 56000001264/2025. Reconciled to eixo control totals (drenagem R$10.3bn/174; encostas >R$1.4bn/102; total R$11.7bn/235mun/26UF).
B-novopac2025-437,B,Novo PAC 2025 — Prevenção a Desastres (drenagem),drainage,Sudeste,RJ,Sao Joao De Meriti,false,loan-domestic,Novo PAC 2025 drenagem — Municipio De Sao Joao De Meriti,Municipio De Sao Joao De Meriti,municipio,145395000.0,BRL,,FGTS/CAIXA (Ministério das Cidades),2025,2025-09,selected,true,https://www.gov.br/cidades/pt-br/acesso-a-informacao/acoes-e-programas/pac/selecoes-novo-pac/relacao-de-propostas/selecao-do-novo-pac-contencao-de-encostas-e-drenagem,MCidades — Seleção Novo PAC Contenção de Encostas e Drenagem (relação de propostas habilitadas),[drenagem/FGTS-fin] proposta 56000000756/2025. Reconciled to eixo control totals (drenagem R$10.3bn/174; encostas >R$1.4bn/102; total R$11.7bn/235mun/26UF).
B-novopac2025-438,B,Novo PAC 2025 — Prevenção a Desastres (drenagem),drainage,Sudeste,RJ,Petropolis,false,loan-domestic,Novo PAC 2025 drenagem — Municipio De Petropolis,Municipio De Petropolis,municipio,50000000.0,BRL,,FGTS/CAIXA (Ministério das Cidades),2025,2025-09,selected,true,https://www.gov.br/cidades/pt-br/acesso-a-informacao/acoes-e-programas/pac/selecoes-novo-pac/relacao-de-propostas/selecao-do-novo-pac-contencao-de-encostas-e-drenagem,MCidades — Seleção Novo PAC Contenção de Encostas e Drenagem (relação de propostas habilitadas),[drenagem/FGTS-fin] proposta 56000001571/2025. Reconciled to eixo control totals (drenagem R$10.3bn/174; encostas >R$1.4bn/102; total R$11.7bn/235mun/26UF).
B-novopac2025-439,B,Novo PAC 2025 — Prevenção a Desastres (drenagem),drainage,Sudeste,RJ,Queimados,false,loan-domestic,Novo PAC 2025 drenagem — Municipio De Queimados,Municipio De Queimados,municipio,144476241.74,BRL,,FGTS/CAIXA (Ministério das Cidades),2025,2025-09,selected,true,https://www.gov.br/cidades/pt-br/acesso-a-informacao/acoes-e-programas/pac/selecoes-novo-pac/relacao-de-propostas/selecao-do-novo-pac-contencao-de-encostas-e-drenagem,MCidades — Seleção Novo PAC Contenção de Encostas e Drenagem (relação de propostas habilitadas),[drenagem/FGTS-fin] proposta 56000000548/2025. Reconciled to eixo control totals (drenagem R$10.3bn/174; encostas >R$1.4bn/102; total R$11.7bn/235mun/26UF).
B-novopac2025-440,B,Novo PAC 2025 — Prevenção a Desastres (drenagem),drainage,Sudeste,RJ,Rio De Janeiro,false,loan-domestic,Novo PAC 2025 drenagem — Municipio De Rio De Janeiro,Municipio De Rio De Janeiro,municipio,150000000.0,BRL,,FGTS/CAIXA (Ministério das Cidades),2025,2025-09,selected,true,https://www.gov.br/cidades/pt-br/acesso-a-informacao/acoes-e-programas/pac/selecoes-novo-pac/relacao-de-propostas/selecao-do-novo-pac-contencao-de-encostas-e-drenagem,MCidades — Seleção Novo PAC Contenção de Encostas e Drenagem (relação de propostas habilitadas),[drenagem/FGTS-fin] proposta 56000001657/2025. Reconciled to eixo control totals (drenagem R$10.3bn/174; encostas >R$1.4bn/102; total R$11.7bn/235mun/26UF).
B-novopac2025-441,B,Novo PAC 2025 — Prevenção a Desastres (drenagem),drainage,Sudeste,RJ,Teresopolis,false,loan-domestic,Novo PAC 2025 drenagem — Municipio De Teresopolis,Municipio De Teresopolis,municipio,15000000.0,BRL,,FGTS/CAIXA (Ministério das Cidades),2025,2025-09,selected,true,https://www.gov.br/cidades/pt-br/acesso-a-informacao/acoes-e-programas/pac/selecoes-novo-pac/relacao-de-propostas/selecao-do-novo-pac-contencao-de-encostas-e-drenagem,MCidades — Seleção Novo PAC Contenção de Encostas e Drenagem (relação de propostas habilitadas),[drenagem/FGTS-fin] proposta 56000002072/2025. Reconciled to eixo control totals (drenagem R$10.3bn/174; encostas >R$1.4bn/102; total R$11.7bn/235mun/26UF).
B-novopac2025-442,B,Novo PAC 2025 — Prevenção a Desastres (drenagem),drainage,Norte,RO,Porto Velho,true,loan-domestic,Novo PAC 2025 drenagem — Municipio De Porto Velho,Municipio De Porto Velho,municipio,108000000.0,BRL,,FGTS/CAIXA (Ministério das Cidades),2025,2025-09,selected,true,https://www.gov.br/cidades/pt-br/acesso-a-informacao/acoes-e-programas/pac/selecoes-novo-pac/relacao-de-propostas/selecao-do-novo-pac-contencao-de-encostas-e-drenagem,MCidades — Seleção Novo PAC Contenção de Encostas e Drenagem (relação de propostas habilitadas),[drenagem/FGTS-fin] proposta 56000001773/2025. Reconciled to eixo control totals (drenagem R$10.3bn/174; encostas >R$1.4bn/102; total R$11.7bn/235mun/26UF).
B-novopac2025-443,B,Novo PAC 2025 — Prevenção a Desastres (drenagem),drainage,Sul,RS,Guaiba,false,loan-domestic,Novo PAC 2025 drenagem — Municipio De Guaiba,Municipio De Guaiba,municipio,52558378.97,BRL,,FGTS/CAIXA (Ministério das Cidades),2025,2025-09,selected,true,https://www.gov.br/cidades/pt-br/acesso-a-informacao/acoes-e-programas/pac/selecoes-novo-pac/relacao-de-propostas/selecao-do-novo-pac-contencao-de-encostas-e-drenagem,MCidades — Seleção Novo PAC Contenção de Encostas e Drenagem (relação de propostas habilitadas),[drenagem/FGTS-fin] proposta 56000001510/2025. Reconciled to eixo control totals (drenagem R$10.3bn/174; encostas >R$1.4bn/102; total R$11.7bn/235mun/26UF).
B-novopac2025-444,B,Novo PAC 2025 — Prevenção a Desastres (drenagem),drainage,Sul,RS,Pelotas,false,loan-domestic,Novo PAC 2025 drenagem — Municipio De Pelotas,Municipio De Pelotas,municipio,32228913.33,BRL,,FGTS/CAIXA (Ministério das Cidades),2025,2025-09,selected,true,https://www.gov.br/cidades/pt-br/acesso-a-informacao/acoes-e-programas/pac/selecoes-novo-pac/relacao-de-propostas/selecao-do-novo-pac-contencao-de-encostas-e-drenagem,MCidades — Seleção Novo PAC Contenção de Encostas e Drenagem (relação de propostas habilitadas),[drenagem/FGTS-fin] proposta 56000001813/2025. Reconciled to eixo control totals (drenagem R$10.3bn/174; encostas >R$1.4bn/102; total R$11.7bn/235mun/26UF).
B-novopac2025-445,B,Novo PAC 2025 — Prevenção a Desastres (drenagem),drainage,Sul,RS,Municipio Do Rio Grande,false,loan-domestic,Novo PAC 2025 drenagem — Municipio Do Rio Grande,Municipio Do Rio Grande,municipio,65535160.64,BRL,,FGTS/CAIXA (Ministério das Cidades),2025,2025-09,selected,true,https://www.gov.br/cidades/pt-br/acesso-a-informacao/acoes-e-programas/pac/selecoes-novo-pac/relacao-de-propostas/selecao-do-novo-pac-contencao-de-encostas-e-drenagem,MCidades — Seleção Novo PAC Contenção de Encostas e Drenagem (relação de propostas habilitadas),[drenagem/FGTS-fin] proposta 56000002363/2025. Reconciled to eixo control totals (drenagem R$10.3bn/174; encostas >R$1.4bn/102; total R$11.7bn/235mun/26UF).
B-novopac2025-446,B,Novo PAC 2025 — Prevenção a Desastres (drenagem),drainage,Sul,SC,Ararangua,false,loan-domestic,Novo PAC 2025 drenagem — Municipio De Ararangua,Municipio De Ararangua,municipio,115000000.0,BRL,,FGTS/CAIXA (Ministério das Cidades),2025,2025-09,selected,true,https://www.gov.br/cidades/pt-br/acesso-a-informacao/acoes-e-programas/pac/selecoes-novo-pac/relacao-de-propostas/selecao-do-novo-pac-contencao-de-encostas-e-drenagem,MCidades — Seleção Novo PAC Contenção de Encostas e Drenagem (relação de propostas habilitadas),[drenagem/FGTS-fin] proposta 56000000536/2025. Reconciled to eixo control totals (drenagem R$10.3bn/174; encostas >R$1.4bn/102; total R$11.7bn/235mun/26UF).
B-novopac2025-447,B,Novo PAC 2025 — Prevenção a Desastres (drenagem),drainage,Sul,SC,Blumenau,false,loan-domestic,Novo PAC 2025 drenagem — Municipio De Blumenau,Municipio De Blumenau,municipio,20605488.47,BRL,,FGTS/CAIXA (Ministério das Cidades),2025,2025-09,selected,true,https://www.gov.br/cidades/pt-br/acesso-a-informacao/acoes-e-programas/pac/selecoes-novo-pac/relacao-de-propostas/selecao-do-novo-pac-contencao-de-encostas-e-drenagem,MCidades — Seleção Novo PAC Contenção de Encostas e Drenagem (relação de propostas habilitadas),[drenagem/FGTS-fin] proposta 56000002102/2025. Reconciled to eixo control totals (drenagem R$10.3bn/174; encostas >R$1.4bn/102; total R$11.7bn/235mun/26UF).
B-novopac2025-448,B,Novo PAC 2025 — Prevenção a Desastres (drenagem),drainage,Sul,SC,Brusque,false,loan-domestic,Novo PAC 2025 drenagem — Municipio De Brusque,Municipio De Brusque,municipio,63907238.91,BRL,,FGTS/CAIXA (Ministério das Cidades),2025,2025-09,selected,true,https://www.gov.br/cidades/pt-br/acesso-a-informacao/acoes-e-programas/pac/selecoes-novo-pac/relacao-de-propostas/selecao-do-novo-pac-contencao-de-encostas-e-drenagem,MCidades — Seleção Novo PAC Contenção de Encostas e Drenagem (relação de propostas habilitadas),[drenagem/FGTS-fin] proposta 56000000328/2025. Reconciled to eixo control totals (drenagem R$10.3bn/174; encostas >R$1.4bn/102; total R$11.7bn/235mun/26UF).
B-novopac2025-449,B,Novo PAC 2025 — Prevenção a Desastres (drenagem),drainage,Sul,SC,Consorcio Intermunicipal Multifinalitario Da Regiao Da Amfri - Cim-Amfri,false,loan-domestic,Novo PAC 2025 drenagem — Consorcio Intermunicipal Multifinalitario Da Regiao Da Amfri - Cim-Amfri,Consorcio Intermunicipal Multifinalitario Da Regiao Da Amfri - Cim-Amfri,municipio,58184396.69,BRL,,FGTS/CAIXA (Ministério das Cidades),2025,2025-09,selected,true,https://www.gov.br/cidades/pt-br/acesso-a-informacao/acoes-e-programas/pac/selecoes-novo-pac/relacao-de-propostas/selecao-do-novo-pac-contencao-de-encostas-e-drenagem,MCidades — Seleção Novo PAC Contenção de Encostas e Drenagem (relação de propostas habilitadas),[drenagem/FGTS-fin] proposta 56000000219/2025. Reconciled to eixo control totals (drenagem R$10.3bn/174; encostas >R$1.4bn/102; total R$11.7bn/235mun/26UF).
B-novopac2025-450,B,Novo PAC 2025 — Prevenção a Desastres (drenagem),drainage,Sul,SC,Florianopolis,false,loan-domestic,Novo PAC 2025 drenagem — Municipio De Florianopolis,Municipio De Florianopolis,municipio,20000000.0,BRL,,FGTS/CAIXA (Ministério das Cidades),2025,2025-09,selected,true,https://www.gov.br/cidades/pt-br/acesso-a-informacao/acoes-e-programas/pac/selecoes-novo-pac/relacao-de-propostas/selecao-do-novo-pac-contencao-de-encostas-e-drenagem,MCidades — Seleção Novo PAC Contenção de Encostas e Drenagem (relação de propostas habilitadas),[drenagem/FGTS-fin] proposta 56000001845/2025. Reconciled to eixo control totals (drenagem R$10.3bn/174; encostas >R$1.4bn/102; total R$11.7bn/235mun/26UF).
B-novopac2025-451,B,Novo PAC 2025 — Prevenção a Desastres (drenagem),drainage,Sul,SC,Joinville,false,loan-domestic,Novo PAC 2025 drenagem — Municipio De Joinville,Municipio De Joinville,municipio,80000000.0,BRL,,FGTS/CAIXA (Ministério das Cidades),2025,2025-09,selected,true,https://www.gov.br/cidades/pt-br/acesso-a-informacao/acoes-e-programas/pac/selecoes-novo-pac/relacao-de-propostas/selecao-do-novo-pac-contencao-de-encostas-e-drenagem,MCidades — Seleção Novo PAC Contenção de Encostas e Drenagem (relação de propostas habilitadas),[drenagem/FGTS-fin] proposta 56000000616/2025. Reconciled to eixo control totals (drenagem R$10.3bn/174; encostas >R$1.4bn/102; total R$11.7bn/235mun/26UF).
B-novopac2025-452,B,Novo PAC 2025 — Prevenção a Desastres (drenagem),drainage,Sul,SC,Tres Barras,false,loan-domestic,Novo PAC 2025 drenagem — Municipio De Tres Barras,Municipio De Tres Barras,municipio,19235955.61,BRL,,FGTS/CAIXA (Ministério das Cidades),2025,2025-09,selected,true,https://www.gov.br/cidades/pt-br/acesso-a-informacao/acoes-e-programas/pac/selecoes-novo-pac/relacao-de-propostas/selecao-do-novo-pac-contencao-de-encostas-e-drenagem,MCidades — Seleção Novo PAC Contenção de Encostas e Drenagem (relação de propostas habilitadas),[drenagem/FGTS-fin] proposta 56000000648/2025. Reconciled to eixo control totals (drenagem R$10.3bn/174; encostas >R$1.4bn/102; total R$11.7bn/235mun/26UF).
B-novopac2025-453,B,Novo PAC 2025 — Prevenção a Desastres (drenagem),drainage,Nordeste,SE,Lagarto,false,loan-domestic,Novo PAC 2025 drenagem — Municipio De Lagarto,Municipio De Lagarto,municipio,15000000.0,BRL,,FGTS/CAIXA (Ministério das Cidades),2025,2025-09,selected,true,https://www.gov.br/cidades/pt-br/acesso-a-informacao/acoes-e-programas/pac/selecoes-novo-pac/relacao-de-propostas/selecao-do-novo-pac-contencao-de-encostas-e-drenagem,MCidades — Seleção Novo PAC Contenção de Encostas e Drenagem (relação de propostas habilitadas),[drenagem/FGTS-fin] proposta 56000000846/2025. Reconciled to eixo control totals (drenagem R$10.3bn/174; encostas >R$1.4bn/102; total R$11.7bn/235mun/26UF).
B-novopac2025-454,B,Novo PAC 2025 — Prevenção a Desastres (drenagem),drainage,Sudeste,SP,Botucatu,false,loan-domestic,Novo PAC 2025 drenagem — Municipio De Botucatu,Municipio De Botucatu,municipio,88890000.0,BRL,,FGTS/CAIXA (Ministério das Cidades),2025,2025-09,selected,true,https://www.gov.br/cidades/pt-br/acesso-a-informacao/acoes-e-programas/pac/selecoes-novo-pac/relacao-de-propostas/selecao-do-novo-pac-contencao-de-encostas-e-drenagem,MCidades — Seleção Novo PAC Contenção de Encostas e Drenagem (relação de propostas habilitadas),[drenagem/FGTS-fin] proposta 56000002254/2025. Reconciled to eixo control totals (drenagem R$10.3bn/174; encostas >R$1.4bn/102; total R$11.7bn/235mun/26UF).
B-novopac2025-455,B,Novo PAC 2025 — Prevenção a Desastres (drenagem),drainage,Sudeste,SP,Guarulhos,false,loan-domestic,Novo PAC 2025 drenagem — Municipio De Guarulhos,Municipio De Guarulhos,municipio,66218000.0,BRL,,FGTS/CAIXA (Ministério das Cidades),2025,2025-09,selected,true,https://www.gov.br/cidades/pt-br/acesso-a-informacao/acoes-e-programas/pac/selecoes-novo-pac/relacao-de-propostas/selecao-do-novo-pac-contencao-de-encostas-e-drenagem,MCidades — Seleção Novo PAC Contenção de Encostas e Drenagem (relação de propostas habilitadas),[drenagem/FGTS-fin] proposta 56000000771/2025. Reconciled to eixo control totals (drenagem R$10.3bn/174; encostas >R$1.4bn/102; total R$11.7bn/235mun/26UF).
B-novopac2025-456,B,Novo PAC 2025 — Prevenção a Desastres (drenagem),drainage,Sudeste,SP,Hortolandia,false,loan-domestic,Novo PAC 2025 drenagem — Municipio De Hortolandia,Municipio De Hortolandia,municipio,122406434.05,BRL,,FGTS/CAIXA (Ministério das Cidades),2025,2025-09,selected,true,https://www.gov.br/cidades/pt-br/acesso-a-informacao/acoes-e-programas/pac/selecoes-novo-pac/relacao-de-propostas/selecao-do-novo-pac-contencao-de-encostas-e-drenagem,MCidades — Seleção Novo PAC Contenção de Encostas e Drenagem (relação de propostas habilitadas),[drenagem/FGTS-fin] proposta 56000007068/2025. Reconciled to eixo control totals (drenagem R$10.3bn/174; encostas >R$1.4bn/102; total R$11.7bn/235mun/26UF).
B-novopac2025-457,B,Novo PAC 2025 — Prevenção a Desastres (drenagem),drainage,Sudeste,SP,Jundiai,false,loan-domestic,Novo PAC 2025 drenagem — Municipio De Jundiai,Municipio De Jundiai,municipio,9881409.17,BRL,,FGTS/CAIXA (Ministério das Cidades),2025,2025-09,selected,true,https://www.gov.br/cidades/pt-br/acesso-a-informacao/acoes-e-programas/pac/selecoes-novo-pac/relacao-de-propostas/selecao-do-novo-pac-contencao-de-encostas-e-drenagem,MCidades — Seleção Novo PAC Contenção de Encostas e Drenagem (relação de propostas habilitadas),[drenagem/FGTS-fin] proposta 56000000872/2025. Reconciled to eixo control totals (drenagem R$10.3bn/174; encostas >R$1.4bn/102; total R$11.7bn/235mun/26UF).
B-novopac2025-458,B,Novo PAC 2025 — Prevenção a Desastres (drenagem),drainage,Sudeste,SP,Osasco,false,loan-domestic,Novo PAC 2025 drenagem — Municipio De Osasco,Municipio De Osasco,municipio,40906441.7,BRL,,FGTS/CAIXA (Ministério das Cidades),2025,2025-09,selected,true,https://www.gov.br/cidades/pt-br/acesso-a-informacao/acoes-e-programas/pac/selecoes-novo-pac/relacao-de-propostas/selecao-do-novo-pac-contencao-de-encostas-e-drenagem,MCidades — Seleção Novo PAC Contenção de Encostas e Drenagem (relação de propostas habilitadas),[drenagem/FGTS-fin] proposta 56000002099/2025. Reconciled to eixo control totals (drenagem R$10.3bn/174; encostas >R$1.4bn/102; total R$11.7bn/235mun/26UF).
B-novopac2025-459,B,Novo PAC 2025 — Prevenção a Desastres (drenagem),drainage,Sudeste,SP,Piracicaba,false,loan-domestic,Novo PAC 2025 drenagem — Municipio De Piracicaba,Municipio De Piracicaba,municipio,29000000.0,BRL,,FGTS/CAIXA (Ministério das Cidades),2025,2025-09,selected,true,https://www.gov.br/cidades/pt-br/acesso-a-informacao/acoes-e-programas/pac/selecoes-novo-pac/relacao-de-propostas/selecao-do-novo-pac-contencao-de-encostas-e-drenagem,MCidades — Seleção Novo PAC Contenção de Encostas e Drenagem (relação de propostas habilitadas),[drenagem/FGTS-fin] proposta 56000001397/2025. Reconciled to eixo control totals (drenagem R$10.3bn/174; encostas >R$1.4bn/102; total R$11.7bn/235mun/26UF).
B-novopac2025-460,B,Novo PAC 2025 — Prevenção a Desastres (drenagem),drainage,Sudeste,SP,Ribeirao Preto,false,loan-domestic,Novo PAC 2025 drenagem — Municipio De Ribeirao Preto,Municipio De Ribeirao Preto,municipio,100000000.0,BRL,,FGTS/CAIXA (Ministério das Cidades),2025,2025-09,selected,true,https://www.gov.br/cidades/pt-br/acesso-a-informacao/acoes-e-programas/pac/selecoes-novo-pac/relacao-de-propostas/selecao-do-novo-pac-contencao-de-encostas-e-drenagem,MCidades — Seleção Novo PAC Contenção de Encostas e Drenagem (relação de propostas habilitadas),[drenagem/FGTS-fin] proposta 56000002086/2025. Reconciled to eixo control totals (drenagem R$10.3bn/174; encostas >R$1.4bn/102; total R$11.7bn/235mun/26UF).
B-novopac2025-461,B,Novo PAC 2025 — Prevenção a Desastres (drenagem),drainage,Sudeste,SP,Santos,false,loan-domestic,Novo PAC 2025 drenagem — Municipio De Santos,Municipio De Santos,municipio,16069332.82,BRL,,FGTS/CAIXA (Ministério das Cidades),2025,2025-09,selected,true,https://www.gov.br/cidades/pt-br/acesso-a-informacao/acoes-e-programas/pac/selecoes-novo-pac/relacao-de-propostas/selecao-do-novo-pac-contencao-de-encostas-e-drenagem,MCidades — Seleção Novo PAC Contenção de Encostas e Drenagem (relação de propostas habilitadas),[drenagem/FGTS-fin] proposta 56000002177/2025. Reconciled to eixo control totals (drenagem R$10.3bn/174; encostas >R$1.4bn/102; total R$11.7bn/235mun/26UF).
B-novopac2025-462,B,Novo PAC 2025 — Prevenção a Desastres (drenagem),drainage,Sudeste,SP,Sao Carlos,false,loan-domestic,Novo PAC 2025 drenagem — Municipio De Sao Carlos,Municipio De Sao Carlos,municipio,38167676.35,BRL,,FGTS/CAIXA (Ministério das Cidades),2025,2025-09,selected,true,https://www.gov.br/cidades/pt-br/acesso-a-informacao/acoes-e-programas/pac/selecoes-novo-pac/relacao-de-propostas/selecao-do-novo-pac-contencao-de-encostas-e-drenagem,MCidades — Seleção Novo PAC Contenção de Encostas e Drenagem (relação de propostas habilitadas),[drenagem/FGTS-fin] proposta 56000001439/2025. Reconciled to eixo control totals (drenagem R$10.3bn/174; encostas >R$1.4bn/102; total R$11.7bn/235mun/26UF).
B-novopac2025-463,B,Novo PAC 2025 — Prevenção a Desastres (drenagem),drainage,Sudeste,SP,Sao Jose Dos Campos,false,loan-domestic,Novo PAC 2025 drenagem — Municipio De Sao Jose Dos Campos,Municipio De Sao Jose Dos Campos,municipio,33072004.84,BRL,,FGTS/CAIXA (Ministério das Cidades),2025,2025-09,selected,true,https://www.gov.br/cidades/pt-br/acesso-a-informacao/acoes-e-programas/pac/selecoes-novo-pac/relacao-de-propostas/selecao-do-novo-pac-contencao-de-encostas-e-drenagem,MCidades — Seleção Novo PAC Contenção de Encostas e Drenagem (relação de propostas habilitadas),[drenagem/FGTS-fin] proposta 56000001067/2025. Reconciled to eixo control totals (drenagem R$10.3bn/174; encostas >R$1.4bn/102; total R$11.7bn/235mun/26UF).
B-novopac2025-464,B,Novo PAC 2025 — Prevenção a Desastres (drenagem),drainage,Sudeste,SP,Sao Paulo,false,loan-domestic,Novo PAC 2025 drenagem — Municipio De Sao Paulo,Municipio De Sao Paulo,municipio,87737528.81,BRL,,FGTS/CAIXA (Ministério das Cidades),2025,2025-09,selected,true,https://www.gov.br/cidades/pt-br/acesso-a-informacao/acoes-e-programas/pac/selecoes-novo-pac/relacao-de-propostas/selecao-do-novo-pac-contencao-de-encostas-e-drenagem,MCidades — Seleção Novo PAC Contenção de Encostas e Drenagem (relação de propostas habilitadas),[drenagem/FGTS-fin] proposta 56000001076/2025. Reconciled to eixo control totals (drenagem R$10.3bn/174; encostas >R$1.4bn/102; total R$11.7bn/235mun/26UF).
C-cofiex180a-465,C,COFIEX — BID,social,Nacional,BR,,false,loan-external,Programa ProIgualdade de Gênero e Raça,Ministério da Igualdade Racial (MIR),uniao,100000000,USD,,BID,2025,2025-06-18,cofiex-approved,true,https://www.gov.br/planejamento/pt-br/assuntos/assuntos-internacionais-e-desenvolvimento/cofiex/reunioes/reunioes-da-comissao-de-financiamentos-externos-cofiex/resultados/resultado-180a-cofiex-1.pdf/@@display-file/file,COFIEX — Resultado da 180ª Reunião (18/06/2025),[esfera: uniao]
C-cofiex180a-466,C,COFIEX — NDB,health,Nacional,BR,,false,loan-external,Primeiro Hospital Inteligente do Brasil,Ministério da Saúde,uniao,320003000,USD,,NDB,2025,2025-06-18,cofiex-approved,true,https://www.gov.br/planejamento/pt-br/assuntos/assuntos-internacionais-e-desenvolvimento/cofiex/reunioes/reunioes-da-comissao-de-financiamentos-externos-cofiex/resultados/resultado-180a-cofiex-1.pdf/@@display-file/file,COFIEX — Resultado da 180ª Reunião (18/06/2025),[esfera: uniao]
C-cofiex180a-467,C,COFIEX — BID,health,Nacional,BR,,false,loan-external,Financiamento para Desenvolvimento Regional Sustentável,Ministério da Integração e Desenvolvimento Regional (MIDR),uniao,500000000,USD,,BID,2025,2025-06-18,cofiex-approved,true,https://www.gov.br/planejamento/pt-br/assuntos/assuntos-internacionais-e-desenvolvimento/cofiex/reunioes/reunioes-da-comissao-de-financiamentos-externos-cofiex/resultados/resultado-180a-cofiex-1.pdf/@@display-file/file,COFIEX — Resultado da 180ª Reunião (18/06/2025),[esfera: uniao]
C-cofiex180a-468,C,COFIEX — BID,other,Nacional,BR,,false,loan-external,Programa de Concessões Rodoviárias Inteligentes,Ministério dos Transportes,uniao,500000000,USD,,BID,2025,2025-06-18,cofiex-not-approved,true,https://www.gov.br/planejamento/pt-br/assuntos/assuntos-internacionais-e-desenvolvimento/cofiex/reunioes/reunioes-da-comissao-de-financiamentos-externos-cofiex/resultados/resultado-180a-cofiex-1.pdf/@@display-file/file,COFIEX — Resultado da 180ª Reunião (18/06/2025),[esfera: uniao] inadequação orçamentária
C-cofiex180a-469,C,COFIEX — BIRD,environment,Nacional,BR,,false,loan-external,Empreendimentos Habitacionais com Certificação Ambiental,Caixa Econômica Federal,empresa-publica,200000000,USD,,BIRD,2025,2025-06-18,cofiex-approved,true,https://www.gov.br/planejamento/pt-br/assuntos/assuntos-internacionais-e-desenvolvimento/cofiex/reunioes/reunioes-da-comissao-de-financiamentos-externos-cofiex/resultados/resultado-180a-cofiex-1.pdf/@@display-file/file,COFIEX — Resultado da 180ª Reunião (18/06/2025),[esfera: empresa-publica]
C-cofiex180a-470,C,COFIEX — BID/AFD,other,Nordeste,MA,,true,loan-external,Maranhão Mais Conectado,Estado do Maranhão,estado,145824258,USD,,BID/AFD,2025,2025-06-18,cofiex-approved,true,https://www.gov.br/planejamento/pt-br/assuntos/assuntos-internacionais-e-desenvolvimento/cofiex/reunioes/reunioes-da-comissao-de-financiamentos-externos-cofiex/resultados/resultado-180a-cofiex-1.pdf/@@display-file/file,COFIEX — Resultado da 180ª Reunião (18/06/2025),[esfera: estado] valores EUR convertidos a USD 1.13
C-cofiex180a-471,C,COFIEX — BID,health,Sudeste,RJ,Niterói,false,loan-external,Desenvolvimento Urbano Sustentável - Vida Nova no Morro,Município de Niterói,municipio,117128800,USD,,BID,2025,2025-06-18,cofiex-approved,true,https://www.gov.br/planejamento/pt-br/assuntos/assuntos-internacionais-e-desenvolvimento/cofiex/reunioes/reunioes-da-comissao-de-financiamentos-externos-cofiex/resultados/resultado-180a-cofiex-1.pdf/@@display-file/file,COFIEX — Resultado da 180ª Reunião (18/06/2025),[esfera: municipio]
C-cofiex180a-472,C,COFIEX — CAF,urban-development,Nordeste,PE,Camaragibe,false,loan-external,Desenvolvimento e Mobilidade Urbana de Camaragibe,Município de Camaragibe,municipio,50000000,USD,,CAF,2025,2025-06-18,cofiex-approved,true,https://www.gov.br/planejamento/pt-br/assuntos/assuntos-internacionais-e-desenvolvimento/cofiex/reunioes/reunioes-da-comissao-de-financiamentos-externos-cofiex/resultados/resultado-180a-cofiex-1.pdf/@@display-file/file,COFIEX — Resultado da 180ª Reunião (18/06/2025),[esfera: municipio]
C-cofiex180a-473,C,COFIEX — BIRD,transport,Nordeste,SE,,false,loan-external,"CREMA-Sergipe: Manutenção Proativa, Segura e Resiliente das Rodovias Estaduais",Estado de Sergipe,estado,100000000,USD,,BIRD,2025,2025-06-18,cofiex-approved,true,https://www.gov.br/planejamento/pt-br/assuntos/assuntos-internacionais-e-desenvolvimento/cofiex/reunioes/reunioes-da-comissao-de-financiamentos-externos-cofiex/resultados/resultado-180a-cofiex-1.pdf/@@display-file/file,COFIEX — Resultado da 180ª Reunião (18/06/2025),[esfera: estado]
C-cofiex180a-474,C,COFIEX — BIRD,environment,Norte,PA,,true,loan-external,"Segurança Alimentar, Sociobioeconomia e Conservação de Florestas da Agricultura Familiar",Estado do Pará,estado,120000000,USD,,BIRD,2025,2025-06-18,cofiex-approved,true,https://www.gov.br/planejamento/pt-br/assuntos/assuntos-internacionais-e-desenvolvimento/cofiex/reunioes/reunioes-da-comissao-de-financiamentos-externos-cofiex/resultados/resultado-180a-cofiex-1.pdf/@@display-file/file,COFIEX — Resultado da 180ª Reunião (18/06/2025),[esfera: estado]
C-cofiex180a-475,C,COFIEX — BIRD,rural-development,Sudeste,SP,,false,loan-external,Desenvolvimento Rural Sustentável - Agro Paulista Mais Verde,Estado de São Paulo,estado,160000000,USD,,BIRD,2025,2025-06-18,cofiex-approved,true,https://www.gov.br/planejamento/pt-br/assuntos/assuntos-internacionais-e-desenvolvimento/cofiex/reunioes/reunioes-da-comissao-de-financiamentos-externos-cofiex/resultados/resultado-180a-cofiex-1.pdf/@@display-file/file,COFIEX — Resultado da 180ª Reunião (18/06/2025),[esfera: estado]
C-cofiex180a-476,C,COFIEX — BIRD,transport,Nordeste,PI,,false,loan-external,"Estradas Seguras - Recuperação Proativa, Segura e Resiliente das Rodovias Estaduais",Estado do Piauí,estado,150000000,USD,,BIRD,2025,2025-06-18,cofiex-not-approved,true,https://www.gov.br/planejamento/pt-br/assuntos/assuntos-internacionais-e-desenvolvimento/cofiex/reunioes/reunioes-da-comissao-de-financiamentos-externos-cofiex/resultados/resultado-180a-cofiex-1.pdf/@@display-file/file,COFIEX — Resultado da 180ª Reunião (18/06/2025),[esfera: estado] exceder limite da reunião
C-cofiex180a-477,C,COFIEX — FONPLATA/OPEP,health,Sul,SC,Joinville,false,loan-external,Joinville Resiliente e Sustentável: Integração Territorial e Melhoria da Qualidade de Vida,Município de Joinville,municipio,85000000,USD,,FONPLATA/OPEP,2025,2025-06-18,cofiex-not-approved,true,https://www.gov.br/planejamento/pt-br/assuntos/assuntos-internacionais-e-desenvolvimento/cofiex/reunioes/reunioes-da-comissao-de-financiamentos-externos-cofiex/resultados/resultado-180a-cofiex-1.pdf/@@display-file/file,COFIEX — Resultado da 180ª Reunião (18/06/2025),[esfera: municipio] exceder limite da reunião
C-cofiex180a-478,C,COFIEX — BID,education,Sul,SC,Blumenau,false,loan-external,TransformAção Educacional,Município de Blumenau,municipio,60000000,USD,,BID,2025,2025-06-18,cofiex-not-approved,true,https://www.gov.br/planejamento/pt-br/assuntos/assuntos-internacionais-e-desenvolvimento/cofiex/reunioes/reunioes-da-comissao-de-financiamentos-externos-cofiex/resultados/resultado-180a-cofiex-1.pdf/@@display-file/file,COFIEX — Resultado da 180ª Reunião (18/06/2025),[esfera: municipio] exceder limite da reunião
C-cofiex180a-479,C,COFIEX — BID,sanitation,Nordeste,BA,Salvador,false,loan-external,Saneamento Ambiental e Urbanização do Subúrbio de Salvador 2a Etapa - Paraguari Mamede,Município de Salvador,municipio,80038160,USD,,BID,2025,2025-06-18,cofiex-not-approved,true,https://www.gov.br/planejamento/pt-br/assuntos/assuntos-internacionais-e-desenvolvimento/cofiex/reunioes/reunioes-da-comissao-de-financiamentos-externos-cofiex/resultados/resultado-180a-cofiex-1.pdf/@@display-file/file,COFIEX — Resultado da 180ª Reunião (18/06/2025),[esfera: municipio] não cumprimento de requisitos
C-cofiex180a-480,C,COFIEX — BID,fiscal,Nordeste,PE,,false,loan-external,Modernização da Gestão Fiscal - PROFISCO III-PE,Estado de Pernambuco,estado,92250000,USD,,BID,2025,2025-06-18,cofiex-approved,true,https://www.gov.br/planejamento/pt-br/assuntos/assuntos-internacionais-e-desenvolvimento/cofiex/reunioes/reunioes-da-comissao-de-financiamentos-externos-cofiex/resultados/resultado-180a-cofiex-1.pdf/@@display-file/file,COFIEX — Resultado da 180ª Reunião (18/06/2025),[esfera: estado] fiscal
C-cofiex180a-481,C,COFIEX — BIRD,fiscal,Nordeste,SE,,false,loan-external,"Sustentabilidade Fiscal, Eficiência e Eficácia do Gasto Público de Sergipe",Estado de Sergipe,estado,41800000,USD,,BIRD,2025,2025-06-18,cofiex-approved,true,https://www.gov.br/planejamento/pt-br/assuntos/assuntos-internacionais-e-desenvolvimento/cofiex/reunioes/reunioes-da-comissao-de-financiamentos-externos-cofiex/resultados/resultado-180a-cofiex-1.pdf/@@display-file/file,COFIEX — Resultado da 180ª Reunião (18/06/2025),[esfera: estado] fiscal
C-cofiex180a-482,C,COFIEX — BIRD,fiscal,Norte,AP,,true,loan-external,"Sustentabilidade Fiscal, Eficiência e Eficácia do Gasto Público do Amapá",Estado do Amapá,estado,35000000,USD,,BIRD,2025,2025-06-18,cofiex-not-approved,true,https://www.gov.br/planejamento/pt-br/assuntos/assuntos-internacionais-e-desenvolvimento/cofiex/reunioes/reunioes-da-comissao-de-financiamentos-externos-cofiex/resultados/resultado-180a-cofiex-1.pdf/@@display-file/file,COFIEX — Resultado da 180ª Reunião (18/06/2025),[esfera: estado] fiscal; art.28 RN1/2024
C-cofiex180a-483,C,COFIEX — CAF,climate-adaptation,Norte,TO,Palmas,true,loan-external,Programa de Transformação Ambiental de Palmas frente às Mudanças Climáticas,Município de Palmas,municipio,48000000,USD,,CAF,2025,2025-06-18,cofiex-approved,true,https://www.gov.br/planejamento/pt-br/assuntos/assuntos-internacionais-e-desenvolvimento/cofiex/reunioes/reunioes-da-comissao-de-financiamentos-externos-cofiex/resultados/resultado-180a-cofiex-1.pdf/@@display-file/file,COFIEX — Resultado da 180ª Reunião (18/06/2025),[esfera: municipio] clima; +12M contrapartida (US$60M total)
C-cofiex180a-484,C,COFIEX — AFD,urban-resilience,Sul,SC,Joinville,false,loan-external,"VIVA BEM Joinville: Sustentabilidade Urbana, Resiliência Territorial e Inclusão Social",Município de Joinville,municipio,64410000,USD,,AFD,2025,2025-06-18,cofiex-approved,true,https://www.gov.br/planejamento/pt-br/assuntos/assuntos-internacionais-e-desenvolvimento/cofiex/reunioes/reunioes-da-comissao-de-financiamentos-externos-cofiex/resultados/resultado-180a-cofiex-1.pdf/@@display-file/file,COFIEX — Resultado da 180ª Reunião (18/06/2025),[esfera: municipio] clima; EUR convertido USD 1.13
C-cofiex180a-485,C,COFIEX — BIRD,environment,Sudeste,ES,,false,loan-external,Desenvolvimento Rural Sustentável do Espírito Santo,Estado do Espírito Santo,estado,118800000,USD,,BIRD,2025,2025-06-18,cofiex-not-approved,true,https://www.gov.br/planejamento/pt-br/assuntos/assuntos-internacionais-e-desenvolvimento/cofiex/reunioes/reunioes-da-comissao-de-financiamentos-externos-cofiex/resultados/resultado-180a-cofiex-1.pdf/@@display-file/file,COFIEX — Resultado da 180ª Reunião (18/06/2025),[esfera: estado] ambiental; art.28 RN1/2024
C-cofiex180a-486,C,COFIEX — CAF,climate-adaptation,Norte,AP,,true,loan-external,"Amaparque - conservação, recuperação ambiental e adaptação climática na RM do Amapá",Estado do Amapá,estado,60000000,USD,,CAF,2025,2025-06-18,cofiex-not-approved,true,https://www.gov.br/planejamento/pt-br/assuntos/assuntos-internacionais-e-desenvolvimento/cofiex/reunioes/reunioes-da-comissao-de-financiamentos-externos-cofiex/resultados/resultado-180a-cofiex-1.pdf/@@display-file/file,COFIEX — Resultado da 180ª Reunião (18/06/2025),[esfera: estado] clima/adaptação; art.28 RN1/2024
C-cofiex180a-487,C,COFIEX — BIRD,transport,Sudeste,SP,,false,loan-external,PPP dos Sistemas de Travessias Hídricas - Terminal de São Sebastião,Estado de São Paulo,estado,75000000,USD,,BIRD,2025,2025-06-18,cofiex-approved,true,https://www.gov.br/planejamento/pt-br/assuntos/assuntos-internacionais-e-desenvolvimento/cofiex/reunioes/reunioes-da-comissao-de-financiamentos-externos-cofiex/resultados/resultado-180a-cofiex-1.pdf/@@display-file/file,COFIEX — Resultado da 180ª Reunião (18/06/2025),[esfera: estado] ppp
C-cofiex180a-488,C,COFIEX — BIRD,health,Nordeste,BA,,false,loan-external,Desenvolvimento Sustentável e Inclusivo do Estado da Bahia,Estado da Bahia,estado,845250000,USD,,BIRD,2025,2025-06-18,cofiex-approved,true,https://www.gov.br/planejamento/pt-br/assuntos/assuntos-internacionais-e-desenvolvimento/cofiex/reunioes/reunioes-da-comissao-de-financiamentos-externos-cofiex/resultados/resultado-180a-cofiex-1.pdf/@@display-file/file,COFIEX — Resultado da 180ª Reunião (18/06/2025),[esfera: estado] reestruturação de dívidas; JPY convertido USD 0.0069
C-cofiex180a-489,C,COFIEX — BIRD,environment,Norte,AM,Manaus,true,loan-external,Programa de Eficiência Fiscal e Ambiental de Manaus,Município de Manaus,municipio,195000000,USD,,BIRD,2025,2025-06-18,cofiex-approved,true,https://www.gov.br/planejamento/pt-br/assuntos/assuntos-internacionais-e-desenvolvimento/cofiex/reunioes/reunioes-da-comissao-de-financiamentos-externos-cofiex/resultados/resultado-180a-cofiex-1.pdf/@@display-file/file,COFIEX — Resultado da 180ª Reunião (18/06/2025),[esfera: municipio] reestruturação; ambiental/fiscal
C-cofiex180a-490,C,COFIEX — BIRD,environment,Nordeste,CE,Fortaleza,false,loan-external,"Promoção da Sustentabilidade Urbana, Ambiental e Fiscal de Fortaleza",Município de Fortaleza,municipio,194753525,USD,,BIRD,2025,2025-06-18,cofiex-approved,true,https://www.gov.br/planejamento/pt-br/assuntos/assuntos-internacionais-e-desenvolvimento/cofiex/reunioes/reunioes-da-comissao-de-financiamentos-externos-cofiex/resultados/resultado-180a-cofiex-1.pdf/@@display-file/file,COFIEX — Resultado da 180ª Reunião (18/06/2025),[esfera: municipio] reestruturação; JPY convertido USD 0.0069
C-cofiex180a-491,C,COFIEX — BID,climate-adaptation,Norte,TO,Palmas,true,loan-external,Resiliência Climática e Desenvolvimento Urbano Integrado - Córrego Machado,Município de Palmas,municipio,447344000,BRL,,BID,2025,2025-06-18,cofiex-approved,true,https://www.gov.br/planejamento/pt-br/assuntos/assuntos-internacionais-e-desenvolvimento/cofiex/reunioes/reunioes-da-comissao-de-financiamentos-externos-cofiex/resultados/resultado-180a-cofiex-1.pdf/@@display-file/file,COFIEX — Resultado da 180ª Reunião (18/06/2025),[esfera: municipio] clima; operação em reais
C-cofiex180a-492,C,COFIEX — BID,health,Nordeste,PI,,false,loan-external,Fortalecimento do SUS no Estado do Piauí,Estado do Piauí,estado,698880000,BRL,,BID,2025,2025-06-18,cofiex-approved,true,https://www.gov.br/planejamento/pt-br/assuntos/assuntos-internacionais-e-desenvolvimento/cofiex/reunioes/reunioes-da-comissao-de-financiamentos-externos-cofiex/resultados/resultado-180a-cofiex-1.pdf/@@display-file/file,COFIEX — Resultado da 180ª Reunião (18/06/2025),[esfera: estado] operação em reais
C-cofiex180a-493,C,COFIEX — BID,education,Norte,PA,,true,loan-external,Expansão e Qualidade da Educação Profissional e Tecnológica do Pará,Estado do Pará,estado,451332000,BRL,,BID,2025,2025-06-18,cofiex-approved,true,https://www.gov.br/planejamento/pt-br/assuntos/assuntos-internacionais-e-desenvolvimento/cofiex/reunioes/reunioes-da-comissao-de-financiamentos-externos-cofiex/resultados/resultado-180a-cofiex-1.pdf/@@display-file/file,COFIEX — Resultado da 180ª Reunião (18/06/2025),[esfera: estado] operação em reais
C-cofiex180a-494,C,COFIEX — BID,fiscal,Sudeste,SP,,false,loan-external,PROFISCO III-SP - Apoio à Gestão e Integração dos Fiscos,Estado de São Paulo,estado,750000000,BRL,,BID,2025,2025-06-18,cofiex-approved,true,https://www.gov.br/planejamento/pt-br/assuntos/assuntos-internacionais-e-desenvolvimento/cofiex/reunioes/reunioes-da-comissao-de-financiamentos-externos-cofiex/resultados/resultado-180a-cofiex-1.pdf/@@display-file/file,COFIEX — Resultado da 180ª Reunião (18/06/2025),[esfera: estado] fiscal; operação em reais
C-cofiex180a-495,C,COFIEX — BID,health,Sudeste,SP,,false,loan-external,ARAS SP - Redes Regionais de Atenção à Saúde,Estado de São Paulo,estado,861000000,BRL,,BID,2025,2025-06-18,cofiex-not-approved,true,https://www.gov.br/planejamento/pt-br/assuntos/assuntos-internacionais-e-desenvolvimento/cofiex/reunioes/reunioes-da-comissao-de-financiamentos-externos-cofiex/resultados/resultado-180a-cofiex-1.pdf/@@display-file/file,COFIEX — Resultado da 180ª Reunião (18/06/2025),[esfera: estado] exceder limite; operação em reais
C-cofiex180a-496,C,COFIEX — BIRD,urban-resilience,Nacional,BR,,false,loan-external,Linha de Crédito para Resiliência Urbana no Sul do Brasil,BRDE,empresa-publica,89600000,EUR,,BIRD,2025,2025-06-18,cofiex-approved,true,https://www.gov.br/planejamento/pt-br/assuntos/assuntos-internacionais-e-desenvolvimento/cofiex/reunioes/reunioes-da-comissao-de-financiamentos-externos-cofiex/resultados/resultado-180a-cofiex-1.pdf/@@display-file/file,COFIEX — Resultado da 180ª Reunião (18/06/2025),[esfera: empresa-publica] cancelamento de contrapartida (não é novo empréstimo)
