action_id,action_name,action_type,hazard_name,sector_names,subsector_names,primary_purpose,description,cobenefits_airquality,cobenefits_waterquality,cobenefits_habitat,cobenefits_costofliving,cobenefits_housing,cobenefits_mobility,cobenefits_stakeholderengagement,equity_and_inclusion_considerations,ghgreduction_stationary_energy,ghgreduction_transportation,ghgreduction_waste,ghgreduction_ippu,ghgreduction_afolu,adaptation_effectiveness,cost_investment_needed,timeline_for_implementation,dependencies,key_performance_indicators,powers_and_mandates,adaptation_effectiveness_droughts,adaptation_effectiveness_heatwaves,adaptation_effectiveness_floods,adaptation_effectiveness_sealevelrise,adaptation_effectiveness_landslides,adaptation_effectiveness_storms,adaptation_effectiveness_wildfires,adaptation_effectiveness_diseases,biome
icare_0001,Estimular la producción de energía solar en instalaciones industriales,{mitigation},,{ippu},{industrial_processes},{ghg_reduction},Fomentar la instalación de sistemas de energía solar en fábricas para reducir la dependencia de los combustibles fósiles y minimizar las emisiones asociadas.,2,1,1,1,0,0,2,,,,,80-100,,,high,>10 years,"['Disponibilidad de financiación o subsidios para apoyar las instalaciones de energía solar en industrias.', 'Experiencia técnica y capacidad para la instalación de paneles solares y sistemas relacionados.', 'Marcos regulatorios que faciliten la integración de la energía solar en las operaciones industriales.']","['Emisiones totales de gases de efecto invernadero evitadas mediante la adopción de energía solar en industrias (toneladas de CO₂/año).', 'Período promedio de retorno de la inversión (ROI) para instalaciones solares industriales (años).', 'Porcentaje de necesidades energéticas industriales cubiertas por sistemas de energía solar (%).']",{local},,,,,,,,,none
icare_0003,Introducir políticas de renovación para edificios antiguos,{mitigation},,{stationary_energy},{residential_buildings},{ghg_reduction},Modernizar estructuras antiguas para mejorar la eficiencia energética y reducir las emisiones.,0,0,0,1,1,0,0,,60-79,,,,,,medium,<5 years,"['Disponibilidad de financiación y mecanismos financieros para apoyar la modernización de edificios antiguos para mejorar la eficiencia energética', 'Acceso a experiencia en tecnologías energéticamente eficientes y soluciones de renovación para estructuras existentes', 'Apoyo político y regulatorio para fomentar mejoras energéticamente eficientes en edificios antiguos, incluyendo incentivos y códigos de construcción actualizados']","['Reducción en el consumo de energía en edificios renovados (kWh/año).', 'Reducción estimada en emisiones equivalentes de CO₂ a partir de medidas de renovación.']",{local},,,,,,,,,none
icare_0004,Aumentar la concienciación para reducir el consumo de energía en horas pico,{mitigation},,{stationary_energy},{energy_industries},{ghg_reduction},"Lanzar campañas educativas e iniciativas para alentar a los consumidores a cambiar el uso de energía a horas fuera de pico, aliviando la presión sobre la red y reduciendo los costos de energía en general.",1,0,0,1,0,0,2,,60-79,,,,,,low,5-10 years,"['Desarrollo de campañas educativas dirigidas para aumentar la conciencia sobre los beneficios de cambiar el uso de energía a horas fuera de pico', 'Colaboración con compañías de servicios públicos para proporcionar datos y herramientas que ayuden a los consumidores a entender los tiempos de energía pico y fuera de pico', 'Incentivos o mecanismos de precios, como tarifas por tiempo de uso, para alentar a los consumidores a adoptar patrones de consumo de energía que reduzcan la tensión en la red durante las horas pico']","['Porcentaje de reducción en el consumo de energía durante las horas pico.', 'Número de hogares y empresas que participan en programas de concienciación.', 'Reducción estimada en las emisiones equivalentes de CO₂ por la disminución del uso de energía en horas pico.']",{local},,,,,,,,,none
icare_0005,Crear líneas de crédito para proyectos de energía eólica residencial y comunitaria,{mitigation},,{stationary_energy},{energy_generation_supplied_to_the_grid},{ghg_reduction},"Establecer programas de financiamiento accesibles para apoyar el desarrollo y la adopción de sistemas de energía eólica en hogares y proyectos comunitarios, permitiendo una transición hacia fuentes de energía más limpias.",2,0,0,2,2,0,1,,60-79,,,,,,medium,5-10 years,"['Disponibilidad de programas financieros, subvenciones o subsidios para hacer que los sistemas de energía eólica sean asequibles para hogares y proyectos comunitarios', 'Acceso a experiencia técnica y recursos para guiar la instalación y el mantenimiento de sistemas de energía eólica en entornos residenciales y comunitarios', 'Apoyo político y regulatorio para fomentar la adopción de energía eólica, incluyendo procesos de permisos simplificados e incentivos para proyectos de energía limpia']","['Número de proyectos de energía eólica financiados anualmente.', 'Capacidad instalada de sistemas de energía eólica de proyectos apoyados por crédito (MW).', 'Reducción estimada en emisiones equivalentes de CO₂ por la adopción de energía eólica.']",{local},,,,,,,,,none
icare_0006,Expandir la electrificación rural con energía renovable,{mitigation},,{stationary_energy},{energy_generation_supplied_to_the_grid},{ghg_reduction},"Extender el acceso a la electricidad en áreas rurales implementando soluciones de energía renovable como paneles solares, turbinas eólicas y microredes, asegurando energía confiable, limpia y sostenible para comunidades desatendidas.",2,1,0,1,1,0,1,,80-100,,,,,,high,>10 years,"['Disponibilidad de financiamiento y mecanismos financieros para apoyar la instalación de sistemas de energía renovable en áreas rurales', 'Desarrollo de infraestructura, como microrredes, para asegurar una distribución confiable de electricidad en comunidades remotas', 'Colaboración con gobiernos locales, proveedores de energía y organizaciones comunitarias para facilitar la implementación y el mantenimiento de soluciones de energía renovable en regiones desatendidas']","['Porcentaje de áreas rurales electrificadas con energía renovable.', 'Capacidad instalada de sistemas de energía renovable en áreas rurales (MW).', 'Reducción anual de emisiones equivalentes de CO₂ de proyectos de electrificación rural.']",{local},,,,,,,,,none
icare_0008,Desarrollar Redes Inteligentes y Sistemas de Almacenamiento de Energía,{mitigation},,{stationary_energy},{energy_industries},{ghg_reduction},"Esta acción se centra en el desarrollo de redes inteligentes y sistemas de almacenamiento de energía para optimizar la gestión energética y mejorar la integración de fuentes de energía renovable. Las redes inteligentes permiten una distribución y uso más eficientes de la electricidad, mientras que los sistemas de almacenamiento de energía ayudan a almacenar el exceso de energía renovable para su uso posterior. Juntos, aseguran un suministro de energía estable, confiable y sostenible, permitiendo a los municipios gestionar mejor la demanda de energía, reducir la congestión de la red y apoyar la transición hacia la energía limpia.",2,0,0,1,0,0,1,,80-100,,,,,,high,5-10 years,"['Inversión en el desarrollo y despliegue de redes inteligentes y tecnologías de almacenamiento de energía para mejorar la gestión energética', 'Experiencia técnica e infraestructura para integrar fuentes de energía renovable en la red inteligente y asegurar un almacenamiento de energía efectivo', 'Marcos de políticas y regulaciones para apoyar la adopción generalizada de redes inteligentes y sistemas de almacenamiento de energía, incluyendo incentivos y estándares de integración de la red']","['Porcentaje de la red cubierta por tecnología de red inteligente.', 'Capacidad instalada de sistemas de almacenamiento de energía (MW o MWh).', 'Reducción de pérdidas de energía en toda la red (%).']",{national},,,,,,,,,none
icare_0009,Desplegar sistemas de cogeneración en industrias,{mitigation},,{stationary_energy},{manufacturing_industries_and_construction},{ghg_reduction},Utilizar sistemas de cogeneración para maximizar la eficiencia energética en los procesos industriales.,-1,0,0,0,0,0,0,,80-100,,,,,,high,5-10 years,"['Disponibilidad de experiencia técnica y recursos para diseñar e implementar sistemas de cogeneración (CHP) en procesos industriales', 'Inversión en infraestructura para integrar sistemas de cogeneración en instalaciones y procesos industriales existentes', 'Apoyo político y regulatorio para incentivar la adopción de tecnologías energéticamente eficientes como los sistemas de cogeneración en el sector industrial']","['Capacidad instalada de sistemas de cogeneración en instalaciones industriales (MW).', 'Energía anual generada y utilizada de sistemas de cogeneración (kWh/año).', 'Reducción estimada en emisiones equivalentes de CO₂ de la cogeneración industrial.']",{local},,,,,,,,,none
icare_0010,Promover Certificaciones de Edificios Verdes y de Cero Emisiones Netas,{mitigation},,{stationary_energy},{residential_buildings},{ghg_reduction},"Esta acción se centra en promover edificios sostenibles apoyando los objetivos de energía neta cero y fomentando certificaciones de construcción ecológica como LEED. Su objetivo es incentivar la construcción y renovación de edificios que produzcan tanta energía como consumen, reduciendo su impacto ambiental. Esta iniciativa también fomenta la adopción de prácticas y tecnologías sostenibles, asegurando la eficiencia energética a largo plazo y la responsabilidad ambiental en infraestructuras residenciales, comerciales y públicas.",0,0,0,1,1,0,1,,80-100,,,,,,medium,5-10 years,"['Disponibilidad de incentivos financieros, subsidios o créditos fiscales para alentar a los propietarios de viviendas a instalar sistemas de energía solar, eólica y otras energías limpias', 'Acceso a información y recursos educativos para ayudar a los propietarios a comprender los beneficios, costos y procesos de instalación de sistemas de energía limpia', 'Desarrollo de regulaciones y políticas de apoyo que faciliten la instalación de tecnologías de energía renovable en áreas residenciales']","['Número de edificios certificados como edificios de cero neto o edificios verdes anualmente.', 'Reducción en el consumo de energía y agua en edificios certificados (kWh/año, m³/año).', 'Reducción estimada en emisiones equivalentes de CO₂ por prácticas de construcción verde.']",{local},,,,,,,,,none
icare_0012,Expandir la energía solar en instalaciones públicas y áreas remotas,{mitigation},,{stationary_energy},{energy_generation_supplied_to_the_grid},{ghg_reduction},"Esta acción tiene como objetivo expandir los sistemas de energía solar en instalaciones públicas y áreas remotas para aumentar el alcance de la energía limpia y renovable. Al instalar paneles solares en regiones desatendidas y edificios municipales, esta iniciativa busca proporcionar energía confiable y de bajo costo, reducir las emisiones de carbono y promover la independencia energética, especialmente en áreas con acceso limitado a las redes eléctricas tradicionales.",0,0,0,1,0,0,1,,80-100,,,,,,medium,5-10 years,"['Disponibilidad de financiamiento y mecanismos financieros para apoyar la instalación de sistemas de energía solar en instalaciones públicas y áreas remotas', 'Desarrollo de infraestructura para apoyar la integración de sistemas de energía solar en regiones desatendidas, incluyendo conexión a la red o soluciones fuera de la red', 'Colaboración con gobiernos locales, proveedores de energía y organizaciones comunitarias para asegurar la implementación y mantenimiento efectivos de los sistemas de energía solar en estas áreas']","['Capacidad instalada (MW)', 'Porcentaje de áreas remotas alimentadas por sistemas de energía solar', 'Reducción anual de emisiones de CO2 equivalente por la adopción de energía solar']",{national},,,,,,,,,none
icare_0014,Lanzar programas de eficiencia energética para edificios públicos y privados,{mitigation},,{stationary_energy},{commercial_and_institutional_buildings_and_facilities},{ghg_reduction},"Mejorar el aislamiento de los edificios, la iluminación y los sistemas HVAC para reducir el consumo de energía.",0,0,0,1,0,0,1,,20-39,,,,,,medium,5-10 years,"['Disponibilidad de incentivos financieros o subsidios para apoyar la renovación de edificios existentes con mejoras en aislamiento, iluminación y sistemas HVAC', 'Acceso a experiencia técnica y tecnologías para mejorar la eficiencia energética de los edificios mediante soluciones modernas de aislamiento, iluminación y HVAC', 'Apoyo político y regulatorio para integrar estándares de eficiencia energética en los códigos de construcción y prácticas de renovación']","['El número de edificios que participan en programas de eficiencia energética se proporciona.', 'Se proporciona la reducción en el consumo de energía en los edificios participantes (kWh/año).', 'Se proporciona la reducción estimada en emisiones equivalentes de CO₂ a partir del ahorro de energía.']",{national},,,,,,,,,none
icare_0015,Promover la energía hidroeléctrica mini y micro y la energía de biomasa,{mitigation},,{stationary_energy},{energy_generation_supplied_to_the_grid},{ghg_reduction},"Esta acción se centra en promover la generación de energía renovable mediante el desarrollo de mini y microcentrales hidroeléctricas y el fomento de la producción de energía a partir de biomasa en regiones agrícolas. Aprovechando el potencial de los recursos hídricos locales y los desechos orgánicos, esta iniciativa tiene como objetivo diversificar la mezcla energética, mejorar la seguridad energética y apoyar prácticas agrícolas sostenibles, reduciendo la dependencia de los combustibles fósiles mientras se promueven soluciones energéticas respetuosas con el medio ambiente.",0,-1,-1,0,0,0,1,,60-79,,,,,,high,5-10 years,"['Disponibilidad de experiencia técnica y recursos para diseñar e implementar plantas de mini y micro-hidroelectricidad y sistemas de energía de biomasa', 'Acceso a recursos hídricos locales y desechos orgánicos para la generación de energía, asegurando una obtención sostenible y una evaluación del impacto ambiental', 'Marcos de políticas y regulaciones para incentivar el desarrollo de proyectos de energía renovable en regiones agrícolas y asegurar su integración en la red energética local']","['Capacidad instalada de sistemas de energía mini y micro-hidroeléctrica y de biomasa (MW).', 'Generación anual de energía de estos sistemas (kWh/año).', 'Reducción estimada de emisiones equivalentes de CO₂ al reemplazar combustibles fósiles con fuentes renovables.']",{national},,,,,,,,,none
icare_0016,Promover la energía solar térmica para el calentamiento de agua,{mitigation},,{stationary_energy},{residential_buildings},{ghg_reduction},"Esta acción tiene como objetivo fomentar la adopción de sistemas de energía solar térmica para el calentamiento de agua en instalaciones residenciales, comerciales y públicas. Al promover esta alternativa sostenible a los sistemas de calefacción eléctrica, la iniciativa busca reducir el consumo de energía, disminuir los costos de servicios públicos y reducir las emisiones de carbono, contribuyendo a un futuro más verde y eficiente en el uso de la energía.",0,0,0,1,0,0,1,,20-39,,,,,,medium,<5 years,"['Disponibilidad de incentivos financieros y subsidios para apoyar la instalación de sistemas de energía solar térmica en instalaciones residenciales, comerciales y públicas', 'Desarrollo de normas técnicas y directrices para garantizar la instalación y uso eficiente de los sistemas solares térmicos', 'Campañas de concienciación pública para educar a los ciudadanos y empresas sobre los beneficios de la energía solar térmica para el calentamiento de agua y sus ventajas ambientales']","['Número de nuevos sistemas solares térmicos instalados anualmente.', 'Reducción en el consumo de energía de los sistemas convencionales de calentamiento de agua (kWh/año).', 'Reducción estimada en las emisiones equivalentes de CO₂ por la adopción de energía solar térmica.']",{national},,,,,,,,,none
icare_0017,"Optimizar el sistema de gestión de residuos sólidos urbanos (RSU), con el objetivo de ampliar la recolección y reducir la disposición ilegal.",{mitigation},,{waste},{disposal_of_solid_waste_generated_in_the_city},{ghg_reduction},"Esta acción se centra en optimizar el sistema de gestión de residuos sólidos urbanos (RSU), cubriendo todas las etapas. Inicialmente, se revisará la planificación e infraestructura de la recolección selectiva de residuos en los barrios para alcanzar más áreas del municipio y mejorar el monitoreo de la disposición regular y los vertederos de residuos.",0,1,1,1,0,0,1,,,,20-39,,,,medium,<5 years,"['Inversión en infraestructura y logística para expandir la cobertura de recolección selectiva de residuos a más vecindarios', 'Sistemas de monitoreo y aplicación fortalecidos para prevenir el vertido ilegal y asegurar la correcta disposición de residuos', 'Campañas de concienciación pública para educar a los ciudadanos sobre la importancia de la separación de residuos y los métodos adecuados de disposición']","['Porcentaje de residuos sólidos urbanos recolectados y procesados adecuadamente.', 'Reducción mensual en la cantidad de incidentes de disposición ilegal de residuos.', 'Reducción estimada en las emisiones de CO₂ equivalente a partir de prácticas mejoradas de gestión de residuos.']",{local},,,,,,,,,none
icare_0018,Implementar el Plan de Logística Sostenible en todos los organismos de la administración pública,{mitigation},,{waste},{disposal_of_solid_waste_generated_in_the_city},{ghg_reduction},"Esta acción tiene como objetivo expandir las iniciativas de sostenibilidad existentes en edificios públicos, incluidas las escuelas, que promueven la reducción de emisiones de gases de efecto invernadero, como la instalación de energía fotovoltaica en edificios públicos.",0,-1,-1,-1,0,0,1,,,,20-39,,,,low,<5 years,"['Disponibilidad de financiamiento y mecanismos financieros para apoyar la instalación de sistemas de energía fotovoltaica en edificios públicos', 'Acceso a experiencia técnica y recursos para diseñar, implementar y mantener eficazmente sistemas energéticamente eficientes', 'Apoyo político y regulatorio para integrar iniciativas de sostenibilidad en los estándares y operaciones de edificios públicos']","['Porcentaje de la flota municipal que ha sido transicionada a vehículos sostenibles (%).', 'Reducción anual del consumo de combustible en operaciones municipales (litros/año).', 'Reducción estimada en emisiones equivalentes de CO₂ a partir de medidas de logística sostenible (toneladas/año).']",{local},,,,,,,,,none
icare_0019,Implementar planes de transición energética en edificios y espacios públicos,{mitigation},,{stationary_energy},{commercial_and_institutional_buildings_and_facilities},{ghg_reduction},"Esta acción tiene como objetivo expandir las iniciativas de sostenibilidad existentes en edificios públicos, incluidas las escuelas, que promueven la reducción de emisiones de gases de efecto invernadero, como la instalación de energía fotovoltaica en edificios públicos.",0,0,0,0,0,0,1,,60-79,,,,,,medium,5-10 years,"['Disponibilidad de financiación para la instalación de sistemas de energía renovable, como paneles fotovoltaicos, en edificios públicos', 'Capacidad técnica y experiencia para implementar medidas de eficiencia energética y reducción de emisiones en edificios públicos', 'Compromiso político y apoyo para integrar iniciativas de sostenibilidad en la gestión y mantenimiento de edificios públicos']","['Porcentaje de edificios públicos alimentados por fuentes de energía renovable.', 'Reducción en el consumo de energía de los edificios públicos (kWh/año).', 'Reducción estimada en las emisiones equivalentes de CO₂ por la transición energética en instalaciones públicas.']",{state},,,,,,,,,none
icare_0020,"Promover prácticas de construcción sostenible y fomentar tecnologías verdes en edificios públicos, residenciales, comerciales, industriales y de servicios.",{mitigation},,{stationary_energy},{residential_buildings},{ghg_reduction},"Esta acción busca aumentar la participación de fuentes de energía renovable en la matriz energética de la ciudad, centrándose en edificios residenciales, comerciales, industriales y de servicios.",0,0,0,1,1,0,2,,80-100,,,,,,medium,5-10 years,"['Disponibilidad de incentivos y subsidios para fomentar la adopción de tecnologías de energía renovable en edificios', 'Desarrollo de un marco regulatorio de apoyo para la instalación e integración de sistemas de energía renovable en los sectores residencial, comercial e industrial', 'Inversión en la infraestructura necesaria para apoyar la generación y distribución de energía renovable dentro de la ciudad']","['Número de empleos creados en sectores de economía circular.', 'Aumento en el porcentaje de materiales reutilizados o reciclados en la ciudad.', 'Reducción anual en las emisiones de CO₂ equivalente de las iniciativas de economía circular.']",{local},,,,,,,,,none
icare_0021,Fomentar y promover medidas para el uso sostenible y racional del transporte motorizado individual,{mitigation},,{transportation},{on-road},{ghg_reduction},"El objetivo de esta acción es racionalizar el uso del transporte motorizado individual, reduciendo su participación en la matriz de movilidad. También es importante regular los servicios de transporte privado basados en aplicaciones, con el objetivo de proporcionar un servicio de calidad integrado con la movilidad general de la ciudad.",2,0,0,-1,0,1,1,,,80-100,,,,,high,5-10 years,"['Desarrollo de políticas y regulaciones para reducir el uso del transporte motorizado individual y fomentar modos de transporte alternativos', 'Integración de servicios de transporte privado basados en aplicaciones con el sistema de transporte público de la ciudad para una movilidad sin interrupciones', 'Inversión en infraestructura de transporte público para ofrecer alternativas accesibles, confiables y de alta calidad al uso de automóviles privados']","['Porcentaje de reducción en el uso de vehículos privados en la ciudad (%).', 'Aumento anual en el uso del transporte público (%).', 'Reducción en las emisiones equivalentes de CO₂ por la disminución del transporte motorizado (toneladas/año).']",{local},,,,,,,,,none
icare_0022,Establecer objetivos de eficiencia energética municipal,{mitigation},,{stationary_energy},{non-specified_sources},{ghg_reduction},"Definir objetivos medibles para el ahorro de energía en las operaciones e infraestructuras municipales, promoviendo la responsabilidad y el progreso hacia los objetivos de sostenibilidad.",1,0,0,0,0,0,1,,60-79,,,,,,low,<5 years,"['Desarrollo de objetivos claros y medibles de ahorro de energía para las operaciones e infraestructuras municipales', 'Acceso a datos y herramientas para rastrear y evaluar el consumo de energía en diferentes sectores municipales', 'Compromiso de políticas y liderazgo para integrar los objetivos de ahorro de energía en la planificación, presupuestación y operaciones municipales']","['Progreso anual hacia el logro de los objetivos de eficiencia energética municipal (%).', 'Reducción en el consumo de energía municipal (kWh/año).', 'Reducción estimada en las emisiones equivalentes de CO₂ por los esfuerzos de eficiencia energética municipal.']",{local},,,,,,,,,none
icare_0023,Actualizar y mantener subestaciones eléctricas,{mitigation},,{stationary_energy},{energy_industries},{ghg_reduction},Mejorar la fiabilidad y eficiencia de la red eléctrica modernizando el equipo de las subestaciones e implementando programas de mantenimiento regular.,0,0,0,0,0,0,0,,60-79,,,,,,medium,5-10 years,"['Disponibilidad de financiación y recursos para modernizar el equipo de subestaciones y mejorar la infraestructura de la red', 'Acceso a experiencia técnica para la implementación de tecnologías avanzadas de red y protocolos de mantenimiento regular', 'Apoyo político y regulatorio para garantizar horarios de mantenimiento consistentes e integrar equipos modernos en la red eléctrica existente']","['Reducción en las pérdidas de transmisión de energía (%).', 'Aumento de la fiabilidad y el tiempo de actividad de la red eléctrica (%).']",{state},,,,,,,,,none
icare_0024,Integrar energías renovables en los sistemas de agua municipales,{mitigation},,{stationary_energy},{energy_generation_supplied_to_the_grid},{ghg_reduction},"Implementar fuentes de energía renovable, como la solar o la eólica, para impulsar los sistemas de tratamiento, bombeo y distribución de agua, reduciendo los costos de energía y las emisiones.",2,2,2,1,0,0,1,,80-100,,,,,,medium,5-10 years,"['Disponibilidad de financiación o incentivos financieros para integrar fuentes de energía renovable como la solar o la eólica en los sistemas de tratamiento y distribución de agua', 'Experiencia técnica e infraestructura para adaptar los sistemas existentes con soluciones de energía renovable o diseñar nuevas instalaciones alimentadas por energías renovables', 'Apoyo político y regulatorio para fomentar el uso de energía limpia en los sistemas de agua y asegurar su integración en las redes energéticas municipales']","['Porcentaje de sistemas de agua municipales alimentados por energías renovables.', 'Reducción en el consumo de energía de fuentes no renovables (kWh/año).', 'Emisiones de GEI evitadas (toneladas de CO₂e)']",{local},,,,,,,,,none
icare_0025,Promover viviendas de bajo consumo energético para personas de bajos ingresos,{mitigation},,{stationary_energy},{residential_buildings},{ghg_reduction},"Desarrollar y apoyar proyectos de vivienda que incorporen diseños y tecnologías energéticamente eficientes, reduciendo los costos de energía para los hogares de bajos ingresos.",0,0,0,2,2,0,1,,60-79,,,,,,medium,5-10 years,"['Disponibilidad de financiación o subsidios para apoyar el desarrollo de viviendas energéticamente eficientes para hogares de bajos ingresos', 'Colaboración con arquitectos, ingenieros y contratistas para diseñar e implementar tecnologías energéticamente eficientes en proyectos de vivienda', 'Desarrollo de políticas y regulaciones para incentivar soluciones de vivienda energéticamente eficientes y garantizar la asequibilidad para comunidades de bajos ingresos']","['Número de unidades de vivienda energéticamente eficientes construidas o renovadas.', 'Reducción en el consumo de energía del hogar (kWh).', 'Disminución en las facturas de energía para hogares de bajos ingresos (USD).']",{local},,,,,,,,,none
icare_0027,Crear programas de financiamiento para proyectos locales de energía renovable,{mitigation},,{stationary_energy},{energy_industries},{ghg_reduction},"Establecer mecanismos de financiación, como subvenciones y préstamos a bajo interés, para apoyar el desarrollo de iniciativas de energía renovable a pequeña escala en las comunidades.",2,0,0,2,1,0,1,,60-79,,,,,,medium,5-10 years,"['Desarrollo de mecanismos financieros accesibles, incluyendo subvenciones y préstamos a bajo interés, para apoyar proyectos de energía renovable a pequeña escala en comunidades', 'Colaboración con instituciones financieras y gobiernos locales para asegurar la distribución y gestión efectiva de fondos para iniciativas de energía renovable', 'Directrices claras y apoyo para que organizaciones comunitarias y negocios locales accedan a financiamiento e implementen con éxito proyectos de energía renovable']","['Fondos totales asignados para proyectos de energía renovable (USD).', 'Número de proyectos financiados anualmente.', 'Aumento en la capacidad de energía renovable instalada (MW).']",{local},,,,,,,,,none
icare_0029,Adoptar políticas para edificios libres de combustibles fósiles,{mitigation},,{stationary_energy},{residential_buildings},{ghg_reduction},"Aplicar regulaciones que exijan que las nuevas construcciones utilicen sistemas de energía renovable, diseños energéticamente eficientes y tecnologías de cero emisiones.",2,0,0,1,1,0,1,,80-100,,,,,,medium,5-10 years,"['Desarrollo de códigos de construcción y marcos regulatorios que obliguen a la integración de sistemas de energía renovable y diseños energéticamente eficientes en nuevas construcciones', 'Disponibilidad de incentivos o apoyo para que los desarrolladores cumplan con las regulaciones y adopten tecnologías de cero emisiones', 'Experiencia técnica y recursos para garantizar la correcta implementación y monitoreo de sistemas de energía renovable y diseños energéticamente eficientes en proyectos de construcción']","['Número de edificios que están transitando a fuentes de energía renovable.', 'Reducción total en el uso de combustibles fósiles para calefacción/refrigeración (m³ o litros).', 'Disminución en las emisiones de GEI relacionadas con los edificios (toneladas de CO₂e).']",{local},,,,,,,,,none
icare_0030,Promover campañas para reducir el consumo de energía en modo de espera,{mitigation},,{stationary_energy},{residential_buildings},{ghg_reduction},Aumentar la concienciación y fomentar el uso de enchufes inteligentes y regletas para minimizar la electricidad desperdiciada por dispositivos en modo de espera.,0,0,0,1,0,0,2,,20-39,,,,,,low,<5 years,"['Desarrollo de campañas de concienciación pública para educar a los consumidores sobre los beneficios de usar enchufes inteligentes y regletas para reducir el desperdicio de energía', 'Disponibilidad de enchufes inteligentes y regletas asequibles en el mercado, junto con instrucciones claras sobre su uso', 'Colaboración con minoristas, proveedores de energía y organizaciones comunitarias para promover y distribuir productos de ahorro energético a hogares y empresas']","['Reducción en el uso promedio de energía en modo de espera en los hogares (kWh/año).', 'Aumento de la conciencia pública medido a través de encuestas (%).']",{local},,,,,,,,,none
icare_0031,Generar biogás a partir del tratamiento de aguas residuales,{mitigation},,{stationary_energy},{wastewater_generated_in_the_city},{ghg_reduction},"Instalar sistemas de biogás en instalaciones de tratamiento de aguas residuales para producir energía renovable a partir de lodos orgánicos, reduciendo emisiones y costos operativos.",0,0,0,0,0,0,0,,60-79,,,,,,high,5-10 years,"['Disponibilidad de financiación o subsidios para apoyar la instalación de sistemas de biogás en instalaciones de tratamiento de aguas residuales', 'Acceso a experiencia técnica para diseñar e integrar sistemas de biogás en procesos de tratamiento existentes', 'Marcos regulatorios que incentiven la generación de energía renovable a partir del tratamiento de aguas residuales y aseguren el cumplimiento de los estándares ambientales']","['Volumen de biogás producido anualmente (m³).', 'Porcentaje de plantas de tratamiento de aguas residuales que utilizan sistemas de biogás.', 'Emisiones de GEI evitadas por el uso de biogás (toneladas de CO₂e).']",{local},,,,,,,,,none
icare_0032,Capturar y reutilizar el calor de los procesos industriales,{mitigation},,{stationary_energy},{manufacturing_industries_and_construction},{ghg_reduction},"Implementar sistemas para recuperar el calor residual de los procesos industriales, reutilizándolo para necesidades energéticas adicionales y reduciendo el consumo total.",0,0,0,0,0,0,0,,60-79,,,,,,medium,5-10 years,"['Acceso a tecnología y experiencia para diseñar e implementar sistemas de recuperación de calor residual en instalaciones industriales', 'Inversión en infraestructura para capturar y redirigir el calor residual para satisfacer otras necesidades energéticas dentro de la instalación', 'Políticas de apoyo o incentivos para alentar a las industrias a adoptar sistemas de recuperación de calor residual y mejorar la eficiencia energética']","['Porcentaje de instalaciones industriales que implementan sistemas de recuperación de calor.', 'Ahorro de energía por reutilización de calor (kWh).', 'Reducción anual de emisiones de GEI (toneladas de CO₂e).']",{local},,,,,,,,,none
icare_0033,Instalar biodigestores en propiedades rurales,{mitigation},,{stationary_energy},{agriculture_forestry_and_fishing_activities},{ghg_reduction},"Equipar granjas y propiedades rurales con biodigestores para convertir los desechos orgánicos en biogás y fertilizantes ricos en nutrientes, proporcionando una fuente de energía sostenible.",1,0,0,1,0,0,0,,80-100,,,,,,medium,<5 years,"['Disponibilidad de financiación o subsidios para apoyar la instalación de biodigestores en granjas y propiedades rurales', 'Acceso a experiencia técnica para el diseño, instalación y mantenimiento de biodigestores', 'Desarrollo de un marco regulatorio de apoyo que fomente el uso de biogás y sistemas de gestión de residuos orgánicos en la agricultura rural']","['Volumen de biogás generado (m³/año).', 'Emisiones de GEI evitadas al reemplazar combustibles fósiles (toneladas de CO₂e).']",{local},,,,,,,,,none
icare_0035,Mejorar los procesos de eficiencia energética industrial,{mitigation},,{stationary_energy},{manufacturing_industries_and_construction},{ghg_reduction},Implementar tecnologías avanzadas y optimización de procesos en instalaciones industriales para minimizar el consumo de energía y mejorar la productividad.,1,-1,-1,1,0,0,0,,80-100,,,,,,medium,5-10 years,"['Disponibilidad de incentivos financieros o apoyo para invertir en tecnologías avanzadas y optimización de procesos en instalaciones industriales', 'Acceso a experiencia técnica y recursos para implementar soluciones energéticamente eficientes y optimizar procesos industriales', 'Colaboración con partes interesadas de la industria y marcos regulatorios para fomentar la adopción de tecnologías de ahorro de energía y garantizar el cumplimiento de los objetivos de sostenibilidad']","['Porcentaje de industrias que adoptan tecnologías energéticamente eficientes.', 'Reducción estimada de emisiones de CO₂ equivalente de procesos industriales energéticamente eficientes.']",{local},,,,,,,,,none
icare_0036,Educar al público sobre la eficiencia energética y las energías renovables,{mitigation},,{stationary_energy},{non-specified_sources},{ghg_reduction},"Realizar talleres, campañas y programas de capacitación para informar a individuos y organizaciones sobre los beneficios y prácticas de la eficiencia energética y la adopción de energías renovables.",0,0,0,0,0,0,2,,20-39,,,,,,low,<5 years,"['Disponibilidad de financiación y recursos para desarrollar e implementar talleres educativos, campañas y programas de formación', 'Colaboración con expertos, organizaciones y autoridades locales para diseñar y ofrecer educación efectiva sobre eficiencia energética y energías renovables', 'Apoyo de marcos políticos y regulatorios que fomenten la participación pública y la adopción de prácticas energéticas sostenibles']","['Número de talleres/eventos realizados por año.', 'Aumento en la conciencia pública medido a través de encuestas (%).', 'Tasa de adopción de tecnologías renovables entre el público.']",{local},,,,,,,,,none
icare_0037,Implementar automatización en edificios para reducir el desperdicio de energía,{mitigation},,{stationary_energy},{residential_buildings},{ghg_reduction},"Integrar tecnologías de edificios inteligentes, como sistemas de iluminación, calefacción y refrigeración automatizados, para optimizar el uso de energía y reducir el desperdicio.",0,0,0,1,1,0,0,,20-39,,,,,,medium,<5 years,"['Disponibilidad de incentivos financieros o subsidios para apoyar la instalación de tecnologías de edificios inteligentes tanto en edificios nuevos como existentes', 'Acceso a experiencia técnica para el diseño, instalación e integración de sistemas automatizados de iluminación, calefacción y refrigeración', 'Marcos de políticas y regulaciones para fomentar la adopción de tecnologías de edificios inteligentes y asegurar su compatibilidad con los estándares de eficiencia energética']","['Reducción en el consumo de energía de los edificios (%) en comparación con la línea base.', 'Número de sistemas automatizados instalados.', 'Emisiones anuales de GEI evitadas debido a la eficiencia energética (toneladas de CO₂e).']",{local},,,,,,,,,none
icare_0038,Promover granjas solares comunitarias,{mitigation},,{stationary_energy},{energy_generation_supplied_to_the_grid},{ghg_reduction},"Desarrollar y fomentar la adopción de proyectos solares compartidos, permitiendo que las comunidades se beneficien colectivamente de energía limpia y renovable.",2,1,0,1,1,0,1,,80-100,,,,,,medium,5-10 years,"['Desarrollo de políticas y marcos regulatorios para apoyar proyectos de energía solar compartida basados en la comunidad y garantizar el acceso equitativo a la energía limpia', 'Disponibilidad de mecanismos financieros o incentivos para ayudar a las comunidades a invertir en y mantener sistemas de energía solar compartida', 'Colaboración entre gobiernos locales, proveedores de energía y organizaciones comunitarias para diseñar e implementar proyectos de energía solar compartida de manera efectiva']","['Número de hogares atendidos por proyectos solares comunitarios.', 'Emisiones de GEI evitadas mediante la producción de energía solar (toneladas de CO₂e)']",{local},,,,,,,,,none
icare_0039,Reemplazar motores industriales obsoletos con alternativas eficientes,{mitigation},,{stationary_energy},{manufacturing_industries_and_construction},{ghg_reduction},"Transición a motores industriales de alta eficiencia para reducir el consumo de energía, los costos de mantenimiento y el tiempo de inactividad operacional.",1,0,0,1,0,0,0,,60-79,,,,,,medium,<5 years,"['Disponibilidad de incentivos financieros o subsidios para apoyar la compra e instalación de motores industriales de alta eficiencia', 'Acceso a experiencia técnica para seleccionar e instalar los motores de alta eficiencia adecuados en entornos industriales', 'Marcos de políticas y regulaciones para fomentar la transición a tecnologías industriales energéticamente eficientes y reducir los costos operativos']","['Número de motores reemplazados anualmente.', 'Ahorro de energía logrado (kWh/año).', 'Reducción de emisiones de GEI de procesos industriales (toneladas CO₂e).']",{local},,,,,,,,,none
icare_0040,Adoptar iluminación de calles con energía solar en áreas rurales,{mitigation},,{stationary_energy},{residential_buildings},{ghg_reduction},Instalar farolas solares para mejorar la seguridad y accesibilidad en comunidades rurales mientras se reducen los costos de energía y el impacto ambiental.,2,0,0,1,0,1,1,,80-100,,,,,,medium,5-10 years,"['Disponibilidad de financiación o mecanismos financieros para apoyar la instalación de farolas solares en comunidades rurales', 'Acceso a experiencia técnica para diseñar, instalar y mantener sistemas de alumbrado público solar', 'Colaboración con gobiernos locales y comunidades para asegurar la integración de farolas solares en la infraestructura y planes energéticos existentes']","['Porcentaje de farolas alimentadas por energía solar.', 'Reducción anual en el consumo de electricidad (kWh).', 'Emisiones de GEI evitadas (toneladas de CO₂e).']",{local},,,,,,,,,none
icare_0041,Apoyar la I+D en tecnologías de bajas emisiones de carbono,{mitigation},,{stationary_energy},{non-specified_sources},{ghg_reduction},"Invertir en iniciativas de investigación y desarrollo dirigidas a avanzar en soluciones innovadoras de bajo carbono, incluyendo el almacenamiento de energía, la captura de carbono y sistemas avanzados de energía renovable.",0,0,0,0,0,0,2,,80-100,,,,,,medium,5-10 years,"['Disponibilidad de financiación y recursos para apoyar la investigación y el desarrollo en tecnologías de bajo carbono, como el almacenamiento de energía, la captura de carbono y los sistemas avanzados de energía renovable', 'Colaboración entre instituciones de investigación, socios del sector privado y agencias gubernamentales para impulsar la innovación en tecnologías de energía limpia', 'Apoyo político y regulatorio para fomentar la inversión en I+D y facilitar la comercialización de soluciones innovadoras de bajo carbono']","['Número de proyectos de I+D financiados por año.', 'Inversión anual en I+D de bajas emisiones de carbono (USD).', 'Reducción de emisiones de GEI (toneladas de CO₂e) atribuida a tecnologías desarrolladas.']",{local},,,,,,,,,none
icare_0042,Fomentar políticas de energía renovable a nivel municipal,{mitigation},,{stationary_energy},{non-specified_sources},{ghg_reduction},Abogar por e implementar políticas que prioricen el desarrollo e integración de sistemas de energía renovable en las operaciones y planificación del gobierno local.,2,0,1,0,0,0,2,,80-100,,,,,,low,<5 years,"['Voluntad política y liderazgo para priorizar la energía renovable en las políticas y procesos de planificación del gobierno local', 'Desarrollo de políticas claras y marcos regulatorios que faciliten la integración de sistemas de energía renovable en las operaciones gubernamentales', 'Disponibilidad de financiamiento o mecanismos financieros para apoyar la transición a la energía renovable en la infraestructura y operaciones municipales']","['Número de proyectos de energía renovable aprobados o iniciados anualmente a nivel municipal.', 'Porcentaje de la demanda energética municipal cubierta por fuentes renovables (%).', 'Reducción de las emisiones de carbono municipales debido a la adopción de energía renovable (toneladas de CO₂e/año).']",{local},,,,,,,,,none
icare_0043,Integrar la energía geotérmica para calefacción donde sea posible,{mitigation},,{stationary_energy},{energy_generation_supplied_to_the_grid},{ghg_reduction},Utilizar bombas de calor geotérmicas y sistemas geotérmicos de uso directo para proporcionar soluciones de calefacción sostenibles y eficientes en ubicaciones adecuadas.,2,2,2,1,0,0,0,,80-100,,,,,,high,>10 years,"['Disponibilidad de experiencia técnica y recursos para evaluar la viabilidad e instalar bombas de calor geotérmicas y sistemas de uso directo en ubicaciones adecuadas', 'Acceso a financiamiento o incentivos para apoyar la adopción de soluciones de calefacción geotérmica en instalaciones residenciales, comerciales o públicas', 'Desarrollo de marcos regulatorios para guiar la instalación y asegurar la adecuada integración de los sistemas geotérmicos en la infraestructura energética local']","['Porcentaje de sistemas de calefacción en la ciudad alimentados por energía geotérmica (%).', 'Reducción anual en el consumo de combustibles fósiles para calefacción (litros o toneladas de CO₂e evitadas).', 'Ahorro de costos para residentes o empresas que utilizan energía geotérmica en comparación con métodos de calefacción tradicionales (USD/año).']",{local},,,,,,,,,none
icare_0044,"Expandir la infraestructura para bicicletas y construir paseos públicos y aceras accesibles, priorizando medidas resilientes a las amenazas climáticas.",{mitigation},,{transportation},{on-road},{ghg_reduction},"El objetivo principal de esta acción es promover la movilidad activa, garantizando la seguridad, comodidad y prioridad del movimiento peatonal, de personas con discapacidades (o movilidad reducida), y de vehículos y equipos impulsados por humanos, como bicicletas y patinetes.",2,0,0,1,0,2,1,,,80-100,,,,,medium,5-10 years,"['Inversiones en infraestructura para pasarelas peatonales seguras y accesibles, carriles para bicicletas e instalaciones para personas con discapacidades', 'Marcos de políticas y regulaciones para priorizar la movilidad activa y establecer estándares de seguridad para peatones y vehículos no motorizados', 'Campañas de concienciación pública para promover la movilidad activa y educar a los ciudadanos sobre los beneficios de caminar, andar en bicicleta y usar otros medios de transporte impulsados por humanos']","['Kilómetros de nuevos carriles bici y senderos peatonales construidos anualmente.', 'Aumento en el uso diario de la infraestructura para ciclistas y peatones (%).', 'Reducción en las emisiones del transporte urbano (%).']",{local},,,,,,,,,none
icare_0046,Hacer esfuerzos para promover el desarrollo socioeconómico y mejorar la calidad de vida en la ciudad desde la perspectiva de una economía circular y cero emisiones de carbono.,{mitigation},,{stationary_energy},{commercial_and_institutional_buildings_and_facilities},{ghg_reduction},"El gobierno de la ciudad debería emprender acciones políticas consistentes con su capacidad económica y los desafíos que enfrenta para apoyar el desarrollo de una nueva economía sostenible con cero emisiones de carbono, que proteja las condiciones laborales, el emprendimiento y la vitalidad económica de la ciudad.",1,0,0,1,1,1,2,,60-79,,,,,,medium,5-10 years,"['Voluntad política y liderazgo: Un gobierno local comprometido dispuesto a priorizar el desarrollo sostenible y la neutralidad de carbono.', 'Capacidad económica y recursos: Recursos financieros suficientes para invertir en iniciativas verdes e infraestructura sostenible.', 'Colaboración con las partes interesadas: Involucrar a empresas, sindicatos y emprendedores para alinear estrategias y asegurar que la transición económica sea inclusiva y equitativa.']","['Porcentaje de reducción en las emisiones de carbono municipales per cápita (%).', 'Número de iniciativas de economía circular implementadas anualmente (por ejemplo, programas de reciclaje, proyectos de conversión de residuos en energía).', 'Aumento en los empleos verdes creados a través de iniciativas de economía circular y cero carbono (%).']",{local},,,,,,,,,none
icare_0047,Incentivos para el desarrollo de industrias sostenibles (Green Deal),{mitigation},,{stationary_energy},{industrial_processes},{ghg_reduction},"Establecer los criterios y requisitos para obtener el sello verde, incluyendo prácticas ambientales, eficiencia energética, gestión de residuos, impacto social y proporcionar a los empleados municipales información actualizada sobre el cambio climático y sus implicaciones para los entornos laborales y la salud.",0,0,0,-1,0,0,1,,60-79,,,,,,high,5-10 years,"['Establecer directrices claras sobre prácticas ambientales, eficiencia energética y gestión de residuos para el sello verde.', 'Desarrollar mecanismos para evaluar el impacto social y garantizar el cumplimiento.', 'Capacitar a los empleados municipales sobre el cambio climático y sus efectos en la salud y los entornos laborales.']","['Número de industrias galardonadas con el Sello Verde anualmente', 'Número de empleados capacitados en prácticas sostenibles', 'Aumento en certificaciones de productos para prácticas sostenibles (%)']",{national},,,,,,,,,none
icare_0048,Promover la Generación de Energía Solar Fotovoltaica en Sistemas Públicos y Distribuidos,{mitigation},,{stationary_energy},{energy_generation_supplied_to_the_grid},{ghg_reduction},"Esta acción tiene como objetivo fomentar la adopción generalizada de la energía solar fotovoltaica promoviendo su instalación en edificios públicos y sistemas distribuidos. Al expandir la generación de energía solar en la infraestructura municipal, el objetivo es reducir la dependencia de fuentes no renovables, mejorar la independencia energética y contribuir a la reducción de emisiones de carbono.",0,0,0,0,0,0,2,,60-79,,,,,,medium,5-10 years,"['Ofrecer incentivos financieros y directrices claras de instalación para la adopción de energía solar.', 'Proporcionar capacitación técnica para el personal municipal y financiamiento para la instalación y el mantenimiento.', 'Promover la concienciación pública para reducir la dependencia de fuentes no renovables y disminuir las emisiones.']","['Capacidad instalada de generación fotovoltaica en edificios públicos y sistemas distribuidos (MW).', 'Porcentaje de energía consumida de fuentes solares (% del total).', 'Reducción en emisiones de CO₂ evitadas por generación fotovoltaica (tCO₂e/año).']",{local},,,,,,,,,none
icare_0049,Desarrollar centros regionales para la producción de energía renovable,{mitigation},,{stationary_energy},{energy_generation_supplied_to_the_grid},{ghg_reduction},"Establecer centros estratégicos para la generación de energía renovable a gran escala, apoyando las economías locales y proporcionando energía limpia y confiable a las áreas circundantes.",2,1,0,1,0,0,1,,80-100,,,,,,high,>10 years,"['Establecimiento de centros estratégicos para la generación de energía renovable a gran escala.', 'Apoyo a las economías locales a través de iniciativas de energía renovable.', 'Provisión de energía confiable y limpia a las áreas circundantes.']","['Capacidad instalada de energía renovable en centros (MW).', 'Número de empleos creados en el sector de energía renovable.', 'Emisiones anuales de GEI evitadas por la generación de energía renovable (toneladas de CO₂e).']",{state},,,,,,,,,none
icare_0050,Implementar Sistemas Agroforestales,{mitigation},,{afolu},{agriculture_forestry_and_fishing_activities},{ghg_reduction},"Promover sistemas agroforestales integrando árboles en el cultivo de alimentos y pastos, aumentando la biodiversidad y la captura de carbono.",2,2,2,1,0,0,2,,,,,,80-100,,medium,5-10 years,"['Provisión de apoyo técnico y orientación a los agricultores sobre el diseño e implementación de sistemas agroforestales.', 'Desarrollo de incentivos financieros o subsidios para hacer la agroforestería más atractiva económicamente.', 'Creación de políticas que integren prácticas agroforestales en la planificación del uso del suelo agrícola y los sistemas de tenencia de la tierra.']","['Porcentaje de tierras agrícolas convertidas en sistemas agroforestales (%).', 'Número de nuevos proyectos agroforestales implementados.', 'Aumento en la captura de carbono en sistemas agroforestales (toneladas de CO₂e/año).']",{local},,,,,,,,,none
icare_0051,Modernizar las Instalaciones Eléctricas en Edificios para la Eficiencia Energética,{mitigation},,{stationary_energy},{residential_buildings},{ghg_reduction},Reformar edificios públicos para mejorar la eficiencia energética.,0,0,0,0,0,0,1,,20-39,,,,,,medium,<5 years,"['Realizar una auditoría energética detallada y asignar fondos para la renovación de edificios públicos.', 'Implementar tecnologías eficientes en energía y proporcionar capacitación para los administradores de edificios.', 'Establecer marcos regulatorios claros para asegurar una implementación efectiva y ahorros a largo plazo.']","['Número de edificios con instalaciones eléctricas modernizadas (% del total).', 'Porcentaje de ahorro de energía logrado después de la modernización (%).', 'Reducción en las emisiones de CO₂ relacionadas con el consumo de electricidad (tCO₂e/año).']",{local},,,,,,,,,none
icare_0052,Desarrollar proyectos para energía renovable y reutilización de residuos,{mitigation},,{waste},{energy_generation_supplied_to_the_grid},{ghg_reduction},"Esta acción tiene como objetivo desarrollar e implementar proyectos de energía renovable, incluyendo: un biodigestor para el tratamiento de residuos orgánicos y una planta de energía solar.",1,0,1,1,0,0,1,,,,60-79,,,,medium,<5 years,"['Desarrollo e implementación de proyectos de energía renovable.', 'Instalación de un biodigestor para el tratamiento de residuos orgánicos.', 'Establecimiento de una planta de energía solar para generar energía limpia.']","['Número de proyectos de energía renovable y reutilización de residuos implementados.', 'Cantidad de residuos reutilizados o reciclados (toneladas/año).', 'Reducción en los costos de energía para los municipios participantes (USD).']",{local},,,,,,,,,none
icare_0054,"Modernizar el transporte fluvial con tecnologías sostenibles, incluyendo embarcaciones eléctricas e híbridas.",{mitigation},,{transportation},{waterborne_navigation},{ghg_reduction},Modernizar el transporte fluvial en áreas rurales promoviendo el uso de embarcaciones eléctricas e híbridas e implementando tecnologías de bajo carbono para reducir el impacto ambiental.,1,2,1,-1,0,0,0,,,20-39,,,,,high,5-10 years,"['Desarrollo de infraestructura de carga y reabastecimiento para embarcaciones eléctricas e híbridas a lo largo de rutas clave de transporte fluvial.', 'Incentivos financieros y programas de apoyo para fomentar la adopción de tecnologías bajas en carbono en el transporte fluvial.', 'Colaboración con fabricantes para diseñar y producir embarcaciones adecuadas para condiciones fluviales rurales y equipadas con tecnologías sostenibles.']","['Número de embarcaciones modernizadas anualmente.', 'Reducción en el consumo de combustible para transporte fluvial (litros/año).', 'Emisiones de GEI evitadas (toneladas de CO₂e).']",{state},,,,,,,,,none
icare_0055,Estimular asociaciones público-privadas para la innovación en transporte sostenible.,{mitigation},,{transportation},{non-specified_sources},{ghg_reduction},Fomentar la inversión privada para desarrollar tecnologías de transporte de bajo carbono crea soluciones escalables.,1,0,0,1,0,0,2,,,20-39,,,,,medium,5-10 years,"['Creación de incentivos financieros, exenciones fiscales o subsidios para atraer inversión privada en tecnologías de transporte de bajas emisiones de carbono.', 'Desarrollo de asociaciones público-privadas para fomentar la innovación y la colaboración en el sector del transporte.', 'Establecimiento de marcos regulatorios que apoyen el crecimiento de soluciones de transporte de bajas emisiones de carbono, asegurando al mismo tiempo la sostenibilidad y escalabilidad.']","['Número de patentes presentadas para nuevas tecnologías de transporte.', 'Porcentaje de proyectos completados a tiempo bajo asociaciones.', 'Número de ciudades o regiones que adoptan innovaciones desarrolladas a través de asociaciones.']",{state},,,,,,,,,none
icare_0056,Implementar el monitoreo continuo de las emisiones de GEI y las acciones climáticas.,{mitigation},,{stationary_energy},{non-specified_sources},{ghg_reduction},"El inventario de emisiones de GEI municipales debe prepararse anualmente para permitir el monitoreo de los resultados de las acciones de mitigación. Se recomienda incluir las categorías de IPPU (Procesos Industriales) y AFOLU (Agricultura, Silvicultura y Uso de la Tierra).",1,1,0,0,0,0,2,,20-39,,,,,,low,<5 years,"['Preparación anual del inventario de emisiones de GEI municipales para monitorear los resultados de mitigación.', 'Inclusión de las categorías IPPU (Procesos Industriales) y AFOLU (Agricultura, Silvicultura y Uso de la Tierra) en el inventario.', 'Uso del inventario como herramienta para rastrear y mejorar el desempeño de las acciones climáticas.']","['Número de fuentes de emisión monitoreadas.', 'Frecuencia de actualizaciones de monitoreo (por ejemplo, mensual, trimestral).', 'Precisión de los informes de reducción de emisiones (% verificado).']",{national},,,,,,,,,none
icare_0057,"Expansión de los sistemas de transporte masivo sobre rieles (metros, LRTs y monorraíles).",{mitigation},,{transportation},{railways},{ghg_reduction},"Estos sistemas ofrecen alta capacidad y bajas emisiones, cruciales para ciudades con alta densidad de población.",2,0,0,1,1,2,0,,,80-100,,,,,high,5-10 years,"['Inversión en el desarrollo y expansión de infraestructuras de transporte público de alta capacidad, como autobuses eléctricos y sistemas de metro.', 'Implementación de políticas e incentivos para fomentar el uso del transporte público sobre los vehículos privados.', 'Integración de fuentes de energía renovable para alimentar estos sistemas, reduciendo aún más las emisiones.']","['Longitud de las nuevas líneas de tránsito construidas (km/año).', 'Reducción en la congestión del tráfico vial (%).', 'Reducción en el uso de vehículos privados (número de viajes evitados/año).']",{local},,,,,,,,,none
icare_0058,Electrificación total de las flotas de transporte escolar y público en áreas urbanas y rurales.,{mitigation},,{transportation},{on-road},{ghg_reduction},La electrificación de estos servicios reduce directamente las emisiones y mejora la calidad del aire en las comunidades vulnerables.,1,0,1,-1,0,0,1,,,60-79,,,,,medium,5-10 years,"['Desarrollo de infraestructura de carga para apoyar la adopción generalizada de vehículos eléctricos en flotas de servicio.', 'Incentivos financieros y subsidios para facilitar la transición a servicios impulsados por electricidad, particularmente en áreas de bajos ingresos.', 'Asociaciones con fabricantes y proveedores de tecnología para garantizar la disponibilidad y asequibilidad de vehículos eléctricos y tecnologías relacionadas.']","['Porcentaje de vehículos de transporte público electrificados.', 'Reducción en el consumo de combustible de la flota (litros/año).', 'Reducción anual en emisiones de GEI (toneladas de CO₂e).']",{local},,,,,,,,,none
icare_0059,Modernización de puertos y aeropuertos con tecnologías de cero emisiones,{mitigation},,{transportation},{aviation},{ghg_reduction},"Los puertos y aeropuertos pueden cambiar la maquinaria pesada y los vehículos a versiones eléctricas o impulsadas por hidrógeno, reduciendo las emisiones de GEI en las principales infraestructuras de transporte.",2,1,0,-1,0,2,2,,,80-100,,,,,high,>10 years,"['Inversión en el desarrollo y despliegue de maquinaria y vehículos eléctricos e impulsados por hidrógeno para puertos y aeropuertos.', 'Construcción de infraestructura de recarga y abastecimiento para equipos eléctricos e impulsados por hidrógeno dentro de estos centros de transporte.', 'Colaboración con organismos reguladores para garantizar que las nuevas tecnologías cumplan con los estándares ambientales y las regulaciones de seguridad.']","['Porcentaje de operaciones impulsadas por tecnologías de cero emisiones.', 'Reducción anual en el uso de combustibles fósiles en puertos y aeropuertos (litros/año).', 'Reducción de emisiones de GEI por la modernización de puertos y aeropuertos (toneladas de CO₂e).']",{national},,,,,,,,,none
icare_0061,Reemplazo de tractores diésel y maquinaria vial por eléctricos.,{mitigation},,{transportation},{off-road},{ghg_reduction},"La maquinaria de construcción y mantenimiento de carreteras puede hacer la transición a alternativas eléctricas, reduciendo las emisiones en sectores paralelos.",2,0,0,-1,0,0,1,,,60-79,,,,,medium,5-10 years,"['Desarrollo de alternativas eléctricas para maquinaria de construcción y mantenimiento de carreteras, asegurando que el rendimiento cumpla con los estándares de la industria.', 'Establecimiento de infraestructura de carga y redes de servicio para apoyar la transición a maquinaria eléctrica.', 'Incentivos financieros y subsidios para fomentar la adopción de maquinaria eléctrica en proyectos de construcción y mantenimiento.']","['Reducción en los costos operativos para maquinaria eléctrica (%).', 'Porcentaje de productividad agrícola mantenida o aumentada después de la implementación.', 'Reducción de costos de mantenimiento para maquinaria eléctrica en comparación con sus contrapartes diésel (%).']",{state},,,,,,,,,none
icare_0062,Desarrollo de tecnologías de captura de carbono para motores de combustión.,{mitigation},,{transportation},{non-specified_sources},{ghg_reduction},Dispositivos que capturan CO₂ del escape de vehículos mitigan las emisiones en sectores donde el reemplazo completo de combustibles fósiles sigue siendo inviable.,2,-1,1,0,0,0,0,,,60-79,,,,,high,>10 years,"['Inversión en investigación y desarrollo para mejorar la eficiencia y rentabilidad de las tecnologías de captura de CO₂ para vehículos.', 'Colaboración con fabricantes de automóviles para integrar dispositivos de captura de CO₂ en modelos de vehículos existentes y líneas de producción.', 'Establecimiento de infraestructura para almacenar o utilizar de manera segura el CO₂ capturado, asegurando la sostenibilidad de la tecnología.']","['Número de instalaciones equipadas con tecnología de captura de carbono.', 'Volumen de CO₂ capturado anualmente (toneladas).', 'Reducción en las emisiones netas de GEI de los sectores objetivo (toneladas CO₂e).']",{local},,,,,,,,,none
icare_0063,Reemplazo gradual de camiones por transporte ferroviario eléctrico o híbrido.,{mitigation},,{transportation},{on-road},{ghg_reduction},"Los ferrocarriles eléctricos son más eficientes en energía y emisiones que el transporte por carretera, especialmente para cargas pesadas y de larga distancia.",2,0,1,1,0,0,0,,,60-79,,,,,high,5-10 years,"['Expansión y modernización de la infraestructura ferroviaria para acomodar el aumento del transporte de carga y asegurar una operación eficiente.', 'Inversión en fuentes de energía renovable para alimentar ferrocarriles eléctricos, reduciendo las emisiones totales.', 'Colaboración con empresas de logística y responsables políticos para promover la transición del transporte de carga de larga distancia de la carretera al ferrocarril.']","['Número de camiones reemplazados anualmente.', 'Reducción anual en el consumo de diésel (litros).', 'Emisiones de GEI evitadas mediante la electrificación del transporte (toneladas de CO₂e).']",{state},,,,,,,,,none
icare_0064,Implementar tecnologías para el tratamiento de residuos húmedos.,{mitigation},,{waste},{biological_treatment_of_waste_generated_in_the_city},{ghg_reduction},"Desarrollar estudios de viabilidad para la implementación de tecnologías de tratamiento de residuos húmedos, como el compostaje y la biodigestión, con el fin de reducir la cantidad enviada a los vertederos.",0,1,1,0,0,0,0,,,,20-39,,,,medium,5-10 years,"['Desarrollo de estudios de viabilidad para tecnologías de tratamiento de residuos húmedos.', 'Exploración de compostaje y biodigestión para reducir los residuos en vertederos.', 'Evaluación de la viabilidad técnica y económica para la implementación.']","['Porcentaje de residuos húmedos tratados utilizando nuevas tecnologías.', 'Biogás producido a partir del tratamiento de residuos húmedos (m³/año).', 'Emisiones de GEI evitadas (toneladas de CO₂e).']",{local},,,,,,,,,none
icare_0065,Implementación de infraestructura de hidrógeno verde para vehículos pesados.,{mitigation},,{transportation},{on-road},{ghg_reduction},"El hidrógeno verde puede reemplazar los combustibles fósiles en vehículos pesados, ofreciendo emisiones casi nulas como una alternativa viable.",2,0,0,0,0,1,0,,,60-79,,,,,high,5-10 years,"['Desarrollo de instalaciones de producción de hidrógeno verde utilizando fuentes de energía renovable para garantizar un suministro sostenible.', 'Creación de infraestructura de reabastecimiento para vehículos pesados, como estaciones de abastecimiento de hidrógeno a lo largo de rutas de transporte clave.', 'Colaboración con fabricantes para desarrollar y desplegar vehículos pesados impulsados por hidrógeno adaptados para diversas industrias y terrenos.']","['Número de estaciones de abastecimiento de hidrógeno verde instaladas.', 'Cantidad de hidrógeno producido y utilizado (kg/año).', 'Emisiones de GEI evitadas por la adopción de hidrógeno (toneladas de CO₂e).']",{state},,,,,,,,,none
icare_0066,Expandir la cobertura de la red pública de recolección selectiva de residuos,{mitigation},,{waste},{disposal_of_solid_waste_generated_in_the_city},{ghg_reduction},"Revitalizar y fortalecer la recolección de residuos ampliando la recolección de residuos sólidos domésticos a todos los barrios que aún no cuentan con el servicio. Crear y designar puntos de recolección voluntaria, rutas de recolección selectiva y la ubicación de cooperativas de reciclaje, y desarrollar un calendario de recolección de residuos reciclables.",0,1,1,1,0,0,2,,,,20-39,,,,medium,5-10 years,"['Expansión de la recolección de residuos sólidos domésticos a vecindarios desatendidos.', 'Creación de puntos de recolección voluntaria, rutas de recolección selectiva y ubicaciones designadas para cooperativas de reciclaje.', 'Desarrollo de un calendario de recolección de residuos reciclables para mejorar la organización del servicio.']","['Porcentaje de hogares con acceso a la recolección selectiva de residuos.', 'Volumen de residuos reciclables recogidos (toneladas/año).', 'Emisiones de GEI evitadas mediante una gestión adecuada de residuos (toneladas de CO₂e).']",{local},,,,,,,,,none
icare_0067,Fomentar la fabricación nacional de componentes para vehículos eléctricos.,{mitigation},,{transportation},{manufacturing_industries_and_construction},{ghg_reduction},Reducir la dependencia de baterías y motores eléctricos importados hace que el transporte sostenible sea más accesible y acelera su adopción.,1,0,0,1,0,0,2,,,20-39,,,,,medium,>10 years,"['Desarrollo de capacidades de fabricación local para baterías y motores eléctricos para reducir la dependencia de las importaciones.', 'Inversión en investigación y desarrollo para mejorar la eficiencia, asequibilidad y rendimiento ambiental de los componentes producidos localmente.', 'Establecimiento de políticas e incentivos para promover el uso de tecnologías de transporte eléctrico de origen nacional y reducir los costos para consumidores y empresas.']","['Número de empleos creados en la fabricación de componentes de vehículos eléctricos.', 'Aumento en la contribución al PIB local de la fabricación de vehículos eléctricos (%).', 'Reducción en el tiempo de entrega de componentes de vehículos eléctricos (días).']",{national},,,,,,,,,none
icare_0068,Desplegar sistemas de transporte bajo demanda con flotas 100% eléctricas.,{mitigation},,{transportation},{on-road},{ghg_reduction},"Servicios de transporte colectivo bajo demanda, basados en aplicaciones, optimizan el uso de vehículos eléctricos, reduciendo las emisiones por pasajero.",2,0,0,1,0,2,1,,,80-100,,,,,medium,5-10 years,"['Desarrollo de plataformas digitales y aplicaciones para gestionar eficientemente servicios de transporte colectivo bajo demanda.', 'Expansión de flotas de vehículos eléctricos adaptadas para soluciones de transporte compartido.', 'Implementación de políticas e incentivos para fomentar la adopción y el uso de servicios de transporte eléctrico compartido.']","['Número de usuarios activos del sistema de flota eléctrica bajo demanda.', 'Porcentaje de demanda de transporte urbano satisfecho por sistemas bajo demanda.', 'Reducción en los niveles de contaminación acústica en áreas urbanas.']",{local},,,,,,,,,none
icare_0069,Incluir Zonificación Agrícola y Agroclimática en la Planificación Territorial,{mitigation},,{afolu},{agriculture_forestry_and_fishing_activities},{ghg_reduction},Utilizar herramientas de zonificación para identificar las áreas más adecuadas para la agricultura y aquellas que requieren preservación ambiental.,0,0,0,0,0,0,0,,,,,,20-39,,low,<5 years,"['Proporcionar acceso a datos geoespaciales de alta resolución y herramientas de zonificación para la planificación.', 'Incorporar criterios socioeconómicos y ecológicos en el proceso de zonificación.', 'Involucrar a las partes interesadas y alinear la zonificación con las regulaciones y políticas existentes.']","['Porcentaje del territorio con zonificación agroclimática y agrícola implementada (%).', 'Número de granjas que adoptan prácticas recomendadas en la zonificación agroclimática.', 'Reducción de áreas cultivadas en zonas climáticas de alto riesgo (hectáreas o %).']",{local},,,,,,,,,none
icare_0070,Promover el uso de materiales ligeros en la fabricación de vehículos,{mitigation},,{transportation},{manufacturing_industries_and_construction},{ghg_reduction},Definición: Fomentar la adopción de materiales ligeros y sostenibles como el aluminio y los compuestos avanzados en la producción de vehículos. Reducir el peso del vehículo disminuye el consumo de combustible y mejora la eficiencia tanto de los modos de transporte eléctricos como tradicionales.,1,0,0,0,0,0,1,,,20-39,,,,,low,5-10 years,"['Colaboración con fabricantes para innovar e incorporar materiales ligeros y sostenibles en los diseños de vehículos.', 'Inversión en investigación y desarrollo para asegurar que estos materiales sean rentables, duraderos y respetuosos con el medio ambiente.', 'Establecimiento de estándares industriales e incentivos para fomentar la adopción generalizada de materiales ligeros en la producción de vehículos.']","['Porcentaje de vehículos en producción que incorporan materiales ligeros.', 'Reducción en el consumo de combustible debido a la reducción de peso (litros/vehículo/año).', 'Reducción en los costos de materias primas para los fabricantes (%).']",{state},,,,,,,,,none
icare_0071,Promover la sustitución de materiales tradicionales por alternativas sostenibles,{mitigation},,{ippu},{industrial_processes},{ghg_reduction},"Fomentar la sustitución de materiales tradicionales por alternativas sostenibles de bajo impacto, como opciones biodegradables o reciclables.",1,1,1,0,0,0,1,,,,,60-79,,,medium,5-10 years,"['Disponibilidad de materiales sostenibles a precios competitivos.', 'Políticas y regulaciones de apoyo que promuevan la sustitución de materiales.', 'Conciencia y capacidad de la industria para la transición a nuevos materiales.']","['Número de campañas de concienciación pública o sesiones de formación realizadas para promover materiales sostenibles.', 'Reducción porcentual del costo en la producción de materiales sostenibles en comparación con los materiales tradicionales (%).', 'Cuota de mercado de materiales sostenibles en comparación con los materiales tradicionales en las industrias locales (%).']",{local},,,,,,,,,none
icare_0072,Promover colaboraciones entre la industria y el gobierno para la reducción de emisiones,{mitigation},,{ippu},{industrial_processes},{ghg_reduction},Fomentar colaboraciones entre la industria y el gobierno para crear políticas e incentivos que reduzcan las emisiones industriales y apoyen los objetivos de sostenibilidad.,1,1,0,0,0,0,2,,,,,20-39,,,low,<5 years,"['Establecimiento de foros de múltiples partes interesadas que involucren a la industria y al gobierno.', 'Desarrollo de marcos de políticas claros para apoyar la reducción de emisiones.', 'Creación de incentivos financieros para que las industrias adopten prácticas sostenibles.']","['Número de acuerdos de colaboración firmados entre la industria y el gobierno.', 'Cantidad de emisiones reducidas a través de iniciativas colaborativas (toneladas de CO₂/año).', 'Porcentaje de industrias clave involucradas en asociaciones para la reducción de emisiones (%).']",{national},,,,,,,,,none
icare_0073,Apoyar la transición hacia la refrigeración industrial de bajas emisiones,{mitigation},,{ippu},{industrial_processes},{ghg_reduction},Reemplazar los refrigerantes de alto GWP con alternativas de baja emisión y eficiencia energética en los sistemas de refrigeración industrial.,2,1,1,1,0,0,1,,,,,60-79,,,medium,5-10 years,"['Disponibilidad de refrigerantes de bajo GWP y equipos compatibles.', 'Apoyo regulatorio para eliminar gradualmente los refrigerantes de alto GWP.', 'Programas de capacitación para profesionales de la industria sobre nuevos sistemas de refrigerantes.']","['Número de sistemas de refrigeración industrial que han cambiado a alternativas de bajas emisiones.', 'Reducción de emisiones de gases de efecto invernadero de los sistemas de refrigeración (toneladas de CO₂ equivalente/año).', 'Porcentaje de negocios locales que reciben apoyo para la transición (%).']",{local},,,,,,,,,none
icare_0074,Apoyar la investigación en tecnologías de fabricación neutras en carbono,{mitigation},,{ippu},{industrial_processes},{ghg_reduction},Invertir en investigación y desarrollo de tecnologías neutras en carbono y fomentar su adopción en la producción industrial.,2,1,1,1,0,0,2,,,,,60-79,,,medium,5-10 years,"['Financiamiento para la investigación y desarrollo de tecnologías neutras en carbono.', 'Alianzas entre el gobierno, la academia y la industria para fomentar la innovación.', 'Programas de incentivos para que las industrias adopten nuevas tecnologías.']","['Número de proyectos de investigación financiados o iniciados.', 'Porcentaje de industrias locales que adoptan tecnologías neutras en carbono (%).', 'Reducción de emisiones de carbono en industrias que participan en proyectos de investigación (toneladas de CO₂/año).']",{local},,,,,,,,,none
icare_0075,Establecer objetivos de reducción de emisiones de carbono para los sectores industriales,{mitigation},,{ippu},{industrial_processes},{ghg_reduction},Establecer objetivos claros y alcanzables de reducción de emisiones de carbono para las industrias y exigir informes periódicos para asegurar el progreso.,2,1,1,0,0,0,2,,,,,80-100,,,low,5-10 years,"['Desarrollo de un sistema estandarizado de medición y reporte de emisiones de carbono.', 'Creación de marcos regulatorios para hacer cumplir los objetivos de reducción de emisiones.', 'Fortalecimiento de capacidades para que las industrias monitoreen e informen sobre las emisiones de manera efectiva.']","['Porcentaje de industrias con objetivos establecidos de reducción de carbono (%).', 'Reducción en las emisiones totales de GEI sectoriales en comparación con la línea base (toneladas de CO₂e).', 'Aumento en la adopción de fuentes de energía renovable por parte de las industrias (%).']",{local},,,,,,,,,none
icare_0076,Fomentar el uso de combustibles de bajas emisiones en los procesos industriales,{mitigation},,{ippu},{industrial_processes},{ghg_reduction},"Promover la transición a biocombustibles, hidrógeno y otras alternativas bajas en carbono en los procesos de combustión industrial.",2,1,1,0,0,0,1,,,,,60-79,,,medium,5-10 years,"['Desarrollo de infraestructura para la producción y distribución de biocombustibles e hidrógeno.', 'Marcos regulatorios para apoyar la transición a combustibles bajos en carbono.', 'Disponibilidad de tecnología para integrar biocombustibles e hidrógeno en sistemas industriales.']","['Porcentaje de consumo de energía industrial a partir de combustibles de bajas emisiones (%).', 'Reducción de emisiones de GEI por sustitución de combustibles (toneladas de CO₂e/año).', 'Número de instalaciones que están haciendo la transición a fuentes de combustible de bajas emisiones.']",{state},,,,,,,,,none
icare_0077,Fomentar el uso de materiales alternativos en la fabricación,{mitigation},,{ippu},{industrial_processes},{ghg_reduction},Promover el uso de materiales de bajas emisiones o neutros en carbono en el proceso de producción para reducir las emisiones totales.,1,1,1,0,0,0,1,,,,,60-79,,,medium,5-10 years,"['Disponibilidad de materiales de bajas emisiones o neutros en carbono en el mercado.', 'Incentivos para que las industrias adopten estos materiales.', 'Apoyo a la investigación y desarrollo para mejorar la eficiencia de los materiales y reducir costos.']","['Porcentaje de producción utilizando materiales alternativos (%).', 'Número de empresas que están haciendo la transición al uso de materiales alternativos.', 'Reducción de costos lograda mediante la adopción de materiales alternativos (%).']",{local},,,,,,,,,none
icare_0078,Desarrollar e implementar programas de gestión de residuos industriales,{mitigation},,{ippu},{industrial_processes},{ghg_reduction},"Establecer sistemas para gestionar mejor los residuos industriales, reduciendo las emisiones de los vertederos y fomentando el reciclaje o la reutilización.",2,2,1,1,0,0,1,,,,,60-79,,,medium,5-10 years,"['Regulaciones claras de gestión de residuos para las industrias.', 'Disponibilidad de infraestructura para el procesamiento de residuos.', 'Programas de capacitación para trabajadores industriales sobre gestión de residuos.']","['Reducción en la generación de residuos peligrosos (toneladas/año).', 'Aumento en la tasa de reciclaje de materiales de desecho industrial (%).', 'Cantidad de conversión de residuos a energía lograda (MWh/año)']",{local},,,,,,,,,none
icare_0081,Mejorar el reciclaje de materiales en la fabricación,{mitigation},,{ippu},{industrial_processes},{ghg_reduction},Fomentar el reciclaje y la reutilización de materiales en la producción industrial para reducir la extracción de materias primas y las emisiones.,2,1,1,1,0,0,1,,,,,60-79,,,medium,5-10 years,"['Establecimiento de programas de reciclaje adaptados a industrias específicas, con directrices claras para la separación y reutilización de materiales.', 'Colaboración con empresas de gestión de residuos para crear sistemas de reciclaje eficientes dentro de áreas industriales.', 'Desarrollo de políticas que proporcionen incentivos económicos para que las industrias inviertan en tecnologías de reciclaje y métodos de producción sostenibles.']","['Porcentaje de materiales de desecho reciclados en los procesos de fabricación (%).', 'Reducción en el consumo de materias primas debido al reciclaje (toneladas/año).', 'Aumento en el uso de materiales reciclados en productos finales (%)']",{local},,,,,,,,,none
icare_0082,Transición a energías renovables para operaciones industriales,{mitigation},,{ippu},{industrial_processes},{ghg_reduction},"Fomentar el cambio hacia fuentes de energía renovable como la eólica, solar e hidroeléctrica en las operaciones industriales para reducir el uso de combustibles fósiles.",2,1,1,1,0,0,1,,,,,80-100,,,high,>10 years,"['Provisión de incentivos, como exenciones fiscales o subsidios, para hacer que las tecnologías de energía renovable sean más asequibles para las industrias.', 'Desarrollo de infraestructura para la integración de energía renovable en las operaciones industriales existentes, incluidas soluciones de almacenamiento de energía.', 'Asistencia técnica y capacitación para las partes interesadas de la industria para facilitar la transición a fuentes de energía renovable.']","['Número de industrias que adoptan fuentes de energía renovable.', 'Capacidad instalada de energía renovable en operaciones industriales (MW).', 'Reducción en los costos promedio de energía para las industrias que han hecho la transición a energías renovables (%).']",{local},,,,,,,,,none
icare_0083,Adoptar tecnologías de producción más limpias,{mitigation},,{ippu},{industrial_processes},{ghg_reduction},Animar a las industrias a adoptar métodos de producción más limpios que minimicen los desechos y reduzcan las emisiones durante la fabricación.,2,1,1,1,0,0,1,,,,,60-79,,,high,>10 years,"['Colaboración con asociaciones industriales para desarrollar directrices específicas del sector para una producción más limpia.', 'Acceso a financiación para investigación e innovación para apoyar el desarrollo de tecnologías de bajas emisiones y bajo desperdicio.', 'Establecimiento de sistemas de monitoreo para evaluar el progreso en la reducción de residuos y emisiones en todas las industrias.']","['Porcentaje de industrias que implementan tecnologías de producción más limpias (%).', 'Reducción de emisiones de GEI asociadas con la producción industrial (toneladas de CO₂e/año).', 'Ahorro de agua en procesos industriales debido a la adopción de tecnologías más limpias (litros/unidad).']",{local},,,,,,,,,none
icare_0085,Promover la Adopción del Control de Plagas Agroecológico,{mitigation},,{afolu},{agriculture_forestry_and_fishing_activities},{ghg_reduction},"Fomentar métodos de control de plagas que sean agroecológicos, como el uso de depredadores naturales y plantas repelentes, para reducir la dependencia de pesticidas químicos.",1,2,2,0,0,0,2,,,,,,20-39,,low,<5 years,"['Desarrollo de programas educativos para informar a los agricultores sobre métodos de control de plagas agroecológicos y sus beneficios.', 'Provisión de acceso a recursos o materiales para implementar métodos de control de plagas naturales, como la introducción de insectos beneficiosos o el cultivo de plantas repelentes.', 'Creación de incentivos o redes de apoyo para fomentar la transición de los pesticidas químicos hacia alternativas sostenibles.']","['Aumento en las tasas de productividad en áreas que adoptan el control de plagas agroecológico (%).', 'Número de campañas educativas realizadas sobre el control sostenible de plagas.', 'Impacto en los costos totales de producción debido a la adopción de prácticas agroecológicas (%).']",{local},,,,,,,,,none
icare_0088,Implementación de programas de transporte público gratuito durante las horas pico para reducir el uso de vehículos individuales,{mitigation},,{transportation},{on-road},{ghg_reduction},"Fomentar el uso del transporte público ofreciendo servicios gratuitos durante las horas pico para trabajadores y estudiantes. Esta medida reduce la congestión urbana, disminuye el número de vehículos individuales en la carretera y, en consecuencia, reduce las emisiones de gases de efecto invernadero asociadas con el transporte privado.",1,0,0,2,0,2,1,,,60-79,,,,,medium,<5 years,"['Asignación de fondos para subsidiar servicios de transporte público gratuito durante las horas pico.', 'Desarrollo de políticas para garantizar la sostenibilidad y eficiencia de los sistemas de transporte público ante el aumento de la demanda.', 'Coordinación con empleadores e instituciones educativas para optimizar los horarios de las horas pico y promover la iniciativa.']","['Reducción en los niveles de contaminación del aire durante las horas pico (concentración de PM2.5/PM10).', 'Número de vehículos privados retirados de las carreteras durante las horas pico.', 'Tasa de satisfacción pública con la iniciativa de transporte gratuito (%).']",{local},,,,,,,,,none
icare_0089,Implementación de pavimento sostenible de baja resistencia.,{mitigation},,{transportation},{on-road},{ghg_reduction},Reemplazar los materiales convencionales de las carreteras con pavimentos de baja resistencia para reducir el consumo de combustible y mejorar la eficiencia energética en las redes de transporte urbanas y rurales.,1,0,1,1,0,1,1,,,20-39,,,,,low,5-10 years,"['Inversión en investigación para desarrollar y probar materiales de pavimento de baja resistencia adecuados para diversos climas y condiciones de tráfico.', 'Establecimiento de cadenas de suministro y capacidades de producción local para materiales de pavimento sostenibles.', 'Programas de capacitación para equipos de construcción y mantenimiento para implementar y gestionar el uso de pavimentos de baja resistencia de manera efectiva.']","['Reducción en los costos anuales de mantenimiento de carreteras (%).', 'Aumento porcentual en la eficiencia del combustible para vehículos que utilizan pavimento sostenible.', 'Reducción en las tasas de desgaste de neumáticos para vehículos que utilizan el nuevo pavimento (%).']",{local},,,,,,,,,none
icare_0090,Adopción de drones eléctricos para entregas de última milla.,{mitigation},,{transportation},{off-road},{ghg_reduction},"Reemplazar los vehículos tradicionales con drones eléctricos para entregas de corta distancia en centros urbanos, reduciendo emisiones y congestión de tráfico.",2,0,0,0,0,1,1,,,60-79,,,,,low,<5 years,"['Desarrollo de regulaciones del espacio aéreo urbano para garantizar la operación segura y eficiente de drones de entrega.', 'Inversión en infraestructura de carga y mantenimiento para apoyar una flota de drones eléctricos.', 'Colaboración con empresas de logística para integrar drones en redes de entrega de última milla.']","['Reducción del tiempo de entrega en comparación con los métodos tradicionales (minutos).', 'Aumento en la satisfacción del cliente con las entregas mediante drones (%).', 'Reducción de la congestión del tráfico causada por vehículos de entrega (%).']",{local},,,,,,,,,none
icare_0091,Implementación de rutas priorizadas para vehículos sostenibles.,{mitigation},,{transportation},{on-road},{ghg_reduction},"Crear carriles prioritarios para vehículos eléctricos, híbridos y de bajas emisiones en los centros urbanos para fomentar su adopción y reducir la contaminación en áreas de alto tráfico.",2,0,0,0,0,2,1,,,60-79,,,,,medium,5-10 years,"['Implementación de sistemas de gestión del tráfico para hacer cumplir y monitorear el uso de carriles prioritarios.', 'Desarrollo de señalización clara y campañas de concienciación pública para informar a los conductores sobre la elegibilidad y el uso de los carriles.', 'Establecimiento de marcos regulatorios que incentiven la adopción de vehículos de bajas emisiones para la elegibilidad en carriles prioritarios.']","['Porcentaje de vehículos sostenibles utilizando rutas prioritarias.', 'Aumento en la eficiencia de entrega de bienes transportados a través de rutas prioritarias (%).', 'Tasa de aceptación pública de rutas prioritarias para vehículos sostenibles (%).']",{local},,,,,,,,,none
icare_0092,Desarrollo de micro-centros logísticos para fomentar el uso de bicicletas de carga eléctricas.,{mitigation},,{transportation},{on-road},{ghg_reduction},"Crear centros logísticos a pequeña escala en barrios urbanos para facilitar las entregas utilizando bicicletas de carga eléctricas, mientras se implementan incentivos fiscales o subsidios para que las empresas adopten estas bicicletas como modo de transporte, reduciendo las emisiones y mejorando la eficiencia de las entregas en áreas densamente pobladas.",1,0,0,1,0,2,1,,,20-39,,,,,low,<5 years,"['Identificación y desarrollo de ubicaciones adecuadas para centros logísticos a pequeña escala dentro de los vecindarios urbanos.', 'Provisión de incentivos fiscales, subsidios o subvenciones para alentar a las empresas a hacer la transición a bicicletas de carga eléctricas.', 'Establecimiento de asociaciones con empresas de logística para garantizar la integración y eficiencia en las operaciones de entrega utilizando estos centros.']","['Reducción en la distancia recorrida por vehículos de entrega tradicionales (km/año).', 'Aumento en la eficiencia operativa de los centros logísticos (%).', 'Número de empresas que utilizan micro-centros logísticos para entregas.']",{local},,,,,,,,,none
icare_0094,Adopción de biometano en flotas públicas.,{mitigation},,{transportation},{on-road},{ghg_reduction},"Utilizar biometano producido a partir de residuos urbanos y agroindustriales para alimentar autobuses y camiones públicos, reduciendo las emisiones de gases de efecto invernadero en las flotas municipales.",2,1,0,1,0,1,1,,,60-79,,,,,medium,<5 years,"['Desarrollo de infraestructura para la producción, procesamiento y distribución de biometano a partir de residuos urbanos y agroindustriales.', 'Adaptación o adquisición de autobuses y camiones públicos capaces de utilizar biometano como fuente de combustible.', 'Establecimiento de políticas e incentivos financieros para apoyar la producción de biometano y su integración en las flotas municipales.']","['Ahorro de costos en la operación de la flota debido al uso de biometano (USD/año).', 'Aumento en la capacidad de producción de biometano (%).', 'Porcentaje de biometano obtenido localmente versus importado.']",{local},,,,,,,,,none
icare_0095,"Creación de incentivos fiscales y subsidios para empresas y ciudadanos que adopten tecnologías de transporte de bajas emisiones de carbono, como vehículos eléctricos e híbridos.",{mitigation},,{transportation},{on-road},{ghg_reduction},"Esta acción tiene como objetivo fomentar la adopción generalizada del transporte de bajas emisiones de carbono mediante la oferta de incentivos financieros. Al proporcionar desgravaciones fiscales, subsidios o reembolsos para empresas e individuos que cambien a vehículos eléctricos o híbridos, se reducen las barreras económicas para adoptar opciones de transporte más sostenibles. Esto no solo ayuda a disminuir las emisiones de gases de efecto invernadero, sino que también promueve el crecimiento de la economía verde y apoya la transición hacia un sistema de transporte más sostenible y de bajas emisiones de carbono en diversas regiones, incluidas áreas urbanas y rurales.",1,0,0,-1,0,1,1,,,60-79,,,,,high,5-10 years,"['Ofrecer incentivos financieros como desgravaciones fiscales y subsidios para el transporte bajo en carbono.', 'Lanzar campañas de concienciación para educar al público sobre los beneficios de los vehículos eléctricos e híbridos.', 'Asegurar la disponibilidad de infraestructura de carga y alinear políticas en áreas urbanas y rurales.']","['Número de vehículos eléctricos e híbridos en circulación en la ciudad.', 'Porcentaje de reducción de emisiones de CO₂ del sector del transporte (%).', 'Número de incentivos fiscales o subsidios otorgados (en R$ o número de beneficiarios).']",{local},,,,,,,,,none
icare_0096,Promover la Agricultura Orgánica,{mitigation},,{afolu},{agriculture_forestry_and_fishing_activities},{ghg_reduction},Fomentar la adopción de prácticas de agricultura orgánica que eviten el uso de productos químicos y contribuyan a la salud del suelo y la captura de carbono.,2,2,2,1,0,0,2,,,,,,60-79,,medium,5-10 years,"['Provisión de incentivos financieros, subsidios o subvenciones para apoyar la transición a prácticas de agricultura orgánica.', 'Desarrollo de redes de capacitación y apoyo para educar a los agricultores sobre métodos de agricultura orgánica y sus beneficios.', 'Establecimiento de sistemas de certificación y estrategias de acceso al mercado para asegurar la viabilidad económica de los productos orgánicos.']","['Porcentaje de tierras agrícolas bajo prácticas de agricultura orgánica (%).', 'Aumento en el contenido de carbono orgánico del suelo (toneladas de carbono por hectárea).', 'Reducción en el uso de fertilizantes químicos y pesticidas (kilogramos/hectárea/año).']",{local},,,,,,,,,none
icare_0097,Apoyar la Generación de Energía Distribuida en Residencias y Negocios,{mitigation},,{stationary_energy},{residential_buildings},{ghg_reduction},Facilitar el uso de paneles solares y otras tecnologías de energía renovable en hogares y edificios comerciales.,0,0,0,1,1,0,2,,60-79,,,,,,medium,<5 years,"['Proporcionar incentivos financieros, regulaciones claras de instalación y acceso a tecnologías asequibles para paneles solares.', 'Lanzar campañas de concienciación pública y ofrecer capacitación para propietarios de viviendas y empresas.', 'Fomentar la adopción de tecnologías de energía renovable para promover ahorros energéticos a largo plazo.']","['Capacidad instalada de generación de energía distribuida (MW).', 'Porcentaje de hogares y negocios que generan su propia energía (%).', 'Reducción de emisiones de CO₂ a través de la generación distribuida (tCO₂e/año).']",{local},,,,,,,,,none
icare_0099,Apoyar los Programas de Certificación Agroecológica,{mitigation},,{afolu},{agriculture_forestry_and_fishing_activities},{ghg_reduction},Fomentar la certificación de productos agroecológicos que cumplan con criterios de sostenibilidad y tengan bajo impacto ambiental.,1,1,2,1,0,0,2,,,,,,20-39,,low,<5 years,"['Desarrollo de estándares de certificación claros y accesibles para productos agroecológicos que enfatizan la sostenibilidad y el bajo impacto ambiental.', 'Apoyo a los agricultores y productores para cumplir con los requisitos de certificación a través de capacitación, asistencia financiera o orientación técnica.', 'Creación de estrategias de marketing y asociaciones para aumentar la visibilidad y la demanda de productos agroecológicos certificados en los mercados locales y globales.']","['Número de agricultores o productores que obtienen certificaciones agroecológicas.', 'Porcentaje de productos agrícolas certificados en el mercado (%).', 'Reducción en el uso de insumos sintéticos (por ejemplo, fertilizantes, pesticidas).']",{local},,,,,,,,,none
icare_0100,Apoyar las Prácticas de Agricultura Regenerativa,{mitigation},,{afolu},{agriculture_forestry_and_fishing_activities},{ghg_reduction},Apoyar prácticas agrícolas regenerativas que se centren en restaurar la salud del suelo y reducir las emisiones de carbono.,2,2,2,1,0,0,2,,,,,,60-79,,medium,5-10 years,"['Desarrollo de programas de capacitación y recursos para educar a los agricultores sobre técnicas agrícolas regenerativas, como el cultivo de cobertura y la reducción de la labranza.', 'Implementación de incentivos financieros o subsidios para apoyar la adopción de prácticas regenerativas.', 'Colaboración con instituciones de investigación agrícola para monitorear y documentar la efectividad de las prácticas regenerativas en la captura de carbono y la mejora de la salud del suelo.']","['Aumento en los niveles de carbono orgánico del suelo (toneladas/hectárea).', 'Reducción en el uso de agua por hectárea en la producción agrícola (%).', 'Número de proyectos piloto de agricultura regenerativa implementados.']",{local},,,,,,,,,none
icare_0101,Fomentar el uso de maquinaria agrícola de bajas emisiones,{mitigation},,{afolu},{agriculture_forestry_and_fishing_activities},{ghg_reduction},"Promover el uso de maquinaria agrícola de bajas emisiones de carbono, como tractores y equipos impulsados por biocombustibles o energía solar.",2,1,1,0,0,0,1,,,,,,60-79,,medium,5-10 years,"['Establecimiento de programas de financiación o incentivos para que los agricultores compren maquinaria agrícola de bajas emisiones de carbono.', 'Desarrollo de asociaciones con fabricantes de maquinaria para crear y distribuir soluciones de equipos sostenibles.', 'Implementación de programas de capacitación y apoyo para ayudar a los agricultores a integrar y mantener maquinaria agrícola de bajas emisiones de carbono.']","['Reducción de emisiones de maquinaria agrícola (toneladas de CO₂e/año).', 'Número de subsidios o incentivos proporcionados para maquinaria de bajas emisiones.', 'Porcentaje de agricultores capacitados para operar maquinaria de bajas emisiones.']",{local},,,,,,,,,none
icare_0103,Organizar eventos para promover tecnologías de energía limpia,{mitigation},,{stationary_energy},{non-specified_sources},{ghg_reduction},"Organizar exposiciones, talleres y conferencias para mostrar soluciones innovadoras de energía limpia y fomentar la colaboración entre las partes interesadas.",0,0,0,0,0,0,2,,20-39,,,,,,low,<5 years,"['Organización de exposiciones, talleres y conferencias para destacar soluciones innovadoras de energía limpia.', 'Facilitación de la colaboración entre las partes interesadas en el sector de la energía limpia.', 'Promoción del intercambio de conocimientos y concienciación sobre prácticas energéticas sostenibles.']","['Número de eventos organizados anualmente.', 'Niveles de asistencia y participación (% de aumento en comparación con el año anterior).', 'Adopción de tecnologías de energía limpia por los participantes después del evento (%).']",{local},,,,,,,,,none
icare_0104,Adoptar sistemas híbridos de energía renovable (solar-eólica),{mitigation},,{stationary_energy},{energy_generation_supplied_to_the_grid},{ghg_reduction},"Combinar tecnologías de energía solar y eólica para crear sistemas de energía renovable confiables y diversificados, adecuados para diversas condiciones ambientales.",0,0,0,0,0,0,1,,80-100,,,,,,high,>10 years,"['Disponibilidad de recursos financieros para invertir en sistemas e infraestructuras de energía solar y eólica combinadas', 'Acceso a experiencia técnica para diseñar e implementar sistemas de energía renovable híbridos adaptados a condiciones ambientales específicas', 'Desarrollo de políticas de apoyo y marcos regulatorios para integrar tecnologías solares y eólicas en la red energética y asegurar su operación eficiente']","['Capacidad total del sistema híbrido instalada (MW).', 'Porcentaje de la demanda de energía cubierta por sistemas híbridos.', 'Reducción anual de emisiones de GEI (toneladas de CO₂e).']",{state},,,,,,,,,none
icare_0105,Reducir las pérdidas técnicas en las redes de distribución de energía,{mitigation},,{stationary_energy},{energy_industries},{ghg_reduction},"Actualizar y mantener la infraestructura eléctrica para minimizar la energía perdida durante la transmisión y distribución, mejorando la eficiencia general de la red.",2,0,0,1,0,0,1,,80-100,,,,,,medium,5-10 years,"['Disponibilidad de financiación para invertir en la modernización de la infraestructura eléctrica y la mejora de las redes de transmisión y distribución', 'Acceso a experiencia técnica para implementar mejoras que reduzcan las pérdidas de energía y mejoren la eficiencia de la red', 'Marcos políticos y regulatorios para garantizar el mantenimiento continuo y la integración de tecnologías energéticamente eficientes en la infraestructura de la red']","['Porcentaje de reducción en pérdidas técnicas desde la línea base (%).', 'Ahorro de energía logrado anualmente (kWh).', 'Emisiones de GEI evitadas mediante la reducción de pérdidas de energía (toneladas de CO₂e).']",{state},,,,,,,,,none
icare_0107,Expandir los servicios de tratamiento de aguas residuales,{mitigation},,{waste},{wastewater_generated_in_the_city},{ghg_reduction},Asegurar una cobertura integral de tratamiento de aguas residuales en los municipios.,0,1,1,0,0,0,0,,,,20-39,,,,medium,5-10 years,"['Establecer e implementar políticas para expandir la infraestructura de tratamiento de aguas residuales en los municipios.', 'Asegurar financiamiento para la construcción y mantenimiento de las instalaciones de tratamiento.', 'Monitorear y evaluar la efectividad de los sistemas de tratamiento de aguas residuales para garantizar una cobertura total y el cumplimiento de los estándares ambientales.']","['Porcentaje de aumento en la población atendida por sistemas de tratamiento de aguas residuales.', 'Volumen mensual promedio de aguas residuales tratadas (m³).', 'Reducción de la contaminación del agua en cuerpos de agua monitoreados.']",{local},,,,,,,,,none
icare_0110,Regular el Plan de Gestión de Residuos de Construcción,{mitigation},,{waste},{disposal_of_solid_waste_generated_in_the_city},{ghg_reduction},"Establecer directrices para la gestión eficiente de residuos, promoviendo la sostenibilidad mediante la reducción de residuos y la reutilización de materiales en proyectos de construcción.",0,1,1,0,0,0,0,,,,20-39,,,,medium,<5 years,"['Desarrollar directrices claras para la gestión de residuos en la construcción, centrándose en la reducción de residuos y la reutilización de materiales.', 'Promover el uso de materiales de construcción sostenibles y los principios de la economía circular en proyectos de construcción.', 'Proporcionar capacitación e incentivos para que las empresas de construcción adopten prácticas eficientes de gestión de residuos.']","['Porcentaje de contratistas que cumplen con el plan de gestión.', 'Cantidad mensual de residuos de construcción reciclados o reutilizados (toneladas/mes).', 'Reducción estimada en emisiones equivalentes de CO₂ debido a la gestión adecuada de residuos de construcción.']",{local},,,,,,,,,none
icare_0111,Fortalecer el sistema de logística inversa.,{mitigation},,{waste},{disposal_of_solid_waste_generated_in_the_city},{ghg_reduction},"Mejorar los procesos para devolver los productos al ciclo de producción, fomentando la recolección, reutilización y reciclaje.",0,1,1,1,0,0,1,,,,20-39,,,,medium,5-10 years,"['Desarrollar sistemas y políticas para facilitar la devolución de productos y su integración en el ciclo de producción.', 'Promover la recolección, reutilización y reciclaje a través de campañas de concienciación pública e incentivos.', 'Colaborar con fabricantes, minoristas y consumidores para asegurar procesos eficientes de devolución y reciclaje.']","['Cantidad de productos devueltos y procesados a través de logística inversa (unidades o toneladas/mes).', 'Porcentaje de sectores industriales con programas activos de logística inversa.', 'Reducción anual estimada de emisiones equivalentes de CO₂ mediante la reutilización y el reciclaje de materiales.']",{state},,,,,,,,,none
icare_0112,Universalizar la recolección y tratamiento de aguas residuales,{mitigation},,{waste},{wastewater_generated_in_the_city},{ghg_reduction},"Universalizar la recolección y tratamiento de aguas residuales, implementar sistemas de monitoreo efectivos para prevenir descargas ilegales de hogares, negocios e industrias, y monitorear continuamente la calidad del agua.",0,2,1,0,1,0,0,,,,20-39,,,,high,5-10 years,"['Expandir la infraestructura de recolección y tratamiento de aguas residuales para garantizar una cobertura universal.', 'Implementar sistemas de monitoreo para detectar y prevenir descargas ilegales de hogares, negocios e industrias.', 'Establecer sistemas de monitoreo continuo de la calidad del agua para asegurar el cumplimiento y proteger la salud pública.']","['Porcentaje de la comunidad cubierta por la recolección y tratamiento de aguas residuales.', 'Reducción en la incidencia de enfermedades relacionadas con el saneamiento deficiente.', 'Volumen de aguas residuales tratadas en comparación con el volumen recolectado (eficiencia del sistema, %).']",{state},,,,,,,,,none
icare_0113,Universalizar la cobertura del servicio de recolección selectiva de residuos para materiales secos,{mitigation},,{waste},{disposal_of_solid_waste_generated_in_the_city},{ghg_reduction},Aumentar la capacidad de tratamiento de residuos de las cooperativas y movilizar esfuerzos para expandir la adopción de residuos reciclados por parte de la industria.,0,1,1,1,0,0,2,,,,20-39,,,,high,5-10 years,"['Aumentar la inversión en infraestructura y capacitación para mejorar la capacidad de tratamiento de residuos de las cooperativas.', 'Implementar políticas para incentivar a la industria del reciclaje a expandir su uso de materiales reciclados.', 'Fomentar la colaboración entre cooperativas, gobierno e industria privada para mejorar los procesos y mercados de reciclaje.']","['Porcentaje de cobertura del servicio de recolección selectiva para materiales secos.', 'Cantidad mensual de materiales secos recolectados y enviados para reciclaje (toneladas/mes).', 'Reducción estimada en las emisiones de CO₂ equivalente debido al aumento de las tasas de reciclaje.']",{local},,,,,,,,,none
icare_0114,"Mejorar las regulaciones sobre el uso compartido, estacionamiento y carga de vehículos eléctricos o de cero emisiones.",{mitigation},,{transportation},{on-road},{ghg_reduction},"Reducir la proporción de vehículos impulsados por combustibles fósiles en la flota total de la ciudad mediante la regulación del uso compartido, circulación, estacionamiento y carga de vehículos de cero emisiones destinados al transporte individual.",1,0,0,-1,-1,1,0,,,20-39,,,,,low,<5 years,"['Implementar regulaciones para reducir la proporción de vehículos impulsados por combustibles fósiles y promover alternativas de cero emisiones.', 'Establecer directrices para el uso compartido, circulación, estacionamiento y carga de vehículos de cero emisiones.', 'Proporcionar incentivos y apoyo a la infraestructura para fomentar la adopción de vehículos de cero emisiones en el transporte individual.']","['Número de puntos de carga para vehículos eléctricos instalados en el municipio.', 'Tasa de crecimiento anual de la flota de vehículos eléctricos.', 'Reducción estimada de emisiones de CO₂ equivalente por la sustitución de vehículos convencionales.']",{local},,,,,,,,,none
icare_0115,Regular la adopción de criterios de eficiencia energética en edificios de acuerdo con los programas nacionales de conservación de energía.,{mitigation},,{stationary_energy},{commercial_and_institutional_buildings_and_facilities},{ghg_reduction},"Establecer marcos legales, técnicos y administrativos para hacer cumplir la integración de estándares de eficiencia energética en el diseño, construcción y operación de edificios. Esto incluye desarrollar políticas y directrices alineadas con las estrategias nacionales de conservación de energía, realizar inspecciones regulares para garantizar el cumplimiento y promover tecnologías y prácticas energéticamente eficientes en edificios nuevos y existentes.",0,0,0,0,0,0,2,,20-39,,,,,,low,<5 years,"['Establecer marcos legales, técnicos y administrativos para hacer cumplir los estándares de eficiencia energética en el diseño, construcción y operación de edificios.', 'Desarrollar políticas y directrices alineadas con las estrategias nacionales de conservación de energía y realizar inspecciones regulares para verificar el cumplimiento.', 'Promover la adopción de tecnologías y prácticas energéticamente eficientes tanto en edificios nuevos como existentes.']","['Porcentaje de nuevos edificios que cumplen con los criterios de eficiencia energética.', 'Reducción estimada en el consumo de electricidad en edificios monitoreados (kWh/año).', 'Reducción estimada en las emisiones equivalentes de CO₂ al adoptar medidas de eficiencia energética.']",{national},,,,,,,,,none
icare_0117,Aumentar el atractivo del sistema de autobuses municipales para promover este modo de transporte.,{mitigation},,{transportation},{on-road},{ghg_reduction},"Aumentar la calidad de la prestación del servicio de transporte, con el objetivo de cambiar el modo de transporte de los pasajeros del transporte motorizado privado al transporte público, reduciendo así las emisiones generadas por coches y motocicletas.",2,0,0,1,0,2,0,,,60-79,,,,,medium,5-10 years,"['Mejorar la calidad de los servicios de transporte público para atraer pasajeros del transporte motorizado privado.', 'Implementar políticas e infraestructuras que apoyen y mejoren la eficiencia de los sistemas de transporte público.', 'Promover la concienciación sobre los beneficios ambientales del transporte público para fomentar un cambio modal y reducir las emisiones.']","['Aumento anual en el número de pasajeros que utilizan el sistema de autobuses municipales.', 'Porcentaje de rutas de autobús con mejor fiabilidad en el tiempo de viaje.', 'Reducción estimada en las emisiones equivalentes de CO₂ debido al aumento del uso del transporte público.']",{local},,,,,,,,,none
icare_0118,Promover el uso de bicicletas como un modo de transporte regular mediante la expansión de la infraestructura y estrategias de concienciación y comunicación.,{mitigation},,{transportation},{on-road},{ghg_reduction},"Fomentar la adopción de bicicletas como un modo de transporte regular mediante la expansión de la infraestructura para ciclistas, como carriles bici dedicados, instalaciones de estacionamiento y estaciones de reparación. Además, implementar campañas de concienciación y estrategias de comunicación para resaltar los beneficios ambientales, de salud y económicos del ciclismo, con el objetivo de aumentar la participación pública y hacer del ciclismo una opción de transporte viable y sostenible para el desplazamiento diario.",2,0,0,1,1,2,1,,,60-79,,,,,medium,5-10 years,"['Expandir la infraestructura para bicicletas, incluyendo carriles exclusivos para bicicletas, instalaciones de estacionamiento y estaciones de reparación.', 'Implementar campañas de concienciación para resaltar los beneficios ambientales, de salud y económicos del ciclismo.', 'Promover la participación pública a través de estrategias de comunicación, haciendo del ciclismo una opción viable y sostenible para el desplazamiento diario.']","['Longitud de los nuevos carriles bici añadidos a la red urbana (km).', 'Aumento anual en el número de usuarios de bicicletas en áreas urbanas.', 'Reducción estimada en las emisiones de CO₂ equivalente por el cambio al ciclismo.']",{local},,,,,,,,,none
icare_0119,Maximizar los procesos de compostaje.,{mitigation},,{waste},{biological_treatment_of_waste_generated_in_the_city},{ghg_reduction},"La acción tiene como objetivo aumentar la cantidad de residuos orgánicos tratados mediante procesos de compostaje, precediendo la biodigestión siempre que sea posible, y produciendo compost que pueda ser utilizado para actividades relacionadas con la plantación y el mantenimiento de áreas verdes públicas.",0,0,0,1,1,0,1,,,,20-39,,,,high,<5 years,"['Expansión de los procesos de compostaje para tratar los residuos orgánicos, con la biodigestión como un paso preliminar cuando sea posible.', 'Producción de compost para su uso en la plantación y mantenimiento de áreas verdes públicas.', 'Desarrollo de infraestructura y sistemas para apoyar el aumento del tratamiento de residuos orgánicos.']","['La cantidad mensual de residuos orgánicos desviados a instalaciones de compostaje se mide en toneladas.', 'También se registra el porcentaje de hogares y empresas que participan en programas de compostaje.', 'La reducción estimada de emisiones de metano por la descomposición de residuos orgánicos en vertederos es un indicador clave del impacto ambiental.']",{local},,,,,,,,,none
icare_0120,"Implementar criterios e indicadores de eficiencia energética en la adquisición de bienes, servicios o trabajos por parte de la administración pública municipal.",{mitigation},,{stationary_energy},{non-specified_sources},{ghg_reduction},"Los proyectos arquitectónicos para todas las renovaciones y construcciones contratadas deben ser diseñados para minimizar el uso de iluminación artificial y enfriamiento interno, permitiendo el uso de luz natural y ventilación cruzada.",0,0,0,0,0,0,1,,20-39,,,,,,low,<5 years,"['Diseños arquitectónicos para priorizar la luz natural y la ventilación cruzada.', 'Minimización de la iluminación artificial y las necesidades de enfriamiento interno en todas las renovaciones y construcciones.', 'Cumplimiento con los estándares de construcción sostenible en proyectos contratados.']","['Porcentaje de contratos de adquisición municipal que incluyen criterios de eficiencia energética.', 'Reducción en el consumo de energía de bienes o servicios adquiridos (kWh/año).', 'Reducción estimada en emisiones equivalentes de CO₂ por adquisiciones públicas energéticamente eficientes.']",{local},,,,,,,,,none
icare_0121,"Incentivo para crear programas de bicicletas compartidas en áreas urbanas, con un enfoque en bicicletas eléctricas.",{mitigation},,{transportation},{on-road},{ghg_reduction},"Esta acción fomenta el establecimiento de sistemas de bicicletas compartidas en las ciudades, promoviendo específicamente el uso de bicicletas eléctricas. Estos sistemas permiten a los residentes alquilar bicicletas eléctricas para viajes cortos, reduciendo la dependencia de los automóviles para el transporte urbano. Al integrar bicicletas eléctricas, las ciudades pueden reducir aún más las emisiones de gases de efecto invernadero, aliviar la congestión del tráfico y promover un modo de transporte más saludable y sostenible tanto para áreas urbanas como rurales. Esta iniciativa también apoya la igualdad de movilidad, ya que hace que las bicicletas sean más accesibles para un rango más amplio de personas.",2,0,0,1,0,2,1,,,60-79,,,,,medium,<5 years,"['Establecimiento de sistemas de bicicletas compartidas con un enfoque en bicicletas eléctricas para reducir la dependencia del automóvil.', 'Integración de bicicletas eléctricas para reducir las emisiones de gases de efecto invernadero, aliviar la congestión del tráfico y promover el transporte sostenible.', 'Promoción de la igualdad de movilidad haciendo que las bicicletas eléctricas sean accesibles para una población más amplia.']","['Número de bicicletas eléctricas disponibles en programas de bicicletas compartidas.', 'Aumento anual en usuarios de bicicletas compartidas.', 'Reducción estimada en emisiones equivalentes de CO₂ por la adopción de bicicletas eléctricas compartidas.']",{local},,,,,,,,,none
icare_0122,Establecer eco-parques.,{mitigation},,{waste},{land},{ghg_reduction},"Un eco-parque es una instalación para el tratamiento mecánico y biológico de residuos sólidos urbanos, integrando diferentes tecnologías para la segregación y tratamiento de varias fracciones dentro de los residuos. Este tratamiento tiene como objetivo maximizar la recuperación de residuos secos y orgánicos y reducir el volumen de residuos a ser enviados para su disposición final en vertederos, utilizando tecnologías como la generación de energía, compostaje, recuperación de reciclaje, disposición adecuada de residuos residuales y otros métodos de tratamiento existentes disponibles en el mercado.",1,1,2,0,1,0,0,,,,20-39,,,,medium,<5 years,"['Implementación de eco-parques para el tratamiento mecánico y biológico de residuos sólidos urbanos.', 'Integración de tecnologías como generación de energía, compostaje, recuperación de reciclaje y disposición adecuada de residuos residuales.', 'Maximización de la recuperación de residuos secos y orgánicos para reducir los volúmenes de disposición en vertederos.']","['Área total cubierta por eco-parques en la ciudad (hectáreas).', 'Aumento en el número de visitantes a los eco-parques anualmente.', 'Mejora en los índices de biodiversidad local dentro de las áreas de los eco-parques.']",{local},,,,,,,,,none
icare_0124,Promover y apoyar el uso y cultivo de biocombustibles sostenibles.,{mitigation},,{transportation},{agriculture_forestry_and_fishing_activities},{ghg_reduction},Fomentar el uso de biocombustibles sostenibles en diversas formas de transporte y apoyar la producción de materias primas de bajo impacto para garantizar un suministro constante y sostenible de biocombustibles.,1,1,1,-1,0,1,0,,,20-39,,,,,medium,5-10 years,"['Promover la adopción de biocombustibles sostenibles en varios modos de transporte.', 'Apoyar el desarrollo de materias primas de bajo impacto para garantizar un suministro sostenible de biocombustibles.', 'Establecer políticas e incentivos para impulsar la producción de biocombustibles y reducir el impacto ambiental.']","['Área total cultivada para la producción sostenible de biocombustibles (hectáreas).', 'Volumen de biocombustible producido y consumido anualmente (litros/año).', 'Reducción de emisiones de CO₂ en comparación con el uso de combustibles fósiles (tCO₂e/año).']",{national},,,,,,,,,none
icare_0127,Acelerar la Regularización Ambiental de Propiedades Rurales,{mitigation},,{afolu},{agriculture_forestry_and_fishing_activities},{ghg_reduction},Implementar programas para registrar propiedades en el Registro Ambiental Rural (CAR) y adherirse a los compromisos de restauración ambiental.,1,2,1,0,0,0,1,,,,,,60-79,,medium,5-10 years,"['Acceso a plataformas digitales y capacitación técnica para los procesos de registro y restauración de propiedades.', 'Incentivos financieros y asociaciones con agencias ambientales para apoyar la implementación.', 'Mecanismos de monitoreo y cumplimiento para asegurar el cumplimiento de los compromisos de restauración.']","['Número de propiedades rurales con Registro Ambiental Rural (CAR) regularizado.', 'Área total de vegetación nativa protegida o restaurada en propiedades regularizadas (hectáreas).', 'Reducción anual de emisiones de gases de efecto invernadero (tCO₂e) debido a la regularización.']",{local},,,,,,,,,none
icare_0128,Establecer Programas Municipales de Pago por Servicios Ambientales (PES),{mitigation},,{afolu},{land},{ghg_reduction},Implementar programas que paguen a los propietarios de tierras por mantener o mejorar las condiciones ambientales en sus propiedades.,1,2,2,-1,0,0,2,,,,,,60-79,,medium,<5 years,"['Creación de mecanismos de financiación y criterios de elegibilidad claros con indicadores de rendimiento.', 'Alianzas con organizaciones ambientales y campañas de concienciación para fomentar la participación.', 'Integración con marcos legales para garantizar la sostenibilidad del programa.']","['Número de contratos activos de Pago por Servicios Ambientales (PES) firmados.', 'Área total bajo prácticas de conservación o restauración incentivadas (hectáreas).', 'Cantidad de carbono secuestrado o emisiones evitadas a través de acciones de PES (tCO₂e/año).']",{local},,,,,,,,,none
icare_0129,Facilitar la Transferencia de Tecnología para Prácticas de Conservación,{mitigation},,{afolu},{agriculture_forestry_and_fishing_activities},{ghg_reduction},"Promover la adopción de prácticas agrícolas sostenibles mediante la capacitación, proyectos piloto y demostraciones tecnológicas.",1,1,2,0,0,0,2,,,,,,60-79,,medium,<5 years,"['Provisión de programas de capacitación y establecimiento de proyectos piloto para mostrar prácticas sostenibles.', 'Alianzas con instituciones de investigación para el desarrollo de tecnología e incentivos financieros para fomentar la adopción.', 'Acceso a asistencia técnica para una implementación exitosa.']","['Número de tecnologías de conservación transferidas y aplicadas en las granjas.', 'Porcentaje de productores capacitados para implementar prácticas de conservación.', 'Reducción en la degradación del suelo o aumento en la cobertura vegetal (hectáreas).']",{local},,,,,,,,,none
icare_0132,Fomentar la Producción Agroecológica Local y las Cadenas de Suministro Cortas,{mitigation},,{afolu},{agriculture_forestry_and_fishing_activities},{ghg_reduction},Apoyar prácticas agrícolas locales y sostenibles y reducir las emisiones asociadas con el transporte de alimentos.,1,2,1,1,0,0,2,,,,,,20-39,,low,<5 years,"['Incentivos para prácticas agrícolas sostenibles y desarrollo de redes locales de distribución de alimentos.', 'Alianzas con productores e inversión en infraestructura para apoyar los mercados locales.', 'Políticas para priorizar métodos de transporte de bajas emisiones.']","['Número de productores que se adhieren a prácticas agroecológicas locales.', 'Porcentaje de alimentos consumidos en la ciudad provenientes de cadenas cortas.', 'Reducción de emisiones asociadas con el transporte de alimentos (tCO₂e).']",{local},,,,,,,,,none
icare_0133,Promover la Reforestación Urbana y los Corredores Verdes,{mitigation},,{afolu},{land},{ghg_reduction},Aumentar la cobertura arbórea urbana para mitigar el efecto de isla de calor urbano y mejorar la biodiversidad.,2,1,2,1,0,1,1,,,,,,80-100,,medium,5-10 years,"['Identificación de áreas prioritarias y selección de especies nativas y resilientes al clima para la plantación de árboles.', 'Alianzas con organizaciones locales y viveros, y asignación de recursos para la plantación y el mantenimiento.', 'Participación comunitaria para garantizar el cuidado y apoyo a largo plazo.']","['Aumento en la cobertura de dosel arbóreo urbano (%)', 'Longitud total de corredores verdes creados o restaurados (kilómetros)', 'Reducción en las temperaturas del efecto de isla de calor urbano (°C)']",{local},,,,,,,,,none
icare_0134,Fortalecer los Mecanismos para el Control de la Deforestación,{mitigation},,{afolu},{land},{ghg_reduction},Mejorar la supervisión y la aplicación de la ley para prevenir la deforestación ilegal y promover el uso sostenible de la tierra.,2,2,2,0,0,0,2,,,,,,80-100,,medium,5-10 years,"['Fuerte marco legal, tecnologías de monitoreo avanzadas (satélites y drones), y desarrollo de capacidades para las autoridades locales.', 'Colaboración con las comunidades locales y financiación adecuada para los esfuerzos de aplicación.', 'Transparencia y responsabilidad en los informes para garantizar una implementación efectiva.']","['Área total monitoreada para la deforestación (hectáreas/año).', 'Reducción en la tasa anual de deforestación (%).', 'Cantidad de emisiones evitadas al reducir la deforestación (tCO₂e).']",{national},,,,,,,,,none
icare_0135,Asegurar que el 100% de la flota utilizada por el Municipio (o subcontratada) sea de cero emisiones.,{mitigation},,{transportation},{on-road},{ghg_reduction},La acción tiene como objetivo reemplazar el 50% de la flota municipal o subcontratada con vehículos de cero emisiones para 2030 y el 100% de la flota para 2040.,2,0,0,-1,0,0,0,,,80-100,,,,,high,5-10 years,"['Reemplazo del 50% de la flota municipal o subcontratada con vehículos de cero emisiones para 2030.', 'Transición a vehículos de cero emisiones al 100% en la flota para 2040.', 'Desarrollo de infraestructura y políticas de adquisición para apoyar la adopción de vehículos de cero emisiones.']","['El porcentaje de la flota municipal que ha sido convertida a vehículos de cero emisiones.', 'Reducción anual en el consumo de combustible de las operaciones municipales.', 'Reducción estimada en las emisiones equivalentes de CO2 por la electrificación de la flota.']",{local},,,,,,,,,none
icare_0136,Apoyar la Implementación de Incentivos Fiscales Ecológicos,{mitigation},,{afolu},{land},{ghg_reduction},Fomentar la aplicación de impuestos ecológicos e incentivos para promover la conservación ambiental.,1,1,2,1,0,0,2,,,,,,20-39,,low,<5 years,"['Establecer un marco regulatorio claro con tasas impositivas justas e incentivos para la sostenibilidad.', 'Implementar sistemas de monitoreo efectivos para rastrear el cumplimiento y medir el impacto.', 'Promover la concienciación pública y fomentar la colaboración entre gobiernos, empresas y comunidades.']","['Número de municipios que han adoptado incentivos fiscales ambientales.', 'Porcentaje de ingresos fiscales gastados en prácticas sostenibles.', 'Superficie o número de propiedades que se benefician de prácticas de conservación como resultado de los incentivos.']",{state},,,,,,,,,none
icare_0137,Reemplazar la iluminación ineficiente con tecnología LED en espacios públicos,{mitigation},,{stationary_energy},{commercial_and_institutional_buildings_and_facilities},{ghg_reduction},"Esta acción se centra en reemplazar los sistemas de iluminación obsoletos e ineficientes en espacios públicos con tecnología LED de bajo consumo energético. El objetivo es mejorar la eficiencia energética, reducir los costos operativos y disminuir las emisiones de carbono, contribuyendo a una infraestructura municipal más sostenible y respetuosa con el medio ambiente.",0,0,0,0,1,1,0,,20-39,,,,,,medium,<5 years,"['Invertir en tecnología, desarrollar un plan de acción y asegurar financiamiento para la instalación de LED.', 'Capacitar al personal municipal en la instalación y mantenimiento de iluminación eficiente en energía.', 'Asegurar una infraestructura de mantenimiento adecuada para maximizar el ahorro de energía y reducir las emisiones.']","['Porcentaje de iluminación pública reemplazada con tecnología LED (%).', 'Reducción en el consumo de electricidad de la iluminación pública (kWh/año).', 'Reducción de emisiones de CO₂ relacionadas con la iluminación pública (tCO₂e/año).']",{local},,,,,,,,,none
icare_0138,Estimular la Evaluación Comparativa de Energía en Edificios,{mitigation},,{stationary_energy},{residential_buildings},{ghg_reduction},Fomentar la comparación del rendimiento energético en edificios públicos.,0,0,0,0,0,0,2,,20-39,,,,,,low,<5 years,"['Establecer métricas estandarizadas y un sistema de reporte transparente para el rendimiento energético.', 'Proporcionar capacitación a los gerentes de instalaciones sobre eficiencia energética.', 'Ofrecer incentivos para fomentar mejoras en el rendimiento energético en edificios públicos.']","['Número de edificios que realizan una evaluación comparativa de energía anualmente.', 'Porcentaje de reducción en el consumo promedio de energía de los edificios monitoreados (%).', 'Ahorro de energía logrado en los edificios participantes (kWh/año).']",{local},,,,,,,,,none
icare_0139,Implementación de peaje urbano.,{mitigation},,{transportation},{on-road},{ghg_reduction},Establecimiento de un cargo por congestión y/o rotación de matrículas para vehículos ligeros en áreas saturadas y en horarios saturados,2,0,0,-1,0,2,0,,,80-100,,,,,low,<5 years,"['Establecer un marco legal claro e invertir en tecnología para el monitoreo y la aplicación (por ejemplo, cámaras, sensores).', 'Lanzar campañas de concienciación y asegurar la disponibilidad de transporte público eficiente o soluciones de movilidad alternativas.', 'Colaborar con los gobiernos locales y las agencias de transporte, y establecer sistemas para monitorear y evaluar la efectividad de la política.']","['Reducción de emisiones de CO₂ del transporte por carretera urbano (tCO₂e/año).', 'Ingresos generados por la implementación del cargo por congestión urbana (R$).']",{local},,,,,,,,,none
icare_0140,Evaluación y Gestión del Riesgo de Deslizamientos de Tierra,{adaptation},{landslides},,,{climate_resilience},"Esta acción implica evaluar y gestionar los riesgos de deslizamientos de tierra mediante la recopilación de datos, el mapeo de áreas de peligro y la realización de simulaciones de evacuación. Su objetivo es reducir los riesgos asociados con los deslizamientos de tierra en áreas propensas a estos eventos.",1,2,2,1,1,1,2,,,,,,,high,low,<5 years,"['Marco integral de planificación y políticas', 'Participación de las partes interesadas', 'Desarrollo de capacidades y apoyo institucional']","['Tasas de erosión costera', 'Calidad del agua', 'Salud del hábitat']",{local},,,,,"""high""",,,,mountains
icare_0142,Mejora de los Sistemas de Abastecimiento de Agua y Saneamiento,{adaptation},{floods},,,{climate_resilience},"Esta acción implica la implementación de pozos artesianos, cisternas y sistemas de suministro de agua, así como la mejora de la calidad del agua y la expansión de los servicios de saneamiento en la ciudad.",0,2,1,1,1,0,1,,,,,,,high,medium,<5 years,"['Desarrollo de infraestructura', 'Recursos financieros', 'Experiencia técnica']","['Acceso a agua segura', 'Calidad del agua', 'Cobertura de saneamiento']",{local},,,"""high""",,,,,,none
icare_0143,Pago por Servicios Ambientales,{adaptation},,,,{climate_resilience},"Esta acción implica realizar pagos para la preservación de las áreas que rodean el principal embalse de agua para el consumo humano, probablemente como un incentivo para la conservación ambiental y la protección de los recursos hídricos.",1,2,2,1,1,0,1,,,,,,,high,low,5-10 years,"['Evaluación de servicios ecosistémicos', 'Mecanismos de financiación', 'Marco legal e institucional']","['Beneficios económicos', 'Cambio de uso de suelo', 'Participación comunitaria']",{local},,,,,,,,,none
icare_0144,Creación de un Programa de Apoyo Financiero para Abordar Eventos Climáticos Extremos,{adaptation},"{droughts,heatwaves,diseases,landslides,wildfires,floods,sea-level-rise,storms}",,,{climate_resilience},"Creación de un programa para mitigar los efectos de las tragedias climáticas, incluyendo asistencia financiera a las familias afectadas y esfuerzos para asegurar recursos adicionales para la recuperación y reconstrucción.",0,0,0,-1,1,1,2,,,,,,,medium,medium,5-10 years,"['Recursos financieros', 'Planes de respuesta de emergencia', 'Coordinación institucional']","['Número de personas asistidas', 'Rentabilidad', 'Resiliencia comunitaria']",{state},"""medium""","""medium""","""medium""","""medium""","""medium""","""medium""","""medium""","""medium""",none
icare_0145,Fortalecer la red de atención médica para atender a las víctimas del clima,{adaptation},"{heatwaves,diseases,landslides,floods,storms,droughts}",,,{climate_resilience},"Mejorar la infraestructura de las unidades de salud para asistir a las personas que requieren atención médica debido a impactos asociados con riesgos climáticos (víctimas del clima), como aquellos afectados por olas de calor o inundaciones, especialmente en áreas más vulnerables. Desarrollar planes de acción para preparar la red de salud para situaciones extremas relacionadas con el clima.",0,0,0,0,0,0,2,,,,,,,high,high,>10 years,"['Inversión en la renovación y expansión de las instalaciones de salud, asegurando que estén equipadas para manejar los impactos en la salud relacionados con el clima, especialmente en áreas vulnerables.', 'Desarrollo de planes de acción y programas de capacitación para profesionales de la salud para responder a eventos climáticos extremos como olas de calor e inundaciones.', 'Colaboración con autoridades locales, equipos de respuesta a emergencias y expertos en clima para crear un marco integral para preparar la red de salud ante los riesgos climáticos.']","['Número de instalaciones de salud mejoradas para emergencias relacionadas con el clima.', 'Aumento en el personal de salud capacitado en respuesta a emergencias climáticas (%).', 'Número de lesiones relacionadas con el clima tratadas con éxito. |||']",{national},"""medium""","""high""","""high""",,"""medium""","""high""",,"""medium""",none
icare_0146,Capacitar a las poblaciones más vulnerables para la agricultura de subsistencia,{adaptation},,,,{climate_resilience},"Capacitar a las comunidades en asentamientos informales para cultivar especies de plantas frutales en parcelas de patio trasero, azoteas y pequeñas camas para ayudar a generar ingresos y asegurar la soberanía alimentaria familiar, al tiempo que contribuyen al flujo genético y al aumento de la biodiversidad en los intersticios de los fragmentos forestales.",0,0,0,1,0,0,2,,,,,,,medium,low,5-10 years,"['Acceso a programas de formación y materiales para educar a las comunidades sobre prácticas de jardinería sostenible, incluyendo el cultivo de frutas y la mejora de la biodiversidad.', 'Disponibilidad de recursos, como semillas, herramientas y equipos, para apoyar el establecimiento de jardines a pequeña escala en asentamientos informales.', 'Colaboración con organizaciones ambientales locales, expertos agrícolas y urbanistas para asegurar la integración de estas iniciativas con objetivos de biodiversidad más amplios y planes de desarrollo urbano.']","['Número de sesiones de capacitación realizadas anualmente.', 'Mejora en los niveles de seguridad alimentaria entre las poblaciones vulnerables (%).', 'Reducción en la dependencia de suministros alimentarios externos para los hogares vulnerables (%).']",{national},,,,,,,,,none
icare_0147,Fortalecer el uso de criterios de justicia climática en el diseño de nuevos proyectos de infraestructura,{adaptation},"{droughts,heatwaves,diseases,landslides,floods,wildfires,storms,sea-level-rise}",,,{climate_resilience},"Crear un comité técnico-popular para monitorear nuevos proyectos de infraestructura y la aplicación de criterios de justicia climática, supervisando la distribución territorial del presupuesto público en relación con obras y acciones para la mitigación y adaptación al cambio climático, utilizando potencialmente comités existentes.",0,0,0,0,0,0,0,,,,,,,,low,<5 years,"['Establecimiento de un comité diverso con expertos técnicos, representantes de la comunidad y autoridades locales para garantizar una supervisión equilibrada.', 'Desarrollo de directrices y herramientas para evaluar criterios de justicia climática y asegurar una distribución equitativa de recursos para proyectos relacionados con el clima.', 'Colaboración con comités o instituciones existentes para aprovechar recursos, conocimientos y redes para una supervisión efectiva de proyectos de infraestructura y asignación de presupuestos.']","['Número de comunidades vulnerables consultadas durante la planificación del proyecto.', 'Reducción en las disparidades relacionadas con la infraestructura para poblaciones vulnerables (%).', 'Número de sesiones de capacitación realizadas para planificadores urbanos sobre justicia climática.']",,"""low""","""low""","""medium""","""medium""","""low""","""medium""","""low""","""low""",none
icare_0148,Crear el Foro Municipal de Cambio Climático,{adaptation},"{droughts,diseases,heatwaves,landslides,floods,wildfires,sea-level-rise,storms}",,,{climate_resilience},"Creación de un Foro Municipal de Cambio Climático con la participación de líderes comunitarios, científicos, colectivos, institutos de investigación, ONG y miembros de la administración municipal y estatal. El Foro servirá como referencia para acciones relacionadas con el Cambio Climático, con el objetivo de monitorear futuras políticas sobre el tema en el municipio, estimular el diálogo y crear una red de discusiones sobre la crisis climática.",0,0,0,0,0,0,2,,,,,,,medium,low,<5 years,"['Participación de diversos actores, incluidos líderes comunitarios, científicos, ONG y autoridades locales, para establecer y mantener el Foro.', 'Asignación de recursos para facilitar reuniones, talleres y eventos regulares para que el Foro permanezca activo e impactante.', 'Desarrollo de un marco claro y directrices para que el Foro monitoree y guíe las políticas e iniciativas de cambio climático dentro del municipio.']","['Porcentaje de partes interesadas clave participando activamente en el foro.', 'Número de políticas o acciones relacionadas con el clima propuestas a través del foro.', 'Participación pública en iniciativas del foro (medida por la asistencia a eventos o encuestas)']",{local},"""medium""","""medium""","""medium""","""medium""","""low""","""medium""","""medium""","""medium""",none
icare_0149,Fomentar prácticas sostenibles de uso de la tierra,{adaptation},"{droughts,heatwaves,landslides,floods,wildfires}",,,{climate_resilience},"Promover métodos que garanticen la conservación y salud del suelo, preservando la biodiversidad, reduciendo la erosión y minimizando los impactos ambientales.",1,2,1,1,0,0,1,,,,,,,medium,low,5-10 years,"['Proporcionar acceso a conocimientos técnicos y capacitación sobre prácticas de manejo sostenible del suelo.', 'Ofrecer incentivos financieros y formar asociaciones con instituciones de investigación y agricultores locales.', 'Desarrollar sistemas de monitoreo para la salud del suelo y la biodiversidad, e implementar políticas para el control de la erosión.']","['Porcentaje de área de tierra gestionada bajo prácticas de uso sostenible de la tierra (%)', 'Reducción en las tasas de deforestación o degradación de la tierra (%)', 'Aumento en los indicadores de biodiversidad en tierras gestionadas (por ejemplo, conteo de especies, calidad del hábitat)']",{local},"""medium""","""medium""","""medium""",,"""high""",,"""medium""",,none
icare_0150,Implementar el Programa de Reducción y Control de Pérdidas promoviendo la seguridad hídrica para el municipio,{adaptation},"{droughts,heatwaves,diseases}",,,{climate_resilience},"Asegurar la disponibilidad de agua en cantidad y calidad suficientes para la población de la ciudad. Implementar el Programa de Reducción y Control de Pérdidas, que tiene como objetivo reducir el consumo de agua per cápita, junto con la reducción de pérdidas físicas. Realizar estudios, regular y facilitar la reutilización de agua para fines no potables, e implementar equipos para el uso de agua de lluvia.",0,2,1,1,0,0,1,,,,,,,high,medium,5-10 years,"['Disponibilidad de financiamiento y experiencia técnica para implementar sistemas de reducción de pérdidas de agua, incluyendo mejoras en la infraestructura y tecnologías de monitoreo', 'Desarrollo de marcos regulatorios para apoyar la reutilización de agua para fines no potables y sistemas de recolección de agua de lluvia tanto en entornos residenciales como comerciales', 'Colaboración entre gobiernos locales, empresas de servicios públicos y comunidades para asegurar una gestión eficiente del agua y aumentar la conciencia sobre prácticas de conservación del agua']","['Porcentaje de reducción de pérdidas en el sistema de suministro de agua.', 'Índice de reducción del consumo de agua per cápita (litros).', 'Número de nuevas fuentes de suministro de agua implementadas.']",{local},"""high""","""high""",,,,,,"""medium""",none
icare_0151,Desarrollar diagnósticos y restaurar áreas de Zonas de Interés Social Especial (ZEIS),{adaptation},"{sea-level-rise,floods,landslides,diseases,heatwaves}",,,{climate_resilience},"Prioridad a las áreas ZEIS en acciones de mejora de vivienda y la aplicación de recursos del Fondo de Urbanización, con la implementación de infraestructura urbana que considere la adaptación climática en estos espacios. Uso de Soluciones basadas en la Naturaleza (NbS) en la adaptación del saneamiento ambiental y las infraestructuras verdes y azules que potencian el ocio, la cultura, la agricultura urbana y actividades para fortalecer las asociaciones comunitarias.",1,1,1,1,2,1,2,,,,,,,medium,medium,5-10 years,"['Disponibilidad de financiamiento del Fondo de Urbanización y otros mecanismos financieros para apoyar mejoras en la vivienda e infraestructura urbana en áreas ZEIS', 'Colaboración entre urbanistas, expertos ambientales y comunidades locales para diseñar e implementar soluciones basadas en la naturaleza (NbS) para la infraestructura urbana', 'Marcos de políticas y regulaciones que integren medidas de adaptación al clima en la planificación urbana, asegurando que las inversiones prioricen la sostenibilidad ambiental y la comunidad']","['Número de áreas ZEIS diagnosticadas y restauradas.', 'Porcentaje de residentes beneficiados por las áreas restauradas (%).', 'Inversiones públicas asignadas a las áreas ZEIS (monto en moneda).']",{local},,"""high""","""medium""","""medium""","""low""",,,"""medium""",none
icare_0152,Recuperación de áreas degradadas,{adaptation},"{droughts,heatwaves,landslides,floods}",,,{climate_resilience},"Restaurar los ecosistemas dañados por actividades humanas mediante la replantación de vegetación nativa, la restauración del suelo, la eliminación de especies invasoras y la implementación de técnicas de gestión sostenible.",1,2,2,0,0,0,1,,,,,,,high,medium,>10 years,"['Desarrollar un plan de restauración claro y asegurar financiamiento para la gestión a largo plazo.', 'Asegurar el acceso a especies de plantas nativas y proporcionar capacitación en prácticas sostenibles.', 'Eliminar especies invasoras y colaborar con las comunidades locales para una restauración exitosa del ecosistema.']","['Hectáreas de tierra degradada restauradas anualmente', 'Aumento en la cobertura vegetal (%) en áreas restauradas', 'Número de comunidades locales involucradas en proyectos de restauración']",{local},"""high""","""high""","""high""",,"""high""",,,,none
icare_0153,Crear un sistema de gestión costera,{adaptation},"{heatwaves,sea-level-rise,floods}",,,{climate_resilience},"Implementación de un sistema de gestión costera, que incluye la capacidad de carga de las playas, la ubicación y el número de titulares de permisos para carpas de playa según la vulnerabilidad ambiental de las secciones de la costa. El uso de un sistema de levantamiento de datos geoespaciales, la preservación de franjas de arena y la protección de manglares y arrecifes de coral son algunas de las acciones que apoyarán esta gestión.",1,2,2,0,0,0,2,,,,,,,high,medium,5-10 years,"['Desarrollo de un sistema de datos geoespaciales para evaluar y monitorear la vulnerabilidad ambiental de diferentes secciones costeras e informar las decisiones de gestión.', 'Colaboración con expertos ambientales, autoridades locales y titulares de permisos de playa para implementar prácticas y regulaciones sostenibles en áreas costeras.', 'Disponibilidad de financiamiento y recursos para la preservación de franjas de arena, manglares y arrecifes de coral, junto con la aplicación de políticas para proteger estos ecosistemas de la degradación.']","['Reducción en las tasas de erosión costera (%).', 'Aumento en las áreas costeras protegidas (hectáreas).', 'Número de comunidades beneficiadas por medidas de gestión costera.']",{national},,"""medium""","""high""","""high""",,,,,coastal_marine
icare_0154,Limpieza y Desobstrucción de Canales con Instalación de Eco-barreras,{adaptation},{floods},,,{climate_resilience},Limpieza y desobstrucción de canales en la ciudad para reducir el riesgo de inundaciones causadas por eventos de lluvias extremas. Instalación de eco-barreras para ayudar en los esfuerzos de limpieza y concienciar sobre los residuos sólidos.,1,2,1,1,1,1,1,,,,,,,medium,low,<5 years,"['Mantenimiento regular', 'Prácticas adecuadas de gestión de residuos']","['Reducción de inundaciones', 'Reducción de residuos', 'Costos de mantenimiento']",{local},,,"""medium""",,,,,,none
icare_0155,Preservación y Recuperación de Cuerpos de Agua,{adaptation},"{heatwaves,floods,landslides}",,,{climate_resilience},"Establecer metas para mejorar la calidad de los cuerpos receptores de agua, desarrollar programas para la recuperación de la vegetación (manantiales y riberas), y para el dragado y limpieza de cuerpos de agua mediante la eliminación de sedimentos y desechos.",0,2,2,1,0,0,1,,,,,,,high,high,5-10 years,"['Definir datos de calidad del agua de referencia y establecer sistemas de monitoreo.', 'Identificar áreas prioritarias para la recuperación de la vegetación y la eliminación de sedimentos con experiencia técnica.', 'Asegurar recursos financieros, equipos especializados y construir asociaciones para una implementación efectiva del programa y la participación comunitaria.']","['Porcentaje de cuerpos de agua mantenidos o restaurados.', 'Reducción de la contaminación de aguas residuales (toneladas/año).', 'Calidad del agua monitoreada (IQA).']",{local},,"""medium""","""high""",,"""medium""",,,,none
icare_0156,Implementación de huertos urbanos,{adaptation},"{heatwaves,landslides,floods}",,,{climate_resilience},Identificar y evaluar la viabilidad de áreas adecuadas para la instalación de huertos urbanos y asegurar que los sitios elegidos cumplan con las expectativas de la comunidad.,1,0,1,1,1,0,2,,,,,,,medium,low,<5 years,"['Asegurar la disponibilidad de mapas detallados de uso del suelo y datos de planificación urbana.', 'Involucrarse con las comunidades locales para comprender sus necesidades y expectativas.', 'Evaluar la calidad del suelo, la disponibilidad de agua y formar asociaciones para apoyar el establecimiento y mantenimiento de jardines.']","['Número de huertos urbanos creados.', 'Cantidad de alimentos producidos localmente (kg/año).', 'Número de beneficiarios directos.']",{local},,"""high""","""medium""",,"""low""",,,,none
icare_0157,Mantenimiento y Revitalización de Bosques Ribereños,{adaptation},"{heatwaves,landslides,floods,droughts}",,,{climate_resilience},"Mapeo y evaluación de bosques ribereños degradados, desarrollo de planes de revitalización con la plantación de especies nativas, control de especies invasoras, medidas de contención de la erosión y evaluaciones periódicas de los impactos en las condiciones ambientales.",1,2,2,0,0,0,1,,,,,,,medium,high,5-10 years,"['Asegurar la disponibilidad de datos geoespaciales y el mapeo previo de áreas degradadas.', 'Formar asociaciones con viveros locales y proporcionar equipo y mano de obra calificada para el control de especies invasoras.', 'Asegurar recursos financieros y establecer un sistema de monitoreo para evaluar los impactos ambientales.']","['Área total de bosques ribereños restaurados (ha).', 'Número de proyectos implementados.', 'Reducción de la erosión y sedimentación de cuerpos de agua (toneladas/año).']",{local},"""medium""","""medium""","""high""",,"""high""",,,,none
icare_0158,Desarrollar un plan estratégico para abordar el aumento del nivel medio del mar,{adaptation},{sea-level-rise},,,{climate_resilience},"Considerar alternativas como retirar la infraestructura urbana a lo largo de la costa, desalentar la instalación de construcciones permanentes, y donde la infraestructura ya está altamente desarrollada, utilizar bioingeniería/arrecifes artificiales y organismos constructores de arrecifes. En comunidades ribereñas, considerar la creación de barreras vivas mediante la conservación y restauración de manglares.",1,1,2,0,0,0,0,,,,,,,high,high,5-10 years,"['Retirar la infraestructura urbana a lo largo de la costa y desalentar las construcciones permanentes.', 'Implementación de soluciones de bioingeniería, arrecifes artificiales y organismos constructores de arrecifes en áreas altamente desarrolladas.', 'Creación de barreras vivas mediante la conservación y restauración de manglares en comunidades ribereñas.']","['Número de vecindarios/zonas costeras cubiertos por estrategias de mitigación.', 'Porcentaje de la población en áreas costeras informada sobre los riesgos (%).', 'Inversiones asignadas a infraestructura de adaptación (monto en moneda).']",,,,,"""high""",,,,,coastal_marine
icare_0159,Proteger la vegetación y los manglares restantes,{adaptation},"{floods,sea-level-rise,heatwaves}",,,{climate_resilience},"Desarrollar acciones para proteger la vegetación y los manglares restantes, incluyendo la identificación de áreas degradadas que deben ser priorizadas en proyectos de restauración, el desarrollo de planes de manejo, el cercado y señalización de Áreas de Preservación Permanente y Unidades de Conservación, la creación de corredores ecológicos y la definición de estrategias para monitorear áreas prioritarias.",2,2,2,1,0,0,1,,,,,,,high,medium,5-10 years,"['Protección de la vegetación restante y manglares a través de planes de restauración y gestión.', 'Identificación y priorización de áreas degradadas para proyectos de restauración.', 'Implementación de cercado, señalización de áreas protegidas, creación de corredores ecológicos y estrategias de monitoreo.']","['Área de vegetación/manglares protegidos (hectáreas).', 'Tasa anual de deforestación (% de reducción).', 'Toneladas de CO₂ equivalente secuestradas por año.']",{local},,"""high""","""high""","""high""",,,,,coastal_marine
icare_0160,Consolidar espacios para la coordinación intersectorial y la participación pública en la política climática,{adaptation},"{storms,sea-level-rise,wildfires,floods,landslides,diseases,heatwaves,droughts}",,,{climate_resilience},"Consolidar espacios para la coordinación intersectorial y la participación pública en la política climática, y crear grupos de trabajo con municipios vecinos para discutir una agenda climática común.",0,0,0,0,0,0,0,,,,,,,,low,<5 years,,"['Número de reuniones intersectoriales realizadas por año.', 'Porcentaje de la población que participa en foros climáticos (%).', 'Número de propuestas aceptadas e implementadas a través de consultas públicas.']",,"""medium""","""medium""","""low""","""low""","""low""","""low""","""low""","""medium""",none
icare_0161,Expandir proyectos de reforestación y recuperación de áreas degradadas,{adaptation},"{floods,landslides,diseases,heatwaves}",,,{climate_resilience},Esta acción tiene como objetivo promover varios proyectos de reforestación y recuperación de áreas degradadas.,0,0,0,0,0,0,0,,,,,,,,medium,5-10 years,,"['Número de estudios de investigación realizados anualmente.', 'Porcentaje de políticas ajustadas en función de los resultados de la investigación (%).', 'Número de partes interesadas que participan en discusiones de investigación de políticas anualmente.']",,,"""medium""","""high""",,"""high""",,,"""low""",none
icare_0162,Fortalecer los programas de control y conservación de áreas protegidas,{adaptation},"{floods,landslides,heatwaves,diseases}",,,{climate_resilience},"Esta acción se centra en implementar una serie de estrategias integradas para mejorar la conservación ambiental y maximizar sus beneficios, como la expansión de áreas protegidas, el desarrollo de planes de manejo para unidades de conservación y la capacitación de guías de ecoturismo para fortalecer el turismo sostenible.",2,2,2,0,0,0,1,,,,,,,high,medium,5-10 years,"['Expansión de áreas protegidas para mejorar la conservación ambiental.', 'Desarrollo de planes de manejo para unidades de conservación.', 'Capacitación de guías de ecoturismo para promover el turismo sostenible.']","['Porcentaje de aumento en el área de regiones protegidas (%).', 'Reducción en las tasas de deforestación en áreas protegidas anualmente (%).', 'Número de programas de conservación fortalecidos anualmente.']",{state},,"""medium""","""high""",,"""high""",,,"""medium""",none
icare_0163,Creación de una Brigada de Primera Respuesta para la Lucha contra Incendios,{adaptation},{wildfires},,,{climate_resilience},Creación de una Brigada de Primera Respuesta en comunidades rurales para proporcionarles capacitación y equipo para la prevención y extinción de incendios.,1,0,2,1,1,1,1,,,,,,,medium,low,<5 years,"['Educación sobre prevención de incendios', 'Apoyo y recursos continuos', 'Sistemas de comunicación']","['Tiempo de respuesta', 'Área quemada', 'Efectividad de la supresión de incendios']",{state},,,,,,,"""medium""",,none
icare_0165,Acción de Educación Ambiental,{adaptation},,,,{climate_resilience},"Implementación de una serie de acciones de educación ambiental, incluyendo la participación comunitaria en la plantación de árboles y actividades educativas en escuelas, etc.",0,0,0,0,0,0,2,,,,,,,medium,low,<5 years,"['Desarrollo del currículo', 'Capacitación de docentes', 'Participación comunitaria']","['Alcance y participación', 'Compromiso comunitario', 'Influencia en políticas y programas']",{local},,,,,,,,,none
icare_0166,Instalar estaciones meteorológicas y sistemas de monitoreo de calidad del aire y temperatura en áreas críticas,{adaptation},"{heatwaves,storms}",,,{climate_resilience},"Esta acción busca implementar estaciones de monitoreo de calidad del aire y temperatura. Por lo tanto, primero se deben realizar estudios y encuestas para identificar las áreas de la ciudad con las mayores concentraciones de contaminantes del aire y temperaturas elevadas, mediante mediciones móviles utilizando métodos de muestreo.",2,0,1,1,0,1,1,,,,,,,high,medium,5-10 years,"['Disponibilidad de financiación y experiencia técnica para establecer estaciones de monitoreo de calidad del aire y temperatura en ubicaciones clave', 'Realización de estudios y encuestas para identificar áreas con altas concentraciones de contaminantes y temperaturas elevadas mediante métodos de muestreo móvil', 'Colaboración con agencias ambientales y autoridades locales para integrar los datos recopilados en la planificación urbana y las estrategias de salud pública']","['Número de nuevas estaciones meteorológicas y de calidad del aire instaladas anualmente.', 'Porcentaje de cobertura de áreas críticas por sistemas de monitoreo (%).', 'Tiempo promedio para el procesamiento y difusión de datos de los sistemas de monitoreo (horas).']",{local},,"""high""",,,,"""medium""",,,none
icare_0167,Crear el Plan de Respuesta Multisectorial ante Olas de Calor y desarrollar las medidas para su implementación,{adaptation},{heatwaves},,,{climate_resilience},"El Plan de Respuesta Multisectorial a las Olas de Calor debe incluir los procedimientos que el municipio aplicará en respuesta a eventos de calor intenso, con un enfoque en las poblaciones más vulnerables.",1,0,0,1,0,0,2,,,,,,,medium,low,<5 years,"['Desarrollo de un Plan de Respuesta Multisectorial Integral para Olas de Calor que describa procedimientos específicos para gestionar eventos de calor', 'Identificación y mapeo de poblaciones vulnerables, como los ancianos y aquellos con condiciones de salud preexistentes, para asegurar intervenciones específicas', 'Coordinación con instalaciones de salud, servicios sociales y organizaciones comunitarias para proporcionar apoyo y recursos durante las olas de calor']","['Número de nuevas instalaciones de captación de agua de lluvia en edificios públicos y privados anualmente.', 'Volumen total de agua reutilizada y captada anualmente (litros), rastreado a través de informes de servicios de agua.', 'Porcentaje de reducción en la escasez de agua o interrupciones del servicio durante períodos de sequía, medido a través de métricas de suministro de agua.']",{local},,"""medium""",,,,,,,none
icare_0168,Crear un Plan de Contingencia por Sequía e implementar proyectos de reutilización de agua y captación de agua de lluvia,{adaptation},{droughts},,,{climate_resilience},"El Plan de Contingencia por Sequía debe detallar los medios y procedimientos a través de los cuales se garantizará a la población el acceso al sistema de suministro de agua, a la luz de las tendencias de aumento de sequías y escasez de agua.",1,2,1,1,0,0,1,,,,,,,medium,medium,5-10 years,"['Desarrollo de un Plan de Contingencia para Sequías detallado con procedimientos claros para garantizar el acceso al agua durante las sequías', 'Inversión en infraestructura hídrica, como sistemas de almacenamiento y redes de distribución, para apoyar la resiliencia durante eventos de escasez de agua', 'Coordinación con las autoridades locales de gestión del agua y las partes interesadas de la comunidad para asegurar una distribución equitativa de los recursos hídricos durante las sequías']","['Porcentaje de edificios de la ciudad equipados con sistemas de recolección de agua de lluvia (%).', 'Volumen anual de agua reutilizada y recolectada (litros/año).', 'Porcentaje de reducción en la escasez de agua durante períodos de sequía (%).']",{state},"""medium""",,,,,,,,none
icare_0169,Establecer un Plan de Preparación y Medidas de Respuesta de Emergencia en caso de eventos climáticos extremos,{adaptation},"{droughts,heatwaves,diseases,landslides,floods,wildfires,sea-level-rise,storms}",,,{climate_resilience},"Esta acción se centra en preparar al municipio para responder a eventos extremos, con el objetivo de proporcionar una respuesta rápida que minimice los impactos en la población.",0,0,0,0,0,0,2,,,,,,,high,medium,<5 years,"['Desarrollo de un plan integral de respuesta a emergencias que incluya la coordinación entre las autoridades locales, los servicios de emergencia y las organizaciones comunitarias', 'Inversión en sistemas de alerta temprana e infraestructura para garantizar respuestas oportunas y efectivas a eventos extremos', 'Capacitación y desarrollo de capacidades para los respondedores locales y las comunidades para mejorar la preparación y la resiliencia ante eventos extremos']","['Número de asociaciones de respuesta de emergencia establecidas.', 'Tiempo promedio de respuesta durante eventos climáticos extremos (horas).', 'Porcentaje de reducción en víctimas y daños durante eventos climáticos extremos anualmente (%).']",{local},"""medium""","""high""","""high""","""low""","""high""","""high""","""high""","""medium""",none
icare_0170,Construir viviendas seguras e implementar proyectos de rehabilitación urbana para poblaciones que viven en áreas de alto riesgo,{adaptation},"{storms,floods,landslides,heatwaves}",,,{climate_resilience},"La prioridad de esta acción es garantizar viviendas seguras para la población que vive en áreas propensas a deslizamientos de tierra e inundaciones, ya que el déficit habitacional es uno de los principales factores relacionados con estas amenazas.",0,0,0,-1,2,0,1,,,,,,,high,high,>10 years,"['Disponibilidad de financiamiento y mecanismos financieros para apoyar la construcción de viviendas seguras en áreas de alto riesgo', 'Colaboración con urbanistas e ingenieros para diseñar soluciones de vivienda que sean resilientes a deslizamientos de tierra e inundaciones', 'Implementación de políticas para regular el uso del suelo y prevenir asentamientos informales en áreas vulnerables a riesgos climáticos']","['Número de unidades de vivienda segura construidas anualmente.', 'Porcentaje de reducción de la población que vive en áreas de alto riesgo (%).', 'Número de proyectos de rehabilitación urbana completados anualmente.']",{local},,"""medium""","""high""",,"""high""","""high""",,,none
icare_0171,"Mejorar el sistema de pronóstico, monitoreo y alerta hidrometeorológico para riesgos climáticos",{adaptation},"{droughts,landslides,floods,storms}",,,{climate_resilience},"Esta acción tiene como objetivo ampliar los procedimientos relacionados con el sistema existente de pronóstico, monitoreo y alerta de riesgos climáticos en el municipio.",0,0,0,0,0,0,0,,,,,,,,medium,<5 years,,"['Número de estaciones meteorológicas instaladas y operativas.', 'Tiempo promedio entre alertas y eventos meteorológicos (horas).', 'Porcentaje de reducción en los daños causados por eventos meteorológicos extremos anualmente (%).']",,"""low""",,"""high""",,"""medium""","""high""",,,none
icare_0172,Desarrollar e implementar el Plan Municipal de Reducción de Riesgos (PMRR) e identificar grupos de población vulnerables a los riesgos climáticos.,{adaptation},"{landslides,floods,storms}",,,{climate_resilience},"Esta acción tiene como objetivo fortalecer el desarrollo del Plan Municipal de Reducción de Riesgos (PMRR) en el municipio, ya que es una herramienta de gran relevancia para gestionar los riesgos climáticos, especialmente las inundaciones fluviales y los deslizamientos de tierra.",0,0,0,0,0,0,2,,,,,,,high,low,<5 years,"['Disponibilidad de experiencia técnica y recursos para desarrollar e implementar el Plan Municipal de Reducción de Riesgos (PMRR)', 'Recolección y análisis de datos para evaluar con precisión los riesgos climáticos, especialmente relacionados con inundaciones de ríos y deslizamientos de tierra', 'Compromiso político y coordinación entre varias agencias gubernamentales para integrar el PMRR en estrategias más amplias de planificación urbana y gestión de desastres']","['Porcentaje de población vulnerable cubierta por MRRP (%).', 'Número de medidas de reducción de riesgos implementadas anualmente.', 'Reducción en el número de personas afectadas por desastres relacionados con el clima anualmente.']",{local},,,"""high""",,"""high""","""medium""",,,none
icare_0173,Mantenimiento preventivo de sistemas de drenaje,{adaptation},"{floods,storms}",,,{climate_resilience},"Mantenimiento regular y limpieza de los sistemas de drenaje urbano, incluidos los desagües pluviales, alcantarillas y cuencas de retención, para asegurar un flujo de agua eficiente y prevenir bloqueos que puedan causar inundaciones durante eventos de lluvias intensas.",0,1,0,1,1,1,0,,,,,,,medium,medium,5-10 years,"['Asignación de presupuesto para actividades de mantenimiento', 'Inspecciones regulares para identificar posibles problemas']","['Número de obstrucciones de drenaje despejadas.', 'Porcentaje de sistemas de drenaje en buen estado.', 'Número de incidentes de inundación reportados.']",{local},,,"""high""",,,"""medium""",,,none
icare_0174,Fomentar la agricultura urbana orgánica,{adaptation},,,,{climate_resilience},"Fomentar la agricultura urbana orgánica en terrenos públicos no utilizados y espacios abiertos, permitiendo una mayor proximidad entre la producción y el consumo sostenibles. Ampliar la educación nutricional y ambiental, así como reducir las distancias entre la producción y el consumo.",0,0,0,0,0,0,0,,,,,,,low,low,<5 years,,"['Número de parcelas agrícolas urbanas creadas o apoyadas.', 'Aumento en la producción de alimentos orgánicos dentro de la ciudad (toneladas/año).', 'Mejora en los indicadores de salud del suelo en áreas agrícolas urbanas.']",,,,,,,,,,none
icare_0175,Recuperación y preservación de áreas verdes,{adaptation},"{heatwaves,floods,wildfires}",,,{climate_resilience},"Rehabilitación y protección de los espacios verdes existentes, como parques, bosques y humedales, y expansión de áreas verdes mediante la plantación de árboles y vegetación en áreas urbanas y periurbanas. Estas áreas proporcionan soluciones naturales para la gestión de los recursos hídricos, la reducción del estrés térmico, la mejora de la calidad del aire y el aumento de la biodiversidad.",2,1,2,1,1,1,1,,,,,,,high,medium,5-10 years,"['Disponibilidad de terrenos adecuados para espacios verdes', 'Acceso a recursos hídricos para riego']","['Área de espacios verdes creados o restaurados.', 'Índices de biodiversidad en áreas verdes.', 'Participación comunitaria en actividades de espacios verdes.']",{local},,"""high""","""high""",,,,"""medium""",,none
icare_0176,Desarrollo del Plan de Acción Climática,{adaptation},"{storms,sea-level-rise,wildfires,floods,landslides,diseases,heatwaves,droughts}",,,{climate_resilience},"Un plan integral que describe las estrategias y acciones de una ciudad para mitigar las emisiones de gases de efecto invernadero y adaptarse a los impactos del cambio climático, que típicamente incluye una evaluación de los riesgos y vulnerabilidades climáticas de la ciudad, el establecimiento de objetivos de reducción de emisiones y la implementación de acciones en varios sectores como energía, transporte, gestión de residuos y planificación urbana.",1,1,1,0,1,1,2,,,,,,,medium,low,<5 years,"['Voluntad política y compromiso del gobierno', 'Participación y colaboración de las partes interesadas', 'Financiación y recursos para la implementación']","['Objetivos de reducción de emisiones de gases de efecto invernadero.', 'Número de acciones de adaptación al clima implementadas.', 'Inversión en proyectos de mitigación y adaptación al clima.']",{local},"""medium""","""medium""","""medium""","""medium""","""medium""","""medium""","""medium""","""medium""",none
icare_0178,"Mapear áreas críticas propensas a inundaciones, adoptando la perspectiva de eventos climáticos extremos, con el objetivo de incorporarlas en la Ley de Zonificación, Uso del Suelo y Ocupación.",{adaptation},{floods},,,{climate_resilience},"Mapeo de áreas críticas propensas a inundaciones con el objetivo de revisar y armonizar la legislación relacionada con el uso del suelo, dada la intensificación de los impactos de eventos meteorológicos extremos.",0,1,1,0,-2,0,1,,,,,,,medium,low,<5 years,"['Mapeo de áreas críticas propensas a inundaciones para abordar los riesgos de eventos climáticos extremos.', 'Revisión y armonización de la legislación sobre el uso del suelo para mitigar los impactos de las inundaciones.', 'Integración de consideraciones de resiliencia climática en las políticas de planificación urbana.']","['Número de planes de zonificación y uso del suelo actualizados basados en datos de mapeo.', 'Reducción de tiempo en la respuesta de emergencia a áreas propensas a inundaciones mapeadas (horas).', 'Porcentaje de áreas propensas a inundaciones con sistemas de alerta temprana instalados.']",{local},,,"""medium""",,,,,,none
icare_0179,Adoptar el concepto de infraestructura verde-azul en proyectos de la ciudad,{adaptation},"{heatwaves,floods}",,,{climate_resilience},"La infraestructura azul se ocupa de los sistemas de agua urbanos. Al integrar las políticas de agua con las áreas verdes de la ciudad, el objetivo es recrear un ciclo del agua orientado naturalmente, lo que puede traer varios beneficios a la ciudad y sus ciudadanos, como la reducción de islas de calor y la restauración de ecosistemas, entre otros.",0,0,0,0,0,0,0,,,,,,,,low,<5 years,"['Desarrollo de políticas integradas de agua y áreas verdes para alinear la gestión del agua urbana con los objetivos de infraestructura verde.', 'Disponibilidad de experiencia técnica y financiamiento para implementar proyectos de infraestructura azul, como sistemas de drenaje sostenible y áreas de retención de agua.', 'Colaboración con urbanistas, organizaciones ambientales y gobiernos locales para diseñar y gestionar infraestructura azul que apoye la restauración de ecosistemas y la resiliencia climática.']","['Aumento de la capacidad de retención de agua en áreas urbanas (m³).', 'Reducción de incidentes de inundaciones urbanas después de la implementación (%).', 'Aumento de espacios verdes vinculados a características acuáticas (hectáreas).']",,,"""medium""","""high""",,,,,,none
icare_0180,Implementar pavimentos permeables y aumentar las áreas verdes en las vías públicas,{adaptation},"{floods,landslides,heatwaves}",,,{climate_resilience},"Incrementar las áreas permeables y semi-permeables en edificios y espacios públicos bajo la administración de la Ciudad, con la adopción de soluciones basadas en la naturaleza (NbS). En áreas con limitaciones de espacio, la acción incluye análisis de viabilidad para implementar pavimentos permeables y aumentar las áreas verdes en las vías. Entre las soluciones de construcción tradicionales, se encuentran características como bordillos y canaletas con desagües pluviales, así como soluciones a mayor escala como estanques de retención. Las soluciones basadas en la naturaleza incluyen la plantación de árboles urbanos, techos verdes, cisternas de agua de lluvia, bio-swales, y más.",1,1,1,0,1,0,1,,,,,,,medium,medium,<5 years,"['Expansión de áreas permeables y semi-permeables en edificios administrados por la ciudad y espacios públicos.', 'Adopción de soluciones basadas en la naturaleza (NbS) como la plantación de árboles urbanos, techos verdes, cisternas de agua de lluvia y bio-swales.', 'Análisis de viabilidad para pavimentos permeables y aumento de áreas verdes en carreteras, junto con soluciones tradicionales de gestión de aguas pluviales como bordillos, canaletas y estanques de retención.']","['Reducción en la escorrentía de agua superficial durante eventos de lluvia (%).', 'Disminución en la ocurrencia de inundaciones en áreas modificadas.', 'Porcentaje de espacios públicos que cumplen con las nuevas regulaciones de superficies permeables.']",{local},,"""medium""","""high""",,"""medium""",,,,none
icare_0181,Reubicación y Restauración Ambiental en Áreas Vulnerables,{adaptation},"{landslides,floods}",,,{climate_resilience},"Un proyecto integral que aborda la vulnerabilidad socioambiental de un asentamiento informal. Incluye la reubicación de residentes de áreas propensas a inundaciones, la restauración del medio ambiente y la provisión de infraestructura y servicios sociales.",1,2,2,1,2,1,1,,,,,,,high,medium,5-10 years,"['Financiamiento adecuado', 'Coordinación interinstitucional', 'Seguridad de tenencia de la tierra']","['Número de hogares reubicados.', 'Progreso de la restauración ambiental.', 'Reducción del riesgo de inundación.']",{state},,,"""high""",,"""high""",,,,none
icare_0182,Implementación de Forestación Urbana y Espacios Verdes,{adaptation},{heatwaves},,,{climate_resilience},"Esta acción se centra en expandir las áreas verdes en la ciudad a través de la forestación urbana. Esto incluye plantar árboles en aceras, plazas, edificios públicos y escuelas, así como crear parques ecológicos para revitalizar cursos de agua y/o restaurar bosques.",2,1,2,1,1,1,1,,,,,,,high,medium,5-10 years,"['Recursos hídricos', 'Mantenimiento a largo plazo']","['Área de espacios verdes creados o restaurados', 'Uso comunitario de espacios verdes', 'Uso y conservación del agua']",{local},,"""high""",,,,,,,none
icare_0183,Sistema de Alerta Temprana de Lluvias Intensas y Deslizamientos de Tierra,{adaptation},"{landslides,storms}",,,{climate_resilience},"Sistema de alerta temprana para lluvias intensas y deslizamientos de tierra. Utiliza una red de estaciones de telemetría para monitorear la lluvia y otras condiciones meteorológicas, emitiendo alertas a la población en caso de posibles inundaciones o deslizamientos de tierra.",0,1,1,1,1,1,1,,,,,,,high,medium,5-10 years,"['Red de monitoreo confiable', 'Educación y preparación comunitaria', 'Coordinación institucional']","['Puntualidad y precisión de las advertencias', 'Número de vidas salvadas y lesiones prevenidas', 'Reducción de pérdidas económicas']",{state},,,,,"""high""","""medium""",,,none
icare_0184,Estabilización de Taludes y Drenaje,{adaptation},{landslides},,,{climate_resilience},"Esta acción implica estabilizar pendientes y mantener o restaurar sistemas de drenaje en áreas de ladera. Esto ayuda a prevenir deslizamientos de tierra y erosión, reduciendo el riesgo de desastres.",0,1,1,1,1,1,1,,,,,,,medium,medium,5-10 years,"['Estudios geotécnicos e hidrológicos', 'Planificación y regulación del uso del suelo', 'Monitoreo y mantenimiento']","['Número de pendientes estabilizadas', 'Reducción en la ocurrencia de deslizamientos de tierra', 'Rendimiento de los sistemas de drenaje']",{state},,,,,"""medium""",,,,none
icare_0185,Creación de un Centro de Inteligencia Epidemiológica,{adaptation},{diseases},,,{climate_resilience},"Esta acción se centra en establecer un centro de inteligencia epidemiológica para monitorear los indicadores de salud pública y proporcionar información accesible a la población. Esto ayuda a tomar decisiones informadas y proteger la salud pública, especialmente en relación con enfermedades sensibles al clima.",0,0,0,1,0,0,2,,,,,,,medium,medium,5-10 years,"['Implementación del Centro de Inteligencia Epidemiológica', 'Recolección de datos e infraestructura', 'Colaboración interinstitucional']","['Vigilancia de enfermedades', 'Preparación del sistema de salud', 'Resultados de salud comunitaria']",{national},,,,,,,,"""medium""",none
icare_0186,Gestión Integrada de Zonas Costeras,{adaptation},{sea-level-rise},,,{climate_resilience},Esta acción describe la implementación de un plan de gestión integrada de zonas costeras para promover el desarrollo sostenible y abordar los impactos del cambio climático en las áreas costeras. Incluye medidas para mitigar los impactos del aumento del nivel del mar y la erosión costera.,0,1,1,1,1,1,1,,,,,,,medium,high,5-10 years,"['Planificación y diseño integral', 'Experiencia en construcción e ingeniería', 'Planificación del uso del suelo']","['Frecuencia e intensidad de inundaciones', 'Capacidad del sistema de drenaje', 'Condición de la infraestructura']",{local},,,,"""medium""",,,,,coastal_marine
icare_0187,Intervención de Microdrenaje,{adaptation},{floods},,,{climate_resilience},Esta acción se centra en mejorar los sistemas de microdrenaje en áreas urbanas para gestionar el agua de lluvia y reducir las inundaciones. Destaca el uso de galerías pequeñas y medianas y otros componentes para recolectar y drenar el agua superficial y subterránea.,0,1,1,1,1,1,1,,,,,,,medium,high,>10 years,"['Encuestas geológicas y geotécnicas', 'Evaluación y modelado de riesgos']","['Frecuencia y severidad de deslizamientos de tierra', 'Precisión de la evaluación de riesgos', 'Efectividad de la mitigación']",{local},,,"""medium""",,,,,,none
icare_0188,"Crear un Programa de Vigilancia de la Salud Ambiental relacionado con las Poblaciones Expuestas a la Contaminación del Aire, la Contaminación Acústica, la Contaminación del Agua y la Contaminación del Suelo.",{adaptation},"{droughts,heatwaves,diseases,floods}",,,{climate_resilience},"Desarrollar acciones dirigidas a promover la salud de la población expuesta a factores ambientales relacionados con contaminantes atmosféricos, acústicos y de saneamiento. Identificar y evaluar los riesgos y efectos agudos y crónicos de la exposición a fuentes fijas y móviles de contaminación del aire, ruido, agua y suelo, y actuar en la vigilancia de enfermedades derivadas de estos contaminantes a través de unidades físicas y grupos de trabajo, especialmente entre las personas más vulnerables.",0,0,0,0,0,0,0,,,,,,,,medium,5-10 years,"['Inversión en sistemas de monitoreo ambiental para evaluar los niveles de contaminación del aire, ruido y agua en toda la ciudad.', 'Capacitación de equipos de vigilancia de salud y medio ambiente para evaluar y abordar los riesgos asociados con la exposición a contaminantes.', 'Creación de políticas y regulaciones que reduzcan la contaminación de industrias y vehículos, y promuevan tecnologías limpias en áreas vulnerables.']","['Reducción en los niveles de exposición a contaminantes entre poblaciones vulnerables (%).', 'Frecuencia de alertas de salud emitidas y atendidas.', 'Número de personas que reciben asistencia médica debido a problemas de salud ambiental.']",,"""low""","""medium""","""low""",,,,,"""high""",none
icare_0190,Fomentar sistemas agrosilvopastoriles,{adaptation},"{droughts,heatwaves,landslides,floods}",,,{climate_resilience},"Promover la integración de cultivos agrícolas, árboles y ganadería en la misma área, con el objetivo de maximizar la productividad y la sostenibilidad.",1,1,1,0,0,0,1,,,,,,,low,low,5-10 years,"['Establecer políticas de apoyo y plataformas de intercambio de conocimientos para sistemas de cultivo integrados.', 'Proporcionar capacitación a los agricultores e incentivos financieros para adoptar prácticas sostenibles.', 'Fomentar la colaboración entre agencias agrícolas y ambientales para maximizar la productividad y la sostenibilidad.']","['Aumento en el porcentaje de área de tierra convertida a sistemas agrosilvopastorales', 'Reducción en las tasas de erosión del suelo en áreas que utilizan estos sistemas (%)', 'Aumento en la diversidad de sistemas integrados (por ejemplo, cultivos, silvicultura y ganadería)']",{local},"""medium""","""medium""","""low""",,"""medium""",,,,none
icare_0002,Fomentar el uso del Programa Brasileño de Etiquetado para Edificios,{mitigation},,{stationary_energy},{residential_buildings},{ghg_reduction},"Promover el etiquetado de eficiencia energética en edificios públicos, comerciales y de servicios.",0,0,0,0,0,0,2,,60-79,,,,,,low,<5 years,"['Establecer estándares y regulaciones claras para el etiquetado de eficiencia energética.', 'Lanzar campañas de concienciación pública y proporcionar incentivos para que los edificios obtengan etiquetas.', 'Ofrecer capacitación a los administradores de edificios para mejorar el rendimiento energético y la adopción de etiquetas.']","['Porcentaje de nuevos edificios con una calificación A en la etiqueta de eficiencia energética.', 'Reducción estimada de emisiones (tCO₂e/año) debido a la eficiencia energética de los edificios etiquetados.']",{national},,,,,,,,,none
icare_0007,Actualizar los sistemas HVAC obsoletos a modelos energéticamente eficientes,{mitigation},,{stationary_energy},{commercial_and_institutional_buildings_and_facilities},{ghg_reduction},"Reemplazar los sistemas antiguos de calefacción, ventilación y aire acondicionado (HVAC) con alternativas avanzadas y energéticamente eficientes para reducir el consumo de energía, mejorar la calidad del aire interior y disminuir los costos operativos.",1,0,0,1,0,0,0,,60-79,,,,,,medium,<5 years,"['Disponibilidad de incentivos financieros o subsidios para apoyar la sustitución de sistemas HVAC antiguos por alternativas energéticamente eficientes', 'Acceso a tecnologías avanzadas de HVAC y experiencia técnica para garantizar la correcta instalación y mantenimiento de sistemas energéticamente eficientes', 'Normativas y códigos de construcción que fomenten o exijan el uso de sistemas HVAC energéticamente eficientes tanto en edificios nuevos como existentes']","['Número de sistemas HVAC actualizados anualmente.', 'Reducción en el consumo de energía de los sistemas HVAC (kWh/año).', 'Reducción estimada en las emisiones equivalentes de CO₂ de los sistemas HVAC energéticamente eficientes.']",{local},,,,,,,,,none
icare_0011,Proporcionar incentivos fiscales para la energía renovable en proyectos residenciales,{mitigation},,{stationary_energy},{residential_buildings},{ghg_reduction},"Animar a los propietarios de viviendas a adoptar energía solar, eólica y otras fuentes de energía limpia.",0,0,0,2,1,0,0,,60-79,,,,,,low,<5 years,"['Disponibilidad de incentivos financieros, subsidios o créditos fiscales para alentar a los propietarios a instalar sistemas de energía solar, eólica y otras energías limpias', 'Acceso a información y recursos educativos para ayudar a los propietarios a comprender los beneficios, costos y procesos de instalación de sistemas de energía limpia', 'Desarrollo de regulaciones y políticas de apoyo que faciliten la instalación de tecnologías de energía renovable en áreas residenciales']","['Número de hogares beneficiados por incentivos fiscales para la adopción de energía renovable.', 'Aumento anual en las instalaciones de energía renovable en proyectos residenciales.', 'Reducción estimada en emisiones equivalentes de CO₂ por la adopción de energía renovable.']",{local},,,,,,,,,none
icare_0013,Modernizar los sistemas de refrigeración y enfriamiento,{mitigation},,{stationary_energy},{commercial_and_institutional_buildings_and_facilities},{ghg_reduction},Transición a tecnologías de enfriamiento eficientes para reducir el consumo de energía.,1,0,0,1,0,0,0,,60-79,,,,,,medium,5-10 years,"['Disponibilidad de incentivos financieros o subsidios para apoyar la adopción de tecnologías de refrigeración eficientes', 'Acceso a tecnologías de refrigeración avanzadas y experiencia técnica para su instalación y mantenimiento', 'Marcos regulatorios que promuevan soluciones de refrigeración energéticamente eficientes y fomenten su uso tanto en edificios residenciales como comerciales']","['Número de sistemas de refrigeración y enfriamiento modernizados anualmente.', 'Reducción en el consumo de energía de los sistemas actualizados (kWh/año).', 'Reducción estimada en emisiones equivalentes de CO₂ de sistemas de refrigeración energéticamente eficientes.']",{local},,,,,,,,,none
icare_0026,Ofrecer tarifas de tiempo de uso para el consumo de electricidad,{mitigation},,{stationary_energy},{energy_industries},{ghg_reduction},"Introducir estructuras de precios que incentiven el uso de energía durante las horas valle, ayudando a equilibrar la demanda de la red y reducir los costos de energía para los consumidores.",1,0,0,1,0,0,0,,60-79,,,,,,low,<5 years,"['Desarrollo de modelos de precios, como tarifas según el horario de uso, para fomentar el consumo de energía durante las horas de menor demanda', 'Colaboración con empresas de servicios públicos para implementar y comunicar eficazmente las nuevas estructuras de precios a los consumidores', 'Apoyo regulatorio para garantizar que las estructuras de precios se alineen con los objetivos de gestión de la red e incentiven el uso de energía sin perjudicar a las poblaciones vulnerables']","['Porcentaje de hogares inscritos en programas de tarifas según el tiempo de uso.', 'Reducción en la demanda máxima de electricidad (%).', 'Reducción anual de emisiones de GEI debido al uso optimizado de energía (toneladas de CO₂e).']",{state},,,,,,,,,none
icare_0028,Incorporar diseños de sombreado natural y ventilación,{mitigation},,{stationary_energy},{residential_buildings},{ghg_reduction},"Fomentar el uso de características arquitectónicas como fachadas sombreadas, techos verdes y ventilación cruzada para reducir la dependencia de los sistemas de enfriamiento mecánico.",1,0,0,1,1,0,0,,20-39,,,,,,low,<5 years,"['Desarrollo de directrices y estándares de diseño de edificios que promuevan la integración de características de enfriamiento pasivo como fachadas sombreadas, techos verdes y ventilación cruzada', 'Disponibilidad de incentivos financieros o apoyo para incorporar características arquitectónicas energéticamente eficientes tanto en edificios nuevos como existentes', 'Colaboración con arquitectos, urbanistas y autoridades locales para integrar estas características en proyectos de desarrollo urbano y renovación']","['Número de edificios que incorporan sombreado/ventilación natural.', 'Reducción en la demanda de energía para refrigeración (%) por edificio.', 'Mejoras en la resiliencia a la temperatura en edificios monitoreados (°C).']",{local},,,,,,,,,none
icare_0034,Crear incentivos fiscales para las empresas que adopten tecnologías limpias,{mitigation},,{ippu},{industrial_processes},{ghg_reduction},"Implementar incentivos fiscales y subsidios para las empresas que invierten en tecnologías limpias, lo que lleva a reducciones sustanciales de emisiones.",1,0,0,1,0,0,2,,,,,20-39,,,low,<5 years,"['Desarrollo de un marco de incentivos fiscales dirigido a inversiones en tecnología limpia.', 'Disponibilidad de recursos financieros para subsidios e incentivos fiscales.', 'Colaboración entre el gobierno y las empresas para identificar tecnologías limpias elegibles.']","['Porcentaje promedio de ahorro fiscal por empresa que adopta tecnologías limpias (%).', 'Número de nuevas empresas de tecnología limpia establecidas como resultado de incentivos fiscales.', 'Aumento en los empleos relacionados con tecnologías limpias creados debido a incentivos fiscales.']",{state},,,,,,,,,none
icare_0045,Promover la agricultura orgánica y agroecológica en las áreas rurales,{mitigation},,{afolu},{agriculture_forestry_and_fishing_activities},{ghg_reduction},"Promover la agricultura orgánica y agroecológica en las áreas rurales de la ciudad a través de la capacitación técnica para los agricultores y el fortalecimiento de las cadenas de valor, fomentando un aumento en el valor agregado de la producción agrícola y la implementación de instrumentos económicos para incentivar la conversión agroecológica, incluyendo el pago por servicios ambientales.",1,1,1,0,0,0,0,,,,,,20-39,,low,<5 years,"['Disponibilidad de programas de capacitación técnica para que los agricultores adopten prácticas orgánicas y agroecológicas', 'Cadenas de valor fortalecidas y acceso al mercado para productos agroecológicos para garantizar la sostenibilidad económica', 'Implementación de instrumentos económicos, como el pago por servicios ambientales, para incentivar la conversión agroecológica']","['Número de proyectos económicos rurales sostenibles implementados anualmente.', 'Reducción en el impacto ambiental de las prácticas agrícolas o de producción tradicionales (%).', 'Porcentaje de hogares rurales que adoptan prácticas sostenibles.']",{local},,,,,,,,,none
icare_0053,Implementar un proyecto para apoyar a las cooperativas de recolectores de materiales reciclables,{mitigation},,{waste},{disposal_of_solid_waste_generated_in_the_city},{ghg_reduction},"Medidas para mejorar las condiciones laborales y los ingresos en los procesos de clasificación de residuos reciclables. Incluye capacitación continua para los recolectores en tecnología, economía, gestión empresarial y planificación conceptual para la operación y administración de la Unidad de Clasificación.",0,0,1,2,0,0,2,,,,20-39,,,,medium,<5 years,"['Implementación de medidas para mejorar las condiciones laborales y los ingresos para la clasificación de residuos reciclables.', 'Capacitación continua para los recolectores en tecnología, economía, gestión empresarial y planificación operativa.', 'Desarrollo de capacidades administrativas y operativas para la Unidad de Clasificación.']","['Número de cooperativas apoyadas anualmente.', 'Aumento en los ingresos de los recolectores (%).', 'Volumen de materiales reciclables recolectados por cooperativas (toneladas/año).']",{local},,,,,,,,,none
icare_0060,Introducción de sistemas de transporte colectivo modulares y automatizados.,{mitigation},,{transportation},{on-road},{ghg_reduction},"Los sistemas automatizados y modulares se adaptan a la demanda en tiempo real, optimizando el uso de energía y reduciendo las emisiones.",1,0,0,1,0,2,1,,,60-79,,,,,medium,5-10 years,"['Inversión en el desarrollo y despliegue de sistemas automatizados y modulares capaces de ajustar la demanda de energía en tiempo real.', 'Integración de tecnologías de redes inteligentes y plataformas de gestión energética para optimizar el uso de fuentes de energía renovable.', 'Colaboración con industrias y proveedores de servicios para incorporar estos sistemas en la infraestructura existente, asegurando eficiencia y reducción de emisiones.']","['Tiempo de espera promedio para los pasajeros que utilizan los nuevos sistemas (minutos).', 'Consumo de energía por kilómetro por pasajero (kWh/pasajero-km).', 'Tasa de satisfacción pública con los sistemas de transporte modulares (%).']",{state},,,,,,,,,none
icare_0079,Implementar auditorías energéticas en plantas industriales,{mitigation},,{ippu},{industrial_processes},{ghg_reduction},Realizar auditorías energéticas periódicas para identificar oportunidades de ahorro de energía y reducción de emisiones.,1,1,0,1,0,0,2,,,,,20-39,,,low,<5 years,"['Disponibilidad de profesionales calificados o auditores energéticos para realizar evaluaciones exhaustivas en industrias y edificios.', 'Desarrollo de un marco estandarizado para auditorías energéticas, asegurando consistencia y precisión en los resultados.', 'Implementación de incentivos gubernamentales o corporativos para alentar a las organizaciones a actuar sobre las recomendaciones de auditoría, como reembolsos para mejoras de eficiencia energética.']","['Número de plantas industriales que realizan auditorías energéticas anualmente.', 'Ahorro de costos logrado a través de mejoras recomendadas por auditoría (%).', 'Tiempo promedio para implementar medidas de eficiencia energética después de la auditoría (meses).']",{local},,,,,,,,,none
icare_0080,Invertir en tecnologías de producción de cemento sostenible,{mitigation},,{ippu},{manufacturing_industries_and_construction},{ghg_reduction},Apoyar el desarrollo de técnicas de producción de cemento de bajo carbono para reducir las emisiones de CO2 de la industria de la construcción.,2,1,1,0,0,0,1,,,,,60-79,,,high,>10 years,"['Inversión en investigación y desarrollo de materiales y procesos alternativos para la producción de cemento bajo en carbono.', 'Colaboración entre el gobierno, la academia y el sector privado para crear estándares y certificaciones para productos de cemento bajo en carbono.', 'Provisión de incentivos financieros, como subvenciones o subsidios, para apoyar la adopción de tecnologías de cemento bajo en carbono en proyectos de construcción.']","['Reducción de emisiones de GEI por tonelada de cemento producido (toneladas de CO₂e).', 'Porcentaje de instalaciones que adoptan tecnologías de cemento sostenible (%).', 'Número de asociaciones establecidas para la innovación en cemento sostenible.']",{state},,,,,,,,,none
icare_0084,Crear incentivos para prácticas de agroforestería en sistemas ganaderos,{mitigation},,{afolu},{agriculture_forestry_and_fishing_activities},{ghg_reduction},"Crear incentivos financieros y técnicos para integrar prácticas de agroforestería en los sistemas de ganadería, promoviendo la captura de carbono, la protección del suelo y la mejora de la biodiversidad.",2,2,2,1,0,0,2,,,,,,60-79,,medium,5-10 years,"['Desarrollo de programas de incentivos financieros, como subsidios o exenciones fiscales, para apoyar a los agricultores en la integración de la agroforestería con los sistemas de ganadería.', 'Provisión de asistencia técnica y capacitación a los agricultores sobre las mejores prácticas para la integración de la agroforestería en las operaciones ganaderas.', 'Colaboración con organizaciones agrícolas y ambientales para monitorear y evaluar los impactos de las prácticas de agroforestería en la captura de carbono, la salud del suelo y la biodiversidad.']","['Número de incentivos financieros proporcionados para integrar la agroforestería en los sistemas de ganadería.', 'Aumento en la calidad del suelo y la cobertura vegetal en propiedades gestionadas (%).', 'Crecimiento en la biodiversidad en áreas de agroforestería (% de especies identificadas).']",{local},,,,,,,,,none
icare_0093,Incentivar el uso de drones para monitorear grandes propiedades agrícolas.,{mitigation},,{transportation},{agriculture_forestry_and_fishing_activities},{ghg_reduction},"Establecer programas de incentivos para que los grandes propietarios de tierras adopten drones como herramienta de monitoreo remoto para sus plantaciones. Esta tecnología permite una reducción significativa en las distancias recorridas por los vehículos de monitoreo, minimizando las emisiones de GEI asociadas con el transporte terrestre. Además, los drones proporcionan mayor precisión y eficiencia en la identificación de áreas que requieren atención, como riego, control de plagas y análisis de la salud de los cultivos.",1,0,0,0,0,1,1,,,20-39,,,,,low,<5 years,"['Desarrollo de opciones de financiamiento accesibles o incentivos fiscales para reducir los costos iniciales de adopción de la tecnología de drones.', 'Creación de programas de capacitación para propietarios de tierras y trabajadores para operar y utilizar eficazmente drones en el monitoreo de plantaciones.', 'Establecimiento de regulaciones y directrices para el uso seguro y legal de drones en entornos agrícolas.']","['Reducción en los costos laborales debido al uso de drones para monitoreo (%).', 'Porcentaje de problemas agrícolas detectados y resueltos dentro de un marco de tiempo definido.', 'Aumento en el rendimiento agrícola atribuido a técnicas de monitoreo mejoradas (%).']",{state},,,,,,,,,none
icare_0109,Promover la Recuperación de Energía a partir de Biogás en Vertederos,{mitigation},,{waste},{disposal_of_solid_waste_generated_in_the_city},{ghg_reduction},Utilizar el biogás generado en los vertederos para la producción de energía.,0,0,1,0,0,0,0,,,,20-39,,,,medium,<5 years,"['Desarrollar infraestructura para capturar y utilizar el biogás generado en los vertederos.', 'Asegurar que los marcos regulatorios estén en su lugar para apoyar la producción y distribución de energía de biogás.', 'Monitorear y evaluar los beneficios ambientales y energéticos de la utilización del biogás.']","['Volumen de biogás capturado y utilizado para la generación de energía (m³/mes).', 'Capacidad instalada de generación de energía renovable a partir de biogás (kW).', 'Reducción anual de emisiones de metano (CH₄) convertidas a CO₂ equivalente.']",{state},,,,,,,,,none
icare_0116,"Movilizar esfuerzos para promover la producción y distribución de energía a partir de fuentes renovables y generación distribuida, así como mejorar la eficiencia.",{mitigation},,{stationary_energy},{energy_generation_supplied_to_the_grid},{ghg_reduction},"Iniciar y coordinar acciones en los sectores público y privado para aumentar la adopción de tecnologías de energía renovable (como solar, eólica y biomasa) y apoyar sistemas de energía descentralizados. Esto implica crear incentivos financieros, agilizar las aprobaciones regulatorias, mejorar la conciencia pública e invertir en infraestructura para mejorar las redes de distribución de energía y optimizar el rendimiento de los sistemas de energía renovable.",0,0,0,0,0,0,2,,80-100,,,,,,medium,5-10 years,"['Iniciar acciones coordinadas entre los sectores público y privado para aumentar la adopción de energías renovables (solar, eólica, biomasa).', 'Crear incentivos financieros, agilizar las aprobaciones regulatorias e invertir en infraestructura para apoyar los sistemas de energía descentralizados.', 'Mejorar la conciencia pública y optimizar las redes de distribución de energía para mejorar el rendimiento de los sistemas de energía renovable.']","['Capacidad instalada de generación de energía renovable distribuida en el municipio (kW).', 'Incremento porcentual anual en el consumo de energía renovable en el municipio.', 'Reducción estimada en emisiones equivalentes de CO₂ al reemplazar combustibles fósiles con renovables.']",{local},,,,,,,,,none
icare_0123,Adoptar Tecnologías de Tratamiento Biológico Centralizado,{mitigation},,{waste},{biological_treatment_of_waste_generated_in_the_city},{ghg_reduction},Implementar compostaje y digestión anaeróbica para residuos orgánicos.,0,1,1,0,0,0,0,,,,20-39,,,,medium,5-10 years,"['Establecer infraestructura para el compostaje y la digestión anaeróbica de residuos orgánicos.', 'Proporcionar capacitación y recursos para garantizar la correcta segregación y procesamiento de residuos.', 'Desarrollar políticas e incentivos para fomentar la participación de empresas y comunidades en la gestión de residuos orgánicos.']","['Número de instalaciones de tratamiento biológico centralizado instaladas.', 'Porcentaje de residuos orgánicos tratados en relación con el total de residuos generados (%).', 'Reducción de emisiones de gases de efecto invernadero (CH₄ y CO₂) de residuos orgánicos (tCO₂e/año).']",{state},,,,,,,,,none
icare_0125,Alineación de Políticas Climáticas para Regular los Activos de Carbono en el Sector de la Aviación.,{mitigation},,{transportation},{aviation},{ghg_reduction},"Facilitar la alineación con el gobierno federal en sus políticas climáticas respecto a la regulación de activos de carbono en el sector de la aviación, con el objetivo de establecer estándares y límites para las emisiones de GEI.",0,0,0,-1,0,0,0,,,20-39,,,,,low,<5 years,"['Alinear con las políticas climáticas del gobierno federal para regular los activos de carbono en el sector de la aviación.', 'Establecer estándares claros y límites de emisión para los gases de efecto invernadero en la aviación.', 'Colaborar con las partes interesadas relevantes para asegurar la implementación exitosa de estas regulaciones.']","['Número de políticas o regulaciones de activos de carbono implementadas en el sector de la aviación.', 'Cantidad de emisiones de aviación compensadas o reducidas (tCO₂e).', 'Participación de las aerolíneas en programas de compensación de carbono (%).']",{national},,,,,,,,,none
icare_0126,"Implementación de infraestructura de suministro de combustibles verdes para aeronaves, como biocombustibles o hidrógeno verde.",{mitigation},,{transportation},{aviation},{ghg_reduction},"Esta acción tiene como objetivo promover la sostenibilidad en los aeropuertos mediante la implementación de infraestructura para abastecer a las aeronaves con combustibles de bajo carbono. El uso de biocombustibles o hidrógeno verde puede reducir significativamente las emisiones de GEI en el sector de la aviación. Además, la transición a estas fuentes de energía más limpias contribuirá a alcanzar los objetivos de descarbonización en el sector del transporte, al tiempo que se mantiene la eficiencia operativa en los aeropuertos y se minimiza su impacto ambiental.",1,0,0,1,0,0,0,,,60-79,,,,,high,<5 years,"['Desarrollar infraestructura para abastecer aviones con combustibles bajos en carbono como biocombustibles o hidrógeno verde.', 'Asegurar la disponibilidad de fuentes de combustible sostenibles y la tecnología necesaria para las operaciones de abastecimiento.', 'Monitorear y evaluar el impacto ambiental y la eficiencia operativa de la transición a combustibles bajos en carbono.']","['Número de aeropuertos con infraestructura de biocombustible o hidrógeno verde.', 'Cantidad de combustible verde consumido por el sector de la aviación (litros/año).', 'Reducción de emisiones de CO₂ de la aviación mediante el uso de combustibles alternativos (tCO₂e/año).']",{local},,,,,,,,,none
icare_0130,Realizar Acciones de Asistencia Técnica y Extensión Rural (ATER),{mitigation},,{afolu},{agriculture_forestry_and_fishing_activities},{ghg_reduction},Proporcionar apoyo técnico y capacitación a los productores rurales para la producción agrícola sostenible.,1,1,1,1,0,0,2,,,,,,60-79,,medium,<5 years,"['Disponibilidad de personal técnico calificado y programas de formación adaptados.', 'Alianzas con instituciones de investigación agrícola y asignación de recursos para el desarrollo de capacidades.', 'Compromiso con los productores rurales para asegurar su participación activa.']","['Número de productores beneficiados con asistencia técnica rural (% del total).', 'Porcentaje de participantes que adoptan prácticas resilientes al clima.', 'Vulnerabilidad reducida de las propiedades al riesgo climático (%).']",{state},,,,,,,,,none
icare_0131,Priorizar la Adquisición de Productos Agroecológicos de Producción Local en Compras Públicas,{mitigation},,{afolu},{agriculture_forestry_and_fishing_activities},{ghg_reduction},Centrarse en comprar alimentos sostenibles y producidos localmente para las instituciones públicas.,1,2,2,1,0,0,2,,,,,,20-39,,low,<5 years,"['Desarrollo de políticas de adquisición e identificación de proveedores locales confiables.', 'Alianzas con productores y asignación de fondos para programas de adquisición sostenible.', 'Establecimiento de sistemas de monitoreo para garantizar el cumplimiento de los criterios de sostenibilidad.']","['Porcentaje del volumen total de compras públicas provenientes de productores agroecológicos locales.', 'Cantidad de emisiones de CO₂ evitadas debido a la reducción de la distancia de transporte (tCO₂e).', 'Número de productores agroecológicos beneficiados por las compras públicas.']",{local},,,,,,,,,none
icare_0102,Promover Prácticas Agrícolas Sostenibles,{mitigation},,{afolu},{agriculture_forestry_and_fishing_activities},{ghg_reduction},"Fomentar prácticas agrícolas que reduzcan las emisiones de gases de efecto invernadero, como el uso reducido de fertilizantes y agroquímicos.",2,2,2,1,0,0,2,,,,,,60-79,,medium,5-10 years,"['Desarrollo de programas educativos y recursos para promover prácticas agrícolas sostenibles entre los agricultores.', 'Implementación de políticas que incentiven la reducción del uso de fertilizantes y agroquímicos, como subsidios para insumos orgánicos o técnicas de cultivo sostenibles.', 'Colaboración con organizaciones agrícolas para proporcionar apoyo técnico y orientación sobre prácticas que reduzcan las emisiones.']","['Porcentaje de tierras agrícolas que adoptan prácticas sostenibles (% del total de tierras agrícolas).', 'Aumento en el rendimiento de cultivos por hectárea (toneladas/hectárea) debido a métodos sostenibles.', 'Reducción en el uso de agua para la agricultura (litros o m³/hectárea/año).']",{local},,,,,,,,,none
icare_0141,Implementación de Humedales,{adaptation},"{diseases,floods}",,,{climate_resilience},Implementación de humedales utilizando fitorremediación para eliminar contaminantes del agua y mejorar la calidad del agua.,1,2,1,1,0,0,1,,,,,,,low,medium,<5 years,['Mantenimiento'],"['Mejora de la calidad del agua', 'Tasa de flujo de agua', 'Costos de mantenimiento']",{local},,,"""low""",,,,,"""low""",wetlands
icare_0164,Sistema de Monitoreo Hidrológico con Estaciones de Telemetría,{adaptation},"{droughts,floods,storms}",,,{climate_resilience},"Implementación de un sistema de monitoreo hidrológico con estaciones de telemetría para monitorear la lluvia, los niveles de agua y las variables meteorológicas en tiempo real.",0,1,1,1,1,1,1,,,,,,,high,low,<5 years,"['Equipamiento e infraestructura', 'Sistema robusto de gestión de datos', 'Coordinación institucional']","['Puntualidad de los datos', 'Rentabilidad', 'Efectividad de mitigación']",{local},"""high""",,"""high""",,,"""high""",,,none
