action_id,action_name,cost_band,prep_complexity,locode,name,cod_mun,uf,capag,credit_screen,finance_push_score,finance_push_bucket,funding_gap,routes_open,own_city_awards_any,own_city_awards_matched,own_city_award_detail,state_matched_awards,national_matched_awards,national_matched_median_brl,options_available
c40_0046,Strengthen coastal protection infrastructure,high,high,BR CXL,Caxias do Sul,4305108,RS,A+,credit_screen_pass,9,established,own_budget_or_credit_feasible,A-grant A-credit C B E,1,0,Novo PAC 2025 — Prevenção a Desastres (encostas): Novo PAC 2025 encostas — Caxias Do Sul (R$1.2M),13,217,32818739.0,"Novo PAC Prevenção a Desastres (OGU grant arm / FGTS financing; city can formulate directly) | MDB operation via COFIEX (Union guarantee open at this CAPAG; climate precedents: Palmas, Fortaleza, Joinville) | Route A grant arm (adaptation windows favour vulnerability; fund-level matching pending inventory) | MIDR/Sedec civil-defence transfers on declared emergency"
c40_0046,Strengthen coastal protection infrastructure,high,high,BR MGE,Maranguape,2307700,CE,C,credit_screen_fail_fiscal,9,established,needs_external_cofinance,A-grant B E,0,0,,8,217,32818739.0,Novo PAC Prevenção a Desastres (OGU grant arm / FGTS financing; city can formulate directly) | Route A grant arm (adaptation windows favour vulnerability; fund-level matching pending inventory) | MIDR/Sedec civil-defence transfers on declared emergency
c40_0046,Strengthen coastal protection infrastructure,high,high,BR RIO,Rio de Janeiro,3304557,RJ,B,credit_screen_pass,11,extensive,own_budget_or_credit_feasible,A-grant A-credit C B E,1,1,Novo PAC 2025 — Prevenção a Desastres (drenagem): Novo PAC 2025 drenagem — Municipio De Rio De Janeiro (R$150.0M),20,217,32818739.0,"Novo PAC Prevenção a Desastres (OGU grant arm / FGTS financing; city can formulate directly) | MDB operation via COFIEX (Union guarantee open at this CAPAG; climate precedents: Palmas, Fortaleza, Joinville) | Route A grant arm (adaptation windows favour vulnerability; fund-level matching pending inventory) | MIDR/Sedec civil-defence transfers on declared emergency"
c40_0046,Strengthen coastal protection infrastructure,high,high,BR BCA,Barcarena,1501303,PA,n.d.,credit_screen_unknown,10,extensive,needs_external_cofinance,A-grant B E,1,1,Novo PAC 2025 — Prevenção a Desastres (drenagem): Novo PAC 2025 drenagem — Municipio De Barcarena (R$13.4M),31,217,32818739.0,Novo PAC Prevenção a Desastres (OGU grant arm / FGTS financing; city can formulate directly) | Route A grant arm (adaptation windows favour vulnerability; fund-level matching pending inventory) | MIDR/Sedec civil-defence transfers on declared emergency
c40_0046,Strengthen coastal protection infrastructure,high,high,BR CMA,Cametá,1502103,PA,C,credit_screen_fail_information_quality,9,established,needs_external_cofinance,A-grant B,0,0,,31,217,32818739.0,Novo PAC Prevenção a Desastres (OGU grant arm / FGTS financing; city can formulate directly) | Route A grant arm (adaptation windows favour vulnerability; fund-level matching pending inventory)
c40_0046,Strengthen coastal protection infrastructure,high,high,BR PES,Petrópolis,3303906,RJ,n.d.,credit_screen_unknown,11,extensive,needs_external_cofinance,A-grant B E,3,1,Novo PAC 2025 — Prevenção a Desastres (drenagem): Novo PAC 2025 drenagem — Municipio De Petropolis (R$50.0M),20,217,32818739.0,Novo PAC Prevenção a Desastres (OGU grant arm / FGTS financing; city can formulate directly) | Route A grant arm (adaptation windows favour vulnerability; fund-level matching pending inventory) | MIDR/Sedec civil-defence transfers on declared emergency
c40_0046,Strengthen coastal protection infrastructure,high,high,BR FOR,Fortaleza,2304400,CE,B+,credit_screen_pass,11,extensive,own_budget_or_credit_feasible,A-grant A-credit C B E,2,1,Novo PAC 2025 — Prevenção a Desastres (drenagem): Novo PAC 2025 drenagem — Municipio De Fortaleza (R$103.3M),8,217,32818739.0,"Novo PAC Prevenção a Desastres (OGU grant arm / FGTS financing; city can formulate directly) | MDB operation via COFIEX (Union guarantee open at this CAPAG; climate precedents: Palmas, Fortaleza, Joinville) | Route A grant arm (adaptation windows favour vulnerability; fund-level matching pending inventory) | MIDR/Sedec civil-defence transfers on declared emergency"
c40_0046,Strengthen coastal protection infrastructure,high,high,BR CME,Camaragibe,2603454,PE,A+,credit_screen_pass,8,established,own_budget_or_credit_feasible,A-grant A-credit C B E,2,0,Novo PAC 2025 — Prevenção a Desastres (encostas): Novo PAC 2025 encostas — Camaragibe (R$7.4M); COFIEX — CAF: Desenvolvimento e Mobilidade Urbana de Camaragibe (R$50.0M),9,217,32818739.0,"Novo PAC Prevenção a Desastres (OGU grant arm / FGTS financing; city can formulate directly) | MDB operation via COFIEX (Union guarantee open at this CAPAG; climate precedents: Palmas, Fortaleza, Joinville) | Route A grant arm (adaptation windows favour vulnerability; fund-level matching pending inventory) | MIDR/Sedec civil-defence transfers on declared emergency"
c40_0048,Upgrade urban drainage systems,medium,high,BR CXL,Caxias do Sul,4305108,RS,A+,credit_screen_pass,9,established,own_budget_or_credit_feasible,A-grant A-credit C B E,1,0,Novo PAC 2025 — Prevenção a Desastres (encostas): Novo PAC 2025 encostas — Caxias Do Sul (R$1.2M),13,212,32566719.0,"Novo PAC Prevenção a Desastres (OGU grant arm / FGTS financing; city can formulate directly) | MDB operation via COFIEX (Union guarantee open at this CAPAG; climate precedents: Palmas, Fortaleza, Joinville) | Route A grant arm (adaptation windows favour vulnerability; fund-level matching pending inventory) | MIDR/Sedec civil-defence transfers on declared emergency"
c40_0048,Upgrade urban drainage systems,medium,high,BR MGE,Maranguape,2307700,CE,C,credit_screen_fail_fiscal,9,established,needs_external_cofinance,A-grant B E,0,0,,8,212,32566719.0,Novo PAC Prevenção a Desastres (OGU grant arm / FGTS financing; city can formulate directly) | Route A grant arm (adaptation windows favour vulnerability; fund-level matching pending inventory) | MIDR/Sedec civil-defence transfers on declared emergency
c40_0048,Upgrade urban drainage systems,medium,high,BR RIO,Rio de Janeiro,3304557,RJ,B,credit_screen_pass,11,extensive,own_budget_or_credit_feasible,A-grant A-credit C B E,1,1,Novo PAC 2025 — Prevenção a Desastres (drenagem): Novo PAC 2025 drenagem — Municipio De Rio De Janeiro (R$150.0M),20,212,32566719.0,"Novo PAC Prevenção a Desastres (OGU grant arm / FGTS financing; city can formulate directly) | MDB operation via COFIEX (Union guarantee open at this CAPAG; climate precedents: Palmas, Fortaleza, Joinville) | Route A grant arm (adaptation windows favour vulnerability; fund-level matching pending inventory) | MIDR/Sedec civil-defence transfers on declared emergency"
c40_0048,Upgrade urban drainage systems,medium,high,BR BCA,Barcarena,1501303,PA,n.d.,credit_screen_unknown,10,extensive,needs_external_cofinance,A-grant B E,1,1,Novo PAC 2025 — Prevenção a Desastres (drenagem): Novo PAC 2025 drenagem — Municipio De Barcarena (R$13.4M),31,212,32566719.0,Novo PAC Prevenção a Desastres (OGU grant arm / FGTS financing; city can formulate directly) | Route A grant arm (adaptation windows favour vulnerability; fund-level matching pending inventory) | MIDR/Sedec civil-defence transfers on declared emergency
c40_0048,Upgrade urban drainage systems,medium,high,BR CMA,Cametá,1502103,PA,C,credit_screen_fail_information_quality,9,established,needs_external_cofinance,A-grant B,0,0,,31,212,32566719.0,Novo PAC Prevenção a Desastres (OGU grant arm / FGTS financing; city can formulate directly) | Route A grant arm (adaptation windows favour vulnerability; fund-level matching pending inventory)
c40_0048,Upgrade urban drainage systems,medium,high,BR PES,Petrópolis,3303906,RJ,n.d.,credit_screen_unknown,11,extensive,needs_external_cofinance,A-grant B E,3,1,Novo PAC 2025 — Prevenção a Desastres (drenagem): Novo PAC 2025 drenagem — Municipio De Petropolis (R$50.0M),20,212,32566719.0,Novo PAC Prevenção a Desastres (OGU grant arm / FGTS financing; city can formulate directly) | Route A grant arm (adaptation windows favour vulnerability; fund-level matching pending inventory) | MIDR/Sedec civil-defence transfers on declared emergency
c40_0048,Upgrade urban drainage systems,medium,high,BR FOR,Fortaleza,2304400,CE,B+,credit_screen_pass,11,extensive,own_budget_or_credit_feasible,A-grant A-credit C B E,2,1,Novo PAC 2025 — Prevenção a Desastres (drenagem): Novo PAC 2025 drenagem — Municipio De Fortaleza (R$103.3M),8,212,32566719.0,"Novo PAC Prevenção a Desastres (OGU grant arm / FGTS financing; city can formulate directly) | MDB operation via COFIEX (Union guarantee open at this CAPAG; climate precedents: Palmas, Fortaleza, Joinville) | Route A grant arm (adaptation windows favour vulnerability; fund-level matching pending inventory) | MIDR/Sedec civil-defence transfers on declared emergency"
c40_0048,Upgrade urban drainage systems,medium,high,BR CME,Camaragibe,2603454,PE,A+,credit_screen_pass,8,established,own_budget_or_credit_feasible,A-grant A-credit C B E,2,0,Novo PAC 2025 — Prevenção a Desastres (encostas): Novo PAC 2025 encostas — Camaragibe (R$7.4M); COFIEX — CAF: Desenvolvimento e Mobilidade Urbana de Camaragibe (R$50.0M),9,212,32566719.0,"Novo PAC Prevenção a Desastres (OGU grant arm / FGTS financing; city can formulate directly) | MDB operation via COFIEX (Union guarantee open at this CAPAG; climate precedents: Palmas, Fortaleza, Joinville) | Route A grant arm (adaptation windows favour vulnerability; fund-level matching pending inventory) | MIDR/Sedec civil-defence transfers on declared emergency"
c40_0049,Build and maintain shelters for critical climate hazards,low,high,BR CXL,Caxias do Sul,4305108,RS,A+,credit_screen_pass,9,established,self_deliverable,A-grant A-credit C B E,1,0,Novo PAC 2025 — Prevenção a Desastres (encostas): Novo PAC 2025 encostas — Caxias Do Sul (R$1.2M),13,212,32566719.0,"Novo PAC Prevenção a Desastres (OGU grant arm / FGTS financing; city can formulate directly) | MDB operation via COFIEX (Union guarantee open at this CAPAG; climate precedents: Palmas, Fortaleza, Joinville) | Route A grant arm (adaptation windows favour vulnerability; fund-level matching pending inventory) | MIDR/Sedec civil-defence transfers on declared emergency"
c40_0049,Build and maintain shelters for critical climate hazards,low,high,BR MGE,Maranguape,2307700,CE,C,credit_screen_fail_fiscal,9,established,self_deliverable,A-grant B E,0,0,,8,212,32566719.0,Novo PAC Prevenção a Desastres (OGU grant arm / FGTS financing; city can formulate directly) | Route A grant arm (adaptation windows favour vulnerability; fund-level matching pending inventory) | MIDR/Sedec civil-defence transfers on declared emergency
c40_0049,Build and maintain shelters for critical climate hazards,low,high,BR RIO,Rio de Janeiro,3304557,RJ,B,credit_screen_pass,11,extensive,self_deliverable,A-grant A-credit C B E,1,1,Novo PAC 2025 — Prevenção a Desastres (drenagem): Novo PAC 2025 drenagem — Municipio De Rio De Janeiro (R$150.0M),20,212,32566719.0,"Novo PAC Prevenção a Desastres (OGU grant arm / FGTS financing; city can formulate directly) | MDB operation via COFIEX (Union guarantee open at this CAPAG; climate precedents: Palmas, Fortaleza, Joinville) | Route A grant arm (adaptation windows favour vulnerability; fund-level matching pending inventory) | MIDR/Sedec civil-defence transfers on declared emergency"
c40_0049,Build and maintain shelters for critical climate hazards,low,high,BR BCA,Barcarena,1501303,PA,n.d.,credit_screen_unknown,10,extensive,self_deliverable,A-grant B E,1,1,Novo PAC 2025 — Prevenção a Desastres (drenagem): Novo PAC 2025 drenagem — Municipio De Barcarena (R$13.4M),31,212,32566719.0,Novo PAC Prevenção a Desastres (OGU grant arm / FGTS financing; city can formulate directly) | Route A grant arm (adaptation windows favour vulnerability; fund-level matching pending inventory) | MIDR/Sedec civil-defence transfers on declared emergency
c40_0049,Build and maintain shelters for critical climate hazards,low,high,BR CMA,Cametá,1502103,PA,C,credit_screen_fail_information_quality,9,established,self_deliverable,A-grant B,0,0,,31,212,32566719.0,Novo PAC Prevenção a Desastres (OGU grant arm / FGTS financing; city can formulate directly) | Route A grant arm (adaptation windows favour vulnerability; fund-level matching pending inventory)
c40_0049,Build and maintain shelters for critical climate hazards,low,high,BR PES,Petrópolis,3303906,RJ,n.d.,credit_screen_unknown,11,extensive,self_deliverable,A-grant B E,3,1,Novo PAC 2025 — Prevenção a Desastres (drenagem): Novo PAC 2025 drenagem — Municipio De Petropolis (R$50.0M),20,212,32566719.0,Novo PAC Prevenção a Desastres (OGU grant arm / FGTS financing; city can formulate directly) | Route A grant arm (adaptation windows favour vulnerability; fund-level matching pending inventory) | MIDR/Sedec civil-defence transfers on declared emergency
c40_0049,Build and maintain shelters for critical climate hazards,low,high,BR FOR,Fortaleza,2304400,CE,B+,credit_screen_pass,11,extensive,self_deliverable,A-grant A-credit C B E,2,1,Novo PAC 2025 — Prevenção a Desastres (drenagem): Novo PAC 2025 drenagem — Municipio De Fortaleza (R$103.3M),8,212,32566719.0,"Novo PAC Prevenção a Desastres (OGU grant arm / FGTS financing; city can formulate directly) | MDB operation via COFIEX (Union guarantee open at this CAPAG; climate precedents: Palmas, Fortaleza, Joinville) | Route A grant arm (adaptation windows favour vulnerability; fund-level matching pending inventory) | MIDR/Sedec civil-defence transfers on declared emergency"
c40_0049,Build and maintain shelters for critical climate hazards,low,high,BR CME,Camaragibe,2603454,PE,A+,credit_screen_pass,8,established,self_deliverable,A-grant A-credit C B E,2,0,Novo PAC 2025 — Prevenção a Desastres (encostas): Novo PAC 2025 encostas — Camaragibe (R$7.4M); COFIEX — CAF: Desenvolvimento e Mobilidade Urbana de Camaragibe (R$50.0M),9,212,32566719.0,"Novo PAC Prevenção a Desastres (OGU grant arm / FGTS financing; city can formulate directly) | MDB operation via COFIEX (Union guarantee open at this CAPAG; climate precedents: Palmas, Fortaleza, Joinville) | Route A grant arm (adaptation windows favour vulnerability; fund-level matching pending inventory) | MIDR/Sedec civil-defence transfers on declared emergency"
c40_0051,Provide public shading in heat hotspots,low,high,BR CXL,Caxias do Sul,4305108,RS,A+,credit_screen_pass,9,established,self_deliverable,A-grant A-credit C B,1,0,Novo PAC 2025 — Prevenção a Desastres (encostas): Novo PAC 2025 encostas — Caxias Do Sul (R$1.2M),0,72,16925456.0,"MDB operation via COFIEX (Union guarantee open at this CAPAG; climate precedents: Palmas, Fortaleza, Joinville) | Fundo Amazônia grant window (city mostly as enabler via state/OSC; direct municipal grants are rare: 7 of 146) | Route A grant arm (adaptation windows favour vulnerability; fund-level matching pending inventory)"
c40_0051,Provide public shading in heat hotspots,low,high,BR MGE,Maranguape,2307700,CE,C,credit_screen_fail_fiscal,9,established,self_deliverable,A-grant B,0,0,,0,72,16925456.0,Fundo Amazônia grant window (city mostly as enabler via state/OSC; direct municipal grants are rare: 7 of 146) | Route A grant arm (adaptation windows favour vulnerability; fund-level matching pending inventory)
c40_0051,Provide public shading in heat hotspots,low,high,BR RIO,Rio de Janeiro,3304557,RJ,B,credit_screen_pass,11,extensive,self_deliverable,A-grant A-credit C B,1,0,Novo PAC 2025 — Prevenção a Desastres (drenagem): Novo PAC 2025 drenagem — Municipio De Rio De Janeiro (R$150.0M),0,72,16925456.0,"MDB operation via COFIEX (Union guarantee open at this CAPAG; climate precedents: Palmas, Fortaleza, Joinville) | Fundo Amazônia grant window (city mostly as enabler via state/OSC; direct municipal grants are rare: 7 of 146) | Route A grant arm (adaptation windows favour vulnerability; fund-level matching pending inventory)"
c40_0051,Provide public shading in heat hotspots,low,high,BR BCA,Barcarena,1501303,PA,n.d.,credit_screen_unknown,10,extensive,self_deliverable,A-grant B,1,0,Novo PAC 2025 — Prevenção a Desastres (drenagem): Novo PAC 2025 drenagem — Municipio De Barcarena (R$13.4M),35,72,16925456.0,Fundo Amazônia grant window (city mostly as enabler via state/OSC; direct municipal grants are rare: 7 of 146) | Route A grant arm (adaptation windows favour vulnerability; fund-level matching pending inventory)
c40_0051,Provide public shading in heat hotspots,low,high,BR CMA,Cametá,1502103,PA,C,credit_screen_fail_information_quality,9,established,self_deliverable,A-grant B,0,0,,35,72,16925456.0,Fundo Amazônia grant window (city mostly as enabler via state/OSC; direct municipal grants are rare: 7 of 146) | Route A grant arm (adaptation windows favour vulnerability; fund-level matching pending inventory)
c40_0051,Provide public shading in heat hotspots,low,high,BR PES,Petrópolis,3303906,RJ,n.d.,credit_screen_unknown,11,extensive,self_deliverable,A-grant B,3,0,Novo PAC 2025 — Prevenção a Desastres (encostas): Novo PAC 2025 encostas — Petrópolis (R$11.0M); Novo PAC 2025 — Prevenção a Desastres (encostas): Novo PAC 2025 encostas — Petrópolis (R$13.8M); Novo PAC 2025 — Prevenção a Desastres (drenagem): Novo PAC 2025 drenagem — Municipio De Petropolis (R$50.0M),0,72,16925456.0,Fundo Amazônia grant window (city mostly as enabler via state/OSC; direct municipal grants are rare: 7 of 146) | Route A grant arm (adaptation windows favour vulnerability; fund-level matching pending inventory)
c40_0051,Provide public shading in heat hotspots,low,high,BR FOR,Fortaleza,2304400,CE,B+,credit_screen_pass,11,extensive,self_deliverable,A-grant A-credit C B,2,0,"Novo PAC 2025 — Prevenção a Desastres (drenagem): Novo PAC 2025 drenagem — Municipio De Fortaleza (R$103.3M); COFIEX — BIRD: Promoção da Sustentabilidade Urbana, Ambiental e Fiscal de Fortaleza (R$194.8M)",0,72,16925456.0,"MDB operation via COFIEX (Union guarantee open at this CAPAG; climate precedents: Palmas, Fortaleza, Joinville) | Fundo Amazônia grant window (city mostly as enabler via state/OSC; direct municipal grants are rare: 7 of 146) | Route A grant arm (adaptation windows favour vulnerability; fund-level matching pending inventory)"
c40_0051,Provide public shading in heat hotspots,low,high,BR CME,Camaragibe,2603454,PE,A+,credit_screen_pass,8,established,self_deliverable,A-grant A-credit C B,2,0,Novo PAC 2025 — Prevenção a Desastres (encostas): Novo PAC 2025 encostas — Camaragibe (R$7.4M); COFIEX — CAF: Desenvolvimento e Mobilidade Urbana de Camaragibe (R$50.0M),0,72,16925456.0,"MDB operation via COFIEX (Union guarantee open at this CAPAG; climate precedents: Palmas, Fortaleza, Joinville) | Fundo Amazônia grant window (city mostly as enabler via state/OSC; direct municipal grants are rare: 7 of 146) | Route A grant arm (adaptation windows favour vulnerability; fund-level matching pending inventory)"
c40_0052,Deploy cool pavements and cool roofs on heat‑exposed streets and buildings,low,high,BR CXL,Caxias do Sul,4305108,RS,A+,credit_screen_pass,9,established,self_deliverable,A-grant A-credit C B,1,0,Novo PAC 2025 — Prevenção a Desastres (encostas): Novo PAC 2025 encostas — Caxias Do Sul (R$1.2M),0,0,,"MDB operation via COFIEX (Union guarantee open at this CAPAG; climate precedents: Palmas, Fortaleza, Joinville) | Route A grant arm (adaptation windows favour vulnerability; fund-level matching pending inventory)"
c40_0052,Deploy cool pavements and cool roofs on heat‑exposed streets and buildings,low,high,BR MGE,Maranguape,2307700,CE,C,credit_screen_fail_fiscal,9,established,self_deliverable,A-grant B,0,0,,0,0,,Route A grant arm (adaptation windows favour vulnerability; fund-level matching pending inventory)
c40_0052,Deploy cool pavements and cool roofs on heat‑exposed streets and buildings,low,high,BR RIO,Rio de Janeiro,3304557,RJ,B,credit_screen_pass,11,extensive,self_deliverable,A-grant A-credit C B,1,0,Novo PAC 2025 — Prevenção a Desastres (drenagem): Novo PAC 2025 drenagem — Municipio De Rio De Janeiro (R$150.0M),0,0,,"MDB operation via COFIEX (Union guarantee open at this CAPAG; climate precedents: Palmas, Fortaleza, Joinville) | Route A grant arm (adaptation windows favour vulnerability; fund-level matching pending inventory)"
c40_0052,Deploy cool pavements and cool roofs on heat‑exposed streets and buildings,low,high,BR BCA,Barcarena,1501303,PA,n.d.,credit_screen_unknown,10,extensive,self_deliverable,A-grant B,1,0,Novo PAC 2025 — Prevenção a Desastres (drenagem): Novo PAC 2025 drenagem — Municipio De Barcarena (R$13.4M),0,0,,Route A grant arm (adaptation windows favour vulnerability; fund-level matching pending inventory)
c40_0052,Deploy cool pavements and cool roofs on heat‑exposed streets and buildings,low,high,BR CMA,Cametá,1502103,PA,C,credit_screen_fail_information_quality,9,established,self_deliverable,A-grant B,0,0,,0,0,,Route A grant arm (adaptation windows favour vulnerability; fund-level matching pending inventory)
c40_0052,Deploy cool pavements and cool roofs on heat‑exposed streets and buildings,low,high,BR PES,Petrópolis,3303906,RJ,n.d.,credit_screen_unknown,11,extensive,self_deliverable,A-grant B,3,0,Novo PAC 2025 — Prevenção a Desastres (encostas): Novo PAC 2025 encostas — Petrópolis (R$11.0M); Novo PAC 2025 — Prevenção a Desastres (encostas): Novo PAC 2025 encostas — Petrópolis (R$13.8M); Novo PAC 2025 — Prevenção a Desastres (drenagem): Novo PAC 2025 drenagem — Municipio De Petropolis (R$50.0M),0,0,,Route A grant arm (adaptation windows favour vulnerability; fund-level matching pending inventory)
c40_0052,Deploy cool pavements and cool roofs on heat‑exposed streets and buildings,low,high,BR FOR,Fortaleza,2304400,CE,B+,credit_screen_pass,11,extensive,self_deliverable,A-grant A-credit C B,2,0,"Novo PAC 2025 — Prevenção a Desastres (drenagem): Novo PAC 2025 drenagem — Municipio De Fortaleza (R$103.3M); COFIEX — BIRD: Promoção da Sustentabilidade Urbana, Ambiental e Fiscal de Fortaleza (R$194.8M)",0,0,,"MDB operation via COFIEX (Union guarantee open at this CAPAG; climate precedents: Palmas, Fortaleza, Joinville) | Route A grant arm (adaptation windows favour vulnerability; fund-level matching pending inventory)"
c40_0052,Deploy cool pavements and cool roofs on heat‑exposed streets and buildings,low,high,BR CME,Camaragibe,2603454,PE,A+,credit_screen_pass,8,established,self_deliverable,A-grant A-credit C B,2,0,Novo PAC 2025 — Prevenção a Desastres (encostas): Novo PAC 2025 encostas — Camaragibe (R$7.4M); COFIEX — CAF: Desenvolvimento e Mobilidade Urbana de Camaragibe (R$50.0M),0,0,,"MDB operation via COFIEX (Union guarantee open at this CAPAG; climate precedents: Palmas, Fortaleza, Joinville) | Route A grant arm (adaptation windows favour vulnerability; fund-level matching pending inventory)"
c40_0053,Promote water-saving technologies and practices,low,medium,BR CXL,Caxias do Sul,4305108,RS,A+,credit_screen_pass,9,established,self_deliverable,A-grant A-credit C B E,1,0,Novo PAC 2025 — Prevenção a Desastres (encostas): Novo PAC 2025 encostas — Caxias Do Sul (R$1.2M),0,10,12360925.0,"MDB operation via COFIEX (Union guarantee open at this CAPAG; climate precedents: Palmas, Fortaleza, Joinville) | Fundo Amazônia grant window (city mostly as enabler via state/OSC; direct municipal grants are rare: 7 of 146) | Route A grant arm (adaptation windows favour vulnerability; fund-level matching pending inventory) | MIDR/Sedec civil-defence transfers on declared emergency"
c40_0053,Promote water-saving technologies and practices,low,medium,BR MGE,Maranguape,2307700,CE,C,credit_screen_fail_fiscal,9,established,self_deliverable,A-grant B E,0,0,,0,10,12360925.0,Fundo Amazônia grant window (city mostly as enabler via state/OSC; direct municipal grants are rare: 7 of 146) | Route A grant arm (adaptation windows favour vulnerability; fund-level matching pending inventory) | MIDR/Sedec civil-defence transfers on declared emergency
c40_0053,Promote water-saving technologies and practices,low,medium,BR RIO,Rio de Janeiro,3304557,RJ,B,credit_screen_pass,11,extensive,self_deliverable,A-grant A-credit C B E,1,0,Novo PAC 2025 — Prevenção a Desastres (drenagem): Novo PAC 2025 drenagem — Municipio De Rio De Janeiro (R$150.0M),0,10,12360925.0,"MDB operation via COFIEX (Union guarantee open at this CAPAG; climate precedents: Palmas, Fortaleza, Joinville) | Fundo Amazônia grant window (city mostly as enabler via state/OSC; direct municipal grants are rare: 7 of 146) | Route A grant arm (adaptation windows favour vulnerability; fund-level matching pending inventory) | MIDR/Sedec civil-defence transfers on declared emergency"
c40_0053,Promote water-saving technologies and practices,low,medium,BR BCA,Barcarena,1501303,PA,n.d.,credit_screen_unknown,10,extensive,self_deliverable,A-grant B E,1,0,Novo PAC 2025 — Prevenção a Desastres (drenagem): Novo PAC 2025 drenagem — Municipio De Barcarena (R$13.4M),2,10,12360925.0,Fundo Amazônia grant window (city mostly as enabler via state/OSC; direct municipal grants are rare: 7 of 146) | Route A grant arm (adaptation windows favour vulnerability; fund-level matching pending inventory) | MIDR/Sedec civil-defence transfers on declared emergency
c40_0053,Promote water-saving technologies and practices,low,medium,BR CMA,Cametá,1502103,PA,C,credit_screen_fail_information_quality,9,established,self_deliverable,A-grant B,0,0,,2,10,12360925.0,Fundo Amazônia grant window (city mostly as enabler via state/OSC; direct municipal grants are rare: 7 of 146) | Route A grant arm (adaptation windows favour vulnerability; fund-level matching pending inventory)
c40_0053,Promote water-saving technologies and practices,low,medium,BR PES,Petrópolis,3303906,RJ,n.d.,credit_screen_unknown,11,extensive,self_deliverable,A-grant B E,3,0,Novo PAC 2025 — Prevenção a Desastres (encostas): Novo PAC 2025 encostas — Petrópolis (R$11.0M); Novo PAC 2025 — Prevenção a Desastres (encostas): Novo PAC 2025 encostas — Petrópolis (R$13.8M); Novo PAC 2025 — Prevenção a Desastres (drenagem): Novo PAC 2025 drenagem — Municipio De Petropolis (R$50.0M),0,10,12360925.0,Fundo Amazônia grant window (city mostly as enabler via state/OSC; direct municipal grants are rare: 7 of 146) | Route A grant arm (adaptation windows favour vulnerability; fund-level matching pending inventory) | MIDR/Sedec civil-defence transfers on declared emergency
c40_0053,Promote water-saving technologies and practices,low,medium,BR FOR,Fortaleza,2304400,CE,B+,credit_screen_pass,11,extensive,self_deliverable,A-grant A-credit C B E,2,0,"Novo PAC 2025 — Prevenção a Desastres (drenagem): Novo PAC 2025 drenagem — Municipio De Fortaleza (R$103.3M); COFIEX — BIRD: Promoção da Sustentabilidade Urbana, Ambiental e Fiscal de Fortaleza (R$194.8M)",0,10,12360925.0,"MDB operation via COFIEX (Union guarantee open at this CAPAG; climate precedents: Palmas, Fortaleza, Joinville) | Fundo Amazônia grant window (city mostly as enabler via state/OSC; direct municipal grants are rare: 7 of 146) | Route A grant arm (adaptation windows favour vulnerability; fund-level matching pending inventory) | MIDR/Sedec civil-defence transfers on declared emergency"
c40_0053,Promote water-saving technologies and practices,low,medium,BR CME,Camaragibe,2603454,PE,A+,credit_screen_pass,8,established,self_deliverable,A-grant A-credit C B E,2,0,Novo PAC 2025 — Prevenção a Desastres (encostas): Novo PAC 2025 encostas — Camaragibe (R$7.4M); COFIEX — CAF: Desenvolvimento e Mobilidade Urbana de Camaragibe (R$50.0M),0,10,12360925.0,"MDB operation via COFIEX (Union guarantee open at this CAPAG; climate precedents: Palmas, Fortaleza, Joinville) | Fundo Amazônia grant window (city mostly as enabler via state/OSC; direct municipal grants are rare: 7 of 146) | Route A grant arm (adaptation windows favour vulnerability; fund-level matching pending inventory) | MIDR/Sedec civil-defence transfers on declared emergency"
c40_0056,Improve Watershed Protection and Management,low,high,BR CXL,Caxias do Sul,4305108,RS,A+,credit_screen_pass,9,established,self_deliverable,A-grant A-credit C B E,1,0,Novo PAC 2025 — Prevenção a Desastres (encostas): Novo PAC 2025 encostas — Caxias Do Sul (R$1.2M),0,72,16925456.0,"MDB operation via COFIEX (Union guarantee open at this CAPAG; climate precedents: Palmas, Fortaleza, Joinville) | Fundo Amazônia grant window (city mostly as enabler via state/OSC; direct municipal grants are rare: 7 of 146) | Route A grant arm (adaptation windows favour vulnerability; fund-level matching pending inventory) | MIDR/Sedec civil-defence transfers on declared emergency"
c40_0056,Improve Watershed Protection and Management,low,high,BR MGE,Maranguape,2307700,CE,C,credit_screen_fail_fiscal,9,established,self_deliverable,A-grant B E,0,0,,0,72,16925456.0,Fundo Amazônia grant window (city mostly as enabler via state/OSC; direct municipal grants are rare: 7 of 146) | Route A grant arm (adaptation windows favour vulnerability; fund-level matching pending inventory) | MIDR/Sedec civil-defence transfers on declared emergency
c40_0056,Improve Watershed Protection and Management,low,high,BR RIO,Rio de Janeiro,3304557,RJ,B,credit_screen_pass,11,extensive,self_deliverable,A-grant A-credit C B E,1,0,Novo PAC 2025 — Prevenção a Desastres (drenagem): Novo PAC 2025 drenagem — Municipio De Rio De Janeiro (R$150.0M),0,72,16925456.0,"MDB operation via COFIEX (Union guarantee open at this CAPAG; climate precedents: Palmas, Fortaleza, Joinville) | Fundo Amazônia grant window (city mostly as enabler via state/OSC; direct municipal grants are rare: 7 of 146) | Route A grant arm (adaptation windows favour vulnerability; fund-level matching pending inventory) | MIDR/Sedec civil-defence transfers on declared emergency"
c40_0056,Improve Watershed Protection and Management,low,high,BR BCA,Barcarena,1501303,PA,n.d.,credit_screen_unknown,10,extensive,self_deliverable,A-grant B E,1,0,Novo PAC 2025 — Prevenção a Desastres (drenagem): Novo PAC 2025 drenagem — Municipio De Barcarena (R$13.4M),35,72,16925456.0,Fundo Amazônia grant window (city mostly as enabler via state/OSC; direct municipal grants are rare: 7 of 146) | Route A grant arm (adaptation windows favour vulnerability; fund-level matching pending inventory) | MIDR/Sedec civil-defence transfers on declared emergency
c40_0056,Improve Watershed Protection and Management,low,high,BR CMA,Cametá,1502103,PA,C,credit_screen_fail_information_quality,9,established,self_deliverable,A-grant B,0,0,,35,72,16925456.0,Fundo Amazônia grant window (city mostly as enabler via state/OSC; direct municipal grants are rare: 7 of 146) | Route A grant arm (adaptation windows favour vulnerability; fund-level matching pending inventory)
c40_0056,Improve Watershed Protection and Management,low,high,BR PES,Petrópolis,3303906,RJ,n.d.,credit_screen_unknown,11,extensive,self_deliverable,A-grant B E,3,0,Novo PAC 2025 — Prevenção a Desastres (encostas): Novo PAC 2025 encostas — Petrópolis (R$11.0M); Novo PAC 2025 — Prevenção a Desastres (encostas): Novo PAC 2025 encostas — Petrópolis (R$13.8M); Novo PAC 2025 — Prevenção a Desastres (drenagem): Novo PAC 2025 drenagem — Municipio De Petropolis (R$50.0M),0,72,16925456.0,Fundo Amazônia grant window (city mostly as enabler via state/OSC; direct municipal grants are rare: 7 of 146) | Route A grant arm (adaptation windows favour vulnerability; fund-level matching pending inventory) | MIDR/Sedec civil-defence transfers on declared emergency
c40_0056,Improve Watershed Protection and Management,low,high,BR FOR,Fortaleza,2304400,CE,B+,credit_screen_pass,11,extensive,self_deliverable,A-grant A-credit C B E,2,0,"Novo PAC 2025 — Prevenção a Desastres (drenagem): Novo PAC 2025 drenagem — Municipio De Fortaleza (R$103.3M); COFIEX — BIRD: Promoção da Sustentabilidade Urbana, Ambiental e Fiscal de Fortaleza (R$194.8M)",0,72,16925456.0,"MDB operation via COFIEX (Union guarantee open at this CAPAG; climate precedents: Palmas, Fortaleza, Joinville) | Fundo Amazônia grant window (city mostly as enabler via state/OSC; direct municipal grants are rare: 7 of 146) | Route A grant arm (adaptation windows favour vulnerability; fund-level matching pending inventory) | MIDR/Sedec civil-defence transfers on declared emergency"
c40_0056,Improve Watershed Protection and Management,low,high,BR CME,Camaragibe,2603454,PE,A+,credit_screen_pass,8,established,self_deliverable,A-grant A-credit C B E,2,0,Novo PAC 2025 — Prevenção a Desastres (encostas): Novo PAC 2025 encostas — Camaragibe (R$7.4M); COFIEX — CAF: Desenvolvimento e Mobilidade Urbana de Camaragibe (R$50.0M),0,72,16925456.0,"MDB operation via COFIEX (Union guarantee open at this CAPAG; climate precedents: Palmas, Fortaleza, Joinville) | Fundo Amazônia grant window (city mostly as enabler via state/OSC; direct municipal grants are rare: 7 of 146) | Route A grant arm (adaptation windows favour vulnerability; fund-level matching pending inventory) | MIDR/Sedec civil-defence transfers on declared emergency"
c40_0062,Reform water tariffs to support efficiency and equity,low,low,BR CXL,Caxias do Sul,4305108,RS,A+,credit_screen_pass,9,established,self_deliverable,A-grant A-credit C B E,1,0,Novo PAC 2025 — Prevenção a Desastres (encostas): Novo PAC 2025 encostas — Caxias Do Sul (R$1.2M),0,10,12360925.0,"MDB operation via COFIEX (Union guarantee open at this CAPAG; climate precedents: Palmas, Fortaleza, Joinville) | Fundo Amazônia grant window (city mostly as enabler via state/OSC; direct municipal grants are rare: 7 of 146) | Route A grant arm (adaptation windows favour vulnerability; fund-level matching pending inventory) | MIDR/Sedec civil-defence transfers on declared emergency"
c40_0062,Reform water tariffs to support efficiency and equity,low,low,BR MGE,Maranguape,2307700,CE,C,credit_screen_fail_fiscal,9,established,self_deliverable,A-grant B E,0,0,,0,10,12360925.0,Fundo Amazônia grant window (city mostly as enabler via state/OSC; direct municipal grants are rare: 7 of 146) | Route A grant arm (adaptation windows favour vulnerability; fund-level matching pending inventory) | MIDR/Sedec civil-defence transfers on declared emergency
c40_0062,Reform water tariffs to support efficiency and equity,low,low,BR RIO,Rio de Janeiro,3304557,RJ,B,credit_screen_pass,11,extensive,self_deliverable,A-grant A-credit C B E,1,0,Novo PAC 2025 — Prevenção a Desastres (drenagem): Novo PAC 2025 drenagem — Municipio De Rio De Janeiro (R$150.0M),0,10,12360925.0,"MDB operation via COFIEX (Union guarantee open at this CAPAG; climate precedents: Palmas, Fortaleza, Joinville) | Fundo Amazônia grant window (city mostly as enabler via state/OSC; direct municipal grants are rare: 7 of 146) | Route A grant arm (adaptation windows favour vulnerability; fund-level matching pending inventory) | MIDR/Sedec civil-defence transfers on declared emergency"
c40_0062,Reform water tariffs to support efficiency and equity,low,low,BR BCA,Barcarena,1501303,PA,n.d.,credit_screen_unknown,10,extensive,self_deliverable,A-grant B E,1,0,Novo PAC 2025 — Prevenção a Desastres (drenagem): Novo PAC 2025 drenagem — Municipio De Barcarena (R$13.4M),2,10,12360925.0,Fundo Amazônia grant window (city mostly as enabler via state/OSC; direct municipal grants are rare: 7 of 146) | Route A grant arm (adaptation windows favour vulnerability; fund-level matching pending inventory) | MIDR/Sedec civil-defence transfers on declared emergency
c40_0062,Reform water tariffs to support efficiency and equity,low,low,BR CMA,Cametá,1502103,PA,C,credit_screen_fail_information_quality,9,established,self_deliverable,A-grant B,0,0,,2,10,12360925.0,Fundo Amazônia grant window (city mostly as enabler via state/OSC; direct municipal grants are rare: 7 of 146) | Route A grant arm (adaptation windows favour vulnerability; fund-level matching pending inventory)
c40_0062,Reform water tariffs to support efficiency and equity,low,low,BR PES,Petrópolis,3303906,RJ,n.d.,credit_screen_unknown,11,extensive,self_deliverable,A-grant B E,3,0,Novo PAC 2025 — Prevenção a Desastres (encostas): Novo PAC 2025 encostas — Petrópolis (R$11.0M); Novo PAC 2025 — Prevenção a Desastres (encostas): Novo PAC 2025 encostas — Petrópolis (R$13.8M); Novo PAC 2025 — Prevenção a Desastres (drenagem): Novo PAC 2025 drenagem — Municipio De Petropolis (R$50.0M),0,10,12360925.0,Fundo Amazônia grant window (city mostly as enabler via state/OSC; direct municipal grants are rare: 7 of 146) | Route A grant arm (adaptation windows favour vulnerability; fund-level matching pending inventory) | MIDR/Sedec civil-defence transfers on declared emergency
c40_0062,Reform water tariffs to support efficiency and equity,low,low,BR FOR,Fortaleza,2304400,CE,B+,credit_screen_pass,11,extensive,self_deliverable,A-grant A-credit C B E,2,0,"Novo PAC 2025 — Prevenção a Desastres (drenagem): Novo PAC 2025 drenagem — Municipio De Fortaleza (R$103.3M); COFIEX — BIRD: Promoção da Sustentabilidade Urbana, Ambiental e Fiscal de Fortaleza (R$194.8M)",0,10,12360925.0,"MDB operation via COFIEX (Union guarantee open at this CAPAG; climate precedents: Palmas, Fortaleza, Joinville) | Fundo Amazônia grant window (city mostly as enabler via state/OSC; direct municipal grants are rare: 7 of 146) | Route A grant arm (adaptation windows favour vulnerability; fund-level matching pending inventory) | MIDR/Sedec civil-defence transfers on declared emergency"
c40_0062,Reform water tariffs to support efficiency and equity,low,low,BR CME,Camaragibe,2603454,PE,A+,credit_screen_pass,8,established,self_deliverable,A-grant A-credit C B E,2,0,Novo PAC 2025 — Prevenção a Desastres (encostas): Novo PAC 2025 encostas — Camaragibe (R$7.4M); COFIEX — CAF: Desenvolvimento e Mobilidade Urbana de Camaragibe (R$50.0M),0,10,12360925.0,"MDB operation via COFIEX (Union guarantee open at this CAPAG; climate precedents: Palmas, Fortaleza, Joinville) | Fundo Amazônia grant window (city mostly as enabler via state/OSC; direct municipal grants are rare: 7 of 146) | Route A grant arm (adaptation windows favour vulnerability; fund-level matching pending inventory) | MIDR/Sedec civil-defence transfers on declared emergency"
icare_0144,Establish a financial support program for extreme weather events,medium,medium,BR CXL,Caxias do Sul,4305108,RS,A+,credit_screen_pass,9,established,own_budget_or_credit_feasible,A-grant A-credit C B E,1,1,Novo PAC 2025 — Prevenção a Desastres (encostas): Novo PAC 2025 encostas — Caxias Do Sul (R$1.2M),19,339,22706887.0,"Novo PAC Prevenção a Desastres (OGU grant arm / FGTS financing; city can formulate directly) | MDB operation via COFIEX (Union guarantee open at this CAPAG; climate precedents: Palmas, Fortaleza, Joinville) | Fundo Amazônia grant window (city mostly as enabler via state/OSC; direct municipal grants are rare: 7 of 146) | Route A grant arm (adaptation windows favour vulnerability; fund-level matching pending inventory) | MIDR/Sedec civil-defence transfers on declared emergency"
icare_0144,Establish a financial support program for extreme weather events,medium,medium,BR MGE,Maranguape,2307700,CE,C,credit_screen_fail_fiscal,9,established,needs_external_cofinance,A-grant B E,0,0,,11,339,22706887.0,Novo PAC Prevenção a Desastres (OGU grant arm / FGTS financing; city can formulate directly) | Fundo Amazônia grant window (city mostly as enabler via state/OSC; direct municipal grants are rare: 7 of 146) | Route A grant arm (adaptation windows favour vulnerability; fund-level matching pending inventory) | MIDR/Sedec civil-defence transfers on declared emergency
icare_0144,Establish a financial support program for extreme weather events,medium,medium,BR RIO,Rio de Janeiro,3304557,RJ,B,credit_screen_pass,11,extensive,own_budget_or_credit_feasible,A-grant A-credit C B E,1,1,Novo PAC 2025 — Prevenção a Desastres (drenagem): Novo PAC 2025 drenagem — Municipio De Rio De Janeiro (R$150.0M),30,339,22706887.0,"Novo PAC Prevenção a Desastres (OGU grant arm / FGTS financing; city can formulate directly) | MDB operation via COFIEX (Union guarantee open at this CAPAG; climate precedents: Palmas, Fortaleza, Joinville) | Fundo Amazônia grant window (city mostly as enabler via state/OSC; direct municipal grants are rare: 7 of 146) | Route A grant arm (adaptation windows favour vulnerability; fund-level matching pending inventory) | MIDR/Sedec civil-defence transfers on declared emergency"
icare_0144,Establish a financial support program for extreme weather events,medium,medium,BR BCA,Barcarena,1501303,PA,n.d.,credit_screen_unknown,10,extensive,needs_external_cofinance,A-grant B E,1,1,Novo PAC 2025 — Prevenção a Desastres (drenagem): Novo PAC 2025 drenagem — Municipio De Barcarena (R$13.4M),39,339,22706887.0,Novo PAC Prevenção a Desastres (OGU grant arm / FGTS financing; city can formulate directly) | Fundo Amazônia grant window (city mostly as enabler via state/OSC; direct municipal grants are rare: 7 of 146) | Route A grant arm (adaptation windows favour vulnerability; fund-level matching pending inventory) | MIDR/Sedec civil-defence transfers on declared emergency
icare_0144,Establish a financial support program for extreme weather events,medium,medium,BR CMA,Cametá,1502103,PA,C,credit_screen_fail_information_quality,9,established,needs_external_cofinance,A-grant B,0,0,,39,339,22706887.0,Novo PAC Prevenção a Desastres (OGU grant arm / FGTS financing; city can formulate directly) | Fundo Amazônia grant window (city mostly as enabler via state/OSC; direct municipal grants are rare: 7 of 146) | Route A grant arm (adaptation windows favour vulnerability; fund-level matching pending inventory)
icare_0144,Establish a financial support program for extreme weather events,medium,medium,BR PES,Petrópolis,3303906,RJ,n.d.,credit_screen_unknown,11,extensive,needs_external_cofinance,A-grant B E,3,3,Novo PAC 2025 — Prevenção a Desastres (encostas): Novo PAC 2025 encostas — Petrópolis (R$11.0M); Novo PAC 2025 — Prevenção a Desastres (encostas): Novo PAC 2025 encostas — Petrópolis (R$13.8M); Novo PAC 2025 — Prevenção a Desastres (drenagem): Novo PAC 2025 drenagem — Municipio De Petropolis (R$50.0M),30,339,22706887.0,Novo PAC Prevenção a Desastres (OGU grant arm / FGTS financing; city can formulate directly) | Fundo Amazônia grant window (city mostly as enabler via state/OSC; direct municipal grants are rare: 7 of 146) | Route A grant arm (adaptation windows favour vulnerability; fund-level matching pending inventory) | MIDR/Sedec civil-defence transfers on declared emergency
icare_0144,Establish a financial support program for extreme weather events,medium,medium,BR FOR,Fortaleza,2304400,CE,B+,credit_screen_pass,11,extensive,own_budget_or_credit_feasible,A-grant A-credit C B E,2,1,Novo PAC 2025 — Prevenção a Desastres (drenagem): Novo PAC 2025 drenagem — Municipio De Fortaleza (R$103.3M),11,339,22706887.0,"Novo PAC Prevenção a Desastres (OGU grant arm / FGTS financing; city can formulate directly) | MDB operation via COFIEX (Union guarantee open at this CAPAG; climate precedents: Palmas, Fortaleza, Joinville) | Fundo Amazônia grant window (city mostly as enabler via state/OSC; direct municipal grants are rare: 7 of 146) | Route A grant arm (adaptation windows favour vulnerability; fund-level matching pending inventory) | MIDR/Sedec civil-defence transfers on declared emergency"
icare_0144,Establish a financial support program for extreme weather events,medium,medium,BR CME,Camaragibe,2603454,PE,A+,credit_screen_pass,8,established,own_budget_or_credit_feasible,A-grant A-credit C B E,2,1,Novo PAC 2025 — Prevenção a Desastres (encostas): Novo PAC 2025 encostas — Camaragibe (R$7.4M),17,339,22706887.0,"Novo PAC Prevenção a Desastres (OGU grant arm / FGTS financing; city can formulate directly) | MDB operation via COFIEX (Union guarantee open at this CAPAG; climate precedents: Palmas, Fortaleza, Joinville) | Fundo Amazônia grant window (city mostly as enabler via state/OSC; direct municipal grants are rare: 7 of 146) | Route A grant arm (adaptation windows favour vulnerability; fund-level matching pending inventory) | MIDR/Sedec civil-defence transfers on declared emergency"
icare_0145,Strengthen the healthcare system to respond effectively to extreme events,high,high,BR CXL,Caxias do Sul,4305108,RS,A+,credit_screen_pass,9,established,own_budget_or_credit_feasible,A-grant A-credit C B E,1,1,Novo PAC 2025 — Prevenção a Desastres (encostas): Novo PAC 2025 encostas — Caxias Do Sul (R$1.2M),19,325,22555611.0,"Novo PAC Prevenção a Desastres (OGU grant arm / FGTS financing; city can formulate directly) | MDB operation via COFIEX (Union guarantee open at this CAPAG; climate precedents: Palmas, Fortaleza, Joinville) | Fundo Amazônia grant window (city mostly as enabler via state/OSC; direct municipal grants are rare: 7 of 146) | Route A grant arm (adaptation windows favour vulnerability; fund-level matching pending inventory) | MIDR/Sedec civil-defence transfers on declared emergency"
icare_0145,Strengthen the healthcare system to respond effectively to extreme events,high,high,BR MGE,Maranguape,2307700,CE,C,credit_screen_fail_fiscal,9,established,needs_external_cofinance,A-grant B E,0,0,,11,325,22555611.0,Novo PAC Prevenção a Desastres (OGU grant arm / FGTS financing; city can formulate directly) | Fundo Amazônia grant window (city mostly as enabler via state/OSC; direct municipal grants are rare: 7 of 146) | Route A grant arm (adaptation windows favour vulnerability; fund-level matching pending inventory) | MIDR/Sedec civil-defence transfers on declared emergency
icare_0145,Strengthen the healthcare system to respond effectively to extreme events,high,high,BR RIO,Rio de Janeiro,3304557,RJ,B,credit_screen_pass,11,extensive,own_budget_or_credit_feasible,A-grant A-credit C B E,1,1,Novo PAC 2025 — Prevenção a Desastres (drenagem): Novo PAC 2025 drenagem — Municipio De Rio De Janeiro (R$150.0M),30,325,22555611.0,"Novo PAC Prevenção a Desastres (OGU grant arm / FGTS financing; city can formulate directly) | MDB operation via COFIEX (Union guarantee open at this CAPAG; climate precedents: Palmas, Fortaleza, Joinville) | Fundo Amazônia grant window (city mostly as enabler via state/OSC; direct municipal grants are rare: 7 of 146) | Route A grant arm (adaptation windows favour vulnerability; fund-level matching pending inventory) | MIDR/Sedec civil-defence transfers on declared emergency"
icare_0145,Strengthen the healthcare system to respond effectively to extreme events,high,high,BR BCA,Barcarena,1501303,PA,n.d.,credit_screen_unknown,10,extensive,needs_external_cofinance,A-grant B E,1,1,Novo PAC 2025 — Prevenção a Desastres (drenagem): Novo PAC 2025 drenagem — Municipio De Barcarena (R$13.4M),35,325,22555611.0,Novo PAC Prevenção a Desastres (OGU grant arm / FGTS financing; city can formulate directly) | Fundo Amazônia grant window (city mostly as enabler via state/OSC; direct municipal grants are rare: 7 of 146) | Route A grant arm (adaptation windows favour vulnerability; fund-level matching pending inventory) | MIDR/Sedec civil-defence transfers on declared emergency
icare_0145,Strengthen the healthcare system to respond effectively to extreme events,high,high,BR CMA,Cametá,1502103,PA,C,credit_screen_fail_information_quality,9,established,needs_external_cofinance,A-grant B,0,0,,35,325,22555611.0,Novo PAC Prevenção a Desastres (OGU grant arm / FGTS financing; city can formulate directly) | Fundo Amazônia grant window (city mostly as enabler via state/OSC; direct municipal grants are rare: 7 of 146) | Route A grant arm (adaptation windows favour vulnerability; fund-level matching pending inventory)
icare_0145,Strengthen the healthcare system to respond effectively to extreme events,high,high,BR PES,Petrópolis,3303906,RJ,n.d.,credit_screen_unknown,11,extensive,needs_external_cofinance,A-grant B E,3,3,Novo PAC 2025 — Prevenção a Desastres (encostas): Novo PAC 2025 encostas — Petrópolis (R$11.0M); Novo PAC 2025 — Prevenção a Desastres (encostas): Novo PAC 2025 encostas — Petrópolis (R$13.8M); Novo PAC 2025 — Prevenção a Desastres (drenagem): Novo PAC 2025 drenagem — Municipio De Petropolis (R$50.0M),30,325,22555611.0,Novo PAC Prevenção a Desastres (OGU grant arm / FGTS financing; city can formulate directly) | Fundo Amazônia grant window (city mostly as enabler via state/OSC; direct municipal grants are rare: 7 of 146) | Route A grant arm (adaptation windows favour vulnerability; fund-level matching pending inventory) | MIDR/Sedec civil-defence transfers on declared emergency
icare_0145,Strengthen the healthcare system to respond effectively to extreme events,high,high,BR FOR,Fortaleza,2304400,CE,B+,credit_screen_pass,11,extensive,own_budget_or_credit_feasible,A-grant A-credit C B E,2,1,Novo PAC 2025 — Prevenção a Desastres (drenagem): Novo PAC 2025 drenagem — Municipio De Fortaleza (R$103.3M),11,325,22555611.0,"Novo PAC Prevenção a Desastres (OGU grant arm / FGTS financing; city can formulate directly) | MDB operation via COFIEX (Union guarantee open at this CAPAG; climate precedents: Palmas, Fortaleza, Joinville) | Fundo Amazônia grant window (city mostly as enabler via state/OSC; direct municipal grants are rare: 7 of 146) | Route A grant arm (adaptation windows favour vulnerability; fund-level matching pending inventory) | MIDR/Sedec civil-defence transfers on declared emergency"
icare_0145,Strengthen the healthcare system to respond effectively to extreme events,high,high,BR CME,Camaragibe,2603454,PE,A+,credit_screen_pass,8,established,own_budget_or_credit_feasible,A-grant A-credit C B E,2,1,Novo PAC 2025 — Prevenção a Desastres (encostas): Novo PAC 2025 encostas — Camaragibe (R$7.4M),17,325,22555611.0,"Novo PAC Prevenção a Desastres (OGU grant arm / FGTS financing; city can formulate directly) | MDB operation via COFIEX (Union guarantee open at this CAPAG; climate precedents: Palmas, Fortaleza, Joinville) | Fundo Amazônia grant window (city mostly as enabler via state/OSC; direct municipal grants are rare: 7 of 146) | Route A grant arm (adaptation windows favour vulnerability; fund-level matching pending inventory) | MIDR/Sedec civil-defence transfers on declared emergency"
icare_0154,Clean and unclog drainage channels and install eco-barriers,medium,high,BR CXL,Caxias do Sul,4305108,RS,A+,credit_screen_pass,9,established,own_budget_or_credit_feasible,A-grant A-credit C B E,1,0,Novo PAC 2025 — Prevenção a Desastres (encostas): Novo PAC 2025 encostas — Caxias Do Sul (R$1.2M),13,212,32566719.0,"Novo PAC Prevenção a Desastres (OGU grant arm / FGTS financing; city can formulate directly) | MDB operation via COFIEX (Union guarantee open at this CAPAG; climate precedents: Palmas, Fortaleza, Joinville) | Route A grant arm (adaptation windows favour vulnerability; fund-level matching pending inventory) | MIDR/Sedec civil-defence transfers on declared emergency"
icare_0154,Clean and unclog drainage channels and install eco-barriers,medium,high,BR MGE,Maranguape,2307700,CE,C,credit_screen_fail_fiscal,9,established,needs_external_cofinance,A-grant B E,0,0,,8,212,32566719.0,Novo PAC Prevenção a Desastres (OGU grant arm / FGTS financing; city can formulate directly) | Route A grant arm (adaptation windows favour vulnerability; fund-level matching pending inventory) | MIDR/Sedec civil-defence transfers on declared emergency
icare_0154,Clean and unclog drainage channels and install eco-barriers,medium,high,BR RIO,Rio de Janeiro,3304557,RJ,B,credit_screen_pass,11,extensive,own_budget_or_credit_feasible,A-grant A-credit C B E,1,1,Novo PAC 2025 — Prevenção a Desastres (drenagem): Novo PAC 2025 drenagem — Municipio De Rio De Janeiro (R$150.0M),20,212,32566719.0,"Novo PAC Prevenção a Desastres (OGU grant arm / FGTS financing; city can formulate directly) | MDB operation via COFIEX (Union guarantee open at this CAPAG; climate precedents: Palmas, Fortaleza, Joinville) | Route A grant arm (adaptation windows favour vulnerability; fund-level matching pending inventory) | MIDR/Sedec civil-defence transfers on declared emergency"
icare_0154,Clean and unclog drainage channels and install eco-barriers,medium,high,BR BCA,Barcarena,1501303,PA,n.d.,credit_screen_unknown,10,extensive,needs_external_cofinance,A-grant B E,1,1,Novo PAC 2025 — Prevenção a Desastres (drenagem): Novo PAC 2025 drenagem — Municipio De Barcarena (R$13.4M),31,212,32566719.0,Novo PAC Prevenção a Desastres (OGU grant arm / FGTS financing; city can formulate directly) | Route A grant arm (adaptation windows favour vulnerability; fund-level matching pending inventory) | MIDR/Sedec civil-defence transfers on declared emergency
icare_0154,Clean and unclog drainage channels and install eco-barriers,medium,high,BR CMA,Cametá,1502103,PA,C,credit_screen_fail_information_quality,9,established,needs_external_cofinance,A-grant B,0,0,,31,212,32566719.0,Novo PAC Prevenção a Desastres (OGU grant arm / FGTS financing; city can formulate directly) | Route A grant arm (adaptation windows favour vulnerability; fund-level matching pending inventory)
icare_0154,Clean and unclog drainage channels and install eco-barriers,medium,high,BR PES,Petrópolis,3303906,RJ,n.d.,credit_screen_unknown,11,extensive,needs_external_cofinance,A-grant B E,3,1,Novo PAC 2025 — Prevenção a Desastres (drenagem): Novo PAC 2025 drenagem — Municipio De Petropolis (R$50.0M),20,212,32566719.0,Novo PAC Prevenção a Desastres (OGU grant arm / FGTS financing; city can formulate directly) | Route A grant arm (adaptation windows favour vulnerability; fund-level matching pending inventory) | MIDR/Sedec civil-defence transfers on declared emergency
icare_0154,Clean and unclog drainage channels and install eco-barriers,medium,high,BR FOR,Fortaleza,2304400,CE,B+,credit_screen_pass,11,extensive,own_budget_or_credit_feasible,A-grant A-credit C B E,2,1,Novo PAC 2025 — Prevenção a Desastres (drenagem): Novo PAC 2025 drenagem — Municipio De Fortaleza (R$103.3M),8,212,32566719.0,"Novo PAC Prevenção a Desastres (OGU grant arm / FGTS financing; city can formulate directly) | MDB operation via COFIEX (Union guarantee open at this CAPAG; climate precedents: Palmas, Fortaleza, Joinville) | Route A grant arm (adaptation windows favour vulnerability; fund-level matching pending inventory) | MIDR/Sedec civil-defence transfers on declared emergency"
icare_0154,Clean and unclog drainage channels and install eco-barriers,medium,high,BR CME,Camaragibe,2603454,PE,A+,credit_screen_pass,8,established,own_budget_or_credit_feasible,A-grant A-credit C B E,2,0,Novo PAC 2025 — Prevenção a Desastres (encostas): Novo PAC 2025 encostas — Camaragibe (R$7.4M); COFIEX — CAF: Desenvolvimento e Mobilidade Urbana de Camaragibe (R$50.0M),9,212,32566719.0,"Novo PAC Prevenção a Desastres (OGU grant arm / FGTS financing; city can formulate directly) | MDB operation via COFIEX (Union guarantee open at this CAPAG; climate precedents: Palmas, Fortaleza, Joinville) | Route A grant arm (adaptation windows favour vulnerability; fund-level matching pending inventory) | MIDR/Sedec civil-defence transfers on declared emergency"
icare_0156,Improve Implementation of urban gardens,low,high,BR CXL,Caxias do Sul,4305108,RS,A+,credit_screen_pass,9,established,self_deliverable,A-grant A-credit C B E,1,1,Novo PAC 2025 — Prevenção a Desastres (encostas): Novo PAC 2025 encostas — Caxias Do Sul (R$1.2M),19,387,21209881.0,"Novo PAC Prevenção a Desastres (OGU grant arm / FGTS financing; city can formulate directly) | MDB operation via COFIEX (Union guarantee open at this CAPAG; climate precedents: Palmas, Fortaleza, Joinville) | Fundo Amazônia grant window (city mostly as enabler via state/OSC; direct municipal grants are rare: 7 of 146) | Route A grant arm (adaptation windows favour vulnerability; fund-level matching pending inventory) | MIDR/Sedec civil-defence transfers on declared emergency"
icare_0156,Improve Implementation of urban gardens,low,high,BR MGE,Maranguape,2307700,CE,C,credit_screen_fail_fiscal,9,established,self_deliverable,A-grant B E,0,0,,11,387,21209881.0,Novo PAC Prevenção a Desastres (OGU grant arm / FGTS financing; city can formulate directly) | Fundo Amazônia grant window (city mostly as enabler via state/OSC; direct municipal grants are rare: 7 of 146) | Route A grant arm (adaptation windows favour vulnerability; fund-level matching pending inventory) | MIDR/Sedec civil-defence transfers on declared emergency
icare_0156,Improve Implementation of urban gardens,low,high,BR RIO,Rio de Janeiro,3304557,RJ,B,credit_screen_pass,11,extensive,self_deliverable,A-grant A-credit C B E,1,1,Novo PAC 2025 — Prevenção a Desastres (drenagem): Novo PAC 2025 drenagem — Municipio De Rio De Janeiro (R$150.0M),30,387,21209881.0,"Novo PAC Prevenção a Desastres (OGU grant arm / FGTS financing; city can formulate directly) | MDB operation via COFIEX (Union guarantee open at this CAPAG; climate precedents: Palmas, Fortaleza, Joinville) | Fundo Amazônia grant window (city mostly as enabler via state/OSC; direct municipal grants are rare: 7 of 146) | Route A grant arm (adaptation windows favour vulnerability; fund-level matching pending inventory) | MIDR/Sedec civil-defence transfers on declared emergency"
icare_0156,Improve Implementation of urban gardens,low,high,BR BCA,Barcarena,1501303,PA,n.d.,credit_screen_unknown,10,extensive,self_deliverable,A-grant B E,1,1,Novo PAC 2025 — Prevenção a Desastres (drenagem): Novo PAC 2025 drenagem — Municipio De Barcarena (R$13.4M),68,387,21209881.0,Novo PAC Prevenção a Desastres (OGU grant arm / FGTS financing; city can formulate directly) | Fundo Amazônia grant window (city mostly as enabler via state/OSC; direct municipal grants are rare: 7 of 146) | Route A grant arm (adaptation windows favour vulnerability; fund-level matching pending inventory) | MIDR/Sedec civil-defence transfers on declared emergency
icare_0156,Improve Implementation of urban gardens,low,high,BR CMA,Cametá,1502103,PA,C,credit_screen_fail_information_quality,9,established,self_deliverable,A-grant B,0,0,,68,387,21209881.0,Novo PAC Prevenção a Desastres (OGU grant arm / FGTS financing; city can formulate directly) | Fundo Amazônia grant window (city mostly as enabler via state/OSC; direct municipal grants are rare: 7 of 146) | Route A grant arm (adaptation windows favour vulnerability; fund-level matching pending inventory)
icare_0156,Improve Implementation of urban gardens,low,high,BR PES,Petrópolis,3303906,RJ,n.d.,credit_screen_unknown,11,extensive,self_deliverable,A-grant B E,3,3,Novo PAC 2025 — Prevenção a Desastres (encostas): Novo PAC 2025 encostas — Petrópolis (R$11.0M); Novo PAC 2025 — Prevenção a Desastres (encostas): Novo PAC 2025 encostas — Petrópolis (R$13.8M); Novo PAC 2025 — Prevenção a Desastres (drenagem): Novo PAC 2025 drenagem — Municipio De Petropolis (R$50.0M),30,387,21209881.0,Novo PAC Prevenção a Desastres (OGU grant arm / FGTS financing; city can formulate directly) | Fundo Amazônia grant window (city mostly as enabler via state/OSC; direct municipal grants are rare: 7 of 146) | Route A grant arm (adaptation windows favour vulnerability; fund-level matching pending inventory) | MIDR/Sedec civil-defence transfers on declared emergency
icare_0156,Improve Implementation of urban gardens,low,high,BR FOR,Fortaleza,2304400,CE,B+,credit_screen_pass,11,extensive,self_deliverable,A-grant A-credit C B E,2,1,Novo PAC 2025 — Prevenção a Desastres (drenagem): Novo PAC 2025 drenagem — Municipio De Fortaleza (R$103.3M),11,387,21209881.0,"Novo PAC Prevenção a Desastres (OGU grant arm / FGTS financing; city can formulate directly) | MDB operation via COFIEX (Union guarantee open at this CAPAG; climate precedents: Palmas, Fortaleza, Joinville) | Fundo Amazônia grant window (city mostly as enabler via state/OSC; direct municipal grants are rare: 7 of 146) | Route A grant arm (adaptation windows favour vulnerability; fund-level matching pending inventory) | MIDR/Sedec civil-defence transfers on declared emergency"
icare_0156,Improve Implementation of urban gardens,low,high,BR CME,Camaragibe,2603454,PE,A+,credit_screen_pass,8,established,self_deliverable,A-grant A-credit C B E,2,1,Novo PAC 2025 — Prevenção a Desastres (encostas): Novo PAC 2025 encostas — Camaragibe (R$7.4M),17,387,21209881.0,"Novo PAC Prevenção a Desastres (OGU grant arm / FGTS financing; city can formulate directly) | MDB operation via COFIEX (Union guarantee open at this CAPAG; climate precedents: Palmas, Fortaleza, Joinville) | Fundo Amazônia grant window (city mostly as enabler via state/OSC; direct municipal grants are rare: 7 of 146) | Route A grant arm (adaptation windows favour vulnerability; fund-level matching pending inventory) | MIDR/Sedec civil-defence transfers on declared emergency"
icare_0160,Establish mechanisms for intersectoral coordination and public participation in climate policy,low,medium,BR CXL,Caxias do Sul,4305108,RS,A+,credit_screen_pass,9,established,self_deliverable,A-grant A-credit C B E,1,1,Novo PAC 2025 — Prevenção a Desastres (encostas): Novo PAC 2025 encostas — Caxias Do Sul (R$1.2M),19,339,22706887.0,"Novo PAC Prevenção a Desastres (OGU grant arm / FGTS financing; city can formulate directly) | MDB operation via COFIEX (Union guarantee open at this CAPAG; climate precedents: Palmas, Fortaleza, Joinville) | Fundo Amazônia grant window (city mostly as enabler via state/OSC; direct municipal grants are rare: 7 of 146) | Route A grant arm (adaptation windows favour vulnerability; fund-level matching pending inventory) | MIDR/Sedec civil-defence transfers on declared emergency"
icare_0160,Establish mechanisms for intersectoral coordination and public participation in climate policy,low,medium,BR MGE,Maranguape,2307700,CE,C,credit_screen_fail_fiscal,9,established,self_deliverable,A-grant B E,0,0,,11,339,22706887.0,Novo PAC Prevenção a Desastres (OGU grant arm / FGTS financing; city can formulate directly) | Fundo Amazônia grant window (city mostly as enabler via state/OSC; direct municipal grants are rare: 7 of 146) | Route A grant arm (adaptation windows favour vulnerability; fund-level matching pending inventory) | MIDR/Sedec civil-defence transfers on declared emergency
icare_0160,Establish mechanisms for intersectoral coordination and public participation in climate policy,low,medium,BR RIO,Rio de Janeiro,3304557,RJ,B,credit_screen_pass,11,extensive,self_deliverable,A-grant A-credit C B E,1,1,Novo PAC 2025 — Prevenção a Desastres (drenagem): Novo PAC 2025 drenagem — Municipio De Rio De Janeiro (R$150.0M),30,339,22706887.0,"Novo PAC Prevenção a Desastres (OGU grant arm / FGTS financing; city can formulate directly) | MDB operation via COFIEX (Union guarantee open at this CAPAG; climate precedents: Palmas, Fortaleza, Joinville) | Fundo Amazônia grant window (city mostly as enabler via state/OSC; direct municipal grants are rare: 7 of 146) | Route A grant arm (adaptation windows favour vulnerability; fund-level matching pending inventory) | MIDR/Sedec civil-defence transfers on declared emergency"
icare_0160,Establish mechanisms for intersectoral coordination and public participation in climate policy,low,medium,BR BCA,Barcarena,1501303,PA,n.d.,credit_screen_unknown,10,extensive,self_deliverable,A-grant B E,1,1,Novo PAC 2025 — Prevenção a Desastres (drenagem): Novo PAC 2025 drenagem — Municipio De Barcarena (R$13.4M),39,339,22706887.0,Novo PAC Prevenção a Desastres (OGU grant arm / FGTS financing; city can formulate directly) | Fundo Amazônia grant window (city mostly as enabler via state/OSC; direct municipal grants are rare: 7 of 146) | Route A grant arm (adaptation windows favour vulnerability; fund-level matching pending inventory) | MIDR/Sedec civil-defence transfers on declared emergency
icare_0160,Establish mechanisms for intersectoral coordination and public participation in climate policy,low,medium,BR CMA,Cametá,1502103,PA,C,credit_screen_fail_information_quality,9,established,self_deliverable,A-grant B,0,0,,39,339,22706887.0,Novo PAC Prevenção a Desastres (OGU grant arm / FGTS financing; city can formulate directly) | Fundo Amazônia grant window (city mostly as enabler via state/OSC; direct municipal grants are rare: 7 of 146) | Route A grant arm (adaptation windows favour vulnerability; fund-level matching pending inventory)
icare_0160,Establish mechanisms for intersectoral coordination and public participation in climate policy,low,medium,BR PES,Petrópolis,3303906,RJ,n.d.,credit_screen_unknown,11,extensive,self_deliverable,A-grant B E,3,3,Novo PAC 2025 — Prevenção a Desastres (encostas): Novo PAC 2025 encostas — Petrópolis (R$11.0M); Novo PAC 2025 — Prevenção a Desastres (encostas): Novo PAC 2025 encostas — Petrópolis (R$13.8M); Novo PAC 2025 — Prevenção a Desastres (drenagem): Novo PAC 2025 drenagem — Municipio De Petropolis (R$50.0M),30,339,22706887.0,Novo PAC Prevenção a Desastres (OGU grant arm / FGTS financing; city can formulate directly) | Fundo Amazônia grant window (city mostly as enabler via state/OSC; direct municipal grants are rare: 7 of 146) | Route A grant arm (adaptation windows favour vulnerability; fund-level matching pending inventory) | MIDR/Sedec civil-defence transfers on declared emergency
icare_0160,Establish mechanisms for intersectoral coordination and public participation in climate policy,low,medium,BR FOR,Fortaleza,2304400,CE,B+,credit_screen_pass,11,extensive,self_deliverable,A-grant A-credit C B E,2,1,Novo PAC 2025 — Prevenção a Desastres (drenagem): Novo PAC 2025 drenagem — Municipio De Fortaleza (R$103.3M),11,339,22706887.0,"Novo PAC Prevenção a Desastres (OGU grant arm / FGTS financing; city can formulate directly) | MDB operation via COFIEX (Union guarantee open at this CAPAG; climate precedents: Palmas, Fortaleza, Joinville) | Fundo Amazônia grant window (city mostly as enabler via state/OSC; direct municipal grants are rare: 7 of 146) | Route A grant arm (adaptation windows favour vulnerability; fund-level matching pending inventory) | MIDR/Sedec civil-defence transfers on declared emergency"
icare_0160,Establish mechanisms for intersectoral coordination and public participation in climate policy,low,medium,BR CME,Camaragibe,2603454,PE,A+,credit_screen_pass,8,established,self_deliverable,A-grant A-credit C B E,2,1,Novo PAC 2025 — Prevenção a Desastres (encostas): Novo PAC 2025 encostas — Camaragibe (R$7.4M),17,339,22706887.0,"Novo PAC Prevenção a Desastres (OGU grant arm / FGTS financing; city can formulate directly) | MDB operation via COFIEX (Union guarantee open at this CAPAG; climate precedents: Palmas, Fortaleza, Joinville) | Fundo Amazônia grant window (city mostly as enabler via state/OSC; direct municipal grants are rare: 7 of 146) | Route A grant arm (adaptation windows favour vulnerability; fund-level matching pending inventory) | MIDR/Sedec civil-defence transfers on declared emergency"
icare_0162,Strengthen programs for control and conservation of protected areas,medium,high,BR CXL,Caxias do Sul,4305108,RS,A+,credit_screen_pass,9,established,own_budget_or_credit_feasible,A-grant A-credit C B E,1,1,Novo PAC 2025 — Prevenção a Desastres (encostas): Novo PAC 2025 encostas — Caxias Do Sul (R$1.2M),19,387,21209881.0,"Novo PAC Prevenção a Desastres (OGU grant arm / FGTS financing; city can formulate directly) | MDB operation via COFIEX (Union guarantee open at this CAPAG; climate precedents: Palmas, Fortaleza, Joinville) | Fundo Amazônia grant window (city mostly as enabler via state/OSC; direct municipal grants are rare: 7 of 146) | Route A grant arm (adaptation windows favour vulnerability; fund-level matching pending inventory) | MIDR/Sedec civil-defence transfers on declared emergency"
icare_0162,Strengthen programs for control and conservation of protected areas,medium,high,BR MGE,Maranguape,2307700,CE,C,credit_screen_fail_fiscal,9,established,needs_external_cofinance,A-grant B E,0,0,,11,387,21209881.0,Novo PAC Prevenção a Desastres (OGU grant arm / FGTS financing; city can formulate directly) | Fundo Amazônia grant window (city mostly as enabler via state/OSC; direct municipal grants are rare: 7 of 146) | Route A grant arm (adaptation windows favour vulnerability; fund-level matching pending inventory) | MIDR/Sedec civil-defence transfers on declared emergency
icare_0162,Strengthen programs for control and conservation of protected areas,medium,high,BR RIO,Rio de Janeiro,3304557,RJ,B,credit_screen_pass,11,extensive,own_budget_or_credit_feasible,A-grant A-credit C B E,1,1,Novo PAC 2025 — Prevenção a Desastres (drenagem): Novo PAC 2025 drenagem — Municipio De Rio De Janeiro (R$150.0M),30,387,21209881.0,"Novo PAC Prevenção a Desastres (OGU grant arm / FGTS financing; city can formulate directly) | MDB operation via COFIEX (Union guarantee open at this CAPAG; climate precedents: Palmas, Fortaleza, Joinville) | Fundo Amazônia grant window (city mostly as enabler via state/OSC; direct municipal grants are rare: 7 of 146) | Route A grant arm (adaptation windows favour vulnerability; fund-level matching pending inventory) | MIDR/Sedec civil-defence transfers on declared emergency"
icare_0162,Strengthen programs for control and conservation of protected areas,medium,high,BR BCA,Barcarena,1501303,PA,n.d.,credit_screen_unknown,10,extensive,needs_external_cofinance,A-grant B E,1,1,Novo PAC 2025 — Prevenção a Desastres (drenagem): Novo PAC 2025 drenagem — Municipio De Barcarena (R$13.4M),68,387,21209881.0,Novo PAC Prevenção a Desastres (OGU grant arm / FGTS financing; city can formulate directly) | Fundo Amazônia grant window (city mostly as enabler via state/OSC; direct municipal grants are rare: 7 of 146) | Route A grant arm (adaptation windows favour vulnerability; fund-level matching pending inventory) | MIDR/Sedec civil-defence transfers on declared emergency
icare_0162,Strengthen programs for control and conservation of protected areas,medium,high,BR CMA,Cametá,1502103,PA,C,credit_screen_fail_information_quality,9,established,needs_external_cofinance,A-grant B,0,0,,68,387,21209881.0,Novo PAC Prevenção a Desastres (OGU grant arm / FGTS financing; city can formulate directly) | Fundo Amazônia grant window (city mostly as enabler via state/OSC; direct municipal grants are rare: 7 of 146) | Route A grant arm (adaptation windows favour vulnerability; fund-level matching pending inventory)
icare_0162,Strengthen programs for control and conservation of protected areas,medium,high,BR PES,Petrópolis,3303906,RJ,n.d.,credit_screen_unknown,11,extensive,needs_external_cofinance,A-grant B E,3,3,Novo PAC 2025 — Prevenção a Desastres (encostas): Novo PAC 2025 encostas — Petrópolis (R$11.0M); Novo PAC 2025 — Prevenção a Desastres (encostas): Novo PAC 2025 encostas — Petrópolis (R$13.8M); Novo PAC 2025 — Prevenção a Desastres (drenagem): Novo PAC 2025 drenagem — Municipio De Petropolis (R$50.0M),30,387,21209881.0,Novo PAC Prevenção a Desastres (OGU grant arm / FGTS financing; city can formulate directly) | Fundo Amazônia grant window (city mostly as enabler via state/OSC; direct municipal grants are rare: 7 of 146) | Route A grant arm (adaptation windows favour vulnerability; fund-level matching pending inventory) | MIDR/Sedec civil-defence transfers on declared emergency
icare_0162,Strengthen programs for control and conservation of protected areas,medium,high,BR FOR,Fortaleza,2304400,CE,B+,credit_screen_pass,11,extensive,own_budget_or_credit_feasible,A-grant A-credit C B E,2,1,Novo PAC 2025 — Prevenção a Desastres (drenagem): Novo PAC 2025 drenagem — Municipio De Fortaleza (R$103.3M),11,387,21209881.0,"Novo PAC Prevenção a Desastres (OGU grant arm / FGTS financing; city can formulate directly) | MDB operation via COFIEX (Union guarantee open at this CAPAG; climate precedents: Palmas, Fortaleza, Joinville) | Fundo Amazônia grant window (city mostly as enabler via state/OSC; direct municipal grants are rare: 7 of 146) | Route A grant arm (adaptation windows favour vulnerability; fund-level matching pending inventory) | MIDR/Sedec civil-defence transfers on declared emergency"
icare_0162,Strengthen programs for control and conservation of protected areas,medium,high,BR CME,Camaragibe,2603454,PE,A+,credit_screen_pass,8,established,own_budget_or_credit_feasible,A-grant A-credit C B E,2,1,Novo PAC 2025 — Prevenção a Desastres (encostas): Novo PAC 2025 encostas — Camaragibe (R$7.4M),17,387,21209881.0,"Novo PAC Prevenção a Desastres (OGU grant arm / FGTS financing; city can formulate directly) | MDB operation via COFIEX (Union guarantee open at this CAPAG; climate precedents: Palmas, Fortaleza, Joinville) | Fundo Amazônia grant window (city mostly as enabler via state/OSC; direct municipal grants are rare: 7 of 146) | Route A grant arm (adaptation windows favour vulnerability; fund-level matching pending inventory) | MIDR/Sedec civil-defence transfers on declared emergency"
icare_0163,Establish a first‑response firefighting brigade,low,high,BR CXL,Caxias do Sul,4305108,RS,A+,credit_screen_pass,9,established,self_deliverable,A-grant A-credit C B E,1,0,Novo PAC 2025 — Prevenção a Desastres (encostas): Novo PAC 2025 encostas — Caxias Do Sul (R$1.2M),0,9,44994288.0,"MDB operation via COFIEX (Union guarantee open at this CAPAG; climate precedents: Palmas, Fortaleza, Joinville) | Fundo Amazônia grant window (city mostly as enabler via state/OSC; direct municipal grants are rare: 7 of 146) | Route A grant arm (adaptation windows favour vulnerability; fund-level matching pending inventory) | MIDR/Sedec civil-defence transfers on declared emergency"
icare_0163,Establish a first‑response firefighting brigade,low,high,BR MGE,Maranguape,2307700,CE,C,credit_screen_fail_fiscal,9,established,self_deliverable,A-grant B E,0,0,,0,9,44994288.0,Fundo Amazônia grant window (city mostly as enabler via state/OSC; direct municipal grants are rare: 7 of 146) | Route A grant arm (adaptation windows favour vulnerability; fund-level matching pending inventory) | MIDR/Sedec civil-defence transfers on declared emergency
icare_0163,Establish a first‑response firefighting brigade,low,high,BR RIO,Rio de Janeiro,3304557,RJ,B,credit_screen_pass,11,extensive,self_deliverable,A-grant A-credit C B E,1,0,Novo PAC 2025 — Prevenção a Desastres (drenagem): Novo PAC 2025 drenagem — Municipio De Rio De Janeiro (R$150.0M),0,9,44994288.0,"MDB operation via COFIEX (Union guarantee open at this CAPAG; climate precedents: Palmas, Fortaleza, Joinville) | Fundo Amazônia grant window (city mostly as enabler via state/OSC; direct municipal grants are rare: 7 of 146) | Route A grant arm (adaptation windows favour vulnerability; fund-level matching pending inventory) | MIDR/Sedec civil-defence transfers on declared emergency"
icare_0163,Establish a first‑response firefighting brigade,low,high,BR BCA,Barcarena,1501303,PA,n.d.,credit_screen_unknown,10,extensive,self_deliverable,A-grant B E,1,0,Novo PAC 2025 — Prevenção a Desastres (drenagem): Novo PAC 2025 drenagem — Municipio De Barcarena (R$13.4M),4,9,44994288.0,Fundo Amazônia grant window (city mostly as enabler via state/OSC; direct municipal grants are rare: 7 of 146) | Route A grant arm (adaptation windows favour vulnerability; fund-level matching pending inventory) | MIDR/Sedec civil-defence transfers on declared emergency
icare_0163,Establish a first‑response firefighting brigade,low,high,BR CMA,Cametá,1502103,PA,C,credit_screen_fail_information_quality,9,established,self_deliverable,A-grant B,0,0,,4,9,44994288.0,Fundo Amazônia grant window (city mostly as enabler via state/OSC; direct municipal grants are rare: 7 of 146) | Route A grant arm (adaptation windows favour vulnerability; fund-level matching pending inventory)
icare_0163,Establish a first‑response firefighting brigade,low,high,BR PES,Petrópolis,3303906,RJ,n.d.,credit_screen_unknown,11,extensive,self_deliverable,A-grant B E,3,0,Novo PAC 2025 — Prevenção a Desastres (encostas): Novo PAC 2025 encostas — Petrópolis (R$11.0M); Novo PAC 2025 — Prevenção a Desastres (encostas): Novo PAC 2025 encostas — Petrópolis (R$13.8M); Novo PAC 2025 — Prevenção a Desastres (drenagem): Novo PAC 2025 drenagem — Municipio De Petropolis (R$50.0M),0,9,44994288.0,Fundo Amazônia grant window (city mostly as enabler via state/OSC; direct municipal grants are rare: 7 of 146) | Route A grant arm (adaptation windows favour vulnerability; fund-level matching pending inventory) | MIDR/Sedec civil-defence transfers on declared emergency
icare_0163,Establish a first‑response firefighting brigade,low,high,BR FOR,Fortaleza,2304400,CE,B+,credit_screen_pass,11,extensive,self_deliverable,A-grant A-credit C B E,2,0,"Novo PAC 2025 — Prevenção a Desastres (drenagem): Novo PAC 2025 drenagem — Municipio De Fortaleza (R$103.3M); COFIEX — BIRD: Promoção da Sustentabilidade Urbana, Ambiental e Fiscal de Fortaleza (R$194.8M)",0,9,44994288.0,"MDB operation via COFIEX (Union guarantee open at this CAPAG; climate precedents: Palmas, Fortaleza, Joinville) | Fundo Amazônia grant window (city mostly as enabler via state/OSC; direct municipal grants are rare: 7 of 146) | Route A grant arm (adaptation windows favour vulnerability; fund-level matching pending inventory) | MIDR/Sedec civil-defence transfers on declared emergency"
icare_0163,Establish a first‑response firefighting brigade,low,high,BR CME,Camaragibe,2603454,PE,A+,credit_screen_pass,8,established,self_deliverable,A-grant A-credit C B E,2,0,Novo PAC 2025 — Prevenção a Desastres (encostas): Novo PAC 2025 encostas — Camaragibe (R$7.4M); COFIEX — CAF: Desenvolvimento e Mobilidade Urbana de Camaragibe (R$50.0M),0,9,44994288.0,"MDB operation via COFIEX (Union guarantee open at this CAPAG; climate precedents: Palmas, Fortaleza, Joinville) | Fundo Amazônia grant window (city mostly as enabler via state/OSC; direct municipal grants are rare: 7 of 146) | Route A grant arm (adaptation windows favour vulnerability; fund-level matching pending inventory) | MIDR/Sedec civil-defence transfers on declared emergency"
icare_0164,Improve Hydrological Monitoring System with Telemetry Stations,low,medium,BR CXL,Caxias do Sul,4305108,RS,A+,credit_screen_pass,9,established,self_deliverable,A-grant A-credit C B E,1,0,Novo PAC 2025 — Prevenção a Desastres (encostas): Novo PAC 2025 encostas — Caxias Do Sul (R$1.2M),13,222,31714457.0,"Novo PAC Prevenção a Desastres (OGU grant arm / FGTS financing; city can formulate directly) | MDB operation via COFIEX (Union guarantee open at this CAPAG; climate precedents: Palmas, Fortaleza, Joinville) | Fundo Amazônia grant window (city mostly as enabler via state/OSC; direct municipal grants are rare: 7 of 146) | Route A grant arm (adaptation windows favour vulnerability; fund-level matching pending inventory) | MIDR/Sedec civil-defence transfers on declared emergency"
icare_0164,Improve Hydrological Monitoring System with Telemetry Stations,low,medium,BR MGE,Maranguape,2307700,CE,C,credit_screen_fail_fiscal,9,established,self_deliverable,A-grant B E,0,0,,8,222,31714457.0,Novo PAC Prevenção a Desastres (OGU grant arm / FGTS financing; city can formulate directly) | Fundo Amazônia grant window (city mostly as enabler via state/OSC; direct municipal grants are rare: 7 of 146) | Route A grant arm (adaptation windows favour vulnerability; fund-level matching pending inventory) | MIDR/Sedec civil-defence transfers on declared emergency
icare_0164,Improve Hydrological Monitoring System with Telemetry Stations,low,medium,BR RIO,Rio de Janeiro,3304557,RJ,B,credit_screen_pass,11,extensive,self_deliverable,A-grant A-credit C B E,1,1,Novo PAC 2025 — Prevenção a Desastres (drenagem): Novo PAC 2025 drenagem — Municipio De Rio De Janeiro (R$150.0M),20,222,31714457.0,"Novo PAC Prevenção a Desastres (OGU grant arm / FGTS financing; city can formulate directly) | MDB operation via COFIEX (Union guarantee open at this CAPAG; climate precedents: Palmas, Fortaleza, Joinville) | Fundo Amazônia grant window (city mostly as enabler via state/OSC; direct municipal grants are rare: 7 of 146) | Route A grant arm (adaptation windows favour vulnerability; fund-level matching pending inventory) | MIDR/Sedec civil-defence transfers on declared emergency"
icare_0164,Improve Hydrological Monitoring System with Telemetry Stations,low,medium,BR BCA,Barcarena,1501303,PA,n.d.,credit_screen_unknown,10,extensive,self_deliverable,A-grant B E,1,1,Novo PAC 2025 — Prevenção a Desastres (drenagem): Novo PAC 2025 drenagem — Municipio De Barcarena (R$13.4M),33,222,31714457.0,Novo PAC Prevenção a Desastres (OGU grant arm / FGTS financing; city can formulate directly) | Fundo Amazônia grant window (city mostly as enabler via state/OSC; direct municipal grants are rare: 7 of 146) | Route A grant arm (adaptation windows favour vulnerability; fund-level matching pending inventory) | MIDR/Sedec civil-defence transfers on declared emergency
icare_0164,Improve Hydrological Monitoring System with Telemetry Stations,low,medium,BR CMA,Cametá,1502103,PA,C,credit_screen_fail_information_quality,9,established,self_deliverable,A-grant B,0,0,,33,222,31714457.0,Novo PAC Prevenção a Desastres (OGU grant arm / FGTS financing; city can formulate directly) | Fundo Amazônia grant window (city mostly as enabler via state/OSC; direct municipal grants are rare: 7 of 146) | Route A grant arm (adaptation windows favour vulnerability; fund-level matching pending inventory)
icare_0164,Improve Hydrological Monitoring System with Telemetry Stations,low,medium,BR PES,Petrópolis,3303906,RJ,n.d.,credit_screen_unknown,11,extensive,self_deliverable,A-grant B E,3,1,Novo PAC 2025 — Prevenção a Desastres (drenagem): Novo PAC 2025 drenagem — Municipio De Petropolis (R$50.0M),20,222,31714457.0,Novo PAC Prevenção a Desastres (OGU grant arm / FGTS financing; city can formulate directly) | Fundo Amazônia grant window (city mostly as enabler via state/OSC; direct municipal grants are rare: 7 of 146) | Route A grant arm (adaptation windows favour vulnerability; fund-level matching pending inventory) | MIDR/Sedec civil-defence transfers on declared emergency
icare_0164,Improve Hydrological Monitoring System with Telemetry Stations,low,medium,BR FOR,Fortaleza,2304400,CE,B+,credit_screen_pass,11,extensive,self_deliverable,A-grant A-credit C B E,2,1,Novo PAC 2025 — Prevenção a Desastres (drenagem): Novo PAC 2025 drenagem — Municipio De Fortaleza (R$103.3M),8,222,31714457.0,"Novo PAC Prevenção a Desastres (OGU grant arm / FGTS financing; city can formulate directly) | MDB operation via COFIEX (Union guarantee open at this CAPAG; climate precedents: Palmas, Fortaleza, Joinville) | Fundo Amazônia grant window (city mostly as enabler via state/OSC; direct municipal grants are rare: 7 of 146) | Route A grant arm (adaptation windows favour vulnerability; fund-level matching pending inventory) | MIDR/Sedec civil-defence transfers on declared emergency"
icare_0164,Improve Hydrological Monitoring System with Telemetry Stations,low,medium,BR CME,Camaragibe,2603454,PE,A+,credit_screen_pass,8,established,self_deliverable,A-grant A-credit C B E,2,0,Novo PAC 2025 — Prevenção a Desastres (encostas): Novo PAC 2025 encostas — Camaragibe (R$7.4M); COFIEX — CAF: Desenvolvimento e Mobilidade Urbana de Camaragibe (R$50.0M),9,222,31714457.0,"Novo PAC Prevenção a Desastres (OGU grant arm / FGTS financing; city can formulate directly) | MDB operation via COFIEX (Union guarantee open at this CAPAG; climate precedents: Palmas, Fortaleza, Joinville) | Fundo Amazônia grant window (city mostly as enabler via state/OSC; direct municipal grants are rare: 7 of 146) | Route A grant arm (adaptation windows favour vulnerability; fund-level matching pending inventory) | MIDR/Sedec civil-defence transfers on declared emergency"
icare_0165,Develop an Environmental Education Plan,low,medium,BR CXL,Caxias do Sul,4305108,RS,A+,credit_screen_pass,9,established,self_deliverable,A-grant A-credit C B E,1,1,Novo PAC 2025 — Prevenção a Desastres (encostas): Novo PAC 2025 encostas — Caxias Do Sul (R$1.2M),19,339,22706887.0,"Novo PAC Prevenção a Desastres (OGU grant arm / FGTS financing; city can formulate directly) | MDB operation via COFIEX (Union guarantee open at this CAPAG; climate precedents: Palmas, Fortaleza, Joinville) | Fundo Amazônia grant window (city mostly as enabler via state/OSC; direct municipal grants are rare: 7 of 146) | Route A grant arm (adaptation windows favour vulnerability; fund-level matching pending inventory) | MIDR/Sedec civil-defence transfers on declared emergency"
icare_0165,Develop an Environmental Education Plan,low,medium,BR MGE,Maranguape,2307700,CE,C,credit_screen_fail_fiscal,9,established,self_deliverable,A-grant B E,0,0,,11,339,22706887.0,Novo PAC Prevenção a Desastres (OGU grant arm / FGTS financing; city can formulate directly) | Fundo Amazônia grant window (city mostly as enabler via state/OSC; direct municipal grants are rare: 7 of 146) | Route A grant arm (adaptation windows favour vulnerability; fund-level matching pending inventory) | MIDR/Sedec civil-defence transfers on declared emergency
icare_0165,Develop an Environmental Education Plan,low,medium,BR RIO,Rio de Janeiro,3304557,RJ,B,credit_screen_pass,11,extensive,self_deliverable,A-grant A-credit C B E,1,1,Novo PAC 2025 — Prevenção a Desastres (drenagem): Novo PAC 2025 drenagem — Municipio De Rio De Janeiro (R$150.0M),30,339,22706887.0,"Novo PAC Prevenção a Desastres (OGU grant arm / FGTS financing; city can formulate directly) | MDB operation via COFIEX (Union guarantee open at this CAPAG; climate precedents: Palmas, Fortaleza, Joinville) | Fundo Amazônia grant window (city mostly as enabler via state/OSC; direct municipal grants are rare: 7 of 146) | Route A grant arm (adaptation windows favour vulnerability; fund-level matching pending inventory) | MIDR/Sedec civil-defence transfers on declared emergency"
icare_0165,Develop an Environmental Education Plan,low,medium,BR BCA,Barcarena,1501303,PA,n.d.,credit_screen_unknown,10,extensive,self_deliverable,A-grant B E,1,1,Novo PAC 2025 — Prevenção a Desastres (drenagem): Novo PAC 2025 drenagem — Municipio De Barcarena (R$13.4M),39,339,22706887.0,Novo PAC Prevenção a Desastres (OGU grant arm / FGTS financing; city can formulate directly) | Fundo Amazônia grant window (city mostly as enabler via state/OSC; direct municipal grants are rare: 7 of 146) | Route A grant arm (adaptation windows favour vulnerability; fund-level matching pending inventory) | MIDR/Sedec civil-defence transfers on declared emergency
icare_0165,Develop an Environmental Education Plan,low,medium,BR CMA,Cametá,1502103,PA,C,credit_screen_fail_information_quality,9,established,self_deliverable,A-grant B,0,0,,39,339,22706887.0,Novo PAC Prevenção a Desastres (OGU grant arm / FGTS financing; city can formulate directly) | Fundo Amazônia grant window (city mostly as enabler via state/OSC; direct municipal grants are rare: 7 of 146) | Route A grant arm (adaptation windows favour vulnerability; fund-level matching pending inventory)
icare_0165,Develop an Environmental Education Plan,low,medium,BR PES,Petrópolis,3303906,RJ,n.d.,credit_screen_unknown,11,extensive,self_deliverable,A-grant B E,3,3,Novo PAC 2025 — Prevenção a Desastres (encostas): Novo PAC 2025 encostas — Petrópolis (R$11.0M); Novo PAC 2025 — Prevenção a Desastres (encostas): Novo PAC 2025 encostas — Petrópolis (R$13.8M); Novo PAC 2025 — Prevenção a Desastres (drenagem): Novo PAC 2025 drenagem — Municipio De Petropolis (R$50.0M),30,339,22706887.0,Novo PAC Prevenção a Desastres (OGU grant arm / FGTS financing; city can formulate directly) | Fundo Amazônia grant window (city mostly as enabler via state/OSC; direct municipal grants are rare: 7 of 146) | Route A grant arm (adaptation windows favour vulnerability; fund-level matching pending inventory) | MIDR/Sedec civil-defence transfers on declared emergency
icare_0165,Develop an Environmental Education Plan,low,medium,BR FOR,Fortaleza,2304400,CE,B+,credit_screen_pass,11,extensive,self_deliverable,A-grant A-credit C B E,2,1,Novo PAC 2025 — Prevenção a Desastres (drenagem): Novo PAC 2025 drenagem — Municipio De Fortaleza (R$103.3M),11,339,22706887.0,"Novo PAC Prevenção a Desastres (OGU grant arm / FGTS financing; city can formulate directly) | MDB operation via COFIEX (Union guarantee open at this CAPAG; climate precedents: Palmas, Fortaleza, Joinville) | Fundo Amazônia grant window (city mostly as enabler via state/OSC; direct municipal grants are rare: 7 of 146) | Route A grant arm (adaptation windows favour vulnerability; fund-level matching pending inventory) | MIDR/Sedec civil-defence transfers on declared emergency"
icare_0165,Develop an Environmental Education Plan,low,medium,BR CME,Camaragibe,2603454,PE,A+,credit_screen_pass,8,established,self_deliverable,A-grant A-credit C B E,2,1,Novo PAC 2025 — Prevenção a Desastres (encostas): Novo PAC 2025 encostas — Camaragibe (R$7.4M),17,339,22706887.0,"Novo PAC Prevenção a Desastres (OGU grant arm / FGTS financing; city can formulate directly) | MDB operation via COFIEX (Union guarantee open at this CAPAG; climate precedents: Palmas, Fortaleza, Joinville) | Fundo Amazônia grant window (city mostly as enabler via state/OSC; direct municipal grants are rare: 7 of 146) | Route A grant arm (adaptation windows favour vulnerability; fund-level matching pending inventory) | MIDR/Sedec civil-defence transfers on declared emergency"
icare_0169,Establish a Plan for Preparation and Emergency Response Measures in the event of extreme weather events,high,medium,BR CXL,Caxias do Sul,4305108,RS,A+,credit_screen_pass,9,established,own_budget_or_credit_feasible,A-grant A-credit C B E,1,1,Novo PAC 2025 — Prevenção a Desastres (encostas): Novo PAC 2025 encostas — Caxias Do Sul (R$1.2M),19,339,22706887.0,"Novo PAC Prevenção a Desastres (OGU grant arm / FGTS financing; city can formulate directly) | MDB operation via COFIEX (Union guarantee open at this CAPAG; climate precedents: Palmas, Fortaleza, Joinville) | Fundo Amazônia grant window (city mostly as enabler via state/OSC; direct municipal grants are rare: 7 of 146) | Route A grant arm (adaptation windows favour vulnerability; fund-level matching pending inventory) | MIDR/Sedec civil-defence transfers on declared emergency"
icare_0169,Establish a Plan for Preparation and Emergency Response Measures in the event of extreme weather events,high,medium,BR MGE,Maranguape,2307700,CE,C,credit_screen_fail_fiscal,9,established,needs_external_cofinance,A-grant B E,0,0,,11,339,22706887.0,Novo PAC Prevenção a Desastres (OGU grant arm / FGTS financing; city can formulate directly) | Fundo Amazônia grant window (city mostly as enabler via state/OSC; direct municipal grants are rare: 7 of 146) | Route A grant arm (adaptation windows favour vulnerability; fund-level matching pending inventory) | MIDR/Sedec civil-defence transfers on declared emergency
icare_0169,Establish a Plan for Preparation and Emergency Response Measures in the event of extreme weather events,high,medium,BR RIO,Rio de Janeiro,3304557,RJ,B,credit_screen_pass,11,extensive,own_budget_or_credit_feasible,A-grant A-credit C B E,1,1,Novo PAC 2025 — Prevenção a Desastres (drenagem): Novo PAC 2025 drenagem — Municipio De Rio De Janeiro (R$150.0M),30,339,22706887.0,"Novo PAC Prevenção a Desastres (OGU grant arm / FGTS financing; city can formulate directly) | MDB operation via COFIEX (Union guarantee open at this CAPAG; climate precedents: Palmas, Fortaleza, Joinville) | Fundo Amazônia grant window (city mostly as enabler via state/OSC; direct municipal grants are rare: 7 of 146) | Route A grant arm (adaptation windows favour vulnerability; fund-level matching pending inventory) | MIDR/Sedec civil-defence transfers on declared emergency"
icare_0169,Establish a Plan for Preparation and Emergency Response Measures in the event of extreme weather events,high,medium,BR BCA,Barcarena,1501303,PA,n.d.,credit_screen_unknown,10,extensive,needs_external_cofinance,A-grant B E,1,1,Novo PAC 2025 — Prevenção a Desastres (drenagem): Novo PAC 2025 drenagem — Municipio De Barcarena (R$13.4M),39,339,22706887.0,Novo PAC Prevenção a Desastres (OGU grant arm / FGTS financing; city can formulate directly) | Fundo Amazônia grant window (city mostly as enabler via state/OSC; direct municipal grants are rare: 7 of 146) | Route A grant arm (adaptation windows favour vulnerability; fund-level matching pending inventory) | MIDR/Sedec civil-defence transfers on declared emergency
icare_0169,Establish a Plan for Preparation and Emergency Response Measures in the event of extreme weather events,high,medium,BR CMA,Cametá,1502103,PA,C,credit_screen_fail_information_quality,9,established,needs_external_cofinance,A-grant B,0,0,,39,339,22706887.0,Novo PAC Prevenção a Desastres (OGU grant arm / FGTS financing; city can formulate directly) | Fundo Amazônia grant window (city mostly as enabler via state/OSC; direct municipal grants are rare: 7 of 146) | Route A grant arm (adaptation windows favour vulnerability; fund-level matching pending inventory)
icare_0169,Establish a Plan for Preparation and Emergency Response Measures in the event of extreme weather events,high,medium,BR PES,Petrópolis,3303906,RJ,n.d.,credit_screen_unknown,11,extensive,needs_external_cofinance,A-grant B E,3,3,Novo PAC 2025 — Prevenção a Desastres (encostas): Novo PAC 2025 encostas — Petrópolis (R$11.0M); Novo PAC 2025 — Prevenção a Desastres (encostas): Novo PAC 2025 encostas — Petrópolis (R$13.8M); Novo PAC 2025 — Prevenção a Desastres (drenagem): Novo PAC 2025 drenagem — Municipio De Petropolis (R$50.0M),30,339,22706887.0,Novo PAC Prevenção a Desastres (OGU grant arm / FGTS financing; city can formulate directly) | Fundo Amazônia grant window (city mostly as enabler via state/OSC; direct municipal grants are rare: 7 of 146) | Route A grant arm (adaptation windows favour vulnerability; fund-level matching pending inventory) | MIDR/Sedec civil-defence transfers on declared emergency
icare_0169,Establish a Plan for Preparation and Emergency Response Measures in the event of extreme weather events,high,medium,BR FOR,Fortaleza,2304400,CE,B+,credit_screen_pass,11,extensive,own_budget_or_credit_feasible,A-grant A-credit C B E,2,1,Novo PAC 2025 — Prevenção a Desastres (drenagem): Novo PAC 2025 drenagem — Municipio De Fortaleza (R$103.3M),11,339,22706887.0,"Novo PAC Prevenção a Desastres (OGU grant arm / FGTS financing; city can formulate directly) | MDB operation via COFIEX (Union guarantee open at this CAPAG; climate precedents: Palmas, Fortaleza, Joinville) | Fundo Amazônia grant window (city mostly as enabler via state/OSC; direct municipal grants are rare: 7 of 146) | Route A grant arm (adaptation windows favour vulnerability; fund-level matching pending inventory) | MIDR/Sedec civil-defence transfers on declared emergency"
icare_0169,Establish a Plan for Preparation and Emergency Response Measures in the event of extreme weather events,high,medium,BR CME,Camaragibe,2603454,PE,A+,credit_screen_pass,8,established,own_budget_or_credit_feasible,A-grant A-credit C B E,2,1,Novo PAC 2025 — Prevenção a Desastres (encostas): Novo PAC 2025 encostas — Camaragibe (R$7.4M),17,339,22706887.0,"Novo PAC Prevenção a Desastres (OGU grant arm / FGTS financing; city can formulate directly) | MDB operation via COFIEX (Union guarantee open at this CAPAG; climate precedents: Palmas, Fortaleza, Joinville) | Fundo Amazônia grant window (city mostly as enabler via state/OSC; direct municipal grants are rare: 7 of 146) | Route A grant arm (adaptation windows favour vulnerability; fund-level matching pending inventory) | MIDR/Sedec civil-defence transfers on declared emergency"
icare_0170,Build safe housing and implement urban rehabilitation projects for populations living in high-risk areas,high,high,BR CXL,Caxias do Sul,4305108,RS,A+,credit_screen_pass,9,established,own_budget_or_credit_feasible,A-grant A-credit C B E,1,1,Novo PAC 2025 — Prevenção a Desastres (encostas): Novo PAC 2025 encostas — Caxias Do Sul (R$1.2M),19,315,22706887.0,"Novo PAC Prevenção a Desastres (OGU grant arm / FGTS financing; city can formulate directly) | MDB operation via COFIEX (Union guarantee open at this CAPAG; climate precedents: Palmas, Fortaleza, Joinville) | Route A grant arm (adaptation windows favour vulnerability; fund-level matching pending inventory) | MIDR/Sedec civil-defence transfers on declared emergency"
icare_0170,Build safe housing and implement urban rehabilitation projects for populations living in high-risk areas,high,high,BR MGE,Maranguape,2307700,CE,C,credit_screen_fail_fiscal,9,established,needs_external_cofinance,A-grant B E,0,0,,11,315,22706887.0,Novo PAC Prevenção a Desastres (OGU grant arm / FGTS financing; city can formulate directly) | Route A grant arm (adaptation windows favour vulnerability; fund-level matching pending inventory) | MIDR/Sedec civil-defence transfers on declared emergency
icare_0170,Build safe housing and implement urban rehabilitation projects for populations living in high-risk areas,high,high,BR RIO,Rio de Janeiro,3304557,RJ,B,credit_screen_pass,11,extensive,own_budget_or_credit_feasible,A-grant A-credit C B E,1,1,Novo PAC 2025 — Prevenção a Desastres (drenagem): Novo PAC 2025 drenagem — Municipio De Rio De Janeiro (R$150.0M),30,315,22706887.0,"Novo PAC Prevenção a Desastres (OGU grant arm / FGTS financing; city can formulate directly) | MDB operation via COFIEX (Union guarantee open at this CAPAG; climate precedents: Palmas, Fortaleza, Joinville) | Route A grant arm (adaptation windows favour vulnerability; fund-level matching pending inventory) | MIDR/Sedec civil-defence transfers on declared emergency"
icare_0170,Build safe housing and implement urban rehabilitation projects for populations living in high-risk areas,high,high,BR BCA,Barcarena,1501303,PA,n.d.,credit_screen_unknown,10,extensive,needs_external_cofinance,A-grant B E,1,1,Novo PAC 2025 — Prevenção a Desastres (drenagem): Novo PAC 2025 drenagem — Municipio De Barcarena (R$13.4M),33,315,22706887.0,Novo PAC Prevenção a Desastres (OGU grant arm / FGTS financing; city can formulate directly) | Route A grant arm (adaptation windows favour vulnerability; fund-level matching pending inventory) | MIDR/Sedec civil-defence transfers on declared emergency
icare_0170,Build safe housing and implement urban rehabilitation projects for populations living in high-risk areas,high,high,BR CMA,Cametá,1502103,PA,C,credit_screen_fail_information_quality,9,established,needs_external_cofinance,A-grant B,0,0,,33,315,22706887.0,Novo PAC Prevenção a Desastres (OGU grant arm / FGTS financing; city can formulate directly) | Route A grant arm (adaptation windows favour vulnerability; fund-level matching pending inventory)
icare_0170,Build safe housing and implement urban rehabilitation projects for populations living in high-risk areas,high,high,BR PES,Petrópolis,3303906,RJ,n.d.,credit_screen_unknown,11,extensive,needs_external_cofinance,A-grant B E,3,3,Novo PAC 2025 — Prevenção a Desastres (encostas): Novo PAC 2025 encostas — Petrópolis (R$11.0M); Novo PAC 2025 — Prevenção a Desastres (encostas): Novo PAC 2025 encostas — Petrópolis (R$13.8M); Novo PAC 2025 — Prevenção a Desastres (drenagem): Novo PAC 2025 drenagem — Municipio De Petropolis (R$50.0M),30,315,22706887.0,Novo PAC Prevenção a Desastres (OGU grant arm / FGTS financing; city can formulate directly) | Route A grant arm (adaptation windows favour vulnerability; fund-level matching pending inventory) | MIDR/Sedec civil-defence transfers on declared emergency
icare_0170,Build safe housing and implement urban rehabilitation projects for populations living in high-risk areas,high,high,BR FOR,Fortaleza,2304400,CE,B+,credit_screen_pass,11,extensive,own_budget_or_credit_feasible,A-grant A-credit C B E,2,1,Novo PAC 2025 — Prevenção a Desastres (drenagem): Novo PAC 2025 drenagem — Municipio De Fortaleza (R$103.3M),11,315,22706887.0,"Novo PAC Prevenção a Desastres (OGU grant arm / FGTS financing; city can formulate directly) | MDB operation via COFIEX (Union guarantee open at this CAPAG; climate precedents: Palmas, Fortaleza, Joinville) | Route A grant arm (adaptation windows favour vulnerability; fund-level matching pending inventory) | MIDR/Sedec civil-defence transfers on declared emergency"
icare_0170,Build safe housing and implement urban rehabilitation projects for populations living in high-risk areas,high,high,BR CME,Camaragibe,2603454,PE,A+,credit_screen_pass,8,established,own_budget_or_credit_feasible,A-grant A-credit C B E,2,1,Novo PAC 2025 — Prevenção a Desastres (encostas): Novo PAC 2025 encostas — Camaragibe (R$7.4M),17,315,22706887.0,"Novo PAC Prevenção a Desastres (OGU grant arm / FGTS financing; city can formulate directly) | MDB operation via COFIEX (Union guarantee open at this CAPAG; climate precedents: Palmas, Fortaleza, Joinville) | Route A grant arm (adaptation windows favour vulnerability; fund-level matching pending inventory) | MIDR/Sedec civil-defence transfers on declared emergency"
icare_0171,"Improve the hydrometeorological forecasting, monitoring, and alert system for climate risks",medium,high,BR CXL,Caxias do Sul,4305108,RS,A+,credit_screen_pass,9,established,own_budget_or_credit_feasible,A-grant A-credit C B E,1,1,Novo PAC 2025 — Prevenção a Desastres (encostas): Novo PAC 2025 encostas — Caxias Do Sul (R$1.2M),19,325,22555611.0,"Novo PAC Prevenção a Desastres (OGU grant arm / FGTS financing; city can formulate directly) | MDB operation via COFIEX (Union guarantee open at this CAPAG; climate precedents: Palmas, Fortaleza, Joinville) | Fundo Amazônia grant window (city mostly as enabler via state/OSC; direct municipal grants are rare: 7 of 146) | Route A grant arm (adaptation windows favour vulnerability; fund-level matching pending inventory) | MIDR/Sedec civil-defence transfers on declared emergency"
icare_0171,"Improve the hydrometeorological forecasting, monitoring, and alert system for climate risks",medium,high,BR MGE,Maranguape,2307700,CE,C,credit_screen_fail_fiscal,9,established,needs_external_cofinance,A-grant B E,0,0,,11,325,22555611.0,Novo PAC Prevenção a Desastres (OGU grant arm / FGTS financing; city can formulate directly) | Fundo Amazônia grant window (city mostly as enabler via state/OSC; direct municipal grants are rare: 7 of 146) | Route A grant arm (adaptation windows favour vulnerability; fund-level matching pending inventory) | MIDR/Sedec civil-defence transfers on declared emergency
icare_0171,"Improve the hydrometeorological forecasting, monitoring, and alert system for climate risks",medium,high,BR RIO,Rio de Janeiro,3304557,RJ,B,credit_screen_pass,11,extensive,own_budget_or_credit_feasible,A-grant A-credit C B E,1,1,Novo PAC 2025 — Prevenção a Desastres (drenagem): Novo PAC 2025 drenagem — Municipio De Rio De Janeiro (R$150.0M),30,325,22555611.0,"Novo PAC Prevenção a Desastres (OGU grant arm / FGTS financing; city can formulate directly) | MDB operation via COFIEX (Union guarantee open at this CAPAG; climate precedents: Palmas, Fortaleza, Joinville) | Fundo Amazônia grant window (city mostly as enabler via state/OSC; direct municipal grants are rare: 7 of 146) | Route A grant arm (adaptation windows favour vulnerability; fund-level matching pending inventory) | MIDR/Sedec civil-defence transfers on declared emergency"
icare_0171,"Improve the hydrometeorological forecasting, monitoring, and alert system for climate risks",medium,high,BR BCA,Barcarena,1501303,PA,n.d.,credit_screen_unknown,10,extensive,needs_external_cofinance,A-grant B E,1,1,Novo PAC 2025 — Prevenção a Desastres (drenagem): Novo PAC 2025 drenagem — Municipio De Barcarena (R$13.4M),35,325,22555611.0,Novo PAC Prevenção a Desastres (OGU grant arm / FGTS financing; city can formulate directly) | Fundo Amazônia grant window (city mostly as enabler via state/OSC; direct municipal grants are rare: 7 of 146) | Route A grant arm (adaptation windows favour vulnerability; fund-level matching pending inventory) | MIDR/Sedec civil-defence transfers on declared emergency
icare_0171,"Improve the hydrometeorological forecasting, monitoring, and alert system for climate risks",medium,high,BR CMA,Cametá,1502103,PA,C,credit_screen_fail_information_quality,9,established,needs_external_cofinance,A-grant B,0,0,,35,325,22555611.0,Novo PAC Prevenção a Desastres (OGU grant arm / FGTS financing; city can formulate directly) | Fundo Amazônia grant window (city mostly as enabler via state/OSC; direct municipal grants are rare: 7 of 146) | Route A grant arm (adaptation windows favour vulnerability; fund-level matching pending inventory)
icare_0171,"Improve the hydrometeorological forecasting, monitoring, and alert system for climate risks",medium,high,BR PES,Petrópolis,3303906,RJ,n.d.,credit_screen_unknown,11,extensive,needs_external_cofinance,A-grant B E,3,3,Novo PAC 2025 — Prevenção a Desastres (encostas): Novo PAC 2025 encostas — Petrópolis (R$11.0M); Novo PAC 2025 — Prevenção a Desastres (encostas): Novo PAC 2025 encostas — Petrópolis (R$13.8M); Novo PAC 2025 — Prevenção a Desastres (drenagem): Novo PAC 2025 drenagem — Municipio De Petropolis (R$50.0M),30,325,22555611.0,Novo PAC Prevenção a Desastres (OGU grant arm / FGTS financing; city can formulate directly) | Fundo Amazônia grant window (city mostly as enabler via state/OSC; direct municipal grants are rare: 7 of 146) | Route A grant arm (adaptation windows favour vulnerability; fund-level matching pending inventory) | MIDR/Sedec civil-defence transfers on declared emergency
icare_0171,"Improve the hydrometeorological forecasting, monitoring, and alert system for climate risks",medium,high,BR FOR,Fortaleza,2304400,CE,B+,credit_screen_pass,11,extensive,own_budget_or_credit_feasible,A-grant A-credit C B E,2,1,Novo PAC 2025 — Prevenção a Desastres (drenagem): Novo PAC 2025 drenagem — Municipio De Fortaleza (R$103.3M),11,325,22555611.0,"Novo PAC Prevenção a Desastres (OGU grant arm / FGTS financing; city can formulate directly) | MDB operation via COFIEX (Union guarantee open at this CAPAG; climate precedents: Palmas, Fortaleza, Joinville) | Fundo Amazônia grant window (city mostly as enabler via state/OSC; direct municipal grants are rare: 7 of 146) | Route A grant arm (adaptation windows favour vulnerability; fund-level matching pending inventory) | MIDR/Sedec civil-defence transfers on declared emergency"
icare_0171,"Improve the hydrometeorological forecasting, monitoring, and alert system for climate risks",medium,high,BR CME,Camaragibe,2603454,PE,A+,credit_screen_pass,8,established,own_budget_or_credit_feasible,A-grant A-credit C B E,2,1,Novo PAC 2025 — Prevenção a Desastres (encostas): Novo PAC 2025 encostas — Camaragibe (R$7.4M),17,325,22555611.0,"Novo PAC Prevenção a Desastres (OGU grant arm / FGTS financing; city can formulate directly) | MDB operation via COFIEX (Union guarantee open at this CAPAG; climate precedents: Palmas, Fortaleza, Joinville) | Fundo Amazônia grant window (city mostly as enabler via state/OSC; direct municipal grants are rare: 7 of 146) | Route A grant arm (adaptation windows favour vulnerability; fund-level matching pending inventory) | MIDR/Sedec civil-defence transfers on declared emergency"
icare_0172,Develop and implement the Municipal Risk Reduction Plan (PMRR) and identify population groups vulnerable to climate risks.,low,medium,BR CXL,Caxias do Sul,4305108,RS,A+,credit_screen_pass,9,established,self_deliverable,A-grant A-credit C B E,1,1,Novo PAC 2025 — Prevenção a Desastres (encostas): Novo PAC 2025 encostas — Caxias Do Sul (R$1.2M),19,315,22706887.0,"Novo PAC Prevenção a Desastres (OGU grant arm / FGTS financing; city can formulate directly) | MDB operation via COFIEX (Union guarantee open at this CAPAG; climate precedents: Palmas, Fortaleza, Joinville) | Route A grant arm (adaptation windows favour vulnerability; fund-level matching pending inventory) | MIDR/Sedec civil-defence transfers on declared emergency"
icare_0172,Develop and implement the Municipal Risk Reduction Plan (PMRR) and identify population groups vulnerable to climate risks.,low,medium,BR MGE,Maranguape,2307700,CE,C,credit_screen_fail_fiscal,9,established,self_deliverable,A-grant B E,0,0,,11,315,22706887.0,Novo PAC Prevenção a Desastres (OGU grant arm / FGTS financing; city can formulate directly) | Route A grant arm (adaptation windows favour vulnerability; fund-level matching pending inventory) | MIDR/Sedec civil-defence transfers on declared emergency
icare_0172,Develop and implement the Municipal Risk Reduction Plan (PMRR) and identify population groups vulnerable to climate risks.,low,medium,BR RIO,Rio de Janeiro,3304557,RJ,B,credit_screen_pass,11,extensive,self_deliverable,A-grant A-credit C B E,1,1,Novo PAC 2025 — Prevenção a Desastres (drenagem): Novo PAC 2025 drenagem — Municipio De Rio De Janeiro (R$150.0M),30,315,22706887.0,"Novo PAC Prevenção a Desastres (OGU grant arm / FGTS financing; city can formulate directly) | MDB operation via COFIEX (Union guarantee open at this CAPAG; climate precedents: Palmas, Fortaleza, Joinville) | Route A grant arm (adaptation windows favour vulnerability; fund-level matching pending inventory) | MIDR/Sedec civil-defence transfers on declared emergency"
icare_0172,Develop and implement the Municipal Risk Reduction Plan (PMRR) and identify population groups vulnerable to climate risks.,low,medium,BR BCA,Barcarena,1501303,PA,n.d.,credit_screen_unknown,10,extensive,self_deliverable,A-grant B E,1,1,Novo PAC 2025 — Prevenção a Desastres (drenagem): Novo PAC 2025 drenagem — Municipio De Barcarena (R$13.4M),33,315,22706887.0,Novo PAC Prevenção a Desastres (OGU grant arm / FGTS financing; city can formulate directly) | Route A grant arm (adaptation windows favour vulnerability; fund-level matching pending inventory) | MIDR/Sedec civil-defence transfers on declared emergency
icare_0172,Develop and implement the Municipal Risk Reduction Plan (PMRR) and identify population groups vulnerable to climate risks.,low,medium,BR CMA,Cametá,1502103,PA,C,credit_screen_fail_information_quality,9,established,self_deliverable,A-grant B,0,0,,33,315,22706887.0,Novo PAC Prevenção a Desastres (OGU grant arm / FGTS financing; city can formulate directly) | Route A grant arm (adaptation windows favour vulnerability; fund-level matching pending inventory)
icare_0172,Develop and implement the Municipal Risk Reduction Plan (PMRR) and identify population groups vulnerable to climate risks.,low,medium,BR PES,Petrópolis,3303906,RJ,n.d.,credit_screen_unknown,11,extensive,self_deliverable,A-grant B E,3,3,Novo PAC 2025 — Prevenção a Desastres (encostas): Novo PAC 2025 encostas — Petrópolis (R$11.0M); Novo PAC 2025 — Prevenção a Desastres (encostas): Novo PAC 2025 encostas — Petrópolis (R$13.8M); Novo PAC 2025 — Prevenção a Desastres (drenagem): Novo PAC 2025 drenagem — Municipio De Petropolis (R$50.0M),30,315,22706887.0,Novo PAC Prevenção a Desastres (OGU grant arm / FGTS financing; city can formulate directly) | Route A grant arm (adaptation windows favour vulnerability; fund-level matching pending inventory) | MIDR/Sedec civil-defence transfers on declared emergency
icare_0172,Develop and implement the Municipal Risk Reduction Plan (PMRR) and identify population groups vulnerable to climate risks.,low,medium,BR FOR,Fortaleza,2304400,CE,B+,credit_screen_pass,11,extensive,self_deliverable,A-grant A-credit C B E,2,1,Novo PAC 2025 — Prevenção a Desastres (drenagem): Novo PAC 2025 drenagem — Municipio De Fortaleza (R$103.3M),11,315,22706887.0,"Novo PAC Prevenção a Desastres (OGU grant arm / FGTS financing; city can formulate directly) | MDB operation via COFIEX (Union guarantee open at this CAPAG; climate precedents: Palmas, Fortaleza, Joinville) | Route A grant arm (adaptation windows favour vulnerability; fund-level matching pending inventory) | MIDR/Sedec civil-defence transfers on declared emergency"
icare_0172,Develop and implement the Municipal Risk Reduction Plan (PMRR) and identify population groups vulnerable to climate risks.,low,medium,BR CME,Camaragibe,2603454,PE,A+,credit_screen_pass,8,established,self_deliverable,A-grant A-credit C B E,2,1,Novo PAC 2025 — Prevenção a Desastres (encostas): Novo PAC 2025 encostas — Camaragibe (R$7.4M),17,315,22706887.0,"Novo PAC Prevenção a Desastres (OGU grant arm / FGTS financing; city can formulate directly) | MDB operation via COFIEX (Union guarantee open at this CAPAG; climate precedents: Palmas, Fortaleza, Joinville) | Route A grant arm (adaptation windows favour vulnerability; fund-level matching pending inventory) | MIDR/Sedec civil-defence transfers on declared emergency"
icare_0173,Preventive maintenance of drainage systems,medium,high,BR CXL,Caxias do Sul,4305108,RS,A+,credit_screen_pass,9,established,own_budget_or_credit_feasible,A-grant A-credit C B E,1,0,Novo PAC 2025 — Prevenção a Desastres (encostas): Novo PAC 2025 encostas — Caxias Do Sul (R$1.2M),13,212,32566719.0,"Novo PAC Prevenção a Desastres (OGU grant arm / FGTS financing; city can formulate directly) | MDB operation via COFIEX (Union guarantee open at this CAPAG; climate precedents: Palmas, Fortaleza, Joinville) | Route A grant arm (adaptation windows favour vulnerability; fund-level matching pending inventory) | MIDR/Sedec civil-defence transfers on declared emergency"
icare_0173,Preventive maintenance of drainage systems,medium,high,BR MGE,Maranguape,2307700,CE,C,credit_screen_fail_fiscal,9,established,needs_external_cofinance,A-grant B E,0,0,,8,212,32566719.0,Novo PAC Prevenção a Desastres (OGU grant arm / FGTS financing; city can formulate directly) | Route A grant arm (adaptation windows favour vulnerability; fund-level matching pending inventory) | MIDR/Sedec civil-defence transfers on declared emergency
icare_0173,Preventive maintenance of drainage systems,medium,high,BR RIO,Rio de Janeiro,3304557,RJ,B,credit_screen_pass,11,extensive,own_budget_or_credit_feasible,A-grant A-credit C B E,1,1,Novo PAC 2025 — Prevenção a Desastres (drenagem): Novo PAC 2025 drenagem — Municipio De Rio De Janeiro (R$150.0M),20,212,32566719.0,"Novo PAC Prevenção a Desastres (OGU grant arm / FGTS financing; city can formulate directly) | MDB operation via COFIEX (Union guarantee open at this CAPAG; climate precedents: Palmas, Fortaleza, Joinville) | Route A grant arm (adaptation windows favour vulnerability; fund-level matching pending inventory) | MIDR/Sedec civil-defence transfers on declared emergency"
icare_0173,Preventive maintenance of drainage systems,medium,high,BR BCA,Barcarena,1501303,PA,n.d.,credit_screen_unknown,10,extensive,needs_external_cofinance,A-grant B E,1,1,Novo PAC 2025 — Prevenção a Desastres (drenagem): Novo PAC 2025 drenagem — Municipio De Barcarena (R$13.4M),31,212,32566719.0,Novo PAC Prevenção a Desastres (OGU grant arm / FGTS financing; city can formulate directly) | Route A grant arm (adaptation windows favour vulnerability; fund-level matching pending inventory) | MIDR/Sedec civil-defence transfers on declared emergency
icare_0173,Preventive maintenance of drainage systems,medium,high,BR CMA,Cametá,1502103,PA,C,credit_screen_fail_information_quality,9,established,needs_external_cofinance,A-grant B,0,0,,31,212,32566719.0,Novo PAC Prevenção a Desastres (OGU grant arm / FGTS financing; city can formulate directly) | Route A grant arm (adaptation windows favour vulnerability; fund-level matching pending inventory)
icare_0173,Preventive maintenance of drainage systems,medium,high,BR PES,Petrópolis,3303906,RJ,n.d.,credit_screen_unknown,11,extensive,needs_external_cofinance,A-grant B E,3,1,Novo PAC 2025 — Prevenção a Desastres (drenagem): Novo PAC 2025 drenagem — Municipio De Petropolis (R$50.0M),20,212,32566719.0,Novo PAC Prevenção a Desastres (OGU grant arm / FGTS financing; city can formulate directly) | Route A grant arm (adaptation windows favour vulnerability; fund-level matching pending inventory) | MIDR/Sedec civil-defence transfers on declared emergency
icare_0173,Preventive maintenance of drainage systems,medium,high,BR FOR,Fortaleza,2304400,CE,B+,credit_screen_pass,11,extensive,own_budget_or_credit_feasible,A-grant A-credit C B E,2,1,Novo PAC 2025 — Prevenção a Desastres (drenagem): Novo PAC 2025 drenagem — Municipio De Fortaleza (R$103.3M),8,212,32566719.0,"Novo PAC Prevenção a Desastres (OGU grant arm / FGTS financing; city can formulate directly) | MDB operation via COFIEX (Union guarantee open at this CAPAG; climate precedents: Palmas, Fortaleza, Joinville) | Route A grant arm (adaptation windows favour vulnerability; fund-level matching pending inventory) | MIDR/Sedec civil-defence transfers on declared emergency"
icare_0173,Preventive maintenance of drainage systems,medium,high,BR CME,Camaragibe,2603454,PE,A+,credit_screen_pass,8,established,own_budget_or_credit_feasible,A-grant A-credit C B E,2,0,Novo PAC 2025 — Prevenção a Desastres (encostas): Novo PAC 2025 encostas — Camaragibe (R$7.4M); COFIEX — CAF: Desenvolvimento e Mobilidade Urbana de Camaragibe (R$50.0M),9,212,32566719.0,"Novo PAC Prevenção a Desastres (OGU grant arm / FGTS financing; city can formulate directly) | MDB operation via COFIEX (Union guarantee open at this CAPAG; climate precedents: Palmas, Fortaleza, Joinville) | Route A grant arm (adaptation windows favour vulnerability; fund-level matching pending inventory) | MIDR/Sedec civil-defence transfers on declared emergency"
icare_0176,Develop a Climate Action Plan,low,medium,BR CXL,Caxias do Sul,4305108,RS,A+,credit_screen_pass,9,established,self_deliverable,A-grant A-credit C B E,1,1,Novo PAC 2025 — Prevenção a Desastres (encostas): Novo PAC 2025 encostas — Caxias Do Sul (R$1.2M),19,339,22706887.0,"Novo PAC Prevenção a Desastres (OGU grant arm / FGTS financing; city can formulate directly) | MDB operation via COFIEX (Union guarantee open at this CAPAG; climate precedents: Palmas, Fortaleza, Joinville) | Fundo Amazônia grant window (city mostly as enabler via state/OSC; direct municipal grants are rare: 7 of 146) | Route A grant arm (adaptation windows favour vulnerability; fund-level matching pending inventory) | MIDR/Sedec civil-defence transfers on declared emergency"
icare_0176,Develop a Climate Action Plan,low,medium,BR MGE,Maranguape,2307700,CE,C,credit_screen_fail_fiscal,9,established,self_deliverable,A-grant B E,0,0,,11,339,22706887.0,Novo PAC Prevenção a Desastres (OGU grant arm / FGTS financing; city can formulate directly) | Fundo Amazônia grant window (city mostly as enabler via state/OSC; direct municipal grants are rare: 7 of 146) | Route A grant arm (adaptation windows favour vulnerability; fund-level matching pending inventory) | MIDR/Sedec civil-defence transfers on declared emergency
icare_0176,Develop a Climate Action Plan,low,medium,BR RIO,Rio de Janeiro,3304557,RJ,B,credit_screen_pass,11,extensive,self_deliverable,A-grant A-credit C B E,1,1,Novo PAC 2025 — Prevenção a Desastres (drenagem): Novo PAC 2025 drenagem — Municipio De Rio De Janeiro (R$150.0M),30,339,22706887.0,"Novo PAC Prevenção a Desastres (OGU grant arm / FGTS financing; city can formulate directly) | MDB operation via COFIEX (Union guarantee open at this CAPAG; climate precedents: Palmas, Fortaleza, Joinville) | Fundo Amazônia grant window (city mostly as enabler via state/OSC; direct municipal grants are rare: 7 of 146) | Route A grant arm (adaptation windows favour vulnerability; fund-level matching pending inventory) | MIDR/Sedec civil-defence transfers on declared emergency"
icare_0176,Develop a Climate Action Plan,low,medium,BR BCA,Barcarena,1501303,PA,n.d.,credit_screen_unknown,10,extensive,self_deliverable,A-grant B E,1,1,Novo PAC 2025 — Prevenção a Desastres (drenagem): Novo PAC 2025 drenagem — Municipio De Barcarena (R$13.4M),39,339,22706887.0,Novo PAC Prevenção a Desastres (OGU grant arm / FGTS financing; city can formulate directly) | Fundo Amazônia grant window (city mostly as enabler via state/OSC; direct municipal grants are rare: 7 of 146) | Route A grant arm (adaptation windows favour vulnerability; fund-level matching pending inventory) | MIDR/Sedec civil-defence transfers on declared emergency
icare_0176,Develop a Climate Action Plan,low,medium,BR CMA,Cametá,1502103,PA,C,credit_screen_fail_information_quality,9,established,self_deliverable,A-grant B,0,0,,39,339,22706887.0,Novo PAC Prevenção a Desastres (OGU grant arm / FGTS financing; city can formulate directly) | Fundo Amazônia grant window (city mostly as enabler via state/OSC; direct municipal grants are rare: 7 of 146) | Route A grant arm (adaptation windows favour vulnerability; fund-level matching pending inventory)
icare_0176,Develop a Climate Action Plan,low,medium,BR PES,Petrópolis,3303906,RJ,n.d.,credit_screen_unknown,11,extensive,self_deliverable,A-grant B E,3,3,Novo PAC 2025 — Prevenção a Desastres (encostas): Novo PAC 2025 encostas — Petrópolis (R$11.0M); Novo PAC 2025 — Prevenção a Desastres (encostas): Novo PAC 2025 encostas — Petrópolis (R$13.8M); Novo PAC 2025 — Prevenção a Desastres (drenagem): Novo PAC 2025 drenagem — Municipio De Petropolis (R$50.0M),30,339,22706887.0,Novo PAC Prevenção a Desastres (OGU grant arm / FGTS financing; city can formulate directly) | Fundo Amazônia grant window (city mostly as enabler via state/OSC; direct municipal grants are rare: 7 of 146) | Route A grant arm (adaptation windows favour vulnerability; fund-level matching pending inventory) | MIDR/Sedec civil-defence transfers on declared emergency
icare_0176,Develop a Climate Action Plan,low,medium,BR FOR,Fortaleza,2304400,CE,B+,credit_screen_pass,11,extensive,self_deliverable,A-grant A-credit C B E,2,1,Novo PAC 2025 — Prevenção a Desastres (drenagem): Novo PAC 2025 drenagem — Municipio De Fortaleza (R$103.3M),11,339,22706887.0,"Novo PAC Prevenção a Desastres (OGU grant arm / FGTS financing; city can formulate directly) | MDB operation via COFIEX (Union guarantee open at this CAPAG; climate precedents: Palmas, Fortaleza, Joinville) | Fundo Amazônia grant window (city mostly as enabler via state/OSC; direct municipal grants are rare: 7 of 146) | Route A grant arm (adaptation windows favour vulnerability; fund-level matching pending inventory) | MIDR/Sedec civil-defence transfers on declared emergency"
icare_0176,Develop a Climate Action Plan,low,medium,BR CME,Camaragibe,2603454,PE,A+,credit_screen_pass,8,established,self_deliverable,A-grant A-credit C B E,2,1,Novo PAC 2025 — Prevenção a Desastres (encostas): Novo PAC 2025 encostas — Camaragibe (R$7.4M),17,339,22706887.0,"Novo PAC Prevenção a Desastres (OGU grant arm / FGTS financing; city can formulate directly) | MDB operation via COFIEX (Union guarantee open at this CAPAG; climate precedents: Palmas, Fortaleza, Joinville) | Fundo Amazônia grant window (city mostly as enabler via state/OSC; direct municipal grants are rare: 7 of 146) | Route A grant arm (adaptation windows favour vulnerability; fund-level matching pending inventory) | MIDR/Sedec civil-defence transfers on declared emergency"
icare_0178,Redirect urban development through climate‑risk spatial planning,low,medium,BR CXL,Caxias do Sul,4305108,RS,A+,credit_screen_pass,9,established,self_deliverable,A-grant A-credit C B E,1,0,Novo PAC 2025 — Prevenção a Desastres (encostas): Novo PAC 2025 encostas — Caxias Do Sul (R$1.2M),13,212,32566719.0,"Novo PAC Prevenção a Desastres (OGU grant arm / FGTS financing; city can formulate directly) | MDB operation via COFIEX (Union guarantee open at this CAPAG; climate precedents: Palmas, Fortaleza, Joinville) | Route A grant arm (adaptation windows favour vulnerability; fund-level matching pending inventory) | MIDR/Sedec civil-defence transfers on declared emergency"
icare_0178,Redirect urban development through climate‑risk spatial planning,low,medium,BR MGE,Maranguape,2307700,CE,C,credit_screen_fail_fiscal,9,established,self_deliverable,A-grant B E,0,0,,8,212,32566719.0,Novo PAC Prevenção a Desastres (OGU grant arm / FGTS financing; city can formulate directly) | Route A grant arm (adaptation windows favour vulnerability; fund-level matching pending inventory) | MIDR/Sedec civil-defence transfers on declared emergency
icare_0178,Redirect urban development through climate‑risk spatial planning,low,medium,BR RIO,Rio de Janeiro,3304557,RJ,B,credit_screen_pass,11,extensive,self_deliverable,A-grant A-credit C B E,1,1,Novo PAC 2025 — Prevenção a Desastres (drenagem): Novo PAC 2025 drenagem — Municipio De Rio De Janeiro (R$150.0M),20,212,32566719.0,"Novo PAC Prevenção a Desastres (OGU grant arm / FGTS financing; city can formulate directly) | MDB operation via COFIEX (Union guarantee open at this CAPAG; climate precedents: Palmas, Fortaleza, Joinville) | Route A grant arm (adaptation windows favour vulnerability; fund-level matching pending inventory) | MIDR/Sedec civil-defence transfers on declared emergency"
icare_0178,Redirect urban development through climate‑risk spatial planning,low,medium,BR BCA,Barcarena,1501303,PA,n.d.,credit_screen_unknown,10,extensive,self_deliverable,A-grant B E,1,1,Novo PAC 2025 — Prevenção a Desastres (drenagem): Novo PAC 2025 drenagem — Municipio De Barcarena (R$13.4M),31,212,32566719.0,Novo PAC Prevenção a Desastres (OGU grant arm / FGTS financing; city can formulate directly) | Route A grant arm (adaptation windows favour vulnerability; fund-level matching pending inventory) | MIDR/Sedec civil-defence transfers on declared emergency
icare_0178,Redirect urban development through climate‑risk spatial planning,low,medium,BR CMA,Cametá,1502103,PA,C,credit_screen_fail_information_quality,9,established,self_deliverable,A-grant B,0,0,,31,212,32566719.0,Novo PAC Prevenção a Desastres (OGU grant arm / FGTS financing; city can formulate directly) | Route A grant arm (adaptation windows favour vulnerability; fund-level matching pending inventory)
icare_0178,Redirect urban development through climate‑risk spatial planning,low,medium,BR PES,Petrópolis,3303906,RJ,n.d.,credit_screen_unknown,11,extensive,self_deliverable,A-grant B E,3,1,Novo PAC 2025 — Prevenção a Desastres (drenagem): Novo PAC 2025 drenagem — Municipio De Petropolis (R$50.0M),20,212,32566719.0,Novo PAC Prevenção a Desastres (OGU grant arm / FGTS financing; city can formulate directly) | Route A grant arm (adaptation windows favour vulnerability; fund-level matching pending inventory) | MIDR/Sedec civil-defence transfers on declared emergency
icare_0178,Redirect urban development through climate‑risk spatial planning,low,medium,BR FOR,Fortaleza,2304400,CE,B+,credit_screen_pass,11,extensive,self_deliverable,A-grant A-credit C B E,2,1,Novo PAC 2025 — Prevenção a Desastres (drenagem): Novo PAC 2025 drenagem — Municipio De Fortaleza (R$103.3M),8,212,32566719.0,"Novo PAC Prevenção a Desastres (OGU grant arm / FGTS financing; city can formulate directly) | MDB operation via COFIEX (Union guarantee open at this CAPAG; climate precedents: Palmas, Fortaleza, Joinville) | Route A grant arm (adaptation windows favour vulnerability; fund-level matching pending inventory) | MIDR/Sedec civil-defence transfers on declared emergency"
icare_0178,Redirect urban development through climate‑risk spatial planning,low,medium,BR CME,Camaragibe,2603454,PE,A+,credit_screen_pass,8,established,self_deliverable,A-grant A-credit C B E,2,0,Novo PAC 2025 — Prevenção a Desastres (encostas): Novo PAC 2025 encostas — Camaragibe (R$7.4M); COFIEX — CAF: Desenvolvimento e Mobilidade Urbana de Camaragibe (R$50.0M),9,212,32566719.0,"Novo PAC Prevenção a Desastres (OGU grant arm / FGTS financing; city can formulate directly) | MDB operation via COFIEX (Union guarantee open at this CAPAG; climate precedents: Palmas, Fortaleza, Joinville) | Route A grant arm (adaptation windows favour vulnerability; fund-level matching pending inventory) | MIDR/Sedec civil-defence transfers on declared emergency"
icare_0180,Expand urban green-blue networks and corridors,medium,high,BR CXL,Caxias do Sul,4305108,RS,A+,credit_screen_pass,9,established,own_budget_or_credit_feasible,A-grant A-credit C B E,1,1,Novo PAC 2025 — Prevenção a Desastres (encostas): Novo PAC 2025 encostas — Caxias Do Sul (R$1.2M),19,387,21209881.0,"Novo PAC Prevenção a Desastres (OGU grant arm / FGTS financing; city can formulate directly) | MDB operation via COFIEX (Union guarantee open at this CAPAG; climate precedents: Palmas, Fortaleza, Joinville) | Fundo Amazônia grant window (city mostly as enabler via state/OSC; direct municipal grants are rare: 7 of 146) | Route A grant arm (adaptation windows favour vulnerability; fund-level matching pending inventory) | MIDR/Sedec civil-defence transfers on declared emergency"
icare_0180,Expand urban green-blue networks and corridors,medium,high,BR MGE,Maranguape,2307700,CE,C,credit_screen_fail_fiscal,9,established,needs_external_cofinance,A-grant B E,0,0,,11,387,21209881.0,Novo PAC Prevenção a Desastres (OGU grant arm / FGTS financing; city can formulate directly) | Fundo Amazônia grant window (city mostly as enabler via state/OSC; direct municipal grants are rare: 7 of 146) | Route A grant arm (adaptation windows favour vulnerability; fund-level matching pending inventory) | MIDR/Sedec civil-defence transfers on declared emergency
icare_0180,Expand urban green-blue networks and corridors,medium,high,BR RIO,Rio de Janeiro,3304557,RJ,B,credit_screen_pass,11,extensive,own_budget_or_credit_feasible,A-grant A-credit C B E,1,1,Novo PAC 2025 — Prevenção a Desastres (drenagem): Novo PAC 2025 drenagem — Municipio De Rio De Janeiro (R$150.0M),30,387,21209881.0,"Novo PAC Prevenção a Desastres (OGU grant arm / FGTS financing; city can formulate directly) | MDB operation via COFIEX (Union guarantee open at this CAPAG; climate precedents: Palmas, Fortaleza, Joinville) | Fundo Amazônia grant window (city mostly as enabler via state/OSC; direct municipal grants are rare: 7 of 146) | Route A grant arm (adaptation windows favour vulnerability; fund-level matching pending inventory) | MIDR/Sedec civil-defence transfers on declared emergency"
icare_0180,Expand urban green-blue networks and corridors,medium,high,BR BCA,Barcarena,1501303,PA,n.d.,credit_screen_unknown,10,extensive,needs_external_cofinance,A-grant B E,1,1,Novo PAC 2025 — Prevenção a Desastres (drenagem): Novo PAC 2025 drenagem — Municipio De Barcarena (R$13.4M),68,387,21209881.0,Novo PAC Prevenção a Desastres (OGU grant arm / FGTS financing; city can formulate directly) | Fundo Amazônia grant window (city mostly as enabler via state/OSC; direct municipal grants are rare: 7 of 146) | Route A grant arm (adaptation windows favour vulnerability; fund-level matching pending inventory) | MIDR/Sedec civil-defence transfers on declared emergency
icare_0180,Expand urban green-blue networks and corridors,medium,high,BR CMA,Cametá,1502103,PA,C,credit_screen_fail_information_quality,9,established,needs_external_cofinance,A-grant B,0,0,,68,387,21209881.0,Novo PAC Prevenção a Desastres (OGU grant arm / FGTS financing; city can formulate directly) | Fundo Amazônia grant window (city mostly as enabler via state/OSC; direct municipal grants are rare: 7 of 146) | Route A grant arm (adaptation windows favour vulnerability; fund-level matching pending inventory)
icare_0180,Expand urban green-blue networks and corridors,medium,high,BR PES,Petrópolis,3303906,RJ,n.d.,credit_screen_unknown,11,extensive,needs_external_cofinance,A-grant B E,3,3,Novo PAC 2025 — Prevenção a Desastres (encostas): Novo PAC 2025 encostas — Petrópolis (R$11.0M); Novo PAC 2025 — Prevenção a Desastres (encostas): Novo PAC 2025 encostas — Petrópolis (R$13.8M); Novo PAC 2025 — Prevenção a Desastres (drenagem): Novo PAC 2025 drenagem — Municipio De Petropolis (R$50.0M),30,387,21209881.0,Novo PAC Prevenção a Desastres (OGU grant arm / FGTS financing; city can formulate directly) | Fundo Amazônia grant window (city mostly as enabler via state/OSC; direct municipal grants are rare: 7 of 146) | Route A grant arm (adaptation windows favour vulnerability; fund-level matching pending inventory) | MIDR/Sedec civil-defence transfers on declared emergency
icare_0180,Expand urban green-blue networks and corridors,medium,high,BR FOR,Fortaleza,2304400,CE,B+,credit_screen_pass,11,extensive,own_budget_or_credit_feasible,A-grant A-credit C B E,2,1,Novo PAC 2025 — Prevenção a Desastres (drenagem): Novo PAC 2025 drenagem — Municipio De Fortaleza (R$103.3M),11,387,21209881.0,"Novo PAC Prevenção a Desastres (OGU grant arm / FGTS financing; city can formulate directly) | MDB operation via COFIEX (Union guarantee open at this CAPAG; climate precedents: Palmas, Fortaleza, Joinville) | Fundo Amazônia grant window (city mostly as enabler via state/OSC; direct municipal grants are rare: 7 of 146) | Route A grant arm (adaptation windows favour vulnerability; fund-level matching pending inventory) | MIDR/Sedec civil-defence transfers on declared emergency"
icare_0180,Expand urban green-blue networks and corridors,medium,high,BR CME,Camaragibe,2603454,PE,A+,credit_screen_pass,8,established,own_budget_or_credit_feasible,A-grant A-credit C B E,2,1,Novo PAC 2025 — Prevenção a Desastres (encostas): Novo PAC 2025 encostas — Camaragibe (R$7.4M),17,387,21209881.0,"Novo PAC Prevenção a Desastres (OGU grant arm / FGTS financing; city can formulate directly) | MDB operation via COFIEX (Union guarantee open at this CAPAG; climate precedents: Palmas, Fortaleza, Joinville) | Fundo Amazônia grant window (city mostly as enabler via state/OSC; direct municipal grants are rare: 7 of 146) | Route A grant arm (adaptation windows favour vulnerability; fund-level matching pending inventory) | MIDR/Sedec civil-defence transfers on declared emergency"
icare_0181,Restore in Vulnerable Areas,medium,high,BR CXL,Caxias do Sul,4305108,RS,A+,credit_screen_pass,9,established,own_budget_or_credit_feasible,A-grant A-credit C B E,1,1,Novo PAC 2025 — Prevenção a Desastres (encostas): Novo PAC 2025 encostas — Caxias Do Sul (R$1.2M),19,387,21209881.0,"Novo PAC Prevenção a Desastres (OGU grant arm / FGTS financing; city can formulate directly) | MDB operation via COFIEX (Union guarantee open at this CAPAG; climate precedents: Palmas, Fortaleza, Joinville) | Fundo Amazônia grant window (city mostly as enabler via state/OSC; direct municipal grants are rare: 7 of 146) | Route A grant arm (adaptation windows favour vulnerability; fund-level matching pending inventory) | MIDR/Sedec civil-defence transfers on declared emergency"
icare_0181,Restore in Vulnerable Areas,medium,high,BR MGE,Maranguape,2307700,CE,C,credit_screen_fail_fiscal,9,established,needs_external_cofinance,A-grant B E,0,0,,11,387,21209881.0,Novo PAC Prevenção a Desastres (OGU grant arm / FGTS financing; city can formulate directly) | Fundo Amazônia grant window (city mostly as enabler via state/OSC; direct municipal grants are rare: 7 of 146) | Route A grant arm (adaptation windows favour vulnerability; fund-level matching pending inventory) | MIDR/Sedec civil-defence transfers on declared emergency
icare_0181,Restore in Vulnerable Areas,medium,high,BR RIO,Rio de Janeiro,3304557,RJ,B,credit_screen_pass,11,extensive,own_budget_or_credit_feasible,A-grant A-credit C B E,1,1,Novo PAC 2025 — Prevenção a Desastres (drenagem): Novo PAC 2025 drenagem — Municipio De Rio De Janeiro (R$150.0M),30,387,21209881.0,"Novo PAC Prevenção a Desastres (OGU grant arm / FGTS financing; city can formulate directly) | MDB operation via COFIEX (Union guarantee open at this CAPAG; climate precedents: Palmas, Fortaleza, Joinville) | Fundo Amazônia grant window (city mostly as enabler via state/OSC; direct municipal grants are rare: 7 of 146) | Route A grant arm (adaptation windows favour vulnerability; fund-level matching pending inventory) | MIDR/Sedec civil-defence transfers on declared emergency"
icare_0181,Restore in Vulnerable Areas,medium,high,BR BCA,Barcarena,1501303,PA,n.d.,credit_screen_unknown,10,extensive,needs_external_cofinance,A-grant B E,1,1,Novo PAC 2025 — Prevenção a Desastres (drenagem): Novo PAC 2025 drenagem — Municipio De Barcarena (R$13.4M),68,387,21209881.0,Novo PAC Prevenção a Desastres (OGU grant arm / FGTS financing; city can formulate directly) | Fundo Amazônia grant window (city mostly as enabler via state/OSC; direct municipal grants are rare: 7 of 146) | Route A grant arm (adaptation windows favour vulnerability; fund-level matching pending inventory) | MIDR/Sedec civil-defence transfers on declared emergency
icare_0181,Restore in Vulnerable Areas,medium,high,BR CMA,Cametá,1502103,PA,C,credit_screen_fail_information_quality,9,established,needs_external_cofinance,A-grant B,0,0,,68,387,21209881.0,Novo PAC Prevenção a Desastres (OGU grant arm / FGTS financing; city can formulate directly) | Fundo Amazônia grant window (city mostly as enabler via state/OSC; direct municipal grants are rare: 7 of 146) | Route A grant arm (adaptation windows favour vulnerability; fund-level matching pending inventory)
icare_0181,Restore in Vulnerable Areas,medium,high,BR PES,Petrópolis,3303906,RJ,n.d.,credit_screen_unknown,11,extensive,needs_external_cofinance,A-grant B E,3,3,Novo PAC 2025 — Prevenção a Desastres (encostas): Novo PAC 2025 encostas — Petrópolis (R$11.0M); Novo PAC 2025 — Prevenção a Desastres (encostas): Novo PAC 2025 encostas — Petrópolis (R$13.8M); Novo PAC 2025 — Prevenção a Desastres (drenagem): Novo PAC 2025 drenagem — Municipio De Petropolis (R$50.0M),30,387,21209881.0,Novo PAC Prevenção a Desastres (OGU grant arm / FGTS financing; city can formulate directly) | Fundo Amazônia grant window (city mostly as enabler via state/OSC; direct municipal grants are rare: 7 of 146) | Route A grant arm (adaptation windows favour vulnerability; fund-level matching pending inventory) | MIDR/Sedec civil-defence transfers on declared emergency
icare_0181,Restore in Vulnerable Areas,medium,high,BR FOR,Fortaleza,2304400,CE,B+,credit_screen_pass,11,extensive,own_budget_or_credit_feasible,A-grant A-credit C B E,2,1,Novo PAC 2025 — Prevenção a Desastres (drenagem): Novo PAC 2025 drenagem — Municipio De Fortaleza (R$103.3M),11,387,21209881.0,"Novo PAC Prevenção a Desastres (OGU grant arm / FGTS financing; city can formulate directly) | MDB operation via COFIEX (Union guarantee open at this CAPAG; climate precedents: Palmas, Fortaleza, Joinville) | Fundo Amazônia grant window (city mostly as enabler via state/OSC; direct municipal grants are rare: 7 of 146) | Route A grant arm (adaptation windows favour vulnerability; fund-level matching pending inventory) | MIDR/Sedec civil-defence transfers on declared emergency"
icare_0181,Restore in Vulnerable Areas,medium,high,BR CME,Camaragibe,2603454,PE,A+,credit_screen_pass,8,established,own_budget_or_credit_feasible,A-grant A-credit C B E,2,1,Novo PAC 2025 — Prevenção a Desastres (encostas): Novo PAC 2025 encostas — Camaragibe (R$7.4M),17,387,21209881.0,"Novo PAC Prevenção a Desastres (OGU grant arm / FGTS financing; city can formulate directly) | MDB operation via COFIEX (Union guarantee open at this CAPAG; climate precedents: Palmas, Fortaleza, Joinville) | Fundo Amazônia grant window (city mostly as enabler via state/OSC; direct municipal grants are rare: 7 of 146) | Route A grant arm (adaptation windows favour vulnerability; fund-level matching pending inventory) | MIDR/Sedec civil-defence transfers on declared emergency"
icare_0182,Develop an Urban Afforestation Plan,medium,high,BR CXL,Caxias do Sul,4305108,RS,A+,credit_screen_pass,9,established,own_budget_or_credit_feasible,A-grant A-credit C B,1,0,Novo PAC 2025 — Prevenção a Desastres (encostas): Novo PAC 2025 encostas — Caxias Do Sul (R$1.2M),0,72,16925456.0,"MDB operation via COFIEX (Union guarantee open at this CAPAG; climate precedents: Palmas, Fortaleza, Joinville) | Fundo Amazônia grant window (city mostly as enabler via state/OSC; direct municipal grants are rare: 7 of 146) | Route A grant arm (adaptation windows favour vulnerability; fund-level matching pending inventory)"
icare_0182,Develop an Urban Afforestation Plan,medium,high,BR MGE,Maranguape,2307700,CE,C,credit_screen_fail_fiscal,9,established,needs_external_cofinance,A-grant B,0,0,,0,72,16925456.0,Fundo Amazônia grant window (city mostly as enabler via state/OSC; direct municipal grants are rare: 7 of 146) | Route A grant arm (adaptation windows favour vulnerability; fund-level matching pending inventory)
icare_0182,Develop an Urban Afforestation Plan,medium,high,BR RIO,Rio de Janeiro,3304557,RJ,B,credit_screen_pass,11,extensive,own_budget_or_credit_feasible,A-grant A-credit C B,1,0,Novo PAC 2025 — Prevenção a Desastres (drenagem): Novo PAC 2025 drenagem — Municipio De Rio De Janeiro (R$150.0M),0,72,16925456.0,"MDB operation via COFIEX (Union guarantee open at this CAPAG; climate precedents: Palmas, Fortaleza, Joinville) | Fundo Amazônia grant window (city mostly as enabler via state/OSC; direct municipal grants are rare: 7 of 146) | Route A grant arm (adaptation windows favour vulnerability; fund-level matching pending inventory)"
icare_0182,Develop an Urban Afforestation Plan,medium,high,BR BCA,Barcarena,1501303,PA,n.d.,credit_screen_unknown,10,extensive,needs_external_cofinance,A-grant B,1,0,Novo PAC 2025 — Prevenção a Desastres (drenagem): Novo PAC 2025 drenagem — Municipio De Barcarena (R$13.4M),35,72,16925456.0,Fundo Amazônia grant window (city mostly as enabler via state/OSC; direct municipal grants are rare: 7 of 146) | Route A grant arm (adaptation windows favour vulnerability; fund-level matching pending inventory)
icare_0182,Develop an Urban Afforestation Plan,medium,high,BR CMA,Cametá,1502103,PA,C,credit_screen_fail_information_quality,9,established,needs_external_cofinance,A-grant B,0,0,,35,72,16925456.0,Fundo Amazônia grant window (city mostly as enabler via state/OSC; direct municipal grants are rare: 7 of 146) | Route A grant arm (adaptation windows favour vulnerability; fund-level matching pending inventory)
icare_0182,Develop an Urban Afforestation Plan,medium,high,BR PES,Petrópolis,3303906,RJ,n.d.,credit_screen_unknown,11,extensive,needs_external_cofinance,A-grant B,3,0,Novo PAC 2025 — Prevenção a Desastres (encostas): Novo PAC 2025 encostas — Petrópolis (R$11.0M); Novo PAC 2025 — Prevenção a Desastres (encostas): Novo PAC 2025 encostas — Petrópolis (R$13.8M); Novo PAC 2025 — Prevenção a Desastres (drenagem): Novo PAC 2025 drenagem — Municipio De Petropolis (R$50.0M),0,72,16925456.0,Fundo Amazônia grant window (city mostly as enabler via state/OSC; direct municipal grants are rare: 7 of 146) | Route A grant arm (adaptation windows favour vulnerability; fund-level matching pending inventory)
icare_0182,Develop an Urban Afforestation Plan,medium,high,BR FOR,Fortaleza,2304400,CE,B+,credit_screen_pass,11,extensive,own_budget_or_credit_feasible,A-grant A-credit C B,2,0,"Novo PAC 2025 — Prevenção a Desastres (drenagem): Novo PAC 2025 drenagem — Municipio De Fortaleza (R$103.3M); COFIEX — BIRD: Promoção da Sustentabilidade Urbana, Ambiental e Fiscal de Fortaleza (R$194.8M)",0,72,16925456.0,"MDB operation via COFIEX (Union guarantee open at this CAPAG; climate precedents: Palmas, Fortaleza, Joinville) | Fundo Amazônia grant window (city mostly as enabler via state/OSC; direct municipal grants are rare: 7 of 146) | Route A grant arm (adaptation windows favour vulnerability; fund-level matching pending inventory)"
icare_0182,Develop an Urban Afforestation Plan,medium,high,BR CME,Camaragibe,2603454,PE,A+,credit_screen_pass,8,established,own_budget_or_credit_feasible,A-grant A-credit C B,2,0,Novo PAC 2025 — Prevenção a Desastres (encostas): Novo PAC 2025 encostas — Camaragibe (R$7.4M); COFIEX — CAF: Desenvolvimento e Mobilidade Urbana de Camaragibe (R$50.0M),0,72,16925456.0,"MDB operation via COFIEX (Union guarantee open at this CAPAG; climate precedents: Palmas, Fortaleza, Joinville) | Fundo Amazônia grant window (city mostly as enabler via state/OSC; direct municipal grants are rare: 7 of 146) | Route A grant arm (adaptation windows favour vulnerability; fund-level matching pending inventory)"
icare_0183,Implement Multi-hazard Early Warning Systems (MH-EWS),medium,high,BR CXL,Caxias do Sul,4305108,RS,A+,credit_screen_pass,9,established,own_budget_or_credit_feasible,A-grant A-credit C B E,1,1,Novo PAC 2025 — Prevenção a Desastres (encostas): Novo PAC 2025 encostas — Caxias Do Sul (R$1.2M),6,103,8579208.0,"Novo PAC Prevenção a Desastres (OGU grant arm / FGTS financing; city can formulate directly) | MDB operation via COFIEX (Union guarantee open at this CAPAG; climate precedents: Palmas, Fortaleza, Joinville) | Route A grant arm (adaptation windows favour vulnerability; fund-level matching pending inventory) | MIDR/Sedec civil-defence transfers on declared emergency"
icare_0183,Implement Multi-hazard Early Warning Systems (MH-EWS),medium,high,BR MGE,Maranguape,2307700,CE,C,credit_screen_fail_fiscal,9,established,needs_external_cofinance,A-grant B E,0,0,,3,103,8579208.0,Novo PAC Prevenção a Desastres (OGU grant arm / FGTS financing; city can formulate directly) | Route A grant arm (adaptation windows favour vulnerability; fund-level matching pending inventory) | MIDR/Sedec civil-defence transfers on declared emergency
icare_0183,Implement Multi-hazard Early Warning Systems (MH-EWS),medium,high,BR RIO,Rio de Janeiro,3304557,RJ,B,credit_screen_pass,11,extensive,own_budget_or_credit_feasible,A-grant A-credit C B E,1,0,Novo PAC 2025 — Prevenção a Desastres (drenagem): Novo PAC 2025 drenagem — Municipio De Rio De Janeiro (R$150.0M),10,103,8579208.0,"Novo PAC Prevenção a Desastres (OGU grant arm / FGTS financing; city can formulate directly) | MDB operation via COFIEX (Union guarantee open at this CAPAG; climate precedents: Palmas, Fortaleza, Joinville) | Route A grant arm (adaptation windows favour vulnerability; fund-level matching pending inventory) | MIDR/Sedec civil-defence transfers on declared emergency"
icare_0183,Implement Multi-hazard Early Warning Systems (MH-EWS),medium,high,BR BCA,Barcarena,1501303,PA,n.d.,credit_screen_unknown,10,extensive,needs_external_cofinance,A-grant B E,1,0,Novo PAC 2025 — Prevenção a Desastres (drenagem): Novo PAC 2025 drenagem — Municipio De Barcarena (R$13.4M),2,103,8579208.0,Novo PAC Prevenção a Desastres (OGU grant arm / FGTS financing; city can formulate directly) | Route A grant arm (adaptation windows favour vulnerability; fund-level matching pending inventory) | MIDR/Sedec civil-defence transfers on declared emergency
icare_0183,Implement Multi-hazard Early Warning Systems (MH-EWS),medium,high,BR CMA,Cametá,1502103,PA,C,credit_screen_fail_information_quality,9,established,needs_external_cofinance,A-grant B,0,0,,2,103,8579208.0,Novo PAC Prevenção a Desastres (OGU grant arm / FGTS financing; city can formulate directly) | Route A grant arm (adaptation windows favour vulnerability; fund-level matching pending inventory)
icare_0183,Implement Multi-hazard Early Warning Systems (MH-EWS),medium,high,BR PES,Petrópolis,3303906,RJ,n.d.,credit_screen_unknown,11,extensive,needs_external_cofinance,A-grant B E,3,2,Novo PAC 2025 — Prevenção a Desastres (encostas): Novo PAC 2025 encostas — Petrópolis (R$11.0M); Novo PAC 2025 — Prevenção a Desastres (encostas): Novo PAC 2025 encostas — Petrópolis (R$13.8M),10,103,8579208.0,Novo PAC Prevenção a Desastres (OGU grant arm / FGTS financing; city can formulate directly) | Route A grant arm (adaptation windows favour vulnerability; fund-level matching pending inventory) | MIDR/Sedec civil-defence transfers on declared emergency
icare_0183,Implement Multi-hazard Early Warning Systems (MH-EWS),medium,high,BR FOR,Fortaleza,2304400,CE,B+,credit_screen_pass,11,extensive,own_budget_or_credit_feasible,A-grant A-credit C B E,2,0,"Novo PAC 2025 — Prevenção a Desastres (drenagem): Novo PAC 2025 drenagem — Municipio De Fortaleza (R$103.3M); COFIEX — BIRD: Promoção da Sustentabilidade Urbana, Ambiental e Fiscal de Fortaleza (R$194.8M)",3,103,8579208.0,"Novo PAC Prevenção a Desastres (OGU grant arm / FGTS financing; city can formulate directly) | MDB operation via COFIEX (Union guarantee open at this CAPAG; climate precedents: Palmas, Fortaleza, Joinville) | Route A grant arm (adaptation windows favour vulnerability; fund-level matching pending inventory) | MIDR/Sedec civil-defence transfers on declared emergency"
icare_0183,Implement Multi-hazard Early Warning Systems (MH-EWS),medium,high,BR CME,Camaragibe,2603454,PE,A+,credit_screen_pass,8,established,own_budget_or_credit_feasible,A-grant A-credit C B E,2,1,Novo PAC 2025 — Prevenção a Desastres (encostas): Novo PAC 2025 encostas — Camaragibe (R$7.4M),8,103,8579208.0,"Novo PAC Prevenção a Desastres (OGU grant arm / FGTS financing; city can formulate directly) | MDB operation via COFIEX (Union guarantee open at this CAPAG; climate precedents: Palmas, Fortaleza, Joinville) | Route A grant arm (adaptation windows favour vulnerability; fund-level matching pending inventory) | MIDR/Sedec civil-defence transfers on declared emergency"
icare_0184,Upgrade Slope stabilization and drainage,medium,high,BR CXL,Caxias do Sul,4305108,RS,A+,credit_screen_pass,9,established,own_budget_or_credit_feasible,A-grant A-credit C B E,1,1,Novo PAC 2025 — Prevenção a Desastres (encostas): Novo PAC 2025 encostas — Caxias Do Sul (R$1.2M),6,103,8579208.0,"Novo PAC Prevenção a Desastres (OGU grant arm / FGTS financing; city can formulate directly) | MDB operation via COFIEX (Union guarantee open at this CAPAG; climate precedents: Palmas, Fortaleza, Joinville) | Route A grant arm (adaptation windows favour vulnerability; fund-level matching pending inventory) | MIDR/Sedec civil-defence transfers on declared emergency"
icare_0184,Upgrade Slope stabilization and drainage,medium,high,BR MGE,Maranguape,2307700,CE,C,credit_screen_fail_fiscal,9,established,needs_external_cofinance,A-grant B E,0,0,,3,103,8579208.0,Novo PAC Prevenção a Desastres (OGU grant arm / FGTS financing; city can formulate directly) | Route A grant arm (adaptation windows favour vulnerability; fund-level matching pending inventory) | MIDR/Sedec civil-defence transfers on declared emergency
icare_0184,Upgrade Slope stabilization and drainage,medium,high,BR RIO,Rio de Janeiro,3304557,RJ,B,credit_screen_pass,11,extensive,own_budget_or_credit_feasible,A-grant A-credit C B E,1,0,Novo PAC 2025 — Prevenção a Desastres (drenagem): Novo PAC 2025 drenagem — Municipio De Rio De Janeiro (R$150.0M),10,103,8579208.0,"Novo PAC Prevenção a Desastres (OGU grant arm / FGTS financing; city can formulate directly) | MDB operation via COFIEX (Union guarantee open at this CAPAG; climate precedents: Palmas, Fortaleza, Joinville) | Route A grant arm (adaptation windows favour vulnerability; fund-level matching pending inventory) | MIDR/Sedec civil-defence transfers on declared emergency"
icare_0184,Upgrade Slope stabilization and drainage,medium,high,BR BCA,Barcarena,1501303,PA,n.d.,credit_screen_unknown,10,extensive,needs_external_cofinance,A-grant B E,1,0,Novo PAC 2025 — Prevenção a Desastres (drenagem): Novo PAC 2025 drenagem — Municipio De Barcarena (R$13.4M),2,103,8579208.0,Novo PAC Prevenção a Desastres (OGU grant arm / FGTS financing; city can formulate directly) | Route A grant arm (adaptation windows favour vulnerability; fund-level matching pending inventory) | MIDR/Sedec civil-defence transfers on declared emergency
icare_0184,Upgrade Slope stabilization and drainage,medium,high,BR CMA,Cametá,1502103,PA,C,credit_screen_fail_information_quality,9,established,needs_external_cofinance,A-grant B,0,0,,2,103,8579208.0,Novo PAC Prevenção a Desastres (OGU grant arm / FGTS financing; city can formulate directly) | Route A grant arm (adaptation windows favour vulnerability; fund-level matching pending inventory)
icare_0184,Upgrade Slope stabilization and drainage,medium,high,BR PES,Petrópolis,3303906,RJ,n.d.,credit_screen_unknown,11,extensive,needs_external_cofinance,A-grant B E,3,2,Novo PAC 2025 — Prevenção a Desastres (encostas): Novo PAC 2025 encostas — Petrópolis (R$11.0M); Novo PAC 2025 — Prevenção a Desastres (encostas): Novo PAC 2025 encostas — Petrópolis (R$13.8M),10,103,8579208.0,Novo PAC Prevenção a Desastres (OGU grant arm / FGTS financing; city can formulate directly) | Route A grant arm (adaptation windows favour vulnerability; fund-level matching pending inventory) | MIDR/Sedec civil-defence transfers on declared emergency
icare_0184,Upgrade Slope stabilization and drainage,medium,high,BR FOR,Fortaleza,2304400,CE,B+,credit_screen_pass,11,extensive,own_budget_or_credit_feasible,A-grant A-credit C B E,2,0,"Novo PAC 2025 — Prevenção a Desastres (drenagem): Novo PAC 2025 drenagem — Municipio De Fortaleza (R$103.3M); COFIEX — BIRD: Promoção da Sustentabilidade Urbana, Ambiental e Fiscal de Fortaleza (R$194.8M)",3,103,8579208.0,"Novo PAC Prevenção a Desastres (OGU grant arm / FGTS financing; city can formulate directly) | MDB operation via COFIEX (Union guarantee open at this CAPAG; climate precedents: Palmas, Fortaleza, Joinville) | Route A grant arm (adaptation windows favour vulnerability; fund-level matching pending inventory) | MIDR/Sedec civil-defence transfers on declared emergency"
icare_0184,Upgrade Slope stabilization and drainage,medium,high,BR CME,Camaragibe,2603454,PE,A+,credit_screen_pass,8,established,own_budget_or_credit_feasible,A-grant A-credit C B E,2,1,Novo PAC 2025 — Prevenção a Desastres (encostas): Novo PAC 2025 encostas — Camaragibe (R$7.4M),8,103,8579208.0,"Novo PAC Prevenção a Desastres (OGU grant arm / FGTS financing; city can formulate directly) | MDB operation via COFIEX (Union guarantee open at this CAPAG; climate precedents: Palmas, Fortaleza, Joinville) | Route A grant arm (adaptation windows favour vulnerability; fund-level matching pending inventory) | MIDR/Sedec civil-defence transfers on declared emergency"
icare_0185,Improve Creation of An Epidemiological Intelligence Center,medium,medium,BR CXL,Caxias do Sul,4305108,RS,A+,credit_screen_pass,9,established,own_budget_or_credit_feasible,A-grant A-credit C B,1,0,Novo PAC 2025 — Prevenção a Desastres (encostas): Novo PAC 2025 encostas — Caxias Do Sul (R$1.2M),0,0,,"MDB operation via COFIEX (Union guarantee open at this CAPAG; climate precedents: Palmas, Fortaleza, Joinville) | Route A grant arm (adaptation windows favour vulnerability; fund-level matching pending inventory)"
icare_0185,Improve Creation of An Epidemiological Intelligence Center,medium,medium,BR MGE,Maranguape,2307700,CE,C,credit_screen_fail_fiscal,9,established,needs_external_cofinance,A-grant B,0,0,,0,0,,Route A grant arm (adaptation windows favour vulnerability; fund-level matching pending inventory)
icare_0185,Improve Creation of An Epidemiological Intelligence Center,medium,medium,BR RIO,Rio de Janeiro,3304557,RJ,B,credit_screen_pass,11,extensive,own_budget_or_credit_feasible,A-grant A-credit C B,1,0,Novo PAC 2025 — Prevenção a Desastres (drenagem): Novo PAC 2025 drenagem — Municipio De Rio De Janeiro (R$150.0M),0,0,,"MDB operation via COFIEX (Union guarantee open at this CAPAG; climate precedents: Palmas, Fortaleza, Joinville) | Route A grant arm (adaptation windows favour vulnerability; fund-level matching pending inventory)"
icare_0185,Improve Creation of An Epidemiological Intelligence Center,medium,medium,BR BCA,Barcarena,1501303,PA,n.d.,credit_screen_unknown,10,extensive,needs_external_cofinance,A-grant B,1,0,Novo PAC 2025 — Prevenção a Desastres (drenagem): Novo PAC 2025 drenagem — Municipio De Barcarena (R$13.4M),0,0,,Route A grant arm (adaptation windows favour vulnerability; fund-level matching pending inventory)
icare_0185,Improve Creation of An Epidemiological Intelligence Center,medium,medium,BR CMA,Cametá,1502103,PA,C,credit_screen_fail_information_quality,9,established,needs_external_cofinance,A-grant B,0,0,,0,0,,Route A grant arm (adaptation windows favour vulnerability; fund-level matching pending inventory)
icare_0185,Improve Creation of An Epidemiological Intelligence Center,medium,medium,BR PES,Petrópolis,3303906,RJ,n.d.,credit_screen_unknown,11,extensive,needs_external_cofinance,A-grant B,3,0,Novo PAC 2025 — Prevenção a Desastres (encostas): Novo PAC 2025 encostas — Petrópolis (R$11.0M); Novo PAC 2025 — Prevenção a Desastres (encostas): Novo PAC 2025 encostas — Petrópolis (R$13.8M); Novo PAC 2025 — Prevenção a Desastres (drenagem): Novo PAC 2025 drenagem — Municipio De Petropolis (R$50.0M),0,0,,Route A grant arm (adaptation windows favour vulnerability; fund-level matching pending inventory)
icare_0185,Improve Creation of An Epidemiological Intelligence Center,medium,medium,BR FOR,Fortaleza,2304400,CE,B+,credit_screen_pass,11,extensive,own_budget_or_credit_feasible,A-grant A-credit C B,2,0,"Novo PAC 2025 — Prevenção a Desastres (drenagem): Novo PAC 2025 drenagem — Municipio De Fortaleza (R$103.3M); COFIEX — BIRD: Promoção da Sustentabilidade Urbana, Ambiental e Fiscal de Fortaleza (R$194.8M)",0,0,,"MDB operation via COFIEX (Union guarantee open at this CAPAG; climate precedents: Palmas, Fortaleza, Joinville) | Route A grant arm (adaptation windows favour vulnerability; fund-level matching pending inventory)"
icare_0185,Improve Creation of An Epidemiological Intelligence Center,medium,medium,BR CME,Camaragibe,2603454,PE,A+,credit_screen_pass,8,established,own_budget_or_credit_feasible,A-grant A-credit C B,2,0,Novo PAC 2025 — Prevenção a Desastres (encostas): Novo PAC 2025 encostas — Camaragibe (R$7.4M); COFIEX — CAF: Desenvolvimento e Mobilidade Urbana de Camaragibe (R$50.0M),0,0,,"MDB operation via COFIEX (Union guarantee open at this CAPAG; climate precedents: Palmas, Fortaleza, Joinville) | Route A grant arm (adaptation windows favour vulnerability; fund-level matching pending inventory)"
icare_0186,Implement integrated coastal zone management,medium,medium,BR CXL,Caxias do Sul,4305108,RS,A+,credit_screen_pass,9,established,own_budget_or_credit_feasible,A-grant A-credit C B E,1,0,Novo PAC 2025 — Prevenção a Desastres (encostas): Novo PAC 2025 encostas — Caxias Do Sul (R$1.2M),13,217,32818739.0,"Novo PAC Prevenção a Desastres (OGU grant arm / FGTS financing; city can formulate directly) | MDB operation via COFIEX (Union guarantee open at this CAPAG; climate precedents: Palmas, Fortaleza, Joinville) | Route A grant arm (adaptation windows favour vulnerability; fund-level matching pending inventory) | MIDR/Sedec civil-defence transfers on declared emergency"
icare_0186,Implement integrated coastal zone management,medium,medium,BR MGE,Maranguape,2307700,CE,C,credit_screen_fail_fiscal,9,established,needs_external_cofinance,A-grant B E,0,0,,8,217,32818739.0,Novo PAC Prevenção a Desastres (OGU grant arm / FGTS financing; city can formulate directly) | Route A grant arm (adaptation windows favour vulnerability; fund-level matching pending inventory) | MIDR/Sedec civil-defence transfers on declared emergency
icare_0186,Implement integrated coastal zone management,medium,medium,BR RIO,Rio de Janeiro,3304557,RJ,B,credit_screen_pass,11,extensive,own_budget_or_credit_feasible,A-grant A-credit C B E,1,1,Novo PAC 2025 — Prevenção a Desastres (drenagem): Novo PAC 2025 drenagem — Municipio De Rio De Janeiro (R$150.0M),20,217,32818739.0,"Novo PAC Prevenção a Desastres (OGU grant arm / FGTS financing; city can formulate directly) | MDB operation via COFIEX (Union guarantee open at this CAPAG; climate precedents: Palmas, Fortaleza, Joinville) | Route A grant arm (adaptation windows favour vulnerability; fund-level matching pending inventory) | MIDR/Sedec civil-defence transfers on declared emergency"
icare_0186,Implement integrated coastal zone management,medium,medium,BR BCA,Barcarena,1501303,PA,n.d.,credit_screen_unknown,10,extensive,needs_external_cofinance,A-grant B E,1,1,Novo PAC 2025 — Prevenção a Desastres (drenagem): Novo PAC 2025 drenagem — Municipio De Barcarena (R$13.4M),31,217,32818739.0,Novo PAC Prevenção a Desastres (OGU grant arm / FGTS financing; city can formulate directly) | Route A grant arm (adaptation windows favour vulnerability; fund-level matching pending inventory) | MIDR/Sedec civil-defence transfers on declared emergency
icare_0186,Implement integrated coastal zone management,medium,medium,BR CMA,Cametá,1502103,PA,C,credit_screen_fail_information_quality,9,established,needs_external_cofinance,A-grant B,0,0,,31,217,32818739.0,Novo PAC Prevenção a Desastres (OGU grant arm / FGTS financing; city can formulate directly) | Route A grant arm (adaptation windows favour vulnerability; fund-level matching pending inventory)
icare_0186,Implement integrated coastal zone management,medium,medium,BR PES,Petrópolis,3303906,RJ,n.d.,credit_screen_unknown,11,extensive,needs_external_cofinance,A-grant B E,3,1,Novo PAC 2025 — Prevenção a Desastres (drenagem): Novo PAC 2025 drenagem — Municipio De Petropolis (R$50.0M),20,217,32818739.0,Novo PAC Prevenção a Desastres (OGU grant arm / FGTS financing; city can formulate directly) | Route A grant arm (adaptation windows favour vulnerability; fund-level matching pending inventory) | MIDR/Sedec civil-defence transfers on declared emergency
icare_0186,Implement integrated coastal zone management,medium,medium,BR FOR,Fortaleza,2304400,CE,B+,credit_screen_pass,11,extensive,own_budget_or_credit_feasible,A-grant A-credit C B E,2,1,Novo PAC 2025 — Prevenção a Desastres (drenagem): Novo PAC 2025 drenagem — Municipio De Fortaleza (R$103.3M),8,217,32818739.0,"Novo PAC Prevenção a Desastres (OGU grant arm / FGTS financing; city can formulate directly) | MDB operation via COFIEX (Union guarantee open at this CAPAG; climate precedents: Palmas, Fortaleza, Joinville) | Route A grant arm (adaptation windows favour vulnerability; fund-level matching pending inventory) | MIDR/Sedec civil-defence transfers on declared emergency"
icare_0186,Implement integrated coastal zone management,medium,medium,BR CME,Camaragibe,2603454,PE,A+,credit_screen_pass,8,established,own_budget_or_credit_feasible,A-grant A-credit C B E,2,0,Novo PAC 2025 — Prevenção a Desastres (encostas): Novo PAC 2025 encostas — Camaragibe (R$7.4M); COFIEX — CAF: Desenvolvimento e Mobilidade Urbana de Camaragibe (R$50.0M),9,217,32818739.0,"Novo PAC Prevenção a Desastres (OGU grant arm / FGTS financing; city can formulate directly) | MDB operation via COFIEX (Union guarantee open at this CAPAG; climate precedents: Palmas, Fortaleza, Joinville) | Route A grant arm (adaptation windows favour vulnerability; fund-level matching pending inventory) | MIDR/Sedec civil-defence transfers on declared emergency"
icare_0188,"Create an Environmental Health Surveillance Program related to Populations Exposed to Air Pollution, Noise Pollution, Water Pollution, and Soil Pollution.",medium,medium,BR CXL,Caxias do Sul,4305108,RS,A+,credit_screen_pass,9,established,own_budget_or_credit_feasible,A-grant A-credit C B E,1,0,Novo PAC 2025 — Prevenção a Desastres (encostas): Novo PAC 2025 encostas — Caxias Do Sul (R$1.2M),13,222,31714457.0,"Novo PAC Prevenção a Desastres (OGU grant arm / FGTS financing; city can formulate directly) | MDB operation via COFIEX (Union guarantee open at this CAPAG; climate precedents: Palmas, Fortaleza, Joinville) | Fundo Amazônia grant window (city mostly as enabler via state/OSC; direct municipal grants are rare: 7 of 146) | Route A grant arm (adaptation windows favour vulnerability; fund-level matching pending inventory) | MIDR/Sedec civil-defence transfers on declared emergency"
icare_0188,"Create an Environmental Health Surveillance Program related to Populations Exposed to Air Pollution, Noise Pollution, Water Pollution, and Soil Pollution.",medium,medium,BR MGE,Maranguape,2307700,CE,C,credit_screen_fail_fiscal,9,established,needs_external_cofinance,A-grant B E,0,0,,8,222,31714457.0,Novo PAC Prevenção a Desastres (OGU grant arm / FGTS financing; city can formulate directly) | Fundo Amazônia grant window (city mostly as enabler via state/OSC; direct municipal grants are rare: 7 of 146) | Route A grant arm (adaptation windows favour vulnerability; fund-level matching pending inventory) | MIDR/Sedec civil-defence transfers on declared emergency
icare_0188,"Create an Environmental Health Surveillance Program related to Populations Exposed to Air Pollution, Noise Pollution, Water Pollution, and Soil Pollution.",medium,medium,BR RIO,Rio de Janeiro,3304557,RJ,B,credit_screen_pass,11,extensive,own_budget_or_credit_feasible,A-grant A-credit C B E,1,1,Novo PAC 2025 — Prevenção a Desastres (drenagem): Novo PAC 2025 drenagem — Municipio De Rio De Janeiro (R$150.0M),20,222,31714457.0,"Novo PAC Prevenção a Desastres (OGU grant arm / FGTS financing; city can formulate directly) | MDB operation via COFIEX (Union guarantee open at this CAPAG; climate precedents: Palmas, Fortaleza, Joinville) | Fundo Amazônia grant window (city mostly as enabler via state/OSC; direct municipal grants are rare: 7 of 146) | Route A grant arm (adaptation windows favour vulnerability; fund-level matching pending inventory) | MIDR/Sedec civil-defence transfers on declared emergency"
icare_0188,"Create an Environmental Health Surveillance Program related to Populations Exposed to Air Pollution, Noise Pollution, Water Pollution, and Soil Pollution.",medium,medium,BR BCA,Barcarena,1501303,PA,n.d.,credit_screen_unknown,10,extensive,needs_external_cofinance,A-grant B E,1,1,Novo PAC 2025 — Prevenção a Desastres (drenagem): Novo PAC 2025 drenagem — Municipio De Barcarena (R$13.4M),33,222,31714457.0,Novo PAC Prevenção a Desastres (OGU grant arm / FGTS financing; city can formulate directly) | Fundo Amazônia grant window (city mostly as enabler via state/OSC; direct municipal grants are rare: 7 of 146) | Route A grant arm (adaptation windows favour vulnerability; fund-level matching pending inventory) | MIDR/Sedec civil-defence transfers on declared emergency
icare_0188,"Create an Environmental Health Surveillance Program related to Populations Exposed to Air Pollution, Noise Pollution, Water Pollution, and Soil Pollution.",medium,medium,BR CMA,Cametá,1502103,PA,C,credit_screen_fail_information_quality,9,established,needs_external_cofinance,A-grant B,0,0,,33,222,31714457.0,Novo PAC Prevenção a Desastres (OGU grant arm / FGTS financing; city can formulate directly) | Fundo Amazônia grant window (city mostly as enabler via state/OSC; direct municipal grants are rare: 7 of 146) | Route A grant arm (adaptation windows favour vulnerability; fund-level matching pending inventory)
icare_0188,"Create an Environmental Health Surveillance Program related to Populations Exposed to Air Pollution, Noise Pollution, Water Pollution, and Soil Pollution.",medium,medium,BR PES,Petrópolis,3303906,RJ,n.d.,credit_screen_unknown,11,extensive,needs_external_cofinance,A-grant B E,3,1,Novo PAC 2025 — Prevenção a Desastres (drenagem): Novo PAC 2025 drenagem — Municipio De Petropolis (R$50.0M),20,222,31714457.0,Novo PAC Prevenção a Desastres (OGU grant arm / FGTS financing; city can formulate directly) | Fundo Amazônia grant window (city mostly as enabler via state/OSC; direct municipal grants are rare: 7 of 146) | Route A grant arm (adaptation windows favour vulnerability; fund-level matching pending inventory) | MIDR/Sedec civil-defence transfers on declared emergency
icare_0188,"Create an Environmental Health Surveillance Program related to Populations Exposed to Air Pollution, Noise Pollution, Water Pollution, and Soil Pollution.",medium,medium,BR FOR,Fortaleza,2304400,CE,B+,credit_screen_pass,11,extensive,own_budget_or_credit_feasible,A-grant A-credit C B E,2,1,Novo PAC 2025 — Prevenção a Desastres (drenagem): Novo PAC 2025 drenagem — Municipio De Fortaleza (R$103.3M),8,222,31714457.0,"Novo PAC Prevenção a Desastres (OGU grant arm / FGTS financing; city can formulate directly) | MDB operation via COFIEX (Union guarantee open at this CAPAG; climate precedents: Palmas, Fortaleza, Joinville) | Fundo Amazônia grant window (city mostly as enabler via state/OSC; direct municipal grants are rare: 7 of 146) | Route A grant arm (adaptation windows favour vulnerability; fund-level matching pending inventory) | MIDR/Sedec civil-defence transfers on declared emergency"
icare_0188,"Create an Environmental Health Surveillance Program related to Populations Exposed to Air Pollution, Noise Pollution, Water Pollution, and Soil Pollution.",medium,medium,BR CME,Camaragibe,2603454,PE,A+,credit_screen_pass,8,established,own_budget_or_credit_feasible,A-grant A-credit C B E,2,0,Novo PAC 2025 — Prevenção a Desastres (encostas): Novo PAC 2025 encostas — Camaragibe (R$7.4M); COFIEX — CAF: Desenvolvimento e Mobilidade Urbana de Camaragibe (R$50.0M),9,222,31714457.0,"Novo PAC Prevenção a Desastres (OGU grant arm / FGTS financing; city can formulate directly) | MDB operation via COFIEX (Union guarantee open at this CAPAG; climate precedents: Palmas, Fortaleza, Joinville) | Fundo Amazônia grant window (city mostly as enabler via state/OSC; direct municipal grants are rare: 7 of 146) | Route A grant arm (adaptation windows favour vulnerability; fund-level matching pending inventory) | MIDR/Sedec civil-defence transfers on declared emergency"
ipcc_0078,Implement green roofs and walls,high,high,BR CXL,Caxias do Sul,4305108,RS,A+,credit_screen_pass,9,established,own_budget_or_credit_feasible,A-grant A-credit C B E,1,0,Novo PAC 2025 — Prevenção a Desastres (encostas): Novo PAC 2025 encostas — Caxias Do Sul (R$1.2M),0,72,16925456.0,"MDB operation via COFIEX (Union guarantee open at this CAPAG; climate precedents: Palmas, Fortaleza, Joinville) | Fundo Amazônia grant window (city mostly as enabler via state/OSC; direct municipal grants are rare: 7 of 146) | Route A grant arm (adaptation windows favour vulnerability; fund-level matching pending inventory) | MIDR/Sedec civil-defence transfers on declared emergency"
ipcc_0078,Implement green roofs and walls,high,high,BR MGE,Maranguape,2307700,CE,C,credit_screen_fail_fiscal,9,established,needs_external_cofinance,A-grant B E,0,0,,0,72,16925456.0,Fundo Amazônia grant window (city mostly as enabler via state/OSC; direct municipal grants are rare: 7 of 146) | Route A grant arm (adaptation windows favour vulnerability; fund-level matching pending inventory) | MIDR/Sedec civil-defence transfers on declared emergency
ipcc_0078,Implement green roofs and walls,high,high,BR RIO,Rio de Janeiro,3304557,RJ,B,credit_screen_pass,11,extensive,own_budget_or_credit_feasible,A-grant A-credit C B E,1,0,Novo PAC 2025 — Prevenção a Desastres (drenagem): Novo PAC 2025 drenagem — Municipio De Rio De Janeiro (R$150.0M),0,72,16925456.0,"MDB operation via COFIEX (Union guarantee open at this CAPAG; climate precedents: Palmas, Fortaleza, Joinville) | Fundo Amazônia grant window (city mostly as enabler via state/OSC; direct municipal grants are rare: 7 of 146) | Route A grant arm (adaptation windows favour vulnerability; fund-level matching pending inventory) | MIDR/Sedec civil-defence transfers on declared emergency"
ipcc_0078,Implement green roofs and walls,high,high,BR BCA,Barcarena,1501303,PA,n.d.,credit_screen_unknown,10,extensive,needs_external_cofinance,A-grant B E,1,0,Novo PAC 2025 — Prevenção a Desastres (drenagem): Novo PAC 2025 drenagem — Municipio De Barcarena (R$13.4M),35,72,16925456.0,Fundo Amazônia grant window (city mostly as enabler via state/OSC; direct municipal grants are rare: 7 of 146) | Route A grant arm (adaptation windows favour vulnerability; fund-level matching pending inventory) | MIDR/Sedec civil-defence transfers on declared emergency
ipcc_0078,Implement green roofs and walls,high,high,BR CMA,Cametá,1502103,PA,C,credit_screen_fail_information_quality,9,established,needs_external_cofinance,A-grant B,0,0,,35,72,16925456.0,Fundo Amazônia grant window (city mostly as enabler via state/OSC; direct municipal grants are rare: 7 of 146) | Route A grant arm (adaptation windows favour vulnerability; fund-level matching pending inventory)
ipcc_0078,Implement green roofs and walls,high,high,BR PES,Petrópolis,3303906,RJ,n.d.,credit_screen_unknown,11,extensive,needs_external_cofinance,A-grant B E,3,0,Novo PAC 2025 — Prevenção a Desastres (encostas): Novo PAC 2025 encostas — Petrópolis (R$11.0M); Novo PAC 2025 — Prevenção a Desastres (encostas): Novo PAC 2025 encostas — Petrópolis (R$13.8M); Novo PAC 2025 — Prevenção a Desastres (drenagem): Novo PAC 2025 drenagem — Municipio De Petropolis (R$50.0M),0,72,16925456.0,Fundo Amazônia grant window (city mostly as enabler via state/OSC; direct municipal grants are rare: 7 of 146) | Route A grant arm (adaptation windows favour vulnerability; fund-level matching pending inventory) | MIDR/Sedec civil-defence transfers on declared emergency
ipcc_0078,Implement green roofs and walls,high,high,BR FOR,Fortaleza,2304400,CE,B+,credit_screen_pass,11,extensive,own_budget_or_credit_feasible,A-grant A-credit C B E,2,0,"Novo PAC 2025 — Prevenção a Desastres (drenagem): Novo PAC 2025 drenagem — Municipio De Fortaleza (R$103.3M); COFIEX — BIRD: Promoção da Sustentabilidade Urbana, Ambiental e Fiscal de Fortaleza (R$194.8M)",0,72,16925456.0,"MDB operation via COFIEX (Union guarantee open at this CAPAG; climate precedents: Palmas, Fortaleza, Joinville) | Fundo Amazônia grant window (city mostly as enabler via state/OSC; direct municipal grants are rare: 7 of 146) | Route A grant arm (adaptation windows favour vulnerability; fund-level matching pending inventory) | MIDR/Sedec civil-defence transfers on declared emergency"
ipcc_0078,Implement green roofs and walls,high,high,BR CME,Camaragibe,2603454,PE,A+,credit_screen_pass,8,established,own_budget_or_credit_feasible,A-grant A-credit C B E,2,0,Novo PAC 2025 — Prevenção a Desastres (encostas): Novo PAC 2025 encostas — Camaragibe (R$7.4M); COFIEX — CAF: Desenvolvimento e Mobilidade Urbana de Camaragibe (R$50.0M),0,72,16925456.0,"MDB operation via COFIEX (Union guarantee open at this CAPAG; climate precedents: Palmas, Fortaleza, Joinville) | Fundo Amazônia grant window (city mostly as enabler via state/OSC; direct municipal grants are rare: 7 of 146) | Route A grant arm (adaptation windows favour vulnerability; fund-level matching pending inventory) | MIDR/Sedec civil-defence transfers on declared emergency"
ipcc_0083,Plan strategic coastal retreat for vulnerable communities,high,medium,BR CXL,Caxias do Sul,4305108,RS,A+,credit_screen_pass,9,established,own_budget_or_credit_feasible,A-grant A-credit C B E,1,1,Novo PAC 2025 — Prevenção a Desastres (encostas): Novo PAC 2025 encostas — Caxias Do Sul (R$1.2M),19,320,22859423.0,"Novo PAC Prevenção a Desastres (OGU grant arm / FGTS financing; city can formulate directly) | MDB operation via COFIEX (Union guarantee open at this CAPAG; climate precedents: Palmas, Fortaleza, Joinville) | Route A grant arm (adaptation windows favour vulnerability; fund-level matching pending inventory) | MIDR/Sedec civil-defence transfers on declared emergency"
ipcc_0083,Plan strategic coastal retreat for vulnerable communities,high,medium,BR MGE,Maranguape,2307700,CE,C,credit_screen_fail_fiscal,9,established,needs_external_cofinance,A-grant B E,0,0,,11,320,22859423.0,Novo PAC Prevenção a Desastres (OGU grant arm / FGTS financing; city can formulate directly) | Route A grant arm (adaptation windows favour vulnerability; fund-level matching pending inventory) | MIDR/Sedec civil-defence transfers on declared emergency
ipcc_0083,Plan strategic coastal retreat for vulnerable communities,high,medium,BR RIO,Rio de Janeiro,3304557,RJ,B,credit_screen_pass,11,extensive,own_budget_or_credit_feasible,A-grant A-credit C B E,1,1,Novo PAC 2025 — Prevenção a Desastres (drenagem): Novo PAC 2025 drenagem — Municipio De Rio De Janeiro (R$150.0M),30,320,22859423.0,"Novo PAC Prevenção a Desastres (OGU grant arm / FGTS financing; city can formulate directly) | MDB operation via COFIEX (Union guarantee open at this CAPAG; climate precedents: Palmas, Fortaleza, Joinville) | Route A grant arm (adaptation windows favour vulnerability; fund-level matching pending inventory) | MIDR/Sedec civil-defence transfers on declared emergency"
ipcc_0083,Plan strategic coastal retreat for vulnerable communities,high,medium,BR BCA,Barcarena,1501303,PA,n.d.,credit_screen_unknown,10,extensive,needs_external_cofinance,A-grant B E,1,1,Novo PAC 2025 — Prevenção a Desastres (drenagem): Novo PAC 2025 drenagem — Municipio De Barcarena (R$13.4M),33,320,22859423.0,Novo PAC Prevenção a Desastres (OGU grant arm / FGTS financing; city can formulate directly) | Route A grant arm (adaptation windows favour vulnerability; fund-level matching pending inventory) | MIDR/Sedec civil-defence transfers on declared emergency
ipcc_0083,Plan strategic coastal retreat for vulnerable communities,high,medium,BR CMA,Cametá,1502103,PA,C,credit_screen_fail_information_quality,9,established,needs_external_cofinance,A-grant B,0,0,,33,320,22859423.0,Novo PAC Prevenção a Desastres (OGU grant arm / FGTS financing; city can formulate directly) | Route A grant arm (adaptation windows favour vulnerability; fund-level matching pending inventory)
ipcc_0083,Plan strategic coastal retreat for vulnerable communities,high,medium,BR PES,Petrópolis,3303906,RJ,n.d.,credit_screen_unknown,11,extensive,needs_external_cofinance,A-grant B E,3,3,Novo PAC 2025 — Prevenção a Desastres (encostas): Novo PAC 2025 encostas — Petrópolis (R$11.0M); Novo PAC 2025 — Prevenção a Desastres (encostas): Novo PAC 2025 encostas — Petrópolis (R$13.8M); Novo PAC 2025 — Prevenção a Desastres (drenagem): Novo PAC 2025 drenagem — Municipio De Petropolis (R$50.0M),30,320,22859423.0,Novo PAC Prevenção a Desastres (OGU grant arm / FGTS financing; city can formulate directly) | Route A grant arm (adaptation windows favour vulnerability; fund-level matching pending inventory) | MIDR/Sedec civil-defence transfers on declared emergency
ipcc_0083,Plan strategic coastal retreat for vulnerable communities,high,medium,BR FOR,Fortaleza,2304400,CE,B+,credit_screen_pass,11,extensive,own_budget_or_credit_feasible,A-grant A-credit C B E,2,1,Novo PAC 2025 — Prevenção a Desastres (drenagem): Novo PAC 2025 drenagem — Municipio De Fortaleza (R$103.3M),11,320,22859423.0,"Novo PAC Prevenção a Desastres (OGU grant arm / FGTS financing; city can formulate directly) | MDB operation via COFIEX (Union guarantee open at this CAPAG; climate precedents: Palmas, Fortaleza, Joinville) | Route A grant arm (adaptation windows favour vulnerability; fund-level matching pending inventory) | MIDR/Sedec civil-defence transfers on declared emergency"
ipcc_0083,Plan strategic coastal retreat for vulnerable communities,high,medium,BR CME,Camaragibe,2603454,PE,A+,credit_screen_pass,8,established,own_budget_or_credit_feasible,A-grant A-credit C B E,2,1,Novo PAC 2025 — Prevenção a Desastres (encostas): Novo PAC 2025 encostas — Camaragibe (R$7.4M),17,320,22859423.0,"Novo PAC Prevenção a Desastres (OGU grant arm / FGTS financing; city can formulate directly) | MDB operation via COFIEX (Union guarantee open at this CAPAG; climate precedents: Palmas, Fortaleza, Joinville) | Route A grant arm (adaptation windows favour vulnerability; fund-level matching pending inventory) | MIDR/Sedec civil-defence transfers on declared emergency"
ipcc_0084,Restore/create natural areas,medium,high,BR CXL,Caxias do Sul,4305108,RS,A+,credit_screen_pass,9,established,own_budget_or_credit_feasible,A-grant A-credit C B E,1,0,Novo PAC 2025 — Prevenção a Desastres (encostas): Novo PAC 2025 encostas — Caxias Do Sul (R$1.2M),13,289,29679584.0,"Novo PAC Prevenção a Desastres (OGU grant arm / FGTS financing; city can formulate directly) | MDB operation via COFIEX (Union guarantee open at this CAPAG; climate precedents: Palmas, Fortaleza, Joinville) | Fundo Amazônia grant window (city mostly as enabler via state/OSC; direct municipal grants are rare: 7 of 146) | Route A grant arm (adaptation windows favour vulnerability; fund-level matching pending inventory) | MIDR/Sedec civil-defence transfers on declared emergency"
ipcc_0084,Restore/create natural areas,medium,high,BR MGE,Maranguape,2307700,CE,C,credit_screen_fail_fiscal,9,established,needs_external_cofinance,A-grant B E,0,0,,8,289,29679584.0,Novo PAC Prevenção a Desastres (OGU grant arm / FGTS financing; city can formulate directly) | Fundo Amazônia grant window (city mostly as enabler via state/OSC; direct municipal grants are rare: 7 of 146) | Route A grant arm (adaptation windows favour vulnerability; fund-level matching pending inventory) | MIDR/Sedec civil-defence transfers on declared emergency
ipcc_0084,Restore/create natural areas,medium,high,BR RIO,Rio de Janeiro,3304557,RJ,B,credit_screen_pass,11,extensive,own_budget_or_credit_feasible,A-grant A-credit C B E,1,1,Novo PAC 2025 — Prevenção a Desastres (drenagem): Novo PAC 2025 drenagem — Municipio De Rio De Janeiro (R$150.0M),20,289,29679584.0,"Novo PAC Prevenção a Desastres (OGU grant arm / FGTS financing; city can formulate directly) | MDB operation via COFIEX (Union guarantee open at this CAPAG; climate precedents: Palmas, Fortaleza, Joinville) | Fundo Amazônia grant window (city mostly as enabler via state/OSC; direct municipal grants are rare: 7 of 146) | Route A grant arm (adaptation windows favour vulnerability; fund-level matching pending inventory) | MIDR/Sedec civil-defence transfers on declared emergency"
ipcc_0084,Restore/create natural areas,medium,high,BR BCA,Barcarena,1501303,PA,n.d.,credit_screen_unknown,10,extensive,needs_external_cofinance,A-grant B E,1,1,Novo PAC 2025 — Prevenção a Desastres (drenagem): Novo PAC 2025 drenagem — Municipio De Barcarena (R$13.4M),66,289,29679584.0,Novo PAC Prevenção a Desastres (OGU grant arm / FGTS financing; city can formulate directly) | Fundo Amazônia grant window (city mostly as enabler via state/OSC; direct municipal grants are rare: 7 of 146) | Route A grant arm (adaptation windows favour vulnerability; fund-level matching pending inventory) | MIDR/Sedec civil-defence transfers on declared emergency
ipcc_0084,Restore/create natural areas,medium,high,BR CMA,Cametá,1502103,PA,C,credit_screen_fail_information_quality,9,established,needs_external_cofinance,A-grant B,0,0,,66,289,29679584.0,Novo PAC Prevenção a Desastres (OGU grant arm / FGTS financing; city can formulate directly) | Fundo Amazônia grant window (city mostly as enabler via state/OSC; direct municipal grants are rare: 7 of 146) | Route A grant arm (adaptation windows favour vulnerability; fund-level matching pending inventory)
ipcc_0084,Restore/create natural areas,medium,high,BR PES,Petrópolis,3303906,RJ,n.d.,credit_screen_unknown,11,extensive,needs_external_cofinance,A-grant B E,3,1,Novo PAC 2025 — Prevenção a Desastres (drenagem): Novo PAC 2025 drenagem — Municipio De Petropolis (R$50.0M),20,289,29679584.0,Novo PAC Prevenção a Desastres (OGU grant arm / FGTS financing; city can formulate directly) | Fundo Amazônia grant window (city mostly as enabler via state/OSC; direct municipal grants are rare: 7 of 146) | Route A grant arm (adaptation windows favour vulnerability; fund-level matching pending inventory) | MIDR/Sedec civil-defence transfers on declared emergency
ipcc_0084,Restore/create natural areas,medium,high,BR FOR,Fortaleza,2304400,CE,B+,credit_screen_pass,11,extensive,own_budget_or_credit_feasible,A-grant A-credit C B E,2,1,Novo PAC 2025 — Prevenção a Desastres (drenagem): Novo PAC 2025 drenagem — Municipio De Fortaleza (R$103.3M),8,289,29679584.0,"Novo PAC Prevenção a Desastres (OGU grant arm / FGTS financing; city can formulate directly) | MDB operation via COFIEX (Union guarantee open at this CAPAG; climate precedents: Palmas, Fortaleza, Joinville) | Fundo Amazônia grant window (city mostly as enabler via state/OSC; direct municipal grants are rare: 7 of 146) | Route A grant arm (adaptation windows favour vulnerability; fund-level matching pending inventory) | MIDR/Sedec civil-defence transfers on declared emergency"
ipcc_0084,Restore/create natural areas,medium,high,BR CME,Camaragibe,2603454,PE,A+,credit_screen_pass,8,established,own_budget_or_credit_feasible,A-grant A-credit C B E,2,0,Novo PAC 2025 — Prevenção a Desastres (encostas): Novo PAC 2025 encostas — Camaragibe (R$7.4M); COFIEX — CAF: Desenvolvimento e Mobilidade Urbana de Camaragibe (R$50.0M),9,289,29679584.0,"Novo PAC Prevenção a Desastres (OGU grant arm / FGTS financing; city can formulate directly) | MDB operation via COFIEX (Union guarantee open at this CAPAG; climate precedents: Palmas, Fortaleza, Joinville) | Fundo Amazônia grant window (city mostly as enabler via state/OSC; direct municipal grants are rare: 7 of 146) | Route A grant arm (adaptation windows favour vulnerability; fund-level matching pending inventory) | MIDR/Sedec civil-defence transfers on declared emergency"
ipcc_0085,Reduce pressures on ecosystems to build resilience,medium,high,BR CXL,Caxias do Sul,4305108,RS,A+,credit_screen_pass,9,established,own_budget_or_credit_feasible,A-grant A-credit C B E,1,0,Novo PAC 2025 — Prevenção a Desastres (encostas): Novo PAC 2025 encostas — Caxias Do Sul (R$1.2M),13,298,29839792.0,"Novo PAC Prevenção a Desastres (OGU grant arm / FGTS financing; city can formulate directly) | MDB operation via COFIEX (Union guarantee open at this CAPAG; climate precedents: Palmas, Fortaleza, Joinville) | Fundo Amazônia grant window (city mostly as enabler via state/OSC; direct municipal grants are rare: 7 of 146) | Route A grant arm (adaptation windows favour vulnerability; fund-level matching pending inventory) | MIDR/Sedec civil-defence transfers on declared emergency"
ipcc_0085,Reduce pressures on ecosystems to build resilience,medium,high,BR MGE,Maranguape,2307700,CE,C,credit_screen_fail_fiscal,9,established,needs_external_cofinance,A-grant B E,0,0,,8,298,29839792.0,Novo PAC Prevenção a Desastres (OGU grant arm / FGTS financing; city can formulate directly) | Fundo Amazônia grant window (city mostly as enabler via state/OSC; direct municipal grants are rare: 7 of 146) | Route A grant arm (adaptation windows favour vulnerability; fund-level matching pending inventory) | MIDR/Sedec civil-defence transfers on declared emergency
ipcc_0085,Reduce pressures on ecosystems to build resilience,medium,high,BR RIO,Rio de Janeiro,3304557,RJ,B,credit_screen_pass,11,extensive,own_budget_or_credit_feasible,A-grant A-credit C B E,1,1,Novo PAC 2025 — Prevenção a Desastres (drenagem): Novo PAC 2025 drenagem — Municipio De Rio De Janeiro (R$150.0M),20,298,29839792.0,"Novo PAC Prevenção a Desastres (OGU grant arm / FGTS financing; city can formulate directly) | MDB operation via COFIEX (Union guarantee open at this CAPAG; climate precedents: Palmas, Fortaleza, Joinville) | Fundo Amazônia grant window (city mostly as enabler via state/OSC; direct municipal grants are rare: 7 of 146) | Route A grant arm (adaptation windows favour vulnerability; fund-level matching pending inventory) | MIDR/Sedec civil-defence transfers on declared emergency"
ipcc_0085,Reduce pressures on ecosystems to build resilience,medium,high,BR BCA,Barcarena,1501303,PA,n.d.,credit_screen_unknown,10,extensive,needs_external_cofinance,A-grant B E,1,1,Novo PAC 2025 — Prevenção a Desastres (drenagem): Novo PAC 2025 drenagem — Municipio De Barcarena (R$13.4M),70,298,29839792.0,Novo PAC Prevenção a Desastres (OGU grant arm / FGTS financing; city can formulate directly) | Fundo Amazônia grant window (city mostly as enabler via state/OSC; direct municipal grants are rare: 7 of 146) | Route A grant arm (adaptation windows favour vulnerability; fund-level matching pending inventory) | MIDR/Sedec civil-defence transfers on declared emergency
ipcc_0085,Reduce pressures on ecosystems to build resilience,medium,high,BR CMA,Cametá,1502103,PA,C,credit_screen_fail_information_quality,9,established,needs_external_cofinance,A-grant B,0,0,,70,298,29839792.0,Novo PAC Prevenção a Desastres (OGU grant arm / FGTS financing; city can formulate directly) | Fundo Amazônia grant window (city mostly as enabler via state/OSC; direct municipal grants are rare: 7 of 146) | Route A grant arm (adaptation windows favour vulnerability; fund-level matching pending inventory)
ipcc_0085,Reduce pressures on ecosystems to build resilience,medium,high,BR PES,Petrópolis,3303906,RJ,n.d.,credit_screen_unknown,11,extensive,needs_external_cofinance,A-grant B E,3,1,Novo PAC 2025 — Prevenção a Desastres (drenagem): Novo PAC 2025 drenagem — Municipio De Petropolis (R$50.0M),20,298,29839792.0,Novo PAC Prevenção a Desastres (OGU grant arm / FGTS financing; city can formulate directly) | Fundo Amazônia grant window (city mostly as enabler via state/OSC; direct municipal grants are rare: 7 of 146) | Route A grant arm (adaptation windows favour vulnerability; fund-level matching pending inventory) | MIDR/Sedec civil-defence transfers on declared emergency
ipcc_0085,Reduce pressures on ecosystems to build resilience,medium,high,BR FOR,Fortaleza,2304400,CE,B+,credit_screen_pass,11,extensive,own_budget_or_credit_feasible,A-grant A-credit C B E,2,1,Novo PAC 2025 — Prevenção a Desastres (drenagem): Novo PAC 2025 drenagem — Municipio De Fortaleza (R$103.3M),8,298,29839792.0,"Novo PAC Prevenção a Desastres (OGU grant arm / FGTS financing; city can formulate directly) | MDB operation via COFIEX (Union guarantee open at this CAPAG; climate precedents: Palmas, Fortaleza, Joinville) | Fundo Amazônia grant window (city mostly as enabler via state/OSC; direct municipal grants are rare: 7 of 146) | Route A grant arm (adaptation windows favour vulnerability; fund-level matching pending inventory) | MIDR/Sedec civil-defence transfers on declared emergency"
ipcc_0085,Reduce pressures on ecosystems to build resilience,medium,high,BR CME,Camaragibe,2603454,PE,A+,credit_screen_pass,8,established,own_budget_or_credit_feasible,A-grant A-credit C B E,2,0,Novo PAC 2025 — Prevenção a Desastres (encostas): Novo PAC 2025 encostas — Camaragibe (R$7.4M); COFIEX — CAF: Desenvolvimento e Mobilidade Urbana de Camaragibe (R$50.0M),9,298,29839792.0,"Novo PAC Prevenção a Desastres (OGU grant arm / FGTS financing; city can formulate directly) | MDB operation via COFIEX (Union guarantee open at this CAPAG; climate precedents: Palmas, Fortaleza, Joinville) | Fundo Amazônia grant window (city mostly as enabler via state/OSC; direct municipal grants are rare: 7 of 146) | Route A grant arm (adaptation windows favour vulnerability; fund-level matching pending inventory) | MIDR/Sedec civil-defence transfers on declared emergency"
ipcc_0086,Implement ecosystem‑based adaptation measures,medium,high,BR CXL,Caxias do Sul,4305108,RS,A+,credit_screen_pass,9,established,own_budget_or_credit_feasible,A-grant A-credit C B E,1,0,Novo PAC 2025 — Prevenção a Desastres (encostas): Novo PAC 2025 encostas — Caxias Do Sul (R$1.2M),13,289,29679584.0,"Novo PAC Prevenção a Desastres (OGU grant arm / FGTS financing; city can formulate directly) | MDB operation via COFIEX (Union guarantee open at this CAPAG; climate precedents: Palmas, Fortaleza, Joinville) | Fundo Amazônia grant window (city mostly as enabler via state/OSC; direct municipal grants are rare: 7 of 146) | Route A grant arm (adaptation windows favour vulnerability; fund-level matching pending inventory) | MIDR/Sedec civil-defence transfers on declared emergency"
ipcc_0086,Implement ecosystem‑based adaptation measures,medium,high,BR MGE,Maranguape,2307700,CE,C,credit_screen_fail_fiscal,9,established,needs_external_cofinance,A-grant B E,0,0,,8,289,29679584.0,Novo PAC Prevenção a Desastres (OGU grant arm / FGTS financing; city can formulate directly) | Fundo Amazônia grant window (city mostly as enabler via state/OSC; direct municipal grants are rare: 7 of 146) | Route A grant arm (adaptation windows favour vulnerability; fund-level matching pending inventory) | MIDR/Sedec civil-defence transfers on declared emergency
ipcc_0086,Implement ecosystem‑based adaptation measures,medium,high,BR RIO,Rio de Janeiro,3304557,RJ,B,credit_screen_pass,11,extensive,own_budget_or_credit_feasible,A-grant A-credit C B E,1,1,Novo PAC 2025 — Prevenção a Desastres (drenagem): Novo PAC 2025 drenagem — Municipio De Rio De Janeiro (R$150.0M),20,289,29679584.0,"Novo PAC Prevenção a Desastres (OGU grant arm / FGTS financing; city can formulate directly) | MDB operation via COFIEX (Union guarantee open at this CAPAG; climate precedents: Palmas, Fortaleza, Joinville) | Fundo Amazônia grant window (city mostly as enabler via state/OSC; direct municipal grants are rare: 7 of 146) | Route A grant arm (adaptation windows favour vulnerability; fund-level matching pending inventory) | MIDR/Sedec civil-defence transfers on declared emergency"
ipcc_0086,Implement ecosystem‑based adaptation measures,medium,high,BR BCA,Barcarena,1501303,PA,n.d.,credit_screen_unknown,10,extensive,needs_external_cofinance,A-grant B E,1,1,Novo PAC 2025 — Prevenção a Desastres (drenagem): Novo PAC 2025 drenagem — Municipio De Barcarena (R$13.4M),66,289,29679584.0,Novo PAC Prevenção a Desastres (OGU grant arm / FGTS financing; city can formulate directly) | Fundo Amazônia grant window (city mostly as enabler via state/OSC; direct municipal grants are rare: 7 of 146) | Route A grant arm (adaptation windows favour vulnerability; fund-level matching pending inventory) | MIDR/Sedec civil-defence transfers on declared emergency
ipcc_0086,Implement ecosystem‑based adaptation measures,medium,high,BR CMA,Cametá,1502103,PA,C,credit_screen_fail_information_quality,9,established,needs_external_cofinance,A-grant B,0,0,,66,289,29679584.0,Novo PAC Prevenção a Desastres (OGU grant arm / FGTS financing; city can formulate directly) | Fundo Amazônia grant window (city mostly as enabler via state/OSC; direct municipal grants are rare: 7 of 146) | Route A grant arm (adaptation windows favour vulnerability; fund-level matching pending inventory)
ipcc_0086,Implement ecosystem‑based adaptation measures,medium,high,BR PES,Petrópolis,3303906,RJ,n.d.,credit_screen_unknown,11,extensive,needs_external_cofinance,A-grant B E,3,1,Novo PAC 2025 — Prevenção a Desastres (drenagem): Novo PAC 2025 drenagem — Municipio De Petropolis (R$50.0M),20,289,29679584.0,Novo PAC Prevenção a Desastres (OGU grant arm / FGTS financing; city can formulate directly) | Fundo Amazônia grant window (city mostly as enabler via state/OSC; direct municipal grants are rare: 7 of 146) | Route A grant arm (adaptation windows favour vulnerability; fund-level matching pending inventory) | MIDR/Sedec civil-defence transfers on declared emergency
ipcc_0086,Implement ecosystem‑based adaptation measures,medium,high,BR FOR,Fortaleza,2304400,CE,B+,credit_screen_pass,11,extensive,own_budget_or_credit_feasible,A-grant A-credit C B E,2,1,Novo PAC 2025 — Prevenção a Desastres (drenagem): Novo PAC 2025 drenagem — Municipio De Fortaleza (R$103.3M),8,289,29679584.0,"Novo PAC Prevenção a Desastres (OGU grant arm / FGTS financing; city can formulate directly) | MDB operation via COFIEX (Union guarantee open at this CAPAG; climate precedents: Palmas, Fortaleza, Joinville) | Fundo Amazônia grant window (city mostly as enabler via state/OSC; direct municipal grants are rare: 7 of 146) | Route A grant arm (adaptation windows favour vulnerability; fund-level matching pending inventory) | MIDR/Sedec civil-defence transfers on declared emergency"
ipcc_0086,Implement ecosystem‑based adaptation measures,medium,high,BR CME,Camaragibe,2603454,PE,A+,credit_screen_pass,8,established,own_budget_or_credit_feasible,A-grant A-credit C B E,2,0,Novo PAC 2025 — Prevenção a Desastres (encostas): Novo PAC 2025 encostas — Camaragibe (R$7.4M); COFIEX — CAF: Desenvolvimento e Mobilidade Urbana de Camaragibe (R$50.0M),9,289,29679584.0,"Novo PAC Prevenção a Desastres (OGU grant arm / FGTS financing; city can formulate directly) | MDB operation via COFIEX (Union guarantee open at this CAPAG; climate precedents: Palmas, Fortaleza, Joinville) | Fundo Amazônia grant window (city mostly as enabler via state/OSC; direct municipal grants are rare: 7 of 146) | Route A grant arm (adaptation windows favour vulnerability; fund-level matching pending inventory) | MIDR/Sedec civil-defence transfers on declared emergency"
ipcc_0087,Improve Infrastructure retrofitting,high,high,BR CXL,Caxias do Sul,4305108,RS,A+,credit_screen_pass,9,established,own_budget_or_credit_feasible,A-grant A-credit C B E,1,0,Novo PAC 2025 — Prevenção a Desastres (encostas): Novo PAC 2025 encostas — Caxias Do Sul (R$1.2M),13,222,31714457.0,"Novo PAC Prevenção a Desastres (OGU grant arm / FGTS financing; city can formulate directly) | MDB operation via COFIEX (Union guarantee open at this CAPAG; climate precedents: Palmas, Fortaleza, Joinville) | Fundo Amazônia grant window (city mostly as enabler via state/OSC; direct municipal grants are rare: 7 of 146) | Route A grant arm (adaptation windows favour vulnerability; fund-level matching pending inventory) | MIDR/Sedec civil-defence transfers on declared emergency"
ipcc_0087,Improve Infrastructure retrofitting,high,high,BR MGE,Maranguape,2307700,CE,C,credit_screen_fail_fiscal,9,established,needs_external_cofinance,A-grant B E,0,0,,8,222,31714457.0,Novo PAC Prevenção a Desastres (OGU grant arm / FGTS financing; city can formulate directly) | Fundo Amazônia grant window (city mostly as enabler via state/OSC; direct municipal grants are rare: 7 of 146) | Route A grant arm (adaptation windows favour vulnerability; fund-level matching pending inventory) | MIDR/Sedec civil-defence transfers on declared emergency
ipcc_0087,Improve Infrastructure retrofitting,high,high,BR RIO,Rio de Janeiro,3304557,RJ,B,credit_screen_pass,11,extensive,own_budget_or_credit_feasible,A-grant A-credit C B E,1,1,Novo PAC 2025 — Prevenção a Desastres (drenagem): Novo PAC 2025 drenagem — Municipio De Rio De Janeiro (R$150.0M),20,222,31714457.0,"Novo PAC Prevenção a Desastres (OGU grant arm / FGTS financing; city can formulate directly) | MDB operation via COFIEX (Union guarantee open at this CAPAG; climate precedents: Palmas, Fortaleza, Joinville) | Fundo Amazônia grant window (city mostly as enabler via state/OSC; direct municipal grants are rare: 7 of 146) | Route A grant arm (adaptation windows favour vulnerability; fund-level matching pending inventory) | MIDR/Sedec civil-defence transfers on declared emergency"
ipcc_0087,Improve Infrastructure retrofitting,high,high,BR BCA,Barcarena,1501303,PA,n.d.,credit_screen_unknown,10,extensive,needs_external_cofinance,A-grant B E,1,1,Novo PAC 2025 — Prevenção a Desastres (drenagem): Novo PAC 2025 drenagem — Municipio De Barcarena (R$13.4M),33,222,31714457.0,Novo PAC Prevenção a Desastres (OGU grant arm / FGTS financing; city can formulate directly) | Fundo Amazônia grant window (city mostly as enabler via state/OSC; direct municipal grants are rare: 7 of 146) | Route A grant arm (adaptation windows favour vulnerability; fund-level matching pending inventory) | MIDR/Sedec civil-defence transfers on declared emergency
ipcc_0087,Improve Infrastructure retrofitting,high,high,BR CMA,Cametá,1502103,PA,C,credit_screen_fail_information_quality,9,established,needs_external_cofinance,A-grant B,0,0,,33,222,31714457.0,Novo PAC Prevenção a Desastres (OGU grant arm / FGTS financing; city can formulate directly) | Fundo Amazônia grant window (city mostly as enabler via state/OSC; direct municipal grants are rare: 7 of 146) | Route A grant arm (adaptation windows favour vulnerability; fund-level matching pending inventory)
ipcc_0087,Improve Infrastructure retrofitting,high,high,BR PES,Petrópolis,3303906,RJ,n.d.,credit_screen_unknown,11,extensive,needs_external_cofinance,A-grant B E,3,1,Novo PAC 2025 — Prevenção a Desastres (drenagem): Novo PAC 2025 drenagem — Municipio De Petropolis (R$50.0M),20,222,31714457.0,Novo PAC Prevenção a Desastres (OGU grant arm / FGTS financing; city can formulate directly) | Fundo Amazônia grant window (city mostly as enabler via state/OSC; direct municipal grants are rare: 7 of 146) | Route A grant arm (adaptation windows favour vulnerability; fund-level matching pending inventory) | MIDR/Sedec civil-defence transfers on declared emergency
ipcc_0087,Improve Infrastructure retrofitting,high,high,BR FOR,Fortaleza,2304400,CE,B+,credit_screen_pass,11,extensive,own_budget_or_credit_feasible,A-grant A-credit C B E,2,1,Novo PAC 2025 — Prevenção a Desastres (drenagem): Novo PAC 2025 drenagem — Municipio De Fortaleza (R$103.3M),8,222,31714457.0,"Novo PAC Prevenção a Desastres (OGU grant arm / FGTS financing; city can formulate directly) | MDB operation via COFIEX (Union guarantee open at this CAPAG; climate precedents: Palmas, Fortaleza, Joinville) | Fundo Amazônia grant window (city mostly as enabler via state/OSC; direct municipal grants are rare: 7 of 146) | Route A grant arm (adaptation windows favour vulnerability; fund-level matching pending inventory) | MIDR/Sedec civil-defence transfers on declared emergency"
ipcc_0087,Improve Infrastructure retrofitting,high,high,BR CME,Camaragibe,2603454,PE,A+,credit_screen_pass,8,established,own_budget_or_credit_feasible,A-grant A-credit C B E,2,0,Novo PAC 2025 — Prevenção a Desastres (encostas): Novo PAC 2025 encostas — Camaragibe (R$7.4M); COFIEX — CAF: Desenvolvimento e Mobilidade Urbana de Camaragibe (R$50.0M),9,222,31714457.0,"Novo PAC Prevenção a Desastres (OGU grant arm / FGTS financing; city can formulate directly) | MDB operation via COFIEX (Union guarantee open at this CAPAG; climate precedents: Palmas, Fortaleza, Joinville) | Fundo Amazônia grant window (city mostly as enabler via state/OSC; direct municipal grants are rare: 7 of 146) | Route A grant arm (adaptation windows favour vulnerability; fund-level matching pending inventory) | MIDR/Sedec civil-defence transfers on declared emergency"
ipcc_0088,Update and enforce climate‑resilient building codes,medium,low,BR CXL,Caxias do Sul,4305108,RS,A+,credit_screen_pass,9,established,own_budget_or_credit_feasible,A-grant A-credit C B E,1,1,Novo PAC 2025 — Prevenção a Desastres (encostas): Novo PAC 2025 encostas — Caxias Do Sul (R$1.2M),19,315,22706887.0,"Novo PAC Prevenção a Desastres (OGU grant arm / FGTS financing; city can formulate directly) | MDB operation via COFIEX (Union guarantee open at this CAPAG; climate precedents: Palmas, Fortaleza, Joinville) | Route A grant arm (adaptation windows favour vulnerability; fund-level matching pending inventory) | MIDR/Sedec civil-defence transfers on declared emergency"
ipcc_0088,Update and enforce climate‑resilient building codes,medium,low,BR MGE,Maranguape,2307700,CE,C,credit_screen_fail_fiscal,9,established,needs_external_cofinance,A-grant B E,0,0,,11,315,22706887.0,Novo PAC Prevenção a Desastres (OGU grant arm / FGTS financing; city can formulate directly) | Route A grant arm (adaptation windows favour vulnerability; fund-level matching pending inventory) | MIDR/Sedec civil-defence transfers on declared emergency
ipcc_0088,Update and enforce climate‑resilient building codes,medium,low,BR RIO,Rio de Janeiro,3304557,RJ,B,credit_screen_pass,11,extensive,own_budget_or_credit_feasible,A-grant A-credit C B E,1,1,Novo PAC 2025 — Prevenção a Desastres (drenagem): Novo PAC 2025 drenagem — Municipio De Rio De Janeiro (R$150.0M),30,315,22706887.0,"Novo PAC Prevenção a Desastres (OGU grant arm / FGTS financing; city can formulate directly) | MDB operation via COFIEX (Union guarantee open at this CAPAG; climate precedents: Palmas, Fortaleza, Joinville) | Route A grant arm (adaptation windows favour vulnerability; fund-level matching pending inventory) | MIDR/Sedec civil-defence transfers on declared emergency"
ipcc_0088,Update and enforce climate‑resilient building codes,medium,low,BR BCA,Barcarena,1501303,PA,n.d.,credit_screen_unknown,10,extensive,needs_external_cofinance,A-grant B E,1,1,Novo PAC 2025 — Prevenção a Desastres (drenagem): Novo PAC 2025 drenagem — Municipio De Barcarena (R$13.4M),33,315,22706887.0,Novo PAC Prevenção a Desastres (OGU grant arm / FGTS financing; city can formulate directly) | Route A grant arm (adaptation windows favour vulnerability; fund-level matching pending inventory) | MIDR/Sedec civil-defence transfers on declared emergency
ipcc_0088,Update and enforce climate‑resilient building codes,medium,low,BR CMA,Cametá,1502103,PA,C,credit_screen_fail_information_quality,9,established,needs_external_cofinance,A-grant B,0,0,,33,315,22706887.0,Novo PAC Prevenção a Desastres (OGU grant arm / FGTS financing; city can formulate directly) | Route A grant arm (adaptation windows favour vulnerability; fund-level matching pending inventory)
ipcc_0088,Update and enforce climate‑resilient building codes,medium,low,BR PES,Petrópolis,3303906,RJ,n.d.,credit_screen_unknown,11,extensive,needs_external_cofinance,A-grant B E,3,3,Novo PAC 2025 — Prevenção a Desastres (encostas): Novo PAC 2025 encostas — Petrópolis (R$11.0M); Novo PAC 2025 — Prevenção a Desastres (encostas): Novo PAC 2025 encostas — Petrópolis (R$13.8M); Novo PAC 2025 — Prevenção a Desastres (drenagem): Novo PAC 2025 drenagem — Municipio De Petropolis (R$50.0M),30,315,22706887.0,Novo PAC Prevenção a Desastres (OGU grant arm / FGTS financing; city can formulate directly) | Route A grant arm (adaptation windows favour vulnerability; fund-level matching pending inventory) | MIDR/Sedec civil-defence transfers on declared emergency
ipcc_0088,Update and enforce climate‑resilient building codes,medium,low,BR FOR,Fortaleza,2304400,CE,B+,credit_screen_pass,11,extensive,own_budget_or_credit_feasible,A-grant A-credit C B E,2,1,Novo PAC 2025 — Prevenção a Desastres (drenagem): Novo PAC 2025 drenagem — Municipio De Fortaleza (R$103.3M),11,315,22706887.0,"Novo PAC Prevenção a Desastres (OGU grant arm / FGTS financing; city can formulate directly) | MDB operation via COFIEX (Union guarantee open at this CAPAG; climate precedents: Palmas, Fortaleza, Joinville) | Route A grant arm (adaptation windows favour vulnerability; fund-level matching pending inventory) | MIDR/Sedec civil-defence transfers on declared emergency"
ipcc_0088,Update and enforce climate‑resilient building codes,medium,low,BR CME,Camaragibe,2603454,PE,A+,credit_screen_pass,8,established,own_budget_or_credit_feasible,A-grant A-credit C B E,2,1,Novo PAC 2025 — Prevenção a Desastres (encostas): Novo PAC 2025 encostas — Camaragibe (R$7.4M),17,315,22706887.0,"Novo PAC Prevenção a Desastres (OGU grant arm / FGTS financing; city can formulate directly) | MDB operation via COFIEX (Union guarantee open at this CAPAG; climate precedents: Palmas, Fortaleza, Joinville) | Route A grant arm (adaptation windows favour vulnerability; fund-level matching pending inventory) | MIDR/Sedec civil-defence transfers on declared emergency"
ipcc_0089,Spatially redirect development,medium,low,BR CXL,Caxias do Sul,4305108,RS,A+,credit_screen_pass,9,established,own_budget_or_credit_feasible,A-grant A-credit C B E,1,0,Novo PAC 2025 — Prevenção a Desastres (encostas): Novo PAC 2025 encostas — Caxias Do Sul (R$1.2M),13,217,32818739.0,"Novo PAC Prevenção a Desastres (OGU grant arm / FGTS financing; city can formulate directly) | MDB operation via COFIEX (Union guarantee open at this CAPAG; climate precedents: Palmas, Fortaleza, Joinville) | Route A grant arm (adaptation windows favour vulnerability; fund-level matching pending inventory) | MIDR/Sedec civil-defence transfers on declared emergency"
ipcc_0089,Spatially redirect development,medium,low,BR MGE,Maranguape,2307700,CE,C,credit_screen_fail_fiscal,9,established,needs_external_cofinance,A-grant B E,0,0,,8,217,32818739.0,Novo PAC Prevenção a Desastres (OGU grant arm / FGTS financing; city can formulate directly) | Route A grant arm (adaptation windows favour vulnerability; fund-level matching pending inventory) | MIDR/Sedec civil-defence transfers on declared emergency
ipcc_0089,Spatially redirect development,medium,low,BR RIO,Rio de Janeiro,3304557,RJ,B,credit_screen_pass,11,extensive,own_budget_or_credit_feasible,A-grant A-credit C B E,1,1,Novo PAC 2025 — Prevenção a Desastres (drenagem): Novo PAC 2025 drenagem — Municipio De Rio De Janeiro (R$150.0M),20,217,32818739.0,"Novo PAC Prevenção a Desastres (OGU grant arm / FGTS financing; city can formulate directly) | MDB operation via COFIEX (Union guarantee open at this CAPAG; climate precedents: Palmas, Fortaleza, Joinville) | Route A grant arm (adaptation windows favour vulnerability; fund-level matching pending inventory) | MIDR/Sedec civil-defence transfers on declared emergency"
ipcc_0089,Spatially redirect development,medium,low,BR BCA,Barcarena,1501303,PA,n.d.,credit_screen_unknown,10,extensive,needs_external_cofinance,A-grant B E,1,1,Novo PAC 2025 — Prevenção a Desastres (drenagem): Novo PAC 2025 drenagem — Municipio De Barcarena (R$13.4M),31,217,32818739.0,Novo PAC Prevenção a Desastres (OGU grant arm / FGTS financing; city can formulate directly) | Route A grant arm (adaptation windows favour vulnerability; fund-level matching pending inventory) | MIDR/Sedec civil-defence transfers on declared emergency
ipcc_0089,Spatially redirect development,medium,low,BR CMA,Cametá,1502103,PA,C,credit_screen_fail_information_quality,9,established,needs_external_cofinance,A-grant B,0,0,,31,217,32818739.0,Novo PAC Prevenção a Desastres (OGU grant arm / FGTS financing; city can formulate directly) | Route A grant arm (adaptation windows favour vulnerability; fund-level matching pending inventory)
ipcc_0089,Spatially redirect development,medium,low,BR PES,Petrópolis,3303906,RJ,n.d.,credit_screen_unknown,11,extensive,needs_external_cofinance,A-grant B E,3,1,Novo PAC 2025 — Prevenção a Desastres (drenagem): Novo PAC 2025 drenagem — Municipio De Petropolis (R$50.0M),20,217,32818739.0,Novo PAC Prevenção a Desastres (OGU grant arm / FGTS financing; city can formulate directly) | Route A grant arm (adaptation windows favour vulnerability; fund-level matching pending inventory) | MIDR/Sedec civil-defence transfers on declared emergency
ipcc_0089,Spatially redirect development,medium,low,BR FOR,Fortaleza,2304400,CE,B+,credit_screen_pass,11,extensive,own_budget_or_credit_feasible,A-grant A-credit C B E,2,1,Novo PAC 2025 — Prevenção a Desastres (drenagem): Novo PAC 2025 drenagem — Municipio De Fortaleza (R$103.3M),8,217,32818739.0,"Novo PAC Prevenção a Desastres (OGU grant arm / FGTS financing; city can formulate directly) | MDB operation via COFIEX (Union guarantee open at this CAPAG; climate precedents: Palmas, Fortaleza, Joinville) | Route A grant arm (adaptation windows favour vulnerability; fund-level matching pending inventory) | MIDR/Sedec civil-defence transfers on declared emergency"
ipcc_0089,Spatially redirect development,medium,low,BR CME,Camaragibe,2603454,PE,A+,credit_screen_pass,8,established,own_budget_or_credit_feasible,A-grant A-credit C B E,2,0,Novo PAC 2025 — Prevenção a Desastres (encostas): Novo PAC 2025 encostas — Camaragibe (R$7.4M); COFIEX — CAF: Desenvolvimento e Mobilidade Urbana de Camaragibe (R$50.0M),9,217,32818739.0,"Novo PAC Prevenção a Desastres (OGU grant arm / FGTS financing; city can formulate directly) | MDB operation via COFIEX (Union guarantee open at this CAPAG; climate precedents: Palmas, Fortaleza, Joinville) | Route A grant arm (adaptation windows favour vulnerability; fund-level matching pending inventory) | MIDR/Sedec civil-defence transfers on declared emergency"
ipcc_0090,Expand climate risk insurance coverage,medium,medium,BR CXL,Caxias do Sul,4305108,RS,A+,credit_screen_pass,9,established,own_budget_or_credit_feasible,A-grant A-credit C B E,1,0,Novo PAC 2025 — Prevenção a Desastres (encostas): Novo PAC 2025 encostas — Caxias Do Sul (R$1.2M),13,222,31714457.0,"Novo PAC Prevenção a Desastres (OGU grant arm / FGTS financing; city can formulate directly) | MDB operation via COFIEX (Union guarantee open at this CAPAG; climate precedents: Palmas, Fortaleza, Joinville) | Fundo Amazônia grant window (city mostly as enabler via state/OSC; direct municipal grants are rare: 7 of 146) | Route A grant arm (adaptation windows favour vulnerability; fund-level matching pending inventory) | MIDR/Sedec civil-defence transfers on declared emergency"
ipcc_0090,Expand climate risk insurance coverage,medium,medium,BR MGE,Maranguape,2307700,CE,C,credit_screen_fail_fiscal,9,established,needs_external_cofinance,A-grant B E,0,0,,8,222,31714457.0,Novo PAC Prevenção a Desastres (OGU grant arm / FGTS financing; city can formulate directly) | Fundo Amazônia grant window (city mostly as enabler via state/OSC; direct municipal grants are rare: 7 of 146) | Route A grant arm (adaptation windows favour vulnerability; fund-level matching pending inventory) | MIDR/Sedec civil-defence transfers on declared emergency
ipcc_0090,Expand climate risk insurance coverage,medium,medium,BR RIO,Rio de Janeiro,3304557,RJ,B,credit_screen_pass,11,extensive,own_budget_or_credit_feasible,A-grant A-credit C B E,1,1,Novo PAC 2025 — Prevenção a Desastres (drenagem): Novo PAC 2025 drenagem — Municipio De Rio De Janeiro (R$150.0M),20,222,31714457.0,"Novo PAC Prevenção a Desastres (OGU grant arm / FGTS financing; city can formulate directly) | MDB operation via COFIEX (Union guarantee open at this CAPAG; climate precedents: Palmas, Fortaleza, Joinville) | Fundo Amazônia grant window (city mostly as enabler via state/OSC; direct municipal grants are rare: 7 of 146) | Route A grant arm (adaptation windows favour vulnerability; fund-level matching pending inventory) | MIDR/Sedec civil-defence transfers on declared emergency"
ipcc_0090,Expand climate risk insurance coverage,medium,medium,BR BCA,Barcarena,1501303,PA,n.d.,credit_screen_unknown,10,extensive,needs_external_cofinance,A-grant B E,1,1,Novo PAC 2025 — Prevenção a Desastres (drenagem): Novo PAC 2025 drenagem — Municipio De Barcarena (R$13.4M),33,222,31714457.0,Novo PAC Prevenção a Desastres (OGU grant arm / FGTS financing; city can formulate directly) | Fundo Amazônia grant window (city mostly as enabler via state/OSC; direct municipal grants are rare: 7 of 146) | Route A grant arm (adaptation windows favour vulnerability; fund-level matching pending inventory) | MIDR/Sedec civil-defence transfers on declared emergency
ipcc_0090,Expand climate risk insurance coverage,medium,medium,BR CMA,Cametá,1502103,PA,C,credit_screen_fail_information_quality,9,established,needs_external_cofinance,A-grant B,0,0,,33,222,31714457.0,Novo PAC Prevenção a Desastres (OGU grant arm / FGTS financing; city can formulate directly) | Fundo Amazônia grant window (city mostly as enabler via state/OSC; direct municipal grants are rare: 7 of 146) | Route A grant arm (adaptation windows favour vulnerability; fund-level matching pending inventory)
ipcc_0090,Expand climate risk insurance coverage,medium,medium,BR PES,Petrópolis,3303906,RJ,n.d.,credit_screen_unknown,11,extensive,needs_external_cofinance,A-grant B E,3,1,Novo PAC 2025 — Prevenção a Desastres (drenagem): Novo PAC 2025 drenagem — Municipio De Petropolis (R$50.0M),20,222,31714457.0,Novo PAC Prevenção a Desastres (OGU grant arm / FGTS financing; city can formulate directly) | Fundo Amazônia grant window (city mostly as enabler via state/OSC; direct municipal grants are rare: 7 of 146) | Route A grant arm (adaptation windows favour vulnerability; fund-level matching pending inventory) | MIDR/Sedec civil-defence transfers on declared emergency
ipcc_0090,Expand climate risk insurance coverage,medium,medium,BR FOR,Fortaleza,2304400,CE,B+,credit_screen_pass,11,extensive,own_budget_or_credit_feasible,A-grant A-credit C B E,2,1,Novo PAC 2025 — Prevenção a Desastres (drenagem): Novo PAC 2025 drenagem — Municipio De Fortaleza (R$103.3M),8,222,31714457.0,"Novo PAC Prevenção a Desastres (OGU grant arm / FGTS financing; city can formulate directly) | MDB operation via COFIEX (Union guarantee open at this CAPAG; climate precedents: Palmas, Fortaleza, Joinville) | Fundo Amazônia grant window (city mostly as enabler via state/OSC; direct municipal grants are rare: 7 of 146) | Route A grant arm (adaptation windows favour vulnerability; fund-level matching pending inventory) | MIDR/Sedec civil-defence transfers on declared emergency"
ipcc_0090,Expand climate risk insurance coverage,medium,medium,BR CME,Camaragibe,2603454,PE,A+,credit_screen_pass,8,established,own_budget_or_credit_feasible,A-grant A-credit C B E,2,0,Novo PAC 2025 — Prevenção a Desastres (encostas): Novo PAC 2025 encostas — Camaragibe (R$7.4M); COFIEX — CAF: Desenvolvimento e Mobilidade Urbana de Camaragibe (R$50.0M),9,222,31714457.0,"Novo PAC Prevenção a Desastres (OGU grant arm / FGTS financing; city can formulate directly) | MDB operation via COFIEX (Union guarantee open at this CAPAG; climate precedents: Palmas, Fortaleza, Joinville) | Fundo Amazônia grant window (city mostly as enabler via state/OSC; direct municipal grants are rare: 7 of 146) | Route A grant arm (adaptation windows favour vulnerability; fund-level matching pending inventory) | MIDR/Sedec civil-defence transfers on declared emergency"
ipcc_0091,Support livelihood diversification for climate resilience,medium,medium,BR CXL,Caxias do Sul,4305108,RS,A+,credit_screen_pass,9,established,own_budget_or_credit_feasible,A-grant A-credit C B E,1,0,Novo PAC 2025 — Prevenção a Desastres (encostas): Novo PAC 2025 encostas — Caxias Do Sul (R$1.2M),0,5,447344000.0,"MDB operation via COFIEX (Union guarantee open at this CAPAG; climate precedents: Palmas, Fortaleza, Joinville) | Route A grant arm (adaptation windows favour vulnerability; fund-level matching pending inventory) | MIDR/Sedec civil-defence transfers on declared emergency"
ipcc_0091,Support livelihood diversification for climate resilience,medium,medium,BR MGE,Maranguape,2307700,CE,C,credit_screen_fail_fiscal,9,established,needs_external_cofinance,A-grant B E,0,0,,0,5,447344000.0,Route A grant arm (adaptation windows favour vulnerability; fund-level matching pending inventory) | MIDR/Sedec civil-defence transfers on declared emergency
ipcc_0091,Support livelihood diversification for climate resilience,medium,medium,BR RIO,Rio de Janeiro,3304557,RJ,B,credit_screen_pass,11,extensive,own_budget_or_credit_feasible,A-grant A-credit C B E,1,0,Novo PAC 2025 — Prevenção a Desastres (drenagem): Novo PAC 2025 drenagem — Municipio De Rio De Janeiro (R$150.0M),0,5,447344000.0,"MDB operation via COFIEX (Union guarantee open at this CAPAG; climate precedents: Palmas, Fortaleza, Joinville) | Route A grant arm (adaptation windows favour vulnerability; fund-level matching pending inventory) | MIDR/Sedec civil-defence transfers on declared emergency"
ipcc_0091,Support livelihood diversification for climate resilience,medium,medium,BR BCA,Barcarena,1501303,PA,n.d.,credit_screen_unknown,10,extensive,needs_external_cofinance,A-grant B E,1,0,Novo PAC 2025 — Prevenção a Desastres (drenagem): Novo PAC 2025 drenagem — Municipio De Barcarena (R$13.4M),0,5,447344000.0,Route A grant arm (adaptation windows favour vulnerability; fund-level matching pending inventory) | MIDR/Sedec civil-defence transfers on declared emergency
ipcc_0091,Support livelihood diversification for climate resilience,medium,medium,BR CMA,Cametá,1502103,PA,C,credit_screen_fail_information_quality,9,established,needs_external_cofinance,A-grant B,0,0,,0,5,447344000.0,Route A grant arm (adaptation windows favour vulnerability; fund-level matching pending inventory)
ipcc_0091,Support livelihood diversification for climate resilience,medium,medium,BR PES,Petrópolis,3303906,RJ,n.d.,credit_screen_unknown,11,extensive,needs_external_cofinance,A-grant B E,3,0,Novo PAC 2025 — Prevenção a Desastres (encostas): Novo PAC 2025 encostas — Petrópolis (R$11.0M); Novo PAC 2025 — Prevenção a Desastres (encostas): Novo PAC 2025 encostas — Petrópolis (R$13.8M); Novo PAC 2025 — Prevenção a Desastres (drenagem): Novo PAC 2025 drenagem — Municipio De Petropolis (R$50.0M),0,5,447344000.0,Route A grant arm (adaptation windows favour vulnerability; fund-level matching pending inventory) | MIDR/Sedec civil-defence transfers on declared emergency
ipcc_0091,Support livelihood diversification for climate resilience,medium,medium,BR FOR,Fortaleza,2304400,CE,B+,credit_screen_pass,11,extensive,own_budget_or_credit_feasible,A-grant A-credit C B E,2,0,"Novo PAC 2025 — Prevenção a Desastres (drenagem): Novo PAC 2025 drenagem — Municipio De Fortaleza (R$103.3M); COFIEX — BIRD: Promoção da Sustentabilidade Urbana, Ambiental e Fiscal de Fortaleza (R$194.8M)",0,5,447344000.0,"MDB operation via COFIEX (Union guarantee open at this CAPAG; climate precedents: Palmas, Fortaleza, Joinville) | Route A grant arm (adaptation windows favour vulnerability; fund-level matching pending inventory) | MIDR/Sedec civil-defence transfers on declared emergency"
ipcc_0091,Support livelihood diversification for climate resilience,medium,medium,BR CME,Camaragibe,2603454,PE,A+,credit_screen_pass,8,established,own_budget_or_credit_feasible,A-grant A-credit C B E,2,0,Novo PAC 2025 — Prevenção a Desastres (encostas): Novo PAC 2025 encostas — Camaragibe (R$7.4M); COFIEX — CAF: Desenvolvimento e Mobilidade Urbana de Camaragibe (R$50.0M),0,5,447344000.0,"MDB operation via COFIEX (Union guarantee open at this CAPAG; climate precedents: Palmas, Fortaleza, Joinville) | Route A grant arm (adaptation windows favour vulnerability; fund-level matching pending inventory) | MIDR/Sedec civil-defence transfers on declared emergency"
ipcc_0092,Expand climate‑responsive social safety nets,medium,medium,BR CXL,Caxias do Sul,4305108,RS,A+,credit_screen_pass,9,established,own_budget_or_credit_feasible,A-grant A-credit C B E,1,0,Novo PAC 2025 — Prevenção a Desastres (encostas): Novo PAC 2025 encostas — Caxias Do Sul (R$1.2M),13,222,31714457.0,"Novo PAC Prevenção a Desastres (OGU grant arm / FGTS financing; city can formulate directly) | MDB operation via COFIEX (Union guarantee open at this CAPAG; climate precedents: Palmas, Fortaleza, Joinville) | Fundo Amazônia grant window (city mostly as enabler via state/OSC; direct municipal grants are rare: 7 of 146) | Route A grant arm (adaptation windows favour vulnerability; fund-level matching pending inventory) | MIDR/Sedec civil-defence transfers on declared emergency"
ipcc_0092,Expand climate‑responsive social safety nets,medium,medium,BR MGE,Maranguape,2307700,CE,C,credit_screen_fail_fiscal,9,established,needs_external_cofinance,A-grant B E,0,0,,8,222,31714457.0,Novo PAC Prevenção a Desastres (OGU grant arm / FGTS financing; city can formulate directly) | Fundo Amazônia grant window (city mostly as enabler via state/OSC; direct municipal grants are rare: 7 of 146) | Route A grant arm (adaptation windows favour vulnerability; fund-level matching pending inventory) | MIDR/Sedec civil-defence transfers on declared emergency
ipcc_0092,Expand climate‑responsive social safety nets,medium,medium,BR RIO,Rio de Janeiro,3304557,RJ,B,credit_screen_pass,11,extensive,own_budget_or_credit_feasible,A-grant A-credit C B E,1,1,Novo PAC 2025 — Prevenção a Desastres (drenagem): Novo PAC 2025 drenagem — Municipio De Rio De Janeiro (R$150.0M),20,222,31714457.0,"Novo PAC Prevenção a Desastres (OGU grant arm / FGTS financing; city can formulate directly) | MDB operation via COFIEX (Union guarantee open at this CAPAG; climate precedents: Palmas, Fortaleza, Joinville) | Fundo Amazônia grant window (city mostly as enabler via state/OSC; direct municipal grants are rare: 7 of 146) | Route A grant arm (adaptation windows favour vulnerability; fund-level matching pending inventory) | MIDR/Sedec civil-defence transfers on declared emergency"
ipcc_0092,Expand climate‑responsive social safety nets,medium,medium,BR BCA,Barcarena,1501303,PA,n.d.,credit_screen_unknown,10,extensive,needs_external_cofinance,A-grant B E,1,1,Novo PAC 2025 — Prevenção a Desastres (drenagem): Novo PAC 2025 drenagem — Municipio De Barcarena (R$13.4M),33,222,31714457.0,Novo PAC Prevenção a Desastres (OGU grant arm / FGTS financing; city can formulate directly) | Fundo Amazônia grant window (city mostly as enabler via state/OSC; direct municipal grants are rare: 7 of 146) | Route A grant arm (adaptation windows favour vulnerability; fund-level matching pending inventory) | MIDR/Sedec civil-defence transfers on declared emergency
ipcc_0092,Expand climate‑responsive social safety nets,medium,medium,BR CMA,Cametá,1502103,PA,C,credit_screen_fail_information_quality,9,established,needs_external_cofinance,A-grant B,0,0,,33,222,31714457.0,Novo PAC Prevenção a Desastres (OGU grant arm / FGTS financing; city can formulate directly) | Fundo Amazônia grant window (city mostly as enabler via state/OSC; direct municipal grants are rare: 7 of 146) | Route A grant arm (adaptation windows favour vulnerability; fund-level matching pending inventory)
ipcc_0092,Expand climate‑responsive social safety nets,medium,medium,BR PES,Petrópolis,3303906,RJ,n.d.,credit_screen_unknown,11,extensive,needs_external_cofinance,A-grant B E,3,1,Novo PAC 2025 — Prevenção a Desastres (drenagem): Novo PAC 2025 drenagem — Municipio De Petropolis (R$50.0M),20,222,31714457.0,Novo PAC Prevenção a Desastres (OGU grant arm / FGTS financing; city can formulate directly) | Fundo Amazônia grant window (city mostly as enabler via state/OSC; direct municipal grants are rare: 7 of 146) | Route A grant arm (adaptation windows favour vulnerability; fund-level matching pending inventory) | MIDR/Sedec civil-defence transfers on declared emergency
ipcc_0092,Expand climate‑responsive social safety nets,medium,medium,BR FOR,Fortaleza,2304400,CE,B+,credit_screen_pass,11,extensive,own_budget_or_credit_feasible,A-grant A-credit C B E,2,1,Novo PAC 2025 — Prevenção a Desastres (drenagem): Novo PAC 2025 drenagem — Municipio De Fortaleza (R$103.3M),8,222,31714457.0,"Novo PAC Prevenção a Desastres (OGU grant arm / FGTS financing; city can formulate directly) | MDB operation via COFIEX (Union guarantee open at this CAPAG; climate precedents: Palmas, Fortaleza, Joinville) | Fundo Amazônia grant window (city mostly as enabler via state/OSC; direct municipal grants are rare: 7 of 146) | Route A grant arm (adaptation windows favour vulnerability; fund-level matching pending inventory) | MIDR/Sedec civil-defence transfers on declared emergency"
ipcc_0092,Expand climate‑responsive social safety nets,medium,medium,BR CME,Camaragibe,2603454,PE,A+,credit_screen_pass,8,established,own_budget_or_credit_feasible,A-grant A-credit C B E,2,0,Novo PAC 2025 — Prevenção a Desastres (encostas): Novo PAC 2025 encostas — Camaragibe (R$7.4M); COFIEX — CAF: Desenvolvimento e Mobilidade Urbana de Camaragibe (R$50.0M),9,222,31714457.0,"Novo PAC Prevenção a Desastres (OGU grant arm / FGTS financing; city can formulate directly) | MDB operation via COFIEX (Union guarantee open at this CAPAG; climate precedents: Palmas, Fortaleza, Joinville) | Fundo Amazônia grant window (city mostly as enabler via state/OSC; direct municipal grants are rare: 7 of 146) | Route A grant arm (adaptation windows favour vulnerability; fund-level matching pending inventory) | MIDR/Sedec civil-defence transfers on declared emergency"
ipcc_0094,Strengthen climate‑resilient health services,medium,medium,BR CXL,Caxias do Sul,4305108,RS,A+,credit_screen_pass,9,established,own_budget_or_credit_feasible,A-grant A-credit C B E,1,0,Novo PAC 2025 — Prevenção a Desastres (encostas): Novo PAC 2025 encostas — Caxias Do Sul (R$1.2M),13,222,31714457.0,"Novo PAC Prevenção a Desastres (OGU grant arm / FGTS financing; city can formulate directly) | MDB operation via COFIEX (Union guarantee open at this CAPAG; climate precedents: Palmas, Fortaleza, Joinville) | Fundo Amazônia grant window (city mostly as enabler via state/OSC; direct municipal grants are rare: 7 of 146) | Route A grant arm (adaptation windows favour vulnerability; fund-level matching pending inventory) | MIDR/Sedec civil-defence transfers on declared emergency"
ipcc_0094,Strengthen climate‑resilient health services,medium,medium,BR MGE,Maranguape,2307700,CE,C,credit_screen_fail_fiscal,9,established,needs_external_cofinance,A-grant B E,0,0,,8,222,31714457.0,Novo PAC Prevenção a Desastres (OGU grant arm / FGTS financing; city can formulate directly) | Fundo Amazônia grant window (city mostly as enabler via state/OSC; direct municipal grants are rare: 7 of 146) | Route A grant arm (adaptation windows favour vulnerability; fund-level matching pending inventory) | MIDR/Sedec civil-defence transfers on declared emergency
ipcc_0094,Strengthen climate‑resilient health services,medium,medium,BR RIO,Rio de Janeiro,3304557,RJ,B,credit_screen_pass,11,extensive,own_budget_or_credit_feasible,A-grant A-credit C B E,1,1,Novo PAC 2025 — Prevenção a Desastres (drenagem): Novo PAC 2025 drenagem — Municipio De Rio De Janeiro (R$150.0M),20,222,31714457.0,"Novo PAC Prevenção a Desastres (OGU grant arm / FGTS financing; city can formulate directly) | MDB operation via COFIEX (Union guarantee open at this CAPAG; climate precedents: Palmas, Fortaleza, Joinville) | Fundo Amazônia grant window (city mostly as enabler via state/OSC; direct municipal grants are rare: 7 of 146) | Route A grant arm (adaptation windows favour vulnerability; fund-level matching pending inventory) | MIDR/Sedec civil-defence transfers on declared emergency"
ipcc_0094,Strengthen climate‑resilient health services,medium,medium,BR BCA,Barcarena,1501303,PA,n.d.,credit_screen_unknown,10,extensive,needs_external_cofinance,A-grant B E,1,1,Novo PAC 2025 — Prevenção a Desastres (drenagem): Novo PAC 2025 drenagem — Municipio De Barcarena (R$13.4M),33,222,31714457.0,Novo PAC Prevenção a Desastres (OGU grant arm / FGTS financing; city can formulate directly) | Fundo Amazônia grant window (city mostly as enabler via state/OSC; direct municipal grants are rare: 7 of 146) | Route A grant arm (adaptation windows favour vulnerability; fund-level matching pending inventory) | MIDR/Sedec civil-defence transfers on declared emergency
ipcc_0094,Strengthen climate‑resilient health services,medium,medium,BR CMA,Cametá,1502103,PA,C,credit_screen_fail_information_quality,9,established,needs_external_cofinance,A-grant B,0,0,,33,222,31714457.0,Novo PAC Prevenção a Desastres (OGU grant arm / FGTS financing; city can formulate directly) | Fundo Amazônia grant window (city mostly as enabler via state/OSC; direct municipal grants are rare: 7 of 146) | Route A grant arm (adaptation windows favour vulnerability; fund-level matching pending inventory)
ipcc_0094,Strengthen climate‑resilient health services,medium,medium,BR PES,Petrópolis,3303906,RJ,n.d.,credit_screen_unknown,11,extensive,needs_external_cofinance,A-grant B E,3,1,Novo PAC 2025 — Prevenção a Desastres (drenagem): Novo PAC 2025 drenagem — Municipio De Petropolis (R$50.0M),20,222,31714457.0,Novo PAC Prevenção a Desastres (OGU grant arm / FGTS financing; city can formulate directly) | Fundo Amazônia grant window (city mostly as enabler via state/OSC; direct municipal grants are rare: 7 of 146) | Route A grant arm (adaptation windows favour vulnerability; fund-level matching pending inventory) | MIDR/Sedec civil-defence transfers on declared emergency
ipcc_0094,Strengthen climate‑resilient health services,medium,medium,BR FOR,Fortaleza,2304400,CE,B+,credit_screen_pass,11,extensive,own_budget_or_credit_feasible,A-grant A-credit C B E,2,1,Novo PAC 2025 — Prevenção a Desastres (drenagem): Novo PAC 2025 drenagem — Municipio De Fortaleza (R$103.3M),8,222,31714457.0,"Novo PAC Prevenção a Desastres (OGU grant arm / FGTS financing; city can formulate directly) | MDB operation via COFIEX (Union guarantee open at this CAPAG; climate precedents: Palmas, Fortaleza, Joinville) | Fundo Amazônia grant window (city mostly as enabler via state/OSC; direct municipal grants are rare: 7 of 146) | Route A grant arm (adaptation windows favour vulnerability; fund-level matching pending inventory) | MIDR/Sedec civil-defence transfers on declared emergency"
ipcc_0094,Strengthen climate‑resilient health services,medium,medium,BR CME,Camaragibe,2603454,PE,A+,credit_screen_pass,8,established,own_budget_or_credit_feasible,A-grant A-credit C B E,2,0,Novo PAC 2025 — Prevenção a Desastres (encostas): Novo PAC 2025 encostas — Camaragibe (R$7.4M); COFIEX — CAF: Desenvolvimento e Mobilidade Urbana de Camaragibe (R$50.0M),9,222,31714457.0,"Novo PAC Prevenção a Desastres (OGU grant arm / FGTS financing; city can formulate directly) | MDB operation via COFIEX (Union guarantee open at this CAPAG; climate precedents: Palmas, Fortaleza, Joinville) | Fundo Amazônia grant window (city mostly as enabler via state/OSC; direct municipal grants are rare: 7 of 146) | Route A grant arm (adaptation windows favour vulnerability; fund-level matching pending inventory) | MIDR/Sedec civil-defence transfers on declared emergency"
ipcc_0096,Strengthen climate resilience in farming and fisheries,medium,medium,BR CXL,Caxias do Sul,4305108,RS,A+,credit_screen_pass,9,established,own_budget_or_credit_feasible,A-grant A-credit C B E,1,0,Novo PAC 2025 — Prevenção a Desastres (encostas): Novo PAC 2025 encostas — Caxias Do Sul (R$1.2M),13,231,32228913.0,"Novo PAC Prevenção a Desastres (OGU grant arm / FGTS financing; city can formulate directly) | MDB operation via COFIEX (Union guarantee open at this CAPAG; climate precedents: Palmas, Fortaleza, Joinville) | Fundo Amazônia grant window (city mostly as enabler via state/OSC; direct municipal grants are rare: 7 of 146) | Route A grant arm (adaptation windows favour vulnerability; fund-level matching pending inventory) | MIDR/Sedec civil-defence transfers on declared emergency"
ipcc_0096,Strengthen climate resilience in farming and fisheries,medium,medium,BR MGE,Maranguape,2307700,CE,C,credit_screen_fail_fiscal,9,established,needs_external_cofinance,A-grant B E,0,0,,8,231,32228913.0,Novo PAC Prevenção a Desastres (OGU grant arm / FGTS financing; city can formulate directly) | Fundo Amazônia grant window (city mostly as enabler via state/OSC; direct municipal grants are rare: 7 of 146) | Route A grant arm (adaptation windows favour vulnerability; fund-level matching pending inventory) | MIDR/Sedec civil-defence transfers on declared emergency
ipcc_0096,Strengthen climate resilience in farming and fisheries,medium,medium,BR RIO,Rio de Janeiro,3304557,RJ,B,credit_screen_pass,11,extensive,own_budget_or_credit_feasible,A-grant A-credit C B E,1,1,Novo PAC 2025 — Prevenção a Desastres (drenagem): Novo PAC 2025 drenagem — Municipio De Rio De Janeiro (R$150.0M),20,231,32228913.0,"Novo PAC Prevenção a Desastres (OGU grant arm / FGTS financing; city can formulate directly) | MDB operation via COFIEX (Union guarantee open at this CAPAG; climate precedents: Palmas, Fortaleza, Joinville) | Fundo Amazônia grant window (city mostly as enabler via state/OSC; direct municipal grants are rare: 7 of 146) | Route A grant arm (adaptation windows favour vulnerability; fund-level matching pending inventory) | MIDR/Sedec civil-defence transfers on declared emergency"
ipcc_0096,Strengthen climate resilience in farming and fisheries,medium,medium,BR BCA,Barcarena,1501303,PA,n.d.,credit_screen_unknown,10,extensive,needs_external_cofinance,A-grant B E,1,1,Novo PAC 2025 — Prevenção a Desastres (drenagem): Novo PAC 2025 drenagem — Municipio De Barcarena (R$13.4M),37,231,32228913.0,Novo PAC Prevenção a Desastres (OGU grant arm / FGTS financing; city can formulate directly) | Fundo Amazônia grant window (city mostly as enabler via state/OSC; direct municipal grants are rare: 7 of 146) | Route A grant arm (adaptation windows favour vulnerability; fund-level matching pending inventory) | MIDR/Sedec civil-defence transfers on declared emergency
ipcc_0096,Strengthen climate resilience in farming and fisheries,medium,medium,BR CMA,Cametá,1502103,PA,C,credit_screen_fail_information_quality,9,established,needs_external_cofinance,A-grant B,0,0,,37,231,32228913.0,Novo PAC Prevenção a Desastres (OGU grant arm / FGTS financing; city can formulate directly) | Fundo Amazônia grant window (city mostly as enabler via state/OSC; direct municipal grants are rare: 7 of 146) | Route A grant arm (adaptation windows favour vulnerability; fund-level matching pending inventory)
ipcc_0096,Strengthen climate resilience in farming and fisheries,medium,medium,BR PES,Petrópolis,3303906,RJ,n.d.,credit_screen_unknown,11,extensive,needs_external_cofinance,A-grant B E,3,1,Novo PAC 2025 — Prevenção a Desastres (drenagem): Novo PAC 2025 drenagem — Municipio De Petropolis (R$50.0M),20,231,32228913.0,Novo PAC Prevenção a Desastres (OGU grant arm / FGTS financing; city can formulate directly) | Fundo Amazônia grant window (city mostly as enabler via state/OSC; direct municipal grants are rare: 7 of 146) | Route A grant arm (adaptation windows favour vulnerability; fund-level matching pending inventory) | MIDR/Sedec civil-defence transfers on declared emergency
ipcc_0096,Strengthen climate resilience in farming and fisheries,medium,medium,BR FOR,Fortaleza,2304400,CE,B+,credit_screen_pass,11,extensive,own_budget_or_credit_feasible,A-grant A-credit C B E,2,1,Novo PAC 2025 — Prevenção a Desastres (drenagem): Novo PAC 2025 drenagem — Municipio De Fortaleza (R$103.3M),8,231,32228913.0,"Novo PAC Prevenção a Desastres (OGU grant arm / FGTS financing; city can formulate directly) | MDB operation via COFIEX (Union guarantee open at this CAPAG; climate precedents: Palmas, Fortaleza, Joinville) | Fundo Amazônia grant window (city mostly as enabler via state/OSC; direct municipal grants are rare: 7 of 146) | Route A grant arm (adaptation windows favour vulnerability; fund-level matching pending inventory) | MIDR/Sedec civil-defence transfers on declared emergency"
ipcc_0096,Strengthen climate resilience in farming and fisheries,medium,medium,BR CME,Camaragibe,2603454,PE,A+,credit_screen_pass,8,established,own_budget_or_credit_feasible,A-grant A-credit C B E,2,0,Novo PAC 2025 — Prevenção a Desastres (encostas): Novo PAC 2025 encostas — Camaragibe (R$7.4M); COFIEX — CAF: Desenvolvimento e Mobilidade Urbana de Camaragibe (R$50.0M),9,231,32228913.0,"Novo PAC Prevenção a Desastres (OGU grant arm / FGTS financing; city can formulate directly) | MDB operation via COFIEX (Union guarantee open at this CAPAG; climate precedents: Palmas, Fortaleza, Joinville) | Fundo Amazônia grant window (city mostly as enabler via state/OSC; direct municipal grants are rare: 7 of 146) | Route A grant arm (adaptation windows favour vulnerability; fund-level matching pending inventory) | MIDR/Sedec civil-defence transfers on declared emergency"
ipcc_0097,Upgrade food storage and distribution for climate resilience,medium,high,BR CXL,Caxias do Sul,4305108,RS,A+,credit_screen_pass,9,established,own_budget_or_credit_feasible,A-grant A-credit C B E,1,0,Novo PAC 2025 — Prevenção a Desastres (encostas): Novo PAC 2025 encostas — Caxias Do Sul (R$1.2M),13,222,31714457.0,"Novo PAC Prevenção a Desastres (OGU grant arm / FGTS financing; city can formulate directly) | MDB operation via COFIEX (Union guarantee open at this CAPAG; climate precedents: Palmas, Fortaleza, Joinville) | Fundo Amazônia grant window (city mostly as enabler via state/OSC; direct municipal grants are rare: 7 of 146) | Route A grant arm (adaptation windows favour vulnerability; fund-level matching pending inventory) | MIDR/Sedec civil-defence transfers on declared emergency"
ipcc_0097,Upgrade food storage and distribution for climate resilience,medium,high,BR MGE,Maranguape,2307700,CE,C,credit_screen_fail_fiscal,9,established,needs_external_cofinance,A-grant B E,0,0,,8,222,31714457.0,Novo PAC Prevenção a Desastres (OGU grant arm / FGTS financing; city can formulate directly) | Fundo Amazônia grant window (city mostly as enabler via state/OSC; direct municipal grants are rare: 7 of 146) | Route A grant arm (adaptation windows favour vulnerability; fund-level matching pending inventory) | MIDR/Sedec civil-defence transfers on declared emergency
ipcc_0097,Upgrade food storage and distribution for climate resilience,medium,high,BR RIO,Rio de Janeiro,3304557,RJ,B,credit_screen_pass,11,extensive,own_budget_or_credit_feasible,A-grant A-credit C B E,1,1,Novo PAC 2025 — Prevenção a Desastres (drenagem): Novo PAC 2025 drenagem — Municipio De Rio De Janeiro (R$150.0M),20,222,31714457.0,"Novo PAC Prevenção a Desastres (OGU grant arm / FGTS financing; city can formulate directly) | MDB operation via COFIEX (Union guarantee open at this CAPAG; climate precedents: Palmas, Fortaleza, Joinville) | Fundo Amazônia grant window (city mostly as enabler via state/OSC; direct municipal grants are rare: 7 of 146) | Route A grant arm (adaptation windows favour vulnerability; fund-level matching pending inventory) | MIDR/Sedec civil-defence transfers on declared emergency"
ipcc_0097,Upgrade food storage and distribution for climate resilience,medium,high,BR BCA,Barcarena,1501303,PA,n.d.,credit_screen_unknown,10,extensive,needs_external_cofinance,A-grant B E,1,1,Novo PAC 2025 — Prevenção a Desastres (drenagem): Novo PAC 2025 drenagem — Municipio De Barcarena (R$13.4M),33,222,31714457.0,Novo PAC Prevenção a Desastres (OGU grant arm / FGTS financing; city can formulate directly) | Fundo Amazônia grant window (city mostly as enabler via state/OSC; direct municipal grants are rare: 7 of 146) | Route A grant arm (adaptation windows favour vulnerability; fund-level matching pending inventory) | MIDR/Sedec civil-defence transfers on declared emergency
ipcc_0097,Upgrade food storage and distribution for climate resilience,medium,high,BR CMA,Cametá,1502103,PA,C,credit_screen_fail_information_quality,9,established,needs_external_cofinance,A-grant B,0,0,,33,222,31714457.0,Novo PAC Prevenção a Desastres (OGU grant arm / FGTS financing; city can formulate directly) | Fundo Amazônia grant window (city mostly as enabler via state/OSC; direct municipal grants are rare: 7 of 146) | Route A grant arm (adaptation windows favour vulnerability; fund-level matching pending inventory)
ipcc_0097,Upgrade food storage and distribution for climate resilience,medium,high,BR PES,Petrópolis,3303906,RJ,n.d.,credit_screen_unknown,11,extensive,needs_external_cofinance,A-grant B E,3,1,Novo PAC 2025 — Prevenção a Desastres (drenagem): Novo PAC 2025 drenagem — Municipio De Petropolis (R$50.0M),20,222,31714457.0,Novo PAC Prevenção a Desastres (OGU grant arm / FGTS financing; city can formulate directly) | Fundo Amazônia grant window (city mostly as enabler via state/OSC; direct municipal grants are rare: 7 of 146) | Route A grant arm (adaptation windows favour vulnerability; fund-level matching pending inventory) | MIDR/Sedec civil-defence transfers on declared emergency
ipcc_0097,Upgrade food storage and distribution for climate resilience,medium,high,BR FOR,Fortaleza,2304400,CE,B+,credit_screen_pass,11,extensive,own_budget_or_credit_feasible,A-grant A-credit C B E,2,1,Novo PAC 2025 — Prevenção a Desastres (drenagem): Novo PAC 2025 drenagem — Municipio De Fortaleza (R$103.3M),8,222,31714457.0,"Novo PAC Prevenção a Desastres (OGU grant arm / FGTS financing; city can formulate directly) | MDB operation via COFIEX (Union guarantee open at this CAPAG; climate precedents: Palmas, Fortaleza, Joinville) | Fundo Amazônia grant window (city mostly as enabler via state/OSC; direct municipal grants are rare: 7 of 146) | Route A grant arm (adaptation windows favour vulnerability; fund-level matching pending inventory) | MIDR/Sedec civil-defence transfers on declared emergency"
ipcc_0097,Upgrade food storage and distribution for climate resilience,medium,high,BR CME,Camaragibe,2603454,PE,A+,credit_screen_pass,8,established,own_budget_or_credit_feasible,A-grant A-credit C B E,2,0,Novo PAC 2025 — Prevenção a Desastres (encostas): Novo PAC 2025 encostas — Camaragibe (R$7.4M); COFIEX — CAF: Desenvolvimento e Mobilidade Urbana de Camaragibe (R$50.0M),9,222,31714457.0,"Novo PAC Prevenção a Desastres (OGU grant arm / FGTS financing; city can formulate directly) | MDB operation via COFIEX (Union guarantee open at this CAPAG; climate precedents: Palmas, Fortaleza, Joinville) | Fundo Amazônia grant window (city mostly as enabler via state/OSC; direct municipal grants are rare: 7 of 146) | Route A grant arm (adaptation windows favour vulnerability; fund-level matching pending inventory) | MIDR/Sedec civil-defence transfers on declared emergency"
ipcc_0098,"Increase resilience by improving access to food, improving livelihoods and promoting dietary shifts and food waste reduction",medium,medium,BR CXL,Caxias do Sul,4305108,RS,A+,credit_screen_pass,9,established,own_budget_or_credit_feasible,A-grant A-credit C B E,1,0,Novo PAC 2025 — Prevenção a Desastres (encostas): Novo PAC 2025 encostas — Caxias Do Sul (R$1.2M),13,231,32228913.0,"Novo PAC Prevenção a Desastres (OGU grant arm / FGTS financing; city can formulate directly) | MDB operation via COFIEX (Union guarantee open at this CAPAG; climate precedents: Palmas, Fortaleza, Joinville) | Fundo Amazônia grant window (city mostly as enabler via state/OSC; direct municipal grants are rare: 7 of 146) | Route A grant arm (adaptation windows favour vulnerability; fund-level matching pending inventory) | MIDR/Sedec civil-defence transfers on declared emergency"
ipcc_0098,"Increase resilience by improving access to food, improving livelihoods and promoting dietary shifts and food waste reduction",medium,medium,BR MGE,Maranguape,2307700,CE,C,credit_screen_fail_fiscal,9,established,needs_external_cofinance,A-grant B E,0,0,,8,231,32228913.0,Novo PAC Prevenção a Desastres (OGU grant arm / FGTS financing; city can formulate directly) | Fundo Amazônia grant window (city mostly as enabler via state/OSC; direct municipal grants are rare: 7 of 146) | Route A grant arm (adaptation windows favour vulnerability; fund-level matching pending inventory) | MIDR/Sedec civil-defence transfers on declared emergency
ipcc_0098,"Increase resilience by improving access to food, improving livelihoods and promoting dietary shifts and food waste reduction",medium,medium,BR RIO,Rio de Janeiro,3304557,RJ,B,credit_screen_pass,11,extensive,own_budget_or_credit_feasible,A-grant A-credit C B E,1,1,Novo PAC 2025 — Prevenção a Desastres (drenagem): Novo PAC 2025 drenagem — Municipio De Rio De Janeiro (R$150.0M),20,231,32228913.0,"Novo PAC Prevenção a Desastres (OGU grant arm / FGTS financing; city can formulate directly) | MDB operation via COFIEX (Union guarantee open at this CAPAG; climate precedents: Palmas, Fortaleza, Joinville) | Fundo Amazônia grant window (city mostly as enabler via state/OSC; direct municipal grants are rare: 7 of 146) | Route A grant arm (adaptation windows favour vulnerability; fund-level matching pending inventory) | MIDR/Sedec civil-defence transfers on declared emergency"
ipcc_0098,"Increase resilience by improving access to food, improving livelihoods and promoting dietary shifts and food waste reduction",medium,medium,BR BCA,Barcarena,1501303,PA,n.d.,credit_screen_unknown,10,extensive,needs_external_cofinance,A-grant B E,1,1,Novo PAC 2025 — Prevenção a Desastres (drenagem): Novo PAC 2025 drenagem — Municipio De Barcarena (R$13.4M),37,231,32228913.0,Novo PAC Prevenção a Desastres (OGU grant arm / FGTS financing; city can formulate directly) | Fundo Amazônia grant window (city mostly as enabler via state/OSC; direct municipal grants are rare: 7 of 146) | Route A grant arm (adaptation windows favour vulnerability; fund-level matching pending inventory) | MIDR/Sedec civil-defence transfers on declared emergency
ipcc_0098,"Increase resilience by improving access to food, improving livelihoods and promoting dietary shifts and food waste reduction",medium,medium,BR CMA,Cametá,1502103,PA,C,credit_screen_fail_information_quality,9,established,needs_external_cofinance,A-grant B,0,0,,37,231,32228913.0,Novo PAC Prevenção a Desastres (OGU grant arm / FGTS financing; city can formulate directly) | Fundo Amazônia grant window (city mostly as enabler via state/OSC; direct municipal grants are rare: 7 of 146) | Route A grant arm (adaptation windows favour vulnerability; fund-level matching pending inventory)
ipcc_0098,"Increase resilience by improving access to food, improving livelihoods and promoting dietary shifts and food waste reduction",medium,medium,BR PES,Petrópolis,3303906,RJ,n.d.,credit_screen_unknown,11,extensive,needs_external_cofinance,A-grant B E,3,1,Novo PAC 2025 — Prevenção a Desastres (drenagem): Novo PAC 2025 drenagem — Municipio De Petropolis (R$50.0M),20,231,32228913.0,Novo PAC Prevenção a Desastres (OGU grant arm / FGTS financing; city can formulate directly) | Fundo Amazônia grant window (city mostly as enabler via state/OSC; direct municipal grants are rare: 7 of 146) | Route A grant arm (adaptation windows favour vulnerability; fund-level matching pending inventory) | MIDR/Sedec civil-defence transfers on declared emergency
ipcc_0098,"Increase resilience by improving access to food, improving livelihoods and promoting dietary shifts and food waste reduction",medium,medium,BR FOR,Fortaleza,2304400,CE,B+,credit_screen_pass,11,extensive,own_budget_or_credit_feasible,A-grant A-credit C B E,2,1,Novo PAC 2025 — Prevenção a Desastres (drenagem): Novo PAC 2025 drenagem — Municipio De Fortaleza (R$103.3M),8,231,32228913.0,"Novo PAC Prevenção a Desastres (OGU grant arm / FGTS financing; city can formulate directly) | MDB operation via COFIEX (Union guarantee open at this CAPAG; climate precedents: Palmas, Fortaleza, Joinville) | Fundo Amazônia grant window (city mostly as enabler via state/OSC; direct municipal grants are rare: 7 of 146) | Route A grant arm (adaptation windows favour vulnerability; fund-level matching pending inventory) | MIDR/Sedec civil-defence transfers on declared emergency"
ipcc_0098,"Increase resilience by improving access to food, improving livelihoods and promoting dietary shifts and food waste reduction",medium,medium,BR CME,Camaragibe,2603454,PE,A+,credit_screen_pass,8,established,own_budget_or_credit_feasible,A-grant A-credit C B E,2,0,Novo PAC 2025 — Prevenção a Desastres (encostas): Novo PAC 2025 encostas — Camaragibe (R$7.4M); COFIEX — CAF: Desenvolvimento e Mobilidade Urbana de Camaragibe (R$50.0M),9,231,32228913.0,"Novo PAC Prevenção a Desastres (OGU grant arm / FGTS financing; city can formulate directly) | MDB operation via COFIEX (Union guarantee open at this CAPAG; climate precedents: Palmas, Fortaleza, Joinville) | Fundo Amazônia grant window (city mostly as enabler via state/OSC; direct municipal grants are rare: 7 of 146) | Route A grant arm (adaptation windows favour vulnerability; fund-level matching pending inventory) | MIDR/Sedec civil-defence transfers on declared emergency"
ipcc_0099,Increase Water Capture and Storage,medium,high,BR CXL,Caxias do Sul,4305108,RS,A+,credit_screen_pass,9,established,own_budget_or_credit_feasible,A-grant A-credit C B E,1,0,Novo PAC 2025 — Prevenção a Desastres (encostas): Novo PAC 2025 encostas — Caxias Do Sul (R$1.2M),13,222,31714457.0,"Novo PAC Prevenção a Desastres (OGU grant arm / FGTS financing; city can formulate directly) | MDB operation via COFIEX (Union guarantee open at this CAPAG; climate precedents: Palmas, Fortaleza, Joinville) | Fundo Amazônia grant window (city mostly as enabler via state/OSC; direct municipal grants are rare: 7 of 146) | Route A grant arm (adaptation windows favour vulnerability; fund-level matching pending inventory) | MIDR/Sedec civil-defence transfers on declared emergency"
ipcc_0099,Increase Water Capture and Storage,medium,high,BR MGE,Maranguape,2307700,CE,C,credit_screen_fail_fiscal,9,established,needs_external_cofinance,A-grant B E,0,0,,8,222,31714457.0,Novo PAC Prevenção a Desastres (OGU grant arm / FGTS financing; city can formulate directly) | Fundo Amazônia grant window (city mostly as enabler via state/OSC; direct municipal grants are rare: 7 of 146) | Route A grant arm (adaptation windows favour vulnerability; fund-level matching pending inventory) | MIDR/Sedec civil-defence transfers on declared emergency
ipcc_0099,Increase Water Capture and Storage,medium,high,BR RIO,Rio de Janeiro,3304557,RJ,B,credit_screen_pass,11,extensive,own_budget_or_credit_feasible,A-grant A-credit C B E,1,1,Novo PAC 2025 — Prevenção a Desastres (drenagem): Novo PAC 2025 drenagem — Municipio De Rio De Janeiro (R$150.0M),20,222,31714457.0,"Novo PAC Prevenção a Desastres (OGU grant arm / FGTS financing; city can formulate directly) | MDB operation via COFIEX (Union guarantee open at this CAPAG; climate precedents: Palmas, Fortaleza, Joinville) | Fundo Amazônia grant window (city mostly as enabler via state/OSC; direct municipal grants are rare: 7 of 146) | Route A grant arm (adaptation windows favour vulnerability; fund-level matching pending inventory) | MIDR/Sedec civil-defence transfers on declared emergency"
ipcc_0099,Increase Water Capture and Storage,medium,high,BR BCA,Barcarena,1501303,PA,n.d.,credit_screen_unknown,10,extensive,needs_external_cofinance,A-grant B E,1,1,Novo PAC 2025 — Prevenção a Desastres (drenagem): Novo PAC 2025 drenagem — Municipio De Barcarena (R$13.4M),33,222,31714457.0,Novo PAC Prevenção a Desastres (OGU grant arm / FGTS financing; city can formulate directly) | Fundo Amazônia grant window (city mostly as enabler via state/OSC; direct municipal grants are rare: 7 of 146) | Route A grant arm (adaptation windows favour vulnerability; fund-level matching pending inventory) | MIDR/Sedec civil-defence transfers on declared emergency
ipcc_0099,Increase Water Capture and Storage,medium,high,BR CMA,Cametá,1502103,PA,C,credit_screen_fail_information_quality,9,established,needs_external_cofinance,A-grant B,0,0,,33,222,31714457.0,Novo PAC Prevenção a Desastres (OGU grant arm / FGTS financing; city can formulate directly) | Fundo Amazônia grant window (city mostly as enabler via state/OSC; direct municipal grants are rare: 7 of 146) | Route A grant arm (adaptation windows favour vulnerability; fund-level matching pending inventory)
ipcc_0099,Increase Water Capture and Storage,medium,high,BR PES,Petrópolis,3303906,RJ,n.d.,credit_screen_unknown,11,extensive,needs_external_cofinance,A-grant B E,3,1,Novo PAC 2025 — Prevenção a Desastres (drenagem): Novo PAC 2025 drenagem — Municipio De Petropolis (R$50.0M),20,222,31714457.0,Novo PAC Prevenção a Desastres (OGU grant arm / FGTS financing; city can formulate directly) | Fundo Amazônia grant window (city mostly as enabler via state/OSC; direct municipal grants are rare: 7 of 146) | Route A grant arm (adaptation windows favour vulnerability; fund-level matching pending inventory) | MIDR/Sedec civil-defence transfers on declared emergency
ipcc_0099,Increase Water Capture and Storage,medium,high,BR FOR,Fortaleza,2304400,CE,B+,credit_screen_pass,11,extensive,own_budget_or_credit_feasible,A-grant A-credit C B E,2,1,Novo PAC 2025 — Prevenção a Desastres (drenagem): Novo PAC 2025 drenagem — Municipio De Fortaleza (R$103.3M),8,222,31714457.0,"Novo PAC Prevenção a Desastres (OGU grant arm / FGTS financing; city can formulate directly) | MDB operation via COFIEX (Union guarantee open at this CAPAG; climate precedents: Palmas, Fortaleza, Joinville) | Fundo Amazônia grant window (city mostly as enabler via state/OSC; direct municipal grants are rare: 7 of 146) | Route A grant arm (adaptation windows favour vulnerability; fund-level matching pending inventory) | MIDR/Sedec civil-defence transfers on declared emergency"
ipcc_0099,Increase Water Capture and Storage,medium,high,BR CME,Camaragibe,2603454,PE,A+,credit_screen_pass,8,established,own_budget_or_credit_feasible,A-grant A-credit C B E,2,0,Novo PAC 2025 — Prevenção a Desastres (encostas): Novo PAC 2025 encostas — Camaragibe (R$7.4M); COFIEX — CAF: Desenvolvimento e Mobilidade Urbana de Camaragibe (R$50.0M),9,222,31714457.0,"Novo PAC Prevenção a Desastres (OGU grant arm / FGTS financing; city can formulate directly) | MDB operation via COFIEX (Union guarantee open at this CAPAG; climate precedents: Palmas, Fortaleza, Joinville) | Fundo Amazônia grant window (city mostly as enabler via state/OSC; direct municipal grants are rare: 7 of 146) | Route A grant arm (adaptation windows favour vulnerability; fund-level matching pending inventory) | MIDR/Sedec civil-defence transfers on declared emergency"
ipcc_0100,Improve Efficient water use/demand,medium,high,BR CXL,Caxias do Sul,4305108,RS,A+,credit_screen_pass,9,established,own_budget_or_credit_feasible,A-grant A-credit C B E,1,0,Novo PAC 2025 — Prevenção a Desastres (encostas): Novo PAC 2025 encostas — Caxias Do Sul (R$1.2M),0,10,12360925.0,"MDB operation via COFIEX (Union guarantee open at this CAPAG; climate precedents: Palmas, Fortaleza, Joinville) | Fundo Amazônia grant window (city mostly as enabler via state/OSC; direct municipal grants are rare: 7 of 146) | Route A grant arm (adaptation windows favour vulnerability; fund-level matching pending inventory) | MIDR/Sedec civil-defence transfers on declared emergency"
ipcc_0100,Improve Efficient water use/demand,medium,high,BR MGE,Maranguape,2307700,CE,C,credit_screen_fail_fiscal,9,established,needs_external_cofinance,A-grant B E,0,0,,0,10,12360925.0,Fundo Amazônia grant window (city mostly as enabler via state/OSC; direct municipal grants are rare: 7 of 146) | Route A grant arm (adaptation windows favour vulnerability; fund-level matching pending inventory) | MIDR/Sedec civil-defence transfers on declared emergency
ipcc_0100,Improve Efficient water use/demand,medium,high,BR RIO,Rio de Janeiro,3304557,RJ,B,credit_screen_pass,11,extensive,own_budget_or_credit_feasible,A-grant A-credit C B E,1,0,Novo PAC 2025 — Prevenção a Desastres (drenagem): Novo PAC 2025 drenagem — Municipio De Rio De Janeiro (R$150.0M),0,10,12360925.0,"MDB operation via COFIEX (Union guarantee open at this CAPAG; climate precedents: Palmas, Fortaleza, Joinville) | Fundo Amazônia grant window (city mostly as enabler via state/OSC; direct municipal grants are rare: 7 of 146) | Route A grant arm (adaptation windows favour vulnerability; fund-level matching pending inventory) | MIDR/Sedec civil-defence transfers on declared emergency"
ipcc_0100,Improve Efficient water use/demand,medium,high,BR BCA,Barcarena,1501303,PA,n.d.,credit_screen_unknown,10,extensive,needs_external_cofinance,A-grant B E,1,0,Novo PAC 2025 — Prevenção a Desastres (drenagem): Novo PAC 2025 drenagem — Municipio De Barcarena (R$13.4M),2,10,12360925.0,Fundo Amazônia grant window (city mostly as enabler via state/OSC; direct municipal grants are rare: 7 of 146) | Route A grant arm (adaptation windows favour vulnerability; fund-level matching pending inventory) | MIDR/Sedec civil-defence transfers on declared emergency
ipcc_0100,Improve Efficient water use/demand,medium,high,BR CMA,Cametá,1502103,PA,C,credit_screen_fail_information_quality,9,established,needs_external_cofinance,A-grant B,0,0,,2,10,12360925.0,Fundo Amazônia grant window (city mostly as enabler via state/OSC; direct municipal grants are rare: 7 of 146) | Route A grant arm (adaptation windows favour vulnerability; fund-level matching pending inventory)
ipcc_0100,Improve Efficient water use/demand,medium,high,BR PES,Petrópolis,3303906,RJ,n.d.,credit_screen_unknown,11,extensive,needs_external_cofinance,A-grant B E,3,0,Novo PAC 2025 — Prevenção a Desastres (encostas): Novo PAC 2025 encostas — Petrópolis (R$11.0M); Novo PAC 2025 — Prevenção a Desastres (encostas): Novo PAC 2025 encostas — Petrópolis (R$13.8M); Novo PAC 2025 — Prevenção a Desastres (drenagem): Novo PAC 2025 drenagem — Municipio De Petropolis (R$50.0M),0,10,12360925.0,Fundo Amazônia grant window (city mostly as enabler via state/OSC; direct municipal grants are rare: 7 of 146) | Route A grant arm (adaptation windows favour vulnerability; fund-level matching pending inventory) | MIDR/Sedec civil-defence transfers on declared emergency
ipcc_0100,Improve Efficient water use/demand,medium,high,BR FOR,Fortaleza,2304400,CE,B+,credit_screen_pass,11,extensive,own_budget_or_credit_feasible,A-grant A-credit C B E,2,0,"Novo PAC 2025 — Prevenção a Desastres (drenagem): Novo PAC 2025 drenagem — Municipio De Fortaleza (R$103.3M); COFIEX — BIRD: Promoção da Sustentabilidade Urbana, Ambiental e Fiscal de Fortaleza (R$194.8M)",0,10,12360925.0,"MDB operation via COFIEX (Union guarantee open at this CAPAG; climate precedents: Palmas, Fortaleza, Joinville) | Fundo Amazônia grant window (city mostly as enabler via state/OSC; direct municipal grants are rare: 7 of 146) | Route A grant arm (adaptation windows favour vulnerability; fund-level matching pending inventory) | MIDR/Sedec civil-defence transfers on declared emergency"
ipcc_0100,Improve Efficient water use/demand,medium,high,BR CME,Camaragibe,2603454,PE,A+,credit_screen_pass,8,established,own_budget_or_credit_feasible,A-grant A-credit C B E,2,0,Novo PAC 2025 — Prevenção a Desastres (encostas): Novo PAC 2025 encostas — Camaragibe (R$7.4M); COFIEX — CAF: Desenvolvimento e Mobilidade Urbana de Camaragibe (R$50.0M),0,10,12360925.0,"MDB operation via COFIEX (Union guarantee open at this CAPAG; climate precedents: Palmas, Fortaleza, Joinville) | Fundo Amazônia grant window (city mostly as enabler via state/OSC; direct municipal grants are rare: 7 of 146) | Route A grant arm (adaptation windows favour vulnerability; fund-level matching pending inventory) | MIDR/Sedec civil-defence transfers on declared emergency"
ipcc_0101,Improve urban water management,medium,high,BR CXL,Caxias do Sul,4305108,RS,A+,credit_screen_pass,9,established,own_budget_or_credit_feasible,A-grant A-credit C B E,1,0,Novo PAC 2025 — Prevenção a Desastres (encostas): Novo PAC 2025 encostas — Caxias Do Sul (R$1.2M),13,222,31714457.0,"Novo PAC Prevenção a Desastres (OGU grant arm / FGTS financing; city can formulate directly) | MDB operation via COFIEX (Union guarantee open at this CAPAG; climate precedents: Palmas, Fortaleza, Joinville) | Fundo Amazônia grant window (city mostly as enabler via state/OSC; direct municipal grants are rare: 7 of 146) | Route A grant arm (adaptation windows favour vulnerability; fund-level matching pending inventory) | MIDR/Sedec civil-defence transfers on declared emergency"
ipcc_0101,Improve urban water management,medium,high,BR MGE,Maranguape,2307700,CE,C,credit_screen_fail_fiscal,9,established,needs_external_cofinance,A-grant B E,0,0,,8,222,31714457.0,Novo PAC Prevenção a Desastres (OGU grant arm / FGTS financing; city can formulate directly) | Fundo Amazônia grant window (city mostly as enabler via state/OSC; direct municipal grants are rare: 7 of 146) | Route A grant arm (adaptation windows favour vulnerability; fund-level matching pending inventory) | MIDR/Sedec civil-defence transfers on declared emergency
ipcc_0101,Improve urban water management,medium,high,BR RIO,Rio de Janeiro,3304557,RJ,B,credit_screen_pass,11,extensive,own_budget_or_credit_feasible,A-grant A-credit C B E,1,1,Novo PAC 2025 — Prevenção a Desastres (drenagem): Novo PAC 2025 drenagem — Municipio De Rio De Janeiro (R$150.0M),20,222,31714457.0,"Novo PAC Prevenção a Desastres (OGU grant arm / FGTS financing; city can formulate directly) | MDB operation via COFIEX (Union guarantee open at this CAPAG; climate precedents: Palmas, Fortaleza, Joinville) | Fundo Amazônia grant window (city mostly as enabler via state/OSC; direct municipal grants are rare: 7 of 146) | Route A grant arm (adaptation windows favour vulnerability; fund-level matching pending inventory) | MIDR/Sedec civil-defence transfers on declared emergency"
ipcc_0101,Improve urban water management,medium,high,BR BCA,Barcarena,1501303,PA,n.d.,credit_screen_unknown,10,extensive,needs_external_cofinance,A-grant B E,1,1,Novo PAC 2025 — Prevenção a Desastres (drenagem): Novo PAC 2025 drenagem — Municipio De Barcarena (R$13.4M),33,222,31714457.0,Novo PAC Prevenção a Desastres (OGU grant arm / FGTS financing; city can formulate directly) | Fundo Amazônia grant window (city mostly as enabler via state/OSC; direct municipal grants are rare: 7 of 146) | Route A grant arm (adaptation windows favour vulnerability; fund-level matching pending inventory) | MIDR/Sedec civil-defence transfers on declared emergency
ipcc_0101,Improve urban water management,medium,high,BR CMA,Cametá,1502103,PA,C,credit_screen_fail_information_quality,9,established,needs_external_cofinance,A-grant B,0,0,,33,222,31714457.0,Novo PAC Prevenção a Desastres (OGU grant arm / FGTS financing; city can formulate directly) | Fundo Amazônia grant window (city mostly as enabler via state/OSC; direct municipal grants are rare: 7 of 146) | Route A grant arm (adaptation windows favour vulnerability; fund-level matching pending inventory)
ipcc_0101,Improve urban water management,medium,high,BR PES,Petrópolis,3303906,RJ,n.d.,credit_screen_unknown,11,extensive,needs_external_cofinance,A-grant B E,3,1,Novo PAC 2025 — Prevenção a Desastres (drenagem): Novo PAC 2025 drenagem — Municipio De Petropolis (R$50.0M),20,222,31714457.0,Novo PAC Prevenção a Desastres (OGU grant arm / FGTS financing; city can formulate directly) | Fundo Amazônia grant window (city mostly as enabler via state/OSC; direct municipal grants are rare: 7 of 146) | Route A grant arm (adaptation windows favour vulnerability; fund-level matching pending inventory) | MIDR/Sedec civil-defence transfers on declared emergency
ipcc_0101,Improve urban water management,medium,high,BR FOR,Fortaleza,2304400,CE,B+,credit_screen_pass,11,extensive,own_budget_or_credit_feasible,A-grant A-credit C B E,2,1,Novo PAC 2025 — Prevenção a Desastres (drenagem): Novo PAC 2025 drenagem — Municipio De Fortaleza (R$103.3M),8,222,31714457.0,"Novo PAC Prevenção a Desastres (OGU grant arm / FGTS financing; city can formulate directly) | MDB operation via COFIEX (Union guarantee open at this CAPAG; climate precedents: Palmas, Fortaleza, Joinville) | Fundo Amazônia grant window (city mostly as enabler via state/OSC; direct municipal grants are rare: 7 of 146) | Route A grant arm (adaptation windows favour vulnerability; fund-level matching pending inventory) | MIDR/Sedec civil-defence transfers on declared emergency"
ipcc_0101,Improve urban water management,medium,high,BR CME,Camaragibe,2603454,PE,A+,credit_screen_pass,8,established,own_budget_or_credit_feasible,A-grant A-credit C B E,2,0,Novo PAC 2025 — Prevenção a Desastres (encostas): Novo PAC 2025 encostas — Camaragibe (R$7.4M); COFIEX — CAF: Desenvolvimento e Mobilidade Urbana de Camaragibe (R$50.0M),9,222,31714457.0,"Novo PAC Prevenção a Desastres (OGU grant arm / FGTS financing; city can formulate directly) | MDB operation via COFIEX (Union guarantee open at this CAPAG; climate precedents: Palmas, Fortaleza, Joinville) | Fundo Amazônia grant window (city mostly as enabler via state/OSC; direct municipal grants are rare: 7 of 146) | Route A grant arm (adaptation windows favour vulnerability; fund-level matching pending inventory) | MIDR/Sedec civil-defence transfers on declared emergency"
ipcc_0102,Facilitate seasonal and temporary mobility strategies,medium,medium,BR CXL,Caxias do Sul,4305108,RS,A+,credit_screen_pass,9,established,own_budget_or_credit_feasible,A-grant A-credit C B E,1,0,Novo PAC 2025 — Prevenção a Desastres (encostas): Novo PAC 2025 encostas — Caxias Do Sul (R$1.2M),0,15,17575286.0,"MDB operation via COFIEX (Union guarantee open at this CAPAG; climate precedents: Palmas, Fortaleza, Joinville) | Fundo Amazônia grant window (city mostly as enabler via state/OSC; direct municipal grants are rare: 7 of 146) | Route A grant arm (adaptation windows favour vulnerability; fund-level matching pending inventory) | MIDR/Sedec civil-defence transfers on declared emergency"
ipcc_0102,Facilitate seasonal and temporary mobility strategies,medium,medium,BR MGE,Maranguape,2307700,CE,C,credit_screen_fail_fiscal,9,established,needs_external_cofinance,A-grant B E,0,0,,0,15,17575286.0,Fundo Amazônia grant window (city mostly as enabler via state/OSC; direct municipal grants are rare: 7 of 146) | Route A grant arm (adaptation windows favour vulnerability; fund-level matching pending inventory) | MIDR/Sedec civil-defence transfers on declared emergency
ipcc_0102,Facilitate seasonal and temporary mobility strategies,medium,medium,BR RIO,Rio de Janeiro,3304557,RJ,B,credit_screen_pass,11,extensive,own_budget_or_credit_feasible,A-grant A-credit C B E,1,0,Novo PAC 2025 — Prevenção a Desastres (drenagem): Novo PAC 2025 drenagem — Municipio De Rio De Janeiro (R$150.0M),0,15,17575286.0,"MDB operation via COFIEX (Union guarantee open at this CAPAG; climate precedents: Palmas, Fortaleza, Joinville) | Fundo Amazônia grant window (city mostly as enabler via state/OSC; direct municipal grants are rare: 7 of 146) | Route A grant arm (adaptation windows favour vulnerability; fund-level matching pending inventory) | MIDR/Sedec civil-defence transfers on declared emergency"
ipcc_0102,Facilitate seasonal and temporary mobility strategies,medium,medium,BR BCA,Barcarena,1501303,PA,n.d.,credit_screen_unknown,10,extensive,needs_external_cofinance,A-grant B E,1,0,Novo PAC 2025 — Prevenção a Desastres (drenagem): Novo PAC 2025 drenagem — Municipio De Barcarena (R$13.4M),2,15,17575286.0,Fundo Amazônia grant window (city mostly as enabler via state/OSC; direct municipal grants are rare: 7 of 146) | Route A grant arm (adaptation windows favour vulnerability; fund-level matching pending inventory) | MIDR/Sedec civil-defence transfers on declared emergency
ipcc_0102,Facilitate seasonal and temporary mobility strategies,medium,medium,BR CMA,Cametá,1502103,PA,C,credit_screen_fail_information_quality,9,established,needs_external_cofinance,A-grant B,0,0,,2,15,17575286.0,Fundo Amazônia grant window (city mostly as enabler via state/OSC; direct municipal grants are rare: 7 of 146) | Route A grant arm (adaptation windows favour vulnerability; fund-level matching pending inventory)
ipcc_0102,Facilitate seasonal and temporary mobility strategies,medium,medium,BR PES,Petrópolis,3303906,RJ,n.d.,credit_screen_unknown,11,extensive,needs_external_cofinance,A-grant B E,3,0,Novo PAC 2025 — Prevenção a Desastres (encostas): Novo PAC 2025 encostas — Petrópolis (R$11.0M); Novo PAC 2025 — Prevenção a Desastres (encostas): Novo PAC 2025 encostas — Petrópolis (R$13.8M); Novo PAC 2025 — Prevenção a Desastres (drenagem): Novo PAC 2025 drenagem — Municipio De Petropolis (R$50.0M),0,15,17575286.0,Fundo Amazônia grant window (city mostly as enabler via state/OSC; direct municipal grants are rare: 7 of 146) | Route A grant arm (adaptation windows favour vulnerability; fund-level matching pending inventory) | MIDR/Sedec civil-defence transfers on declared emergency
ipcc_0102,Facilitate seasonal and temporary mobility strategies,medium,medium,BR FOR,Fortaleza,2304400,CE,B+,credit_screen_pass,11,extensive,own_budget_or_credit_feasible,A-grant A-credit C B E,2,0,"Novo PAC 2025 — Prevenção a Desastres (drenagem): Novo PAC 2025 drenagem — Municipio De Fortaleza (R$103.3M); COFIEX — BIRD: Promoção da Sustentabilidade Urbana, Ambiental e Fiscal de Fortaleza (R$194.8M)",0,15,17575286.0,"MDB operation via COFIEX (Union guarantee open at this CAPAG; climate precedents: Palmas, Fortaleza, Joinville) | Fundo Amazônia grant window (city mostly as enabler via state/OSC; direct municipal grants are rare: 7 of 146) | Route A grant arm (adaptation windows favour vulnerability; fund-level matching pending inventory) | MIDR/Sedec civil-defence transfers on declared emergency"
ipcc_0102,Facilitate seasonal and temporary mobility strategies,medium,medium,BR CME,Camaragibe,2603454,PE,A+,credit_screen_pass,8,established,own_budget_or_credit_feasible,A-grant A-credit C B E,2,0,Novo PAC 2025 — Prevenção a Desastres (encostas): Novo PAC 2025 encostas — Camaragibe (R$7.4M); COFIEX — CAF: Desenvolvimento e Mobilidade Urbana de Camaragibe (R$50.0M),0,15,17575286.0,"MDB operation via COFIEX (Union guarantee open at this CAPAG; climate precedents: Palmas, Fortaleza, Joinville) | Fundo Amazônia grant window (city mostly as enabler via state/OSC; direct municipal grants are rare: 7 of 146) | Route A grant arm (adaptation windows favour vulnerability; fund-level matching pending inventory) | MIDR/Sedec civil-defence transfers on declared emergency"
ipcc_0103,Strengthen cooperative climate governance,medium,medium,BR CXL,Caxias do Sul,4305108,RS,A+,credit_screen_pass,9,established,own_budget_or_credit_feasible,A-grant A-credit C B E,1,0,Novo PAC 2025 — Prevenção a Desastres (encostas): Novo PAC 2025 encostas — Caxias Do Sul (R$1.2M),0,5,447344000.0,"MDB operation via COFIEX (Union guarantee open at this CAPAG; climate precedents: Palmas, Fortaleza, Joinville) | Route A grant arm (adaptation windows favour vulnerability; fund-level matching pending inventory) | MIDR/Sedec civil-defence transfers on declared emergency"
ipcc_0103,Strengthen cooperative climate governance,medium,medium,BR MGE,Maranguape,2307700,CE,C,credit_screen_fail_fiscal,9,established,needs_external_cofinance,A-grant B E,0,0,,0,5,447344000.0,Route A grant arm (adaptation windows favour vulnerability; fund-level matching pending inventory) | MIDR/Sedec civil-defence transfers on declared emergency
ipcc_0103,Strengthen cooperative climate governance,medium,medium,BR RIO,Rio de Janeiro,3304557,RJ,B,credit_screen_pass,11,extensive,own_budget_or_credit_feasible,A-grant A-credit C B E,1,0,Novo PAC 2025 — Prevenção a Desastres (drenagem): Novo PAC 2025 drenagem — Municipio De Rio De Janeiro (R$150.0M),0,5,447344000.0,"MDB operation via COFIEX (Union guarantee open at this CAPAG; climate precedents: Palmas, Fortaleza, Joinville) | Route A grant arm (adaptation windows favour vulnerability; fund-level matching pending inventory) | MIDR/Sedec civil-defence transfers on declared emergency"
ipcc_0103,Strengthen cooperative climate governance,medium,medium,BR BCA,Barcarena,1501303,PA,n.d.,credit_screen_unknown,10,extensive,needs_external_cofinance,A-grant B E,1,0,Novo PAC 2025 — Prevenção a Desastres (drenagem): Novo PAC 2025 drenagem — Municipio De Barcarena (R$13.4M),0,5,447344000.0,Route A grant arm (adaptation windows favour vulnerability; fund-level matching pending inventory) | MIDR/Sedec civil-defence transfers on declared emergency
ipcc_0103,Strengthen cooperative climate governance,medium,medium,BR CMA,Cametá,1502103,PA,C,credit_screen_fail_information_quality,9,established,needs_external_cofinance,A-grant B,0,0,,0,5,447344000.0,Route A grant arm (adaptation windows favour vulnerability; fund-level matching pending inventory)
ipcc_0103,Strengthen cooperative climate governance,medium,medium,BR PES,Petrópolis,3303906,RJ,n.d.,credit_screen_unknown,11,extensive,needs_external_cofinance,A-grant B E,3,0,Novo PAC 2025 — Prevenção a Desastres (encostas): Novo PAC 2025 encostas — Petrópolis (R$11.0M); Novo PAC 2025 — Prevenção a Desastres (encostas): Novo PAC 2025 encostas — Petrópolis (R$13.8M); Novo PAC 2025 — Prevenção a Desastres (drenagem): Novo PAC 2025 drenagem — Municipio De Petropolis (R$50.0M),0,5,447344000.0,Route A grant arm (adaptation windows favour vulnerability; fund-level matching pending inventory) | MIDR/Sedec civil-defence transfers on declared emergency
ipcc_0103,Strengthen cooperative climate governance,medium,medium,BR FOR,Fortaleza,2304400,CE,B+,credit_screen_pass,11,extensive,own_budget_or_credit_feasible,A-grant A-credit C B E,2,0,"Novo PAC 2025 — Prevenção a Desastres (drenagem): Novo PAC 2025 drenagem — Municipio De Fortaleza (R$103.3M); COFIEX — BIRD: Promoção da Sustentabilidade Urbana, Ambiental e Fiscal de Fortaleza (R$194.8M)",0,5,447344000.0,"MDB operation via COFIEX (Union guarantee open at this CAPAG; climate precedents: Palmas, Fortaleza, Joinville) | Route A grant arm (adaptation windows favour vulnerability; fund-level matching pending inventory) | MIDR/Sedec civil-defence transfers on declared emergency"
ipcc_0103,Strengthen cooperative climate governance,medium,medium,BR CME,Camaragibe,2603454,PE,A+,credit_screen_pass,8,established,own_budget_or_credit_feasible,A-grant A-credit C B E,2,0,Novo PAC 2025 — Prevenção a Desastres (encostas): Novo PAC 2025 encostas — Camaragibe (R$7.4M); COFIEX — CAF: Desenvolvimento e Mobilidade Urbana de Camaragibe (R$50.0M),0,5,447344000.0,"MDB operation via COFIEX (Union guarantee open at this CAPAG; climate precedents: Palmas, Fortaleza, Joinville) | Route A grant arm (adaptation windows favour vulnerability; fund-level matching pending inventory) | MIDR/Sedec civil-defence transfers on declared emergency"
ipcc_0104,Plan and support permanent climate‑related migration,high,medium,BR CXL,Caxias do Sul,4305108,RS,A+,credit_screen_pass,9,established,own_budget_or_credit_feasible,A-grant A-credit C B E,1,1,Novo PAC 2025 — Prevenção a Desastres (encostas): Novo PAC 2025 encostas — Caxias Do Sul (R$1.2M),19,320,22859423.0,"Novo PAC Prevenção a Desastres (OGU grant arm / FGTS financing; city can formulate directly) | MDB operation via COFIEX (Union guarantee open at this CAPAG; climate precedents: Palmas, Fortaleza, Joinville) | Route A grant arm (adaptation windows favour vulnerability; fund-level matching pending inventory) | MIDR/Sedec civil-defence transfers on declared emergency"
ipcc_0104,Plan and support permanent climate‑related migration,high,medium,BR MGE,Maranguape,2307700,CE,C,credit_screen_fail_fiscal,9,established,needs_external_cofinance,A-grant B E,0,0,,11,320,22859423.0,Novo PAC Prevenção a Desastres (OGU grant arm / FGTS financing; city can formulate directly) | Route A grant arm (adaptation windows favour vulnerability; fund-level matching pending inventory) | MIDR/Sedec civil-defence transfers on declared emergency
ipcc_0104,Plan and support permanent climate‑related migration,high,medium,BR RIO,Rio de Janeiro,3304557,RJ,B,credit_screen_pass,11,extensive,own_budget_or_credit_feasible,A-grant A-credit C B E,1,1,Novo PAC 2025 — Prevenção a Desastres (drenagem): Novo PAC 2025 drenagem — Municipio De Rio De Janeiro (R$150.0M),30,320,22859423.0,"Novo PAC Prevenção a Desastres (OGU grant arm / FGTS financing; city can formulate directly) | MDB operation via COFIEX (Union guarantee open at this CAPAG; climate precedents: Palmas, Fortaleza, Joinville) | Route A grant arm (adaptation windows favour vulnerability; fund-level matching pending inventory) | MIDR/Sedec civil-defence transfers on declared emergency"
ipcc_0104,Plan and support permanent climate‑related migration,high,medium,BR BCA,Barcarena,1501303,PA,n.d.,credit_screen_unknown,10,extensive,needs_external_cofinance,A-grant B E,1,1,Novo PAC 2025 — Prevenção a Desastres (drenagem): Novo PAC 2025 drenagem — Municipio De Barcarena (R$13.4M),33,320,22859423.0,Novo PAC Prevenção a Desastres (OGU grant arm / FGTS financing; city can formulate directly) | Route A grant arm (adaptation windows favour vulnerability; fund-level matching pending inventory) | MIDR/Sedec civil-defence transfers on declared emergency
ipcc_0104,Plan and support permanent climate‑related migration,high,medium,BR CMA,Cametá,1502103,PA,C,credit_screen_fail_information_quality,9,established,needs_external_cofinance,A-grant B,0,0,,33,320,22859423.0,Novo PAC Prevenção a Desastres (OGU grant arm / FGTS financing; city can formulate directly) | Route A grant arm (adaptation windows favour vulnerability; fund-level matching pending inventory)
ipcc_0104,Plan and support permanent climate‑related migration,high,medium,BR PES,Petrópolis,3303906,RJ,n.d.,credit_screen_unknown,11,extensive,needs_external_cofinance,A-grant B E,3,3,Novo PAC 2025 — Prevenção a Desastres (encostas): Novo PAC 2025 encostas — Petrópolis (R$11.0M); Novo PAC 2025 — Prevenção a Desastres (encostas): Novo PAC 2025 encostas — Petrópolis (R$13.8M); Novo PAC 2025 — Prevenção a Desastres (drenagem): Novo PAC 2025 drenagem — Municipio De Petropolis (R$50.0M),30,320,22859423.0,Novo PAC Prevenção a Desastres (OGU grant arm / FGTS financing; city can formulate directly) | Route A grant arm (adaptation windows favour vulnerability; fund-level matching pending inventory) | MIDR/Sedec civil-defence transfers on declared emergency
ipcc_0104,Plan and support permanent climate‑related migration,high,medium,BR FOR,Fortaleza,2304400,CE,B+,credit_screen_pass,11,extensive,own_budget_or_credit_feasible,A-grant A-credit C B E,2,1,Novo PAC 2025 — Prevenção a Desastres (drenagem): Novo PAC 2025 drenagem — Municipio De Fortaleza (R$103.3M),11,320,22859423.0,"Novo PAC Prevenção a Desastres (OGU grant arm / FGTS financing; city can formulate directly) | MDB operation via COFIEX (Union guarantee open at this CAPAG; climate precedents: Palmas, Fortaleza, Joinville) | Route A grant arm (adaptation windows favour vulnerability; fund-level matching pending inventory) | MIDR/Sedec civil-defence transfers on declared emergency"
ipcc_0104,Plan and support permanent climate‑related migration,high,medium,BR CME,Camaragibe,2603454,PE,A+,credit_screen_pass,8,established,own_budget_or_credit_feasible,A-grant A-credit C B E,2,1,Novo PAC 2025 — Prevenção a Desastres (encostas): Novo PAC 2025 encostas — Camaragibe (R$7.4M),17,320,22859423.0,"Novo PAC Prevenção a Desastres (OGU grant arm / FGTS financing; city can formulate directly) | MDB operation via COFIEX (Union guarantee open at this CAPAG; climate precedents: Palmas, Fortaleza, Joinville) | Route A grant arm (adaptation windows favour vulnerability; fund-level matching pending inventory) | MIDR/Sedec civil-defence transfers on declared emergency"
