fund,funder_institution,concurso_year,concurso_n,concurso_code,concurso,era,folio,nombre_proyecto,organizacion,organizacion_tipo,clasificacion,gpc_sector,sector_inferred,specificity,comuna,comuna_cut,region,monto_clp,nota,eligible_actor,access_pathway,award_stage,status_as_of
Fondo de Protección Ambiental (FPA),Ministerio del Medio Ambiente (MMA),2021,XXIV,ISC,FPA 2021 - Iniciativas Sustentables Ciudadanas,producto,39669,Concientizando y educando a nuestra comunidad Primavera a través del reciclaje comunitario,Junta de Vecinos Primavera,junta_de_vecinos,Punto Verde,waste,False,sector_specific,Arica,15101,Región de Arica y Parinacota,4000000,2.78,organizacion_sin_fines_de_lucro,intermediated,adjudicado_inicial,2026-06-17
Fondo de Protección Ambiental (FPA),Ministerio del Medio Ambiente (MMA),2021,XXIV,ISC,FPA 2021 - Iniciativas Sustentables Ciudadanas,producto,39679,Recuperando nuestro Casco antiguo de Arica a través del reciclaje y la educación ambiental,Agrupación de Juntas de Vecinos Casco Antiguo de Arica,agrupacion,Punto Verde,waste,False,sector_specific,Arica,15101,Región de Arica y Parinacota,4000000,2.59,organizacion_sin_fines_de_lucro,intermediated,adjudicado_inicial,2026-06-17
Fondo de Protección Ambiental (FPA),Ministerio del Medio Ambiente (MMA),2021,XXIV,ISC,FPA 2021 - Iniciativas Sustentables Ciudadanas,producto,39386,Invernadero Por una nueva Esperanza,Club Adulto Mayor por una Nueva Esperanza,club,Invernadero y compostaje,waste,False,sector_specific,Iquique,1101,Región de Tarapacá,4000000,2.81,organizacion_sin_fines_de_lucro,intermediated,adjudicado_inicial,2026-06-17
Fondo de Protección Ambiental (FPA),Ministerio del Medio Ambiente (MMA),2021,XXIV,ISC,FPA 2021 - Iniciativas Sustentables Ciudadanas,producto,39661,Ampliación del invernadero e implementación de programa de compostaje comunitario,Organización Social Cultural y Deportiva AKATSUKI,otra_org_sin_fines_de_lucro,Invernadero y compostaje,waste,False,sector_specific,Calama,2201,Región de Antofagasta,4000000,2.4,organizacion_sin_fines_de_lucro,intermediated,adjudicado_inicial,2026-06-17
Fondo de Protección Ambiental (FPA),Ministerio del Medio Ambiente (MMA),2021,XXIV,ISC,FPA 2021 - Iniciativas Sustentables Ciudadanas,producto,39032,Reciclando Tejemos Nuestro Barrio,Junta de Vecinos Unión y Progreso Población Rafael Torreblanca,junta_de_vecinos,Cambio Climático y Descontaminación Ambiental,cross,False,broad,Vallenar,3301,Región de Atacama,4000000,2.83,organizacion_sin_fines_de_lucro,intermediated,adjudicado_inicial,2026-06-17
Fondo de Protección Ambiental (FPA),Ministerio del Medio Ambiente (MMA),2021,XXIV,ISC,FPA 2021 - Iniciativas Sustentables Ciudadanas,producto,39129,Freirina se moviliza por el Reciclaje,Agrupación Deportiva Social y Cultural Pedalea Freirina,agrupacion,Punto Verde,waste,False,sector_specific,Freirina,3303,Región de Atacama,4000000,2.58,organizacion_sin_fines_de_lucro,intermediated,adjudicado_inicial,2026-06-17
Fondo de Protección Ambiental (FPA),Ministerio del Medio Ambiente (MMA),2021,XXIV,ISC,FPA 2021 - Iniciativas Sustentables Ciudadanas,producto,38154,Punto Verde Tabaqueros de Rio Hurtado,Junta de Vecinos Tabaqueros,junta_de_vecinos,Punto Verde,waste,False,sector_specific,Río Hurtado,4305,Región de Coquimbo,4000000,2.78,organizacion_sin_fines_de_lucro,intermediated,adjudicado_inicial,2026-06-17
Fondo de Protección Ambiental (FPA),Ministerio del Medio Ambiente (MMA),2021,XXIV,ISC,FPA 2021 - Iniciativas Sustentables Ciudadanas,producto,38605,Módulo de Información Turística Sustentable,Salamanca Choapa Profundo Red Comuna de Turismo,otra_org_sin_fines_de_lucro,Sistema Fotovoltaico OffGrid,stationary_energy,False,sector_specific,Salamanca,4204,Región de Coquimbo,6000000,2.72,organizacion_sin_fines_de_lucro,intermediated,adjudicado_inicial,2026-06-17
Fondo de Protección Ambiental (FPA),Ministerio del Medio Ambiente (MMA),2021,XXIV,ISC,FPA 2021 - Iniciativas Sustentables Ciudadanas,producto,38839,Proyecto de punto verde para la Escuadra,Junta de Vecinos La Escuadra,junta_de_vecinos,Punto Verde,waste,False,sector_specific,San Felipe,5701,Región de Valparaíso,4000000,2.77,organizacion_sin_fines_de_lucro,intermediated,adjudicado_inicial,2026-06-17
Fondo de Protección Ambiental (FPA),Ministerio del Medio Ambiente (MMA),2021,XXIV,ISC,FPA 2021 - Iniciativas Sustentables Ciudadanas,producto,38341,Registro y Conservación Patrimonio Natural Sector Salto del Agua Placilla de Peñuelas,Centro Cultural Placilla,otra_org_sin_fines_de_lucro,Cambio Climático y Descontaminación Ambiental,cross,False,broad,Valparaíso,5101,Región de Valparaíso,4000000,2.62,organizacion_sin_fines_de_lucro,intermediated,adjudicado_inicial,2026-06-17
Fondo de Protección Ambiental (FPA),Ministerio del Medio Ambiente (MMA),2021,XXIV,ISC,FPA 2021 - Iniciativas Sustentables Ciudadanas,producto,37049,Un lugar para reproducción y propagación de Calydorea xiphioides en el Santuario Federico Santa María,Ruta Sustentable,otra_org_sin_fines_de_lucro,Invernadero y compostaje,waste,False,sector_specific,Valparaíso,5101,Región de Valparaíso,4000000,2.62,organizacion_sin_fines_de_lucro,intermediated,adjudicado_inicial,2026-06-17
Fondo de Protección Ambiental (FPA),Ministerio del Medio Ambiente (MMA),2021,XXIV,ISC,FPA 2021 - Iniciativas Sustentables Ciudadanas,producto,37744,Plantines de hierbas aromáticas y medicinales libres de metales en Zona de Sacrificio,Junta de Vecinos El Rungue,junta_de_vecinos,Invernadero y compostaje,waste,False,sector_specific,Puchuncaví,5105,Región de Valparaíso,4000000,2.6,organizacion_sin_fines_de_lucro,intermediated,adjudicado_inicial,2026-06-17
Fondo de Protección Ambiental (FPA),Ministerio del Medio Ambiente (MMA),2021,XXIV,ISC,FPA 2021 - Iniciativas Sustentables Ciudadanas,producto,38783,Mosaico transforma residuos en ecoartesanías,Agrupación de Apoderados y Jóvenes Mosaico,agrupacion,Cambio Climático y Descontaminación Ambiental,cross,False,broad,Maipú,13119,Región Metropolitana de Santiago,4000000,3.1,organizacion_sin_fines_de_lucro,intermediated,adjudicado_inicial,2026-06-17
Fondo de Protección Ambiental (FPA),Ministerio del Medio Ambiente (MMA),2021,XXIV,ISC,FPA 2021 - Iniciativas Sustentables Ciudadanas,producto,38162,Cambiando el Switch: Energías Renovables y Eficiencia Energética en la sede Maipú,Junta de Vecinos Maipú,junta_de_vecinos,Sistema Fotovoltaico OnGrid,stationary_energy,False,sector_specific,Maipú,13119,Región Metropolitana de Santiago,4000000,3.05,organizacion_sin_fines_de_lucro,intermediated,adjudicado_inicial,2026-06-17
Fondo de Protección Ambiental (FPA),Ministerio del Medio Ambiente (MMA),2021,XXIV,ISC,FPA 2021 - Iniciativas Sustentables Ciudadanas,producto,37586,Conservación y sustentabilidad del patrimonio natural educando a la comunidad para contrarrestar el cambio climático,Mi Comuna EcoLógica,otra_org_sin_fines_de_lucro,Cambio Climático y Descontaminación Ambiental,cross,False,broad,Las Condes,13114,Región Metropolitana de Santiago,4000000,2.95,organizacion_sin_fines_de_lucro,intermediated,adjudicado_inicial,2026-06-17
Fondo de Protección Ambiental (FPA),Ministerio del Medio Ambiente (MMA),2021,XXIV,ISC,FPA 2021 - Iniciativas Sustentables Ciudadanas,producto,39217,Reciclando Unidos,Comité de adelanto Chacón Zamora,comite,Punto Verde,waste,False,sector_specific,La Florida,13110,Región Metropolitana de Santiago,4000000,2.9,organizacion_sin_fines_de_lucro,intermediated,adjudicado_inicial,2026-06-17
Fondo de Protección Ambiental (FPA),Ministerio del Medio Ambiente (MMA),2021,XXIV,ISC,FPA 2021 - Iniciativas Sustentables Ciudadanas,producto,38918,¡Día a Día en Resiliencia! Aprendamos como se puede mitigar adaptarnos y ser resilientes al Cambio Climático,Agrupación Cultural Social y Deportiva Rancagua Limpio,agrupacion,Cambio Climático y Descontaminación Ambiental,cross,False,broad,Rancagua,6101,Región del Libertador Gral. Bernardo O'Higgins,4000000,2.87,organizacion_sin_fines_de_lucro,intermediated,adjudicado_inicial,2026-06-17
Fondo de Protección Ambiental (FPA),Ministerio del Medio Ambiente (MMA),2021,XXIV,ISC,FPA 2021 - Iniciativas Sustentables Ciudadanas,producto,38814,Valorando la biodiversidad del Santuario de la Naturaleza dunas y humedales de Putú Huenchullamí,Agrupación Defensa y Conservación Maule Mataquito,agrupacion,Cambio Climático y Descontaminación Ambiental,cross,False,broad,Constitución,7102,Región del Maule,4000000,2.9,organizacion_sin_fines_de_lucro,intermediated,adjudicado_inicial,2026-06-17
Fondo de Protección Ambiental (FPA),Ministerio del Medio Ambiente (MMA),2021,XXIV,ISC,FPA 2021 - Iniciativas Sustentables Ciudadanas,producto,39012,Aprendiendo de revalorización de residuos en comunidad,Junta de Vecinos Raíces de Rauquén,junta_de_vecinos,Cambio Climático y Descontaminación Ambiental,cross,False,broad,Curicó,7301,Región del Maule,4000000,2.85,organizacion_sin_fines_de_lucro,intermediated,adjudicado_inicial,2026-06-17
Fondo de Protección Ambiental (FPA),Ministerio del Medio Ambiente (MMA),2021,XXIV,ISC,FPA 2021 - Iniciativas Sustentables Ciudadanas,producto,38862,En la Plaza de Artesanos aprendemos y usamos energías renovables,Agrupación de Desarrollo Rayen Mawida Flor de Montaña,agrupacion,Sistema Fotovoltaico OnGrid,stationary_energy,False,sector_specific,Romeral,7306,Región del Maule,4000000,2.8,organizacion_sin_fines_de_lucro,intermediated,adjudicado_inicial,2026-06-17
Fondo de Protección Ambiental (FPA),Ministerio del Medio Ambiente (MMA),2021,XXIV,ISC,FPA 2021 - Iniciativas Sustentables Ciudadanas,producto,38874,Programa de sensibilización ecoartístico Todos somos Naturaleza,Centro Cultural y Social Kuraf Werken,otra_org_sin_fines_de_lucro,Cambio Climático y Descontaminación Ambiental,cross,False,broad,Talca,7101,Región del Maule,4000000,2.75,organizacion_sin_fines_de_lucro,intermediated,adjudicado_inicial,2026-06-17
Fondo de Protección Ambiental (FPA),Ministerio del Medio Ambiente (MMA),2021,XXIV,ISC,FPA 2021 - Iniciativas Sustentables Ciudadanas,producto,38479,Continuando la sustentabilidad local en comunidad Juan Pablo II,Junta de vecinos Juan Pablo II,junta_de_vecinos,Cambio Climático y Descontaminación Ambiental,cross,False,broad,Yungay,16109,Región de Ñuble,4000000,2.83,organizacion_sin_fines_de_lucro,intermediated,adjudicado_inicial,2026-06-17
Fondo de Protección Ambiental (FPA),Ministerio del Medio Ambiente (MMA),2021,XXIV,ISC,FPA 2021 - Iniciativas Sustentables Ciudadanas,producto,38788,La tierra del Quillay crece valorizando sus residuos,Junta de Vecinos Quilmo Quillay,junta_de_vecinos,Cambio Climático y Descontaminación Ambiental,cross,False,broad,Chillán Viejo,16103,Región de Ñuble,4000000,2.65,organizacion_sin_fines_de_lucro,intermediated,adjudicado_inicial,2026-06-17
Fondo de Protección Ambiental (FPA),Ministerio del Medio Ambiente (MMA),2021,XXIV,ISC,FPA 2021 - Iniciativas Sustentables Ciudadanas,producto,38633,Concientizando al Barrio Ultraestación sobre los Residuos Sólidos Orgánicos Domiciliarios,Comunidad Un Nuevo Sendero,otra_org_sin_fines_de_lucro,Invernadero y compostaje,waste,False,sector_specific,San Carlos,16301,Región de Ñuble,4000000,2.65,organizacion_sin_fines_de_lucro,intermediated,adjudicado_inicial,2026-06-17
Fondo de Protección Ambiental (FPA),Ministerio del Medio Ambiente (MMA),2021,XXIV,ISC,FPA 2021 - Iniciativas Sustentables Ciudadanas,producto,38954,Clasificar y reciclar para tu calidad de vida mejorar,Junta de Vecinos Nº9 San Juan,junta_de_vecinos,Invernadero y compostaje,waste,False,sector_specific,Tomé,8111,Región del Biobío,4000000,3.03,organizacion_sin_fines_de_lucro,intermediated,adjudicado_inicial,2026-06-17
Fondo de Protección Ambiental (FPA),Ministerio del Medio Ambiente (MMA),2021,XXIV,ISC,FPA 2021 - Iniciativas Sustentables Ciudadanas,producto,38261,Ruta de las Vertientes: Acciones para la conservación del patrimonio natural de los cerros de Talcahuano,Agrupación de Juntas de Vecinos de la Península de Tumbes,agrupacion,Cambio Climático y Descontaminación Ambiental,cross,False,broad,Talcahuano,8110,Región del Biobío,4000000,3.01,organizacion_sin_fines_de_lucro,intermediated,adjudicado_inicial,2026-06-17
Fondo de Protección Ambiental (FPA),Ministerio del Medio Ambiente (MMA),2021,XXIV,ISC,FPA 2021 - Iniciativas Sustentables Ciudadanas,producto,38092,Reforestación Comunitaria Parque Ecológico La Aguada,Comité Ambiental Comuna de Gorbea,comite,Cambio Climático y Descontaminación Ambiental,cross,False,broad,Gorbea,9107,Región de La Araucanía,4000000,3.1,organizacion_sin_fines_de_lucro,intermediated,adjudicado_inicial,2026-06-17
Fondo de Protección Ambiental (FPA),Ministerio del Medio Ambiente (MMA),2021,XXIV,ISC,FPA 2021 - Iniciativas Sustentables Ciudadanas,producto,39622,Arboretum medicinal con fines educativos,Cooperativa de Reciclaje Valdivianos Sin Basura,asociacion_gremial_o_productiva,Cambio Climático y Descontaminación Ambiental,cross,False,broad,Valdivia,14101,Región de Los Ríos,4000000,3.0,organizacion_sin_fines_de_lucro,intermediated,adjudicado_inicial,2026-06-17
Fondo de Protección Ambiental (FPA),Ministerio del Medio Ambiente (MMA),2021,XXIV,ISC,FPA 2021 - Iniciativas Sustentables Ciudadanas,producto,39148,Ahorremos energía cosechemos futuro,Junta de Vecinos Desarrollo y Progreso Unidad Vecinal N°5 Urbana,junta_de_vecinos,Cambio Climático y Descontaminación Ambiental,cross,False,broad,Paillaco,14107,Región de Los Ríos,4000000,3.0,organizacion_sin_fines_de_lucro,intermediated,adjudicado_inicial,2026-06-17
Fondo de Protección Ambiental (FPA),Ministerio del Medio Ambiente (MMA),2021,XXIV,ISC,FPA 2021 - Iniciativas Sustentables Ciudadanas,producto,38871,Más claro que el agua: A promover un uso eficiente del agua en los habitantes de Paillaco,Comité de Agua Potable Rural Sector Lumaco,comite,Cambio Climático y Descontaminación Ambiental,cross,False,broad,Paillaco,14107,Región de Los Ríos,4000000,2.98,organizacion_sin_fines_de_lucro,intermediated,adjudicado_inicial,2026-06-17
Fondo de Protección Ambiental (FPA),Ministerio del Medio Ambiente (MMA),2021,XXIV,ISC,FPA 2021 - Iniciativas Sustentables Ciudadanas,producto,38215,Huerto Comunitario Lancuyén,Junta de Vecinos Lancuyén,junta_de_vecinos,Invernadero y compostaje,waste,False,sector_specific,Puerto Montt,10101,Región de Los Lagos,4000000,2.63,organizacion_sin_fines_de_lucro,intermediated,adjudicado_inicial,2026-06-17
Fondo de Protección Ambiental (FPA),Ministerio del Medio Ambiente (MMA),2021,XXIV,ISC,FPA 2021 - Iniciativas Sustentables Ciudadanas,producto,39205,Coscorobas de Quenuir,Comité de Salud Quenuir,comite,Cambio Climático y Descontaminación Ambiental,cross,False,broad,Maullín,10108,Región de Los Lagos,4000000,2.6,organizacion_sin_fines_de_lucro,intermediated,adjudicado_inicial,2026-06-17
Fondo de Protección Ambiental (FPA),Ministerio del Medio Ambiente (MMA),2021,XXIV,ISC,FPA 2021 - Iniciativas Sustentables Ciudadanas,producto,38514,Jornadas Comunitarias Formativas y Productivas sobre Huertos y Frutales,Agrupación de Monitores para Rehabilitación en Salud Mental Amore,agrupacion,Cambio Climático y Descontaminación Ambiental,cross,False,broad,Osorno,10301,Región de Los Lagos,4000000,2.55,organizacion_sin_fines_de_lucro,intermediated,adjudicado_inicial,2026-06-17
Fondo de Protección Ambiental (FPA),Ministerio del Medio Ambiente (MMA),2021,XXIV,ISC,FPA 2021 - Iniciativas Sustentables Ciudadanas,producto,39000,Recicla a Toda Costa,Taller Laboral Flor del Mar,otra_org_sin_fines_de_lucro,Punto Verde,waste,False,sector_specific,Los Muermos,10106,Región de Los Lagos,4000000,2.55,organizacion_sin_fines_de_lucro,intermediated,adjudicado_inicial,2026-06-17
Fondo de Protección Ambiental (FPA),Ministerio del Medio Ambiente (MMA),2021,XXIV,ISC,FPA 2021 - Iniciativas Sustentables Ciudadanas,producto,39320,¿Qué lleva y trae la marea? Recolección Identificación y Cuantificación de Residuos en la Bahía de Puerto Cisnes,Agrupación Social de Turismo Náutico y Conservación Cetáceos,agrupacion,Cambio Climático y Descontaminación Ambiental,cross,False,broad,Cisnes,11202,Región de Aysén del Gral. Carlos Ibáñez del Campo,4000000,3.1,organizacion_sin_fines_de_lucro,intermediated,adjudicado_inicial,2026-06-17
Fondo de Protección Ambiental (FPA),Ministerio del Medio Ambiente (MMA),2021,XXIV,ISC,FPA 2021 - Iniciativas Sustentables Ciudadanas,producto,38878,Huerto piloto de producción de almácigos y hortalizas con captación de agua lluvia riego y compostera,Agrupación de Mujeres Campesinas y Emprendedoras,agrupacion,Invernadero y compostaje,waste,False,sector_specific,Aysén,11201,Región de Aysén del Gral. Carlos Ibáñez del Campo,4000000,2.78,organizacion_sin_fines_de_lucro,intermediated,adjudicado_inicial,2026-06-17
Fondo de Protección Ambiental (FPA),Ministerio del Medio Ambiente (MMA),2021,XXIV,ISC,FPA 2021 - Iniciativas Sustentables Ciudadanas,producto,39134,Encuentro de limpieza de playas Fiordos del Parque Nacional Laguna San Rafael,Asociación Gremial Hielo Norte Parque Laguna San Rafael,asociacion_gremial_o_productiva,Cambio Climático y Descontaminación Ambiental,cross,False,broad,Río Ibáñez,11402,Región de Aysén del Gral. Carlos Ibáñez del Campo,4000000,2.75,organizacion_sin_fines_de_lucro,intermediated,adjudicado_inicial,2026-06-17
Fondo de Protección Ambiental (FPA),Ministerio del Medio Ambiente (MMA),2021,XXIV,ISC,FPA 2021 - Iniciativas Sustentables Ciudadanas,producto,38236,Un Punto Verde para La Junta,Asociación Gremial Cámara de Turismo y Comercio La Junta,asociacion_gremial_o_productiva,Punto Verde,waste,False,sector_specific,Cisnes,11202,Región de Aysén del Gral. Carlos Ibáñez del Campo,4000000,2.7,organizacion_sin_fines_de_lucro,intermediated,adjudicado_inicial,2026-06-17
Fondo de Protección Ambiental (FPA),Ministerio del Medio Ambiente (MMA),2021,XXIV,ISC,FPA 2021 - Iniciativas Sustentables Ciudadanas,producto,38436,REduce REutiliza Población Shuka II REcicla,Junta de Vecinos N°33 Nuevos Horizontes,junta_de_vecinos,Punto Verde,waste,False,sector_specific,Natales,12401,Región de Magallanes y de la Antártica Chilena,4000000,2.9,organizacion_sin_fines_de_lucro,intermediated,adjudicado_inicial,2026-06-17
Fondo de Protección Ambiental (FPA),Ministerio del Medio Ambiente (MMA),2021,XXIV,ISC,FPA 2021 - Iniciativas Sustentables Ciudadanas,producto,38975,Tecnología a favor del Ecosistema. Por el cuidado y resguardo de la Biodiversidad del Humedal Tres Puentes,Agrupación Ecológica Patagónica Humedal Tres Puentes,agrupacion,Cambio Climático y Descontaminación Ambiental,cross,False,broad,Punta Arenas,12101,Región de Magallanes y de la Antártica Chilena,4000000,2.88,organizacion_sin_fines_de_lucro,intermediated,adjudicado_inicial,2026-06-17
Fondo de Protección Ambiental (FPA),Ministerio del Medio Ambiente (MMA),2021,XXIV,ISC,FPA 2021 - Iniciativas Sustentables Ciudadanas,producto,38901,Vivero de flora nativa para el Museo de Historia Natural Río Seco,Asociación de Investigadores Museo de Historia Natural Río Seco,otra_org_sin_fines_de_lucro,Invernadero y compostaje,waste,False,sector_specific,Punta Arenas,12101,Región de Magallanes y de la Antártica Chilena,4000000,2.77,organizacion_sin_fines_de_lucro,intermediated,adjudicado_inicial,2026-06-17
Fondo de Protección Ambiental (FPA),Ministerio del Medio Ambiente (MMA),2021,XXIV,ISEE,FPA 2021 - Iniciativas Sustentables en Establecimientos Educacionales,producto,39131,Conciencia Ambiental Sustentable,Club Deportivo Escolar y Cultural Instituto del Mar,club,Cambio Climático y Descontaminación Ambiental,cross,False,broad,Iquique,1101,Región de Tarapacá,4000000,2.97,organizacion_sin_fines_de_lucro,intermediated,adjudicado_inicial,2026-06-17
Fondo de Protección Ambiental (FPA),Ministerio del Medio Ambiente (MMA),2021,XXIV,ISEE,FPA 2021 - Iniciativas Sustentables en Establecimientos Educacionales,producto,39220,Educación y divulgación para la puesta en valor de la biodiversidad del Área Natural Cerro Perales Taltal,Centro General de Padres y Apoderados Escuela E-104 Victoriano Quinteros Soto,centro_de_padres,Cambio Climático y Descontaminación Ambiental,cross,False,broad,Taltal,2104,Región de Antofagasta,4000000,2.75,organizacion_sin_fines_de_lucro,intermediated,adjudicado_inicial,2026-06-17
Fondo de Protección Ambiental (FPA),Ministerio del Medio Ambiente (MMA),2021,XXIV,ISEE,FPA 2021 - Iniciativas Sustentables en Establecimientos Educacionales,producto,38909,Punto Verde San Vicente,Centro de Padres y Apoderados Fundación Educacional San Vicente de Paul,centro_de_padres,Punto Verde,waste,False,sector_specific,Copiapó,3101,Región de Atacama,4000000,2.65,organizacion_sin_fines_de_lucro,intermediated,adjudicado_inicial,2026-06-17
Fondo de Protección Ambiental (FPA),Ministerio del Medio Ambiente (MMA),2021,XXIV,ISEE,FPA 2021 - Iniciativas Sustentables en Establecimientos Educacionales,producto,39648,Conociendo valorando y protegiendo nuestros humedales,Club Deportivo Nueva Esperanza,club,Cambio Climático y Descontaminación Ambiental,cross,False,broad,La Serena,4101,Región de Coquimbo,4000000,2.92,organizacion_sin_fines_de_lucro,intermediated,adjudicado_inicial,2026-06-17
Fondo de Protección Ambiental (FPA),Ministerio del Medio Ambiente (MMA),2021,XXIV,ISEE,FPA 2021 - Iniciativas Sustentables en Establecimientos Educacionales,producto,38400,Sembrando inclusión Escuela Especial Sagrado Corazón,Centro de Padres y Apoderados Luz y Esperanza,centro_de_padres,Invernadero y compostaje,waste,False,sector_specific,San Felipe,5701,Región de Valparaíso,4000000,2.45,organizacion_sin_fines_de_lucro,intermediated,adjudicado_inicial,2026-06-17
Fondo de Protección Ambiental (FPA),Ministerio del Medio Ambiente (MMA),2021,XXIV,ISEE,FPA 2021 - Iniciativas Sustentables en Establecimientos Educacionales,producto,38991,Conocer para proteger: Laboratorios al aire libre en el bosque esclerófilo de Marga Marga,Centro General de Padres y Apoderados Colegio Robles,centro_de_padres,Cambio Climático y Descontaminación Ambiental,cross,False,broad,Villa Alemana,5804,Región de Valparaíso,4000000,2.33,organizacion_sin_fines_de_lucro,intermediated,adjudicado_inicial,2026-06-17
Fondo de Protección Ambiental (FPA),Ministerio del Medio Ambiente (MMA),2021,XXIV,ISEE,FPA 2021 - Iniciativas Sustentables en Establecimientos Educacionales,producto,39045,Laboratorio Verde: Una comunidad activa en la valoración y protección de la biodiversidad,Centro de Padres y Apoderados Domingo Santa María,centro_de_padres,Cambio Climático y Descontaminación Ambiental,cross,False,broad,Renca,13128,Región Metropolitana de Santiago,4000000,3.05,organizacion_sin_fines_de_lucro,intermediated,adjudicado_inicial,2026-06-17
Fondo de Protección Ambiental (FPA),Ministerio del Medio Ambiente (MMA),2021,XXIV,ISEE,FPA 2021 - Iniciativas Sustentables en Establecimientos Educacionales,producto,36734,Un invernadero para el JMC,Centro Cultural Ambiental y Deportivo Nahuel Newen,otra_org_sin_fines_de_lucro,Invernadero y compostaje,waste,False,sector_specific,Recoleta,13127,Región Metropolitana de Santiago,4000000,3.05,organizacion_sin_fines_de_lucro,intermediated,adjudicado_inicial,2026-06-17
Fondo de Protección Ambiental (FPA),Ministerio del Medio Ambiente (MMA),2021,XXIV,ISEE,FPA 2021 - Iniciativas Sustentables en Establecimientos Educacionales,producto,39219,Resiliencia Energética Energías renovables no convencionales en Jardín Infantil,Centro de Padres y Apoderados Sala Cuna y Jardín Infantil Pehuén,centro_de_padres,Sistema Fotovoltaico OnGrid,stationary_energy,False,sector_specific,Maipú,13119,Región Metropolitana de Santiago,4000000,3.0,organizacion_sin_fines_de_lucro,intermediated,adjudicado_inicial,2026-06-17
Fondo de Protección Ambiental (FPA),Ministerio del Medio Ambiente (MMA),2021,XXIV,ISEE,FPA 2021 - Iniciativas Sustentables en Establecimientos Educacionales,producto,38697,Paneles solares para mi escuela,Centro de Padres y Apoderados Centro Educacional Jorge Huneeus Zegers,centro_de_padres,Sistema Fotovoltaico OffGrid,stationary_energy,False,sector_specific,La Pintana,13112,Región Metropolitana de Santiago,6000000,2.9,organizacion_sin_fines_de_lucro,intermediated,adjudicado_inicial,2026-06-17
Fondo de Protección Ambiental (FPA),Ministerio del Medio Ambiente (MMA),2021,XXIV,ISEE,FPA 2021 - Iniciativas Sustentables en Establecimientos Educacionales,producto,37238,Pasito a pasito Pasitos de Chacabuco con agüita calentita,Centro de Padres Pasitos de Chacabuco,centro_de_padres,Sistema Solar Térmico,stationary_energy,False,sector_specific,Colina,13301,Región Metropolitana de Santiago,4000000,2.85,organizacion_sin_fines_de_lucro,intermediated,adjudicado_inicial,2026-06-17
Fondo de Protección Ambiental (FPA),Ministerio del Medio Ambiente (MMA),2021,XXIV,ISEE,FPA 2021 - Iniciativas Sustentables en Establecimientos Educacionales,producto,38985,Aprendo y Uso las Energías Renovables en mi Escuela,Centro de Padres y Apoderados Escuela Laura Matus Meléndez,centro_de_padres,Sistema Solar Térmico,stationary_energy,False,sector_specific,Doñihue,6105,Región del Libertador Gral. Bernardo O'Higgins,4000000,2.93,organizacion_sin_fines_de_lucro,intermediated,adjudicado_inicial,2026-06-17
Fondo de Protección Ambiental (FPA),Ministerio del Medio Ambiente (MMA),2021,XXIV,ISEE,FPA 2021 - Iniciativas Sustentables en Establecimientos Educacionales,producto,37922,Con la unión de mi escuela el sol y la luminaria led con panel solar la educación aporta para detener el cambio climático,Organización Medio Ambientalista Eco Clubes LIFAE,club,Cambio Climático y Descontaminación Ambiental,cross,False,broad,Las Cabras,6107,Región del Libertador Gral. Bernardo O'Higgins,4000000,2.9,organizacion_sin_fines_de_lucro,intermediated,adjudicado_inicial,2026-06-17
Fondo de Protección Ambiental (FPA),Ministerio del Medio Ambiente (MMA),2021,XXIV,ISEE,FPA 2021 - Iniciativas Sustentables en Establecimientos Educacionales,producto,39111,Grupo escolar de acción climática del Liceo Industrial de Rengo,Centro General de Padres y Apoderados Liceo Industrial de Rengo,centro_de_padres,Cambio Climático y Descontaminación Ambiental,cross,False,broad,Rengo,6115,Región del Libertador Gral. Bernardo O'Higgins,4000000,2.82,organizacion_sin_fines_de_lucro,intermediated,adjudicado_inicial,2026-06-17
Fondo de Protección Ambiental (FPA),Ministerio del Medio Ambiente (MMA),2021,XXIV,ISEE,FPA 2021 - Iniciativas Sustentables en Establecimientos Educacionales,producto,38538,Los invernaderos como un espacio integral de aprendizaje para el cuidado del medioambiente,Centro de Padres y Apoderados Colegio Particular Subvencionado Arturo Prat,centro_de_padres,Invernadero y compostaje,waste,False,sector_specific,Machalí,6108,Región del Libertador Gral. Bernardo O'Higgins,4000000,2.75,organizacion_sin_fines_de_lucro,intermediated,adjudicado_inicial,2026-06-17
Fondo de Protección Ambiental (FPA),Ministerio del Medio Ambiente (MMA),2021,XXIV,ISEE,FPA 2021 - Iniciativas Sustentables en Establecimientos Educacionales,producto,38495,Un Punto Verde para mi escuela Las Violetas,Centro de Padres y Apoderados Escuela Especial F 483 Las Violetas de Linares,centro_de_padres,Punto Verde,waste,False,sector_specific,Linares,7401,Región del Maule,4000000,2.65,organizacion_sin_fines_de_lucro,intermediated,adjudicado_inicial,2026-06-17
Fondo de Protección Ambiental (FPA),Ministerio del Medio Ambiente (MMA),2021,XXIV,ISEE,FPA 2021 - Iniciativas Sustentables en Establecimientos Educacionales,producto,38636,Aprovechando la energía de Inti: Termosolar para la comunidad educativa del Liceo Técnico Puente Ñuble,Comité Agroecológico Puente Ñuble,comite,Sistema Solar Térmico,stationary_energy,False,sector_specific,San Nicolás,16305,Región de Ñuble,4000000,2.43,organizacion_sin_fines_de_lucro,intermediated,adjudicado_inicial,2026-06-17
Fondo de Protección Ambiental (FPA),Ministerio del Medio Ambiente (MMA),2021,XXIV,ISEE,FPA 2021 - Iniciativas Sustentables en Establecimientos Educacionales,producto,37954,Centro de reciclaje y educación ambiental escuela Amanda Labarca Educando para incluir,Centro de Padres y Apoderados Escuela Amanda Labarca,centro_de_padres,Cambio Climático y Descontaminación Ambiental,cross,False,broad,Laja,8304,Región del Biobío,4000000,2.99,organizacion_sin_fines_de_lucro,intermediated,adjudicado_inicial,2026-06-17
Fondo de Protección Ambiental (FPA),Ministerio del Medio Ambiente (MMA),2021,XXIV,ISEE,FPA 2021 - Iniciativas Sustentables en Establecimientos Educacionales,producto,38226,Aurora Huerta: sembrando conciencia ambiental en la comunidad de Choroico,Centro de Padres y Apoderados Escuela AG 828 Aurora de Chile Choroico,centro_de_padres,Invernadero y compostaje,waste,False,sector_specific,Cunco,9103,Región de La Araucanía,4000000,3.07,organizacion_sin_fines_de_lucro,intermediated,adjudicado_inicial,2026-06-17
Fondo de Protección Ambiental (FPA),Ministerio del Medio Ambiente (MMA),2021,XXIV,ISEE,FPA 2021 - Iniciativas Sustentables en Establecimientos Educacionales,producto,38540,Educándonos con energías renovables: Energía solar para un futuro mejor,Centro General de Padres y Apoderados Escuela Rural Pullinque,centro_de_padres,Sistema Fotovoltaico OnGrid,stationary_energy,False,sector_specific,Panguipulli,14108,Región de Los Ríos,4000000,2.89,organizacion_sin_fines_de_lucro,intermediated,adjudicado_inicial,2026-06-17
Fondo de Protección Ambiental (FPA),Ministerio del Medio Ambiente (MMA),2021,XXIV,ISEE,FPA 2021 - Iniciativas Sustentables en Establecimientos Educacionales,producto,37380,Energizando al Jardín Infantil Piolín con el Sistema Fotovoltaico on-grid,Centro General de Padres y Apoderados Jardín Infantil Piolín de Ancud,centro_de_padres,Sistema Fotovoltaico OnGrid,stationary_energy,False,sector_specific,Ancud,10202,Región de Los Lagos,4000000,3.0,organizacion_sin_fines_de_lucro,intermediated,adjudicado_inicial,2026-06-17
Fondo de Protección Ambiental (FPA),Ministerio del Medio Ambiente (MMA),2021,XXIV,ISEE,FPA 2021 - Iniciativas Sustentables en Establecimientos Educacionales,producto,39331,Habilitación de Centro de Educación Ambiental Escuela Granja Notuco,Centro de Padres y Apoderados Escuela Rural Notuco,centro_de_padres,Cambio Climático y Descontaminación Ambiental,cross,False,broad,Chonchi,10203,Región de Los Lagos,4000000,2.95,organizacion_sin_fines_de_lucro,intermediated,adjudicado_inicial,2026-06-17
Fondo de Protección Ambiental (FPA),Ministerio del Medio Ambiente (MMA),2021,XXIV,ISEE,FPA 2021 - Iniciativas Sustentables en Establecimientos Educacionales,producto,39068,Aprendamos a cuidar el agua junto a La Comunidad Escolar de Trosco,Centro de Padres y Apoderados Escuela Particular N164 Trosco,centro_de_padres,Cambio Climático y Descontaminación Ambiental,cross,False,broad,San Juan de la Costa,10306,Región de Los Lagos,4000000,2.9,organizacion_sin_fines_de_lucro,intermediated,adjudicado_inicial,2026-06-17
Fondo de Protección Ambiental (FPA),Ministerio del Medio Ambiente (MMA),2021,XXIV,ISEE,FPA 2021 - Iniciativas Sustentables en Establecimientos Educacionales,producto,39267,Recuperando nuestro Lawen Invernadero Medicinal y Comunitario Escuela rural de Quilquico,Centro de Padres y Apoderados Escuela Rural Quilquico,centro_de_padres,Invernadero y compostaje,waste,False,sector_specific,Castro,10201,Región de Los Lagos,4000000,2.9,organizacion_sin_fines_de_lucro,intermediated,adjudicado_inicial,2026-06-17
Fondo de Protección Ambiental (FPA),Ministerio del Medio Ambiente (MMA),2021,XXIV,ISEE,FPA 2021 - Iniciativas Sustentables en Establecimientos Educacionales,producto,38920,La ruta de la sustentabilidad,Centro General de Padres y Apoderados de la Escuela Amanda Labarca,centro_de_padres,Cambio Climático y Descontaminación Ambiental,cross,False,broad,Cisnes,11202,Región de Aysén del Gral. Carlos Ibáñez del Campo,4000000,3.1,organizacion_sin_fines_de_lucro,intermediated,adjudicado_inicial,2026-06-17
Fondo de Protección Ambiental (FPA),Ministerio del Medio Ambiente (MMA),2021,XXIV,ISEE,FPA 2021 - Iniciativas Sustentables en Establecimientos Educacionales,producto,38372,Educación y Ciencia en un invernadero Colegio Alianza Austral 2021,Centro de Padres del Colegio Alianza Austral de Coyhaique,centro_de_padres,Invernadero y compostaje,waste,False,sector_specific,Coyhaique,11101,Región de Aysén del Gral. Carlos Ibáñez del Campo,4000000,2.95,organizacion_sin_fines_de_lucro,intermediated,adjudicado_inicial,2026-06-17
Fondo de Protección Ambiental (FPA),Ministerio del Medio Ambiente (MMA),2021,XXIV,ISEE,FPA 2021 - Iniciativas Sustentables en Establecimientos Educacionales,producto,38320,Fomentando el trabajo con la tierra y la educación ambiental en la escuela Gabriela Mistral,Centro General de Padres y Apoderados de la Escuela Gabriela Mistral de Río Tranquilo,centro_de_padres,Invernadero y compostaje,waste,False,sector_specific,Río Ibáñez,11402,Región de Aysén del Gral. Carlos Ibáñez del Campo,4000000,2.85,organizacion_sin_fines_de_lucro,intermediated,adjudicado_inicial,2026-06-17
Fondo de Protección Ambiental (FPA),Ministerio del Medio Ambiente (MMA),2021,XXIV,ISEE,FPA 2021 - Iniciativas Sustentables en Establecimientos Educacionales,producto,38853,Niñas y niños por el futuro de Magallanes desde Tierra del Fuego,Centro Gral de Padres y Apoderados Colegio María Auxiliadora,centro_de_padres,Cambio Climático y Descontaminación Ambiental,cross,False,broad,Timaukel,12303,Región de Magallanes y de la Antártica Chilena,4000000,2.93,organizacion_sin_fines_de_lucro,intermediated,adjudicado_inicial,2026-06-17
Fondo de Protección Ambiental (FPA),Ministerio del Medio Ambiente (MMA),2021,XXIV,ISPI,FPA 2021 - Iniciativas Sustentables para Pueblos Indígenas,producto,38593,Instalación e implementación deshidratadores solares en el territorio Ancestral Quechua de Quipisca,Comunidad Indígena Quechua de Quipisca,comunidad_o_asoc_indigena,Cambio Climático y Descontaminación Ambiental,cross,False,broad,Iquique,1101,Región de Tarapacá,4000000,3.1,organizacion_sin_fines_de_lucro,intermediated,adjudicado_inicial,2026-06-17
Fondo de Protección Ambiental (FPA),Ministerio del Medio Ambiente (MMA),2021,XXIV,ISPI,FPA 2021 - Iniciativas Sustentables para Pueblos Indígenas,producto,39628,Chijo solar,Comunidad Indígena Aymara de Chijo,comunidad_o_asoc_indigena,Sistema Fotovoltaico OffGrid,stationary_energy,False,sector_specific,Colchane,1403,Región de Tarapacá,6000000,2.21,organizacion_sin_fines_de_lucro,intermediated,adjudicado_inicial,2026-06-17
Fondo de Protección Ambiental (FPA),Ministerio del Medio Ambiente (MMA),2021,XXIV,ISPI,FPA 2021 - Iniciativas Sustentables para Pueblos Indígenas,producto,38744,Cucuter FV2021,Comunidad Indígena del Ayllu de Cucuter,comunidad_o_asoc_indigena,Sistema Fotovoltaico OffGrid,stationary_energy,False,sector_specific,San Pedro de Atacama,2203,Región de Antofagasta,6000000,2.25,organizacion_sin_fines_de_lucro,intermediated,adjudicado_inicial,2026-06-17
Fondo de Protección Ambiental (FPA),Ministerio del Medio Ambiente (MMA),2021,XXIV,ISPI,FPA 2021 - Iniciativas Sustentables para Pueblos Indígenas,producto,39084,Laguna Cejar Protegida,Comunidad Atacameña de Solor,comunidad_o_asoc_indigena,Cambio Climático y Descontaminación Ambiental,cross,False,broad,San Pedro de Atacama,2203,Región de Antofagasta,4000000,2.15,organizacion_sin_fines_de_lucro,intermediated,adjudicado_inicial,2026-06-17
Fondo de Protección Ambiental (FPA),Ministerio del Medio Ambiente (MMA),2021,XXIV,ISPI,FPA 2021 - Iniciativas Sustentables para Pueblos Indígenas,producto,38333,Recolección conservación y propagación de semillas de la flora nativa Kolla,Comunidad Indígena Colla Sinchi Wayra,comunidad_o_asoc_indigena,Cambio Climático y Descontaminación Ambiental,cross,False,broad,Copiapó,3101,Región de Atacama,4000000,2.65,organizacion_sin_fines_de_lucro,intermediated,adjudicado_inicial,2026-06-17
Fondo de Protección Ambiental (FPA),Ministerio del Medio Ambiente (MMA),2021,XXIV,ISPI,FPA 2021 - Iniciativas Sustentables para Pueblos Indígenas,producto,38782,Equipamiento Invernadero Yacurmana,Comunidad Indígena Diaguita Yacurmana,comunidad_o_asoc_indigena,Invernadero y compostaje,waste,False,sector_specific,Caldera,3102,Región de Atacama,4000000,2.48,organizacion_sin_fines_de_lucro,intermediated,adjudicado_inicial,2026-06-17
Fondo de Protección Ambiental (FPA),Ministerio del Medio Ambiente (MMA),2021,XXIV,ISPI,FPA 2021 - Iniciativas Sustentables para Pueblos Indígenas,producto,39026,Escuela Itrofill Monguen Ñi Chillkatuwe Epu,Petu Moguelein Mahuidache,otra_org_sin_fines_de_lucro,Cambio Climático y Descontaminación Ambiental,cross,False,broad,El Bosque,13105,Región Metropolitana de Santiago,4000000,2.6,organizacion_sin_fines_de_lucro,intermediated,adjudicado_inicial,2026-06-17
Fondo de Protección Ambiental (FPA),Ministerio del Medio Ambiente (MMA),2021,XXIV,ISPI,FPA 2021 - Iniciativas Sustentables para Pueblos Indígenas,producto,38772,Acercando las energías renovables a la Comunidad Mapuche Luisa Antili,Comunidad Indígena Luisa Antili,comunidad_o_asoc_indigena,Sistema Fotovoltaico OffGrid,stationary_energy,False,sector_specific,Cañete,8203,Región del Biobío,6000000,2.75,organizacion_sin_fines_de_lucro,intermediated,adjudicado_inicial,2026-06-17
Fondo de Protección Ambiental (FPA),Ministerio del Medio Ambiente (MMA),2021,XXIV,ISPI,FPA 2021 - Iniciativas Sustentables para Pueblos Indígenas,producto,39186,Invernadero comunitario y sistema de compostaje para la promoción de la salud intercultural de la comunidad El Barco,Comunidad Indígena El Barco,comunidad_o_asoc_indigena,Invernadero y compostaje,waste,False,sector_specific,Alto Biobío,8314,Región del Biobío,4000000,2.69,organizacion_sin_fines_de_lucro,intermediated,adjudicado_inicial,2026-06-17
Fondo de Protección Ambiental (FPA),Ministerio del Medio Ambiente (MMA),2021,XXIV,ISPI,FPA 2021 - Iniciativas Sustentables para Pueblos Indígenas,producto,39096,Arborización del Cementerio y protección del patrimonio natural de la comunidad indígena Ayin Mapu,Comunidad Indígena Ayin Mapu,comunidad_o_asoc_indigena,Cambio Climático y Descontaminación Ambiental,cross,False,broad,Santa Bárbara,8311,Región del Biobío,4000000,2.6,organizacion_sin_fines_de_lucro,intermediated,adjudicado_inicial,2026-06-17
Fondo de Protección Ambiental (FPA),Ministerio del Medio Ambiente (MMA),2021,XXIV,ISPI,FPA 2021 - Iniciativas Sustentables para Pueblos Indígenas,producto,38466,Generando Energía Renovable con residuos,Comunidad Mapuche Manuel Collio Paillao,comunidad_o_asoc_indigena,Cambio Climático y Descontaminación Ambiental,cross,False,broad,Tirúa,8207,Región del Biobío,4000000,2.52,organizacion_sin_fines_de_lucro,intermediated,adjudicado_inicial,2026-06-17
Fondo de Protección Ambiental (FPA),Ministerio del Medio Ambiente (MMA),2021,XXIV,ISPI,FPA 2021 - Iniciativas Sustentables para Pueblos Indígenas,producto,38271,Construcción e Implementación de punto verde en la Comunidad José Painepan,Comunidad Indígena José Painepan,comunidad_o_asoc_indigena,Punto Verde,waste,False,sector_specific,Vilcún,9119,Región de La Araucanía,4000000,3.0,organizacion_sin_fines_de_lucro,intermediated,adjudicado_inicial,2026-06-17
Fondo de Protección Ambiental (FPA),Ministerio del Medio Ambiente (MMA),2021,XXIV,ISPI,FPA 2021 - Iniciativas Sustentables para Pueblos Indígenas,producto,38539,Iluminando nuestro espacio comunitario utilizando energía del sol en la Comunidad Indígena Curiqueo,Comunidad Indígena Curiqueo,comunidad_o_asoc_indigena,Sistema Fotovoltaico OffGrid,stationary_energy,False,sector_specific,Nueva Imperial,9111,Región de La Araucanía,6000000,2.93,organizacion_sin_fines_de_lucro,intermediated,adjudicado_inicial,2026-06-17
Fondo de Protección Ambiental (FPA),Ministerio del Medio Ambiente (MMA),2021,XXIV,ISPI,FPA 2021 - Iniciativas Sustentables para Pueblos Indígenas,producto,38463,Itrofill Mongen Puralaco Escuela Viva,Comunidad Indígena Agustín Millao,comunidad_o_asoc_indigena,Cambio Climático y Descontaminación Ambiental,cross,False,broad,Toltén,9118,Región de La Araucanía,4000000,2.87,organizacion_sin_fines_de_lucro,intermediated,adjudicado_inicial,2026-06-17
Fondo de Protección Ambiental (FPA),Ministerio del Medio Ambiente (MMA),2021,XXIV,ISPI,FPA 2021 - Iniciativas Sustentables para Pueblos Indígenas,producto,38917,Punta Riel Recicla,Comunidad Indígena Ignacio Trecanao de Punta de Riel,comunidad_o_asoc_indigena,Punto Verde,waste,False,sector_specific,Teodoro Schmidt,9117,Región de La Araucanía,4000000,2.8,organizacion_sin_fines_de_lucro,intermediated,adjudicado_inicial,2026-06-17
Fondo de Protección Ambiental (FPA),Ministerio del Medio Ambiente (MMA),2021,XXIV,ISPI,FPA 2021 - Iniciativas Sustentables para Pueblos Indígenas,producto,39378,Camino a una comunidad sustentable,Comunidad Mapuche Antonio Marimán,comunidad_o_asoc_indigena,Sistema Fotovoltaico OffGrid,stationary_energy,False,sector_specific,Temuco,9101,Región de La Araucanía,6000000,2.7,organizacion_sin_fines_de_lucro,intermediated,adjudicado_inicial,2026-06-17
Fondo de Protección Ambiental (FPA),Ministerio del Medio Ambiente (MMA),2021,XXIV,ISPI,FPA 2021 - Iniciativas Sustentables para Pueblos Indígenas,producto,37015,Kumen Mongen 2,Comunidad Indígena Reñico el Avellano,comunidad_o_asoc_indigena,Sistema Fotovoltaico OnGrid,stationary_energy,False,sector_specific,Traiguén,9210,Región de La Araucanía,4000000,2.7,organizacion_sin_fines_de_lucro,intermediated,adjudicado_inicial,2026-06-17
Fondo de Protección Ambiental (FPA),Ministerio del Medio Ambiente (MMA),2021,XXIV,ISPI,FPA 2021 - Iniciativas Sustentables para Pueblos Indígenas,producto,38987,Sistema Demostrativo de Energía Solar para Lago Budi,Comunidad Indígena Malalhue Chanko,comunidad_o_asoc_indigena,Sistema Fotovoltaico OffGrid,stationary_energy,False,sector_specific,Teodoro Schmidt,9117,Región de La Araucanía,6000000,2.68,organizacion_sin_fines_de_lucro,intermediated,adjudicado_inicial,2026-06-17
Fondo de Protección Ambiental (FPA),Ministerio del Medio Ambiente (MMA),2021,XXIV,ISPI,FPA 2021 - Iniciativas Sustentables para Pueblos Indígenas,producto,37304,Cuidamos nuestra salud generando Energía,Comunidad Indígena Chacaico Red José Calbun,comunidad_o_asoc_indigena,Cambio Climático y Descontaminación Ambiental,cross,False,broad,Angol,9201,Región de La Araucanía,4000000,2.65,organizacion_sin_fines_de_lucro,intermediated,adjudicado_inicial,2026-06-17
Fondo de Protección Ambiental (FPA),Ministerio del Medio Ambiente (MMA),2021,XXIV,ISPI,FPA 2021 - Iniciativas Sustentables para Pueblos Indígenas,producto,39414,Reciclaje en la comunidad Domingo Caniu,Comunidad Indígena Domingo Caniu,comunidad_o_asoc_indigena,Punto Verde,waste,False,sector_specific,Vilcún,9119,Región de La Araucanía,4000000,2.65,organizacion_sin_fines_de_lucro,intermediated,adjudicado_inicial,2026-06-17
Fondo de Protección Ambiental (FPA),Ministerio del Medio Ambiente (MMA),2021,XXIV,ISPI,FPA 2021 - Iniciativas Sustentables para Pueblos Indígenas,producto,37613,Sistema captación aguas lluvias y acumulación Monkul,Comunidad Indígena Mateo Nahuelpán,comunidad_o_asoc_indigena,Cambio Climático y Descontaminación Ambiental,cross,False,broad,Carahue,9102,Región de La Araucanía,4000000,2.62,organizacion_sin_fines_de_lucro,intermediated,adjudicado_inicial,2026-06-17
Fondo de Protección Ambiental (FPA),Ministerio del Medio Ambiente (MMA),2021,XXIV,ISPI,FPA 2021 - Iniciativas Sustentables para Pueblos Indígenas,producto,37175,Puesta en valor y recuperación Humedal Pomhuito,Comunidad Indígena Francisco Pinchulaf,comunidad_o_asoc_indigena,Cambio Climático y Descontaminación Ambiental,cross,False,broad,Teodoro Schmidt,9117,Región de La Araucanía,4000000,2.58,organizacion_sin_fines_de_lucro,intermediated,adjudicado_inicial,2026-06-17
Fondo de Protección Ambiental (FPA),Ministerio del Medio Ambiente (MMA),2021,XXIV,ISPI,FPA 2021 - Iniciativas Sustentables para Pueblos Indígenas,producto,38024,Invernadero Comunitario Comunidad Cacique Tramolao el Lingue,Comunidad Indígena Cacique Tramolao el Lingue,comunidad_o_asoc_indigena,Invernadero y compostaje,waste,False,sector_specific,Purén,9208,Región de La Araucanía,4000000,2.57,organizacion_sin_fines_de_lucro,intermediated,adjudicado_inicial,2026-06-17
Fondo de Protección Ambiental (FPA),Ministerio del Medio Ambiente (MMA),2021,XXIV,ISPI,FPA 2021 - Iniciativas Sustentables para Pueblos Indígenas,producto,39039,Punto Verde Comunidad Pedro Antivil,Comunidad Indígena Pedro Antivil,comunidad_o_asoc_indigena,Punto Verde,waste,False,sector_specific,Teodoro Schmidt,9117,Región de La Araucanía,4000000,2.57,organizacion_sin_fines_de_lucro,intermediated,adjudicado_inicial,2026-06-17
Fondo de Protección Ambiental (FPA),Ministerio del Medio Ambiente (MMA),2021,XXIV,ISPI,FPA 2021 - Iniciativas Sustentables para Pueblos Indígenas,producto,39104,Ta Kuñiutual Ta Iñ Menoko,Comunidad Indígena Lorenzo Huenten,comunidad_o_asoc_indigena,Cambio Climático y Descontaminación Ambiental,cross,False,broad,Saavedra,9116,Región de La Araucanía,4000000,2.52,organizacion_sin_fines_de_lucro,intermediated,adjudicado_inicial,2026-06-17
Fondo de Protección Ambiental (FPA),Ministerio del Medio Ambiente (MMA),2021,XXIV,ISPI,FPA 2021 - Iniciativas Sustentables para Pueblos Indígenas,producto,39171,Invernadero Valentín Calbuin II,Comunidad Indígena Valentín Calbuin II,comunidad_o_asoc_indigena,Invernadero y compostaje,waste,False,sector_specific,Padre Las Casas,9112,Región de La Araucanía,4000000,2.52,organizacion_sin_fines_de_lucro,intermediated,adjudicado_inicial,2026-06-17
Fondo de Protección Ambiental (FPA),Ministerio del Medio Ambiente (MMA),2021,XXIV,ISPI,FPA 2021 - Iniciativas Sustentables para Pueblos Indígenas,producto,38476,Aporto al cambio climático enseñando sobre ERNC,Comunidad Indígena Abelino Torres Manqueo,comunidad_o_asoc_indigena,Cambio Climático y Descontaminación Ambiental,cross,False,broad,Padre Las Casas,9112,Región de La Araucanía,4000000,2.5,organizacion_sin_fines_de_lucro,intermediated,adjudicado_inicial,2026-06-17
Fondo de Protección Ambiental (FPA),Ministerio del Medio Ambiente (MMA),2021,XXIV,ISPI,FPA 2021 - Iniciativas Sustentables para Pueblos Indígenas,producto,39556,Invernaderos Danquilco 2021,Comunidad Indígena Danquilco,comunidad_o_asoc_indigena,Invernadero y compostaje,waste,False,sector_specific,Padre Las Casas,9112,Región de La Araucanía,4000000,2.43,organizacion_sin_fines_de_lucro,intermediated,adjudicado_inicial,2026-06-17
Fondo de Protección Ambiental (FPA),Ministerio del Medio Ambiente (MMA),2021,XXIV,ISPI,FPA 2021 - Iniciativas Sustentables para Pueblos Indígenas,producto,37391,Iluminando nuestra sede con la energía del sol,Comunidad Indígena Ignacio Huina,comunidad_o_asoc_indigena,Sistema Fotovoltaico OffGrid,stationary_energy,False,sector_specific,Padre Las Casas,9112,Región de La Araucanía,6000000,2.38,organizacion_sin_fines_de_lucro,intermediated,adjudicado_inicial,2026-06-17
Fondo de Protección Ambiental (FPA),Ministerio del Medio Ambiente (MMA),2021,XXIV,ISPI,FPA 2021 - Iniciativas Sustentables para Pueblos Indígenas,producto,39598,Invernadero Comunitario Ancapi Ñancucheo,Comunidad Indígena Ancapi Nancucheo,comunidad_o_asoc_indigena,Invernadero y compostaje,waste,False,sector_specific,Ercilla,9204,Región de La Araucanía,4000000,2.35,organizacion_sin_fines_de_lucro,intermediated,adjudicado_inicial,2026-06-17
Fondo de Protección Ambiental (FPA),Ministerio del Medio Ambiente (MMA),2021,XXIV,ISPI,FPA 2021 - Iniciativas Sustentables para Pueblos Indígenas,producto,38789,Tecnología Solar On-Grid para el Desarrollo de Netbilling en la Comunidad Indígena Ñancupil de Hualacura,Comunidad Indígena Ñancupil I,comunidad_o_asoc_indigena,Sistema Fotovoltaico OnGrid,stationary_energy,False,sector_specific,Nueva Imperial,9111,Región de La Araucanía,4000000,2.33,organizacion_sin_fines_de_lucro,intermediated,adjudicado_inicial,2026-06-17
Fondo de Protección Ambiental (FPA),Ministerio del Medio Ambiente (MMA),2021,XXIV,ISPI,FPA 2021 - Iniciativas Sustentables para Pueblos Indígenas,producto,38695,Comunidad Indígena Alejo Leviñir Juntos Cuidamos el Medio Ambiente,Comunidad Indígena Alejo Leviñir y Otros,comunidad_o_asoc_indigena,Punto Verde,waste,False,sector_specific,Carahue,9102,Región de La Araucanía,4000000,2.28,organizacion_sin_fines_de_lucro,intermediated,adjudicado_inicial,2026-06-17
Fondo de Protección Ambiental (FPA),Ministerio del Medio Ambiente (MMA),2021,XXIV,ISPI,FPA 2021 - Iniciativas Sustentables para Pueblos Indígenas,producto,39553,Generando Energía limpia para mi comunidad,Comunidad Mapuche Levío Melipil Rahue,comunidad_o_asoc_indigena,Sistema Fotovoltaico OffGrid,stationary_energy,False,sector_specific,Galvarino,9106,Región de La Araucanía,6000000,2.28,organizacion_sin_fines_de_lucro,intermediated,adjudicado_inicial,2026-06-17
Fondo de Protección Ambiental (FPA),Ministerio del Medio Ambiente (MMA),2021,XXIV,ISPI,FPA 2021 - Iniciativas Sustentables para Pueblos Indígenas,producto,38959,Reutilización de los desechos vegetales a través del compostaje en la producción comunitaria de flores,Comunidad Indígena Curihuinca Romero,comunidad_o_asoc_indigena,Invernadero y compostaje,waste,False,sector_specific,Freire,9105,Región de La Araucanía,4000000,2.27,organizacion_sin_fines_de_lucro,intermediated,adjudicado_inicial,2026-06-17
Fondo de Protección Ambiental (FPA),Ministerio del Medio Ambiente (MMA),2021,XXIV,ISPI,FPA 2021 - Iniciativas Sustentables para Pueblos Indígenas,producto,39048,Manejo de residuos orgánicos Domiciliarios y derivados de la producción agrícola,Asociación Indígena Victoriano Pitripan,comunidad_o_asoc_indigena,Cambio Climático y Descontaminación Ambiental,cross,False,broad,Futrono,14202,Región de Los Ríos,4000000,2.9,organizacion_sin_fines_de_lucro,intermediated,adjudicado_inicial,2026-06-17
Fondo de Protección Ambiental (FPA),Ministerio del Medio Ambiente (MMA),2021,XXIV,ISPI,FPA 2021 - Iniciativas Sustentables para Pueblos Indígenas,producto,38433,Küme Mongen Buen Vivir,Comunidad Indígena Kalfvgen,comunidad_o_asoc_indigena,Invernadero y compostaje,waste,False,sector_specific,Valdivia,14101,Región de Los Ríos,4000000,2.45,organizacion_sin_fines_de_lucro,intermediated,adjudicado_inicial,2026-06-17
Fondo de Protección Ambiental (FPA),Ministerio del Medio Ambiente (MMA),2021,XXIV,ISPI,FPA 2021 - Iniciativas Sustentables para Pueblos Indígenas,producto,38253,Protección y Valorización de los Bosques de Pantano de la Laguna Trinidad y el Estero Pucopio,Comunidad Indígena Rayen Ko-Lafken,comunidad_o_asoc_indigena,Cambio Climático y Descontaminación Ambiental,cross,False,broad,San Juan de la Costa,10306,Región de Los Lagos,4000000,2.3,organizacion_sin_fines_de_lucro,intermediated,adjudicado_inicial,2026-06-17
Fondo de Protección Ambiental (FPA),Ministerio del Medio Ambiente (MMA),2021,XXIV,ISFC,FPA 2021 - Iniciativas Sustentables para Fundaciones y Corporaciones,producto,39429,Mejorando mi entorno con acuicultura,Corporación de Estudios y Desarrollo Norte Grande,corporacion,Cambio Climático y Descontaminación Ambiental,cross,False,broad,Iquique,1101,Región de Tarapacá,4000000,2.47,organizacion_sin_fines_de_lucro,intermediated,adjudicado_inicial,2026-06-17
Fondo de Protección Ambiental (FPA),Ministerio del Medio Ambiente (MMA),2021,XXIV,ISFC,FPA 2021 - Iniciativas Sustentables para Fundaciones y Corporaciones,producto,38147,Cambio Climático en el Océano,Asociación Medio Ambiental Desierto Azul,otra_org_sin_fines_de_lucro,Cambio Climático y Descontaminación Ambiental,cross,False,broad,Antofagasta,2101,Región de Antofagasta,4000000,2.4,organizacion_sin_fines_de_lucro,intermediated,adjudicado_inicial,2026-06-17
Fondo de Protección Ambiental (FPA),Ministerio del Medio Ambiente (MMA),2021,XXIV,ISFC,FPA 2021 - Iniciativas Sustentables para Fundaciones y Corporaciones,producto,39070,Talleres participativos de Educación Ambiental y Energía Solar en organizaciones del pueblo de San Fernando Copiapó,Corporación Sociedad de Agricultores del Pueblo de San Fernando,corporacion,Sistema Fotovoltaico OnGrid,stationary_energy,False,sector_specific,Copiapó,3101,Región de Atacama,4000000,2.79,organizacion_sin_fines_de_lucro,intermediated,adjudicado_inicial,2026-06-17
Fondo de Protección Ambiental (FPA),Ministerio del Medio Ambiente (MMA),2021,XXIV,ISFC,FPA 2021 - Iniciativas Sustentables para Fundaciones y Corporaciones,producto,37364,Luz para el Parque Hacienda El Durazno,Fundación Llampangui,fundacion,Sistema Fotovoltaico OffGrid,stationary_energy,False,sector_specific,Canela,4202,Región de Coquimbo,6000000,2.82,organizacion_sin_fines_de_lucro,intermediated,adjudicado_inicial,2026-06-17
Fondo de Protección Ambiental (FPA),Ministerio del Medio Ambiente (MMA),2021,XXIV,ISFC,FPA 2021 - Iniciativas Sustentables para Fundaciones y Corporaciones,producto,37933,Invernadero Ludoteca Minga Concón,Fundación Minga Valpo,fundacion,Invernadero y compostaje,waste,False,sector_specific,Concón,5103,Región de Valparaíso,4000000,2.6,organizacion_sin_fines_de_lucro,intermediated,adjudicado_inicial,2026-06-17
Fondo de Protección Ambiental (FPA),Ministerio del Medio Ambiente (MMA),2021,XXIV,ISFC,FPA 2021 - Iniciativas Sustentables para Fundaciones y Corporaciones,producto,38348,Lombriorgánica,Fundación Bienvenidos,fundacion,Invernadero y compostaje,waste,False,sector_specific,Quilpué,5801,Región de Valparaíso,4000000,2.45,organizacion_sin_fines_de_lucro,intermediated,adjudicado_inicial,2026-06-17
Fondo de Protección Ambiental (FPA),Ministerio del Medio Ambiente (MMA),2021,XXIV,ISFC,FPA 2021 - Iniciativas Sustentables para Fundaciones y Corporaciones,producto,38562,Atrapanieves,Fundación de Beneficencia Glaciares Chilenos,fundacion,Cambio Climático y Descontaminación Ambiental,cross,False,broad,San José de Maipo,13203,Región Metropolitana de Santiago,4000000,2.9,organizacion_sin_fines_de_lucro,intermediated,adjudicado_inicial,2026-06-17
Fondo de Protección Ambiental (FPA),Ministerio del Medio Ambiente (MMA),2021,XXIV,ISFC,FPA 2021 - Iniciativas Sustentables para Fundaciones y Corporaciones,producto,37785,Exploradores Costeros Puertecillo Conocer para Proteger,Fundación Puertecillo,fundacion,Cambio Climático y Descontaminación Ambiental,cross,False,broad,Litueche,6203,Región del Libertador Gral. Bernardo O'Higgins,4000000,3.03,organizacion_sin_fines_de_lucro,intermediated,adjudicado_inicial,2026-06-17
Fondo de Protección Ambiental (FPA),Ministerio del Medio Ambiente (MMA),2021,XXIV,ISFC,FPA 2021 - Iniciativas Sustentables para Fundaciones y Corporaciones,producto,39133,Cultiva la basura: Manejo sustentable de residuos orgánicos y propagación de flora nativa,Organización No Gubernamental de Desarrollo Sur Maule,otra_org_sin_fines_de_lucro,Cambio Climático y Descontaminación Ambiental,cross,False,broad,Talca,7101,Región del Maule,4000000,2.88,organizacion_sin_fines_de_lucro,intermediated,adjudicado_inicial,2026-06-17
Fondo de Protección Ambiental (FPA),Ministerio del Medio Ambiente (MMA),2021,XXIV,ISFC,FPA 2021 - Iniciativas Sustentables para Fundaciones y Corporaciones,producto,39328,Revelando y Compartiendo la Riqueza de Nuestra Biodiversidad,Asociación Dosel,otra_org_sin_fines_de_lucro,Cambio Climático y Descontaminación Ambiental,cross,False,broad,San Fabián,16304,Región de Ñuble,4000000,2.7,organizacion_sin_fines_de_lucro,intermediated,adjudicado_inicial,2026-06-17
Fondo de Protección Ambiental (FPA),Ministerio del Medio Ambiente (MMA),2021,XXIV,ISFC,FPA 2021 - Iniciativas Sustentables para Fundaciones y Corporaciones,producto,38797,Red de Propagadores Nativos de Florida,Fundación El Árbol,fundacion,Cambio Climático y Descontaminación Ambiental,cross,False,broad,Florida,8104,Región del Biobío,4000000,2.93,organizacion_sin_fines_de_lucro,intermediated,adjudicado_inicial,2026-06-17
Fondo de Protección Ambiental (FPA),Ministerio del Medio Ambiente (MMA),2021,XXIV,ISFC,FPA 2021 - Iniciativas Sustentables para Fundaciones y Corporaciones,producto,37251,EDAM sistema fotovoltaico NaveTierra,Permacultura Navetierra Puesco,otra_org_sin_fines_de_lucro,Sistema Fotovoltaico OffGrid,stationary_energy,False,sector_specific,Curarrehue,9104,Región de La Araucanía,6000000,2.8,organizacion_sin_fines_de_lucro,intermediated,adjudicado_inicial,2026-06-17
Fondo de Protección Ambiental (FPA),Ministerio del Medio Ambiente (MMA),2021,XXIV,ISFC,FPA 2021 - Iniciativas Sustentables para Fundaciones y Corporaciones,producto,36887,Guardianes del agua,Corporación de adelanto de la comuna de Panguipulli,corporacion,Cambio Climático y Descontaminación Ambiental,cross,False,broad,Panguipulli,14108,Región de Los Ríos,4000000,3.05,organizacion_sin_fines_de_lucro,intermediated,adjudicado_inicial,2026-06-17
Fondo de Protección Ambiental (FPA),Ministerio del Medio Ambiente (MMA),2021,XXIV,ISFC,FPA 2021 - Iniciativas Sustentables para Fundaciones y Corporaciones,producto,36553,Ruta de la biodiversidad: Fresia y su patrimonio natural,Fundación Sarao Sustentable,fundacion,Cambio Climático y Descontaminación Ambiental,cross,False,broad,Fresia,10104,Región de Los Lagos,4000000,2.95,organizacion_sin_fines_de_lucro,intermediated,adjudicado_inicial,2026-06-17
Fondo de Protección Ambiental (FPA),Ministerio del Medio Ambiente (MMA),2021,XXIV,ISFC,FPA 2021 - Iniciativas Sustentables para Fundaciones y Corporaciones,producto,36574,Sembrando educación ambiental terapéutica en salud mental,Fundación de Apoyo y Rehabilitación Tierra de Ángeles,fundacion,Invernadero y compostaje,waste,False,sector_specific,Punta Arenas,12101,Región de Magallanes y de la Antártica Chilena,4000000,2.79,organizacion_sin_fines_de_lucro,intermediated,adjudicado_inicial,2026-06-17
Fondo de Protección Ambiental (FPA),Ministerio del Medio Ambiente (MMA),2021,XXIV,CHU,FPA 2021 - Conservación de Humedales Urbanos,producto,38185,Humedal Río Lluta Sitio Prioritario,Tortu Arica ONG,ong,Humedales Urbanos,afolu,False,sector_specific,Arica,15101,Región de Arica y Parinacota,7000000,2.57,organizacion_sin_fines_de_lucro,intermediated,adjudicado_inicial,2026-06-17
Fondo de Protección Ambiental (FPA),Ministerio del Medio Ambiente (MMA),2021,XXIV,CHU,FPA 2021 - Conservación de Humedales Urbanos,producto,38869,Programa Educación Ambiental para la Puesta en Valor Santuario de la Naturaleza Bahía de Tongoy,Organización No Gubernamental de Desarrollo Limari Tinkuy,otra_org_sin_fines_de_lucro,Humedales Urbanos,afolu,False,sector_specific,Coquimbo,4102,Región de Coquimbo,7000000,2.9,organizacion_sin_fines_de_lucro,intermediated,adjudicado_inicial,2026-06-17
Fondo de Protección Ambiental (FPA),Ministerio del Medio Ambiente (MMA),2021,XXIV,CHU,FPA 2021 - Conservación de Humedales Urbanos,producto,38738,Juntos por la Protección del Humedal San Jerónimo,Fundación Kennedy para la Conservación de los Humedales,fundacion,Humedales Urbanos,afolu,False,sector_specific,Algarrobo,5602,Región de Valparaíso,7000000,2.52,organizacion_sin_fines_de_lucro,intermediated,adjudicado_inicial,2026-06-17
Fondo de Protección Ambiental (FPA),Ministerio del Medio Ambiente (MMA),2021,XXIV,CHU,FPA 2021 - Conservación de Humedales Urbanos,producto,38402,Recuperación Humedal Pedro de Valdivia,Fundación Plantemos Nativo,fundacion,Humedales Urbanos,afolu,False,sector_specific,El Monte,13602,Región Metropolitana de Santiago,7000000,2.65,organizacion_sin_fines_de_lucro,intermediated,adjudicado_inicial,2026-06-17
Fondo de Protección Ambiental (FPA),Ministerio del Medio Ambiente (MMA),2021,XXIV,CHU,FPA 2021 - Conservación de Humedales Urbanos,producto,39013,Viva el humedal del Cachapoal,Organización No Gubernamental de Desarrollo Tejiendo Ecologías,otra_org_sin_fines_de_lucro,Humedales Urbanos,afolu,False,sector_specific,Olivar,6111,Región del Libertador Gral. Bernardo O'Higgins,7000000,2.63,organizacion_sin_fines_de_lucro,intermediated,adjudicado_inicial,2026-06-17
Fondo de Protección Ambiental (FPA),Ministerio del Medio Ambiente (MMA),2021,XXIV,CHU,FPA 2021 - Conservación de Humedales Urbanos,producto,37092,Recuperemos el Guaiquillo,ONG Territorio a Escala Humana,ong,Humedales Urbanos,afolu,False,sector_specific,Curicó,7301,Región del Maule,7000000,3.07,organizacion_sin_fines_de_lucro,intermediated,adjudicado_inicial,2026-06-17
Fondo de Protección Ambiental (FPA),Ministerio del Medio Ambiente (MMA),2021,XXIV,CHU,FPA 2021 - Conservación de Humedales Urbanos,producto,38668,La Ruta de la Huala,Fundación Nahuelbuta Natural,fundacion,Humedales Urbanos,afolu,False,sector_specific,Los Álamos,8206,Región del Biobío,7000000,2.85,organizacion_sin_fines_de_lucro,intermediated,adjudicado_inicial,2026-06-17
Fondo de Protección Ambiental (FPA),Ministerio del Medio Ambiente (MMA),2021,XXIV,CHU,FPA 2021 - Conservación de Humedales Urbanos,producto,38875,Conservación del agua la flora y la fauna silvestre del Humedal Chivilcan,Corporación de Derechos Humanos Umbrales,corporacion,Humedales Urbanos,afolu,False,sector_specific,Temuco,9101,Región de La Araucanía,7000000,3.0,organizacion_sin_fines_de_lucro,intermediated,adjudicado_inicial,2026-06-17
Fondo de Protección Ambiental (FPA),Ministerio del Medio Ambiente (MMA),2021,XXIV,CHU,FPA 2021 - Conservación de Humedales Urbanos,producto,38981,Observatorio-Escuela de Lideres ambientales por los humedales de Panguipulli,Corporación Lleuque,corporacion,Humedales Urbanos,afolu,False,sector_specific,Panguipulli,14108,Región de Los Ríos,7000000,2.93,organizacion_sin_fines_de_lucro,intermediated,adjudicado_inicial,2026-06-17
Fondo de Protección Ambiental (FPA),Ministerio del Medio Ambiente (MMA),2021,XXIV,CHU,FPA 2021 - Conservación de Humedales Urbanos,producto,37397,Red Escolar de Monitores de Humedales Urbanos de Valdivia,Organización No Gubernamental de Desarrollo Social Nativa,otra_org_sin_fines_de_lucro,Humedales Urbanos,afolu,False,sector_specific,Valdivia,14101,Región de Los Ríos,7000000,2.93,organizacion_sin_fines_de_lucro,intermediated,adjudicado_inicial,2026-06-17
Fondo de Protección Ambiental (FPA),Ministerio del Medio Ambiente (MMA),2021,XXIV,AVC,FPA 2021 - Áreas Verdes Comunitarias,producto,38571,Mejoramiento de la Plaza de Colores,Junta de Vecinos de la Población Lickanantay,junta_de_vecinos,Áreas Verdes Comunitarias,afolu,False,sector_specific,San Pedro de Atacama,2203,Región de Antofagasta,8000000,2.4,organizacion_sin_fines_de_lucro,intermediated,adjudicado_inicial,2026-06-17
Fondo de Protección Ambiental (FPA),Ministerio del Medio Ambiente (MMA),2021,XXIV,AVC,FPA 2021 - Áreas Verdes Comunitarias,producto,37296,Plaza Sustentable Carrizal Bajo,Junta Vecinal N°6 Moisés Núñez de Carrizal Bajo,junta_de_vecinos,Áreas Verdes Comunitarias,afolu,False,sector_specific,Huasco,3304,Región de Atacama,8000000,2.47,organizacion_sin_fines_de_lucro,intermediated,adjudicado_inicial,2026-06-17
Fondo de Protección Ambiental (FPA),Ministerio del Medio Ambiente (MMA),2021,XXIV,AVC,FPA 2021 - Áreas Verdes Comunitarias,producto,39160,Biodiversidad Urbana Recuperación de Zonas Degradadas Población 17 de Septiembre La Serena,Junta de Vecinos 17 de Septiembre,junta_de_vecinos,Áreas Verdes Comunitarias,afolu,False,sector_specific,La Serena,4101,Región de Coquimbo,8000000,2.9,organizacion_sin_fines_de_lucro,intermediated,adjudicado_inicial,2026-06-17
Fondo de Protección Ambiental (FPA),Ministerio del Medio Ambiente (MMA),2021,XXIV,AVC,FPA 2021 - Áreas Verdes Comunitarias,producto,38079,Plaza Quebrada de Nogales,Junta de Vecinos Quebrada Nogales,junta_de_vecinos,Áreas Verdes Comunitarias,afolu,False,sector_specific,Machalí,6108,Región del Libertador Gral. Bernardo O'Higgins,8000000,2.62,organizacion_sin_fines_de_lucro,intermediated,adjudicado_inicial,2026-06-17
Fondo de Protección Ambiental (FPA),Ministerio del Medio Ambiente (MMA),2021,XXIV,AVC,FPA 2021 - Áreas Verdes Comunitarias,producto,39317,Creando espacios amigables con el medio ambiente Tomé Alto,Comité Ambiental Comunal Tomé,comite,Áreas Verdes Comunitarias,afolu,False,sector_specific,Tomé,8111,Región del Biobío,8000000,2.99,organizacion_sin_fines_de_lucro,intermediated,adjudicado_inicial,2026-06-17
Fondo de Protección Ambiental (FPA),Ministerio del Medio Ambiente (MMA),2021,XXIV,AVC,FPA 2021 - Áreas Verdes Comunitarias,producto,36568,Plaza del Encuentro Villas Unidas,Consejo Vecinal de Desarrollo Barrio Villas Unidas,asociacion_gremial_o_productiva,Áreas Verdes Comunitarias,afolu,False,sector_specific,Nueva Imperial,9111,Región de La Araucanía,8000000,2.6,organizacion_sin_fines_de_lucro,intermediated,adjudicado_inicial,2026-06-17
Fondo de Protección Ambiental (FPA),Ministerio del Medio Ambiente (MMA),2021,XXIV,AVC,FPA 2021 - Áreas Verdes Comunitarias,producto,38007,Mejoramiento del Parque Vergara Dávila Área Verde para la Comunidad Costera,Komunidad Educativa Wenuleufu,otra_org_sin_fines_de_lucro,Áreas Verdes Comunitarias,afolu,False,sector_specific,Valdivia,14101,Región de Los Ríos,8000000,2.7,organizacion_sin_fines_de_lucro,intermediated,adjudicado_inicial,2026-06-17
Fondo de Protección Ambiental (FPA),Ministerio del Medio Ambiente (MMA),2022,XXV,ISC,FPA 2022 - Iniciativas Sustentables Ciudadanas,producto,52437,Junta de Vecinos Villa del Mar-Comunidad Sustentable,Junta de Vecinos Villa Del Mar,junta_de_vecinos,Cambio Climático y Descontaminación Ambiental,cross,False,broad,Arica,15101,Región de Arica y Parinacota,4000000,2.97,organizacion_sin_fines_de_lucro,intermediated,adjudicado_inicial,2026-06-17
Fondo de Protección Ambiental (FPA),Ministerio del Medio Ambiente (MMA),2022,XXV,ISC,FPA 2022 - Iniciativas Sustentables Ciudadanas,producto,51910,Punto Verde Jv Don Arturo,Junta de Vecinos Villa Don Arturo,junta_de_vecinos,Punto Verde,waste,False,sector_specific,Alto Hospicio,1107,Región de Tarapacá,4000000,2.82,organizacion_sin_fines_de_lucro,intermediated,adjudicado_inicial,2026-06-17
Fondo de Protección Ambiental (FPA),Ministerio del Medio Ambiente (MMA),2022,XXV,ISC,FPA 2022 - Iniciativas Sustentables Ciudadanas,producto,51428,Revalorizando A Orillas del Mar Hornitos Verdesértico,Junta de Vecinos Nº12 Hornitos,junta_de_vecinos,Cambio Climático y Descontaminación Ambiental,cross,False,broad,Mejillones,2102,Región de Antofagasta,4000000,2.68,organizacion_sin_fines_de_lucro,intermediated,adjudicado_inicial,2026-06-17
Fondo de Protección Ambiental (FPA),Ministerio del Medio Ambiente (MMA),2022,XXV,ISC,FPA 2022 - Iniciativas Sustentables Ciudadanas,producto,53502,Punto Verde Las Colinas,Junta de Vecinos N°12 Las Colinas de La Comuna de Huasco,junta_de_vecinos,Punto Verde,waste,False,sector_specific,Huasco,3304,Región de Atacama,4000000,2.83,organizacion_sin_fines_de_lucro,intermediated,adjudicado_inicial,2026-06-17
Fondo de Protección Ambiental (FPA),Ministerio del Medio Ambiente (MMA),2022,XXV,ISC,FPA 2022 - Iniciativas Sustentables Ciudadanas,producto,52721,Reciclando Cuidamos el Medioambiente,Agrupación Ambiental Comunal,agrupacion,Cambio Climático y Descontaminación Ambiental,cross,False,broad,Huasco,3304,Región de Atacama,4000000,2.66,organizacion_sin_fines_de_lucro,intermediated,adjudicado_inicial,2026-06-17
Fondo de Protección Ambiental (FPA),Ministerio del Medio Ambiente (MMA),2022,XXV,ISC,FPA 2022 - Iniciativas Sustentables Ciudadanas,producto,51388,Punto Verde Ecoaldea Bahía Inglesa,Comunidad Ecoturistica Bahia Inglesa,otra_org_sin_fines_de_lucro,Punto Verde,waste,False,sector_specific,Caldera,3102,Región de Atacama,4000000,2.61,organizacion_sin_fines_de_lucro,intermediated,adjudicado_inicial,2026-06-17
Fondo de Protección Ambiental (FPA),Ministerio del Medio Ambiente (MMA),2022,XXV,ISC,FPA 2022 - Iniciativas Sustentables Ciudadanas,producto,52752,Purificando y Revelando los Tesoros Naturales del Guindo Alto,Junta de Vecinos El Guindo de La Localidad de El Guindo Alto,junta_de_vecinos,Cambio Climático y Descontaminación Ambiental,cross,False,broad,Ovalle,4301,Región de Coquimbo,4000000,2.84,organizacion_sin_fines_de_lucro,intermediated,adjudicado_inicial,2026-06-17
Fondo de Protección Ambiental (FPA),Ministerio del Medio Ambiente (MMA),2022,XXV,ISC,FPA 2022 - Iniciativas Sustentables Ciudadanas,producto,52415,Invernadero Fosfato,Junta de Vecinos Fosfato,junta_de_vecinos,Invernadero y compostaje,waste,False,sector_specific,Coquimbo,4102,Región de Coquimbo,4000000,2.54,organizacion_sin_fines_de_lucro,intermediated,adjudicado_inicial,2026-06-17
Fondo de Protección Ambiental (FPA),Ministerio del Medio Ambiente (MMA),2022,XXV,ISC,FPA 2022 - Iniciativas Sustentables Ciudadanas,producto,50891,Fortalecimiento del Patrimonio Natural de Caleta Vieja Playa Ecológica,Grupo Ecológico Cartagena Joven,otra_org_sin_fines_de_lucro,Cambio Climático y Descontaminación Ambiental,cross,False,broad,Cartagena,5603,Región de Valparaíso,4000000,2.57,organizacion_sin_fines_de_lucro,intermediated,adjudicado_inicial,2026-06-17
Fondo de Protección Ambiental (FPA),Ministerio del Medio Ambiente (MMA),2022,XXV,ISC,FPA 2022 - Iniciativas Sustentables Ciudadanas,producto,52369,Alegre Punto Verde,Junta de Vecinos N°73 Cerro Alegre Parte Baja,junta_de_vecinos,Punto Verde,waste,False,sector_specific,Valparaíso,5101,Región de Valparaíso,4000000,2.54,organizacion_sin_fines_de_lucro,intermediated,adjudicado_inicial,2026-06-17
Fondo de Protección Ambiental (FPA),Ministerio del Medio Ambiente (MMA),2022,XXV,ISC,FPA 2022 - Iniciativas Sustentables Ciudadanas,producto,51080,Villa el Rodeo Cultiva Sus Residuos,Junta de Vecinos Villa El Rodeo,junta_de_vecinos,Cambio Climático y Descontaminación Ambiental,cross,False,broad,Maipú,13119,Región Metropolitana de Santiago,4000000,3.0,organizacion_sin_fines_de_lucro,intermediated,adjudicado_inicial,2026-06-17
Fondo de Protección Ambiental (FPA),Ministerio del Medio Ambiente (MMA),2022,XXV,ISC,FPA 2022 - Iniciativas Sustentables Ciudadanas,producto,51152,Recuperemos la Paz Plan de Manejo de Residuos y Apropiación Comunitaria de Espacios Públicos,Junta de Vecinos N°9 La Estampa,junta_de_vecinos,Cambio Climático y Descontaminación Ambiental,cross,False,broad,Independencia,13108,Región Metropolitana de Santiago,4000000,3.0,organizacion_sin_fines_de_lucro,intermediated,adjudicado_inicial,2026-06-17
Fondo de Protección Ambiental (FPA),Ministerio del Medio Ambiente (MMA),2022,XXV,ISC,FPA 2022 - Iniciativas Sustentables Ciudadanas,producto,51694,Recuperación de Especies Arbóreas de la UV 21 Plaza la Palmilla,Junta de Vecinos Plaza La Palmilla,junta_de_vecinos,Cambio Climático y Descontaminación Ambiental,cross,False,broad,Conchalí,13104,Región Metropolitana de Santiago,4000000,2.93,organizacion_sin_fines_de_lucro,intermediated,adjudicado_inicial,2026-06-17
Fondo de Protección Ambiental (FPA),Ministerio del Medio Ambiente (MMA),2022,XXV,ISC,FPA 2022 - Iniciativas Sustentables Ciudadanas,producto,51886,Mosaiko Sustentable,Agrupacion Social Deportivo y Cultural Mosaiko,agrupacion,Cambio Climático y Descontaminación Ambiental,cross,False,broad,Santiago,13101,Región Metropolitana de Santiago,4000000,2.92,organizacion_sin_fines_de_lucro,intermediated,adjudicado_inicial,2026-06-17
Fondo de Protección Ambiental (FPA),Ministerio del Medio Ambiente (MMA),2022,XXV,ISC,FPA 2022 - Iniciativas Sustentables Ciudadanas,producto,52722,Lombrices Al Hogar,Centro de Desarrollo Artístico Cultural Las Araucarias,otra_org_sin_fines_de_lucro,Cambio Climático y Descontaminación Ambiental,cross,False,broad,La Florida,13110,Región Metropolitana de Santiago,4000000,2.89,organizacion_sin_fines_de_lucro,intermediated,adjudicado_inicial,2026-06-17
Fondo de Protección Ambiental (FPA),Ministerio del Medio Ambiente (MMA),2022,XXV,ISC,FPA 2022 - Iniciativas Sustentables Ciudadanas,producto,52933,Rescatando el Patrimonio Natural de Santa Filomena,Junta de Vecinos Santa Filomena Sur,junta_de_vecinos,Cambio Climático y Descontaminación Ambiental,cross,False,broad,Colina,13301,Región Metropolitana de Santiago,4000000,2.8,organizacion_sin_fines_de_lucro,intermediated,adjudicado_inicial,2026-06-17
Fondo de Protección Ambiental (FPA),Ministerio del Medio Ambiente (MMA),2022,XXV,ISC,FPA 2022 - Iniciativas Sustentables Ciudadanas,producto,51892,Nuestra Comunidad Conoce Las Energías Limpias,Junta de Vecinos Santa Ines,junta_de_vecinos,Cambio Climático y Descontaminación Ambiental,cross,False,broad,Malloa,6109,Región del Libertador Gral. Bernardo O'Higgins,4000000,2.98,organizacion_sin_fines_de_lucro,intermediated,adjudicado_inicial,2026-06-17
Fondo de Protección Ambiental (FPA),Ministerio del Medio Ambiente (MMA),2022,XXV,ISC,FPA 2022 - Iniciativas Sustentables Ciudadanas,producto,52664,Barrio Orgánico,Barrio Brisas de La Cruz,otra_org_sin_fines_de_lucro,Cambio Climático y Descontaminación Ambiental,cross,False,broad,Rancagua,6101,Región del Libertador Gral. Bernardo O'Higgins,4000000,2.97,organizacion_sin_fines_de_lucro,intermediated,adjudicado_inicial,2026-06-17
Fondo de Protección Ambiental (FPA),Ministerio del Medio Ambiente (MMA),2022,XXV,ISC,FPA 2022 - Iniciativas Sustentables Ciudadanas,producto,52750,Propagación de Plantas Nativas A Través de la Construcción de Un Invernadero en el Santuario Cerro Poqui,Agrupación Social Deportiva Cultural Turística y Medioambiental de Quillayquen a Poqui,agrupacion,Invernadero y compostaje,waste,False,sector_specific,Coltauco,6104,Región del Libertador Gral. Bernardo O'Higgins,4000000,2.85,organizacion_sin_fines_de_lucro,intermediated,adjudicado_inicial,2026-06-17
Fondo de Protección Ambiental (FPA),Ministerio del Medio Ambiente (MMA),2022,XXV,ISC,FPA 2022 - Iniciativas Sustentables Ciudadanas,producto,53411,Baño Seco Ecológico Vecinal de Monte Alegre,Junta de Vecinos N. 69 de Montealegre,junta_de_vecinos,Cambio Climático y Descontaminación Ambiental,cross,False,broad,Maule,7105,Región del Maule,4000000,2.96,organizacion_sin_fines_de_lucro,intermediated,adjudicado_inicial,2026-06-17
Fondo de Protección Ambiental (FPA),Ministerio del Medio Ambiente (MMA),2022,XXV,ISC,FPA 2022 - Iniciativas Sustentables Ciudadanas,producto,51552,Muros Verdes para Mi Barrio,Junta de Vecinos N°5 Luis Cruz Martínez,junta_de_vecinos,Cambio Climático y Descontaminación Ambiental,cross,False,broad,Molina,7304,Región del Maule,4000000,2.91,organizacion_sin_fines_de_lucro,intermediated,adjudicado_inicial,2026-06-17
Fondo de Protección Ambiental (FPA),Ministerio del Medio Ambiente (MMA),2022,XXV,ISC,FPA 2022 - Iniciativas Sustentables Ciudadanas,producto,51932,Difundiendo la Emergencia Climática desde el Cac Yungay,Agrupación de Defensa y Conservación de la Flora y Fauna del Valle Templado Yungay,agrupacion,Cambio Climático y Descontaminación Ambiental,cross,False,broad,Yungay,16109,Región de Ñuble,4000000,2.58,organizacion_sin_fines_de_lucro,intermediated,adjudicado_inicial,2026-06-17
Fondo de Protección Ambiental (FPA),Ministerio del Medio Ambiente (MMA),2022,XXV,ISC,FPA 2022 - Iniciativas Sustentables Ciudadanas,producto,52286,Educación y Conciencia Ambiental Cuidando el Patrimonio Natural de Yungay,Club Deportivo Social y Cultural Relonche,club,Cambio Climático y Descontaminación Ambiental,cross,False,broad,Yungay,16109,Región de Ñuble,4000000,2.53,organizacion_sin_fines_de_lucro,intermediated,adjudicado_inicial,2026-06-17
Fondo de Protección Ambiental (FPA),Ministerio del Medio Ambiente (MMA),2022,XXV,ISC,FPA 2022 - Iniciativas Sustentables Ciudadanas,producto,52226,Punto Limpio Comité Ambiental Tomé,Comité Ambiental Comunal Tomé,comite,Punto Verde,waste,False,sector_specific,Tomé,8111,Región del Biobío,4000000,3.05,organizacion_sin_fines_de_lucro,intermediated,adjudicado_inicial,2026-06-17
Fondo de Protección Ambiental (FPA),Ministerio del Medio Ambiente (MMA),2022,XXV,ISC,FPA 2022 - Iniciativas Sustentables Ciudadanas,producto,52829,Huertea Con Tu Comunidad,Junta de Vecinos Juntos avanzando por mi barrio San Pedro de la Costa 2da Etapa,junta_de_vecinos,Invernadero y compostaje,waste,False,sector_specific,San Pedro de la Paz,8108,Región del Biobío,4000000,2.99,organizacion_sin_fines_de_lucro,intermediated,adjudicado_inicial,2026-06-17
Fondo de Protección Ambiental (FPA),Ministerio del Medio Ambiente (MMA),2022,XXV,ISC,FPA 2022 - Iniciativas Sustentables Ciudadanas,producto,51053,Talleres de Educación Ambiental En Compost E Invernaderos de Plantas Medicinales Con Enfoque en Economia Circular,Unión Comunal de Juntas de Vecinos de Curacautín,otra_org_sin_fines_de_lucro,Invernadero y compostaje,waste,False,sector_specific,Curacautín,9203,Región de La Araucanía,4000000,2.98,organizacion_sin_fines_de_lucro,intermediated,adjudicado_inicial,2026-06-17
Fondo de Protección Ambiental (FPA),Ministerio del Medio Ambiente (MMA),2022,XXV,ISC,FPA 2022 - Iniciativas Sustentables Ciudadanas,producto,52782,Invernadero Agroecológico Comunitario Huequecura Tres Ventanas,Junta de Vecinos Huequecura Tres Ventanas,junta_de_vecinos,Invernadero y compostaje,waste,False,sector_specific,La Unión,14201,Región de Los Ríos,4000000,2.97,organizacion_sin_fines_de_lucro,intermediated,adjudicado_inicial,2026-06-17
Fondo de Protección Ambiental (FPA),Ministerio del Medio Ambiente (MMA),2022,XXV,ISC,FPA 2022 - Iniciativas Sustentables Ciudadanas,producto,52999,Protección de Cursos de Agua en Mashue Con Reforestación Miyawaki,Junta de Vecinos Mashue Rural N°10,junta_de_vecinos,Cambio Climático y Descontaminación Ambiental,cross,False,broad,La Unión,14201,Región de Los Ríos,4000000,2.79,organizacion_sin_fines_de_lucro,intermediated,adjudicado_inicial,2026-06-17
Fondo de Protección Ambiental (FPA),Ministerio del Medio Ambiente (MMA),2022,XXV,ISC,FPA 2022 - Iniciativas Sustentables Ciudadanas,producto,52753,Mujeres de Cuinco Cuidando el Agua,Agrupación de Mujeres por una Vida Sana,agrupacion,Cambio Climático y Descontaminación Ambiental,cross,False,broad,San Juan de la Costa,10306,Región de Los Lagos,4000000,2.89,organizacion_sin_fines_de_lucro,intermediated,adjudicado_inicial,2026-06-17
Fondo de Protección Ambiental (FPA),Ministerio del Medio Ambiente (MMA),2022,XXV,ISC,FPA 2022 - Iniciativas Sustentables Ciudadanas,producto,52234,Educación para la Conservación de la Fauna Silvestre,Centro de Conservación de La Biodiversidad,otra_org_sin_fines_de_lucro,Cambio Climático y Descontaminación Ambiental,cross,False,broad,Ancud,10202,Región de Los Lagos,4000000,2.89,organizacion_sin_fines_de_lucro,intermediated,adjudicado_inicial,2026-06-17
Fondo de Protección Ambiental (FPA),Ministerio del Medio Ambiente (MMA),2022,XXV,ISC,FPA 2022 - Iniciativas Sustentables Ciudadanas,producto,51058,Iluminando Tortel Con Conciencia Medioambiental,Junta de Vecinos El Rincon Alto,junta_de_vecinos,Sistema Fotovoltaico OffGrid,stationary_energy,False,sector_specific,Tortel,11303,Región de Aysén del Gral. Carlos Ibáñez del Campo,6000000,3.03,organizacion_sin_fines_de_lucro,intermediated,adjudicado_inicial,2026-06-17
Fondo de Protección Ambiental (FPA),Ministerio del Medio Ambiente (MMA),2022,XXV,ISC,FPA 2022 - Iniciativas Sustentables Ciudadanas,producto,53525,Educar para Descontaminar el Aire de Coyhaique,Junta de Vecinos El Mirador,junta_de_vecinos,Cambio Climático y Descontaminación Ambiental,cross,False,broad,Coyhaique,11101,Región de Aysén del Gral. Carlos Ibáñez del Campo,4000000,2.87,organizacion_sin_fines_de_lucro,intermediated,adjudicado_inicial,2026-06-17
Fondo de Protección Ambiental (FPA),Ministerio del Medio Ambiente (MMA),2022,XXV,ISC,FPA 2022 - Iniciativas Sustentables Ciudadanas,producto,51684,Transformando Nuestros Residuos,Club de la Tercera Edad los Años Dorados,club,Cambio Climático y Descontaminación Ambiental,cross,False,broad,Natales,12401,Región de Magallanes y de la Antártica Chilena,4000000,2.82,organizacion_sin_fines_de_lucro,intermediated,adjudicado_inicial,2026-06-17
Fondo de Protección Ambiental (FPA),Ministerio del Medio Ambiente (MMA),2022,XXV,ISC,FPA 2022 - Iniciativas Sustentables Ciudadanas,producto,52710,Conociendo Plantas Medicinales para Nuestra Vida,Despertando al Amanecer,otra_org_sin_fines_de_lucro,Invernadero y compostaje,waste,False,sector_specific,Natales,12401,Región de Magallanes y de la Antártica Chilena,4000000,2.24,organizacion_sin_fines_de_lucro,intermediated,adjudicado_inicial,2026-06-17
Fondo de Protección Ambiental (FPA),Ministerio del Medio Ambiente (MMA),2022,XXV,ISEE,FPA 2022 - Iniciativas Sustentables en Establecimientos Educacionales,producto,51626,La Enseñanza del Cambio Climático en la Educación Primaria,Club Deportivo Colegio John Wall Holcomb,club,Cambio Climático y Descontaminación Ambiental,cross,False,broad,Arica,15101,Región de Arica y Parinacota,4000000,2.49,organizacion_sin_fines_de_lucro,intermediated,adjudicado_inicial,2026-06-17
Fondo de Protección Ambiental (FPA),Ministerio del Medio Ambiente (MMA),2022,XXV,ISEE,FPA 2022 - Iniciativas Sustentables en Establecimientos Educacionales,producto,52136,Protección Golondrina de Mar Negra,Centro General de Padres y Apoderados CHF,centro_de_padres,Cambio Climático y Descontaminación Ambiental,cross,False,broad,Alto Hospicio,1107,Región de Tarapacá,4000000,2.77,organizacion_sin_fines_de_lucro,intermediated,adjudicado_inicial,2026-06-17
Fondo de Protección Ambiental (FPA),Ministerio del Medio Ambiente (MMA),2022,XXV,ISEE,FPA 2022 - Iniciativas Sustentables en Establecimientos Educacionales,producto,51527,Talleres Formativos E Inducción Al Manejo de Ecosistemas Acuáticos Sustentables,Centro General de Padres y Apoderados Escuela F6 República de Los Estados Unidos Tocopilla,centro_de_padres,Cambio Climático y Descontaminación Ambiental,cross,False,broad,Tocopilla,2301,Región de Antofagasta,4000000,2.8,organizacion_sin_fines_de_lucro,intermediated,adjudicado_inicial,2026-06-17
Fondo de Protección Ambiental (FPA),Ministerio del Medio Ambiente (MMA),2022,XXV,ISEE,FPA 2022 - Iniciativas Sustentables en Establecimientos Educacionales,producto,51835,Energía Verde Liceo Bicentenario Alto del Carmen,Centro de Padres y Apoderados Liceo Alto del Carmen,centro_de_padres,Sistema Fotovoltaico OffGrid,stationary_energy,False,sector_specific,Alto del Carmen,3302,Región de Atacama,6000000,2.17,organizacion_sin_fines_de_lucro,intermediated,adjudicado_inicial,2026-06-17
Fondo de Protección Ambiental (FPA),Ministerio del Medio Ambiente (MMA),2022,XXV,ISEE,FPA 2022 - Iniciativas Sustentables en Establecimientos Educacionales,producto,52295,Sol en los Chañares,Centro General de Padres y Apoderados Escuela Sol del Cuyano G-21,centro_de_padres,Cambio Climático y Descontaminación Ambiental,cross,False,broad,Monte Patria,4303,Región de Coquimbo,4000000,3.03,organizacion_sin_fines_de_lucro,intermediated,adjudicado_inicial,2026-06-17
Fondo de Protección Ambiental (FPA),Ministerio del Medio Ambiente (MMA),2022,XXV,ISEE,FPA 2022 - Iniciativas Sustentables en Establecimientos Educacionales,producto,51044,Recuperando Nuestro Entorno Natural Con Flora Nativa Jardín Infantil Las Ardillitas,Centro de Padres y Apoderados Jardín Infantil Las Ardillitas Huentelauquen Norte,centro_de_padres,Invernadero y compostaje,waste,False,sector_specific,Canela,4202,Región de Coquimbo,4000000,2.95,organizacion_sin_fines_de_lucro,intermediated,adjudicado_inicial,2026-06-17
Fondo de Protección Ambiental (FPA),Ministerio del Medio Ambiente (MMA),2022,XXV,ISEE,FPA 2022 - Iniciativas Sustentables en Establecimientos Educacionales,producto,50993,Encuentro Solar 2.0,Centro General de Padres y Apoderados Colegio Luis Cruz Martínez,centro_de_padres,Sistema Solar Térmico,stationary_energy,False,sector_specific,Quilpué,5801,Región de Valparaíso,4000000,2.87,organizacion_sin_fines_de_lucro,intermediated,adjudicado_inicial,2026-06-17
Fondo de Protección Ambiental (FPA),Ministerio del Medio Ambiente (MMA),2022,XXV,ISEE,FPA 2022 - Iniciativas Sustentables en Establecimientos Educacionales,producto,52472,Sistema Pedagógico de Ernc para la Educación Sostenible,Centro de Padres Colegio Las Américas de Quilpué,centro_de_padres,Sistema Fotovoltaico OnGrid,stationary_energy,False,sector_specific,Quilpué,5801,Región de Valparaíso,4000000,2.69,organizacion_sin_fines_de_lucro,intermediated,adjudicado_inicial,2026-06-17
Fondo de Protección Ambiental (FPA),Ministerio del Medio Ambiente (MMA),2022,XXV,ISEE,FPA 2022 - Iniciativas Sustentables en Establecimientos Educacionales,producto,52627,Ambientes Que Educan,Centro de Padres Apoderados y Amigos del Colegio Compañía de María Viña Del Mar,centro_de_padres,Invernadero y compostaje,waste,False,sector_specific,Viña del Mar,5109,Región de Valparaíso,4000000,2.51,organizacion_sin_fines_de_lucro,intermediated,adjudicado_inicial,2026-06-17
Fondo de Protección Ambiental (FPA),Ministerio del Medio Ambiente (MMA),2022,XXV,ISEE,FPA 2022 - Iniciativas Sustentables en Establecimientos Educacionales,producto,51702,Renovación de Nuestro Punto Verde Escuela de Párvulos Antu-Huilen,Centro General de Padres Antu-Huilen,centro_de_padres,Punto Verde,waste,False,sector_specific,Independencia,13108,Región Metropolitana de Santiago,4000000,2.97,organizacion_sin_fines_de_lucro,intermediated,adjudicado_inicial,2026-06-17
Fondo de Protección Ambiental (FPA),Ministerio del Medio Ambiente (MMA),2022,XXV,ISEE,FPA 2022 - Iniciativas Sustentables en Establecimientos Educacionales,producto,51445,Rescate de Aguas para la Sustentabilidad en Puangue,Centro de Padres y Apoderados Escuela Puangue Melipilla,centro_de_padres,Cambio Climático y Descontaminación Ambiental,cross,False,broad,Melipilla,13501,Región Metropolitana de Santiago,4000000,2.95,organizacion_sin_fines_de_lucro,intermediated,adjudicado_inicial,2026-06-17
Fondo de Protección Ambiental (FPA),Ministerio del Medio Ambiente (MMA),2022,XXV,ISEE,FPA 2022 - Iniciativas Sustentables en Establecimientos Educacionales,producto,51120,Emprendimiento Orgánico de Nuestra Escuela,Club Deportivo don Gregorio,club,Invernadero y compostaje,waste,False,sector_specific,Chimbarongo,6303,Región del Libertador Gral. Bernardo O'Higgins,4000000,2.7,organizacion_sin_fines_de_lucro,intermediated,adjudicado_inicial,2026-06-17
Fondo de Protección Ambiental (FPA),Ministerio del Medio Ambiente (MMA),2022,XXV,ISEE,FPA 2022 - Iniciativas Sustentables en Establecimientos Educacionales,producto,51484,Hacia Una Escuela Sustentable Avanza la Huerta del Colegio Artístico del Maule,Centro de Padres y Apoderados CAM,centro_de_padres,Invernadero y compostaje,waste,False,sector_specific,Talca,7101,Región del Maule,4000000,3.09,organizacion_sin_fines_de_lucro,intermediated,adjudicado_inicial,2026-06-17
Fondo de Protección Ambiental (FPA),Ministerio del Medio Ambiente (MMA),2022,XXV,ISEE,FPA 2022 - Iniciativas Sustentables en Establecimientos Educacionales,producto,51230,Aire Limpio Mas Salud para Linares,Centro General de Padres y Apoderados Escuela D-452 Ex 35,centro_de_padres,Cambio Climático y Descontaminación Ambiental,cross,False,broad,Linares,7401,Región del Maule,4000000,3.04,organizacion_sin_fines_de_lucro,intermediated,adjudicado_inicial,2026-06-17
Fondo de Protección Ambiental (FPA),Ministerio del Medio Ambiente (MMA),2022,XXV,ISEE,FPA 2022 - Iniciativas Sustentables en Establecimientos Educacionales,producto,52764,El Jardín Infantil y Sala Cuna Caperucita de San Nicolás Promueve el Cuidado del Medioambiente,Centro de Padres y Apoderados del Jardín Infantil Caperucita,centro_de_padres,Invernadero y compostaje,waste,False,sector_specific,San Nicolás,16305,Región de Ñuble,4000000,2.62,organizacion_sin_fines_de_lucro,intermediated,adjudicado_inicial,2026-06-17
Fondo de Protección Ambiental (FPA),Ministerio del Medio Ambiente (MMA),2022,XXV,ISEE,FPA 2022 - Iniciativas Sustentables en Establecimientos Educacionales,producto,51643,Invernadero Escolar Como Herramienta para el Aprendizaje,Centro General de Padres y Apoderados Colegio República del Brasil,centro_de_padres,Invernadero y compostaje,waste,False,sector_specific,Concepción,8101,Región del Biobío,4000000,3.03,organizacion_sin_fines_de_lucro,intermediated,adjudicado_inicial,2026-06-17
Fondo de Protección Ambiental (FPA),Ministerio del Medio Ambiente (MMA),2022,XXV,ISEE,FPA 2022 - Iniciativas Sustentables en Establecimientos Educacionales,producto,52805,Pingüinos Recicladores y Ambientalistas,Club Deportivo Magisterio Los Ángeles,club,Sistema Solar Térmico,stationary_energy,False,sector_specific,Los Ángeles,8301,Región del Biobío,4000000,3.0,organizacion_sin_fines_de_lucro,intermediated,adjudicado_inicial,2026-06-17
Fondo de Protección Ambiental (FPA),Ministerio del Medio Ambiente (MMA),2022,XXV,ISEE,FPA 2022 - Iniciativas Sustentables en Establecimientos Educacionales,producto,51302,Madrigal Eficientemente Energético,Agrupación Ambiental Cultural y Deportiva Ecomadrigal,agrupacion,Sistema Fotovoltaico OnGrid,stationary_energy,False,sector_specific,Collipulli,9202,Región de La Araucanía,4000000,2.93,organizacion_sin_fines_de_lucro,intermediated,adjudicado_inicial,2026-06-17
Fondo de Protección Ambiental (FPA),Ministerio del Medio Ambiente (MMA),2022,XXV,ISEE,FPA 2022 - Iniciativas Sustentables en Establecimientos Educacionales,producto,51768,Cultivando y Educando,Centro de Padres y Apoderados Escuela Nueva Collilelfu,centro_de_padres,Invernadero y compostaje,waste,False,sector_specific,Los Lagos,14104,Región de Los Ríos,4000000,2.93,organizacion_sin_fines_de_lucro,intermediated,adjudicado_inicial,2026-06-17
Fondo de Protección Ambiental (FPA),Ministerio del Medio Ambiente (MMA),2022,XXV,ISEE,FPA 2022 - Iniciativas Sustentables en Establecimientos Educacionales,producto,52882,Sol y Energía Unidad Demostrativa,Centro General de Padres y Apoderados Escuela Nueva España,centro_de_padres,Sistema Fotovoltaico OnGrid,stationary_energy,False,sector_specific,Los Lagos,14104,Región de Los Ríos,4000000,2.89,organizacion_sin_fines_de_lucro,intermediated,adjudicado_inicial,2026-06-17
Fondo de Protección Ambiental (FPA),Ministerio del Medio Ambiente (MMA),2022,XXV,ISEE,FPA 2022 - Iniciativas Sustentables en Establecimientos Educacionales,producto,52155,Pequeñas Acciones Grandes Cambios Aprendiendo Las 3Rs en el Colegio Kopernikus,Centro General de Padres y Apoderados Colegio Kopernikus,centro_de_padres,Punto Verde,waste,False,sector_specific,Frutillar,10105,Región de Los Lagos,4000000,2.71,organizacion_sin_fines_de_lucro,intermediated,adjudicado_inicial,2026-06-17
Fondo de Protección Ambiental (FPA),Ministerio del Medio Ambiente (MMA),2022,XXV,ISEE,FPA 2022 - Iniciativas Sustentables en Establecimientos Educacionales,producto,53515,Viviendo de Forma Sustentable Junto A Las Energías Renovables,Centro de Padres y Apoderados Liceo Bicentenario Altos del Mckay,centro_de_padres,Sistema Fotovoltaico OffGrid,stationary_energy,False,sector_specific,Coyhaique,11101,Región de Aysén del Gral. Carlos Ibáñez del Campo,6000000,3.09,organizacion_sin_fines_de_lucro,intermediated,adjudicado_inicial,2026-06-17
Fondo de Protección Ambiental (FPA),Ministerio del Medio Ambiente (MMA),2022,XXV,ISEE,FPA 2022 - Iniciativas Sustentables en Establecimientos Educacionales,producto,50552,Lombriciando Vamos Avanzando,Centro General de Padres y Apoderados Escuela E Nº 7 Gabriela Mistral,centro_de_padres,Invernadero y compostaje,waste,False,sector_specific,Aysén,11201,Región de Aysén del Gral. Carlos Ibáñez del Campo,4000000,3.05,organizacion_sin_fines_de_lucro,intermediated,adjudicado_inicial,2026-06-17
Fondo de Protección Ambiental (FPA),Ministerio del Medio Ambiente (MMA),2022,XXV,ISEE,FPA 2022 - Iniciativas Sustentables en Establecimientos Educacionales,producto,50626,Huerto Salud y Vida Desde Primera Infancia,Centro de Padres y Apoderados Jardín Futuro Austral,centro_de_padres,Invernadero y compostaje,waste,False,sector_specific,Coyhaique,11101,Región de Aysén del Gral. Carlos Ibáñez del Campo,4000000,3.01,organizacion_sin_fines_de_lucro,intermediated,adjudicado_inicial,2026-06-17
Fondo de Protección Ambiental (FPA),Ministerio del Medio Ambiente (MMA),2022,XXV,ISEE,FPA 2022 - Iniciativas Sustentables en Establecimientos Educacionales,producto,52637,Formando Lideres Ambientales Frente Al Cambio Climático,Centro General de Padres Escuela E3 Coronel Santiago Bueras,centro_de_padres,Cambio Climático y Descontaminación Ambiental,cross,False,broad,Natales,12401,Región de Magallanes y de la Antártica Chilena,4000000,2.87,organizacion_sin_fines_de_lucro,intermediated,adjudicado_inicial,2026-06-17
Fondo de Protección Ambiental (FPA),Ministerio del Medio Ambiente (MMA),2022,XXV,ISPI,FPA 2022 - Iniciativas Sustentables para Pueblos Indígenas,producto,51514,Educación y Responsabilidad Ambiental para Controlar los Residuos Orgánicos en el Valle de Azapa,Asociación Indígena Mapuche Pikun Arica,comunidad_o_asoc_indigena,Cambio Climático y Descontaminación Ambiental,cross,False,broad,Arica,15101,Región de Arica y Parinacota,4000000,3.05,organizacion_sin_fines_de_lucro,intermediated,adjudicado_inicial,2026-06-17
Fondo de Protección Ambiental (FPA),Ministerio del Medio Ambiente (MMA),2022,XXV,ISPI,FPA 2022 - Iniciativas Sustentables para Pueblos Indígenas,producto,52896,Taller Ambiental Floreando Nuestras Raices Al Rescate de Nuestro Picaflor,Asociación de Mujeres Indígenas Qamasana Warminakampi,comunidad_o_asoc_indigena,Cambio Climático y Descontaminación Ambiental,cross,False,broad,Arica,15101,Región de Arica y Parinacota,4000000,2.47,organizacion_sin_fines_de_lucro,intermediated,adjudicado_inicial,2026-06-17
Fondo de Protección Ambiental (FPA),Ministerio del Medio Ambiente (MMA),2022,XXV,ISPI,FPA 2022 - Iniciativas Sustentables para Pueblos Indígenas,producto,51589,Faena Comunitaria Limpieza y Recuperación de Camino Tropero de Belén,Comunidad Indígena de Belén,comunidad_o_asoc_indigena,Cambio Climático y Descontaminación Ambiental,cross,False,broad,Putre,15201,Región de Arica y Parinacota,4000000,2.27,organizacion_sin_fines_de_lucro,intermediated,adjudicado_inicial,2026-06-17
Fondo de Protección Ambiental (FPA),Ministerio del Medio Ambiente (MMA),2022,XXV,ISPI,FPA 2022 - Iniciativas Sustentables para Pueblos Indígenas,producto,52307,Descontaminando y Reciclando la Quebrada de Livilcar,Comunidad Indígena de Livilcar,comunidad_o_asoc_indigena,Cambio Climático y Descontaminación Ambiental,cross,False,broad,Arica,15101,Región de Arica y Parinacota,4000000,2.19,organizacion_sin_fines_de_lucro,intermediated,adjudicado_inicial,2026-06-17
Fondo de Protección Ambiental (FPA),Ministerio del Medio Ambiente (MMA),2022,XXV,ISPI,FPA 2022 - Iniciativas Sustentables para Pueblos Indígenas,producto,51651,Cuidando Nuestra Pacha Mama Con Ayuda de Tata Inti,Comunidad Indígena Aymara Santo Tomás de Camiña,comunidad_o_asoc_indigena,Sistema Fotovoltaico OnGrid,stationary_energy,False,sector_specific,Camiña,1402,Región de Tarapacá,4000000,2.91,organizacion_sin_fines_de_lucro,intermediated,adjudicado_inicial,2026-06-17
Fondo de Protección Ambiental (FPA),Ministerio del Medio Ambiente (MMA),2022,XXV,ISPI,FPA 2022 - Iniciativas Sustentables para Pueblos Indígenas,producto,53535,Ckapur Zahlí Ckapin Energia Solar para el Desarrollo Sustentable de Puques,Comunidad Indígena Atacameña de La Puna de Toco Alis Celeste y Puques,comunidad_o_asoc_indigena,Sistema Fotovoltaico OffGrid,stationary_energy,False,sector_specific,San Pedro de Atacama,2203,Región de Antofagasta,6000000,2.96,organizacion_sin_fines_de_lucro,intermediated,adjudicado_inicial,2026-06-17
Fondo de Protección Ambiental (FPA),Ministerio del Medio Ambiente (MMA),2022,XXV,ISPI,FPA 2022 - Iniciativas Sustentables para Pueblos Indígenas,producto,53574,Ckol Ckotch Lalcktchir Nisayá Ckapin Con la Luz del Sol,Asociación Atacameña de Regantes y Agricultores de Celeste,otra_org_sin_fines_de_lucro,Sistema Fotovoltaico OffGrid,stationary_energy,False,sector_specific,San Pedro de Atacama,2203,Región de Antofagasta,6000000,2.88,organizacion_sin_fines_de_lucro,intermediated,adjudicado_inicial,2026-06-17
Fondo de Protección Ambiental (FPA),Ministerio del Medio Ambiente (MMA),2022,XXV,ISPI,FPA 2022 - Iniciativas Sustentables para Pueblos Indígenas,producto,52135,Invernadero San Bartolomé,Comunidad Atacameña de Socaire,comunidad_o_asoc_indigena,Invernadero y compostaje,waste,False,sector_specific,San Pedro de Atacama,2203,Región de Antofagasta,4000000,2.68,organizacion_sin_fines_de_lucro,intermediated,adjudicado_inicial,2026-06-17
Fondo de Protección Ambiental (FPA),Ministerio del Medio Ambiente (MMA),2022,XXV,ISPI,FPA 2022 - Iniciativas Sustentables para Pueblos Indígenas,producto,52593,Actividad Autosustentable,Asociación Diaguita Alcota Kalchakies,comunidad_o_asoc_indigena,Invernadero y compostaje,waste,False,sector_specific,Vallenar,3301,Región de Atacama,4000000,2.6,organizacion_sin_fines_de_lucro,intermediated,adjudicado_inicial,2026-06-17
Fondo de Protección Ambiental (FPA),Ministerio del Medio Ambiente (MMA),2022,XXV,ISPI,FPA 2022 - Iniciativas Sustentables para Pueblos Indígenas,producto,52179,Aprovechando la Energia del Inti,Comunidad Indígena Diaguita El Tránsito,comunidad_o_asoc_indigena,Sistema Solar Térmico,stationary_energy,False,sector_specific,Alto del Carmen,3302,Región de Atacama,4000000,2.42,organizacion_sin_fines_de_lucro,intermediated,adjudicado_inicial,2026-06-17
Fondo de Protección Ambiental (FPA),Ministerio del Medio Ambiente (MMA),2022,XXV,ISPI,FPA 2022 - Iniciativas Sustentables para Pueblos Indígenas,producto,53529,D-Una Restauración de Dunas de Playa la Herradura,Asociación Indígena Cultural Elke,comunidad_o_asoc_indigena,Cambio Climático y Descontaminación Ambiental,cross,False,broad,Coquimbo,4102,Región de Coquimbo,4000000,2.79,organizacion_sin_fines_de_lucro,intermediated,adjudicado_inicial,2026-06-17
Fondo de Protección Ambiental (FPA),Ministerio del Medio Ambiente (MMA),2022,XXV,ISPI,FPA 2022 - Iniciativas Sustentables para Pueblos Indígenas,producto,52583,Invernadero Trafkintuwe,Asociación de Pueblos Originarios de Quillota,otra_org_sin_fines_de_lucro,Invernadero y compostaje,waste,False,sector_specific,Quillota,5501,Región de Valparaíso,4000000,2.36,organizacion_sin_fines_de_lucro,intermediated,adjudicado_inicial,2026-06-17
Fondo de Protección Ambiental (FPA),Ministerio del Medio Ambiente (MMA),2022,XXV,ISPI,FPA 2022 - Iniciativas Sustentables para Pueblos Indígenas,producto,52074,Wiñol Antu el Regreso del Sol,Ruka Kiñe Pu Liwen,otra_org_sin_fines_de_lucro,Sistema Fotovoltaico OffGrid,stationary_energy,False,sector_specific,La Pintana,13112,Región Metropolitana de Santiago,6000000,2.75,organizacion_sin_fines_de_lucro,intermediated,adjudicado_inicial,2026-06-17
Fondo de Protección Ambiental (FPA),Ministerio del Medio Ambiente (MMA),2022,XXV,ISPI,FPA 2022 - Iniciativas Sustentables para Pueblos Indígenas,producto,51410,Conocer para Proteger el Ixofijmogen en el Valle del Mataquito,Asociación Indígena Ñuke Mapu,comunidad_o_asoc_indigena,Cambio Climático y Descontaminación Ambiental,cross,False,broad,Hualañé,7302,Región del Maule,4000000,2.7,organizacion_sin_fines_de_lucro,intermediated,adjudicado_inicial,2026-06-17
Fondo de Protección Ambiental (FPA),Ministerio del Medio Ambiente (MMA),2022,XXV,ISPI,FPA 2022 - Iniciativas Sustentables para Pueblos Indígenas,producto,51364,Hormiguitas Recolectoras Reforestan los Álamos,Asociación Indígena Ñuke Mapu,comunidad_o_asoc_indigena,Cambio Climático y Descontaminación Ambiental,cross,False,broad,Los Álamos,8206,Región del Biobío,4000000,2.63,organizacion_sin_fines_de_lucro,intermediated,adjudicado_inicial,2026-06-17
Fondo de Protección Ambiental (FPA),Ministerio del Medio Ambiente (MMA),2022,XXV,ISPI,FPA 2022 - Iniciativas Sustentables para Pueblos Indígenas,producto,52725,Liftuan Tañi Mapu Limpiaré Mi Tierra Comunidad Juan Hueichaqueo Licanqueo II,Comunidad Indígena Juan Hueichaqueo Licanqueo II,comunidad_o_asoc_indigena,Cambio Climático y Descontaminación Ambiental,cross,False,broad,Teodoro Schmidt,9117,Región de La Araucanía,4000000,3.1,organizacion_sin_fines_de_lucro,intermediated,adjudicado_inicial,2026-06-17
Fondo de Protección Ambiental (FPA),Ministerio del Medio Ambiente (MMA),2022,XXV,ISPI,FPA 2022 - Iniciativas Sustentables para Pueblos Indígenas,producto,53587,Fomentando Las Especies Nativas en la Ci Juan Millaleo,Comunidad Indígena Juan Millaleo,comunidad_o_asoc_indigena,Cambio Climático y Descontaminación Ambiental,cross,False,broad,Nueva Imperial,9111,Región de La Araucanía,4000000,3.05,organizacion_sin_fines_de_lucro,intermediated,adjudicado_inicial,2026-06-17
Fondo de Protección Ambiental (FPA),Ministerio del Medio Ambiente (MMA),2022,XXV,ISPI,FPA 2022 - Iniciativas Sustentables para Pueblos Indígenas,producto,51711,Promoviendo la Restauración de Ecosistemas en la Comunidad Pedro Quilaqueo,Comunidad Indígena Pedro Quilaqueo,comunidad_o_asoc_indigena,Cambio Climático y Descontaminación Ambiental,cross,False,broad,Nueva Imperial,9111,Región de La Araucanía,4000000,3.04,organizacion_sin_fines_de_lucro,intermediated,adjudicado_inicial,2026-06-17
Fondo de Protección Ambiental (FPA),Ministerio del Medio Ambiente (MMA),2022,XXV,ISPI,FPA 2022 - Iniciativas Sustentables para Pueblos Indígenas,producto,53596,Promoviendo la Restauración de Ecosistemas en la Comunidad Perez Cayuqueo,Comunidad Indígena Perez Cayuqueo,comunidad_o_asoc_indigena,Cambio Climático y Descontaminación Ambiental,cross,False,broad,Nueva Imperial,9111,Región de La Araucanía,4000000,3.04,organizacion_sin_fines_de_lucro,intermediated,adjudicado_inicial,2026-06-17
Fondo de Protección Ambiental (FPA),Ministerio del Medio Ambiente (MMA),2022,XXV,ISPI,FPA 2022 - Iniciativas Sustentables para Pueblos Indígenas,producto,52936,Gas Renovable para Nuestra Sede,Comunidad Indígena Alonso Alonqueo,comunidad_o_asoc_indigena,Cambio Climático y Descontaminación Ambiental,cross,False,broad,Padre Las Casas,9112,Región de La Araucanía,4000000,3.04,organizacion_sin_fines_de_lucro,intermediated,adjudicado_inicial,2026-06-17
Fondo de Protección Ambiental (FPA),Ministerio del Medio Ambiente (MMA),2022,XXV,ISPI,FPA 2022 - Iniciativas Sustentables para Pueblos Indígenas,producto,50160,Punta de Riel Crece Sustentablemente,Comunidad Indígena Ignacio Trecanao de Punta de Riel,comunidad_o_asoc_indigena,Sistema Fotovoltaico OffGrid,stationary_energy,False,sector_specific,Teodoro Schmidt,9117,Región de La Araucanía,6000000,3.02,organizacion_sin_fines_de_lucro,intermediated,adjudicado_inicial,2026-06-17
Fondo de Protección Ambiental (FPA),Ministerio del Medio Ambiente (MMA),2022,XXV,ISPI,FPA 2022 - Iniciativas Sustentables para Pueblos Indígenas,producto,50383,Camino A Una Comunidad Sustentable Ii,Comunidad Mapuche Antonio Marimán,comunidad_o_asoc_indigena,Sistema Fotovoltaico OffGrid,stationary_energy,False,sector_specific,Temuco,9101,Región de La Araucanía,6000000,3.0,organizacion_sin_fines_de_lucro,intermediated,adjudicado_inicial,2026-06-17
Fondo de Protección Ambiental (FPA),Ministerio del Medio Ambiente (MMA),2022,XXV,ISPI,FPA 2022 - Iniciativas Sustentables para Pueblos Indígenas,producto,52873,Punto Verde Comunidad Antonio Linconao,Comunidad Antonio Linconao,otra_org_sin_fines_de_lucro,Punto Verde,waste,False,sector_specific,Vilcún,9119,Región de La Araucanía,4000000,3.0,organizacion_sin_fines_de_lucro,intermediated,adjudicado_inicial,2026-06-17
Fondo de Protección Ambiental (FPA),Ministerio del Medio Ambiente (MMA),2022,XXV,ISPI,FPA 2022 - Iniciativas Sustentables para Pueblos Indígenas,producto,52598,Aprovechamos la Fuerza del Viento para Nuestra Sede,Comunidad Indígena Chacaico Red José Calbun,comunidad_o_asoc_indigena,Cambio Climático y Descontaminación Ambiental,cross,False,broad,Angol,9201,Región de La Araucanía,4000000,2.97,organizacion_sin_fines_de_lucro,intermediated,adjudicado_inicial,2026-06-17
Fondo de Protección Ambiental (FPA),Ministerio del Medio Ambiente (MMA),2022,XXV,ISPI,FPA 2022 - Iniciativas Sustentables para Pueblos Indígenas,producto,50221,Cosecha de Aguas Lluvia Una Alternativa Ante el Cambio Climático,Comunidad Indígena Juan Canio We Mapu,comunidad_o_asoc_indigena,Cambio Climático y Descontaminación Ambiental,cross,False,broad,Padre Las Casas,9112,Región de La Araucanía,4000000,2.95,organizacion_sin_fines_de_lucro,intermediated,adjudicado_inicial,2026-06-17
Fondo de Protección Ambiental (FPA),Ministerio del Medio Ambiente (MMA),2022,XXV,ISPI,FPA 2022 - Iniciativas Sustentables para Pueblos Indígenas,producto,53589,Punto Verde Comunidad Cariman Sanchez,Comunidad Cariman Sánchez y Gonzalo Marín,otra_org_sin_fines_de_lucro,Punto Verde,waste,False,sector_specific,Freire,9105,Región de La Araucanía,4000000,2.93,organizacion_sin_fines_de_lucro,intermediated,adjudicado_inicial,2026-06-17
Fondo de Protección Ambiental (FPA),Ministerio del Medio Ambiente (MMA),2022,XXV,ISPI,FPA 2022 - Iniciativas Sustentables para Pueblos Indígenas,producto,51905,Todos Unidos Reciclamos en Nuestra Comunidad Indígena Alecoy Cheuquecoy,Comunidad Indígena Alecoy Cheuquecoy,comunidad_o_asoc_indigena,Punto Verde,waste,False,sector_specific,Nueva Imperial,9111,Región de La Araucanía,4000000,2.93,organizacion_sin_fines_de_lucro,intermediated,adjudicado_inicial,2026-06-17
Fondo de Protección Ambiental (FPA),Ministerio del Medio Ambiente (MMA),2022,XXV,ISPI,FPA 2022 - Iniciativas Sustentables para Pueblos Indígenas,producto,51697,Futxa Aliwen Colico Mapu Mew Reforestación de Nguillatuwe-Paliwe en Colico Carahue,Comunidad Indígena Antonio Levio,comunidad_o_asoc_indigena,Cambio Climático y Descontaminación Ambiental,cross,False,broad,Carahue,9102,Región de La Araucanía,4000000,2.91,organizacion_sin_fines_de_lucro,intermediated,adjudicado_inicial,2026-06-17
Fondo de Protección Ambiental (FPA),Ministerio del Medio Ambiente (MMA),2022,XXV,ISPI,FPA 2022 - Iniciativas Sustentables para Pueblos Indígenas,producto,52759,Punto Verde Calfin Paillan,Comunidad Indigena Calfin Paillan,comunidad_o_asoc_indigena,Punto Verde,waste,False,sector_specific,Freire,9105,Región de La Araucanía,4000000,2.91,organizacion_sin_fines_de_lucro,intermediated,adjudicado_inicial,2026-06-17
Fondo de Protección Ambiental (FPA),Ministerio del Medio Ambiente (MMA),2022,XXV,ISPI,FPA 2022 - Iniciativas Sustentables para Pueblos Indígenas,producto,51240,Mi Sede Solar,Comunidad Indígena Pedro Linconao,comunidad_o_asoc_indigena,Sistema Fotovoltaico OffGrid,stationary_energy,False,sector_specific,Padre Las Casas,9112,Región de La Araucanía,6000000,2.89,organizacion_sin_fines_de_lucro,intermediated,adjudicado_inicial,2026-06-17
Fondo de Protección Ambiental (FPA),Ministerio del Medio Ambiente (MMA),2022,XXV,ISPI,FPA 2022 - Iniciativas Sustentables para Pueblos Indígenas,producto,50978,Iluminando Mi Comunidad,Comunidad Indígena Juan Millanao Huilipan,comunidad_o_asoc_indigena,Sistema Fotovoltaico OffGrid,stationary_energy,False,sector_specific,Vilcún,9119,Región de La Araucanía,6000000,2.89,organizacion_sin_fines_de_lucro,intermediated,adjudicado_inicial,2026-06-17
Fondo de Protección Ambiental (FPA),Ministerio del Medio Ambiente (MMA),2022,XXV,ISPI,FPA 2022 - Iniciativas Sustentables para Pueblos Indígenas,producto,51307,Nuestra Sede Con Energía Solar,Comunidad Francisco Catrilef,comunidad_o_asoc_indigena,Sistema Fotovoltaico OffGrid,stationary_energy,False,sector_specific,Padre Las Casas,9112,Región de La Araucanía,6000000,2.87,organizacion_sin_fines_de_lucro,intermediated,adjudicado_inicial,2026-06-17
Fondo de Protección Ambiental (FPA),Ministerio del Medio Ambiente (MMA),2022,XXV,ISPI,FPA 2022 - Iniciativas Sustentables para Pueblos Indígenas,producto,50469,Reforestando Mi Comunidad,Comunidad Indígena Cacique Abelino Torres Manqueo 1,comunidad_o_asoc_indigena,Cambio Climático y Descontaminación Ambiental,cross,False,broad,Padre Las Casas,9112,Región de La Araucanía,4000000,2.87,organizacion_sin_fines_de_lucro,intermediated,adjudicado_inicial,2026-06-17
Fondo de Protección Ambiental (FPA),Ministerio del Medio Ambiente (MMA),2022,XXV,ISPI,FPA 2022 - Iniciativas Sustentables para Pueblos Indígenas,producto,53175,Invernadero Comunitario Caupolican,Comunidad Indígena Caupolicán,comunidad_o_asoc_indigena,Invernadero y compostaje,waste,False,sector_specific,Purén,9208,Región de La Araucanía,4000000,2.86,organizacion_sin_fines_de_lucro,intermediated,adjudicado_inicial,2026-06-17
Fondo de Protección Ambiental (FPA),Ministerio del Medio Ambiente (MMA),2022,XXV,ISPI,FPA 2022 - Iniciativas Sustentables para Pueblos Indígenas,producto,52748,Energía Limpia para Nuestra Sede José Alonqueo,Comunidad Indígena José Alonqueo,comunidad_o_asoc_indigena,Sistema Fotovoltaico OffGrid,stationary_energy,False,sector_specific,Vilcún,9119,Región de La Araucanía,6000000,2.85,organizacion_sin_fines_de_lucro,intermediated,adjudicado_inicial,2026-06-17
Fondo de Protección Ambiental (FPA),Ministerio del Medio Ambiente (MMA),2022,XXV,ISPI,FPA 2022 - Iniciativas Sustentables para Pueblos Indígenas,producto,53548,Neyen Mapu José Ancatén Te Cuida,Comunidad Indígena José Ancatén,comunidad_o_asoc_indigena,Cambio Climático y Descontaminación Ambiental,cross,False,broad,Vilcún,9119,Región de La Araucanía,4000000,2.83,organizacion_sin_fines_de_lucro,intermediated,adjudicado_inicial,2026-06-17
Fondo de Protección Ambiental (FPA),Ministerio del Medio Ambiente (MMA),2022,XXV,ISPI,FPA 2022 - Iniciativas Sustentables para Pueblos Indígenas,producto,50709,Generación Limpia y Sustentable para Nuestra Ruka,Comunidad Mapuche Venancio Huenulao,comunidad_o_asoc_indigena,Sistema Fotovoltaico OffGrid,stationary_energy,False,sector_specific,Temuco,9101,Región de La Araucanía,6000000,2.83,organizacion_sin_fines_de_lucro,intermediated,adjudicado_inicial,2026-06-17
Fondo de Protección Ambiental (FPA),Ministerio del Medio Ambiente (MMA),2022,XXV,ISPI,FPA 2022 - Iniciativas Sustentables para Pueblos Indígenas,producto,50755,Pelontuelaiñ Ta Ñiñ Rüpü Iluminando Nuestros Caminos en Forma Sustentable,Comunidad Mapuche Levío Melipil Rahue,comunidad_o_asoc_indigena,Sistema Fotovoltaico OffGrid,stationary_energy,False,sector_specific,Galvarino,9106,Región de La Araucanía,6000000,2.83,organizacion_sin_fines_de_lucro,intermediated,adjudicado_inicial,2026-06-17
Fondo de Protección Ambiental (FPA),Ministerio del Medio Ambiente (MMA),2022,XXV,ISPI,FPA 2022 - Iniciativas Sustentables para Pueblos Indígenas,producto,51002,Energía Solar para Icalma,Comunidad Indígena Icalma Pehuenche,comunidad_o_asoc_indigena,Sistema Fotovoltaico OffGrid,stationary_energy,False,sector_specific,Lonquimay,9205,Región de La Araucanía,6000000,2.8,organizacion_sin_fines_de_lucro,intermediated,adjudicado_inicial,2026-06-17
Fondo de Protección Ambiental (FPA),Ministerio del Medio Ambiente (MMA),2022,XXV,ISPI,FPA 2022 - Iniciativas Sustentables para Pueblos Indígenas,producto,51181,Preservo Aprendo y Siento en la Huella y Con los Ngen de Inaltu Lafken Mantilhue Rio Bueno,Comunidad Indígena Inaltu Lafken,comunidad_o_asoc_indigena,Cambio Climático y Descontaminación Ambiental,cross,False,broad,Río Bueno,14204,Región de Los Ríos,4000000,2.65,organizacion_sin_fines_de_lucro,intermediated,adjudicado_inicial,2026-06-17
Fondo de Protección Ambiental (FPA),Ministerio del Medio Ambiente (MMA),2022,XXV,ISPI,FPA 2022 - Iniciativas Sustentables para Pueblos Indígenas,producto,52301,Al Rescate con la Huerta Mapuche,Paillaco Futa Trawun,otra_org_sin_fines_de_lucro,Cambio Climático y Descontaminación Ambiental,cross,False,broad,Paillaco,14107,Región de Los Ríos,4000000,2.63,organizacion_sin_fines_de_lucro,intermediated,adjudicado_inicial,2026-06-17
Fondo de Protección Ambiental (FPA),Ministerio del Medio Ambiente (MMA),2022,XXV,ISPI,FPA 2022 - Iniciativas Sustentables para Pueblos Indígenas,producto,52312,Agricultura Sintrópica para la Costa,Comunidad Indígena Quinán Chicuy,comunidad_o_asoc_indigena,Cambio Climático y Descontaminación Ambiental,cross,False,broad,Valdivia,14101,Región de Los Ríos,4000000,2.46,organizacion_sin_fines_de_lucro,intermediated,adjudicado_inicial,2026-06-17
Fondo de Protección Ambiental (FPA),Ministerio del Medio Ambiente (MMA),2022,XXV,ISPI,FPA 2022 - Iniciativas Sustentables para Pueblos Indígenas,producto,51574,Rayukey Kimün Sembrando Sabiduría Desde el Bosque Nativo de Lumaco,Comunidad Indígena de Lumaco,comunidad_o_asoc_indigena,Cambio Climático y Descontaminación Ambiental,cross,False,broad,Lanco,14103,Región de Los Ríos,4000000,2.46,organizacion_sin_fines_de_lucro,intermediated,adjudicado_inicial,2026-06-17
Fondo de Protección Ambiental (FPA),Ministerio del Medio Ambiente (MMA),2022,XXV,ISPI,FPA 2022 - Iniciativas Sustentables para Pueblos Indígenas,producto,52322,Escuela Agroecológica de Huipel Producción de Semillas Tradicionales,Comunidad Indígena Diego Lefillanca,comunidad_o_asoc_indigena,Invernadero y compostaje,waste,False,sector_specific,Lanco,14103,Región de Los Ríos,4000000,2.3,organizacion_sin_fines_de_lucro,intermediated,adjudicado_inicial,2026-06-17
Fondo de Protección Ambiental (FPA),Ministerio del Medio Ambiente (MMA),2022,XXV,ISPI,FPA 2022 - Iniciativas Sustentables para Pueblos Indígenas,producto,53446,Implementación Demostrativa del Ernc en CI Amutuy Ruka,Comunidad Indígena Amutuy Ruka,comunidad_o_asoc_indigena,Sistema Fotovoltaico OffGrid,stationary_energy,False,sector_specific,Hualaihué,10403,Región de Los Lagos,6000000,2.55,organizacion_sin_fines_de_lucro,intermediated,adjudicado_inicial,2026-06-17
Fondo de Protección Ambiental (FPA),Ministerio del Medio Ambiente (MMA),2022,XXV,ISPI,FPA 2022 - Iniciativas Sustentables para Pueblos Indígenas,producto,52610,Centinelas del Lafken Monitoreo Participativo del Lafken Carelmapu,Comunidad Indígena Encura Mapu,comunidad_o_asoc_indigena,Cambio Climático y Descontaminación Ambiental,cross,False,broad,Maullín,10108,Región de Los Lagos,4000000,2.45,organizacion_sin_fines_de_lucro,intermediated,adjudicado_inicial,2026-06-17
Fondo de Protección Ambiental (FPA),Ministerio del Medio Ambiente (MMA),2022,XXV,ISPI,FPA 2022 - Iniciativas Sustentables para Pueblos Indígenas,producto,53303,La Comunidad Indigena de Palqui Apoya A Sus Vecinas y Vecinos A Través de la Educación Ambiental y el Reciclaje,Comunidad Indígena de Palqui,comunidad_o_asoc_indigena,Punto Verde,waste,False,sector_specific,Curaco de Vélez,10204,Región de Los Lagos,4000000,2.19,organizacion_sin_fines_de_lucro,intermediated,adjudicado_inicial,2026-06-17
Fondo de Protección Ambiental (FPA),Ministerio del Medio Ambiente (MMA),2022,XXV,ISFC,FPA 2022 - Iniciativas Sustentables para Fundaciones y Corporaciones,producto,51706,Guardianes y Guardianas del Patrimonio Natural de Arica,Fundación Trashumante,fundacion,Cambio Climático y Descontaminación Ambiental,cross,False,broad,Arica,15101,Región de Arica y Parinacota,4000000,2.64,organizacion_sin_fines_de_lucro,intermediated,adjudicado_inicial,2026-06-17
Fondo de Protección Ambiental (FPA),Ministerio del Medio Ambiente (MMA),2022,XXV,ISFC,FPA 2022 - Iniciativas Sustentables para Fundaciones y Corporaciones,producto,51105,Banco de Alimentos Semilla Norte,Fundación Semilla Norte,fundacion,Cambio Climático y Descontaminación Ambiental,cross,False,broad,Iquique,1101,Región de Tarapacá,4000000,2.71,organizacion_sin_fines_de_lucro,intermediated,adjudicado_inicial,2026-06-17
Fondo de Protección Ambiental (FPA),Ministerio del Medio Ambiente (MMA),2022,XXV,ISFC,FPA 2022 - Iniciativas Sustentables para Fundaciones y Corporaciones,producto,51232,Vecindario Humboldt,Fundación Humboldti,fundacion,Cambio Climático y Descontaminación Ambiental,cross,False,broad,Mejillones,2102,Región de Antofagasta,4000000,2.94,organizacion_sin_fines_de_lucro,intermediated,adjudicado_inicial,2026-06-17
Fondo de Protección Ambiental (FPA),Ministerio del Medio Ambiente (MMA),2022,XXV,ISFC,FPA 2022 - Iniciativas Sustentables para Fundaciones y Corporaciones,producto,52993,Huerta Comunitaria en Invernadero Tucamanic,Fundación La Huerta Atacama,fundacion,Invernadero y compostaje,waste,False,sector_specific,Copiapó,3101,Región de Atacama,4000000,2.94,organizacion_sin_fines_de_lucro,intermediated,adjudicado_inicial,2026-06-17
Fondo de Protección Ambiental (FPA),Ministerio del Medio Ambiente (MMA),2022,XXV,ISFC,FPA 2022 - Iniciativas Sustentables para Fundaciones y Corporaciones,producto,53551,Investigación Comunitaria para la Conservación de la Biodiversidad de Laguna Verde,Fundación para la integración del patrimonio natural y cultural,fundacion,Cambio Climático y Descontaminación Ambiental,cross,False,broad,Valparaíso,5101,Región de Valparaíso,4000000,2.66,organizacion_sin_fines_de_lucro,intermediated,adjudicado_inicial,2026-06-17
Fondo de Protección Ambiental (FPA),Ministerio del Medio Ambiente (MMA),2022,XXV,ISFC,FPA 2022 - Iniciativas Sustentables para Fundaciones y Corporaciones,producto,53460,Revalorando la Macro Fauna de la Región de Valparaíso,ONG de Desarrollo Centro de Estudios para la conservación de Ecosistemas Marinos,ong,Cambio Climático y Descontaminación Ambiental,cross,False,broad,Valparaíso,5101,Región de Valparaíso,4000000,2.35,organizacion_sin_fines_de_lucro,intermediated,adjudicado_inicial,2026-06-17
Fondo de Protección Ambiental (FPA),Ministerio del Medio Ambiente (MMA),2022,XXV,ISFC,FPA 2022 - Iniciativas Sustentables para Fundaciones y Corporaciones,producto,51587,Feria de Reciclaje Circular,Corporación de Reciclaje Cuatro Erres,corporacion,Cambio Climático y Descontaminación Ambiental,cross,False,broad,La Serena,4101,Región de Coquimbo,4000000,2.87,organizacion_sin_fines_de_lucro,intermediated,adjudicado_inicial,2026-06-17
Fondo de Protección Ambiental (FPA),Ministerio del Medio Ambiente (MMA),2022,XXV,ISFC,FPA 2022 - Iniciativas Sustentables para Fundaciones y Corporaciones,producto,52897,Vermicompostera Map8 Comunidad,ONG de Desarrollo Map8,ong,Cambio Climático y Descontaminación Ambiental,cross,False,broad,Renca,13128,Región Metropolitana de Santiago,4000000,2.47,organizacion_sin_fines_de_lucro,intermediated,adjudicado_inicial,2026-06-17
Fondo de Protección Ambiental (FPA),Ministerio del Medio Ambiente (MMA),2022,XXV,ISFC,FPA 2022 - Iniciativas Sustentables para Fundaciones y Corporaciones,producto,51166,Conocer para Proteger la Biodiversidad de Puertecillo,Fundación Puertecillo,fundacion,Cambio Climático y Descontaminación Ambiental,cross,False,broad,Navidad,6205,Región del Libertador Gral. Bernardo O'Higgins,4000000,2.79,organizacion_sin_fines_de_lucro,intermediated,adjudicado_inicial,2026-06-17
Fondo de Protección Ambiental (FPA),Ministerio del Medio Ambiente (MMA),2022,XXV,ISFC,FPA 2022 - Iniciativas Sustentables para Fundaciones y Corporaciones,producto,52649,Tecnología Solar en Melt,Fundación Añañuca,fundacion,Sistema Fotovoltaico OnGrid,stationary_energy,False,sector_specific,San Vicente,6117,Región del Libertador Gral. Bernardo O'Higgins,4000000,2.73,organizacion_sin_fines_de_lucro,intermediated,adjudicado_inicial,2026-06-17
Fondo de Protección Ambiental (FPA),Ministerio del Medio Ambiente (MMA),2022,XXV,ISFC,FPA 2022 - Iniciativas Sustentables para Fundaciones y Corporaciones,producto,51917,Red de Multiplicadores de Semillas Tradicionales de Rio Claro,Fundacion Educacional Origen,fundacion,Invernadero y compostaje,waste,False,sector_specific,Río Claro,7108,Región del Maule,4000000,2.87,organizacion_sin_fines_de_lucro,intermediated,adjudicado_inicial,2026-06-17
Fondo de Protección Ambiental (FPA),Ministerio del Medio Ambiente (MMA),2022,XXV,ISFC,FPA 2022 - Iniciativas Sustentables para Fundaciones y Corporaciones,producto,53171,Formación de Dirigentes Ambientalmente Responsables,Fundación Afluentes,fundacion,Cambio Climático y Descontaminación Ambiental,cross,False,broad,Curicó,7301,Región del Maule,4000000,2.85,organizacion_sin_fines_de_lucro,intermediated,adjudicado_inicial,2026-06-17
Fondo de Protección Ambiental (FPA),Ministerio del Medio Ambiente (MMA),2022,XXV,ISFC,FPA 2022 - Iniciativas Sustentables para Fundaciones y Corporaciones,producto,52889,Huemules Científicos Combatiendo la Crisis Climática,Fundación Centro Educativo El Huemul,fundacion,Cambio Climático y Descontaminación Ambiental,cross,False,broad,Pinto,16106,Región de Ñuble,4000000,2.52,organizacion_sin_fines_de_lucro,intermediated,adjudicado_inicial,2026-06-17
Fondo de Protección Ambiental (FPA),Ministerio del Medio Ambiente (MMA),2022,XXV,ISFC,FPA 2022 - Iniciativas Sustentables para Fundaciones y Corporaciones,producto,51867,Por una Comuna de Energías Renovables,Servicio Evangélico para el Desarrollo,otra_org_sin_fines_de_lucro,Sistema Fotovoltaico OnGrid,stationary_energy,False,sector_specific,Negrete,8307,Región del Biobío,4000000,2.97,organizacion_sin_fines_de_lucro,intermediated,adjudicado_inicial,2026-06-17
Fondo de Protección Ambiental (FPA),Ministerio del Medio Ambiente (MMA),2022,XXV,ISFC,FPA 2022 - Iniciativas Sustentables para Fundaciones y Corporaciones,producto,51731,Protección Participativa de Humedales y Bosques Nativos del Lago Budi,Asociación Ambiental Budi Anumka,otra_org_sin_fines_de_lucro,Cambio Climático y Descontaminación Ambiental,cross,False,broad,Teodoro Schmidt,9117,Región de La Araucanía,4000000,2.67,organizacion_sin_fines_de_lucro,intermediated,adjudicado_inicial,2026-06-17
Fondo de Protección Ambiental (FPA),Ministerio del Medio Ambiente (MMA),2022,XXV,ISFC,FPA 2022 - Iniciativas Sustentables para Fundaciones y Corporaciones,producto,52454,Instalación de Sistema Fotovoltaico On-Grid en Una Sede Comunitaria de Paillaco,ONG de Desarrollo Canales,ong,Sistema Fotovoltaico OnGrid,stationary_energy,False,sector_specific,Paillaco,14107,Región de Los Ríos,4000000,2.94,organizacion_sin_fines_de_lucro,intermediated,adjudicado_inicial,2026-06-17
Fondo de Protección Ambiental (FPA),Ministerio del Medio Ambiente (MMA),2022,XXV,ISFC,FPA 2022 - Iniciativas Sustentables para Fundaciones y Corporaciones,producto,52320,Escuela Formativa Género Sustentabilidad y Cambio Climático,ONG de Desarrollo Alerce Andino,ong,Cambio Climático y Descontaminación Ambiental,cross,False,broad,Puerto Montt,10101,Región de Los Lagos,4000000,2.82,organizacion_sin_fines_de_lucro,intermediated,adjudicado_inicial,2026-06-17
Fondo de Protección Ambiental (FPA),Ministerio del Medio Ambiente (MMA),2022,XXV,ISFC,FPA 2022 - Iniciativas Sustentables para Fundaciones y Corporaciones,producto,52388,Invernadero y Huerto Educativo Semillas de la Trapananda,Fundación Juntos por Aysén,fundacion,Invernadero y compostaje,waste,False,sector_specific,Coyhaique,11101,Región de Aysén del Gral. Carlos Ibáñez del Campo,4000000,2.95,organizacion_sin_fines_de_lucro,intermediated,adjudicado_inicial,2026-06-17
Fondo de Protección Ambiental (FPA),Ministerio del Medio Ambiente (MMA),2022,XXV,ISFC,FPA 2022 - Iniciativas Sustentables para Fundaciones y Corporaciones,producto,52254,Guardianes de Vida,Fundación Biopatagonia-Chile,fundacion,Cambio Climático y Descontaminación Ambiental,cross,False,broad,Natales,12401,Región de Magallanes y de la Antártica Chilena,4000000,2.34,organizacion_sin_fines_de_lucro,intermediated,adjudicado_inicial,2026-06-17
Fondo de Protección Ambiental (FPA),Ministerio del Medio Ambiente (MMA),2022,XXV,AVC,FPA 2022 - Áreas Verdes Comunitarias,producto,51821,Niños y Niñas del Canelo Recuperan y Construyen Sus Áreas Verdes,Junta Vecinal El Caleuche de La Unidad Vecinal N°48,junta_de_vecinos,Áreas Verdes Comunitarias,afolu,False,sector_specific,Arica,15101,Región de Arica y Parinacota,8000000,2.59,organizacion_sin_fines_de_lucro,intermediated,adjudicado_inicial,2026-06-17
Fondo de Protección Ambiental (FPA),Ministerio del Medio Ambiente (MMA),2022,XXV,AVC,FPA 2022 - Áreas Verdes Comunitarias,producto,53565,Isla Nativa Parque San Mateo,Junta de Vecinos Villa El Sol,junta_de_vecinos,Áreas Verdes Comunitarias,afolu,False,sector_specific,Curacaví,13503,Región Metropolitana de Santiago,8000000,2.17,organizacion_sin_fines_de_lucro,intermediated,adjudicado_inicial,2026-06-17
Fondo de Protección Ambiental (FPA),Ministerio del Medio Ambiente (MMA),2022,XXV,AVC,FPA 2022 - Áreas Verdes Comunitarias,producto,53308,Hermoseamiento de Nuestro Barrio,Junta de Vecinos Araucaria,junta_de_vecinos,Áreas Verdes Comunitarias,afolu,False,sector_specific,Molina,7304,Región del Maule,8000000,2.44,organizacion_sin_fines_de_lucro,intermediated,adjudicado_inicial,2026-06-17
Fondo de Protección Ambiental (FPA),Ministerio del Medio Ambiente (MMA),2022,XXV,AVC,FPA 2022 - Áreas Verdes Comunitarias,producto,52931,Recuperando Espacios Verdes Estadio Pueblo Seco,Centro Cultural Patromonial Turístico y Deportivo Huellas del Diguillín,otra_org_sin_fines_de_lucro,Áreas Verdes Comunitarias,afolu,False,sector_specific,San Ignacio,16108,Región de Ñuble,8000000,2.19,organizacion_sin_fines_de_lucro,intermediated,adjudicado_inicial,2026-06-17
Fondo de Protección Ambiental (FPA),Ministerio del Medio Ambiente (MMA),2022,XXV,AVC,FPA 2022 - Áreas Verdes Comunitarias,producto,51703,Arborización Nativa y Sombreadero Educativo para la Plaza Borde Rio de San Rosendo,Centro Cultural Paisajes Mínimos,otra_org_sin_fines_de_lucro,Áreas Verdes Comunitarias,afolu,False,sector_specific,San Rosendo,8310,Región del Biobío,8000000,3.05,organizacion_sin_fines_de_lucro,intermediated,adjudicado_inicial,2026-06-17
Fondo de Protección Ambiental (FPA),Ministerio del Medio Ambiente (MMA),2022,XXV,AVC,FPA 2022 - Áreas Verdes Comunitarias,producto,52820,Erradicación Microbasural y Mejoramiento Plaza Orlando Muñoz,Junta de Vecinos Irene Daiber,junta_de_vecinos,Áreas Verdes Comunitarias,afolu,False,sector_specific,La Unión,14201,Región de Los Ríos,8000000,2.41,organizacion_sin_fines_de_lucro,intermediated,adjudicado_inicial,2026-06-17
Fondo de Protección Ambiental (FPA),Ministerio del Medio Ambiente (MMA),2022,XXV,AVC,FPA 2022 - Áreas Verdes Comunitarias,producto,51084,Plaza Inclusiva Etapa 1 Mirador Quebrada y Áreas Verdes,Junta de Vecinos N°1 La Cruz,junta_de_vecinos,Áreas Verdes Comunitarias,afolu,False,sector_specific,Puerto Varas,10109,Región de Los Lagos,8000000,2.16,organizacion_sin_fines_de_lucro,intermediated,adjudicado_inicial,2026-06-17
Fondo de Protección Ambiental (FPA),Ministerio del Medio Ambiente (MMA),2022,XXV,AVC,FPA 2022 - Áreas Verdes Comunitarias,producto,52494,Plazoleta Barros Arana,Junta de Vecinos N° 33 Los Álamos,junta_de_vecinos,Áreas Verdes Comunitarias,afolu,False,sector_specific,Coyhaique,11101,Región de Aysén del Gral. Carlos Ibáñez del Campo,8000000,2.49,organizacion_sin_fines_de_lucro,intermediated,adjudicado_inicial,2026-06-17
Fondo de Protección Ambiental (FPA),Ministerio del Medio Ambiente (MMA),2022,XXV,AVC,FPA 2022 - Áreas Verdes Comunitarias,producto,52034,Disfruta Tu Barrio Portal Maquehue,Junta de Vecinos Villa Portal Maquehue,junta_de_vecinos,Áreas Verdes Comunitarias,afolu,False,sector_specific,Padre Las Casas,9112,Región de La Araucanía,8000000,2.52,organizacion_sin_fines_de_lucro,intermediated,adjudicado_inicial,2026-06-17
Fondo de Protección Ambiental (FPA),Ministerio del Medio Ambiente (MMA),2022,XXV,CHU,FPA 2022 - Conservación de Humedales Urbanos,producto,51468,Rutas de Aprendizaje en Humedales Urbano-Costeros de la Bahía de Coquimbo,Surgencia ONG,ong,Humedales Urbanos,afolu,False,sector_specific,Coquimbo,4102,Región de Coquimbo,6000000,2.75,organizacion_sin_fines_de_lucro,intermediated,adjudicado_inicial,2026-06-17
Fondo de Protección Ambiental (FPA),Ministerio del Medio Ambiente (MMA),2022,XXV,CHU,FPA 2022 - Conservación de Humedales Urbanos,producto,50614,Identificación Promoción y Resguardo del Humedal Urbano de Playa Blanca Bahía Chiquinata,Fundación Aula Azul,fundacion,Humedales Urbanos,afolu,False,sector_specific,Iquique,1101,Región de Tarapacá,6000000,2.6,organizacion_sin_fines_de_lucro,intermediated,adjudicado_inicial,2026-06-17
Fondo de Protección Ambiental (FPA),Ministerio del Medio Ambiente (MMA),2022,XXV,CHU,FPA 2022 - Conservación de Humedales Urbanos,producto,51551,Construcción de Un Mirador Inclusivo y Reparación de Miradores del Humedal Urbano de Carrizal Bajo,Rotary Club Huasco,club,Humedales Urbanos,afolu,False,sector_specific,Huasco,3304,Región de Atacama,6000000,2.9,organizacion_sin_fines_de_lucro,intermediated,adjudicado_inicial,2026-06-17
Fondo de Protección Ambiental (FPA),Ministerio del Medio Ambiente (MMA),2022,XXV,CHU,FPA 2022 - Conservación de Humedales Urbanos,producto,52057,Preservando el Tranque Forestal Un Humedal para Todos,Fundación Ciencia y Divulgación en Ecología Marina y Dulceacuicola,fundacion,Humedales Urbanos,afolu,False,sector_specific,Viña del Mar,5109,Región de Valparaíso,6000000,2.35,organizacion_sin_fines_de_lucro,intermediated,adjudicado_inicial,2026-06-17
Fondo de Protección Ambiental (FPA),Ministerio del Medio Ambiente (MMA),2022,XXV,CHU,FPA 2022 - Conservación de Humedales Urbanos,producto,50995,Caminando Hacia la Protección del Humedal de Baños Morales,Fundación de Desarrollo Sostenible Cajón del Maipo,fundacion,Humedales Urbanos,afolu,False,sector_specific,San José de Maipo,13203,Región Metropolitana de Santiago,6000000,2.98,organizacion_sin_fines_de_lucro,intermediated,adjudicado_inicial,2026-06-17
Fondo de Protección Ambiental (FPA),Ministerio del Medio Ambiente (MMA),2022,XXV,CHU,FPA 2022 - Conservación de Humedales Urbanos,producto,52823,Cuenca la Señoraza de Laja Memorias Ecología y Comunidad,Fundación Manzana Verde,fundacion,Humedales Urbanos,afolu,False,sector_specific,Laja,8304,Región del Biobío,6000000,2.99,organizacion_sin_fines_de_lucro,intermediated,adjudicado_inicial,2026-06-17
Fondo de Protección Ambiental (FPA),Ministerio del Medio Ambiente (MMA),2022,XXV,CHU,FPA 2022 - Conservación de Humedales Urbanos,producto,52277,Guardianes del Humedal los Batros,ONG Crease,ong,Humedales Urbanos,afolu,False,sector_specific,San Pedro de la Paz,8108,Región del Biobío,6000000,2.97,organizacion_sin_fines_de_lucro,intermediated,adjudicado_inicial,2026-06-17
Fondo de Protección Ambiental (FPA),Ministerio del Medio Ambiente (MMA),2022,XXV,CHU,FPA 2022 - Conservación de Humedales Urbanos,producto,52304,Bucalemu Nuestra Casa Nuestro Humedal Nuestra Vida,Organización No Gubernamental de Desarrollo Biósfera,otra_org_sin_fines_de_lucro,Humedales Urbanos,afolu,False,sector_specific,Paredones,6206,Región del Libertador Gral. Bernardo O'Higgins,6000000,2.64,organizacion_sin_fines_de_lucro,intermediated,adjudicado_inicial,2026-06-17
Fondo de Protección Ambiental (FPA),Ministerio del Medio Ambiente (MMA),2022,XXV,CHU,FPA 2022 - Conservación de Humedales Urbanos,producto,53367,Protección de la Biodiversidad en los Humedales Antumalen y Rengalil de Temuco,Corporación de Derechos Humanos Umbrales,corporacion,Humedales Urbanos,afolu,False,sector_specific,Temuco,9101,Región de La Araucanía,6000000,2.93,organizacion_sin_fines_de_lucro,intermediated,adjudicado_inicial,2026-06-17
Fondo de Protección Ambiental (FPA),Ministerio del Medio Ambiente (MMA),2022,XXV,CHU,FPA 2022 - Conservación de Humedales Urbanos,producto,52755,Conservación de los Humedales de Osorno Acción y Participación para la Gobernanza Local,Asociación Geoeduca,otra_org_sin_fines_de_lucro,Humedales Urbanos,afolu,False,sector_specific,Osorno,10301,Región de Los Lagos,6000000,2.85,organizacion_sin_fines_de_lucro,intermediated,adjudicado_inicial,2026-06-17
Fondo de Protección Ambiental (FPA),Ministerio del Medio Ambiente (MMA),2022,XXV,CHU,FPA 2022 - Conservación de Humedales Urbanos,producto,52911,Conociendo el Humedal de Bahía Murta,Corporación de Desarrollo Turístico Sustentable del Territorio Chelenko,corporacion,Humedales Urbanos,afolu,False,sector_specific,Río Ibáñez,11402,Región de Aysén del Gral. Carlos Ibáñez del Campo,6000000,2.45,organizacion_sin_fines_de_lucro,intermediated,adjudicado_inicial,2026-06-17
Fondo de Protección Ambiental (FPA),Ministerio del Medio Ambiente (MMA),2023,XXVI,PSC,FPA 2023 - Proyectos Sustentables Ciudadanos,linea,66010,Sustentabilidad como valor intergeneracional desde el NAC para la comunidad de Arica y Parinacota,Corporación Educacional Patricia Espinoza Cavieres,corporacion,Cambio Climático y Descontaminación Ambiental,cross,False,broad,Arica,15101,Región de Arica y Parinacota,6000000,2.9,organizacion_sin_fines_de_lucro,intermediated,adjudicado_inicial,2026-06-17
Fondo de Protección Ambiental (FPA),Ministerio del Medio Ambiente (MMA),2023,XXVI,PSC,FPA 2023 - Proyectos Sustentables Ciudadanos,linea,66299,Conservación y Reforestación de la biodiversidad de Precordillera,Junta de Vecinos Nº5 Ticnamar,junta_de_vecinos,Valoración y Conservación de la Biodiversidad,afolu,False,sector_specific,Putre,15201,Región de Arica y Parinacota,6000000,2.7,organizacion_sin_fines_de_lucro,intermediated,adjudicado_inicial,2026-06-17
Fondo de Protección Ambiental (FPA),Ministerio del Medio Ambiente (MMA),2023,XXVI,PSC,FPA 2023 - Proyectos Sustentables Ciudadanos,linea,65189,Escuela socioambiental andina: Aprendamos sobre la naturaleza que nos rodea,Fundación Aka Pacha,fundacion,Valoración y Conservación de la Biodiversidad,afolu,False,sector_specific,Putre,15201,Región de Arica y Parinacota,6000000,2.68,organizacion_sin_fines_de_lucro,intermediated,adjudicado_inicial,2026-06-17
Fondo de Protección Ambiental (FPA),Ministerio del Medio Ambiente (MMA),2023,XXVI,PSC,FPA 2023 - Proyectos Sustentables Ciudadanos,linea,65693,Activando la Huerta Educativa del EcoParque,Centro Social Cultural Deportivo Manito Verde,otra_org_sin_fines_de_lucro,Cambio Climático y Descontaminación Ambiental,cross,False,broad,Iquique,1101,Región de Tarapacá,6000000,2.75,organizacion_sin_fines_de_lucro,intermediated,adjudicado_inicial,2026-06-17
Fondo de Protección Ambiental (FPA),Ministerio del Medio Ambiente (MMA),2023,XXVI,PSC,FPA 2023 - Proyectos Sustentables Ciudadanos,linea,66448,Campaña de limpieza y sensibilización para la conservación del borde costero en caleta Caramucho,Sindicato de Buzos y Recolectores de Orilla Caramucho N3,asociacion_gremial_o_productiva,Economía Circular y Gestión de Residuos,waste,False,sector_specific,Iquique,1101,Región de Tarapacá,6000000,2.58,organizacion_sin_fines_de_lucro,intermediated,adjudicado_inicial,2026-06-17
Fondo de Protección Ambiental (FPA),Ministerio del Medio Ambiente (MMA),2023,XXVI,PSC,FPA 2023 - Proyectos Sustentables Ciudadanos,linea,66033,Punto Verde Playa Blanca,Junta de Vecinos Playa Blanca de Antofagasta,junta_de_vecinos,Economía Circular y Gestión de Residuos,waste,False,sector_specific,Antofagasta,2101,Región de Antofagasta,6000000,2.87,organizacion_sin_fines_de_lucro,intermediated,adjudicado_inicial,2026-06-17
Fondo de Protección Ambiental (FPA),Ministerio del Medio Ambiente (MMA),2023,XXVI,PSC,FPA 2023 - Proyectos Sustentables Ciudadanos,linea,64677,Ckapin para todos: Iluminando nuestro Club,Club Social Deportivo y Cultural Unión Estrella,club,Eficiencia Hídrica y Energética,stationary_energy,True,sector_specific,San Pedro de Atacama,2203,Región de Antofagasta,6000000,2.75,organizacion_sin_fines_de_lucro,intermediated,adjudicado_inicial,2026-06-17
Fondo de Protección Ambiental (FPA),Ministerio del Medio Ambiente (MMA),2023,XXVI,PSC,FPA 2023 - Proyectos Sustentables Ciudadanos,linea,64803,Recuperación de Espacios Urbanos para la Creación y el Mejoramiento de Áreas Verdes,Junta de Vecinos N°12 Villa Florida Antofagasta,junta_de_vecinos,Cambio Climático y Descontaminación Ambiental,cross,False,broad,Antofagasta,2101,Región de Antofagasta,6000000,2.73,organizacion_sin_fines_de_lucro,intermediated,adjudicado_inicial,2026-06-17
Fondo de Protección Ambiental (FPA),Ministerio del Medio Ambiente (MMA),2023,XXVI,PSC,FPA 2023 - Proyectos Sustentables Ciudadanos,linea,64168,Comunidades Rurales de La Posada y Las Porotas Unidas por un Planeta más Sustentable,Junta de Vecinos la Posada Sector Chañar Blanco,junta_de_vecinos,Cambio Climático y Descontaminación Ambiental,cross,False,broad,Vallenar,3301,Región de Atacama,6000000,2.98,organizacion_sin_fines_de_lucro,intermediated,adjudicado_inicial,2026-06-17
Fondo de Protección Ambiental (FPA),Ministerio del Medio Ambiente (MMA),2023,XXVI,PSC,FPA 2023 - Proyectos Sustentables Ciudadanos,linea,64679,Sembrando bienestar en el desierto: Talleres participativos medioambientales sobre huertas comunitarias,Organización Sociambiental Sembrando Atacama,otra_org_sin_fines_de_lucro,Cambio Climático y Descontaminación Ambiental,cross,False,broad,Copiapó,3101,Región de Atacama,6000000,2.97,organizacion_sin_fines_de_lucro,intermediated,adjudicado_inicial,2026-06-17
Fondo de Protección Ambiental (FPA),Ministerio del Medio Ambiente (MMA),2023,XXVI,PSC,FPA 2023 - Proyectos Sustentables Ciudadanos,linea,65078,Escuela de Agricultura Regenerativa: Sembrando el Desierto,Fundación La Huerta Atacama,fundacion,Cambio Climático y Descontaminación Ambiental,cross,False,broad,Copiapó,3101,Región de Atacama,6000000,2.93,organizacion_sin_fines_de_lucro,intermediated,adjudicado_inicial,2026-06-17
Fondo de Protección Ambiental (FPA),Ministerio del Medio Ambiente (MMA),2023,XXVI,PSC,FPA 2023 - Proyectos Sustentables Ciudadanos,linea,65964,Habilitación de un mirador para fomentar la protección del Humedal Ramsar Las Salinas de Huentelauquen,Comunidad Agrícola Huentelauquén,otra_org_sin_fines_de_lucro,Valoración y Conservación de la Biodiversidad,afolu,False,sector_specific,Canela,4202,Región de Coquimbo,6000000,2.98,organizacion_sin_fines_de_lucro,intermediated,adjudicado_inicial,2026-06-17
Fondo de Protección Ambiental (FPA),Ministerio del Medio Ambiente (MMA),2023,XXVI,PSC,FPA 2023 - Proyectos Sustentables Ciudadanos,linea,64851,Implementando compostaje para mejorar nuestro invernadero comunitario de Alegría y Amistad,Club de Adulto Mayor Alegría y Amistad,club,Economía Circular y Gestión de Residuos,waste,False,sector_specific,Coquimbo,4102,Región de Coquimbo,6000000,2.9,organizacion_sin_fines_de_lucro,intermediated,adjudicado_inicial,2026-06-17
Fondo de Protección Ambiental (FPA),Ministerio del Medio Ambiente (MMA),2023,XXVI,PSC,FPA 2023 - Proyectos Sustentables Ciudadanos,linea,64575,Monitoreo participativo comunitario en el humedal El Culebrón,Surgencia ONG,ong,Valoración y Conservación de la Biodiversidad,afolu,False,sector_specific,Coquimbo,4102,Región de Coquimbo,6000000,2.85,organizacion_sin_fines_de_lucro,intermediated,adjudicado_inicial,2026-06-17
Fondo de Protección Ambiental (FPA),Ministerio del Medio Ambiente (MMA),2023,XXVI,PSC,FPA 2023 - Proyectos Sustentables Ciudadanos,linea,64511,Quebrada de los Loros ¡Tu parque tú lo diseñas!,Organización Parque Mirador Batalla de los Loros,otra_org_sin_fines_de_lucro,Valoración y Conservación de la Biodiversidad,afolu,False,sector_specific,La Serena,4101,Región de Coquimbo,6000000,2.85,organizacion_sin_fines_de_lucro,intermediated,adjudicado_inicial,2026-06-17
Fondo de Protección Ambiental (FPA),Ministerio del Medio Ambiente (MMA),2023,XXVI,PSC,FPA 2023 - Proyectos Sustentables Ciudadanos,linea,64672,Comunidad Verde para el Siglo XXI,Asociación de Gestión Ambiental Huancara,otra_org_sin_fines_de_lucro,Economía Circular y Gestión de Residuos,waste,False,sector_specific,Coquimbo,4102,Región de Coquimbo,6000000,2.83,organizacion_sin_fines_de_lucro,intermediated,adjudicado_inicial,2026-06-17
Fondo de Protección Ambiental (FPA),Ministerio del Medio Ambiente (MMA),2023,XXVI,PSC,FPA 2023 - Proyectos Sustentables Ciudadanos,linea,64269,Laboratorio Público-Comunitario para generar conciencia del uso eficiente del agua en Catemu,Comité de agua potable rural alcantarillado y saneamiento ambiental Los Cerrillos,comite,Eficiencia Hídrica y Energética,water,True,sector_specific,Catemu,5702,Región de Valparaíso,6000000,2.8,organizacion_sin_fines_de_lucro,intermediated,adjudicado_inicial,2026-06-17
Fondo de Protección Ambiental (FPA),Ministerio del Medio Ambiente (MMA),2023,XXVI,PSC,FPA 2023 - Proyectos Sustentables Ciudadanos,linea,65283,Cultivando en comunidad. Formación para el manejo de residuos orgánicos compostaje y huertos en La Ballena,Agrupación Brigada Ecológica Los Quinquelles,agrupacion,Economía Circular y Gestión de Residuos,waste,False,sector_specific,La Ligua,5401,Región de Valparaíso,6000000,2.28,organizacion_sin_fines_de_lucro,intermediated,adjudicado_inicial,2026-06-17
Fondo de Protección Ambiental (FPA),Ministerio del Medio Ambiente (MMA),2023,XXVI,PSC,FPA 2023 - Proyectos Sustentables Ciudadanos,linea,64591,Regeneración de Fibras Textiles para Emprendimientos Ecotecnológicos Sustentables,Asociación de Autodesarrollo Sostenible en Comunidades,otra_org_sin_fines_de_lucro,Economía Circular y Gestión de Residuos,waste,False,sector_specific,Nogales,5506,Región de Valparaíso,6000000,2.28,organizacion_sin_fines_de_lucro,intermediated,adjudicado_inicial,2026-06-17
Fondo de Protección Ambiental (FPA),Ministerio del Medio Ambiente (MMA),2023,XXVI,PSC,FPA 2023 - Proyectos Sustentables Ciudadanos,linea,64058,Regeneración de la biodiversidad en Santuario Clafira: Invernadero hidroponía sintropía y reforestación,Fundación Santuario Clafira,fundacion,Valoración y Conservación de la Biodiversidad,afolu,False,sector_specific,Limache,5802,Región de Valparaíso,6000000,2.27,organizacion_sin_fines_de_lucro,intermediated,adjudicado_inicial,2026-06-17
Fondo de Protección Ambiental (FPA),Ministerio del Medio Ambiente (MMA),2023,XXVI,PSC,FPA 2023 - Proyectos Sustentables Ciudadanos,linea,65934,Gestión Comunitaria de Residuos Reciclables Villa Los Aromos Santa María,Consejo Vecinal de Desarrollo del barrio Villa Los Aromos,asociacion_gremial_o_productiva,Economía Circular y Gestión de Residuos,waste,False,sector_specific,Santa María,5706,Región de Valparaíso,6000000,2.25,organizacion_sin_fines_de_lucro,intermediated,adjudicado_inicial,2026-06-17
Fondo de Protección Ambiental (FPA),Ministerio del Medio Ambiente (MMA),2023,XXVI,PSC,FPA 2023 - Proyectos Sustentables Ciudadanos,linea,64622,Cultiva nativo en la ciudad: banco de semillas vivo para la conservación de la flora nativa,Fundación Cambio Simbiótico,fundacion,Valoración y Conservación de la Biodiversidad,afolu,False,sector_specific,Peñaflor,13605,Región Metropolitana de Santiago,6000000,2.97,organizacion_sin_fines_de_lucro,intermediated,adjudicado_inicial,2026-06-17
Fondo de Protección Ambiental (FPA),Ministerio del Medio Ambiente (MMA),2023,XXVI,PSC,FPA 2023 - Proyectos Sustentables Ciudadanos,linea,65264,Dramatizando la Basura: Ciclo de Educación en Residuos en Pedro Aguirre Cerda,Fundación Raíz,fundacion,Economía Circular y Gestión de Residuos,waste,False,sector_specific,Santiago,13101,Región Metropolitana de Santiago,6000000,2.97,organizacion_sin_fines_de_lucro,intermediated,adjudicado_inicial,2026-06-17
Fondo de Protección Ambiental (FPA),Ministerio del Medio Ambiente (MMA),2023,XXVI,PSC,FPA 2023 - Proyectos Sustentables Ciudadanos,linea,64624,Conociendo nuestra historia recuperamos semillas nativas en comunidad,Junta de Vecinos Comunidad Ecológica Peñalolén N°29,junta_de_vecinos,Valoración y Conservación de la Biodiversidad,afolu,False,sector_specific,Peñalolén,13122,Región Metropolitana de Santiago,6000000,2.9,organizacion_sin_fines_de_lucro,intermediated,adjudicado_inicial,2026-06-17
Fondo de Protección Ambiental (FPA),Ministerio del Medio Ambiente (MMA),2023,XXVI,PSC,FPA 2023 - Proyectos Sustentables Ciudadanos,linea,64990,Biosfera Lab,Fundación Biósfera Mía,fundacion,Valoración y Conservación de la Biodiversidad,afolu,False,sector_specific,La Florida,13110,Región Metropolitana de Santiago,6000000,2.88,organizacion_sin_fines_de_lucro,intermediated,adjudicado_inicial,2026-06-17
Fondo de Protección Ambiental (FPA),Ministerio del Medio Ambiente (MMA),2023,XXVI,PSC,FPA 2023 - Proyectos Sustentables Ciudadanos,linea,66173,Conservación y educación ambiental en el Mirador de Cóndores Cajón del Maipo,Fundación de Desarrollo Sostenible Cajón del Maipo,fundacion,Valoración y Conservación de la Biodiversidad,afolu,False,sector_specific,San José de Maipo,13203,Región Metropolitana de Santiago,6000000,2.85,organizacion_sin_fines_de_lucro,intermediated,adjudicado_inicial,2026-06-17
Fondo de Protección Ambiental (FPA),Ministerio del Medio Ambiente (MMA),2023,XXVI,PSC,FPA 2023 - Proyectos Sustentables Ciudadanos,linea,64657,Plaza Costa Rica: rehabilitación ecológica-urbana de un espacio público comunitario,Junta de Vecinos Remodelación Panamericana Norte,junta_de_vecinos,Valoración y Conservación de la Biodiversidad,afolu,False,sector_specific,Conchalí,13104,Región Metropolitana de Santiago,6000000,2.82,organizacion_sin_fines_de_lucro,intermediated,adjudicado_inicial,2026-06-17
Fondo de Protección Ambiental (FPA),Ministerio del Medio Ambiente (MMA),2023,XXVI,PSC,FPA 2023 - Proyectos Sustentables Ciudadanos,linea,64294,Restauración y Consolidación Ecológica Parque Humedal Memoria de La Vertiente,Junta de Vecinos Población Última Hora,junta_de_vecinos,Valoración y Conservación de la Biodiversidad,afolu,False,sector_specific,Huechuraba,13107,Región Metropolitana de Santiago,6000000,2.8,organizacion_sin_fines_de_lucro,intermediated,adjudicado_inicial,2026-06-17
Fondo de Protección Ambiental (FPA),Ministerio del Medio Ambiente (MMA),2023,XXVI,PSC,FPA 2023 - Proyectos Sustentables Ciudadanos,linea,65289,Restauración Biocultural del Estero Troncó,Comité Ambiental Comunal Mostazal,comite,Valoración y Conservación de la Biodiversidad,afolu,False,sector_specific,Mostazal,6110,Región del Libertador Gral. Bernardo O'Higgins,6000000,2.84,organizacion_sin_fines_de_lucro,intermediated,adjudicado_inicial,2026-06-17
Fondo de Protección Ambiental (FPA),Ministerio del Medio Ambiente (MMA),2023,XXVI,PSC,FPA 2023 - Proyectos Sustentables Ciudadanos,linea,65252,Formando Técnicos para El Futuro Liceo Politécnico Berta Zamorano Lizana Coltauco,Fundación Horizonte Creatividad e Impacto,fundacion,Eficiencia Hídrica y Energética,stationary_energy,True,sector_specific,Coltauco,6104,Región del Libertador Gral. Bernardo O'Higgins,6000000,2.82,organizacion_sin_fines_de_lucro,intermediated,adjudicado_inicial,2026-06-17
Fondo de Protección Ambiental (FPA),Ministerio del Medio Ambiente (MMA),2023,XXVI,PSC,FPA 2023 - Proyectos Sustentables Ciudadanos,linea,63789,Comunidad Sustentable Barrio Brisas de la Cruz,Barrio Brisas de la Cruz,otra_org_sin_fines_de_lucro,Economía Circular y Gestión de Residuos,waste,False,sector_specific,Rancagua,6101,Región del Libertador Gral. Bernardo O'Higgins,6000000,2.79,organizacion_sin_fines_de_lucro,intermediated,adjudicado_inicial,2026-06-17
Fondo de Protección Ambiental (FPA),Ministerio del Medio Ambiente (MMA),2023,XXVI,PSC,FPA 2023 - Proyectos Sustentables Ciudadanos,linea,63761,Invernadero comunitario para la reproducción de especies de vegetación nativa con la Escuela de Bellavista y JV Vega Ancoa,Junta de Vecinos el Primer Paso de Vega Ancoa,junta_de_vecinos,Valoración y Conservación de la Biodiversidad,afolu,False,sector_specific,Linares,7401,Región del Maule,6000000,2.98,organizacion_sin_fines_de_lucro,intermediated,adjudicado_inicial,2026-06-17
Fondo de Protección Ambiental (FPA),Ministerio del Medio Ambiente (MMA),2023,XXVI,PSC,FPA 2023 - Proyectos Sustentables Ciudadanos,linea,63581,Micro bosques Urbanos,Club del Árbol de Talca,club,Cambio Climático y Descontaminación Ambiental,cross,False,broad,Talca,7101,Región del Maule,6000000,2.97,organizacion_sin_fines_de_lucro,intermediated,adjudicado_inicial,2026-06-17
Fondo de Protección Ambiental (FPA),Ministerio del Medio Ambiente (MMA),2023,XXVI,PSC,FPA 2023 - Proyectos Sustentables Ciudadanos,linea,65470,Incentivando la conservación de la biodiversidad del borde costero de Curepto,Agrupación por el Respeto y Cuidado Animal,agrupacion,Valoración y Conservación de la Biodiversidad,afolu,False,sector_specific,Curepto,7103,Región del Maule,6000000,2.89,organizacion_sin_fines_de_lucro,intermediated,adjudicado_inicial,2026-06-17
Fondo de Protección Ambiental (FPA),Ministerio del Medio Ambiente (MMA),2023,XXVI,PSC,FPA 2023 - Proyectos Sustentables Ciudadanos,linea,65292,Rebrotando nuestra unidad vecinal,Junta de Vecinos N°7 Población Ávila,junta_de_vecinos,Cambio Climático y Descontaminación Ambiental,cross,False,broad,Cauquenes,7201,Región del Maule,6000000,2.87,organizacion_sin_fines_de_lucro,intermediated,adjudicado_inicial,2026-06-17
Fondo de Protección Ambiental (FPA),Ministerio del Medio Ambiente (MMA),2023,XXVI,PSC,FPA 2023 - Proyectos Sustentables Ciudadanos,linea,65457,Mujeres moda circular y valorización textil,Centro de Acción de la Mujer San Lucas,otra_org_sin_fines_de_lucro,Economía Circular y Gestión de Residuos,waste,False,sector_specific,Curicó,7301,Región del Maule,6000000,2.8,organizacion_sin_fines_de_lucro,intermediated,adjudicado_inicial,2026-06-17
Fondo de Protección Ambiental (FPA),Ministerio del Medio Ambiente (MMA),2023,XXVI,PSC,FPA 2023 - Proyectos Sustentables Ciudadanos,linea,65130,Por un barrio Compostable,Junta de Vecinos La Lobería,junta_de_vecinos,Economía Circular y Gestión de Residuos,waste,False,sector_specific,Cobquecura,16202,Región de Ñuble,6000000,2.65,organizacion_sin_fines_de_lucro,intermediated,adjudicado_inicial,2026-06-17
Fondo de Protección Ambiental (FPA),Ministerio del Medio Ambiente (MMA),2023,XXVI,PSC,FPA 2023 - Proyectos Sustentables Ciudadanos,linea,66056,Incorporando la agroecología a niños y adultos de la Agrupación de Personas con Síndrome de Down,Agrupación de Padres y Amigos de Personas con Síndrome de Down,centro_de_padres,Cambio Climático y Descontaminación Ambiental,cross,False,broad,San Carlos,16301,Región de Ñuble,6000000,2.6,organizacion_sin_fines_de_lucro,intermediated,adjudicado_inicial,2026-06-17
Fondo de Protección Ambiental (FPA),Ministerio del Medio Ambiente (MMA),2023,XXVI,PSC,FPA 2023 - Proyectos Sustentables Ciudadanos,linea,66165,18 de septiembre recicla,Junta de Vecinos 18 de Septiembre de Buchupureo,junta_de_vecinos,Economía Circular y Gestión de Residuos,waste,False,sector_specific,Cobquecura,16202,Región de Ñuble,6000000,2.57,organizacion_sin_fines_de_lucro,intermediated,adjudicado_inicial,2026-06-17
Fondo de Protección Ambiental (FPA),Ministerio del Medio Ambiente (MMA),2023,XXVI,PSC,FPA 2023 - Proyectos Sustentables Ciudadanos,linea,64119,Bombeo solar para Centro Comunal de Agroecología,Comité Agroecológico Liceo Puente Ñuble,comite,Eficiencia Hídrica y Energética,water,True,sector_specific,San Nicolás,16305,Región de Ñuble,6000000,2.4,organizacion_sin_fines_de_lucro,intermediated,adjudicado_inicial,2026-06-17
Fondo de Protección Ambiental (FPA),Ministerio del Medio Ambiente (MMA),2023,XXVI,PSC,FPA 2023 - Proyectos Sustentables Ciudadanos,linea,65971,Vivero Nativo Comunitario,Comité Ambiental Comunal Curanilahue,comite,Valoración y Conservación de la Biodiversidad,afolu,False,sector_specific,Curanilahue,8205,Región del Biobío,6000000,2.9,organizacion_sin_fines_de_lucro,intermediated,adjudicado_inicial,2026-06-17
Fondo de Protección Ambiental (FPA),Ministerio del Medio Ambiente (MMA),2023,XXVI,PSC,FPA 2023 - Proyectos Sustentables Ciudadanos,linea,63846,Tortugas de orejas rojas en Brisa del Sol: educación ambiental para controlar su impacto,Agrupación Ecológica Canal Ifarle,agrupacion,Valoración y Conservación de la Biodiversidad,afolu,False,sector_specific,Talcahuano,8110,Región del Biobío,6000000,2.9,organizacion_sin_fines_de_lucro,intermediated,adjudicado_inicial,2026-06-17
Fondo de Protección Ambiental (FPA),Ministerio del Medio Ambiente (MMA),2023,XXVI,PSC,FPA 2023 - Proyectos Sustentables Ciudadanos,linea,65657,Manejo comunitario y eficiente de residuos orgánicos,Comité de Defensa Ambiental Social y Cultural Andalikan,comite,Economía Circular y Gestión de Residuos,waste,False,sector_specific,Coronel,8102,Región del Biobío,6000000,2.85,organizacion_sin_fines_de_lucro,intermediated,adjudicado_inicial,2026-06-17
Fondo de Protección Ambiental (FPA),Ministerio del Medio Ambiente (MMA),2023,XXVI,PSC,FPA 2023 - Proyectos Sustentables Ciudadanos,linea,65716,La Vida el bosque y la magia: Capsulas audiovisuales educativas del bosque en que habitamos,Fundación Mi Territorio Sustentable,fundacion,Valoración y Conservación de la Biodiversidad,afolu,False,sector_specific,Collipulli,9202,Región de La Araucanía,6000000,3.0,organizacion_sin_fines_de_lucro,intermediated,adjudicado_inicial,2026-06-17
Fondo de Protección Ambiental (FPA),Ministerio del Medio Ambiente (MMA),2023,XXVI,PSC,FPA 2023 - Proyectos Sustentables Ciudadanos,linea,64006,Promoviendo la conservación del Humedal Rengalil,Central de Juntas de Vigilancia,otra_org_sin_fines_de_lucro,Valoración y Conservación de la Biodiversidad,afolu,False,sector_specific,Nueva Imperial,9111,Región de La Araucanía,6000000,3.0,organizacion_sin_fines_de_lucro,intermediated,adjudicado_inicial,2026-06-17
Fondo de Protección Ambiental (FPA),Ministerio del Medio Ambiente (MMA),2023,XXVI,PSC,FPA 2023 - Proyectos Sustentables Ciudadanos,linea,64528,Sensibilización y Conservación Ambiental del Humedal Urbano Villarrica,Comité Medioambiental y de Desarrollo Comunal,comite,Valoración y Conservación de la Biodiversidad,afolu,False,sector_specific,Villarrica,9120,Región de La Araucanía,6000000,2.98,organizacion_sin_fines_de_lucro,intermediated,adjudicado_inicial,2026-06-17
Fondo de Protección Ambiental (FPA),Ministerio del Medio Ambiente (MMA),2023,XXVI,PSC,FPA 2023 - Proyectos Sustentables Ciudadanos,linea,64789,Vecinos Autoconvocados,Junta de Vecinos Villa Las Azaleas,junta_de_vecinos,Cambio Climático y Descontaminación Ambiental,cross,False,broad,Padre Las Casas,9112,Región de La Araucanía,6000000,2.95,organizacion_sin_fines_de_lucro,intermediated,adjudicado_inicial,2026-06-17
Fondo de Protección Ambiental (FPA),Ministerio del Medio Ambiente (MMA),2023,XXVI,PSC,FPA 2023 - Proyectos Sustentables Ciudadanos,linea,65477,Con la ayuda del sol agua caliente para la sede de Poculón,Junta de Vecinos Poculón,junta_de_vecinos,Eficiencia Hídrica y Energética,water,True,sector_specific,Teodoro Schmidt,9117,Región de La Araucanía,6000000,2.95,organizacion_sin_fines_de_lucro,intermediated,adjudicado_inicial,2026-06-17
Fondo de Protección Ambiental (FPA),Ministerio del Medio Ambiente (MMA),2023,XXVI,PSC,FPA 2023 - Proyectos Sustentables Ciudadanos,linea,64762,Botika Natural: Invernadero Agroecológico Comunitario El Huape Roy Roy,Junta de Vecinos El Huape Roy Roy,junta_de_vecinos,Valoración y Conservación de la Biodiversidad,afolu,False,sector_specific,La Unión,14201,Región de Los Ríos,6000000,2.91,organizacion_sin_fines_de_lucro,intermediated,adjudicado_inicial,2026-06-17
Fondo de Protección Ambiental (FPA),Ministerio del Medio Ambiente (MMA),2023,XXVI,PSC,FPA 2023 - Proyectos Sustentables Ciudadanos,linea,66022,Compostaje en mi Barrio,Junta de Vecinos Desarrollo y Progreso Unidad Vecinal N°5 Urbana,junta_de_vecinos,Economía Circular y Gestión de Residuos,waste,False,sector_specific,Paillaco,14107,Región de Los Ríos,6000000,2.83,organizacion_sin_fines_de_lucro,intermediated,adjudicado_inicial,2026-06-17
Fondo de Protección Ambiental (FPA),Ministerio del Medio Ambiente (MMA),2023,XXVI,PSC,FPA 2023 - Proyectos Sustentables Ciudadanos,linea,63605,Los Murciélagos Nuestros Aliados Nocturnos,Fundación Parque Katalapi,fundacion,Valoración y Conservación de la Biodiversidad,afolu,False,sector_specific,Puerto Montt,10101,Región de Los Lagos,6000000,2.94,organizacion_sin_fines_de_lucro,intermediated,adjudicado_inicial,2026-06-17
Fondo de Protección Ambiental (FPA),Ministerio del Medio Ambiente (MMA),2023,XXVI,PSC,FPA 2023 - Proyectos Sustentables Ciudadanos,linea,64496,Valorando la Biodiversidad chilota para su Conservación,Centro de Conservación de la Biodiversidad Chiloé Silvestre,otra_org_sin_fines_de_lucro,Valoración y Conservación de la Biodiversidad,afolu,False,sector_specific,Ancud,10202,Región de Los Lagos,6000000,2.9,organizacion_sin_fines_de_lucro,intermediated,adjudicado_inicial,2026-06-17
Fondo de Protección Ambiental (FPA),Ministerio del Medio Ambiente (MMA),2023,XXVI,PSC,FPA 2023 - Proyectos Sustentables Ciudadanos,linea,65200,Huillín guardián: monitoreo comunitario de la Cuenca del Maullín usando dispositivos de bajo costo,Comité Acción Comunal Puerto Varas,comite,Cambio Climático y Descontaminación Ambiental,cross,False,broad,Puerto Varas,10109,Región de Los Lagos,6000000,2.88,organizacion_sin_fines_de_lucro,intermediated,adjudicado_inicial,2026-06-17
Fondo de Protección Ambiental (FPA),Ministerio del Medio Ambiente (MMA),2023,XXVI,PSC,FPA 2023 - Proyectos Sustentables Ciudadanos,linea,64944,Quebrada la Cruz: Recuperando un espacio de encuentro,Consejo Vecinal de Desarrollo Barrio Quebrada la Cruz,asociacion_gremial_o_productiva,Valoración y Conservación de la Biodiversidad,afolu,False,sector_specific,Coyhaique,11101,Región de Aysén del Gral. Carlos Ibáñez del Campo,6000000,2.95,organizacion_sin_fines_de_lucro,intermediated,adjudicado_inicial,2026-06-17
Fondo de Protección Ambiental (FPA),Ministerio del Medio Ambiente (MMA),2023,XXVI,PSC,FPA 2023 - Proyectos Sustentables Ciudadanos,linea,64332,Manejo y erradicación del Retamo de la playa principal de Puerto Raúl Marín Balmaceda,Sindicato de Trabajadores Independientes de la Pesca Artesanal,asociacion_gremial_o_productiva,Valoración y Conservación de la Biodiversidad,afolu,False,sector_specific,Cisnes,11202,Región de Aysén del Gral. Carlos Ibáñez del Campo,6000000,2.75,organizacion_sin_fines_de_lucro,intermediated,adjudicado_inicial,2026-06-17
Fondo de Protección Ambiental (FPA),Ministerio del Medio Ambiente (MMA),2023,XXVI,PSC,FPA 2023 - Proyectos Sustentables Ciudadanos,linea,66516,Centro comunitario apícola,Junta de vecinos N°16 Valle Simpson,junta_de_vecinos,Cambio Climático y Descontaminación Ambiental,cross,False,broad,Coyhaique,11101,Región de Aysén del Gral. Carlos Ibáñez del Campo,6000000,2.64,organizacion_sin_fines_de_lucro,intermediated,adjudicado_inicial,2026-06-17
Fondo de Protección Ambiental (FPA),Ministerio del Medio Ambiente (MMA),2023,XXVI,PSC,FPA 2023 - Proyectos Sustentables Ciudadanos,linea,65095,Implementación de Punto Verde en Población Nueva Esperanza,Junta N°21 Vista Hermosa,otra_org_sin_fines_de_lucro,Economía Circular y Gestión de Residuos,waste,False,sector_specific,Natales,12401,Región de Magallanes y de la Antártica Chilena,6000000,2.94,organizacion_sin_fines_de_lucro,intermediated,adjudicado_inicial,2026-06-17
Fondo de Protección Ambiental (FPA),Ministerio del Medio Ambiente (MMA),2023,XXVI,PSC,FPA 2023 - Proyectos Sustentables Ciudadanos,linea,64615,Fitocosmética sustentable como alternativa para el cuidado del medio ambiente,Club de Ancianos Don Bosco,club,Cambio Climático y Descontaminación Ambiental,cross,False,broad,Natales,12401,Región de Magallanes y de la Antártica Chilena,6000000,2.93,organizacion_sin_fines_de_lucro,intermediated,adjudicado_inicial,2026-06-17
Fondo de Protección Ambiental (FPA),Ministerio del Medio Ambiente (MMA),2023,XXVI,PSC,FPA 2023 - Proyectos Sustentables Ciudadanos,linea,64020,Fortalecimiento del Vivero de Flora Nativa para Río Seco,Asociación de Investigadores Museo de Historia Natural Río Seco,otra_org_sin_fines_de_lucro,Valoración y Conservación de la Biodiversidad,afolu,False,sector_specific,Punta Arenas,12101,Región de Magallanes y de la Antártica Chilena,6000000,2.78,organizacion_sin_fines_de_lucro,intermediated,adjudicado_inicial,2026-06-17
Fondo de Protección Ambiental (FPA),Ministerio del Medio Ambiente (MMA),2023,XXVI,PSEE,FPA 2023 - Proyectos Sustentables en Establecimientos Educacionales,linea,66159,Laboratorios móviles de energías renovables y cultivos urbanos,Centro de Padres Y Apoderados Jardín Infantil y Sala Cuna Villa Frontera de Arica,centro_de_padres,Cambio Climático y Descontaminación Ambiental,cross,False,broad,Arica,15101,Región de Arica y Parinacota,6000000,2.32,organizacion_sin_fines_de_lucro,intermediated,adjudicado_inicial,2026-06-17
Fondo de Protección Ambiental (FPA),Ministerio del Medio Ambiente (MMA),2023,XXVI,PSEE,FPA 2023 - Proyectos Sustentables en Establecimientos Educacionales,linea,66201,Cuidando el medioambiente,Centro de Padres y Apoderados Colegio Salesiano Don Bosco Iquique,centro_de_padres,Economía Circular y Gestión de Residuos,waste,False,sector_specific,Iquique,1101,Región de Tarapacá,6000000,2.5,organizacion_sin_fines_de_lucro,intermediated,adjudicado_inicial,2026-06-17
Fondo de Protección Ambiental (FPA),Ministerio del Medio Ambiente (MMA),2023,XXVI,PSEE,FPA 2023 - Proyectos Sustentables en Establecimientos Educacionales,linea,65247,Implementación de punto limpio y módulo de compostaje para la gestión de residuos Escuela Diferencial F-33,Centro General de Padres Escuela F-33 Loa,centro_de_padres,Economía Circular y Gestión de Residuos,waste,False,sector_specific,Calama,2201,Región de Antofagasta,6000000,2.51,organizacion_sin_fines_de_lucro,intermediated,adjudicado_inicial,2026-06-17
Fondo de Protección Ambiental (FPA),Ministerio del Medio Ambiente (MMA),2023,XXVI,PSEE,FPA 2023 - Proyectos Sustentables en Establecimientos Educacionales,linea,64993,Amigos de la Escuela IPMA comprometidos con los niños y el Medio Ambiente,Centro de Padres Apoderados Isabel Peña Morales Anexa,centro_de_padres,Cambio Climático y Descontaminación Ambiental,cross,False,broad,Copiapó,3101,Región de Atacama,6000000,2.32,organizacion_sin_fines_de_lucro,intermediated,adjudicado_inicial,2026-06-17
Fondo de Protección Ambiental (FPA),Ministerio del Medio Ambiente (MMA),2023,XXVI,PSEE,FPA 2023 - Proyectos Sustentables en Establecimientos Educacionales,linea,66510,Ojos de Infancia: Naturaleza audiovisual,Centro de Padres y Apoderados Colegio La Villa El Palqui,centro_de_padres,Valoración y Conservación de la Biodiversidad,afolu,False,sector_specific,Monte Patria,4303,Región de Coquimbo,6000000,2.82,organizacion_sin_fines_de_lucro,intermediated,adjudicado_inicial,2026-06-17
Fondo de Protección Ambiental (FPA),Ministerio del Medio Ambiente (MMA),2023,XXVI,PSEE,FPA 2023 - Proyectos Sustentables en Establecimientos Educacionales,linea,66499,Aula a cielo abierto: Humedal artificial para promover el cuidado del agua en educación básica,Centro de Padres y Apoderados Escuela Básica El Rincón,centro_de_padres,Eficiencia Hídrica y Energética,water,True,sector_specific,Puchuncaví,5105,Región de Valparaíso,6000000,2.37,organizacion_sin_fines_de_lucro,intermediated,adjudicado_inicial,2026-06-17
Fondo de Protección Ambiental (FPA),Ministerio del Medio Ambiente (MMA),2023,XXVI,PSEE,FPA 2023 - Proyectos Sustentables en Establecimientos Educacionales,linea,66382,Guiando para el Conocimiento de la Valoración de la Biodiversidad del Entorno Local,Centro de Padres y Apoderados del Colegio Costa Rica,centro_de_padres,Valoración y Conservación de la Biodiversidad,afolu,False,sector_specific,Ñuñoa,13120,Región Metropolitana de Santiago,6000000,2.76,organizacion_sin_fines_de_lucro,intermediated,adjudicado_inicial,2026-06-17
Fondo de Protección Ambiental (FPA),Ministerio del Medio Ambiente (MMA),2023,XXVI,PSEE,FPA 2023 - Proyectos Sustentables en Establecimientos Educacionales,linea,66268,Ilumina tu colegio ilumina tu conciencia medioambiental,Centro General de Padres y Apoderados Centro Técnico Profesional Maipú,centro_de_padres,Eficiencia Hídrica y Energética,stationary_energy,True,sector_specific,Maipú,13119,Región Metropolitana de Santiago,6000000,2.57,organizacion_sin_fines_de_lucro,intermediated,adjudicado_inicial,2026-06-17
Fondo de Protección Ambiental (FPA),Ministerio del Medio Ambiente (MMA),2023,XXVI,PSEE,FPA 2023 - Proyectos Sustentables en Establecimientos Educacionales,linea,65184,Implementación de una Lorera y sala de germinación como espacio pedagógico para la conservación de flora y fauna nativa,Centro de Padres y Apoderados Colegio Tricahue,centro_de_padres,Valoración y Conservación de la Biodiversidad,afolu,False,sector_specific,Requínoa,6116,Región del Libertador Gral. Bernardo O'Higgins,6000000,2.97,organizacion_sin_fines_de_lucro,intermediated,adjudicado_inicial,2026-06-17
Fondo de Protección Ambiental (FPA),Ministerio del Medio Ambiente (MMA),2023,XXVI,PSEE,FPA 2023 - Proyectos Sustentables en Establecimientos Educacionales,linea,64945,Educación ambiental para la descontaminación atmosférica y cambio climático,Centro de Padres y Apoderados de la Escuela de Lo de Lobo,centro_de_padres,Cambio Climático y Descontaminación Ambiental,cross,False,broad,Rengo,6115,Región del Libertador Gral. Bernardo O'Higgins,6000000,2.82,organizacion_sin_fines_de_lucro,intermediated,adjudicado_inicial,2026-06-17
Fondo de Protección Ambiental (FPA),Ministerio del Medio Ambiente (MMA),2023,XXVI,PSEE,FPA 2023 - Proyectos Sustentables en Establecimientos Educacionales,linea,65151,Un Invernadero para mi escuela Las Violetas,Centro de Padres y Apoderados Escuela Especial F 483 Las Violetas de Linares,centro_de_padres,Cambio Climático y Descontaminación Ambiental,cross,False,broad,Linares,7401,Región del Maule,6000000,2.89,organizacion_sin_fines_de_lucro,intermediated,adjudicado_inicial,2026-06-17
Fondo de Protección Ambiental (FPA),Ministerio del Medio Ambiente (MMA),2023,XXVI,PSEE,FPA 2023 - Proyectos Sustentables en Establecimientos Educacionales,linea,63491,Aire limpio más salud para Linares,Centro General de Padres y Apoderados Escuela D-452 ex 35,centro_de_padres,Cambio Climático y Descontaminación Ambiental,cross,False,broad,Linares,7401,Región del Maule,6000000,2.84,organizacion_sin_fines_de_lucro,intermediated,adjudicado_inicial,2026-06-17
Fondo de Protección Ambiental (FPA),Ministerio del Medio Ambiente (MMA),2023,XXVI,PSEE,FPA 2023 - Proyectos Sustentables en Establecimientos Educacionales,linea,64033,Recuperación sustentable de áreas verdes en mi escuela,Centro General de Padres y Apoderados Escuela F-299 Guardia Marina Ernesto Riquelme Minas Del Prado,centro_de_padres,Eficiencia Hídrica y Energética,stationary_energy,True,sector_specific,Coihueco,16302,Región de Ñuble,6000000,2.55,organizacion_sin_fines_de_lucro,intermediated,adjudicado_inicial,2026-06-17
Fondo de Protección Ambiental (FPA),Ministerio del Medio Ambiente (MMA),2023,XXVI,PSEE,FPA 2023 - Proyectos Sustentables en Establecimientos Educacionales,linea,64828,Aprendo a Reutilizar con la Moda Circular,Centro de Padres y Apoderados de La Escuela Básica Valle Lonquén de Trehuaco,centro_de_padres,Economía Circular y Gestión de Residuos,waste,False,sector_specific,Trehuaco,16207,Región de Ñuble,6000000,2.28,organizacion_sin_fines_de_lucro,intermediated,adjudicado_inicial,2026-06-17
Fondo de Protección Ambiental (FPA),Ministerio del Medio Ambiente (MMA),2023,XXVI,PSEE,FPA 2023 - Proyectos Sustentables en Establecimientos Educacionales,linea,64960,Conozco aprendo y valoro mi entorno natural en comunidad,Centro de Padres y Apoderados Escuela Jose Toha Soldevilla de Recinto,centro_de_padres,Valoración y Conservación de la Biodiversidad,afolu,False,sector_specific,Pinto,16106,Región de Ñuble,6000000,2.25,organizacion_sin_fines_de_lucro,intermediated,adjudicado_inicial,2026-06-17
Fondo de Protección Ambiental (FPA),Ministerio del Medio Ambiente (MMA),2023,XXVI,PSEE,FPA 2023 - Proyectos Sustentables en Establecimientos Educacionales,linea,65651,Formemos una escuela activa en la mitigación y adaptación mediante la reforestación y restauración ecológica,Centro General de Padres y Apoderados Escuela F-490 Cerro Cornou,centro_de_padres,Valoración y Conservación de la Biodiversidad,afolu,False,sector_specific,Talcahuano,8110,Región del Biobío,6000000,2.86,organizacion_sin_fines_de_lucro,intermediated,adjudicado_inicial,2026-06-17
Fondo de Protección Ambiental (FPA),Ministerio del Medio Ambiente (MMA),2023,XXVI,PSEE,FPA 2023 - Proyectos Sustentables en Establecimientos Educacionales,linea,65236,EnVaso con Esperanza,Centro General de Padres Escuela Diferencial F 905 Los Ángeles,centro_de_padres,Economía Circular y Gestión de Residuos,waste,False,sector_specific,Los Ángeles,8301,Región del Biobío,6000000,2.81,organizacion_sin_fines_de_lucro,intermediated,adjudicado_inicial,2026-06-17
Fondo de Protección Ambiental (FPA),Ministerio del Medio Ambiente (MMA),2023,XXVI,PSEE,FPA 2023 - Proyectos Sustentables en Establecimientos Educacionales,linea,65820,Compostera Escolar en Nonguén,Centro General de Padres y Apoderados Colegio Leopoldo Lucero Gonzalez,centro_de_padres,Economía Circular y Gestión de Residuos,waste,False,sector_specific,Concepción,8101,Región del Biobío,6000000,2.72,organizacion_sin_fines_de_lucro,intermediated,adjudicado_inicial,2026-06-17
Fondo de Protección Ambiental (FPA),Ministerio del Medio Ambiente (MMA),2023,XXVI,PSEE,FPA 2023 - Proyectos Sustentables en Establecimientos Educacionales,linea,65204,Eco-acciones: todo comienza en tus manos,Centro de Padres y Apoderados Escuela Carileufu,centro_de_padres,Economía Circular y Gestión de Residuos,waste,False,sector_specific,Pucón,9115,Región de La Araucanía,6000000,2.95,organizacion_sin_fines_de_lucro,intermediated,adjudicado_inicial,2026-06-17
Fondo de Protección Ambiental (FPA),Ministerio del Medio Ambiente (MMA),2023,XXVI,PSEE,FPA 2023 - Proyectos Sustentables en Establecimientos Educacionales,linea,65423,Al rescate de espacios urbanos para la construcción de jardines nativos,Centro de Padres y Apoderados Escuela Licarayen,centro_de_padres,Cambio Climático y Descontaminación Ambiental,cross,False,broad,Gorbea,9107,Región de La Araucanía,6000000,2.94,organizacion_sin_fines_de_lucro,intermediated,adjudicado_inicial,2026-06-17
Fondo de Protección Ambiental (FPA),Ministerio del Medio Ambiente (MMA),2023,XXVI,PSEE,FPA 2023 - Proyectos Sustentables en Establecimientos Educacionales,linea,63745,Sistema demostrativo de energía renovable no convencional para la educación ambiental Colegio Juan Pablo II,Centro de Padres y Apoderados Colegio Juan Pablo II,centro_de_padres,Eficiencia Hídrica y Energética,stationary_energy,True,sector_specific,Gorbea,9107,Región de La Araucanía,6000000,2.93,organizacion_sin_fines_de_lucro,intermediated,adjudicado_inicial,2026-06-17
Fondo de Protección Ambiental (FPA),Ministerio del Medio Ambiente (MMA),2023,XXVI,PSEE,FPA 2023 - Proyectos Sustentables en Establecimientos Educacionales,linea,64758,Cuidando las Raíces de mi pueblo,Centro de Familia Pequeños Gigantes por un Futuro Mejor de Paillaco,otra_org_sin_fines_de_lucro,Valoración y Conservación de la Biodiversidad,afolu,False,sector_specific,Paillaco,14107,Región de Los Ríos,6000000,2.82,organizacion_sin_fines_de_lucro,intermediated,adjudicado_inicial,2026-06-17
Fondo de Protección Ambiental (FPA),Ministerio del Medio Ambiente (MMA),2023,XXVI,PSEE,FPA 2023 - Proyectos Sustentables en Establecimientos Educacionales,linea,66356,Desde el suelo a la panza: huerto agroecológico,Centro de Padres y Apoderados Colegio Masters College,centro_de_padres,Cambio Climático y Descontaminación Ambiental,cross,False,broad,Valdivia,14101,Región de Los Ríos,6000000,2.79,organizacion_sin_fines_de_lucro,intermediated,adjudicado_inicial,2026-06-17
Fondo de Protección Ambiental (FPA),Ministerio del Medio Ambiente (MMA),2023,XXVI,PSEE,FPA 2023 - Proyectos Sustentables en Establecimientos Educacionales,linea,66211,Jardines ecosistémicos para Llanquihue,Centro General de Padres Escuela Particular 239 Los Volcanes,centro_de_padres,Valoración y Conservación de la Biodiversidad,afolu,False,sector_specific,Llanquihue,10107,Región de Los Lagos,6000000,2.95,organizacion_sin_fines_de_lucro,intermediated,adjudicado_inicial,2026-06-17
Fondo de Protección Ambiental (FPA),Ministerio del Medio Ambiente (MMA),2023,XXVI,PSEE,FPA 2023 - Proyectos Sustentables en Establecimientos Educacionales,linea,65518,Lombriciando vamos avanzando V3,Centro General de Padres y Apoderados Escuela E N°7 Gabriela Mistral,centro_de_padres,Cambio Climático y Descontaminación Ambiental,cross,False,broad,Aysén,11201,Región de Aysén del Gral. Carlos Ibáñez del Campo,6000000,3.0,organizacion_sin_fines_de_lucro,intermediated,adjudicado_inicial,2026-06-17
Fondo de Protección Ambiental (FPA),Ministerio del Medio Ambiente (MMA),2023,XXVI,PSEE,FPA 2023 - Proyectos Sustentables en Establecimientos Educacionales,linea,64491,Conociendo y cuidando la Flora Nativa en mi Jardín,Centro de Padres Y Apoderados Jardín Familiar El Paraíso JUNJI,centro_de_padres,Valoración y Conservación de la Biodiversidad,afolu,False,sector_specific,Chile Chico,11401,Región de Aysén del Gral. Carlos Ibáñez del Campo,6000000,2.85,organizacion_sin_fines_de_lucro,intermediated,adjudicado_inicial,2026-06-17
Fondo de Protección Ambiental (FPA),Ministerio del Medio Ambiente (MMA),2023,XXVI,PSEE,FPA 2023 - Proyectos Sustentables en Establecimientos Educacionales,linea,65632,Guardianes de la Estepa,Centro General de Padres y Apoderados Escuela Básica de Chile Chico,centro_de_padres,Valoración y Conservación de la Biodiversidad,afolu,False,sector_specific,Chile Chico,11401,Región de Aysén del Gral. Carlos Ibáñez del Campo,6000000,2.81,organizacion_sin_fines_de_lucro,intermediated,adjudicado_inicial,2026-06-17
Fondo de Protección Ambiental (FPA),Ministerio del Medio Ambiente (MMA),2023,XXVI,PSEE,FPA 2023 - Proyectos Sustentables en Establecimientos Educacionales,linea,66095,Upcycling textil un primer paso al consumo consciente,Centro General de Padres Colegio Santa Teresa de los Andes,centro_de_padres,Economía Circular y Gestión de Residuos,waste,False,sector_specific,Aysén,11201,Región de Aysén del Gral. Carlos Ibáñez del Campo,6000000,2.74,organizacion_sin_fines_de_lucro,intermediated,adjudicado_inicial,2026-06-17
Fondo de Protección Ambiental (FPA),Ministerio del Medio Ambiente (MMA),2023,XXVI,PSEE,FPA 2023 - Proyectos Sustentables en Establecimientos Educacionales,linea,65403,Plaza etnobotánica inclusiva,Centro General de Padres Escuela E3 Coronel Santiago Bueras,centro_de_padres,Valoración y Conservación de la Biodiversidad,afolu,False,sector_specific,Natales,12401,Región de Magallanes y de la Antártica Chilena,6000000,2.95,organizacion_sin_fines_de_lucro,intermediated,adjudicado_inicial,2026-06-17
Fondo de Protección Ambiental (FPA),Ministerio del Medio Ambiente (MMA),2023,XXVI,PPII,FPA 2023 - Proyectos Sustentables para Pueblos Indígenas,linea,64586,Reforestación para la defensa de la erosión de los suelos ante eventos hidrometeorológicos extremos en Humagata,Comunidad Indígena San Santiago de Humagata,comunidad_o_asoc_indigena,Valoración y Conservación de la Biodiversidad,afolu,False,sector_specific,Arica,15101,Región de Arica y Parinacota,6000000,2.6,organizacion_sin_fines_de_lucro,intermediated,adjudicado_inicial,2026-06-17
Fondo de Protección Ambiental (FPA),Ministerio del Medio Ambiente (MMA),2023,XXVI,PPII,FPA 2023 - Proyectos Sustentables para Pueblos Indígenas,linea,65656,Purificador de agua para la comunidad indígena de Livilcar,Comunidad Indígena de Livilcar,comunidad_o_asoc_indigena,Eficiencia Hídrica y Energética,water,True,sector_specific,Arica,15101,Región de Arica y Parinacota,6000000,2.44,organizacion_sin_fines_de_lucro,intermediated,adjudicado_inicial,2026-06-17
Fondo de Protección Ambiental (FPA),Ministerio del Medio Ambiente (MMA),2023,XXVI,PPII,FPA 2023 - Proyectos Sustentables para Pueblos Indígenas,linea,65344,Iluminando la estancia Taypiguano de la comunidad de Ancovinto mediante el uso de la energía solar,Asociación Indígena Layrjaphura,comunidad_o_asoc_indigena,Cambio Climático y Descontaminación Ambiental,cross,False,broad,Colchane,1403,Región de Tarapacá,6000000,2.74,organizacion_sin_fines_de_lucro,intermediated,adjudicado_inicial,2026-06-17
Fondo de Protección Ambiental (FPA),Ministerio del Medio Ambiente (MMA),2023,XXVI,PPII,FPA 2023 - Proyectos Sustentables para Pueblos Indígenas,linea,65005,Quipisca Solar: Formación aplicada para la instalación y mantención de sistemas solares fotovoltaicos,Comunidad Indígena Quechua de Quipisca,comunidad_o_asoc_indigena,Eficiencia Hídrica y Energética,stationary_energy,True,sector_specific,Pozo Almonte,1401,Región de Tarapacá,6000000,2.7,organizacion_sin_fines_de_lucro,intermediated,adjudicado_inicial,2026-06-17
Fondo de Protección Ambiental (FPA),Ministerio del Medio Ambiente (MMA),2023,XXVI,PPII,FPA 2023 - Proyectos Sustentables para Pueblos Indígenas,linea,65550,Mejoramiento y limpieza de espacios comunitarios en la Comunidad de Chusmiza Usmagama,Comunidad Indígena Chusmiza Usmagama,comunidad_o_asoc_indigena,Economía Circular y Gestión de Residuos,waste,False,sector_specific,Huara,1404,Región de Tarapacá,6000000,2.6,organizacion_sin_fines_de_lucro,intermediated,adjudicado_inicial,2026-06-17
Fondo de Protección Ambiental (FPA),Ministerio del Medio Ambiente (MMA),2023,XXVI,PPII,FPA 2023 - Proyectos Sustentables para Pueblos Indígenas,linea,65662,Conociendo la biodiversidad de la Cuenca del Salar de Atacama,Comunidad Atacameña de Solcor,comunidad_o_asoc_indigena,Valoración y Conservación de la Biodiversidad,afolu,False,sector_specific,San Pedro de Atacama,2203,Región de Antofagasta,6000000,2.88,organizacion_sin_fines_de_lucro,intermediated,adjudicado_inicial,2026-06-17
Fondo de Protección Ambiental (FPA),Ministerio del Medio Ambiente (MMA),2023,XXVI,PPII,FPA 2023 - Proyectos Sustentables para Pueblos Indígenas,linea,64914,Ckaari Hutanma: Arborización con sistema sustentable waterboxx en Toconao,Comunidad Atacameña de Toconao,comunidad_o_asoc_indigena,Eficiencia Hídrica y Energética,stationary_energy,True,sector_specific,San Pedro de Atacama,2203,Región de Antofagasta,6000000,2.63,organizacion_sin_fines_de_lucro,intermediated,adjudicado_inicial,2026-06-17
Fondo de Protección Ambiental (FPA),Ministerio del Medio Ambiente (MMA),2023,XXVI,PPII,FPA 2023 - Proyectos Sustentables para Pueblos Indígenas,linea,64606,Aprovechando la energía del Inti a través de sistemas termo solar,Comunidad Indígena Diaguita Chiguinto,comunidad_o_asoc_indigena,Cambio Climático y Descontaminación Ambiental,cross,False,broad,Alto del Carmen,3302,Región de Atacama,6000000,2.46,organizacion_sin_fines_de_lucro,intermediated,adjudicado_inicial,2026-06-17
Fondo de Protección Ambiental (FPA),Ministerio del Medio Ambiente (MMA),2023,XXVI,PPII,FPA 2023 - Proyectos Sustentables para Pueblos Indígenas,linea,64601,Recuperando los suelos de la costa a través del Compostaje,Comunidad Indígena Diaguita Punta de Lobos,comunidad_o_asoc_indigena,Economía Circular y Gestión de Residuos,waste,False,sector_specific,Huasco,3304,Región de Atacama,6000000,2.39,organizacion_sin_fines_de_lucro,intermediated,adjudicado_inicial,2026-06-17
Fondo de Protección Ambiental (FPA),Ministerio del Medio Ambiente (MMA),2023,XXVI,PPII,FPA 2023 - Proyectos Sustentables para Pueblos Indígenas,linea,64483,Invernadero Trafkintuwe Quillota,Asociación de Pueblos Originarios de Quillota,otra_org_sin_fines_de_lucro,Cambio Climático y Descontaminación Ambiental,cross,False,broad,Quillota,5501,Región de Valparaíso,6000000,2.26,organizacion_sin_fines_de_lucro,intermediated,adjudicado_inicial,2026-06-17
Fondo de Protección Ambiental (FPA),Ministerio del Medio Ambiente (MMA),2023,XXVI,PPII,FPA 2023 - Proyectos Sustentables para Pueblos Indígenas,linea,65082,Mejorando la eficiencia energética de nuestros hogares,Comunidad Indígena Mapuche Manuel Collio Paillao,comunidad_o_asoc_indigena,Eficiencia Hídrica y Energética,stationary_energy,True,sector_specific,Tirúa,8207,Región del Biobío,6000000,2.89,organizacion_sin_fines_de_lucro,intermediated,adjudicado_inicial,2026-06-17
Fondo de Protección Ambiental (FPA),Ministerio del Medio Ambiente (MMA),2023,XXVI,PPII,FPA 2023 - Proyectos Sustentables para Pueblos Indígenas,linea,64357,Conociendo alternativas energéticas,Comunidad Indígena Antonio Paillao,comunidad_o_asoc_indigena,Eficiencia Hídrica y Energética,stationary_energy,True,sector_specific,Tirúa,8207,Región del Biobío,6000000,2.79,organizacion_sin_fines_de_lucro,intermediated,adjudicado_inicial,2026-06-17
Fondo de Protección Ambiental (FPA),Ministerio del Medio Ambiente (MMA),2023,XXVI,PPII,FPA 2023 - Proyectos Sustentables para Pueblos Indígenas,linea,66008,Antü Newen,Comunidad Mapuche Huenchulle Linconao,comunidad_o_asoc_indigena,Eficiencia Hídrica y Energética,stationary_energy,True,sector_specific,Temuco,9101,Región de La Araucanía,6000000,3.0,organizacion_sin_fines_de_lucro,intermediated,adjudicado_inicial,2026-06-17
Fondo de Protección Ambiental (FPA),Ministerio del Medio Ambiente (MMA),2023,XXVI,PPII,FPA 2023 - Proyectos Sustentables para Pueblos Indígenas,linea,64673,KO Newenche,Asociación Nacional Mapuche Newenche,otra_org_sin_fines_de_lucro,Eficiencia Hídrica y Energética,stationary_energy,True,sector_specific,Temuco,9101,Región de La Araucanía,6000000,3.0,organizacion_sin_fines_de_lucro,intermediated,adjudicado_inicial,2026-06-17
Fondo de Protección Ambiental (FPA),Ministerio del Medio Ambiente (MMA),2023,XXVI,PPII,FPA 2023 - Proyectos Sustentables para Pueblos Indígenas,linea,65031,Comunidad Savaria cuida los Recursos Energéticos,Comunidad Indígena Juan Savaria,comunidad_o_asoc_indigena,Eficiencia Hídrica y Energética,stationary_energy,True,sector_specific,Perquenco,9113,Región de La Araucanía,6000000,3.0,organizacion_sin_fines_de_lucro,intermediated,adjudicado_inicial,2026-06-17
Fondo de Protección Ambiental (FPA),Ministerio del Medio Ambiente (MMA),2023,XXVI,PPII,FPA 2023 - Proyectos Sustentables para Pueblos Indígenas,linea,64907,Promoviendo el Reciclaje de Residuos Orgánicos en el Cementerio Intercultural de la Comuna de Vilcún,Comunidad Indígena José Manuel Millaleo,comunidad_o_asoc_indigena,Economía Circular y Gestión de Residuos,waste,False,sector_specific,Vilcún,9119,Región de La Araucanía,6000000,2.99,organizacion_sin_fines_de_lucro,intermediated,adjudicado_inicial,2026-06-17
Fondo de Protección Ambiental (FPA),Ministerio del Medio Ambiente (MMA),2023,XXVI,PPII,FPA 2023 - Proyectos Sustentables para Pueblos Indígenas,linea,63862,Ilumino mi Sede con la Energía del Sol,Comunidad Antonio Paillaman Tripailaf,otra_org_sin_fines_de_lucro,Cambio Climático y Descontaminación Ambiental,cross,False,broad,Padre Las Casas,9112,Región de La Araucanía,6000000,2.97,organizacion_sin_fines_de_lucro,intermediated,adjudicado_inicial,2026-06-17
Fondo de Protección Ambiental (FPA),Ministerio del Medio Ambiente (MMA),2023,XXVI,PPII,FPA 2023 - Proyectos Sustentables para Pueblos Indígenas,linea,64225,Acumuladores de Agua Lluvia como una alternativa ante la Escasez Hídrica,Comunidad Indígena Rosario Queupumil y Pancho Quilaqueo,comunidad_o_asoc_indigena,Cambio Climático y Descontaminación Ambiental,cross,False,broad,Padre Las Casas,9112,Región de La Araucanía,6000000,2.97,organizacion_sin_fines_de_lucro,intermediated,adjudicado_inicial,2026-06-17
Fondo de Protección Ambiental (FPA),Ministerio del Medio Ambiente (MMA),2023,XXVI,PPII,FPA 2023 - Proyectos Sustentables para Pueblos Indígenas,linea,64303,Iluminación Solar como medida de ayuda ante el Cambio Climático Comunidad Lorenzo Huina,Comunidad Lorenzo Huina,otra_org_sin_fines_de_lucro,Cambio Climático y Descontaminación Ambiental,cross,False,broad,Padre Las Casas,9112,Región de La Araucanía,6000000,2.94,organizacion_sin_fines_de_lucro,intermediated,adjudicado_inicial,2026-06-17
Fondo de Protección Ambiental (FPA),Ministerio del Medio Ambiente (MMA),2023,XXVI,PPII,FPA 2023 - Proyectos Sustentables para Pueblos Indígenas,linea,65369,Newen antu,Comunidad Indígena Cayurranquil,comunidad_o_asoc_indigena,Eficiencia Hídrica y Energética,stationary_energy,True,sector_specific,Saavedra,9116,Región de La Araucanía,6000000,2.94,organizacion_sin_fines_de_lucro,intermediated,adjudicado_inicial,2026-06-17
Fondo de Protección Ambiental (FPA),Ministerio del Medio Ambiente (MMA),2023,XXVI,PPII,FPA 2023 - Proyectos Sustentables para Pueblos Indígenas,linea,66373,Conociendo la biodiversidad de Ñancul a través de los saberes ancestrales,Comunidad Indígena Antonia Manquelipe,comunidad_o_asoc_indigena,Valoración y Conservación de la Biodiversidad,afolu,False,sector_specific,Villarrica,9120,Región de La Araucanía,6000000,2.94,organizacion_sin_fines_de_lucro,intermediated,adjudicado_inicial,2026-06-17
Fondo de Protección Ambiental (FPA),Ministerio del Medio Ambiente (MMA),2023,XXVI,PPII,FPA 2023 - Proyectos Sustentables para Pueblos Indígenas,linea,66589,Las comunidades mapuches de Loncoche Reciclan,Asociación Comunal de Comunidades Mapuche,otra_org_sin_fines_de_lucro,Economía Circular y Gestión de Residuos,waste,False,sector_specific,Loncoche,9109,Región de La Araucanía,6000000,2.93,organizacion_sin_fines_de_lucro,intermediated,adjudicado_inicial,2026-06-17
Fondo de Protección Ambiental (FPA),Ministerio del Medio Ambiente (MMA),2023,XXVI,PPII,FPA 2023 - Proyectos Sustentables para Pueblos Indígenas,linea,65405,Compostando en mi comunidad menos basura vamos a botar,Comunidad Indígena Jacinto Cabrapan,comunidad_o_asoc_indigena,Economía Circular y Gestión de Residuos,waste,False,sector_specific,Loncoche,9109,Región de La Araucanía,6000000,2.93,organizacion_sin_fines_de_lucro,intermediated,adjudicado_inicial,2026-06-17
Fondo de Protección Ambiental (FPA),Ministerio del Medio Ambiente (MMA),2023,XXVI,PPII,FPA 2023 - Proyectos Sustentables para Pueblos Indígenas,linea,65255,Iluminando el espacio de la Comunidad Indígena Nicolás Caniullan con Energía Solar,Comunidad Indígena Nicolás Caniullan,comunidad_o_asoc_indigena,Eficiencia Hídrica y Energética,stationary_energy,True,sector_specific,Nueva Imperial,9111,Región de La Araucanía,6000000,2.93,organizacion_sin_fines_de_lucro,intermediated,adjudicado_inicial,2026-06-17
Fondo de Protección Ambiental (FPA),Ministerio del Medio Ambiente (MMA),2023,XXVI,PPII,FPA 2023 - Proyectos Sustentables para Pueblos Indígenas,linea,64696,Construcción de Ruka para Educación Ambiental sobre el Menoko Juan Currin Temuco,Comunidad Indígena Juan Currin,comunidad_o_asoc_indigena,Valoración y Conservación de la Biodiversidad,afolu,False,sector_specific,Temuco,9101,Región de La Araucanía,6000000,2.93,organizacion_sin_fines_de_lucro,intermediated,adjudicado_inicial,2026-06-17
Fondo de Protección Ambiental (FPA),Ministerio del Medio Ambiente (MMA),2023,XXVI,PPII,FPA 2023 - Proyectos Sustentables para Pueblos Indígenas,linea,63974,Termo Solar una alternativa amigable en mi comunidad,Comunidad Indígena Juan Canio We Mapu,comunidad_o_asoc_indigena,Eficiencia Hídrica y Energética,stationary_energy,True,sector_specific,Padre Las Casas,9112,Región de La Araucanía,6000000,2.9,organizacion_sin_fines_de_lucro,intermediated,adjudicado_inicial,2026-06-17
Fondo de Protección Ambiental (FPA),Ministerio del Medio Ambiente (MMA),2023,XXVI,PPII,FPA 2023 - Proyectos Sustentables para Pueblos Indígenas,linea,66497,Captación de Aguas Lluvias,Comunidad Indígena Mulato Calvuin,comunidad_o_asoc_indigena,Cambio Climático y Descontaminación Ambiental,cross,False,broad,Carahue,9102,Región de La Araucanía,6000000,2.9,organizacion_sin_fines_de_lucro,intermediated,adjudicado_inicial,2026-06-17
Fondo de Protección Ambiental (FPA),Ministerio del Medio Ambiente (MMA),2023,XXVI,PPII,FPA 2023 - Proyectos Sustentables para Pueblos Indígenas,linea,64831,Iluminando la Comunidad Carlos Cayuqueo Coliman con energía del sol,Comunidad Indígena Carlos Cayuqueo Coliman,comunidad_o_asoc_indigena,Eficiencia Hídrica y Energética,stationary_energy,True,sector_specific,Nueva Imperial,9111,Región de La Araucanía,6000000,2.9,organizacion_sin_fines_de_lucro,intermediated,adjudicado_inicial,2026-06-17
Fondo de Protección Ambiental (FPA),Ministerio del Medio Ambiente (MMA),2023,XXVI,PPII,FPA 2023 - Proyectos Sustentables para Pueblos Indígenas,linea,64684,Afepeyüm Lif Wellancamilla,Comunidad Indígena We Llanca Milla Nueva Perla Dorada,comunidad_o_asoc_indigena,Economía Circular y Gestión de Residuos,waste,False,sector_specific,Corral,14102,Región de Los Ríos,6000000,2.71,organizacion_sin_fines_de_lucro,intermediated,adjudicado_inicial,2026-06-17
Fondo de Protección Ambiental (FPA),Ministerio del Medio Ambiente (MMA),2023,XXVI,PPII,FPA 2023 - Proyectos Sustentables para Pueblos Indígenas,linea,64274,Transferencia de saberes en torno al proceso de cosecha y extracción de aceites de hierbas medicinales mapuche,Comunidad Indígena Kalfvgen,comunidad_o_asoc_indigena,Valoración y Conservación de la Biodiversidad,afolu,False,sector_specific,Valdivia,14101,Región de Los Ríos,6000000,2.66,organizacion_sin_fines_de_lucro,intermediated,adjudicado_inicial,2026-06-17
Fondo de Protección Ambiental (FPA),Ministerio del Medio Ambiente (MMA),2023,XXVI,PPII,FPA 2023 - Proyectos Sustentables para Pueblos Indígenas,linea,66335,Implementación de sistema de recolección y canalización de aguas lluvias para riego Escuela Agroecológica de Huipel,Comunidad Indígena Diego Lefillanca,comunidad_o_asoc_indigena,Eficiencia Hídrica y Energética,water,True,sector_specific,Lanco,14103,Región de Los Ríos,6000000,2.55,organizacion_sin_fines_de_lucro,intermediated,adjudicado_inicial,2026-06-17
Fondo de Protección Ambiental (FPA),Ministerio del Medio Ambiente (MMA),2023,XXVI,PPII,FPA 2023 - Proyectos Sustentables para Pueblos Indígenas,linea,66384,Ven y cuida Isla Huapi,Comunidad Indígena Isla Huapi,comunidad_o_asoc_indigena,Valoración y Conservación de la Biodiversidad,afolu,False,sector_specific,Futrono,14202,Región de Los Ríos,6000000,2.45,organizacion_sin_fines_de_lucro,intermediated,adjudicado_inicial,2026-06-17
Fondo de Protección Ambiental (FPA),Ministerio del Medio Ambiente (MMA),2023,XXVI,PPII,FPA 2023 - Proyectos Sustentables para Pueblos Indígenas,linea,64981,Controlando el visón americano en la parte baja de la cuenca del río Llico,Comunidad Indígena El Traiguen,comunidad_o_asoc_indigena,Valoración y Conservación de la Biodiversidad,afolu,False,sector_specific,Fresia,10104,Región de Los Lagos,6000000,2.64,organizacion_sin_fines_de_lucro,intermediated,adjudicado_inicial,2026-06-17
Fondo de Protección Ambiental (FPA),Ministerio del Medio Ambiente (MMA),2023,XXVI,PPII,FPA 2023 - Proyectos Sustentables para Pueblos Indígenas,linea,66559,Habilitación del sendero intercultural y de educación ambiental Triwe mawida de Pucopio,Comunidad Indígena Putraf Kin,comunidad_o_asoc_indigena,Valoración y Conservación de la Biodiversidad,afolu,False,sector_specific,San Pablo,10307,Región de Los Lagos,6000000,2.59,organizacion_sin_fines_de_lucro,intermediated,adjudicado_inicial,2026-06-17
Fondo de Protección Ambiental (FPA),Ministerio del Medio Ambiente (MMA),2024,XXVII,PSC,FPA 2024 - Proyectos Sustentables Ciudadanos,linea,85697,Timar vive y crece en armonía con el medio ambiente,Club De Adulto Mayor Auki Tatas,club,Valoración y conservación de la biodiversidad,afolu,False,sector_specific,Camarones,15102,Región de Arica y Parinacota,6000000,2.77,organizacion_sin_fines_de_lucro,intermediated,adjudicado_inicial,2026-06-17
Fondo de Protección Ambiental (FPA),Ministerio del Medio Ambiente (MMA),2024,XXVII,PSC,FPA 2024 - Proyectos Sustentables Ciudadanos,linea,85679,"Mi Planeta, Mi responsabilidad",Corporación Educacional Patricia Espinoza Cavieres / Colegio North American College,corporacion,Economía circular y gestión de residuos,waste,False,sector_specific,Arica,15101,Región de Arica y Parinacota,6000000,2.75,organizacion_sin_fines_de_lucro,intermediated,adjudicado_inicial,2026-06-17
Fondo de Protección Ambiental (FPA),Ministerio del Medio Ambiente (MMA),2024,XXVII,PSC,FPA 2024 - Proyectos Sustentables Ciudadanos,linea,86123,SolarDES,Corporación de Desarrollo Social y Educacional Leonardo Da Vinci,corporacion,Eficiencia energética,stationary_energy,False,sector_specific,Arica,15101,Región de Arica y Parinacota,6000000,2.75,organizacion_sin_fines_de_lucro,intermediated,adjudicado_inicial,2026-06-17
Fondo de Protección Ambiental (FPA),Ministerio del Medio Ambiente (MMA),2024,XXVII,PSC,FPA 2024 - Proyectos Sustentables Ciudadanos,linea,85667,Recuperación de espacio para la construcción de Invernadero y Educación Ambiental,Club Deportivo Cultural Liceo 1,club,Cambio climático y descontaminación ambiental,cross,False,broad,Arica,15101,Región de Arica y Parinacota,6000000,2.7,organizacion_sin_fines_de_lucro,intermediated,adjudicado_inicial,2026-06-17
Fondo de Protección Ambiental (FPA),Ministerio del Medio Ambiente (MMA),2024,XXVII,PSC,FPA 2024 - Proyectos Sustentables Ciudadanos,linea,85261,Miradores de la Niebla: Valorización y Conservación de la Biodiversidad en los Micro ecosistemas de Niebla de Alto Hospicio,Asociación Brigada de Voluntarios por la Cultura el Turismo y Patrimonio de Alto Hospicio,otra_org_sin_fines_de_lucro,Valoración y conservación de la biodiversidad,afolu,False,sector_specific,Alto Hospicio,1107,Región de Tarapacá,6000000,2.84,organizacion_sin_fines_de_lucro,intermediated,adjudicado_inicial,2026-06-17
Fondo de Protección Ambiental (FPA),Ministerio del Medio Ambiente (MMA),2024,XXVII,PSC,FPA 2024 - Proyectos Sustentables Ciudadanos,linea,84685,Iluminando el conocimiento con la energía del sol,Centro Social Cultural Deportivo Pedagógico y Medio Ambiente Huellas en el Desierto,otra_org_sin_fines_de_lucro,Eficiencia energética,stationary_energy,False,sector_specific,Pozo Almonte,1401,Región de Tarapacá,6000000,2.64,organizacion_sin_fines_de_lucro,intermediated,adjudicado_inicial,2026-06-17
Fondo de Protección Ambiental (FPA),Ministerio del Medio Ambiente (MMA),2024,XXVII,PSC,FPA 2024 - Proyectos Sustentables Ciudadanos,linea,86348,Conservación de recursos pesqueros en caleta Chanavaya,"S.T.I. de Buzos Mariscadores, Pescadores Artesanales y Ayudantes de Caleta Chanavaya",asociacion_gremial_o_productiva,Valoración y conservación de la biodiversidad,afolu,False,sector_specific,Iquique,1101,Región de Tarapacá,6000000,2.5,organizacion_sin_fines_de_lucro,intermediated,adjudicado_inicial,2026-06-17
Fondo de Protección Ambiental (FPA),Ministerio del Medio Ambiente (MMA),2024,XXVII,PSC,FPA 2024 - Proyectos Sustentables Ciudadanos,linea,85147,Educación ambiental y acción climática a través del desarrollo de huertos comunitarios,Fundación Verdical,fundacion,Cambio climático y descontaminación ambiental,cross,False,broad,Antofagasta,2101,Región de Antofagasta,6000000,2.73,organizacion_sin_fines_de_lucro,intermediated,adjudicado_inicial,2026-06-17
Fondo de Protección Ambiental (FPA),Ministerio del Medio Ambiente (MMA),2024,XXVII,PSC,FPA 2024 - Proyectos Sustentables Ciudadanos,linea,85896,Plumas y cantos en el vecindario: aves urbanas de Antofagasta,Fundación Inteligencia Naturalista,fundacion,Valoración y conservación de la biodiversidad,afolu,False,sector_specific,Antofagasta,2101,Región de Antofagasta,6000000,2.55,organizacion_sin_fines_de_lucro,intermediated,adjudicado_inicial,2026-06-17
Fondo de Protección Ambiental (FPA),Ministerio del Medio Ambiente (MMA),2024,XXVII,PSC,FPA 2024 - Proyectos Sustentables Ciudadanos,linea,85914,Educacion ambiental en energias renovables no convencionales para la comunidad agricola Los Loros,Asociación gremial pequeños quinteros agropecuarios Los Loros,asociacion_gremial_o_productiva,Eficiencia energética,stationary_energy,False,sector_specific,Taltal,2104,Región de Antofagasta,6000000,2.55,organizacion_sin_fines_de_lucro,intermediated,adjudicado_inicial,2026-06-17
Fondo de Protección Ambiental (FPA),Ministerio del Medio Ambiente (MMA),2024,XXVII,PSC,FPA 2024 - Proyectos Sustentables Ciudadanos,linea,86070,El aire se defiende: Educación ambiental sobre calidad del aire en la comuna de Calama,Agrupación por la defensa del Rio Loa y la madre tierra Patha Hoiri,agrupacion,Cambio climático y descontaminación ambiental,cross,False,broad,Calama,2201,Región de Antofagasta,6000000,2.35,organizacion_sin_fines_de_lucro,intermediated,adjudicado_inicial,2026-06-17
Fondo de Protección Ambiental (FPA),Ministerio del Medio Ambiente (MMA),2024,XXVII,PSC,FPA 2024 - Proyectos Sustentables Ciudadanos,linea,84911,Taller Reconéctate con lo natural,Fundación Esperanza y Protección Animal,fundacion,Valoración y conservación de la biodiversidad,afolu,False,sector_specific,Iquique,1101,Región de Tarapacá,6000000,2.48,organizacion_sin_fines_de_lucro,intermediated,adjudicado_inicial,2026-06-17
Fondo de Protección Ambiental (FPA),Ministerio del Medio Ambiente (MMA),2024,XXVII,PSC,FPA 2024 - Proyectos Sustentables Ciudadanos,linea,85018,Campaña de limpieza y sensibilización para la conservación del borde costero en caleta Caramucho: Segunda etapa,Sindicato de Buzos y Recolectores de Orilla Caramucho N3,asociacion_gremial_o_productiva,Economía circular y gestión de residuos,waste,False,sector_specific,Iquique,1101,Región de Tarapacá,6000000,2.38,organizacion_sin_fines_de_lucro,intermediated,adjudicado_inicial,2026-06-17
Fondo de Protección Ambiental (FPA),Ministerio del Medio Ambiente (MMA),2024,XXVII,PSC,FPA 2024 - Proyectos Sustentables Ciudadanos,linea,85567,"Cápsula Azul, el Valor de Nuestra Biodiversidad",ONG Norte Alegre,ong,Valoración y conservación de la biodiversidad,afolu,False,sector_specific,Iquique,1101,Región de Tarapacá,6000000,2.37,organizacion_sin_fines_de_lucro,intermediated,adjudicado_inicial,2026-06-17
Fondo de Protección Ambiental (FPA),Ministerio del Medio Ambiente (MMA),2024,XXVII,PSC,FPA 2024 - Proyectos Sustentables Ciudadanos,linea,85059,Banco de Semillas - Laboratorio para especies nativas y endémicas de la Región de Coquimbo,Fundación Círculo Remolino,fundacion,Valoración y conservación de la biodiversidad,afolu,False,sector_specific,La Serena,4101,Región de Coquimbo,6000000,2.96,organizacion_sin_fines_de_lucro,intermediated,adjudicado_inicial,2026-06-17
Fondo de Protección Ambiental (FPA),Ministerio del Medio Ambiente (MMA),2024,XXVII,PSC,FPA 2024 - Proyectos Sustentables Ciudadanos,linea,85291,Muestra de técnicas en ecodestrezas para disminuir el consumo de agua en Peñuelas,Junta de Vecinos Los Jardines de Peñuelas,junta_de_vecinos,Ecotecnias hídricas,water,False,sector_specific,Coquimbo,4102,Región de Coquimbo,6000000,2.78,organizacion_sin_fines_de_lucro,intermediated,adjudicado_inicial,2026-06-17
Fondo de Protección Ambiental (FPA),Ministerio del Medio Ambiente (MMA),2024,XXVII,PSC,FPA 2024 - Proyectos Sustentables Ciudadanos,linea,84820,"Compostaje y Huertas, una Asociación Virtuosa",Junta de Vecinos Libertad N5,junta_de_vecinos,Economía circular y gestión de residuos,waste,False,sector_specific,Vallenar,3301,Región de Atacama,6000000,2.97,organizacion_sin_fines_de_lucro,intermediated,adjudicado_inicial,2026-06-17
Fondo de Protección Ambiental (FPA),Ministerio del Medio Ambiente (MMA),2024,XXVII,PSC,FPA 2024 - Proyectos Sustentables Ciudadanos,linea,85341,Capacitaciones de Manejo de Residuos Sólidos Domiciliarios para Organizaciones y Juntas de Vecinos,Junta de Vecinos N°12 Las Colinas de La Comuna de Huasco,junta_de_vecinos,Economía circular y gestión de residuos,waste,False,sector_specific,Huasco,3304,Región de Atacama,6000000,2.88,organizacion_sin_fines_de_lucro,intermediated,adjudicado_inicial,2026-06-17
Fondo de Protección Ambiental (FPA),Ministerio del Medio Ambiente (MMA),2024,XXVII,PSC,FPA 2024 - Proyectos Sustentables Ciudadanos,linea,84611,Naturalistas jóvenes: Cuadernos de Campo para la Biodiversidad del Huasco,Fundación Guanaco Negro,fundacion,Valoración y conservación de la biodiversidad,afolu,False,sector_specific,Vallenar,3301,Región de Atacama,6000000,2.86,organizacion_sin_fines_de_lucro,intermediated,adjudicado_inicial,2026-06-17
Fondo de Protección Ambiental (FPA),Ministerio del Medio Ambiente (MMA),2024,XXVII,PSC,FPA 2024 - Proyectos Sustentables Ciudadanos,linea,86203,"Iniciando la gestión de residuos biodegradables, educación ambiental y comunidad",Junta de vecinos Valle del Huasco de Villa el Edén,junta_de_vecinos,Economía circular y gestión de residuos,waste,False,sector_specific,Vallenar,3301,Región de Atacama,6000000,2.8,organizacion_sin_fines_de_lucro,intermediated,adjudicado_inicial,2026-06-17
Fondo de Protección Ambiental (FPA),Ministerio del Medio Ambiente (MMA),2024,XXVII,PSC,FPA 2024 - Proyectos Sustentables Ciudadanos,linea,85503,Reciclaje en tú Barrio,Junta De Vecinos N°11 Nueva Esperanza,junta_de_vecinos,Economía circular y gestión de residuos,waste,False,sector_specific,Huasco,3304,Región de Atacama,6000000,2.76,organizacion_sin_fines_de_lucro,intermediated,adjudicado_inicial,2026-06-17
Fondo de Protección Ambiental (FPA),Ministerio del Medio Ambiente (MMA),2024,XXVII,PSC,FPA 2024 - Proyectos Sustentables Ciudadanos,linea,84746,Eco-Orgánico: Transformando residuos en recursos,Casa Escuela Viva CEV,otra_org_sin_fines_de_lucro,Economía circular y gestión de residuos,waste,False,sector_specific,El Quisco,5604,Región de Valparaíso,6000000,2.85,organizacion_sin_fines_de_lucro,intermediated,adjudicado_inicial,2026-06-17
Fondo de Protección Ambiental (FPA),Ministerio del Medio Ambiente (MMA),2024,XXVII,PSC,FPA 2024 - Proyectos Sustentables Ciudadanos,linea,85395,Plan de arborización del Barrio Artificio Las Américas,Fundación Bosque Esclerófilo,fundacion,Valoración y conservación de la biodiversidad,afolu,False,sector_specific,Quillota,5501,Región de Valparaíso,6000000,2.66,organizacion_sin_fines_de_lucro,intermediated,adjudicado_inicial,2026-06-17
Fondo de Protección Ambiental (FPA),Ministerio del Medio Ambiente (MMA),2024,XXVII,PSC,FPA 2024 - Proyectos Sustentables Ciudadanos,linea,84901,Reforestación de especies nativas en Parque Pullally,Red De Turismo Rural Pullally Las Salinas De Papudo,otra_org_sin_fines_de_lucro,Valoración y conservación de la biodiversidad,afolu,False,sector_specific,Papudo,5403,Región de Valparaíso,6000000,2.65,organizacion_sin_fines_de_lucro,intermediated,adjudicado_inicial,2026-06-17
Fondo de Protección Ambiental (FPA),Ministerio del Medio Ambiente (MMA),2024,XXVII,PSC,FPA 2024 - Proyectos Sustentables Ciudadanos,linea,85955,Preservando la Fauna Nocturna: protección de los murciélagos de la Región de Valparaíso,Asociación Murciélagos de Chile Pinüike,otra_org_sin_fines_de_lucro,Valoración y conservación de la biodiversidad,afolu,False,sector_specific,La Cruz,5504,Región de Valparaíso,6000000,2.63,organizacion_sin_fines_de_lucro,intermediated,adjudicado_inicial,2026-06-17
Fondo de Protección Ambiental (FPA),Ministerio del Medio Ambiente (MMA),2024,XXVII,PSC,FPA 2024 - Proyectos Sustentables Ciudadanos,linea,85198,Witrapaiñ tukukan: Levantamiento de huerta comunitaria mapuche en el Centro Cultural Antü Newen,Centro Cultural Antü Newen,otra_org_sin_fines_de_lucro,Cambio climático y descontaminación ambiental,cross,False,broad,Villa Alemana,5804,Región de Valparaíso,6000000,2.58,organizacion_sin_fines_de_lucro,intermediated,adjudicado_inicial,2026-06-17
Fondo de Protección Ambiental (FPA),Ministerio del Medio Ambiente (MMA),2024,XXVII,PSC,FPA 2024 - Proyectos Sustentables Ciudadanos,linea,84805,Un nuevo camino,Junta De Vecinos N°11 Jahuelito,junta_de_vecinos,Economía circular y gestión de residuos,waste,False,sector_specific,Santa María,5706,Región de Valparaíso,6000000,2.57,organizacion_sin_fines_de_lucro,intermediated,adjudicado_inicial,2026-06-17
Fondo de Protección Ambiental (FPA),Ministerio del Medio Ambiente (MMA),2024,XXVII,PSC,FPA 2024 - Proyectos Sustentables Ciudadanos,linea,85613,Centro educativo comunitario para la gestión de residuos en la comuna de El Bosque,Fundación Cambio Simbiótico,fundacion,Economía circular y gestión de residuos,waste,False,sector_specific,Peñaflor,13605,Región Metropolitana de Santiago,6000000,3.0,organizacion_sin_fines_de_lucro,intermediated,adjudicado_inicial,2026-06-17
Fondo de Protección Ambiental (FPA),Ministerio del Medio Ambiente (MMA),2024,XXVII,PSC,FPA 2024 - Proyectos Sustentables Ciudadanos,linea,86060,Flora nativa para La Florida,Junta de Vecinos Alberto Larraguibel,junta_de_vecinos,Valoración y conservación de la biodiversidad,afolu,False,sector_specific,La Florida,13110,Región Metropolitana de Santiago,6000000,3.0,organizacion_sin_fines_de_lucro,intermediated,adjudicado_inicial,2026-06-17
Fondo de Protección Ambiental (FPA),Ministerio del Medio Ambiente (MMA),2024,XXVII,PSC,FPA 2024 - Proyectos Sustentables Ciudadanos,linea,85884,Bosqueteros: Plantando bosques para regenerar los ecosistemas,Fundación Haz Eco,fundacion,Valoración y conservación de la biodiversidad,afolu,False,sector_specific,Buin,13402,Región Metropolitana de Santiago,6000000,2.9,organizacion_sin_fines_de_lucro,intermediated,adjudicado_inicial,2026-06-17
Fondo de Protección Ambiental (FPA),Ministerio del Medio Ambiente (MMA),2024,XXVII,PSC,FPA 2024 - Proyectos Sustentables Ciudadanos,linea,85708,REGENERA TU PLATABANDA,Comité de Desarrollo y Seguridad Vecinal Obispo Eladio Vicuña,comite,Cambio climático y descontaminación ambiental,cross,False,broad,Macul,13118,Región Metropolitana de Santiago,6000000,2.89,organizacion_sin_fines_de_lucro,intermediated,adjudicado_inicial,2026-06-17
Fondo de Protección Ambiental (FPA),Ministerio del Medio Ambiente (MMA),2024,XXVII,PSC,FPA 2024 - Proyectos Sustentables Ciudadanos,linea,85419,Independencia Repara,Fundación para el fomento de la Reparación y la Sostenibilidad,fundacion,Economía circular y gestión de residuos,waste,False,sector_specific,Independencia,13108,Región Metropolitana de Santiago,6000000,2.82,organizacion_sin_fines_de_lucro,intermediated,adjudicado_inicial,2026-06-17
Fondo de Protección Ambiental (FPA),Ministerio del Medio Ambiente (MMA),2024,XXVII,PSC,FPA 2024 - Proyectos Sustentables Ciudadanos,linea,85953,Eco escuela popular para la formación de monitores en San Bernardo,Fundación Mingako,fundacion,Cambio climático y descontaminación ambiental,cross,False,broad,San Bernardo,13401,Región Metropolitana de Santiago,6000000,2.8,organizacion_sin_fines_de_lucro,intermediated,adjudicado_inicial,2026-06-17
Fondo de Protección Ambiental (FPA),Ministerio del Medio Ambiente (MMA),2024,XXVII,PSC,FPA 2024 - Proyectos Sustentables Ciudadanos,linea,85161,"Las Rutas del Agua: uso eficiente del agua en Hospital-Champa, Paine",Cooperativa de Agua Potable Hospital Champa,asociacion_gremial_o_productiva,Ecotecnias hídricas,water,False,sector_specific,Paine,13404,Región Metropolitana de Santiago,6000000,2.63,organizacion_sin_fines_de_lucro,intermediated,adjudicado_inicial,2026-06-17
Fondo de Protección Ambiental (FPA),Ministerio del Medio Ambiente (MMA),2024,XXVII,PSC,FPA 2024 - Proyectos Sustentables Ciudadanos,linea,85557,Cactus Vivos: Conservación de las cactáceas en el borde costero de Pichilemu,Corporación Parque Punta de Lobos,corporacion,Valoración y conservación de la biodiversidad,afolu,False,sector_specific,Pichilemu,6201,Región del Libertador Gral. Bernardo O'Higgins,6000000,2.95,organizacion_sin_fines_de_lucro,intermediated,adjudicado_inicial,2026-06-17
Fondo de Protección Ambiental (FPA),Ministerio del Medio Ambiente (MMA),2024,XXVII,PSC,FPA 2024 - Proyectos Sustentables Ciudadanos,linea,84362,Todos Unidos en la Búsqueda de la Eficiencia Hídrica para combatir el déficit hídrico,Organización medio ambientalista Eco Clubes LIFAE,club,Ecotecnias hídricas,water,False,sector_specific,Las Cabras,6107,Región del Libertador Gral. Bernardo O'Higgins,6000000,2.85,organizacion_sin_fines_de_lucro,intermediated,adjudicado_inicial,2026-06-17
Fondo de Protección Ambiental (FPA),Ministerio del Medio Ambiente (MMA),2024,XXVII,PSC,FPA 2024 - Proyectos Sustentables Ciudadanos,linea,85632,Compostaje Domiciliario Valorizando Mis Residuos,Fundación Karü Ambiente,fundacion,Economía circular y gestión de residuos,waste,False,sector_specific,Rancagua,6101,Región del Libertador Gral. Bernardo O'Higgins,6000000,2.8,organizacion_sin_fines_de_lucro,intermediated,adjudicado_inicial,2026-06-17
Fondo de Protección Ambiental (FPA),Ministerio del Medio Ambiente (MMA),2024,XXVII,PSC,FPA 2024 - Proyectos Sustentables Ciudadanos,linea,85922,El Tesoro del Bosque esclerófilo: Educación Ambiental en Escuelas Rurales,Fundación Llaftun,fundacion,Valoración y conservación de la biodiversidad,afolu,False,sector_specific,Chimbarongo,6303,Región del Libertador Gral. Bernardo O'Higgins,6000000,2.73,organizacion_sin_fines_de_lucro,intermediated,adjudicado_inicial,2026-06-17
Fondo de Protección Ambiental (FPA),Ministerio del Medio Ambiente (MMA),2024,XXVII,PSC,FPA 2024 - Proyectos Sustentables Ciudadanos,linea,85596,¡Aguas Arriba! Desafíos y oportunidades en torno al Recurso Hídrico en Pichilemu,Comité Ambiental Comunal Pichilemu,comite,Ecotecnias hídricas,water,False,sector_specific,Pichilemu,6201,Región del Libertador Gral. Bernardo O'Higgins,6000000,2.29,organizacion_sin_fines_de_lucro,intermediated,adjudicado_inicial,2026-06-17
Fondo de Protección Ambiental (FPA),Ministerio del Medio Ambiente (MMA),2024,XXVII,PSC,FPA 2024 - Proyectos Sustentables Ciudadanos,linea,86000,Laboratorio Ambiental Móvil LAM,Comité Ambiental Comunal Pelluhue,comite,Valoración y conservación de la biodiversidad,afolu,False,sector_specific,Pelluhue,7203,Región del Maule,6000000,2.97,organizacion_sin_fines_de_lucro,intermediated,adjudicado_inicial,2026-06-17
Fondo de Protección Ambiental (FPA),Ministerio del Medio Ambiente (MMA),2024,XXVII,PSC,FPA 2024 - Proyectos Sustentables Ciudadanos,linea,85469,Fotografía Sustentable para la Protección Ambiental Ciudadana,Corporación Ciudadanía,corporacion,Valoración y conservación de la biodiversidad,afolu,False,sector_specific,Talca,7101,Región del Maule,6000000,2.93,organizacion_sin_fines_de_lucro,intermediated,adjudicado_inicial,2026-06-17
Fondo de Protección Ambiental (FPA),Ministerio del Medio Ambiente (MMA),2024,XXVII,PSC,FPA 2024 - Proyectos Sustentables Ciudadanos,linea,86358,Soluciones hídricas para enfrentar la sequía en La Aguada,Comité De Agua Potable Rural La Aguada,comite,Ecotecnias hídricas,water,False,sector_specific,Empedrado,7104,Región del Maule,6000000,2.69,organizacion_sin_fines_de_lucro,intermediated,adjudicado_inicial,2026-06-17
Fondo de Protección Ambiental (FPA),Ministerio del Medio Ambiente (MMA),2024,XXVII,PSC,FPA 2024 - Proyectos Sustentables Ciudadanos,linea,86062,Integrando Prácticas ambientales y sustentabilidad hídrica comunitaria en el Name,Junta de Vecinos Nº8 R Name Sur,junta_de_vecinos,Ecotecnias hídricas,water,False,sector_specific,Cauquenes,7201,Región del Maule,6000000,2.5,organizacion_sin_fines_de_lucro,intermediated,adjudicado_inicial,2026-06-17
Fondo de Protección Ambiental (FPA),Ministerio del Medio Ambiente (MMA),2024,XXVII,PSC,FPA 2024 - Proyectos Sustentables Ciudadanos,linea,86185,Recolectores de agua lluvia: mejorando la calidad de vida de nuestros vecinos,Junta de Vecinos Pellines,junta_de_vecinos,Ecotecnias hídricas,water,False,sector_specific,Empedrado,7104,Región del Maule,6000000,2.35,organizacion_sin_fines_de_lucro,intermediated,adjudicado_inicial,2026-06-17
Fondo de Protección Ambiental (FPA),Ministerio del Medio Ambiente (MMA),2024,XXVII,PSC,FPA 2024 - Proyectos Sustentables Ciudadanos,linea,85530,El Comercio de San Nicolás valoriza sus Residuos Orgánicos,Cámara de Comercio Servicios Industrias y Turismo AG San Nicolás,asociacion_gremial_o_productiva,Economía circular y gestión de residuos,waste,False,sector_specific,San Nicolás,16305,Región de Ñuble,6000000,2.57,organizacion_sin_fines_de_lucro,intermediated,adjudicado_inicial,2026-06-17
Fondo de Protección Ambiental (FPA),Ministerio del Medio Ambiente (MMA),2024,XXVII,PSC,FPA 2024 - Proyectos Sustentables Ciudadanos,linea,85224,Cosechas y siembras de agua lluvia para el Portal de la luna,Junta De Vecinos Villa Portal de la Luna,junta_de_vecinos,Ecotecnias hídricas,water,False,sector_specific,San Nicolás,16305,Región de Ñuble,6000000,2.56,organizacion_sin_fines_de_lucro,intermediated,adjudicado_inicial,2026-06-17
Fondo de Protección Ambiental (FPA),Ministerio del Medio Ambiente (MMA),2024,XXVII,PSC,FPA 2024 - Proyectos Sustentables Ciudadanos,linea,84963,Real Zaragoza un club sustentable y medioambiental,Club Deportivo Social y Cultural Real Zaragoza,club,Eficiencia energética,stationary_energy,False,sector_specific,Chillán,16101,Región de Ñuble,6000000,2.45,organizacion_sin_fines_de_lucro,intermediated,adjudicado_inicial,2026-06-17
Fondo de Protección Ambiental (FPA),Ministerio del Medio Ambiente (MMA),2024,XXVII,PSC,FPA 2024 - Proyectos Sustentables Ciudadanos,linea,85720,El Huemul en Ñuble: Monitoreo Comunitario Participativo,Asociación Dosel,otra_org_sin_fines_de_lucro,Valoración y conservación de la biodiversidad,afolu,False,sector_specific,San Fabián,16304,Región de Ñuble,6000000,2.44,organizacion_sin_fines_de_lucro,intermediated,adjudicado_inicial,2026-06-17
Fondo de Protección Ambiental (FPA),Ministerio del Medio Ambiente (MMA),2024,XXVII,PSC,FPA 2024 - Proyectos Sustentables Ciudadanos,linea,84511,Calor limpio: Transformando el Ambiente Educativo hacia la Sostenibilidad,Centro de Alumnos Liceo Bicentenario Técnico Puente Ñuble,otra_org_sin_fines_de_lucro,Eficiencia energética,stationary_energy,False,sector_specific,San Nicolás,16305,Región de Ñuble,6000000,2.39,organizacion_sin_fines_de_lucro,intermediated,adjudicado_inicial,2026-06-17
Fondo de Protección Ambiental (FPA),Ministerio del Medio Ambiente (MMA),2024,XXVII,PSC,FPA 2024 - Proyectos Sustentables Ciudadanos,linea,84562,"Salto del Itata, Centro Comunitario de Educación Ambiental",Junta de Vecinos Ranchillos,junta_de_vecinos,Valoración y conservación de la biodiversidad,afolu,False,sector_specific,Yungay,16109,Región de Ñuble,6000000,2.34,organizacion_sin_fines_de_lucro,intermediated,adjudicado_inicial,2026-06-17
Fondo de Protección Ambiental (FPA),Ministerio del Medio Ambiente (MMA),2024,XXVII,PSC,FPA 2024 - Proyectos Sustentables Ciudadanos,linea,85707,Co-habitando nuestros ríos: biomonitoreo comunitario de macroinvertebrados,Fundación Manzana Verde,fundacion,Valoración y conservación de la biodiversidad,afolu,False,sector_specific,Concepción,8101,Región del Biobío,6000000,2.98,organizacion_sin_fines_de_lucro,intermediated,adjudicado_inicial,2026-06-17
Fondo de Protección Ambiental (FPA),Ministerio del Medio Ambiente (MMA),2024,XXVII,PSC,FPA 2024 - Proyectos Sustentables Ciudadanos,linea,84198,Conectando a las infancias con la biodiversidad nativa de Hualpén,Fundación Malvarrosa,fundacion,Valoración y conservación de la biodiversidad,afolu,False,sector_specific,Hualpén,8112,Región del Biobío,6000000,2.96,organizacion_sin_fines_de_lucro,intermediated,adjudicado_inicial,2026-06-17
Fondo de Protección Ambiental (FPA),Ministerio del Medio Ambiente (MMA),2024,XXVII,PSC,FPA 2024 - Proyectos Sustentables Ciudadanos,linea,85516,"Compostaje Comunitario, soluciones colectivas al problema de la basura",Fundación El Árbol,fundacion,Economía circular y gestión de residuos,waste,False,sector_specific,Concepción,8101,Región del Biobío,6000000,2.93,organizacion_sin_fines_de_lucro,intermediated,adjudicado_inicial,2026-06-17
Fondo de Protección Ambiental (FPA),Ministerio del Medio Ambiente (MMA),2024,XXVII,PSC,FPA 2024 - Proyectos Sustentables Ciudadanos,linea,85080,Alas del Santuario,ONG Centro de Rehabilitación de Aves Silvestres y Educación Ambiental,ong,Valoración y conservación de la biodiversidad,afolu,False,sector_specific,San Pedro de la Paz,8108,Región del Biobío,6000000,2.9,organizacion_sin_fines_de_lucro,intermediated,adjudicado_inicial,2026-06-17
Fondo de Protección Ambiental (FPA),Ministerio del Medio Ambiente (MMA),2024,XXVII,PSC,FPA 2024 - Proyectos Sustentables Ciudadanos,linea,85666,Descubriendo el tesoro natural del Parque Tumbes,Agrupación de Juntas de Vecinos de la Península de Tumbes,agrupacion,Valoración y conservación de la biodiversidad,afolu,False,sector_specific,Talcahuano,8110,Región del Biobío,6000000,2.89,organizacion_sin_fines_de_lucro,intermediated,adjudicado_inicial,2026-06-17
Fondo de Protección Ambiental (FPA),Ministerio del Medio Ambiente (MMA),2024,XXVII,PSC,FPA 2024 - Proyectos Sustentables Ciudadanos,linea,85247,HIDROCULTURA,Servicio Evangélico para el desarrollo SEPADE,otra_org_sin_fines_de_lucro,Ecotecnias hídricas,water,False,sector_specific,Concepción,8101,Región del Biobío,6000000,2.46,organizacion_sin_fines_de_lucro,intermediated,adjudicado_inicial,2026-06-17
Fondo de Protección Ambiental (FPA),Ministerio del Medio Ambiente (MMA),2024,XXVII,PSC,FPA 2024 - Proyectos Sustentables Ciudadanos,linea,85500,Compostando en el campo: Vecinos de El Huape Roy-Roy se suman al reciclaje de orgánicos,Junta De Vecinos El Huape Roy Roy,junta_de_vecinos,Economía circular y gestión de residuos,waste,False,sector_specific,La Unión,14201,Región de Los Ríos,6000000,2.97,organizacion_sin_fines_de_lucro,intermediated,adjudicado_inicial,2026-06-17
Fondo de Protección Ambiental (FPA),Ministerio del Medio Ambiente (MMA),2024,XXVII,PSC,FPA 2024 - Proyectos Sustentables Ciudadanos,linea,84943,Barrio San Pablo transitando hacia un Barrio Circular,Junta de Vecinos Barrio San Pablo,junta_de_vecinos,Economía circular y gestión de residuos,waste,False,sector_specific,La Unión,14201,Región de Los Ríos,6000000,2.79,organizacion_sin_fines_de_lucro,intermediated,adjudicado_inicial,2026-06-17
Fondo de Protección Ambiental (FPA),Ministerio del Medio Ambiente (MMA),2024,XXVII,PSC,FPA 2024 - Proyectos Sustentables Ciudadanos,linea,85468,Jardín Urbano Demostrativo de Ecotecnias Hídricas,Fundación estudio de campo Laboratorio Rural,fundacion,Ecotecnias hídricas,water,False,sector_specific,Valdivia,14101,Región de Los Ríos,6000000,2.78,organizacion_sin_fines_de_lucro,intermediated,adjudicado_inicial,2026-06-17
Fondo de Protección Ambiental (FPA),Ministerio del Medio Ambiente (MMA),2024,XXVII,PSC,FPA 2024 - Proyectos Sustentables Ciudadanos,linea,85902,Reutilización de aguas grises con Humedales Depuradores,Comité de Agua Potable Rural Champel San Jorge,comite,Ecotecnias hídricas,water,False,sector_specific,La Unión,14201,Región de Los Ríos,6000000,2.78,organizacion_sin_fines_de_lucro,intermediated,adjudicado_inicial,2026-06-17
Fondo de Protección Ambiental (FPA),Ministerio del Medio Ambiente (MMA),2024,XXVII,PSC,FPA 2024 - Proyectos Sustentables Ciudadanos,linea,85088,Saberes y Memorias del Cerro Conun Huenu,ONG Verde Urbano,ong,Valoración y conservación de la biodiversidad,afolu,False,sector_specific,Temuco,9101,Región de La Araucanía,6000000,2.97,organizacion_sin_fines_de_lucro,intermediated,adjudicado_inicial,2026-06-17
Fondo de Protección Ambiental (FPA),Ministerio del Medio Ambiente (MMA),2024,XXVII,PSC,FPA 2024 - Proyectos Sustentables Ciudadanos,linea,84752,Reciclando aguas lluvias para el Buen vivir de nuestro Huerto Urbano Kume Domo,Huertos Urbanos Kume Domo,otra_org_sin_fines_de_lucro,Ecotecnias hídricas,water,False,sector_specific,Temuco,9101,Región de La Araucanía,6000000,2.86,organizacion_sin_fines_de_lucro,intermediated,adjudicado_inicial,2026-06-17
Fondo de Protección Ambiental (FPA),Ministerio del Medio Ambiente (MMA),2024,XXVII,PSC,FPA 2024 - Proyectos Sustentables Ciudadanos,linea,86005,Huerto Terapéutico Comunitario Villa Cerro Divisadero,Comité de Desarrollo Productivo Villa Cerro Divisadero,comite,Economía circular y gestión de residuos,waste,False,sector_specific,Coyhaique,11101,Región de Aysén del Gral. Carlos Ibáñez del Campo,6000000,2.36,organizacion_sin_fines_de_lucro,intermediated,adjudicado_inicial,2026-06-17
Fondo de Protección Ambiental (FPA),Ministerio del Medio Ambiente (MMA),2024,XXVII,PSC,FPA 2024 - Proyectos Sustentables Ciudadanos,linea,86089,Mejoramiento y habilitación Sendero Los Arrayanes,Asociación gremial de turismo y comercio de Puerto Raúl Marín Balmaceda,asociacion_gremial_o_productiva,Valoración y conservación de la biodiversidad,afolu,False,sector_specific,Cisnes,11202,Región de Aysén del Gral. Carlos Ibáñez del Campo,6000000,2.29,organizacion_sin_fines_de_lucro,intermediated,adjudicado_inicial,2026-06-17
Fondo de Protección Ambiental (FPA),Ministerio del Medio Ambiente (MMA),2024,XXVII,PSC,FPA 2024 - Proyectos Sustentables Ciudadanos,linea,85194,Junta Vecinal Nro. 17 Separa y Recicla sus Residuos Punto Verde,Junta De Vecinos Nro 17,junta_de_vecinos,Economía circular y gestión de residuos,waste,False,sector_specific,Natales,12401,Región de Magallanes y de la Antártica Chilena,6000000,2.76,organizacion_sin_fines_de_lucro,intermediated,adjudicado_inicial,2026-06-17
Fondo de Protección Ambiental (FPA),Ministerio del Medio Ambiente (MMA),2024,XXVII,PSC,FPA 2024 - Proyectos Sustentables Ciudadanos,linea,85110,Iluminando Nuestra Sede con Energía Solar,Junta De Vecinos N 07 Chile Nuevo,junta_de_vecinos,Eficiencia energética,stationary_energy,False,sector_specific,Natales,12401,Región de Magallanes y de la Antártica Chilena,6000000,2.74,organizacion_sin_fines_de_lucro,intermediated,adjudicado_inicial,2026-06-17
Fondo de Protección Ambiental (FPA),Ministerio del Medio Ambiente (MMA),2024,XXVII,PSC,FPA 2024 - Proyectos Sustentables Ciudadanos,linea,85367,La vieja tela: reutilización textil para la economía circular en Futaleufú,Asociación de artesanos y artistas de la Patagonia Andina,otra_org_sin_fines_de_lucro,Economía circular y gestión de residuos,waste,False,sector_specific,Futaleufú,10402,Región de Los Lagos,6000000,2.86,organizacion_sin_fines_de_lucro,intermediated,adjudicado_inicial,2026-06-17
Fondo de Protección Ambiental (FPA),Ministerio del Medio Ambiente (MMA),2024,XXVII,PSC,FPA 2024 - Proyectos Sustentables Ciudadanos,linea,85211,Espacios Demostrativos Hídricos para We Mültuwün Lemu,Consejo de Desarrollo de Salud Misión San Juan,asociacion_gremial_o_productiva,Ecotecnias hídricas,water,False,sector_specific,San Juan de la Costa,10306,Región de Los Lagos,6000000,2.58,organizacion_sin_fines_de_lucro,intermediated,adjudicado_inicial,2026-06-17
Fondo de Protección Ambiental (FPA),Ministerio del Medio Ambiente (MMA),2024,XXVII,PSEE,FPA 2024 - Proyectos Sustentables en Establecimientos Educacionales,linea,85809,Imágenes para concientizar acerca del cuidado de la biodiversidad de Arica y sus valles,Centro General de Padres y Apoderados Liceo Artístico Dr. Juan Noe Crevanni,centro_de_padres,Valoración y conservación de la biodiversidad,afolu,False,sector_specific,Arica,15101,Región de Arica y Parinacota,6000000,2.91,organizacion_sin_fines_de_lucro,intermediated,adjudicado_inicial,2026-06-17
Fondo de Protección Ambiental (FPA),Ministerio del Medio Ambiente (MMA),2024,XXVII,PSEE,FPA 2024 - Proyectos Sustentables en Establecimientos Educacionales,linea,85400,Compostando para El Futuro Sostenible Colegio Nirvana,Centro de Padres y Apoderados Colegio Nirvana,centro_de_padres,Economía circular y gestión de residuos,waste,False,sector_specific,Alto Hospicio,1107,Región de Tarapacá,6000000,2.79,organizacion_sin_fines_de_lucro,intermediated,adjudicado_inicial,2026-06-17
Fondo de Protección Ambiental (FPA),Ministerio del Medio Ambiente (MMA),2024,XXVII,PSEE,FPA 2024 - Proyectos Sustentables en Establecimientos Educacionales,linea,84531,Reutilizando florecemos,Centro de Padres y Apoderados Fundación Educacional San Vicente de Paul,centro_de_padres,Ecotecnias hídricas,water,False,sector_specific,Copiapó,3101,Región de Atacama,6000000,2.65,organizacion_sin_fines_de_lucro,intermediated,adjudicado_inicial,2026-06-17
Fondo de Protección Ambiental (FPA),Ministerio del Medio Ambiente (MMA),2024,XXVII,PSEE,FPA 2024 - Proyectos Sustentables en Establecimientos Educacionales,linea,85055,De la tierra a la tierra; descontaminación ambiental mediante una huerta escolar ecológica,Centro General de Padres y Apoderados Caminando Al Futuro,centro_de_padres,Cambio climático y descontaminación ambiental,cross,False,broad,Ovalle,4301,Región de Coquimbo,6000000,2.95,organizacion_sin_fines_de_lucro,intermediated,adjudicado_inicial,2026-06-17
Fondo de Protección Ambiental (FPA),Ministerio del Medio Ambiente (MMA),2024,XXVII,PSEE,FPA 2024 - Proyectos Sustentables en Establecimientos Educacionales,linea,85592,Reciclaje de aguas grises en Liceo Mistraliano,Centro de Padres y Apoderados Liceo Polivalente de Paihuano,centro_de_padres,Ecotecnias hídricas,water,False,sector_specific,Paihuano,4105,Región de Coquimbo,6000000,2.9,organizacion_sin_fines_de_lucro,intermediated,adjudicado_inicial,2026-06-17
Fondo de Protección Ambiental (FPA),Ministerio del Medio Ambiente (MMA),2024,XXVII,PSEE,FPA 2024 - Proyectos Sustentables en Establecimientos Educacionales,linea,85328,Renacer Sostenible: Transformando el Agua en Oportunidades,Centro de Padres y Apoderados Colegio Renacer,centro_de_padres,Ecotecnias hídricas,water,False,sector_specific,Monte Patria,4303,Región de Coquimbo,6000000,2.74,organizacion_sin_fines_de_lucro,intermediated,adjudicado_inicial,2026-06-17
Fondo de Protección Ambiental (FPA),Ministerio del Medio Ambiente (MMA),2024,XXVII,PSEE,FPA 2024 - Proyectos Sustentables en Establecimientos Educacionales,linea,84519,Optimiza tu AGUA Escuela Andalien,Centro de Padres Escuela Andalien,centro_de_padres,Ecotecnias hídricas,water,False,sector_specific,Colina,13301,Región Metropolitana de Santiago,6000000,2.95,organizacion_sin_fines_de_lucro,intermediated,adjudicado_inicial,2026-06-17
Fondo de Protección Ambiental (FPA),Ministerio del Medio Ambiente (MMA),2024,XXVII,PSEE,FPA 2024 - Proyectos Sustentables en Establecimientos Educacionales,linea,85508,Aprendo y uso mi invernadero,Centro General de Padres y Apoderados Colegio Andalue,centro_de_padres,Cambio climático y descontaminación ambiental,cross,False,broad,Maipú,13119,Región Metropolitana de Santiago,6000000,2.82,organizacion_sin_fines_de_lucro,intermediated,adjudicado_inicial,2026-06-17
Fondo de Protección Ambiental (FPA),Ministerio del Medio Ambiente (MMA),2024,XXVII,PSEE,FPA 2024 - Proyectos Sustentables en Establecimientos Educacionales,linea,85576,Continuamos Aprendiendo y Usando las Energías Renovables en mi Escuela,Centro de Padres y Apoderados Escuela Laura Matus Meléndez,centro_de_padres,Eficiencia energética,stationary_energy,False,sector_specific,Doñihue,6105,Región del Libertador Gral. Bernardo O'Higgins,6000000,2.7,organizacion_sin_fines_de_lucro,intermediated,adjudicado_inicial,2026-06-17
Fondo de Protección Ambiental (FPA),Ministerio del Medio Ambiente (MMA),2024,XXVII,PSEE,FPA 2024 - Proyectos Sustentables en Establecimientos Educacionales,linea,85747,Reutilizando el agua cuidamos nuestro medioambiente,Centro de Padres y Apoderados Jardín Infantil Los Conejitos Saltarines,centro_de_padres,Ecotecnias hídricas,water,False,sector_specific,San Felipe,5701,Región de Valparaíso,6000000,2.64,organizacion_sin_fines_de_lucro,intermediated,adjudicado_inicial,2026-06-17
Fondo de Protección Ambiental (FPA),Ministerio del Medio Ambiente (MMA),2024,XXVII,PSEE,FPA 2024 - Proyectos Sustentables en Establecimientos Educacionales,linea,85480,Ecoriego Escolar,Centro General de Padres y Apoderados Colegio Luis Cruz Martínez,centro_de_padres,Ecotecnias hídricas,water,False,sector_specific,Quilpué,5801,Región de Valparaíso,6000000,2.41,organizacion_sin_fines_de_lucro,intermediated,adjudicado_inicial,2026-06-17
Fondo de Protección Ambiental (FPA),Ministerio del Medio Ambiente (MMA),2024,XXVII,PSEE,FPA 2024 - Proyectos Sustentables en Establecimientos Educacionales,linea,85811,Fomentando la Biodiversidad en mi Huerto escolar,Centro General de Padres y Apoderados Escuela D-452 Ex 35,centro_de_padres,Valoración y conservación de la biodiversidad,afolu,False,sector_specific,Linares,7401,Región del Maule,6000000,2.94,organizacion_sin_fines_de_lucro,intermediated,adjudicado_inicial,2026-06-17
Fondo de Protección Ambiental (FPA),Ministerio del Medio Ambiente (MMA),2024,XXVII,PSEE,FPA 2024 - Proyectos Sustentables en Establecimientos Educacionales,linea,84457,Programa de capacitación en compostaje de residuos orgánicos domiciliarios en Bulnes,Centro General de Padres y Apoderados Liceo Manuel Bulnes,centro_de_padres,Economía circular y gestión de residuos,waste,False,sector_specific,Bulnes,16102,Región de Ñuble,6000000,2.48,organizacion_sin_fines_de_lucro,intermediated,adjudicado_inicial,2026-06-17
Fondo de Protección Ambiental (FPA),Ministerio del Medio Ambiente (MMA),2024,XXVII,PSEE,FPA 2024 - Proyectos Sustentables en Establecimientos Educacionales,linea,85963,Reactivación de invernadero escolar,Centro General de Padres y Apoderados Escuela Marta Colvin Andrade,centro_de_padres,Cambio climático y descontaminación ambiental,cross,False,broad,Coihueco,16302,Región de Ñuble,6000000,2.35,organizacion_sin_fines_de_lucro,intermediated,adjudicado_inicial,2026-06-17
Fondo de Protección Ambiental (FPA),Ministerio del Medio Ambiente (MMA),2024,XXVII,PSEE,FPA 2024 - Proyectos Sustentables en Establecimientos Educacionales,linea,85009,Educa Verde: Educación para un Mundo Sostenible,Centro de Padres y Apoderados Administración y Comercio Tutuquén,centro_de_padres,Economía circular y gestión de residuos,waste,False,sector_specific,Curicó,7301,Región del Maule,6000000,2.91,organizacion_sin_fines_de_lucro,intermediated,adjudicado_inicial,2026-06-17
Fondo de Protección Ambiental (FPA),Ministerio del Medio Ambiente (MMA),2024,XXVII,PSEE,FPA 2024 - Proyectos Sustentables en Establecimientos Educacionales,linea,85888,Naturaleza circular: valorización de residuos orgánicos a través del vermicompostaje,Centro de Padres y Apoderados Escuela San Clemente,centro_de_padres,Economía circular y gestión de residuos,waste,False,sector_specific,Talca,7101,Región del Maule,6000000,2.89,organizacion_sin_fines_de_lucro,intermediated,adjudicado_inicial,2026-06-17
Fondo de Protección Ambiental (FPA),Ministerio del Medio Ambiente (MMA),2024,XXVII,PSEE,FPA 2024 - Proyectos Sustentables en Establecimientos Educacionales,linea,85644,"Jardín de bienestar, fomentando la diversidad natural y humana",Centro de Padres y Apoderados Escuela de Estimulación Temprana Rayito de Sol,centro_de_padres,Valoración y conservación de la biodiversidad,afolu,False,sector_specific,Mulchén,8305,Región del Biobío,6000000,2.81,organizacion_sin_fines_de_lucro,intermediated,adjudicado_inicial,2026-06-17
Fondo de Protección Ambiental (FPA),Ministerio del Medio Ambiente (MMA),2024,XXVII,PSEE,FPA 2024 - Proyectos Sustentables en Establecimientos Educacionales,linea,84573,Reciclando los Residuos Orgánicos,Centro General de Padres y Apoderados Escuela D-684 Baldomero Lillo de Lota,centro_de_padres,Economía circular y gestión de residuos,waste,False,sector_specific,Lota,8106,Región del Biobío,6000000,2.8,organizacion_sin_fines_de_lucro,intermediated,adjudicado_inicial,2026-06-17
Fondo de Protección Ambiental (FPA),Ministerio del Medio Ambiente (MMA),2024,XXVII,PSEE,FPA 2024 - Proyectos Sustentables en Establecimientos Educacionales,linea,85030,¡Hortencia orgánico! por una gestión de residuos sustentable,Centro de Padres y Apoderados Escuela G-600 Las Hortensias,centro_de_padres,Economía circular y gestión de residuos,waste,False,sector_specific,Cunco,9103,Región de La Araucanía,6000000,2.97,organizacion_sin_fines_de_lucro,intermediated,adjudicado_inicial,2026-06-17
Fondo de Protección Ambiental (FPA),Ministerio del Medio Ambiente (MMA),2024,XXVII,PSEE,FPA 2024 - Proyectos Sustentables en Establecimientos Educacionales,linea,86055,Sistemas de riego en invernadero de Jardín Infantil los Enanitos para uso eficiente del agua,Centro General de Padres y Apoderados Jardín Infantil y Sala Cuna Los Enanitos,centro_de_padres,Ecotecnias hídricas,water,False,sector_specific,Victoria,9211,Región de La Araucanía,6000000,2.9,organizacion_sin_fines_de_lucro,intermediated,adjudicado_inicial,2026-06-17
Fondo de Protección Ambiental (FPA),Ministerio del Medio Ambiente (MMA),2024,XXVII,PSEE,FPA 2024 - Proyectos Sustentables en Establecimientos Educacionales,linea,85316,Ngulem Co: Reciclaje de Aguas Lluvias para Regadío de Invernadero Escolar,Centro de Padres y Apoderados Escuela Particular N° 10 Llaima,centro_de_padres,Ecotecnias hídricas,water,False,sector_specific,Melipeuco,9110,Región de La Araucanía,6000000,2.88,organizacion_sin_fines_de_lucro,intermediated,adjudicado_inicial,2026-06-17
Fondo de Protección Ambiental (FPA),Ministerio del Medio Ambiente (MMA),2024,XXVII,PSEE,FPA 2024 - Proyectos Sustentables en Establecimientos Educacionales,linea,85750,Sistema de captación de aguas lluvias para Huerto Agroecológico Escuela Octavio Salinas Coronel,Centro de Padres y Apoderados de Escuela Octavio Salinas,centro_de_padres,Ecotecnias hídricas,water,False,sector_specific,Coronel,8102,Región del Biobío,6000000,2.79,organizacion_sin_fines_de_lucro,intermediated,adjudicado_inicial,2026-06-17
Fondo de Protección Ambiental (FPA),Ministerio del Medio Ambiente (MMA),2024,XXVII,PSEE,FPA 2024 - Proyectos Sustentables en Establecimientos Educacionales,linea,85824,Recircular en la tierra: Fomentar la valorización de residuos orgánicos,Centro General de Padres y Apoderados del Colegio Inglés Antuquenu,centro_de_padres,Economía circular y gestión de residuos,waste,False,sector_specific,Puerto Montt,10101,Región de Los Lagos,6000000,2.87,organizacion_sin_fines_de_lucro,intermediated,adjudicado_inicial,2026-06-17
Fondo de Protección Ambiental (FPA),Ministerio del Medio Ambiente (MMA),2024,XXVII,PSEE,FPA 2024 - Proyectos Sustentables en Establecimientos Educacionales,linea,85005,"Arácnidos, los héroes silenciosos",Centro General de Padres y Apoderados del Colegio Nuevos Horizontes,centro_de_padres,Valoración y conservación de la biodiversidad,afolu,False,sector_specific,Puerto Montt,10101,Región de Los Lagos,6000000,2.85,organizacion_sin_fines_de_lucro,intermediated,adjudicado_inicial,2026-06-17
Fondo de Protección Ambiental (FPA),Ministerio del Medio Ambiente (MMA),2024,XXVII,PSEE,FPA 2024 - Proyectos Sustentables en Establecimientos Educacionales,linea,85006,Cosecha de agua lluvia para disminuir el impacto de la escasez de agua potable en Curiñanco,Centro General de Padres y Apoderados Escuela G24 Curiñanco,centro_de_padres,Ecotecnias hídricas,water,False,sector_specific,Valdivia,14101,Región de Los Ríos,6000000,2.83,organizacion_sin_fines_de_lucro,intermediated,adjudicado_inicial,2026-06-17
Fondo de Protección Ambiental (FPA),Ministerio del Medio Ambiente (MMA),2024,XXVII,PSEE,FPA 2024 - Proyectos Sustentables en Establecimientos Educacionales,linea,85845,"Cosechando agua, sembramos futuro",Centro de Familias Relmu Wuepul,centro_de_padres,Ecotecnias hídricas,water,False,sector_specific,Paillaco,14107,Región de Los Ríos,6000000,2.8,organizacion_sin_fines_de_lucro,intermediated,adjudicado_inicial,2026-06-17
Fondo de Protección Ambiental (FPA),Ministerio del Medio Ambiente (MMA),2024,XXVII,PSEE,FPA 2024 - Proyectos Sustentables en Establecimientos Educacionales,linea,85818,Senderos educativos: Un recorrido por las áreas verdes de mi escuela,Centro De Padres Escuela Carlos Condell,centro_de_padres,Valoración y conservación de la biodiversidad,afolu,False,sector_specific,Aysén,11201,Región de Aysén del Gral. Carlos Ibáñez del Campo,6000000,2.66,organizacion_sin_fines_de_lucro,intermediated,adjudicado_inicial,2026-06-17
Fondo de Protección Ambiental (FPA),Ministerio del Medio Ambiente (MMA),2024,XXVII,PSEE,FPA 2024 - Proyectos Sustentables en Establecimientos Educacionales,linea,86030,Semillas de cambio,Centro de Padres y Apoderados Escuela Aysén,centro_de_padres,Economía circular y gestión de residuos,waste,False,sector_specific,Aysén,11201,Región de Aysén del Gral. Carlos Ibáñez del Campo,6000000,2.55,organizacion_sin_fines_de_lucro,intermediated,adjudicado_inicial,2026-06-17
Fondo de Protección Ambiental (FPA),Ministerio del Medio Ambiente (MMA),2024,XXVII,PSEE,FPA 2024 - Proyectos Sustentables en Establecimientos Educacionales,linea,84734,Guía del Cuidado de Humedales Urbanos para Niños y Niñas,Centro General de Padres Madres y Apoderados del Jardín Continente Blanco,centro_de_padres,Valoración y conservación de la biodiversidad,afolu,False,sector_specific,Punta Arenas,12101,Región de Magallanes y de la Antártica Chilena,6000000,2.78,organizacion_sin_fines_de_lucro,intermediated,adjudicado_inicial,2026-06-17
Fondo de Protección Ambiental (FPA),Ministerio del Medio Ambiente (MMA),2024,XXVII,PSEE,FPA 2024 - Proyectos Sustentables en Establecimientos Educacionales,linea,86318,Aonikenk recicla: Cuidando nuestra casa común,Centro General de Padres y Apoderados de Escuela Aonikenk,centro_de_padres,Economía circular y gestión de residuos,waste,False,sector_specific,Río Ibáñez,11402,Región de Aysén del Gral. Carlos Ibáñez del Campo,6000000,2.54,organizacion_sin_fines_de_lucro,intermediated,adjudicado_inicial,2026-06-17
Fondo de Protección Ambiental (FPA),Ministerio del Medio Ambiente (MMA),2024,XXVII,PSEE,FPA 2024 - Proyectos Sustentables en Establecimientos Educacionales,linea,85843,Nuestro punto verde,Centro de Padres Escuela El Camino,centro_de_padres,Economía circular y gestión de residuos,waste,False,sector_specific,Coyhaique,11101,Región de Aysén del Gral. Carlos Ibáñez del Campo,6000000,2.4,organizacion_sin_fines_de_lucro,intermediated,adjudicado_inicial,2026-06-17
Fondo de Protección Ambiental (FPA),Ministerio del Medio Ambiente (MMA),2024,XXVII,PSEE,FPA 2024 - Proyectos Sustentables en Establecimientos Educacionales,linea,84830,Invierno Verde,Centro General de Padres y Apoderados Liceo Técnico Profesional Ricardo Navarrete Barría,centro_de_padres,Cambio climático y descontaminación ambiental,cross,False,broad,Coyhaique,11101,Región de Aysén del Gral. Carlos Ibáñez del Campo,6000000,2.32,organizacion_sin_fines_de_lucro,intermediated,adjudicado_inicial,2026-06-17
Fondo de Protección Ambiental (FPA),Ministerio del Medio Ambiente (MMA),2024,XXVII,PSEE,FPA 2024 - Proyectos Sustentables en Establecimientos Educacionales,linea,85306,Energía Fotovoltaica para colegio Pequeños Exploradores,Centro de Familias Colegio Pequeños Exploradores,centro_de_padres,Eficiencia energética,stationary_energy,False,sector_specific,Coyhaique,11101,Región de Aysén del Gral. Carlos Ibáñez del Campo,6000000,2.28,organizacion_sin_fines_de_lucro,intermediated,adjudicado_inicial,2026-06-17
Fondo de Protección Ambiental (FPA),Ministerio del Medio Ambiente (MMA),2024,XXVII,PPII,FPA 2024 - Proyectos Sustentables para Pueblos Indígenas,linea,85514,El Sumaq Kawsay de la Cosmovisión Quechua para el equilibrio del medio ambiente en Arica y Parinacota,Asociación Indígena Quechua Kawsaq Llaqta,comunidad_o_asoc_indigena,Economía circular y gestión de residuos,waste,False,sector_specific,Arica,15101,Región de Arica y Parinacota,6000000,2.67,organizacion_sin_fines_de_lucro,intermediated,adjudicado_inicial,2026-06-17
Fondo de Protección Ambiental (FPA),Ministerio del Medio Ambiente (MMA),2024,XXVII,PPII,FPA 2024 - Proyectos Sustentables para Pueblos Indígenas,linea,86368,Reforestación de laderas contra la desertificación y el cambio climático en el Valle de Codpa,Comunidad Indígena del Pueblo de Codpa,comunidad_o_asoc_indigena,Valoración y conservación de la biodiversidad,afolu,False,sector_specific,Camarones,15102,Región de Arica y Parinacota,6000000,2.36,organizacion_sin_fines_de_lucro,intermediated,adjudicado_inicial,2026-06-17
Fondo de Protección Ambiental (FPA),Ministerio del Medio Ambiente (MMA),2024,XXVII,PPII,FPA 2024 - Proyectos Sustentables para Pueblos Indígenas,linea,85866,Implementar luminarias solares en el pueblo de Ancovinto y su estancia de Willacollo,Asociación Indígena Layrjaphura,comunidad_o_asoc_indigena,Cambio climático y descontaminación ambiental,cross,False,broad,Colchane,1403,Región de Tarapacá,6000000,2.57,organizacion_sin_fines_de_lucro,intermediated,adjudicado_inicial,2026-06-17
Fondo de Protección Ambiental (FPA),Ministerio del Medio Ambiente (MMA),2024,XXVII,PPII,FPA 2024 - Proyectos Sustentables para Pueblos Indígenas,linea,84824,Ckepnitur Haimaytier: Vivir la ciencia y el conocimiento,Comunidad Atacameña de Toconao,comunidad_o_asoc_indigena,Valoración y conservación de la biodiversidad,afolu,False,sector_specific,San Pedro de Atacama,2203,Región de Antofagasta,6000000,2.47,organizacion_sin_fines_de_lucro,intermediated,adjudicado_inicial,2026-06-17
Fondo de Protección Ambiental (FPA),Ministerio del Medio Ambiente (MMA),2024,XXVII,PPII,FPA 2024 - Proyectos Sustentables para Pueblos Indígenas,linea,86036,Restauración ecológica del árbol ancestral El Chañar,Comunidad Indígena Diaguita Romualda Ardiles,comunidad_o_asoc_indigena,Valoración y conservación de la biodiversidad,afolu,False,sector_specific,Copiapó,3101,Región de Atacama,6000000,2.3,organizacion_sin_fines_de_lucro,intermediated,adjudicado_inicial,2026-06-17
Fondo de Protección Ambiental (FPA),Ministerio del Medio Ambiente (MMA),2024,XXVII,PPII,FPA 2024 - Proyectos Sustentables para Pueblos Indígenas,linea,85997,"Taiñ gan, Mapuche waria mew",Asociación Indígena Petu Mongueleiñ,comunidad_o_asoc_indigena,Ecotecnias hídricas,water,False,sector_specific,San Miguel,13130,Región Metropolitana de Santiago,6000000,2.53,organizacion_sin_fines_de_lucro,intermediated,adjudicado_inicial,2026-06-17
Fondo de Protección Ambiental (FPA),Ministerio del Medio Ambiente (MMA),2024,XXVII,PPII,FPA 2024 - Proyectos Sustentables para Pueblos Indígenas,linea,85798,Luminaria Sustentable para la Comunidad Santos Curinao,Comunidad Indígena Santos Curinao Quintrilpe,comunidad_o_asoc_indigena,Eficiencia energética,stationary_energy,False,sector_specific,Vilcún,9119,Región de La Araucanía,6000000,3.0,organizacion_sin_fines_de_lucro,intermediated,adjudicado_inicial,2026-06-17
Fondo de Protección Ambiental (FPA),Ministerio del Medio Ambiente (MMA),2024,XXVII,PPII,FPA 2024 - Proyectos Sustentables para Pueblos Indígenas,linea,86251,Nodo Energía Solar para Nuestra Comunidad,Comunidad Indígena Mateo Nahuelpán,comunidad_o_asoc_indigena,Eficiencia energética,stationary_energy,False,sector_specific,Carahue,9102,Región de La Araucanía,6000000,3.0,organizacion_sin_fines_de_lucro,intermediated,adjudicado_inicial,2026-06-17
Fondo de Protección Ambiental (FPA),Ministerio del Medio Ambiente (MMA),2024,XXVII,PPII,FPA 2024 - Proyectos Sustentables para Pueblos Indígenas,linea,86406,Iluminación Sustentable para Nuestro Camino,Comunidad Indígena Folil Nahuel,comunidad_o_asoc_indigena,Eficiencia energética,stationary_energy,False,sector_specific,Temuco,9101,Región de La Araucanía,6000000,3.0,organizacion_sin_fines_de_lucro,intermediated,adjudicado_inicial,2026-06-17
Fondo de Protección Ambiental (FPA),Ministerio del Medio Ambiente (MMA),2024,XXVII,PPII,FPA 2024 - Proyectos Sustentables para Pueblos Indígenas,linea,85444,Fomentando la energía solar en mi comunidad,Comunidad Mapuche Juan Antinao,comunidad_o_asoc_indigena,Eficiencia energética,stationary_energy,False,sector_specific,Temuco,9101,Región de La Araucanía,6000000,2.98,organizacion_sin_fines_de_lucro,intermediated,adjudicado_inicial,2026-06-17
Fondo de Protección Ambiental (FPA),Ministerio del Medio Ambiente (MMA),2024,XXVII,PPII,FPA 2024 - Proyectos Sustentables para Pueblos Indígenas,linea,84616,Kimün de la Pachamama,Asociación Multicultural de Mujeres Indígenas de Coquimbo Warmipura Tinkui,comunidad_o_asoc_indigena,Cambio climático y descontaminación ambiental,cross,False,broad,Coquimbo,4102,Región de Coquimbo,6000000,2.9,organizacion_sin_fines_de_lucro,intermediated,adjudicado_inicial,2026-06-17
Fondo de Protección Ambiental (FPA),Ministerio del Medio Ambiente (MMA),2024,XXVII,PPII,FPA 2024 - Proyectos Sustentables para Pueblos Indígenas,linea,85984,Protección y preservación del nativo endémico del territorio Diaguita del Limarí,Comunidad Indígena Gasta Vanato Diaguita,comunidad_o_asoc_indigena,Valoración y conservación de la biodiversidad,afolu,False,sector_specific,Combarbalá,4302,Región de Coquimbo,6000000,2.48,organizacion_sin_fines_de_lucro,intermediated,adjudicado_inicial,2026-06-17
Fondo de Protección Ambiental (FPA),Ministerio del Medio Ambiente (MMA),2024,XXVII,PPII,FPA 2024 - Proyectos Sustentables para Pueblos Indígenas,linea,85445,Pelonguelen tañi lof (Iluminando mi territorio),Comunidad Aillán Marillán,comunidad_o_asoc_indigena,Eficiencia energética,stationary_energy,False,sector_specific,Temuco,9101,Región de La Araucanía,6000000,2.98,organizacion_sin_fines_de_lucro,intermediated,adjudicado_inicial,2026-06-17
Fondo de Protección Ambiental (FPA),Ministerio del Medio Ambiente (MMA),2024,XXVII,PPII,FPA 2024 - Proyectos Sustentables para Pueblos Indígenas,linea,85722,Aportando con ERNC a mi comunidad,Comunidad Huenchupal,comunidad_o_asoc_indigena,Eficiencia energética,stationary_energy,False,sector_specific,Nueva Imperial,9111,Región de La Araucanía,6000000,2.98,organizacion_sin_fines_de_lucro,intermediated,adjudicado_inicial,2026-06-17
Fondo de Protección Ambiental (FPA),Ministerio del Medio Ambiente (MMA),2024,XXVII,PPII,FPA 2024 - Proyectos Sustentables para Pueblos Indígenas,linea,85751,Lif We Pelom (Energía Limpia y Nueva),Comunidad Mapuche Huento Llancamil,comunidad_o_asoc_indigena,Eficiencia energética,stationary_energy,False,sector_specific,Temuco,9101,Región de La Araucanía,6000000,2.98,organizacion_sin_fines_de_lucro,intermediated,adjudicado_inicial,2026-06-17
Fondo de Protección Ambiental (FPA),Ministerio del Medio Ambiente (MMA),2024,XXVII,PPII,FPA 2024 - Proyectos Sustentables para Pueblos Indígenas,linea,85752,Iluminando con energía solar,Comunidad Mapuche Levío Melipil Rahue,comunidad_o_asoc_indigena,Eficiencia energética,stationary_energy,False,sector_specific,Galvarino,9106,Región de La Araucanía,6000000,2.98,organizacion_sin_fines_de_lucro,intermediated,adjudicado_inicial,2026-06-17
Fondo de Protección Ambiental (FPA),Ministerio del Medio Ambiente (MMA),2024,XXVII,PPII,FPA 2024 - Proyectos Sustentables para Pueblos Indígenas,linea,85778,Iluminación para nuestra sede comunitaria,Comunidad Indígena Pedro Lepin,comunidad_o_asoc_indigena,Eficiencia energética,stationary_energy,False,sector_specific,Temuco,9101,Región de La Araucanía,6000000,2.97,organizacion_sin_fines_de_lucro,intermediated,adjudicado_inicial,2026-06-17
Fondo de Protección Ambiental (FPA),Ministerio del Medio Ambiente (MMA),2024,XXVII,PPII,FPA 2024 - Proyectos Sustentables para Pueblos Indígenas,linea,85219,Sala Calidez Sustentable: Fortaleciendo Nuestra Energía Natural,Comunidad Indígena Miguel Licanqueo,comunidad_o_asoc_indigena,Eficiencia energética,stationary_energy,False,sector_specific,Nueva Imperial,9111,Región de La Araucanía,6000000,2.96,organizacion_sin_fines_de_lucro,intermediated,adjudicado_inicial,2026-06-17
Fondo de Protección Ambiental (FPA),Ministerio del Medio Ambiente (MMA),2024,XXVII,PPII,FPA 2024 - Proyectos Sustentables para Pueblos Indígenas,linea,85288,Promover la valorización de los residuos domiciliarios,Comunidad indígena Coña Quilaqueo,comunidad_o_asoc_indigena,Economía circular y gestión de residuos,waste,False,sector_specific,Teodoro Schmidt,9117,Región de La Araucanía,6000000,2.95,organizacion_sin_fines_de_lucro,intermediated,adjudicado_inicial,2026-06-17
Fondo de Protección Ambiental (FPA),Ministerio del Medio Ambiente (MMA),2024,XXVII,PPII,FPA 2024 - Proyectos Sustentables para Pueblos Indígenas,linea,86217,Küme Küze (Buena luz),Comunidad Indígena Juan Antonio Paillalef,comunidad_o_asoc_indigena,Eficiencia energética,stationary_energy,False,sector_specific,Padre Las Casas,9112,Región de La Araucanía,6000000,2.95,organizacion_sin_fines_de_lucro,intermediated,adjudicado_inicial,2026-06-17
Fondo de Protección Ambiental (FPA),Ministerio del Medio Ambiente (MMA),2024,XXVII,PPII,FPA 2024 - Proyectos Sustentables para Pueblos Indígenas,linea,85052,Experiencia demostrativa y educativa de abastecimiento energético sustentable Juan Acuite Inaipil,Comunidad Indígena Juan Acuite Inaipil,comunidad_o_asoc_indigena,Eficiencia energética,stationary_energy,False,sector_specific,Vilcún,9119,Región de La Araucanía,6000000,2.94,organizacion_sin_fines_de_lucro,intermediated,adjudicado_inicial,2026-06-17
Fondo de Protección Ambiental (FPA),Ministerio del Medio Ambiente (MMA),2024,XXVII,PPII,FPA 2024 - Proyectos Sustentables para Pueblos Indígenas,linea,86285,Kom liftuiñ taiñ Mapu (Juntos limpiamos nuestro entorno),Comunidad Indígena Juan Caniupal,comunidad_o_asoc_indigena,Economía circular y gestión de residuos,waste,False,sector_specific,Padre Las Casas,9112,Región de La Araucanía,6000000,2.94,organizacion_sin_fines_de_lucro,intermediated,adjudicado_inicial,2026-06-17
Fondo de Protección Ambiental (FPA),Ministerio del Medio Ambiente (MMA),2024,XXVII,PPII,FPA 2024 - Proyectos Sustentables para Pueblos Indígenas,linea,85805,ECO-RESUELVE: Gestión de Residuos en la Comunidad Indígena Juana Carriman viuda de Paillao Purén,Comunidad Juana Cariman Vda De Paillao,comunidad_o_asoc_indigena,Economía circular y gestión de residuos,waste,False,sector_specific,Purén,9208,Región de La Araucanía,6000000,2.91,organizacion_sin_fines_de_lucro,intermediated,adjudicado_inicial,2026-06-17
Fondo de Protección Ambiental (FPA),Ministerio del Medio Ambiente (MMA),2024,XXVII,PPII,FPA 2024 - Proyectos Sustentables para Pueblos Indígenas,linea,85433,Liempi Paillahue Sustentable,Comunidad Mapuche Antonio Liempi Paillahue,comunidad_o_asoc_indigena,Eficiencia energética,stationary_energy,False,sector_specific,Galvarino,9106,Región de La Araucanía,6000000,2.85,organizacion_sin_fines_de_lucro,intermediated,adjudicado_inicial,2026-06-17
Fondo de Protección Ambiental (FPA),Ministerio del Medio Ambiente (MMA),2024,XXVII,PPII,FPA 2024 - Proyectos Sustentables para Pueblos Indígenas,linea,86002,"FVTA ANTV NEWEN, con la fuerza del sol innovamos en espacios comunitarios",Comunidad Ambrosio Punolef,comunidad_o_asoc_indigena,Eficiencia energética,stationary_energy,False,sector_specific,Villarrica,9120,Región de La Araucanía,6000000,2.85,organizacion_sin_fines_de_lucro,intermediated,adjudicado_inicial,2026-06-17
Fondo de Protección Ambiental (FPA),Ministerio del Medio Ambiente (MMA),2024,XXVII,PPII,FPA 2024 - Proyectos Sustentables para Pueblos Indígenas,linea,86378,Sistema FV Autonomo Guadaba Arriba,Comunidad Francisco Piutri,comunidad_o_asoc_indigena,Eficiencia energética,stationary_energy,False,sector_specific,Los Sauces,9206,Región de La Araucanía,6000000,2.81,organizacion_sin_fines_de_lucro,intermediated,adjudicado_inicial,2026-06-17
Fondo de Protección Ambiental (FPA),Ministerio del Medio Ambiente (MMA),2024,XXVII,PPII,FPA 2024 - Proyectos Sustentables para Pueblos Indígenas,linea,85095,Promover la Educación Ambiental y Reciclaje,Comunidad Indígena Juan Huenchuman,comunidad_o_asoc_indigena,Economía circular y gestión de residuos,waste,False,sector_specific,Teodoro Schmidt,9117,Región de La Araucanía,6000000,2.8,organizacion_sin_fines_de_lucro,intermediated,adjudicado_inicial,2026-06-17
Fondo de Protección Ambiental (FPA),Ministerio del Medio Ambiente (MMA),2024,XXVII,PPII,FPA 2024 - Proyectos Sustentables para Pueblos Indígenas,linea,85919,Rescate de los saberes mapuche sobre las aguas del territorio de Lifko,Comunidad Indígena Painetru Sahuelhue,comunidad_o_asoc_indigena,Valoración y conservación de la biodiversidad,afolu,False,sector_specific,Melipeuco,9110,Región de La Araucanía,6000000,2.79,organizacion_sin_fines_de_lucro,intermediated,adjudicado_inicial,2026-06-17
Fondo de Protección Ambiental (FPA),Ministerio del Medio Ambiente (MMA),2024,XXVII,PPII,FPA 2024 - Proyectos Sustentables para Pueblos Indígenas,linea,85698,Lewfüche: Volver al río. Revalorando la biodiversidad a través de la memoria,Comunidad Indígena Kalfvgen,comunidad_o_asoc_indigena,Valoración y conservación de la biodiversidad,afolu,False,sector_specific,Valdivia,14101,Región de Los Ríos,6000000,2.63,organizacion_sin_fines_de_lucro,intermediated,adjudicado_inicial,2026-06-17
Fondo de Protección Ambiental (FPA),Ministerio del Medio Ambiente (MMA),2024,XXVII,PPII,FPA 2024 - Proyectos Sustentables para Pueblos Indígenas,linea,86090,Feyta ni kume lawen mapu,Comunidad Indígena Francisco Nahuelpan Navarrete,comunidad_o_asoc_indigena,Valoración y conservación de la biodiversidad,afolu,False,sector_specific,Lanco,14103,Región de Los Ríos,6000000,2.52,organizacion_sin_fines_de_lucro,intermediated,adjudicado_inicial,2026-06-17
Fondo de Protección Ambiental (FPA),Ministerio del Medio Ambiente (MMA),2024,XXVII,PPII,FPA 2024 - Proyectos Sustentables para Pueblos Indígenas,linea,85470,Revalorización de la flora nativa a través de invernadero comunitario,Comunidad Indígena Egidio Huenunir,comunidad_o_asoc_indigena,Valoración y conservación de la biodiversidad,afolu,False,sector_specific,Panguipulli,14108,Región de Los Ríos,6000000,2.4,organizacion_sin_fines_de_lucro,intermediated,adjudicado_inicial,2026-06-17
Fondo de Protección Ambiental (FPA),Ministerio del Medio Ambiente (MMA),2024,XXVII,PPII,FPA 2024 - Proyectos Sustentables para Pueblos Indígenas,linea,86157,La Comunidad Indígena Meliwitranmapu separa sus residuos y se capacita para ser una localidad rural sustentable,Comunidad Indígena Meliwitranmapu,comunidad_o_asoc_indigena,Economía circular y gestión de residuos,waste,False,sector_specific,Curaco de Vélez,10204,Región de Los Lagos,6000000,2.34,organizacion_sin_fines_de_lucro,intermediated,adjudicado_inicial,2026-06-17
Fondo de Protección Ambiental (FPA),Ministerio del Medio Ambiente (MMA),2024,XXVII,PPII,FPA 2024 - Proyectos Sustentables para Pueblos Indígenas,linea,86103,Comunidad Indígena Pu Zomo cuida la biodiversidad del borde costero de Dalcahue,Comunidad Indígena Pu Zomo Pulutauco Mocopulli,comunidad_o_asoc_indigena,Valoración y conservación de la biodiversidad,afolu,False,sector_specific,Dalcahue,10205,Región de Los Lagos,6000000,2.33,organizacion_sin_fines_de_lucro,intermediated,adjudicado_inicial,2026-06-17
Fondo de Protección Ambiental (FPA),Ministerio del Medio Ambiente (MMA),2024,XXVII,PPII,FPA 2024 - Proyectos Sustentables para Pueblos Indígenas,linea,86170,Huerto Comunitario para el resguardo de la medicina ancestral del territorio de Forrahue Osorno,Comunidad Indígena Forrahue,comunidad_o_asoc_indigena,Cambio climático y descontaminación ambiental,cross,False,broad,Osorno,10301,Región de Los Lagos,6000000,2.28,organizacion_sin_fines_de_lucro,intermediated,adjudicado_inicial,2026-06-17
Fondo de Protección Ambiental (FPA),Ministerio del Medio Ambiente (MMA),2024,XXVII,PPII,FPA 2024 - Proyectos Sustentables para Pueblos Indígenas,linea,86069,Recolección de aguas lluvias para un aprovechamiento óptimo de los recursos hídricos,Asociación Indígena Ketrawe Mapu,comunidad_o_asoc_indigena,Ecotecnias hídricas,water,False,sector_specific,Punta Arenas,12101,Región de Magallanes y de la Antártica Chilena,6000000,2.9,organizacion_sin_fines_de_lucro,intermediated,adjudicado_inicial,2026-06-17
Fondo de Protección Ambiental (FPA),Ministerio del Medio Ambiente (MMA),2025,XXVIII,PSC,FPA 2025 - Proyectos Sustentables Ciudadanos,linea,107825,Acercando la biodiversidad del borde costero a la comunidad,Fundación Hrepic,fundacion,Valoración y conservación de la biodiversidad,afolu,False,sector_specific,Arica,15101,Región de Arica y Parinacota,6000000,2.72,organizacion_sin_fines_de_lucro,intermediated,adjudicado_inicial,2026-06-17
Fondo de Protección Ambiental (FPA),Ministerio del Medio Ambiente (MMA),2025,XXVIII,PSC,FPA 2025 - Proyectos Sustentables Ciudadanos,linea,107291,Eco Yungay: Soluciones comunitarias para la sostenibilidad y la educación ambiental en el casco histórico de Arica,"Junta de Vecinos Nº30, 7 de Junio",junta_de_vecinos,Economía circular y gestión de residuos,waste,False,sector_specific,Arica,15101,Región de Arica y Parinacota,6000000,2.7,organizacion_sin_fines_de_lucro,intermediated,adjudicado_inicial,2026-06-17
Fondo de Protección Ambiental (FPA),Ministerio del Medio Ambiente (MMA),2025,XXVIII,PSC,FPA 2025 - Proyectos Sustentables Ciudadanos,linea,108165,Creciendo Verde: Educación Ambiental para Pequeños Guardianes de Arica,Corporación Educacional Illimani,corporacion,Economía circular y gestión de residuos,waste,False,sector_specific,Arica,15101,Región de Arica y Parinacota,6000000,2.67,organizacion_sin_fines_de_lucro,intermediated,adjudicado_inicial,2026-06-17
Fondo de Protección Ambiental (FPA),Ministerio del Medio Ambiente (MMA),2025,XXVIII,PSC,FPA 2025 - Proyectos Sustentables Ciudadanos,linea,106494,Revitalizando el Santuario de la Naturaleza Punta Gruesa a través de la propagación de Eulychnia iquiquensis,ONG BIOTANDINA,ong,Valoración y conservación de la biodiversidad,afolu,False,sector_specific,Iquique,1101,Región de Tarapacá,6000000,2.94,organizacion_sin_fines_de_lucro,intermediated,adjudicado_inicial,2026-06-17
Fondo de Protección Ambiental (FPA),Ministerio del Medio Ambiente (MMA),2025,XXVIII,PSC,FPA 2025 - Proyectos Sustentables Ciudadanos,linea,108558,Huerta Viva: Semillas de futuro,Centro Social Cultural Deportivo Manito Verde,otra_org_sin_fines_de_lucro,Cambio climático y descontaminación ambiental,cross,False,broad,Iquique,1101,Región de Tarapacá,6000000,2.89,organizacion_sin_fines_de_lucro,intermediated,adjudicado_inicial,2026-06-17
Fondo de Protección Ambiental (FPA),Ministerio del Medio Ambiente (MMA),2025,XXVIII,PSC,FPA 2025 - Proyectos Sustentables Ciudadanos,linea,107646,Cuidando nuestra tierra: educación ambiental en Colchane,Fundación Minka,fundacion,Cambio climático y descontaminación ambiental,cross,False,broad,Iquique,1101,Región de Tarapacá,6000000,2.74,organizacion_sin_fines_de_lucro,intermediated,adjudicado_inicial,2026-06-17
Fondo de Protección Ambiental (FPA),Ministerio del Medio Ambiente (MMA),2025,XXVIII,PSC,FPA 2025 - Proyectos Sustentables Ciudadanos,linea,108503,Huellas hidropónicas,Centro Social Cultural Deportivo Pedagógico y Medio Ambiente Huellas en el Desierto,otra_org_sin_fines_de_lucro,Ecotecnias hídricas,water,False,sector_specific,Pozo Almonte,1401,Región de Tarapacá,6000000,2.63,organizacion_sin_fines_de_lucro,intermediated,adjudicado_inicial,2026-06-17
Fondo de Protección Ambiental (FPA),Ministerio del Medio Ambiente (MMA),2025,XXVIII,PSC,FPA 2025 - Proyectos Sustentables Ciudadanos,linea,108053,Compostando en la comunidad agrícola Los Loros,Asociación Gremial de Pequeños Quinteros Agropecuarios de la Comuna de Taltal,asociacion_gremial_o_productiva,Economía circular y gestión de residuos,waste,False,sector_specific,Taltal,2104,Región de Antofagasta,6000000,2.65,organizacion_sin_fines_de_lucro,intermediated,adjudicado_inicial,2026-06-17
Fondo de Protección Ambiental (FPA),Ministerio del Medio Ambiente (MMA),2025,XXVIII,PSC,FPA 2025 - Proyectos Sustentables Ciudadanos,linea,108017,Granja Educativa: a través de los animales Compostando en el desierto,Fundación ecológica y medioambiental Catalina Aguad,fundacion,Economía circular y gestión de residuos,waste,False,sector_specific,Antofagasta,2101,Región de Antofagasta,6000000,2.48,organizacion_sin_fines_de_lucro,intermediated,adjudicado_inicial,2026-06-17
Fondo de Protección Ambiental (FPA),Ministerio del Medio Ambiente (MMA),2025,XXVIII,PSC,FPA 2025 - Proyectos Sustentables Ciudadanos,linea,106284,Juntos por la Conservación de la Garra de León,Junta de Vecinos Nº27 Villa Las Palmas,junta_de_vecinos,Valoración y conservación de la biodiversidad,afolu,False,sector_specific,Huasco,3304,Región de Atacama,6000000,2.78,organizacion_sin_fines_de_lucro,intermediated,adjudicado_inicial,2026-06-17
Fondo de Protección Ambiental (FPA),Ministerio del Medio Ambiente (MMA),2025,XXVIII,PSC,FPA 2025 - Proyectos Sustentables Ciudadanos,linea,108747,RECICLA TU ROPA Y CUIDA EL MEDIOAMBIENTE,"Junta de Vecinos Nº 2 ""Alborada""",junta_de_vecinos,Economía circular y gestión de residuos,waste,False,sector_specific,Huasco,3304,Región de Atacama,6000000,2.58,organizacion_sin_fines_de_lucro,intermediated,adjudicado_inicial,2026-06-17
Fondo de Protección Ambiental (FPA),Ministerio del Medio Ambiente (MMA),2025,XXVIII,PSC,FPA 2025 - Proyectos Sustentables Ciudadanos,linea,106775,Fomentando el Turismo Sustentable en el Humedal de Carrizal Bajo,Junta Vecinal N°6 Moisés Núñez de Carrizal Bajo,junta_de_vecinos,Valoración y conservación de la biodiversidad,afolu,False,sector_specific,Huasco,3304,Región de Atacama,6000000,2.48,organizacion_sin_fines_de_lucro,intermediated,adjudicado_inicial,2026-06-17
Fondo de Protección Ambiental (FPA),Ministerio del Medio Ambiente (MMA),2025,XXVIII,PSC,FPA 2025 - Proyectos Sustentables Ciudadanos,linea,107669,Reconociendo y Recorriendo nuestro entorno en Caleta Los Bronces,Junta de Vecinos Caleta Los Bronces,junta_de_vecinos,Valoración y conservación de la biodiversidad,afolu,False,sector_specific,Freirina,3303,Región de Atacama,6000000,2.43,organizacion_sin_fines_de_lucro,intermediated,adjudicado_inicial,2026-06-17
Fondo de Protección Ambiental (FPA),Ministerio del Medio Ambiente (MMA),2025,XXVIII,PSC,FPA 2025 - Proyectos Sustentables Ciudadanos,linea,107068,Centro de Reciclaje Inclusivo Ser,Fundación Educación al Ser,fundacion,Economía circular y gestión de residuos,waste,False,sector_specific,La Serena,4101,Región de Coquimbo,6000000,2.92,organizacion_sin_fines_de_lucro,intermediated,adjudicado_inicial,2026-06-17
Fondo de Protección Ambiental (FPA),Ministerio del Medio Ambiente (MMA),2025,XXVIII,PSC,FPA 2025 - Proyectos Sustentables Ciudadanos,linea,108122,Raíces Verdes: Centro de Compostaje Comunitario - Las Compañías 2025,Agrupación de Familiares y Amigos Fuerza y Voluntad,agrupacion,Economía circular y gestión de residuos,waste,False,sector_specific,La Serena,4101,Región de Coquimbo,6000000,2.81,organizacion_sin_fines_de_lucro,intermediated,adjudicado_inicial,2026-06-17
Fondo de Protección Ambiental (FPA),Ministerio del Medio Ambiente (MMA),2025,XXVIII,PSC,FPA 2025 - Proyectos Sustentables Ciudadanos,linea,107220,"Estación Interpretativa del Patrimonio Natural ""Santuario Estero Derecho""",Comunidad Agrícola Estancia Estero Derecho,otra_org_sin_fines_de_lucro,Cambio climático y descontaminación ambiental,cross,False,broad,Paihuano,4105,Región de Coquimbo,6000000,2.66,organizacion_sin_fines_de_lucro,intermediated,adjudicado_inicial,2026-06-17
Fondo de Protección Ambiental (FPA),Ministerio del Medio Ambiente (MMA),2025,XXVIII,PSC,FPA 2025 - Proyectos Sustentables Ciudadanos,linea,107540,Sendero Eco Aconcagua: Aula Abierta para la Educación Ambiental y la Conservación,Asamblea por el medio ambiente y el patrimonio de santa maría,otra_org_sin_fines_de_lucro,Valoración y conservación de la biodiversidad,afolu,False,sector_specific,Santa María,5706,Región de Valparaíso,6000000,2.9,organizacion_sin_fines_de_lucro,intermediated,adjudicado_inicial,2026-06-17
Fondo de Protección Ambiental (FPA),Ministerio del Medio Ambiente (MMA),2025,XXVIII,PSC,FPA 2025 - Proyectos Sustentables Ciudadanos,linea,106265,Mejoramiento del monitoreo ciudadano del área de anidación del pilpilén común en la desembocadura del río Aconcagua,Patrimonio Vivo Costa,otra_org_sin_fines_de_lucro,Valoración y conservación de la biodiversidad,afolu,False,sector_specific,Concón,5103,Región de Valparaíso,6000000,2.72,organizacion_sin_fines_de_lucro,intermediated,adjudicado_inicial,2026-06-17
Fondo de Protección Ambiental (FPA),Ministerio del Medio Ambiente (MMA),2025,XXVIII,PSC,FPA 2025 - Proyectos Sustentables Ciudadanos,linea,108253,Restauración de la Biodiversidad a través de Plantaciones Nativas con Método Miyawaki en Escuelas de la V Región,Fundación Tunquén Sustentable,fundacion,Valoración y conservación de la biodiversidad,afolu,False,sector_specific,Casablanca,5102,Región de Valparaíso,6000000,2.72,organizacion_sin_fines_de_lucro,intermediated,adjudicado_inicial,2026-06-17
Fondo de Protección Ambiental (FPA),Ministerio del Medio Ambiente (MMA),2025,XXVIII,PSC,FPA 2025 - Proyectos Sustentables Ciudadanos,linea,108446,"Construyendo Paisajes Resistentes al Fuego, Nuestras Aliadas las Suculentas",Junta de Vecinos NºC-99 Harold Turner,junta_de_vecinos,Cambio climático y descontaminación ambiental,cross,False,broad,Quilpué,5801,Región de Valparaíso,6000000,2.71,organizacion_sin_fines_de_lucro,intermediated,adjudicado_inicial,2026-06-17
Fondo de Protección Ambiental (FPA),Ministerio del Medio Ambiente (MMA),2025,XXVIII,PSC,FPA 2025 - Proyectos Sustentables Ciudadanos,linea,108325,Textil Circular: Innovación y Reciclaje en Las Telas,Junta de Vecinos N°9 La Estampa,junta_de_vecinos,Economía circular y gestión de residuos,waste,False,sector_specific,Independencia,13108,Región Metropolitana de Santiago,6000000,3.0,organizacion_sin_fines_de_lucro,intermediated,adjudicado_inicial,2026-06-17
Fondo de Protección Ambiental (FPA),Ministerio del Medio Ambiente (MMA),2025,XXVIII,PSC,FPA 2025 - Proyectos Sustentables Ciudadanos,linea,107414,"Huerto vivero Cerro Negro. Propagando nativo, creando comunidad",Club deportivo social y cultural Leftraru,club,Valoración y conservación de la biodiversidad,afolu,False,sector_specific,San Bernardo,13401,Región Metropolitana de Santiago,6000000,2.98,organizacion_sin_fines_de_lucro,intermediated,adjudicado_inicial,2026-06-17
Fondo de Protección Ambiental (FPA),Ministerio del Medio Ambiente (MMA),2025,XXVIII,PSC,FPA 2025 - Proyectos Sustentables Ciudadanos,linea,107439,Peñalolén Repara,Fundación para el Fomento de la Reparación y la Sostenibilidad,fundacion,Economía circular y gestión de residuos,waste,False,sector_specific,Peñalolén,13122,Región Metropolitana de Santiago,6000000,2.95,organizacion_sin_fines_de_lucro,intermediated,adjudicado_inicial,2026-06-17
Fondo de Protección Ambiental (FPA),Ministerio del Medio Ambiente (MMA),2025,XXVIII,PSC,FPA 2025 - Proyectos Sustentables Ciudadanos,linea,108725,Una vereda nativa para Curacaví: Conservación comunitaria de la flora nativa de Curacaví,Colectivo Cultural Comunitario Coculcom,otra_org_sin_fines_de_lucro,Valoración y conservación de la biodiversidad,afolu,False,sector_specific,Curacaví,13503,Región Metropolitana de Santiago,6000000,2.85,organizacion_sin_fines_de_lucro,intermediated,adjudicado_inicial,2026-06-17
Fondo de Protección Ambiental (FPA),Ministerio del Medio Ambiente (MMA),2025,XXVIII,PSC,FPA 2025 - Proyectos Sustentables Ciudadanos,linea,107474,Hacia la restauración Socioecológica del bosque de ribera del Humedal Estero Zamorano,Comité Ambiental Comunal San Vicente de Tagua Tagua,comite,Valoración y conservación de la biodiversidad,afolu,False,sector_specific,San Vicente,6117,Región del Libertador Gral. Bernardo O'Higgins,6000000,2.83,organizacion_sin_fines_de_lucro,intermediated,adjudicado_inicial,2026-06-17
Fondo de Protección Ambiental (FPA),Ministerio del Medio Ambiente (MMA),2025,XXVIII,PSC,FPA 2025 - Proyectos Sustentables Ciudadanos,linea,108156,Conectando con la biodiversidad de mi territorio: Educación Ambiental Inclusiva,Fundación para la Transformación Social Llaftun,fundacion,Valoración y conservación de la biodiversidad,afolu,False,sector_specific,Chimbarongo,6303,Región del Libertador Gral. Bernardo O'Higgins,6000000,2.83,organizacion_sin_fines_de_lucro,intermediated,adjudicado_inicial,2026-06-17
Fondo de Protección Ambiental (FPA),Ministerio del Medio Ambiente (MMA),2025,XXVIII,PSC,FPA 2025 - Proyectos Sustentables Ciudadanos,linea,108612,Cerrando ciclos en comunidad transformando residuos orgánicos junto al Centro Cultural La Aldea,Centro Cultural La Aldea,otra_org_sin_fines_de_lucro,Economía circular y gestión de residuos,waste,False,sector_specific,Talca,7101,Región del Maule,6000000,2.9,organizacion_sin_fines_de_lucro,intermediated,adjudicado_inicial,2026-06-17
Fondo de Protección Ambiental (FPA),Ministerio del Medio Ambiente (MMA),2025,XXVIII,PSC,FPA 2025 - Proyectos Sustentables Ciudadanos,linea,107368,Cotiledón Nativo. Creando un Jardín de Flora Nativa para la Educación y Conservación en la Ciudad de Talca,Centro Cultural Al Margen,otra_org_sin_fines_de_lucro,Valoración y conservación de la biodiversidad,afolu,False,sector_specific,Talca,7101,Región del Maule,6000000,2.88,organizacion_sin_fines_de_lucro,intermediated,adjudicado_inicial,2026-06-17
Fondo de Protección Ambiental (FPA),Ministerio del Medio Ambiente (MMA),2025,XXVIII,PSC,FPA 2025 - Proyectos Sustentables Ciudadanos,linea,107602,Activación y mejoramiento del invernadero comunitario con la Junta de Vecinos de Vega Ancoa y Escuela Bellavista,Junta de Vecinos el Primer Paso de Vega Ancoa,junta_de_vecinos,Valoración y conservación de la biodiversidad,afolu,False,sector_specific,Linares,7401,Región del Maule,6000000,2.88,organizacion_sin_fines_de_lucro,intermediated,adjudicado_inicial,2026-06-17
Fondo de Protección Ambiental (FPA),Ministerio del Medio Ambiente (MMA),2025,XXVIII,PSC,FPA 2025 - Proyectos Sustentables Ciudadanos,linea,108352,Planta de Compostaje de Residuos Agrícolas - Colin - Maule,Fundacion Mundo Agrícola,fundacion,Economía circular y gestión de residuos,waste,False,sector_specific,Maule,7105,Región del Maule,6000000,2.86,organizacion_sin_fines_de_lucro,intermediated,adjudicado_inicial,2026-06-17
Fondo de Protección Ambiental (FPA),Ministerio del Medio Ambiente (MMA),2025,XXVIII,PSC,FPA 2025 - Proyectos Sustentables Ciudadanos,linea,107289,Abono y Conocimiento Marino,Agrupación de Pescadoras Fuerza Marina,agrupacion,Economía circular y gestión de residuos,waste,False,sector_specific,Vichuquén,7309,Región del Maule,6000000,2.85,organizacion_sin_fines_de_lucro,intermediated,adjudicado_inicial,2026-06-17
Fondo de Protección Ambiental (FPA),Ministerio del Medio Ambiente (MMA),2025,XXVIII,PSC,FPA 2025 - Proyectos Sustentables Ciudadanos,linea,108333,"No más fuego, chipeo de ramas para la reducción de emisiones de gases de efecto invernadero en Yungay",Agrupación de Defensa y Conservación de la Flora y Fauna - Yungay / ADECOFFY,agrupacion,Cambio climático y descontaminación ambiental,cross,False,broad,Yungay,16109,Región de Ñuble,6000000,2.51,organizacion_sin_fines_de_lucro,intermediated,adjudicado_inicial,2026-06-17
Fondo de Protección Ambiental (FPA),Ministerio del Medio Ambiente (MMA),2025,XXVIII,PSC,FPA 2025 - Proyectos Sustentables Ciudadanos,linea,107872,"Hidroforraje como oportunidad ante la escasez hídrica en Quillahue, San Nicolás",Comité Agroecológico Emprendedores de Quillahue,comite,Ecotecnias hídricas,water,False,sector_specific,San Nicolás,16305,Región de Ñuble,6000000,2.48,organizacion_sin_fines_de_lucro,intermediated,adjudicado_inicial,2026-06-17
Fondo de Protección Ambiental (FPA),Ministerio del Medio Ambiente (MMA),2025,XXVIII,PSC,FPA 2025 - Proyectos Sustentables Ciudadanos,linea,107145,Invernadero y compostaje comunitario Parque Residencial Barcelona,Junta de Vecinos Parque Residencial Barcelona,junta_de_vecinos,Cambio climático y descontaminación ambiental,cross,False,broad,Chillán,16101,Región de Ñuble,6000000,2.41,organizacion_sin_fines_de_lucro,intermediated,adjudicado_inicial,2026-06-17
Fondo de Protección Ambiental (FPA),Ministerio del Medio Ambiente (MMA),2025,XXVIII,PSC,FPA 2025 - Proyectos Sustentables Ciudadanos,linea,108049,Compostate bien: soluciones colectivas al problema de la basura,Fundación El Árbol,fundacion,Economía circular y gestión de residuos,waste,False,sector_specific,Concepción,8101,Región del Biobío,6000000,2.92,organizacion_sin_fines_de_lucro,intermediated,adjudicado_inicial,2026-06-17
Fondo de Protección Ambiental (FPA),Ministerio del Medio Ambiente (MMA),2025,XXVIII,PSC,FPA 2025 - Proyectos Sustentables Ciudadanos,linea,107869,Monitoreo pedagógico comunitario de la fauna silvestre presente en los Humedales Urbanos de Hualpén,Fundación Malvarrosa,fundacion,Valoración y conservación de la biodiversidad,afolu,False,sector_specific,Hualpén,8112,Región del Biobío,6000000,2.9,organizacion_sin_fines_de_lucro,intermediated,adjudicado_inicial,2026-06-17
Fondo de Protección Ambiental (FPA),Ministerio del Medio Ambiente (MMA),2025,XXVIII,PSC,FPA 2025 - Proyectos Sustentables Ciudadanos,linea,108439,Taller de Compostaje y Huerto Comunitario Rural,Junta de Vecinos Río Laja,junta_de_vecinos,Economía circular y gestión de residuos,waste,False,sector_specific,Laja,8304,Región del Biobío,6000000,2.88,organizacion_sin_fines_de_lucro,intermediated,adjudicado_inicial,2026-06-17
Fondo de Protección Ambiental (FPA),Ministerio del Medio Ambiente (MMA),2025,XXVIII,PSC,FPA 2025 - Proyectos Sustentables Ciudadanos,linea,108548,Jardines Sustentables y Biodiversos Frente al Cambio Climático,Comité Local Vida Chile Los Cerros,comite,Cambio climático y descontaminación ambiental,cross,False,broad,Talcahuano,8110,Región del Biobío,6000000,2.86,organizacion_sin_fines_de_lucro,intermediated,adjudicado_inicial,2026-06-17
Fondo de Protección Ambiental (FPA),Ministerio del Medio Ambiente (MMA),2025,XXVIII,PSC,FPA 2025 - Proyectos Sustentables Ciudadanos,linea,107914,Descubriendo los Macro invertebrados como bioindicadores de la calidad del agua del Canal Ifarle,Agrupación Ecológica Canal Ifarle,agrupacion,Valoración y conservación de la biodiversidad,afolu,False,sector_specific,Talcahuano,8110,Región del Biobío,6000000,2.78,organizacion_sin_fines_de_lucro,intermediated,adjudicado_inicial,2026-06-17
Fondo de Protección Ambiental (FPA),Ministerio del Medio Ambiente (MMA),2025,XXVIII,PSC,FPA 2025 - Proyectos Sustentables Ciudadanos,linea,108710,"Sistema de captación de agua lluvias, se la ponemos difícil al cambio Climático",Asociación Comunal de la Mujer Rural de la Comuna de Freire,otra_org_sin_fines_de_lucro,Ecotecnias hídricas,water,False,sector_specific,Freire,9105,Región de La Araucanía,6000000,3.0,organizacion_sin_fines_de_lucro,intermediated,adjudicado_inicial,2026-06-17
Fondo de Protección Ambiental (FPA),Ministerio del Medio Ambiente (MMA),2025,XXVIII,PSC,FPA 2025 - Proyectos Sustentables Ciudadanos,linea,108040,"Los Adultos Mayores nos Activamos ante el Cambio Climático con la Instalación de Colectores Solares, Club Yauyahuen",Club de Adulto Mayor Yauyaguen,club,Eficiencia energética,stationary_energy,False,sector_specific,Padre Las Casas,9112,Región de La Araucanía,6000000,2.97,organizacion_sin_fines_de_lucro,intermediated,adjudicado_inicial,2026-06-17
Fondo de Protección Ambiental (FPA),Ministerio del Medio Ambiente (MMA),2025,XXVIII,PSC,FPA 2025 - Proyectos Sustentables Ciudadanos,linea,107284,"Cuidemos los esteros de La Aguada, Corral","Agrupación del Adulto Mayor, Renacer La Aguada",agrupacion,Economía circular y gestión de residuos,waste,False,sector_specific,Corral,14102,Región de Los Ríos,6000000,2.85,organizacion_sin_fines_de_lucro,intermediated,adjudicado_inicial,2026-06-17
Fondo de Protección Ambiental (FPA),Ministerio del Medio Ambiente (MMA),2025,XXVIII,PSC,FPA 2025 - Proyectos Sustentables Ciudadanos,linea,107504,¡Salvemos La Huairona!: Conociendo y valorando la red de humedales de Niebla,Komunidad Educativa Wenuleufu,otra_org_sin_fines_de_lucro,Valoración y conservación de la biodiversidad,afolu,False,sector_specific,Valdivia,14101,Región de Los Ríos,6000000,2.8,organizacion_sin_fines_de_lucro,intermediated,adjudicado_inicial,2026-06-17
Fondo de Protección Ambiental (FPA),Ministerio del Medio Ambiente (MMA),2025,XXVIII,PSC,FPA 2025 - Proyectos Sustentables Ciudadanos,linea,108774,"Conexión Natural: Conservando Humedales, Ríos y Bosques en Crucero, Río Bueno",Corporación de Desarrollo Crucero,corporacion,Valoración y conservación de la biodiversidad,afolu,False,sector_specific,Río Bueno,14204,Región de Los Ríos,6000000,2.8,organizacion_sin_fines_de_lucro,intermediated,adjudicado_inicial,2026-06-17
Fondo de Protección Ambiental (FPA),Ministerio del Medio Ambiente (MMA),2025,XXVIII,PSC,FPA 2025 - Proyectos Sustentables Ciudadanos,linea,107337,Escuela Medio Ambiental- Las y Los Guardianes de la Tierra,Comunidad Educativa Kimeltuwe Lof,otra_org_sin_fines_de_lucro,Economía circular y gestión de residuos,waste,False,sector_specific,Chonchi,10203,Región de Los Lagos,6000000,2.84,organizacion_sin_fines_de_lucro,intermediated,adjudicado_inicial,2026-06-17
Fondo de Protección Ambiental (FPA),Ministerio del Medio Ambiente (MMA),2025,XXVIII,PSC,FPA 2025 - Proyectos Sustentables Ciudadanos,linea,107120,Desarrollo de material de educación ambiental para la Red de Turberas de Chiloé,Corporación de Desarrollo Turístico y Territorial Chile Austral,corporacion,Valoración y conservación de la biodiversidad,afolu,False,sector_specific,Dalcahue,10205,Región de Los Lagos,6000000,2.7,organizacion_sin_fines_de_lucro,intermediated,adjudicado_inicial,2026-06-17
Fondo de Protección Ambiental (FPA),Ministerio del Medio Ambiente (MMA),2025,XXVIII,PSC,FPA 2025 - Proyectos Sustentables Ciudadanos,linea,108668,Humedal La Pasada: Un aula viva y refugio biocultural para la educación al aire libre y el turismo sustentable,Fundación para la Conservación Biocultural Foike,fundacion,Valoración y conservación de la biodiversidad,afolu,False,sector_specific,Puerto Montt,10101,Región de Los Lagos,6000000,2.67,organizacion_sin_fines_de_lucro,intermediated,adjudicado_inicial,2026-06-17
Fondo de Protección Ambiental (FPA),Ministerio del Medio Ambiente (MMA),2025,XXVIII,PSC,FPA 2025 - Proyectos Sustentables Ciudadanos,linea,108683,Nuestro barrio compostable: Junta de Vecinos de Puerto Aguirre promueve el manejo de residuos orgánicos,Junta de Vecinos N° 12 Puerto Aguirre,junta_de_vecinos,Economía circular y gestión de residuos,waste,False,sector_specific,Aysén,11201,Región de Aysén del Gral. Carlos Ibáñez del Campo,6000000,2.9,organizacion_sin_fines_de_lucro,intermediated,adjudicado_inicial,2026-06-17
Fondo de Protección Ambiental (FPA),Ministerio del Medio Ambiente (MMA),2025,XXVIII,PSC,FPA 2025 - Proyectos Sustentables Ciudadanos,linea,107624,Conciencia Ambiental y Economía Circular en el Club Deportivo Social y Cultural Astros de la Patagonia,Club Deportivo Social y Cultural Astros de la Patagonia,club,Economía circular y gestión de residuos,waste,False,sector_specific,Coyhaique,11101,Región de Aysén del Gral. Carlos Ibáñez del Campo,6000000,2.89,organizacion_sin_fines_de_lucro,intermediated,adjudicado_inicial,2026-06-17
Fondo de Protección Ambiental (FPA),Ministerio del Medio Ambiente (MMA),2025,XXVIII,PSC,FPA 2025 - Proyectos Sustentables Ciudadanos,linea,107249,"Punto Verde Para un Futuro Mejor, La Población Kajeco Recicla",Junta de Vecinos Nº41 Aves de la Patagonia,junta_de_vecinos,Economía circular y gestión de residuos,waste,False,sector_specific,Natales,12401,Región de Magallanes y de la Antártica Chilena,6000000,2.81,organizacion_sin_fines_de_lucro,intermediated,adjudicado_inicial,2026-06-17
Fondo de Protección Ambiental (FPA),Ministerio del Medio Ambiente (MMA),2025,XXVIII,PSEE,FPA 2025 - Proyectos Sustentables en Establecimientos Educacionales,linea,107573,Puesta en valor del cielo nocturno por estudiantes Mistralianos,Centro De Padres Y Apoderados Liceo Polivalente De Paihuano,centro_de_padres,Cambio climático y descontaminación ambiental,cross,False,broad,Paihuano,4105,Región de Coquimbo,6000000,2.85,organizacion_sin_fines_de_lucro,intermediated,adjudicado_inicial,2026-06-17
Fondo de Protección Ambiental (FPA),Ministerio del Medio Ambiente (MMA),2025,XXVIII,PSEE,FPA 2025 - Proyectos Sustentables en Establecimientos Educacionales,linea,108084,El humedal va a tu escuela: un aula científica,Centro General de Padres y Apoderados Colegio José Manuel Balmaceda,centro_de_padres,Valoración y conservación de la biodiversidad,afolu,False,sector_specific,La Serena,4101,Región de Coquimbo,6000000,2.71,organizacion_sin_fines_de_lucro,intermediated,adjudicado_inicial,2026-06-17
Fondo de Protección Ambiental (FPA),Ministerio del Medio Ambiente (MMA),2025,XXVIII,PSEE,FPA 2025 - Proyectos Sustentables en Establecimientos Educacionales,linea,108746,Promoviendo la educación ambiental a través de energías renovables,Centro de Padres Y Apoderados Escuela Juntas,centro_de_padres,Eficiencia energética,stationary_energy,False,sector_specific,Monte Patria,4303,Región de Coquimbo,6000000,2.71,organizacion_sin_fines_de_lucro,intermediated,adjudicado_inicial,2026-06-17
Fondo de Protección Ambiental (FPA),Ministerio del Medio Ambiente (MMA),2025,XXVIII,PSEE,FPA 2025 - Proyectos Sustentables en Establecimientos Educacionales,linea,107471,"Valorando El Reciclaje, Como Una Herramienta Educativa - Ambiental",Centro De Padres Juan Rendic Nueva Talcuna,centro_de_padres,Economía circular y gestión de residuos,waste,False,sector_specific,Vicuña,4106,Región de Coquimbo,6000000,2.66,organizacion_sin_fines_de_lucro,intermediated,adjudicado_inicial,2026-06-17
Fondo de Protección Ambiental (FPA),Ministerio del Medio Ambiente (MMA),2025,XXVIII,PSEE,FPA 2025 - Proyectos Sustentables en Establecimientos Educacionales,linea,107495,Formación Ambiental En Acción: Gestión Responsable De Residuos,Centro General De Padres Y Apoderados Curauma Language School,centro_de_padres,Economía circular y gestión de residuos,waste,False,sector_specific,Valparaíso,5101,Región de Valparaíso,6000000,2.82,organizacion_sin_fines_de_lucro,intermediated,adjudicado_inicial,2026-06-17
Fondo de Protección Ambiental (FPA),Ministerio del Medio Ambiente (MMA),2025,XXVIII,PSEE,FPA 2025 - Proyectos Sustentables en Establecimientos Educacionales,linea,108614,Suculentario Educativo: Un Recurso Ambiental y Comunitario,Centro General de Padres y Apoderados Colegio Italo Composto Scarpati,centro_de_padres,Ecotecnias hídricas,water,False,sector_specific,Villa Alemana,5804,Región de Valparaíso,6000000,2.42,organizacion_sin_fines_de_lucro,intermediated,adjudicado_inicial,2026-06-17
Fondo de Protección Ambiental (FPA),Ministerio del Medio Ambiente (MMA),2025,XXVIII,PSEE,FPA 2025 - Proyectos Sustentables en Establecimientos Educacionales,linea,108789,Energía Sostenible: Nuestro compromiso con el planeta,Centro de Padres y Apoderados Luz y Esperanza,centro_de_padres,Eficiencia energética,stationary_energy,False,sector_specific,San Felipe,5701,Región de Valparaíso,6000000,2.42,organizacion_sin_fines_de_lucro,intermediated,adjudicado_inicial,2026-06-17
Fondo de Protección Ambiental (FPA),Ministerio del Medio Ambiente (MMA),2025,XXVIII,PSEE,FPA 2025 - Proyectos Sustentables en Establecimientos Educacionales,linea,107685,Aprendo y uso mi invernadero,Centro General De Padres Y Apoderados Colegio Andalue,centro_de_padres,Cambio climático y descontaminación ambiental,cross,False,broad,Maipú,13119,Región Metropolitana de Santiago,6000000,2.9,organizacion_sin_fines_de_lucro,intermediated,adjudicado_inicial,2026-06-17
Fondo de Protección Ambiental (FPA),Ministerio del Medio Ambiente (MMA),2025,XXVIII,PSEE,FPA 2025 - Proyectos Sustentables en Establecimientos Educacionales,linea,107263,Optimiza TU Agua Escuela Andalien,Centro de Padres Escuela Andalien,centro_de_padres,Ecotecnias hídricas,water,False,sector_specific,Colina,13301,Región Metropolitana de Santiago,6000000,2.88,organizacion_sin_fines_de_lucro,intermediated,adjudicado_inicial,2026-06-17
Fondo de Protección Ambiental (FPA),Ministerio del Medio Ambiente (MMA),2025,XXVIII,PSEE,FPA 2025 - Proyectos Sustentables en Establecimientos Educacionales,linea,107834,Viviendo la Biodiversidad en El Llano,Centro General de padres y apoderados Liceo El Llano de Maipú,centro_de_padres,Valoración y conservación de la biodiversidad,afolu,False,sector_specific,Maipú,13119,Región Metropolitana de Santiago,6000000,2.85,organizacion_sin_fines_de_lucro,intermediated,adjudicado_inicial,2026-06-17
Fondo de Protección Ambiental (FPA),Ministerio del Medio Ambiente (MMA),2025,XXVIII,PSEE,FPA 2025 - Proyectos Sustentables en Establecimientos Educacionales,linea,107740,Aprendo con mi Punto Verde León,Centro de Padres y Apoderados el Colegio León Humberto Valenzuela E-265,centro_de_padres,Economía circular y gestión de residuos,waste,False,sector_specific,Maipú,13119,Región Metropolitana de Santiago,6000000,2.78,organizacion_sin_fines_de_lucro,intermediated,adjudicado_inicial,2026-06-17
Fondo de Protección Ambiental (FPA),Ministerio del Medio Ambiente (MMA),2025,XXVIII,PSEE,FPA 2025 - Proyectos Sustentables en Establecimientos Educacionales,linea,108357,100 Bosques 100 Colegios,Centro De Padres Y Apoderados Escuela El Remanso,centro_de_padres,Valoración y conservación de la biodiversidad,afolu,False,sector_specific,El Monte,13602,Región Metropolitana de Santiago,6000000,2.73,organizacion_sin_fines_de_lucro,intermediated,adjudicado_inicial,2026-06-17
Fondo de Protección Ambiental (FPA),Ministerio del Medio Ambiente (MMA),2025,XXVIII,PSEE,FPA 2025 - Proyectos Sustentables en Establecimientos Educacionales,linea,107799,"Prevención, valorización y manejo de residuos en forma colaborativa en la escuela Paula Jaraquemada","Organización de Padres, Apoderados y Amigos Escuela Paula Jaraquemada",centro_de_padres,Economía circular y gestión de residuos,waste,False,sector_specific,San Vicente Tagua Tagua,6117,Región del Libertador Gral. Bernardo O'Higgins,6000000,2.95,organizacion_sin_fines_de_lucro,intermediated,adjudicado_inicial,2026-06-17
Fondo de Protección Ambiental (FPA),Ministerio del Medio Ambiente (MMA),2025,XXVIII,PSEE,FPA 2025 - Proyectos Sustentables en Establecimientos Educacionales,linea,107891,La Biohuerta Escolar de la Escuela Santa Rosa de La Aguada,Centro De Padres Y Apoderados Escuela Santa Rosa de la Aguada,centro_de_padres,Cambio climático y descontaminación ambiental,cross,False,broad,La Estrella,6202,Región del Libertador Gral. Bernardo O'Higgins,6000000,2.89,organizacion_sin_fines_de_lucro,intermediated,adjudicado_inicial,2026-06-17
Fondo de Protección Ambiental (FPA),Ministerio del Medio Ambiente (MMA),2025,XXVIII,PSEE,FPA 2025 - Proyectos Sustentables en Establecimientos Educacionales,linea,108459,Educación ambiental a través del huerto escolar,Centro de Padres y Apoderados Escuela Teresa Naretto de Nicoletti,centro_de_padres,Cambio climático y descontaminación ambiental,cross,False,broad,Rengo,6115,Región del Libertador Gral. Bernardo O'Higgins,6000000,2.8,organizacion_sin_fines_de_lucro,intermediated,adjudicado_inicial,2026-06-17
Fondo de Protección Ambiental (FPA),Ministerio del Medio Ambiente (MMA),2025,XXVIII,PSEE,FPA 2025 - Proyectos Sustentables en Establecimientos Educacionales,linea,106207,"Invernadero, Sala medioambiental",Centro De Padres Y Apoderados Escuela De Boyeruca Ema Cornejo De Cardoen,centro_de_padres,Valoración y conservación de la biodiversidad,afolu,False,sector_specific,Vichuquén,7309,Región del Maule,6000000,2.68,organizacion_sin_fines_de_lucro,intermediated,adjudicado_inicial,2026-06-17
Fondo de Protección Ambiental (FPA),Ministerio del Medio Ambiente (MMA),2025,XXVIII,PSEE,FPA 2025 - Proyectos Sustentables en Establecimientos Educacionales,linea,107866,Promover el hábito del reciclaje y el manejo adecuado de los residuos en la Escuela Los Copihues,"Centro General de Padres y Apoderados Escuela Los Copihues, Los Junquillos",centro_de_padres,Economía circular y gestión de residuos,waste,False,sector_specific,Licantén,7303,Región del Maule,6000000,2.55,organizacion_sin_fines_de_lucro,intermediated,adjudicado_inicial,2026-06-17
Fondo de Protección Ambiental (FPA),Ministerio del Medio Ambiente (MMA),2025,XXVIII,PSEE,FPA 2025 - Proyectos Sustentables en Establecimientos Educacionales,linea,107958,Implementación de Ecoaula y mejoramiento de senderos informativos para uso universal en el Bosque de la escuela G-163 El Sauce,Centro de Padres y Apoderados de la Escuela G-163 El Sauce,centro_de_padres,Valoración y conservación de la biodiversidad,afolu,False,sector_specific,San Carlos,16301,Región de Ñuble,6000000,2.6,organizacion_sin_fines_de_lucro,intermediated,adjudicado_inicial,2026-06-17
Fondo de Protección Ambiental (FPA),Ministerio del Medio Ambiente (MMA),2025,XXVIII,PSEE,FPA 2025 - Proyectos Sustentables en Establecimientos Educacionales,linea,107432,EcoInnovAcción: Soluciones tecnológicas al cambio climático,Centro General de Padres y Apoderados Liceo Manuel Bulnes,centro_de_padres,Cambio climático y descontaminación ambiental,cross,False,broad,Bulnes,16102,Región de Ñuble,6000000,2.55,organizacion_sin_fines_de_lucro,intermediated,adjudicado_inicial,2026-06-17
Fondo de Protección Ambiental (FPA),Ministerio del Medio Ambiente (MMA),2025,XXVIII,PSEE,FPA 2025 - Proyectos Sustentables en Establecimientos Educacionales,linea,107670,"Ropa, con más vida que un gato",Centro de Padres y Apoderados Escuela E-139,centro_de_padres,Economía circular y gestión de residuos,waste,False,sector_specific,San Carlos,16301,Región de Ñuble,6000000,2.48,organizacion_sin_fines_de_lucro,intermediated,adjudicado_inicial,2026-06-17
Fondo de Protección Ambiental (FPA),Ministerio del Medio Ambiente (MMA),2025,XXVIII,PSEE,FPA 2025 - Proyectos Sustentables en Establecimientos Educacionales,linea,108652,"Estero humedal en zona de sacrificio, una reserva de vida en peligro de desaparecer",Centro General de Padres y Apoderados Liceo Técnico Profesional de la Madera,centro_de_padres,Valoración y conservación de la biodiversidad,afolu,False,sector_specific,Coronel,8102,Región del Biobío,6000000,2.83,organizacion_sin_fines_de_lucro,intermediated,adjudicado_inicial,2026-06-17
Fondo de Protección Ambiental (FPA),Ministerio del Medio Ambiente (MMA),2025,XXVIII,PSEE,FPA 2025 - Proyectos Sustentables en Establecimientos Educacionales,linea,107991,Nada se pierde todo se composta: economía circular del residuo orgánico,Centro General de Padres y Apoderados Sala Cuna El Guindo,centro_de_padres,Economía circular y gestión de residuos,waste,False,sector_specific,Talcahuano,8110,Región del Biobío,6000000,2.8,organizacion_sin_fines_de_lucro,intermediated,adjudicado_inicial,2026-06-17
Fondo de Protección Ambiental (FPA),Ministerio del Medio Ambiente (MMA),2025,XXVIII,PSEE,FPA 2025 - Proyectos Sustentables en Establecimientos Educacionales,linea,108427,Solariza Tu Escuela con Energía Limpia y Aprendizaje Verde,Centro de Padres y Apoderados Liceo Barros Arana,centro_de_padres,Eficiencia energética,stationary_energy,False,sector_specific,Teodoro Schmidt,9117,Región de La Araucanía,6000000,2.97,organizacion_sin_fines_de_lucro,intermediated,adjudicado_inicial,2026-06-17
Fondo de Protección Ambiental (FPA),Ministerio del Medio Ambiente (MMA),2025,XXVIII,PSEE,FPA 2025 - Proyectos Sustentables en Establecimientos Educacionales,linea,106268,Ayun Renovando Energías,Centro de Padres y Apoderados Ayun,centro_de_padres,Eficiencia energética,stationary_energy,False,sector_specific,Traiguén,9210,Región de La Araucanía,6000000,2.96,organizacion_sin_fines_de_lucro,intermediated,adjudicado_inicial,2026-06-17
Fondo de Protección Ambiental (FPA),Ministerio del Medio Ambiente (MMA),2025,XXVIII,PSEE,FPA 2025 - Proyectos Sustentables en Establecimientos Educacionales,linea,107522,La energía solar llega a la Escuela Rural G-24 Curiñanco,Centro General De Padres Y Apoderados Escuela G-24 Curiñanco,centro_de_padres,Eficiencia energética,stationary_energy,False,sector_specific,Valdivia,14101,Región de Los Ríos,6000000,2.95,organizacion_sin_fines_de_lucro,intermediated,adjudicado_inicial,2026-06-17
Fondo de Protección Ambiental (FPA),Ministerio del Medio Ambiente (MMA),2025,XXVIII,PSEE,FPA 2025 - Proyectos Sustentables en Establecimientos Educacionales,linea,108533,Hidro Verde: Cultivando Futuro con Hidroponía Sostenible,Centro General de Padres y Apoderados Liceo Politécnico Werner Grob Stolzenbach,centro_de_padres,Ecotecnias hídricas,water,False,sector_specific,La Unión,14201,Región de Los Ríos,6000000,2.82,organizacion_sin_fines_de_lucro,intermediated,adjudicado_inicial,2026-06-17
Fondo de Protección Ambiental (FPA),Ministerio del Medio Ambiente (MMA),2025,XXVIII,PSEE,FPA 2025 - Proyectos Sustentables en Establecimientos Educacionales,linea,107949,Guardianes de la Biodiversidad: Recuperación de Espacios Naturales,Centro de Padres y Apoderados del Colegio Inmaculada Concepción de Puerto Varas,centro_de_padres,Valoración y conservación de la biodiversidad,afolu,False,sector_specific,Puerto Varas,10109,Región de Los Lagos,6000000,2.77,organizacion_sin_fines_de_lucro,intermediated,adjudicado_inicial,2026-06-17
Fondo de Protección Ambiental (FPA),Ministerio del Medio Ambiente (MMA),2025,XXVIII,PSEE,FPA 2025 - Proyectos Sustentables en Establecimientos Educacionales,linea,108064,Sembrando Conciencia: Valorización de Residuos y de Nuestro Entorno,Centro De Padres Y Apoderados Escuela Desagüe Rupanco,centro_de_padres,Economía circular y gestión de residuos,waste,False,sector_specific,Puyehue,10304,Región de Los Lagos,6000000,2.73,organizacion_sin_fines_de_lucro,intermediated,adjudicado_inicial,2026-06-17
Fondo de Protección Ambiental (FPA),Ministerio del Medio Ambiente (MMA),2025,XXVIII,PSEE,FPA 2025 - Proyectos Sustentables en Establecimientos Educacionales,linea,108375,"Humedal San Rafael como espacio educativo: Un lugar para admirar, aprender y cuidar",Centro General De Padres Y Apoderados Liceo Francisco Hernández Ortiz-Pizarro,centro_de_padres,Valoración y conservación de la biodiversidad,afolu,False,sector_specific,Calbuco,10102,Región de Los Lagos,6000000,2.67,organizacion_sin_fines_de_lucro,intermediated,adjudicado_inicial,2026-06-17
Fondo de Protección Ambiental (FPA),Ministerio del Medio Ambiente (MMA),2025,XXVIII,PSEE,FPA 2025 - Proyectos Sustentables en Establecimientos Educacionales,linea,107520,Educación ambiental y valorización de los espacios verdes,Centro General de Padres Y Apoderados Escuela Eusebio Ibar Schepeller La Junta,centro_de_padres,Cambio climático y descontaminación ambiental,cross,False,broad,Cisnes,11202,Región de Aysén del Gral. Carlos Ibáñez del Campo,6000000,2.96,organizacion_sin_fines_de_lucro,intermediated,adjudicado_inicial,2026-06-17
Fondo de Protección Ambiental (FPA),Ministerio del Medio Ambiente (MMA),2025,XXVIII,PSEE,FPA 2025 - Proyectos Sustentables en Establecimientos Educacionales,linea,107558,Pequeños Forjadores Ambientales en Acción,Centro De Padres Y Apoderados Escuela De Lenguaje Kalem Puerto Aysén,centro_de_padres,Economía circular y gestión de residuos,waste,False,sector_specific,Aysén,11201,Región de Aysén del Gral. Carlos Ibáñez del Campo,6000000,2.95,organizacion_sin_fines_de_lucro,intermediated,adjudicado_inicial,2026-06-17
Fondo de Protección Ambiental (FPA),Ministerio del Medio Ambiente (MMA),2025,XXVIII,PSEE,FPA 2025 - Proyectos Sustentables en Establecimientos Educacionales,linea,107203,Ecomoda en mi escuela: reutilizando mis residuos textiles,Centro De Padres Escuela Carlos Condell,centro_de_padres,Economía circular y gestión de residuos,waste,False,sector_specific,Aysén,11201,Región de Aysén del Gral. Carlos Ibáñez del Campo,6000000,2.89,organizacion_sin_fines_de_lucro,intermediated,adjudicado_inicial,2026-06-17
Fondo de Protección Ambiental (FPA),Ministerio del Medio Ambiente (MMA),2025,XXVIII,PSEE,FPA 2025 - Proyectos Sustentables en Establecimientos Educacionales,linea,108131,Estepa Viva,Centro de Padres y Madres del Jardín Infantil Aukantun,centro_de_padres,Valoración y conservación de la biodiversidad,afolu,False,sector_specific,Chile Chico,11401,Región de Aysén del Gral. Carlos Ibáñez del Campo,6000000,2.89,organizacion_sin_fines_de_lucro,intermediated,adjudicado_inicial,2026-06-17
Fondo de Protección Ambiental (FPA),Ministerio del Medio Ambiente (MMA),2025,XXVIII,PSEE,FPA 2025 - Proyectos Sustentables en Establecimientos Educacionales,linea,108011,Economía circular: un desafío educativo,Centro General De Padres Y Apoderados Liceo San Felipe Benicio,centro_de_padres,Economía circular y gestión de residuos,waste,False,sector_specific,Coyhaique,11101,Región de Aysén del Gral. Carlos Ibáñez del Campo,6000000,2.86,organizacion_sin_fines_de_lucro,intermediated,adjudicado_inicial,2026-06-17
Fondo de Protección Ambiental (FPA),Ministerio del Medio Ambiente (MMA),2025,XXVIII,PPII,FPA 2025 - Proyectos Sustentables para Pueblos Indígenas,linea,107496,Energía solar para un Humagata sustentable,Comunidad Indígena San Santiago de Humagata,comunidad_o_asoc_indigena,Eficiencia energética,stationary_energy,False,sector_specific,Arica,15101,Región de Arica y Parinacota,6000000,2.75,organizacion_sin_fines_de_lucro,intermediated,adjudicado_inicial,2026-06-17
Fondo de Protección Ambiental (FPA),Ministerio del Medio Ambiente (MMA),2025,XXVIII,PPII,FPA 2025 - Proyectos Sustentables para Pueblos Indígenas,linea,108184,Nuestras Raíces Akapacha,Asociación de Mujeres Indígenas Qamasana Warminakampi,comunidad_o_asoc_indigena,Economía circular y gestión de residuos,waste,False,sector_specific,Arica,15101,Región de Arica y Parinacota,6000000,2.63,organizacion_sin_fines_de_lucro,intermediated,adjudicado_inicial,2026-06-17
Fondo de Protección Ambiental (FPA),Ministerio del Medio Ambiente (MMA),2025,XXVIII,PPII,FPA 2025 - Proyectos Sustentables para Pueblos Indígenas,linea,108151,"Asociación Indígena Mapuche Pikun Arica, educar y reforestar con especies nativas",Asociación Indígena Mapuche Pikun Arica,comunidad_o_asoc_indigena,Valoración y conservación de la biodiversidad,afolu,False,sector_specific,Arica,15101,Región de Arica y Parinacota,6000000,2.31,organizacion_sin_fines_de_lucro,intermediated,adjudicado_inicial,2026-06-17
Fondo de Protección Ambiental (FPA),Ministerio del Medio Ambiente (MMA),2025,XXVIII,PPII,FPA 2025 - Proyectos Sustentables para Pueblos Indígenas,linea,108571,Hierbas altiplánicas: reconociendo y recordando la enseñanzas de los y las abuelas,Asociación Indígena Aymara de Mujeres Artesanas de la Comuna de Colchane Aymar Warmi,comunidad_o_asoc_indigena,Valoración y conservación de la biodiversidad,afolu,False,sector_specific,Colchane,1403,Región de Tarapacá,6000000,2.52,organizacion_sin_fines_de_lucro,intermediated,adjudicado_inicial,2026-06-17
Fondo de Protección Ambiental (FPA),Ministerio del Medio Ambiente (MMA),2025,XXVIII,PPII,FPA 2025 - Proyectos Sustentables para Pueblos Indígenas,linea,108738,Uso de energía renovable en el pueblo de Ancovinto mediante la implementación de luminarias solares,Asociación Indígena Layrjaphura,comunidad_o_asoc_indigena,Cambio climático y descontaminación ambiental,cross,False,broad,Colchane,1403,Región de Tarapacá,6000000,2.51,organizacion_sin_fines_de_lucro,intermediated,adjudicado_inicial,2026-06-17
Fondo de Protección Ambiental (FPA),Ministerio del Medio Ambiente (MMA),2025,XXVIII,PPII,FPA 2025 - Proyectos Sustentables para Pueblos Indígenas,linea,108052,Conocimiento ancestral y su rol en la conservación del patrimonio natural del borde costero de Tarapacá,Asociación Indígena Yayael,comunidad_o_asoc_indigena,Valoración y conservación de la biodiversidad,afolu,False,sector_specific,Iquique,1101,Región de Tarapacá,6000000,2.35,organizacion_sin_fines_de_lucro,intermediated,adjudicado_inicial,2026-06-17
Fondo de Protección Ambiental (FPA),Ministerio del Medio Ambiente (MMA),2025,XXVIII,PPII,FPA 2025 - Proyectos Sustentables para Pueblos Indígenas,linea,107485,Ckepnitur Haymaitier (continuidad),Comunidad Atacameña de Toconao,comunidad_o_asoc_indigena,Valoración y conservación de la biodiversidad,afolu,False,sector_specific,San Pedro de Atacama,2203,Región de Antofagasta,6000000,2.67,organizacion_sin_fines_de_lucro,intermediated,adjudicado_inicial,2026-06-17
Fondo de Protección Ambiental (FPA),Ministerio del Medio Ambiente (MMA),2025,XXVIII,PPII,FPA 2025 - Proyectos Sustentables para Pueblos Indígenas,linea,108257,Eliminación de Micro basurales Rio Vilama para el Mejoramiento Hídrico de Riego,Asociación Indígena Atacameña Regantes y Agricultores del Rio Vilama,comunidad_o_asoc_indigena,Economía circular y gestión de residuos,waste,False,sector_specific,San Pedro de Atacama,2203,Región de Antofagasta,6000000,2.43,organizacion_sin_fines_de_lucro,intermediated,adjudicado_inicial,2026-06-17
Fondo de Protección Ambiental (FPA),Ministerio del Medio Ambiente (MMA),2025,XXVIII,PPII,FPA 2025 - Proyectos Sustentables para Pueblos Indígenas,linea,107803,Restauración ecológica y comunitaria de árboles ancestrales del Valle de Copayapu,Comunidad Indígena Diaguita Romualda Ardiles,comunidad_o_asoc_indigena,Valoración y conservación de la biodiversidad,afolu,False,sector_specific,Copiapó,3101,Región de Atacama,6000000,2.67,organizacion_sin_fines_de_lucro,intermediated,adjudicado_inicial,2026-06-17
Fondo de Protección Ambiental (FPA),Ministerio del Medio Ambiente (MMA),2025,XXVIII,PPII,FPA 2025 - Proyectos Sustentables para Pueblos Indígenas,linea,107296,Ruka We Antü,Comunidad Indígena Segundo Cayuman Melita,comunidad_o_asoc_indigena,Eficiencia energética,stationary_energy,False,sector_specific,Cañete,8203,Región del Biobío,6000000,2.4,organizacion_sin_fines_de_lucro,intermediated,adjudicado_inicial,2026-06-17
Fondo de Protección Ambiental (FPA),Ministerio del Medio Ambiente (MMA),2025,XXVIII,PPII,FPA 2025 - Proyectos Sustentables para Pueblos Indígenas,linea,107894,Ñimin Tuan Tachi Ko (Recoger y Almacenar agua),Comunidad Indígena Mozo Painen,comunidad_o_asoc_indigena,Ecotecnias hídricas,water,False,sector_specific,Teodoro Schmidt,9117,Región de La Araucanía,6000000,3.0,organizacion_sin_fines_de_lucro,intermediated,adjudicado_inicial,2026-06-17
Fondo de Protección Ambiental (FPA),Ministerio del Medio Ambiente (MMA),2025,XXVIII,PPII,FPA 2025 - Proyectos Sustentables para Pueblos Indígenas,linea,108417,Captación de aguas lluvias,Comunidad Indígena Juan Soldado,comunidad_o_asoc_indigena,Ecotecnias hídricas,water,False,sector_specific,Teodoro Schmidt,9117,Región de La Araucanía,6000000,3.0,organizacion_sin_fines_de_lucro,intermediated,adjudicado_inicial,2026-06-17
Fondo de Protección Ambiental (FPA),Ministerio del Medio Ambiente (MMA),2025,XXVIII,PPII,FPA 2025 - Proyectos Sustentables para Pueblos Indígenas,linea,108162,Ecotecnias Hidricas: Siembra Y Cosecha De Agua,Comunidad Indigena José Luis Huentemil,comunidad_o_asoc_indigena,Ecotecnias hídricas,water,False,sector_specific,Carahue,9102,Región de La Araucanía,6000000,2.97,organizacion_sin_fines_de_lucro,intermediated,adjudicado_inicial,2026-06-17
Fondo de Protección Ambiental (FPA),Ministerio del Medio Ambiente (MMA),2025,XXVIII,PPII,FPA 2025 - Proyectos Sustentables para Pueblos Indígenas,linea,107989,"Recolectores De Aguas Lluvia, Una Alternativa Ante El Cambio Climático",Asociación Indígena Küme Zügün,comunidad_o_asoc_indigena,Ecotecnias hídricas,water,False,sector_specific,Padre Las Casas,9112,Región de La Araucanía,6000000,2.94,organizacion_sin_fines_de_lucro,intermediated,adjudicado_inicial,2026-06-17
Fondo de Protección Ambiental (FPA),Ministerio del Medio Ambiente (MMA),2025,XXVIII,PPII,FPA 2025 - Proyectos Sustentables para Pueblos Indígenas,linea,107901,Recolectores De Aguas Lluvia Comunidad Francisco Marin Aucañir,Comunidad Indígena Francisco Marin Aucañir,comunidad_o_asoc_indigena,Ecotecnias hídricas,water,False,sector_specific,Padre Las Casas,9112,Región de La Araucanía,6000000,2.92,organizacion_sin_fines_de_lucro,intermediated,adjudicado_inicial,2026-06-17
Fondo de Protección Ambiental (FPA),Ministerio del Medio Ambiente (MMA),2025,XXVIII,PPII,FPA 2025 - Proyectos Sustentables para Pueblos Indígenas,linea,108593,Iluminación peatonal sustentable en la comunidad Indígena Antonio Pilquiman,"Comunidad Indígena Antonio Pilquiman, Maria Lienqueo Y Gregorio Ñanco",comunidad_o_asoc_indigena,Eficiencia energética,stationary_energy,False,sector_specific,Vilcún,9119,Región de La Araucanía,6000000,2.91,organizacion_sin_fines_de_lucro,intermediated,adjudicado_inicial,2026-06-17
Fondo de Protección Ambiental (FPA),Ministerio del Medio Ambiente (MMA),2025,XXVIII,PPII,FPA 2025 - Proyectos Sustentables para Pueblos Indígenas,linea,107492,Itrofil mogen; El legado verde del pueblo,Comunidad Indígena José Huenchual 2,comunidad_o_asoc_indigena,Valoración y conservación de la biodiversidad,afolu,False,sector_specific,Lautaro,9108,Región de La Araucanía,6000000,2.9,organizacion_sin_fines_de_lucro,intermediated,adjudicado_inicial,2026-06-17
Fondo de Protección Ambiental (FPA),Ministerio del Medio Ambiente (MMA),2025,XXVIII,PPII,FPA 2025 - Proyectos Sustentables para Pueblos Indígenas,linea,108338,Habilitación Sistemas Solar Térmico,Comunidad Indígena Francisco Llancaqueo,comunidad_o_asoc_indigena,Eficiencia energética,stationary_energy,False,sector_specific,Teodoro Schmidt,9117,Región de La Araucanía,6000000,2.9,organizacion_sin_fines_de_lucro,intermediated,adjudicado_inicial,2026-06-17
Fondo de Protección Ambiental (FPA),Ministerio del Medio Ambiente (MMA),2025,XXVIII,PPII,FPA 2025 - Proyectos Sustentables para Pueblos Indígenas,linea,108465,Nuestros residuos los aprendemos a compostar,Asociación Indígena Newen Mapu De Santa Paula,comunidad_o_asoc_indigena,Economía circular y gestión de residuos,waste,False,sector_specific,Freire,9105,Región de La Araucanía,6000000,2.9,organizacion_sin_fines_de_lucro,intermediated,adjudicado_inicial,2026-06-17
Fondo de Protección Ambiental (FPA),Ministerio del Medio Ambiente (MMA),2025,XXVIII,PPII,FPA 2025 - Proyectos Sustentables para Pueblos Indígenas,linea,108728,"Trawün Mawün, conociendo las aves del humedal Buchahueico",Comunidad Indígena Buchahueico,comunidad_o_asoc_indigena,Valoración y conservación de la biodiversidad,afolu,False,sector_specific,Purén,9208,Región de La Araucanía,6000000,2.9,organizacion_sin_fines_de_lucro,intermediated,adjudicado_inicial,2026-06-17
Fondo de Protección Ambiental (FPA),Ministerio del Medio Ambiente (MMA),2025,XXVIII,PPII,FPA 2025 - Proyectos Sustentables para Pueblos Indígenas,linea,107333,"Promover la educación Ambiental y Reciclaje, 2° Etapa",Comunidad Indigena Juan Huenchuman,comunidad_o_asoc_indigena,Ecotecnias hídricas,water,False,sector_specific,Teodoro Schmidt,9117,Región de La Araucanía,6000000,2.88,organizacion_sin_fines_de_lucro,intermediated,adjudicado_inicial,2026-06-17
Fondo de Protección Ambiental (FPA),Ministerio del Medio Ambiente (MMA),2025,XXVIII,PPII,FPA 2025 - Proyectos Sustentables para Pueblos Indígenas,linea,106807,Mapu Ñamku: Cuidado de la Tierra a través del Compostaje y Reciclaje,Comunidad Indígena Rufina Antillanca,comunidad_o_asoc_indigena,Economía circular y gestión de residuos,waste,False,sector_specific,Loncoche,9109,Región de La Araucanía,6000000,2.86,organizacion_sin_fines_de_lucro,intermediated,adjudicado_inicial,2026-06-17
Fondo de Protección Ambiental (FPA),Ministerio del Medio Ambiente (MMA),2025,XXVIII,PPII,FPA 2025 - Proyectos Sustentables para Pueblos Indígenas,linea,107590,Optimizar el recurso Hídrico con Plan Piloto de Cosecha de agua Lluvia,Comunidad Indígena Domingo Trina,comunidad_o_asoc_indigena,Ecotecnias hídricas,water,False,sector_specific,Teodoro Schmidt,9117,Región de La Araucanía,6000000,2.85,organizacion_sin_fines_de_lucro,intermediated,adjudicado_inicial,2026-06-17
Fondo de Protección Ambiental (FPA),Ministerio del Medio Ambiente (MMA),2025,XXVIII,PPII,FPA 2025 - Proyectos Sustentables para Pueblos Indígenas,linea,108644,Renovando Nuestra Energía En Comunidad Amuley Kvzw,Comunidad Indígena Amuley Kvzw,comunidad_o_asoc_indigena,Eficiencia energética,stationary_energy,False,sector_specific,Nueva Imperial,9111,Región de La Araucanía,6000000,2.85,organizacion_sin_fines_de_lucro,intermediated,adjudicado_inicial,2026-06-17
Fondo de Protección Ambiental (FPA),Ministerio del Medio Ambiente (MMA),2025,XXVIII,PPII,FPA 2025 - Proyectos Sustentables para Pueblos Indígenas,linea,107657,Kuñültuwn Lawen Folleco (conservando plantas medicinales en Folleco),Comunidad Indígena Folleco,comunidad_o_asoc_indigena,Valoración y conservación de la biodiversidad,afolu,False,sector_specific,La Unión,14201,Región de Los Ríos,6000000,2.71,organizacion_sin_fines_de_lucro,intermediated,adjudicado_inicial,2026-06-17
Fondo de Protección Ambiental (FPA),Ministerio del Medio Ambiente (MMA),2025,XXVIII,PPII,FPA 2025 - Proyectos Sustentables para Pueblos Indígenas,linea,107587,"Küme Mogen: Cultivando la Tierra, Preservando la Cultura",Comunidad Indígena Panguinilahue,comunidad_o_asoc_indigena,Valoración y conservación de la biodiversidad,afolu,False,sector_specific,Lanco,14103,Región de Los Ríos,6000000,2.66,organizacion_sin_fines_de_lucro,intermediated,adjudicado_inicial,2026-06-17
Fondo de Protección Ambiental (FPA),Ministerio del Medio Ambiente (MMA),2025,XXVIII,PPII,FPA 2025 - Proyectos Sustentables para Pueblos Indígenas,linea,108554,Invernadero Comunitario,Comunidad Indígena Weitüfe Pü Weichafe,comunidad_o_asoc_indigena,Valoración y conservación de la biodiversidad,afolu,False,sector_specific,Lanco,14103,Región de Los Ríos,6000000,2.64,organizacion_sin_fines_de_lucro,intermediated,adjudicado_inicial,2026-06-17
Fondo de Protección Ambiental (FPA),Ministerio del Medio Ambiente (MMA),2025,XXVIII,PPII,FPA 2025 - Proyectos Sustentables para Pueblos Indígenas,linea,107320,II Encuentro Resguardando Nuestros Humedales de Hualaihué: Sistema de Humedales Hornopirén,Comunidad Indígena Ayulemn Mapu,comunidad_o_asoc_indigena,Valoración y conservación de la biodiversidad,afolu,False,sector_specific,Hualaihué,10403,Región de Los Lagos,6000000,2.52,organizacion_sin_fines_de_lucro,intermediated,adjudicado_inicial,2026-06-17
Fondo de Protección Ambiental (FPA),Ministerio del Medio Ambiente (MMA),2025,XXVIII,PPII,FPA 2025 - Proyectos Sustentables para Pueblos Indígenas,linea,107944,Energías renovables para preservar el medio ambiente en el sector agrícola,Asociación Indigena Ketrawe Mapu,comunidad_o_asoc_indigena,Eficiencia energética,stationary_energy,False,sector_specific,Punta Arenas,12101,Región de Magallanes y de la Antártica Chilena,6000000,2.87,organizacion_sin_fines_de_lucro,intermediated,adjudicado_inicial,2026-06-17
Fondo de Protección Ambiental (FPA),Ministerio del Medio Ambiente (MMA),2025,XXVIII,PPII,FPA 2025 - Proyectos Sustentables para Pueblos Indígenas,linea,108080,Encontrarse Con Alguien Caminando (ksepkena),Comunidad Kawesqar Aswal Lajep,comunidad_o_asoc_indigena,Valoración y conservación de la biodiversidad,afolu,False,sector_specific,Natales,12401,Región de Magallanes y de la Antártica Chilena,6000000,2.62,organizacion_sin_fines_de_lucro,intermediated,adjudicado_inicial,2026-06-17
